scenario,strategy,seed,instance,t_c,t_f,t_u,fault_type,aisle,reduction,f1_base,f1_event,deg_pct,timeout,n_done,n_total,completion_pct,n_replans,response_ms,response_ms_total,replan_evals,warn_t,warn_agv,maint_enter,detected,min_h,n_agv
compound,EHCO,1,0,150.0,180.0,220.0,thermal,6,0.7,337.0,624.0,85.16320474777447,0,53,53,100.0,3,135.34849999996368,534.25789999892,28000,442.0,8,590.0,1,0.5843295953847825,10
compound,A*-GA,1,0,150.0,180.0,220.0,thermal,6,0.7,313.0,1023.0,226.8370607028754,0,53,53,100.0,0,,0.0,0,449.0,6,None,1,0.5586642521539796,10
compound,noFLC,1,0,150.0,180.0,220.0,thermal,6,0.7,337.0,573.0,70.02967359050444,0,53,53,100.0,2,119.45529999502469,228.54669999651378,8000,442.0,8,None,1,0.5843295953847825,10
compound,moead-cl,1,0,150.0,180.0,220.0,thermal,6,0.7,337.0,643.0,90.80118694362018,0,53,53,100.0,3,564.7269999972195,3832.4301000029664,28000,442.0,8,590.0,1,0.5843295953847825,10
compound,EHCO,2,0,150.0,180.0,220.0,thermal,6,0.7,307.0,699.0,127.6872964169381,0,53,53,100.0,2,134.61399999505375,262.7624999950058,8000,440.0,8,488.0,1,0.5812644666197723,10
compound,A*-GA,2,0,150.0,180.0,220.0,thermal,6,0.7,304.0,1390.0,357.2368421052631,0,53,53,100.0,0,,0.0,0,460.0,6,None,1,0.558262703806001,10
compound,noFLC,2,0,150.0,180.0,220.0,thermal,6,0.7,307.0,1362.0,343.6482084690554,0,53,53,100.0,3,124.52280000434257,647.5610000052257,28000,439.0,8,None,1,0.5583860921580436,10
compound,moead-cl,2,0,150.0,180.0,220.0,thermal,6,0.7,307.0,658.0,114.33224755700326,0,53,53,100.0,3,542.1556000001146,3818.4789000079036,28000,439.0,8,558.0,1,0.5914373895490285,10
compound,EHCO,3,0,150.0,180.0,220.0,thermal,6,0.7,303.0,814.0,168.64686468646866,0,53,53,100.0,3,127.78270000126213,555.0676000057138,28000,449.0,2,710.0,1,0.568851475912427,10
compound,A*-GA,3,0,150.0,180.0,220.0,thermal,6,0.7,304.0,1267.0,316.7763157894737,0,53,53,100.0,0,,0.0,0,438.0,3,None,1,0.5583838009510351,10
compound,noFLC,3,0,150.0,180.0,220.0,thermal,6,0.7,303.0,622.0,105.28052805280528,0,53,53,100.0,2,128.3047999968403,244.13559999811696,8000,438.0,7,None,1,0.5831315388581918,10
compound,moead-cl,3,0,150.0,180.0,220.0,thermal,6,0.7,303.0,1434.0,373.26732673267327,0,53,53,100.0,2,551.0186000028625,1106.0475000049337,8000,449.0,2,None,1,0.5582201630049904,10
compound,EHCO,4,0,150.0,180.0,220.0,thermal,6,0.7,299.0,588.0,96.65551839464884,0,53,53,100.0,3,139.96300000144402,691.5559000044595,28000,450.0,6,None,1,0.5768374513640441,10
compound,A*-GA,4,0,150.0,180.0,220.0,thermal,6,0.7,302.0,1121.0,271.1920529801325,0,53,53,100.0,0,,0.0,0,453.0,4,None,1,0.5583457197566359,10
compound,noFLC,4,0,150.0,180.0,220.0,thermal,6,0.7,299.0,685.0,129.09698996655518,0,53,53,100.0,3,126.11759999708738,523.5343999884208,28000,450.0,6,630.0,1,0.5768374513640441,10
compound,moead-cl,4,0,150.0,180.0,220.0,thermal,6,0.7,299.0,547.0,82.94314381270902,0,53,53,100.0,3,565.0804999968386,3844.367300000158,28000,450.0,6,None,1,0.577147981323695,10
compound,EHCO,5,0,150.0,180.0,220.0,thermal,6,0.7,321.0,933.0,190.65420560747663,0,53,53,100.0,3,139.484999999695,560.3160000027856,28000,446.0,9,None,1,0.5591258715228556,10
compound,A*-GA,5,0,150.0,180.0,220.0,thermal,6,0.7,318.0,1088.0,242.13836477987422,0,53,53,100.0,0,,0.0,0,446.0,2,None,1,0.5585564219961094,10
compound,noFLC,5,0,150.0,180.0,220.0,thermal,6,0.7,321.0,737.0,129.595015576324,0,53,53,100.0,3,126.04939999437192,703.3187999986694,28000,439.0,5,537.0,1,0.5940771393321767,10
compound,moead-cl,5,0,150.0,180.0,220.0,thermal,6,0.7,321.0,716.0,123.05295950155764,0,53,53,100.0,3,560.0028999979259,3874.393099991721,28000,446.0,9,None,1,0.5664800461446428,10
compound,EHCO,6,0,150.0,180.0,220.0,thermal,6,0.7,352.0,853.0,142.32954545454547,0,53,53,100.0,3,127.92450000415556,663.8942000063253,28000,425.0,5,563.0,1,0.5820569096463581,10
compound,A*-GA,6,0,150.0,180.0,220.0,thermal,6,0.7,312.0,874.0,180.12820512820514,0,53,53,100.0,0,,0.0,0,459.0,3,None,1,0.5595117353318121,10
compound,noFLC,6,0,150.0,180.0,220.0,thermal,6,0.7,352.0,785.0,123.01136363636364,0,53,53,100.0,3,123.77849999757018,678.9300000018557,28000,425.0,5,None,1,0.5611743605749266,10
compound,moead-cl,6,0,150.0,180.0,220.0,thermal,6,0.7,352.0,600.0,70.45454545454545,0,53,53,100.0,2,571.0445000004256,1105.1462999967043,8000,431.0,0,None,1,0.5686501522264334,10
compound,EHCO,7,0,150.0,180.0,220.0,thermal,6,0.7,305.0,649.0,112.78688524590163,0,53,53,100.0,3,126.85110000165878,721.4566999973613,28000,436.0,2,632.0,1,0.5876594753741406,10
compound,A*-GA,7,0,150.0,180.0,220.0,thermal,6,0.7,313.0,1286.0,310.8626198083067,0,53,53,100.0,0,,0.0,0,463.0,3,None,1,0.5582662103790106,10
compound,noFLC,7,0,150.0,180.0,220.0,thermal,6,0.7,305.0,652.0,113.7704918032787,0,53,53,100.0,3,121.0718000002089,642.9654999956256,28000,439.0,7,None,1,0.5704562259962394,10
compound,moead-cl,7,0,150.0,180.0,220.0,thermal,6,0.7,305.0,928.0,204.2622950819672,0,53,53,100.0,2,537.0889999976498,1096.5417999977944,8000,452.0,4,None,1,0.5589223482234654,10
compound,EHCO,8,0,150.0,180.0,220.0,thermal,6,0.7,347.0,651.0,87.60806916426513,0,53,53,100.0,3,138.0293999973219,700.0872999851708,28000,447.0,9,605.0,1,0.5982466277001394,10
compound,A*-GA,8,0,150.0,180.0,220.0,thermal,6,0.7,312.0,1345.0,331.0897435897436,0,53,53,100.0,0,,0.0,0,443.0,3,None,1,0.5581922095544382,10
compound,noFLC,8,0,150.0,180.0,220.0,thermal,6,0.7,347.0,946.0,172.62247838616716,0,53,53,100.0,3,126.54509999993024,719.367500001681,28000,447.0,9,None,1,0.5590978623399113,10
compound,moead-cl,8,0,150.0,180.0,220.0,thermal,6,0.7,347.0,827.0,138.328530259366,0,53,53,100.0,3,545.0443000008818,3861.4670999959344,28000,441.0,2,587.0,1,0.573930154755276,10
compound,EHCO,9,0,150.0,180.0,220.0,thermal,6,0.7,317.0,735.0,131.86119873817034,0,53,53,100.0,3,123.60749999788823,517.351399998006,28000,447.0,8,None,1,0.5621195829389849,10
compound,A*-GA,9,0,150.0,180.0,220.0,thermal,6,0.7,303.0,830.0,173.92739273927393,0,53,53,100.0,0,,0.0,0,459.0,0,None,1,0.5601484285739073,10
compound,noFLC,9,0,150.0,180.0,220.0,thermal,6,0.7,317.0,732.0,130.9148264984227,0,53,53,100.0,3,115.7288000031258,636.6039000058663,28000,447.0,8,None,1,0.5622186042186309,10
compound,moead-cl,9,0,150.0,180.0,220.0,thermal,6,0.7,317.0,616.0,94.3217665615142,0,53,53,100.0,3,546.1711999960244,3801.614800002426,28000,451.0,8,None,1,0.5709010052743024,10
compound,EHCO,10,0,150.0,180.0,220.0,thermal,6,0.7,292.0,854.0,192.46575342465752,0,53,53,100.0,2,111.21680000360357,232.06080000090878,8000,444.0,9,None,1,0.5598691984803974,10
compound,A*-GA,10,0,150.0,180.0,220.0,thermal,6,0.7,278.0,858.0,208.63309352517985,0,53,53,100.0,0,,0.0,0,454.0,7,None,1,0.5597815060204968,10
compound,noFLC,10,0,150.0,180.0,220.0,thermal,6,0.7,292.0,854.0,192.46575342465752,0,53,53,100.0,3,114.22970000421628,501.8594000066514,28000,444.0,9,None,1,0.5598691984803974,10
compound,moead-cl,10,0,150.0,180.0,220.0,thermal,6,0.7,292.0,854.0,192.46575342465752,0,53,53,100.0,2,570.2246000000741,1117.265299995779,8000,444.0,9,None,1,0.5598691984803974,10
compound,EHCO,11,0,150.0,180.0,220.0,thermal,6,0.7,454.0,1270.0,179.73568281938327,0,53,53,100.0,3,128.01730000501266,659.3143000063719,28000,447.0,7,None,1,0.5583355977357515,10
compound,A*-GA,11,0,150.0,180.0,220.0,thermal,6,0.7,310.0,1378.0,344.51612903225805,0,53,53,100.0,0,,0.0,0,431.0,9,None,1,0.5583074330151767,10
compound,noFLC,11,0,150.0,180.0,220.0,thermal,6,0.7,454.0,1230.0,170.92511013215858,0,53,53,100.0,3,125.37679999513784,548.8233999931253,28000,447.0,7,None,1,0.5583877836538202,10
compound,moead-cl,11,0,150.0,180.0,220.0,thermal,6,0.7,454.0,686.0,51.10132158590308,0,53,53,100.0,3,541.6688999976031,3848.977299996477,28000,464.0,5,669.0,1,0.5676859210235012,10
compound,EHCO,12,0,150.0,180.0,220.0,thermal,6,0.7,306.0,720.0,135.29411764705884,0,53,53,100.0,3,135.86570000188658,689.3496999982744,28000,451.0,5,None,1,0.562729666002944,10
compound,A*-GA,12,0,150.0,180.0,220.0,thermal,6,0.7,310.0,1181.0,280.96774193548384,0,53,53,100.0,0,,0.0,0,409.0,0,None,1,0.5582437383874017,10
compound,noFLC,12,0,150.0,180.0,220.0,thermal,6,0.7,306.0,1105.0,261.11111111111114,0,53,53,100.0,3,138.58470000559464,672.7735000022221,28000,447.0,5,None,1,0.5581729485313118,10
compound,moead-cl,12,0,150.0,180.0,220.0,thermal,6,0.7,306.0,675.0,120.58823529411764,0,53,53,100.0,3,560.1446000000578,3894.3902000028174,28000,429.0,2,None,1,0.5657185977052845,10
compound,EHCO,13,0,150.0,180.0,220.0,thermal,6,0.7,361.0,1218.0,237.39612188365652,0,53,53,100.0,3,122.81899999652524,520.0405999930808,28000,461.0,2,None,1,0.5584338270329663,10
compound,A*-GA,13,0,150.0,180.0,220.0,thermal,6,0.7,294.0,1295.0,340.4761904761905,0,53,53,100.0,0,,0.0,0,435.0,1,None,1,0.5583267143561573,10
compound,noFLC,13,0,150.0,180.0,220.0,thermal,6,0.7,361.0,680.0,88.36565096952909,0,53,53,100.0,3,124.19400000362657,543.4154000104172,28000,435.0,9,None,1,0.5655338496439595,10
compound,moead-cl,13,0,150.0,180.0,220.0,thermal,6,0.7,361.0,648.0,79.50138504155125,0,53,53,100.0,3,545.803100001649,3825.404900002468,28000,435.0,9,None,1,0.5655622938851964,10
compound,EHCO,14,0,150.0,180.0,220.0,thermal,6,0.7,278.0,629.0,126.25899280575538,0,53,53,100.0,3,124.19609999778913,672.7028999957838,28000,435.0,7,None,1,0.5821373213263277,10
compound,A*-GA,14,0,150.0,180.0,220.0,thermal,6,0.7,296.0,828.0,179.72972972972974,0,53,53,100.0,0,,0.0,0,448.0,0,None,1,0.5600256680169529,10
compound,noFLC,14,0,150.0,180.0,220.0,thermal,6,0.7,278.0,597.0,114.74820143884892,0,53,53,100.0,2,127.0040000017616,235.64570000598906,8000,452.0,4,None,1,0.5708748370317505,10
compound,moead-cl,14,0,150.0,180.0,220.0,thermal,6,0.7,278.0,564.0,102.87769784172663,0,53,53,100.0,3,543.4746999962954,3835.3916999913054,28000,451.0,3,None,1,0.5747534040231461,10
compound,EHCO,15,0,150.0,180.0,220.0,thermal,6,0.7,349.0,1276.0,265.6160458452722,0,53,53,100.0,2,123.12019999808399,236.84169999614824,8000,435.0,6,None,1,0.5584117828433757,10
compound,A*-GA,15,0,150.0,180.0,220.0,thermal,6,0.7,301.0,1109.0,268.43853820598,0,53,53,100.0,0,,0.0,0,458.0,8,None,1,0.5585429233995303,10
compound,noFLC,15,0,150.0,180.0,220.0,thermal,6,0.7,349.0,732.0,109.74212034383955,0,53,53,100.0,2,120.29340000299271,236.20569999911822,8000,453.0,4,572.0,1,0.5980745603212074,10
compound,moead-cl,15,0,150.0,180.0,220.0,thermal,6,0.7,349.0,912.0,161.31805157593124,0,53,53,100.0,2,559.660899998562,1110.7343999974546,8000,435.0,6,None,1,0.559171872630761,10
compound,EHCO,16,0,150.0,180.0,220.0,thermal,6,0.7,291.0,750.0,157.7319587628866,0,53,53,100.0,3,135.22840000223368,727.2688999946695,28000,440.0,2,685.0,1,0.5868548065300513,10
compound,A*-GA,16,0,150.0,180.0,220.0,thermal,6,0.7,297.0,1742.0,486.5319865319865,0,53,53,100.0,0,,0.0,0,443.0,5,None,1,0.5582393611373418,10
compound,noFLC,16,0,150.0,180.0,220.0,thermal,6,0.7,291.0,633.0,117.5257731958763,0,53,53,100.0,3,143.6896999948658,545.5071999895154,28000,440.0,2,None,1,0.5868548065300513,10
compound,moead-cl,16,0,150.0,180.0,220.0,thermal,6,0.7,291.0,708.0,143.29896907216494,0,53,53,100.0,3,548.2917000044836,3896.6399999990244,28000,440.0,2,685.0,1,0.5868548065300513,10
compound,EHCO,17,0,150.0,180.0,220.0,thermal,6,0.7,380.0,878.0,131.05263157894737,0,53,53,100.0,3,129.45719999697758,525.2943000014056,28000,437.0,9,None,1,0.559451930597064,10
compound,A*-GA,17,0,150.0,180.0,220.0,thermal,6,0.7,294.0,1092.0,271.42857142857144,0,53,53,100.0,0,,0.0,0,451.0,8,None,1,0.5585000635907816,10
compound,noFLC,17,0,150.0,180.0,220.0,thermal,6,0.7,380.0,1100.0,189.4736842105263,0,53,53,100.0,2,132.98270000086632,257.3253000009572,8000,448.0,5,None,1,0.5585164109892085,10
compound,moead-cl,17,0,150.0,180.0,220.0,thermal,6,0.7,380.0,690.0,81.57894736842105,0,53,53,100.0,3,556.5147999950568,3842.6213999991887,28000,489.0,8,None,1,0.5693862007349278,10
compound,EHCO,18,0,150.0,180.0,220.0,thermal,6,0.7,309.0,621.0,100.97087378640776,0,53,53,100.0,3,122.05309999990277,657.6388999965275,28000,445.0,9,None,1,0.5681647847008792,10
compound,A*-GA,18,0,150.0,180.0,220.0,thermal,6,0.7,314.0,1045.0,232.8025477707006,0,53,53,100.0,0,,0.0,0,457.0,5,None,1,0.5586301563512905,10
compound,noFLC,18,0,150.0,180.0,220.0,thermal,6,0.7,309.0,699.0,126.21359223300972,0,53,53,100.0,3,132.822200001101,705.8606000064174,28000,445.0,9,None,1,0.5680961013215059,10
compound,moead-cl,18,0,150.0,180.0,220.0,thermal,6,0.7,309.0,621.0,100.97087378640776,0,53,53,100.0,2,542.7057000051718,1084.2330000014044,8000,445.0,9,None,1,0.5681647847008792,10
compound,EHCO,19,0,150.0,180.0,220.0,thermal,6,0.7,345.0,580.0,68.11594202898551,0,53,53,100.0,2,120.73159999999916,238.77359999460168,8000,438.0,7,None,1,0.5981855755792618,10
compound,A*-GA,19,0,150.0,180.0,220.0,thermal,6,0.7,298.0,840.0,181.87919463087246,0,53,53,100.0,0,,0.0,0,445.0,9,None,1,0.5597807402771707,10
compound,noFLC,19,0,150.0,180.0,220.0,thermal,6,0.7,345.0,625.0,81.15942028985508,0,53,53,100.0,2,130.4087000025902,257.1700000044075,8000,438.0,7,None,1,0.5981855755792618,10
compound,moead-cl,19,0,150.0,180.0,220.0,thermal,6,0.7,345.0,525.0,52.17391304347826,0,53,53,100.0,2,545.4849999950966,1091.0647999917273,8000,438.0,7,None,1,0.5981855755792618,10
compound,EHCO,20,0,150.0,180.0,220.0,thermal,6,0.7,293.0,941.0,221.160409556314,0,53,53,100.0,2,136.1761000007391,259.0695999970194,8000,438.0,5,None,1,0.5590444244821637,10
compound,A*-GA,20,0,150.0,180.0,220.0,thermal,6,0.7,299.0,1012.0,238.46153846153845,0,53,53,100.0,0,,0.0,0,449.0,8,None,1,0.5586424371479306,10
compound,noFLC,20,0,150.0,180.0,220.0,thermal,6,0.7,293.0,648.0,121.160409556314,0,53,53,100.0,3,130.8221999934176,536.3555999938399,28000,457.0,6,574.0,1,0.5980902483045729,10
compound,moead-cl,20,0,150.0,180.0,220.0,thermal,6,0.7,293.0,1025.0,249.82935153583617,0,53,53,100.0,3,541.2986000010278,3811.3134000013815,28000,444.0,3,None,1,0.5586587310703323,10
compound,EHCO,21,0,150.0,180.0,220.0,thermal,6,0.7,284.0,626.0,120.4225352112676,0,53,53,100.0,3,129.39710000500781,682.8967000037665,28000,448.0,4,597.0,1,0.5847694358755962,10
compound,A*-GA,21,0,150.0,180.0,220.0,thermal,6,0.7,304.0,1173.0,285.85526315789474,0,53,53,100.0,0,,0.0,0,429.0,0,None,1,0.558395044936409,10
compound,noFLC,21,0,150.0,180.0,220.0,thermal,6,0.7,284.0,781.0,175.0,0,53,53,100.0,3,135.60139999754028,553.2786999974633,28000,448.0,4,597.0,1,0.5847694358755962,10
compound,moead-cl,21,0,150.0,180.0,220.0,thermal,6,0.7,284.0,566.0,99.29577464788733,0,53,53,100.0,3,547.1676000015577,3841.366400003608,28000,448.0,4,None,1,0.5847694358755962,10
compound,EHCO,22,0,150.0,180.0,220.0,thermal,6,0.7,287.0,785.0,173.5191637630662,0,53,53,100.0,3,122.59739999717567,690.4600999987451,28000,439.0,3,630.0,1,0.5981620422944744,10
compound,A*-GA,22,0,150.0,180.0,220.0,thermal,6,0.7,307.0,1222.0,298.04560260586317,0,53,53,100.0,0,,0.0,0,438.0,3,None,1,0.55834402632192,10
compound,noFLC,22,0,150.0,180.0,220.0,thermal,6,0.7,287.0,743.0,158.88501742160278,0,53,53,100.0,3,120.24250000104075,688.2298000055016,28000,439.0,3,579.0,1,0.5982070139366006,10
compound,moead-cl,22,0,150.0,180.0,220.0,thermal,6,0.7,287.0,625.0,117.77003484320558,0,53,53,100.0,3,541.2930999955279,3877.7003999930457,28000,439.0,3,602.0,1,0.5921204195099223,10
compound,EHCO,23,0,150.0,180.0,220.0,thermal,6,0.7,362.0,1142.0,215.4696132596685,0,53,53,100.0,3,125.56649999896763,554.4816999972682,28000,428.0,0,None,1,0.5584400012070497,10
compound,A*-GA,23,0,150.0,180.0,220.0,thermal,6,0.7,319.0,1080.0,238.5579937304075,0,53,53,100.0,0,,0.0,0,457.0,9,None,1,0.5584906771696218,10
compound,noFLC,23,0,150.0,180.0,220.0,thermal,6,0.7,362.0,1376.0,280.11049723756906,0,53,53,100.0,3,136.7007000008016,701.2243999997736,28000,428.0,0,None,1,0.5582911920015037,10
compound,moead-cl,23,0,150.0,180.0,220.0,thermal,6,0.7,362.0,889.0,145.58011049723757,0,53,53,100.0,3,564.9237000034191,3900.2940000063973,28000,428.0,0,None,1,0.5592955282808876,10
compound,EHCO,24,0,150.0,180.0,220.0,thermal,6,0.7,312.0,630.0,101.92307692307692,0,53,53,100.0,3,126.44759999966482,548.6588000057964,28000,446.0,7,None,1,0.5693485344349508,10
compound,A*-GA,24,0,150.0,180.0,220.0,thermal,6,0.7,293.0,1409.0,380.8873720136519,0,53,53,100.0,0,,0.0,0,443.0,5,None,1,0.5582848889124477,10
compound,noFLC,24,0,150.0,180.0,220.0,thermal,6,0.7,312.0,577.0,84.93589743589743,0,53,53,100.0,3,112.23329999484122,508.77329999639187,28000,440.0,3,None,1,0.5983223289459291,10
compound,moead-cl,24,0,150.0,180.0,220.0,thermal,6,0.7,312.0,955.0,206.08974358974356,0,53,53,100.0,2,536.9713999971282,1095.7036999971024,8000,440.0,3,None,1,0.559022447673178,10
compound,EHCO,25,0,150.0,180.0,220.0,thermal,6,0.7,372.0,549.0,47.58064516129033,0,53,53,100.0,2,139.72369999828516,264.4497000001138,8000,437.0,3,512.0,1,0.5980890192842908,10
compound,A*-GA,25,0,150.0,180.0,220.0,thermal,6,0.7,292.0,863.0,195.54794520547944,0,53,53,100.0,0,,0.0,0,457.0,1,None,1,0.5596989704228954,10
compound,noFLC,25,0,150.0,180.0,220.0,thermal,6,0.7,372.0,618.0,66.12903225806451,0,53,53,100.0,3,127.57649999548448,673.1984999933047,28000,437.0,3,616.0,1,0.577791232604964,10
compound,moead-cl,25,0,150.0,180.0,220.0,thermal,6,0.7,372.0,685.0,84.13978494623656,0,53,53,100.0,3,563.1712999966112,3834.9595999898156,28000,437.0,3,616.0,1,0.577791232604964,10
compound,EHCO,26,0,150.0,180.0,220.0,thermal,6,0.7,324.0,636.0,96.29629629629629,0,53,53,100.0,2,128.11810000130208,238.53499999677297,8000,447.0,3,None,1,0.5669957285478027,10
compound,A*-GA,26,0,150.0,180.0,220.0,thermal,6,0.7,276.0,825.0,198.91304347826087,0,53,53,100.0,0,,0.0,0,469.0,2,None,1,0.5604770991539068,10
compound,noFLC,26,0,150.0,180.0,220.0,thermal,6,0.7,324.0,545.0,68.20987654320987,0,53,53,100.0,2,120.7868999990751,232.31749999831663,8000,449.0,8,530.0,1,0.5980422701972816,10
compound,moead-cl,26,0,150.0,180.0,220.0,thermal,6,0.7,324.0,765.0,136.11111111111111,0,53,53,100.0,3,538.2644999990589,3872.352600003069,28000,450.0,8,None,1,0.5612737600344699,10
compound,EHCO,27,0,150.0,180.0,220.0,thermal,6,0.7,296.0,596.0,101.35135135135135,0,53,53,100.0,3,127.81630000245059,545.9148000009009,28000,434.0,1,None,1,0.573082587640684,10
compound,A*-GA,27,0,150.0,180.0,220.0,thermal,6,0.7,304.0,937.0,208.22368421052633,0,53,53,100.0,0,,0.0,0,441.0,9,None,1,0.5588567669582255,10
compound,noFLC,27,0,150.0,180.0,220.0,thermal,6,0.7,296.0,738.0,149.32432432432432,0,53,53,100.0,3,138.81039999978384,730.5811000042013,28000,434.0,1,None,1,0.5647168235725806,10
compound,moead-cl,27,0,150.0,180.0,220.0,thermal,6,0.7,296.0,953.0,221.95945945945948,0,53,53,100.0,3,544.3329999980051,3810.3446000022814,28000,434.0,1,None,1,0.5589610733489927,10
compound,EHCO,28,0,150.0,180.0,220.0,thermal,6,0.7,412.0,829.0,101.21359223300972,0,53,53,100.0,3,123.7877000021399,697.717900002317,28000,455.0,7,597.0,1,0.5795524663107195,10
compound,A*-GA,28,0,150.0,180.0,220.0,thermal,6,0.7,321.0,1239.0,285.98130841121497,0,53,53,100.0,0,,0.0,0,446.0,0,None,1,0.5583785271233899,10
compound,noFLC,28,0,150.0,180.0,220.0,thermal,6,0.7,412.0,633.0,53.640776699029125,0,53,53,100.0,3,120.810899999924,658.5521000015433,28000,455.0,7,597.0,1,0.5798231894516577,10
compound,moead-cl,28,0,150.0,180.0,220.0,thermal,6,0.7,412.0,615.0,49.271844660194176,0,53,53,100.0,3,538.1223000003956,3872.6983000015025,28000,455.0,7,597.0,1,0.5798231894516577,10
compound,EHCO,29,0,150.0,180.0,220.0,thermal,6,0.7,369.0,639.0,73.17073170731707,0,53,53,100.0,3,117.64270000276156,698.5571999975946,28000,445.0,1,None,1,0.594667440018239,10
compound,A*-GA,29,0,150.0,180.0,220.0,thermal,6,0.7,305.0,1081.0,254.4262295081967,0,53,53,100.0,0,,0.0,0,451.0,3,None,1,0.5584913057328782,10
compound,noFLC,29,0,150.0,180.0,220.0,thermal,6,0.7,369.0,640.0,73.44173441734418,0,53,53,100.0,3,121.75679999927524,667.8793000028236,28000,443.0,8,519.0,1,0.5979165463455977,10
compound,moead-cl,29,0,150.0,180.0,220.0,thermal,6,0.7,369.0,609.0,65.04065040650406,0,53,53,100.0,3,567.571699997643,3885.403199994471,28000,443.0,8,519.0,1,0.5979165463455977,10
compound,EHCO,30,0,150.0,180.0,220.0,thermal,6,0.7,353.0,690.0,95.46742209631728,0,53,53,100.0,2,128.41630000184523,248.59960000321735,8000,441.0,5,None,1,0.5635272040313102,10
compound,A*-GA,30,0,150.0,180.0,220.0,thermal,6,0.7,287.0,1006.0,250.5226480836237,0,53,53,100.0,0,,0.0,0,454.0,6,None,1,0.5587277333995151,10
compound,noFLC,30,0,150.0,180.0,220.0,thermal,6,0.7,353.0,691.0,95.75070821529745,0,53,53,100.0,3,116.49889999534935,637.7255999977933,28000,441.0,5,544.0,1,0.5871656430436737,10
compound,moead-cl,30,0,150.0,180.0,220.0,thermal,6,0.7,353.0,520.0,47.30878186968839,0,53,53,100.0,3,542.10079999757,3847.100799997861,28000,439.0,2,None,1,0.5838707371932207,10
compound,EHCO,1,1,145.26057330283172,190.33207060280972,247.36476891305452,thermal,4,0.5297749810856183,337.0,481.0,42.72997032640949,0,53,53,100.0,2,126.61230000230717,237.6503000050434,8000,460.0,7,None,1,0.5981929224790112,10
compound,A*-GA,1,1,145.26057330283172,190.33207060280972,247.36476891305452,thermal,4,0.5297749810856183,313.0,835.0,166.77316293929712,0,53,53,100.0,0,,0.0,0,454.0,7,None,1,0.559926904077758,10
compound,noFLC,1,1,145.26057330283172,190.33207060280972,247.36476891305452,thermal,4,0.5297749810856183,337.0,481.0,42.72997032640949,0,53,53,100.0,2,139.38609999604523,252.17780000093626,8000,460.0,7,None,1,0.5981929224790112,10
compound,moead-cl,1,1,145.26057330283172,190.33207060280972,247.36476891305452,thermal,4,0.5297749810856183,337.0,480.0,42.433234421364986,0,53,53,100.0,2,546.7063000032795,1085.4567000060342,8000,457.0,2,None,1,0.598045343098902,10
compound,EHCO,2,1,145.26057330283172,190.33207060280972,247.36476891305452,thermal,4,0.5297749810856183,307.0,761.0,147.8827361563518,0,53,53,100.0,2,137.8430999975535,253.44480000057956,8000,470.0,1,None,1,0.5619980277806851,10
compound,A*-GA,2,1,145.26057330283172,190.33207060280972,247.36476891305452,thermal,4,0.5297749810856183,304.0,1993.0,555.5921052631579,0,53,53,100.0,0,,0.0,0,471.0,0,None,1,0.5574980189856191,10
compound,noFLC,2,1,145.26057330283172,190.33207060280972,247.36476891305452,thermal,4,0.5297749810856183,307.0,761.0,147.8827361563518,0,53,53,100.0,2,128.85739999910584,228.55400000116788,8000,470.0,1,None,1,0.5619980277806851,10
compound,moead-cl,2,1,145.26057330283172,190.33207060280972,247.36476891305452,thermal,4,0.5297749810856183,307.0,839.0,173.2899022801303,0,53,53,100.0,2,543.6928999988595,1076.151099994604,8000,470.0,1,None,1,0.5600999205975465,10
compound,EHCO,3,1,145.26057330283172,190.33207060280972,247.36476891305452,thermal,4,0.5297749810856183,303.0,498.0,64.35643564356435,0,53,53,100.0,2,138.85199999640463,257.90150000102585,8000,461.0,6,None,1,0.5980493586409077,10
compound,A*-GA,3,1,145.26057330283172,190.33207060280972,247.36476891305452,thermal,4,0.5297749810856183,304.0,771.0,153.61842105263156,0,53,53,100.0,0,,0.0,0,441.0,3,None,1,0.5610342608574872,10
compound,noFLC,3,1,145.26057330283172,190.33207060280972,247.36476891305452,thermal,4,0.5297749810856183,303.0,467.0,54.12541254125413,0,53,53,100.0,2,134.02080000378191,240.4850000020815,8000,461.0,6,None,1,0.598340145454331,10
compound,moead-cl,3,1,145.26057330283172,190.33207060280972,247.36476891305452,thermal,4,0.5297749810856183,303.0,527.0,73.92739273927393,0,53,53,100.0,2,532.327399996575,1075.6048999901395,8000,452.0,2,None,1,0.5981245313856834,10
compound,EHCO,4,1,145.26057330283172,190.33207060280972,247.36476891305452,thermal,4,0.5297749810856183,299.0,464.0,55.18394648829431,0,53,53,100.0,2,140.33430000563385,258.38690000091447,8000,453.0,6,None,1,0.5983242195065264,10
compound,A*-GA,4,1,145.26057330283172,190.33207060280972,247.36476891305452,thermal,4,0.5297749810856183,302.0,672.0,122.51655629139073,0,53,53,100.0,0,,0.0,0,470.0,4,None,1,0.5659860074498799,10
compound,noFLC,4,1,145.26057330283172,190.33207060280972,247.36476891305452,thermal,4,0.5297749810856183,299.0,600.0,100.66889632107024,0,53,53,100.0,2,129.89390000439016,242.30600000737468,8000,453.0,6,None,1,0.5707047652868258,10
compound,moead-cl,4,1,145.26057330283172,190.33207060280972,247.36476891305452,thermal,4,0.5297749810856183,299.0,456.0,52.508361204013376,0,53,53,100.0,2,545.0017999974079,1091.028800001368,8000,468.0,4,None,1,0.5999241568226715,10
compound,EHCO,5,1,145.26057330283172,190.33207060280972,247.36476891305452,thermal,4,0.5297749810856183,321.0,569.0,77.25856697819314,0,53,53,100.0,3,136.00320000114152,551.9668999986607,28000,449.0,9,None,1,0.5737487319384608,10
compound,A*-GA,5,1,145.26057330283172,190.33207060280972,247.36476891305452,thermal,4,0.5297749810856183,318.0,875.0,175.1572327044025,0,53,53,100.0,0,,0.0,0,449.0,2,None,1,0.5595637611482811,10
compound,noFLC,5,1,145.26057330283172,190.33207060280972,247.36476891305452,thermal,4,0.5297749810856183,321.0,569.0,77.25856697819314,0,53,53,100.0,3,129.44080000306712,518.2338999948115,28000,449.0,9,None,1,0.5737487319384608,10
compound,moead-cl,5,1,145.26057330283172,190.33207060280972,247.36476891305452,thermal,4,0.5297749810856183,321.0,519.0,61.6822429906542,0,53,53,100.0,2,564.7347999984049,1095.8539999992354,8000,449.0,9,None,1,0.5981708380928962,10
compound,EHCO,6,1,145.26057330283172,190.33207060280972,247.36476891305452,thermal,4,0.5297749810856183,352.0,855.0,142.89772727272728,0,53,53,100.0,2,124.19660000159638,237.67810000572354,8000,464.0,7,None,1,0.559819734130087,10
compound,A*-GA,6,1,145.26057330283172,190.33207060280972,247.36476891305452,thermal,4,0.5297749810856183,312.0,654.0,109.61538461538463,0,53,53,100.0,0,,0.0,0,461.0,3,None,1,0.5666396419028291,10
compound,noFLC,6,1,145.26057330283172,190.33207060280972,247.36476891305452,thermal,4,0.5297749810856183,352.0,855.0,142.89772727272728,0,53,53,100.0,2,121.7361000017263,229.91710000496823,8000,464.0,7,None,1,0.559819734130087,10
compound,moead-cl,6,1,145.26057330283172,190.33207060280972,247.36476891305452,thermal,4,0.5297749810856183,352.0,865.0,145.73863636363635,0,53,53,100.0,2,559.8499000043375,1112.1406000020215,8000,456.0,3,None,1,0.5597081531475392,10
compound,EHCO,7,1,145.26057330283172,190.33207060280972,247.36476891305452,thermal,4,0.5297749810856183,305.0,485.0,59.01639344262295,0,53,53,100.0,2,134.34799999959068,251.84949999675155,8000,439.0,3,None,1,0.5982650352110145,10
compound,A*-GA,7,1,145.26057330283172,190.33207060280972,247.36476891305452,thermal,4,0.5297749810856183,313.0,850.0,171.56549520766774,0,53,53,100.0,0,,0.0,0,463.0,1,None,1,0.5598798442322915,10
compound,noFLC,7,1,145.26057330283172,190.33207060280972,247.36476891305452,thermal,4,0.5297749810856183,305.0,940.0,208.1967213114754,0,53,53,100.0,2,136.97289999981876,247.22850000398466,8000,458.0,9,None,1,0.5588517814671315,10
compound,moead-cl,7,1,145.26057330283172,190.33207060280972,247.36476891305452,thermal,4,0.5297749810856183,305.0,443.0,45.24590163934426,0,53,53,100.0,2,560.2358000032837,1093.87780000543,8000,439.0,3,None,1,0.5989170722993108,10
compound,EHCO,8,1,145.26057330283172,190.33207060280972,247.36476891305452,thermal,4,0.5297749810856183,347.0,615.0,77.23342939481267,0,53,53,100.0,3,135.940500003926,676.6847000035341,28000,450.0,9,573.0,1,0.598313762398983,10
compound,A*-GA,8,1,145.26057330283172,190.33207060280972,247.36476891305452,thermal,4,0.5297749810856183,312.0,790.0,153.2051282051282,0,53,53,100.0,0,,0.0,0,462.0,5,None,1,0.5609529266841566,10
compound,noFLC,8,1,145.26057330283172,190.33207060280972,247.36476891305452,thermal,4,0.5297749810856183,347.0,586.0,68.87608069164266,0,53,53,100.0,3,142.9604000004474,570.8463999981177,28000,450.0,9,584.0,1,0.5803256085744127,10
compound,moead-cl,8,1,145.26057330283172,190.33207060280972,247.36476891305452,thermal,4,0.5297749810856183,347.0,488.0,40.63400576368876,0,53,53,100.0,2,546.3525999948615,1112.3697999937576,8000,450.0,9,None,1,0.598313762398983,10
compound,EHCO,9,1,145.26057330283172,190.33207060280972,247.36476891305452,thermal,4,0.5297749810856183,317.0,559.0,76.34069400630915,0,53,53,100.0,3,127.11090000084369,515.7074999951874,28000,460.0,5,None,1,0.589335254519393,10
compound,A*-GA,9,1,145.26057330283172,190.33207060280972,247.36476891305452,thermal,4,0.5297749810856183,303.0,675.0,122.77227722772277,0,53,53,100.0,0,,0.0,0,462.0,7,None,1,0.5653167647287857,10
compound,noFLC,9,1,145.26057330283172,190.33207060280972,247.36476891305452,thermal,4,0.5297749810856183,317.0,913.0,188.01261829652998,0,53,53,100.0,3,127.02330000320217,643.4953999996651,28000,439.0,9,None,1,0.5591181825865926,10
compound,moead-cl,9,1,145.26057330283172,190.33207060280972,247.36476891305452,thermal,4,0.5297749810856183,317.0,472.0,48.89589905362776,0,53,53,100.0,2,567.6104999947711,1106.0441999943578,8000,454.0,8,None,1,0.5983176830952827,10
compound,EHCO,10,1,145.26057330283172,190.33207060280972,247.36476891305452,thermal,4,0.5297749810856183,292.0,711.0,143.49315068493152,0,53,53,100.0,2,122.73659999482334,230.0221999976202,8000,464.0,6,None,1,0.5637038289636271,10
compound,A*-GA,10,1,145.26057330283172,190.33207060280972,247.36476891305452,thermal,4,0.5297749810856183,278.0,712.0,156.11510791366908,0,53,53,100.0,0,,0.0,0,457.0,0,None,1,0.5633128080634757,10
compound,noFLC,10,1,145.26057330283172,190.33207060280972,247.36476891305452,thermal,4,0.5297749810856183,292.0,514.0,76.02739726027397,0,53,53,100.0,2,118.90570000105072,226.34200000175042,8000,456.0,5,None,1,0.5841394732529066,10
compound,moead-cl,10,1,145.26057330283172,190.33207060280972,247.36476891305452,thermal,4,0.5297749810856183,292.0,409.0,40.06849315068493,0,53,53,100.0,2,558.634399996663,1092.0601999969222,8000,456.0,5,None,1,0.5999404509349133,10
compound,EHCO,11,1,145.26057330283172,190.33207060280972,247.36476891305452,thermal,4,0.5297749810856183,454.0,524.0,15.418502202643172,0,53,53,100.0,2,126.02519999927608,235.14359999535372,8000,454.0,0,None,1,0.5980708771456014,10
compound,A*-GA,11,1,145.26057330283172,190.33207060280972,247.36476891305452,thermal,4,0.5297749810856183,310.0,813.0,162.25806451612902,0,53,53,100.0,0,,0.0,0,434.0,9,None,1,0.5600877061406916,10
compound,noFLC,11,1,145.26057330283172,190.33207060280972,247.36476891305452,thermal,4,0.5297749810856183,454.0,530.0,16.740088105726873,0,53,53,100.0,2,123.43560000590514,224.14580000622664,8000,457.0,0,None,1,0.5981110599734325,10
compound,moead-cl,11,1,145.26057330283172,190.33207060280972,247.36476891305452,thermal,4,0.5297749810856183,454.0,473.0,4.185022026431718,0,53,53,100.0,2,566.6633000000729,1107.5791999974172,8000,458.0,6,None,1,0.5982780685680987,10
compound,EHCO,12,1,145.26057330283172,190.33207060280972,247.36476891305452,thermal,4,0.5297749810856183,306.0,737.0,140.84967320261438,0,53,53,100.0,2,133.225699995819,242.4310999995214,8000,463.0,5,None,1,0.5623926188427723,10
compound,A*-GA,12,1,145.26057330283172,190.33207060280972,247.36476891305452,thermal,4,0.5297749810856183,310.0,674.0,117.41935483870967,0,53,53,100.0,0,,0.0,0,463.0,4,None,1,0.5654691053838461,10
compound,noFLC,12,1,145.26057330283172,190.33207060280972,247.36476891305452,thermal,4,0.5297749810856183,306.0,435.0,42.15686274509804,0,53,53,100.0,2,141.52029999968363,254.00869999430142,8000,464.0,5,None,1,0.5997772613102793,10
compound,moead-cl,12,1,145.26057330283172,190.33207060280972,247.36476891305452,thermal,4,0.5297749810856183,306.0,511.0,66.99346405228758,0,53,53,100.0,2,549.0448000055039,1080.4868000050192,8000,453.0,5,None,1,0.5982673523793189,10
compound,EHCO,13,1,145.26057330283172,190.33207060280972,247.36476891305452,thermal,4,0.5297749810856183,361.0,700.0,93.90581717451524,0,53,53,100.0,2,118.9823000022443,222.49420000298414,8000,460.0,2,None,1,0.5640526667898091,10
compound,A*-GA,13,1,145.26057330283172,190.33207060280972,247.36476891305452,thermal,4,0.5297749810856183,294.0,923.0,213.9455782312925,0,53,53,100.0,0,,0.0,0,475.0,6,None,1,0.5592457852796046,10
compound,noFLC,13,1,145.26057330283172,190.33207060280972,247.36476891305452,thermal,4,0.5297749810856183,361.0,492.0,36.288088642659275,0,53,53,100.0,2,116.78160000155913,226.46140000142623,8000,438.0,9,None,1,0.5982123882134137,10
compound,moead-cl,13,1,145.26057330283172,190.33207060280972,247.36476891305452,thermal,4,0.5297749810856183,361.0,756.0,109.41828254847645,0,53,53,100.0,2,556.8772000042372,1088.0764000030467,8000,460.0,2,None,1,0.5616721162568392,10
compound,EHCO,14,1,145.26057330283172,190.33207060280972,247.36476891305452,thermal,4,0.5297749810856183,278.0,448.0,61.15107913669065,0,53,53,100.0,2,121.33010000252398,223.02620000118623,8000,444.0,7,None,1,0.5987943670542151,10
compound,A*-GA,14,1,145.26057330283172,190.33207060280972,247.36476891305452,thermal,4,0.5297749810856183,296.0,622.0,110.13513513513513,0,53,53,100.0,0,,0.0,0,463.0,4,None,1,0.5694044897558388,10
compound,noFLC,14,1,145.26057330283172,190.33207060280972,247.36476891305452,thermal,4,0.5297749810856183,278.0,820.0,194.96402877697844,0,53,53,100.0,2,130.74690000212286,233.7072000009357,8000,444.0,7,None,1,0.5599833682004962,10
compound,moead-cl,14,1,145.26057330283172,190.33207060280972,247.36476891305452,thermal,4,0.5297749810856183,278.0,820.0,194.96402877697844,0,53,53,100.0,2,544.5271999997203,1076.9197999979951,8000,444.0,7,None,1,0.5599833682004962,10
compound,EHCO,15,1,145.26057330283172,190.33207060280972,247.36476891305452,thermal,4,0.5297749810856183,349.0,514.0,47.277936962750715,0,53,53,100.0,2,124.9249000029522,230.42070000519743,8000,449.0,8,473.0,1,0.5981912203707798,10
compound,A*-GA,15,1,145.26057330283172,190.33207060280972,247.36476891305452,thermal,4,0.5297749810856183,301.0,947.0,214.61794019933555,0,53,53,100.0,0,,0.0,0,456.0,4,None,1,0.5589042336001084,10
compound,noFLC,15,1,145.26057330283172,190.33207060280972,247.36476891305452,thermal,4,0.5297749810856183,349.0,543.0,55.587392550143264,0,53,53,100.0,2,121.65580000146292,241.10300000029383,8000,449.0,8,None,1,0.5774598528446928,10
compound,moead-cl,15,1,145.26057330283172,190.33207060280972,247.36476891305452,thermal,4,0.5297749810856183,349.0,586.0,67.90830945558739,0,53,53,100.0,2,560.9894000008353,1091.997600000468,8000,449.0,8,473.0,1,0.5893226227075423,10
compound,EHCO,16,1,145.26057330283172,190.33207060280972,247.36476891305452,thermal,4,0.5297749810856183,291.0,457.0,57.0446735395189,0,53,53,100.0,2,134.40450000052806,259.3657000034,8000,453.0,0,None,1,0.5987542727129109,10
compound,A*-GA,16,1,145.26057330283172,190.33207060280972,247.36476891305452,thermal,4,0.5297749810856183,297.0,817.0,175.0841750841751,0,53,53,100.0,0,,0.0,0,453.0,8,None,1,0.560281442788063,10
compound,noFLC,16,1,145.26057330283172,190.33207060280972,247.36476891305452,thermal,4,0.5297749810856183,291.0,797.0,173.8831615120275,0,53,53,100.0,2,137.89359999645967,259.2912999971304,8000,443.0,2,None,1,0.5604751873647893,10
compound,moead-cl,16,1,145.26057330283172,190.33207060280972,247.36476891305452,thermal,4,0.5297749810856183,291.0,491.0,68.72852233676976,0,53,53,100.0,2,544.5383999976912,1076.8079999907059,8000,444.0,2,None,1,0.5981115108776549,10
compound,EHCO,17,1,145.26057330283172,190.33207060280972,247.36476891305452,thermal,4,0.5297749810856183,380.0,581.0,52.89473684210526,0,53,53,100.0,2,129.08870000683237,228.922500005865,8000,441.0,9,None,1,0.5980762871951275,10
compound,A*-GA,17,1,145.26057330283172,190.33207060280972,247.36476891305452,thermal,4,0.5297749810856183,294.0,674.0,129.2517006802721,0,53,53,100.0,0,,0.0,0,472.0,8,None,1,0.5660528937928896,10
compound,noFLC,17,1,145.26057330283172,190.33207060280972,247.36476891305452,thermal,4,0.5297749810856183,380.0,444.0,16.842105263157894,0,53,53,100.0,2,131.48559999535792,239.13839999295305,8000,455.0,1,None,1,0.5997267102013241,10
compound,moead-cl,17,1,145.26057330283172,190.33207060280972,247.36476891305452,thermal,4,0.5297749810856183,380.0,422.0,11.052631578947368,0,53,53,100.0,2,556.7903999981354,1087.408300001698,8000,448.0,7,None,1,0.599727182361182,10
compound,EHCO,18,1,145.26057330283172,190.33207060280972,247.36476891305452,thermal,4,0.5297749810856183,309.0,585.0,89.32038834951457,0,53,53,100.0,3,142.2002999970573,556.178999999247,28000,461.0,6,None,1,0.5786714721708588,10
compound,A*-GA,18,1,145.26057330283172,190.33207060280972,247.36476891305452,thermal,4,0.5297749810856183,314.0,2205.0,602.2292993630574,0,53,53,100.0,0,,0.0,0,459.0,0,None,1,0.557366009375038,10
compound,noFLC,18,1,145.26057330283172,190.33207060280972,247.36476891305452,thermal,4,0.5297749810856183,309.0,540.0,74.75728155339806,0,53,53,100.0,2,127.79549999686424,240.8244000034756,8000,452.0,9,None,1,0.5982585597187062,10
compound,moead-cl,18,1,145.26057330283172,190.33207060280972,247.36476891305452,thermal,4,0.5297749810856183,309.0,506.0,63.75404530744336,0,53,53,100.0,2,542.7748000001884,1088.9017000008607,8000,445.0,3,None,1,0.5981717469574857,10
compound,EHCO,19,1,145.26057330283172,190.33207060280972,247.36476891305452,thermal,4,0.5297749810856183,345.0,417.0,20.869565217391305,0,53,53,100.0,2,130.5718000003253,238.62339999323012,8000,441.0,7,None,1,0.5999683538924757,10
compound,A*-GA,19,1,145.26057330283172,190.33207060280972,247.36476891305452,thermal,4,0.5297749810856183,298.0,683.0,129.19463087248323,0,53,53,100.0,0,,0.0,0,453.0,2,None,1,0.5644370177813144,10
compound,noFLC,19,1,145.26057330283172,190.33207060280972,247.36476891305452,thermal,4,0.5297749810856183,345.0,404.0,17.101449275362317,0,53,53,100.0,2,121.16750000132015,228.0758999986574,8000,443.0,5,None,1,0.5999001557509214,10
compound,moead-cl,19,1,145.26057330283172,190.33207060280972,247.36476891305452,thermal,4,0.5297749810856183,345.0,424.0,22.89855072463768,0,53,53,100.0,2,536.5305000013905,1089.8406999986037,8000,442.0,8,None,1,0.5997967884915316,10
compound,EHCO,20,1,145.26057330283172,190.33207060280972,247.36476891305452,thermal,4,0.5297749810856183,293.0,412.0,40.61433447098976,0,53,53,100.0,2,127.9385000016191,228.88260000036098,8000,467.0,6,None,1,0.5999460828986298,10
compound,A*-GA,20,1,145.26057330283172,190.33207060280972,247.36476891305452,thermal,4,0.5297749810856183,299.0,655.0,119.06354515050168,0,53,53,100.0,0,,0.0,0,469.0,8,None,1,0.567203759014141,10
compound,noFLC,20,1,145.26057330283172,190.33207060280972,247.36476891305452,thermal,4,0.5297749810856183,293.0,620.0,111.60409556313992,0,53,53,100.0,2,120.8492000005208,210.53209999809042,8000,443.0,3,None,1,0.5680007839490885,10
compound,moead-cl,20,1,145.26057330283172,190.33207060280972,247.36476891305452,thermal,4,0.5297749810856183,293.0,591.0,101.70648464163823,0,53,53,100.0,2,542.336600003182,1081.461900001159,8000,450.0,9,None,1,0.571364110157316,10
compound,EHCO,21,1,145.26057330283172,190.33207060280972,247.36476891305452,thermal,4,0.5297749810856183,284.0,481.0,69.36619718309859,0,53,53,100.0,2,134.8089000020991,253.19040000613313,8000,444.0,7,None,1,0.5981983638970935,10
compound,A*-GA,21,1,145.26057330283172,190.33207060280972,247.36476891305452,thermal,4,0.5297749810856183,304.0,1027.0,237.82894736842107,0,53,53,100.0,0,,0.0,0,465.0,1,None,1,0.5586037776041751,10
compound,noFLC,21,1,145.26057330283172,190.33207060280972,247.36476891305452,thermal,4,0.5297749810856183,284.0,1031.0,263.0281690140845,0,53,53,100.0,2,123.63270000059856,225.2717000010307,8000,444.0,7,None,1,0.5585646648112035,10
compound,moead-cl,21,1,145.26057330283172,190.33207060280972,247.36476891305452,thermal,4,0.5297749810856183,284.0,488.0,71.83098591549296,0,53,53,100.0,2,546.7153000063263,1098.0525000049965,8000,451.0,1,None,1,0.5981594209265182,10
compound,EHCO,22,1,145.26057330283172,190.33207060280972,247.36476891305452,thermal,4,0.5297749810856183,287.0,885.0,208.36236933797912,0,53,53,100.0,2,123.071499998332,224.08049999648938,8000,442.0,3,None,1,0.5593633372999933,10
compound,A*-GA,22,1,145.26057330283172,190.33207060280972,247.36476891305452,thermal,4,0.5297749810856183,307.0,792.0,157.98045602605865,0,53,53,100.0,0,,0.0,0,476.0,8,None,1,0.5612066100371185,10
compound,noFLC,22,1,145.26057330283172,190.33207060280972,247.36476891305452,thermal,4,0.5297749810856183,287.0,885.0,208.36236933797912,0,53,53,100.0,2,121.16199999582022,221.08189999562455,8000,442.0,3,None,1,0.5593633372999933,10
compound,moead-cl,22,1,145.26057330283172,190.33207060280972,247.36476891305452,thermal,4,0.5297749810856183,287.0,885.0,208.36236933797912,0,53,53,100.0,3,537.6802000027965,3785.2299000005587,28000,442.0,3,None,1,0.5593633372999933,10
compound,EHCO,23,1,145.26057330283172,190.33207060280972,247.36476891305452,thermal,4,0.5297749810856183,362.0,701.0,93.646408839779,0,53,53,100.0,3,133.7675000031595,689.4390000015846,28000,449.0,1,None,1,0.5633610650380846,10
compound,A*-GA,23,1,145.26057330283172,190.33207060280972,247.36476891305452,thermal,4,0.5297749810856183,319.0,836.0,162.06896551724137,0,53,53,100.0,0,,0.0,0,460.0,9,None,1,0.5600897428934967,10
compound,noFLC,23,1,145.26057330283172,190.33207060280972,247.36476891305452,thermal,4,0.5297749810856183,362.0,474.0,30.939226519337016,0,53,53,100.0,2,137.25069999782136,243.11719999241177,8000,442.0,1,None,1,0.5982195045478801,10
compound,moead-cl,23,1,145.26057330283172,190.33207060280972,247.36476891305452,thermal,4,0.5297749810856183,362.0,676.0,86.74033149171271,0,53,53,100.0,2,551.478400004271,1098.3162999982596,8000,457.0,8,None,1,0.5650611243852914,10
compound,EHCO,24,1,145.26057330283172,190.33207060280972,247.36476891305452,thermal,4,0.5297749810856183,312.0,564.0,80.76923076923077,0,53,53,100.0,2,124.318599999242,237.8783999956795,8000,443.0,3,None,1,0.5765058127925616,10
compound,A*-GA,24,1,145.26057330283172,190.33207060280972,247.36476891305452,thermal,4,0.5297749810856183,293.0,817.0,178.839590443686,0,53,53,100.0,0,,0.0,0,446.0,5,None,1,0.5601784401358536,10
compound,noFLC,24,1,145.26057330283172,190.33207060280972,247.36476891305452,thermal,4,0.5297749810856183,312.0,803.0,157.37179487179486,0,53,53,100.0,3,112.1939000004204,494.3023000014364,28000,459.0,1,None,1,0.5606196434970784,10
compound,moead-cl,24,1,145.26057330283172,190.33207060280972,247.36476891305452,thermal,4,0.5297749810856183,312.0,458.0,46.794871794871796,0,53,53,100.0,2,537.7614999961224,1082.1882999953232,8000,463.0,2,None,1,0.5997531290176357,10
compound,EHCO,25,1,145.26057330283172,190.33207060280972,247.36476891305452,thermal,4,0.5297749810856183,372.0,440.0,18.27956989247312,0,53,53,100.0,2,137.1424000026309,248.7198000017088,8000,451.0,0,None,1,0.5999105018799934,10
compound,A*-GA,25,1,145.26057330283172,190.33207060280972,247.36476891305452,thermal,4,0.5297749810856183,292.0,648.0,121.91780821917808,0,53,53,100.0,0,,0.0,0,455.0,3,None,1,0.5667456417431787,10
compound,noFLC,25,1,145.26057330283172,190.33207060280972,247.36476891305452,thermal,4,0.5297749810856183,372.0,523.0,40.59139784946236,0,53,53,100.0,3,124.34570000186795,627.6331999979448,28000,451.0,0,None,1,0.5982651798672435,10
compound,moead-cl,25,1,145.26057330283172,190.33207060280972,247.36476891305452,thermal,4,0.5297749810856183,372.0,518.0,39.247311827956985,0,53,53,100.0,2,571.6369000001578,1101.7431000000215,8000,459.0,5,None,1,0.5983209603023033,10
compound,EHCO,26,1,145.26057330283172,190.33207060280972,247.36476891305452,thermal,4,0.5297749810856183,324.0,498.0,53.70370370370371,0,53,53,100.0,3,120.61999999423278,502.98819999443367,28000,448.0,1,None,1,0.5982977284485148,10
compound,A*-GA,26,1,145.26057330283172,190.33207060280972,247.36476891305452,thermal,4,0.5297749810856183,276.0,513.0,85.86956521739131,0,53,53,100.0,0,,0.0,0,472.0,6,None,1,0.5880693460549374,10
compound,noFLC,26,1,145.26057330283172,190.33207060280972,247.36476891305452,thermal,4,0.5297749810856183,324.0,703.0,116.97530864197532,0,53,53,100.0,2,119.32930000330089,220.68700000090757,8000,456.0,9,None,1,0.5636071821819406,10
compound,moead-cl,26,1,145.26057330283172,190.33207060280972,247.36476891305452,thermal,4,0.5297749810856183,324.0,417.0,28.703703703703702,0,53,53,100.0,2,559.8007999942638,1089.1711999938707,8000,444.0,8,None,1,0.5997967676880583,10
compound,EHCO,27,1,145.26057330283172,190.33207060280972,247.36476891305452,thermal,4,0.5297749810856183,296.0,514.0,73.64864864864865,0,53,53,100.0,2,125.32990000181599,230.18340000271564,8000,444.0,5,None,1,0.5982632947587999,10
compound,A*-GA,27,1,145.26057330283172,190.33207060280972,247.36476891305452,thermal,4,0.5297749810856183,304.0,829.0,172.69736842105263,0,53,53,100.0,0,,0.0,0,465.0,7,None,1,0.5602123731637334,10
compound,noFLC,27,1,145.26057330283172,190.33207060280972,247.36476891305452,thermal,4,0.5297749810856183,296.0,585.0,97.63513513513513,0,53,53,100.0,2,130.55670000176178,240.08100000355626,8000,439.0,8,572.0,1,0.5980813310337573,10
compound,moead-cl,27,1,145.26057330283172,190.33207060280972,247.36476891305452,thermal,4,0.5297749810856183,296.0,495.0,67.22972972972973,0,53,53,100.0,2,546.6798000052222,1076.9549000033294,8000,439.0,8,None,1,0.5980813310337573,10
compound,EHCO,28,1,145.26057330283172,190.33207060280972,247.36476891305452,thermal,4,0.5297749810856183,412.0,514.0,24.75728155339806,0,53,53,100.0,2,124.61880000046222,230.54109999793582,8000,458.0,7,None,1,0.5982072355418158,10
compound,A*-GA,28,1,145.26057330283172,190.33207060280972,247.36476891305452,thermal,4,0.5297749810856183,321.0,636.0,98.13084112149532,0,53,53,100.0,0,,0.0,0,465.0,4,None,1,0.5683327490892234,10
compound,noFLC,28,1,145.26057330283172,190.33207060280972,247.36476891305452,thermal,4,0.5297749810856183,412.0,569.0,38.10679611650485,0,53,53,100.0,2,118.76190000475617,229.62050000933232,8000,458.0,7,517.0,1,0.5982072355418158,10
compound,moead-cl,28,1,145.26057330283172,190.33207060280972,247.36476891305452,thermal,4,0.5297749810856183,412.0,477.0,15.776699029126215,0,53,53,100.0,2,567.1629999997094,1102.8488999945694,8000,458.0,7,None,1,0.5982072355418158,10
compound,EHCO,29,1,145.26057330283172,190.33207060280972,247.36476891305452,thermal,4,0.5297749810856183,369.0,627.0,69.91869918699187,0,53,53,100.0,2,120.81059999763966,228.11899999214802,8000,446.0,9,None,1,0.567636298261462,10
compound,A*-GA,29,1,145.26057330283172,190.33207060280972,247.36476891305452,thermal,4,0.5297749810856183,305.0,707.0,131.80327868852459,0,53,53,100.0,0,,0.0,0,471.0,0,None,1,0.5640682413882108,10
compound,noFLC,29,1,145.26057330283172,190.33207060280972,247.36476891305452,thermal,4,0.5297749810856183,369.0,473.0,28.184281842818425,0,53,53,100.0,2,122.23809999704827,225.95929999806685,8000,446.0,9,None,1,0.5982336339387628,10
compound,moead-cl,29,1,145.26057330283172,190.33207060280972,247.36476891305452,thermal,4,0.5297749810856183,369.0,498.0,34.959349593495936,0,53,53,100.0,2,544.7425000020303,1081.3650000054622,8000,448.0,1,None,1,0.5983147376852861,10
compound,EHCO,30,1,145.26057330283172,190.33207060280972,247.36476891305452,thermal,4,0.5297749810856183,353.0,431.0,22.096317280453256,0,53,53,100.0,2,124.57970000104979,229.48619999806397,8000,445.0,5,None,1,0.5999797044775513,10
compound,A*-GA,30,1,145.26057330283172,190.33207060280972,247.36476891305452,thermal,4,0.5297749810856183,287.0,621.0,116.37630662020906,0,53,53,100.0,0,,0.0,0,455.0,9,None,1,0.5688576446874322,10
compound,noFLC,30,1,145.26057330283172,190.33207060280972,247.36476891305452,thermal,4,0.5297749810856183,353.0,507.0,43.626062322946176,0,53,53,100.0,2,125.48030000471044,236.85500000283355,8000,472.0,4,None,1,0.5895192875292423,10
compound,moead-cl,30,1,145.26057330283172,190.33207060280972,247.36476891305452,thermal,4,0.5297749810856183,353.0,417.0,18.13031161473088,0,53,53,100.0,2,551.173399995605,1081.124299991643,8000,460.0,2,None,1,0.5997674763746305,10
compound,EHCO,1,2,169.54583109393644,208.77067486885085,250.92645157168,vibration,3,0.7096103235264482,337.0,609.0,80.71216617210682,0,53,53,100.0,3,130.02570000389824,722.1093000116525,28000,263.0,3,None,1,0.3591398298216959,10
compound,A*-GA,1,2,169.54583109393644,208.77067486885085,250.92645157168,vibration,3,0.7096103235264482,313.0,858.0,174.12140575079874,0,53,53,100.0,0,,0.0,0,266.0,6,None,1,0.3349740966770174,10
compound,noFLC,1,2,169.54583109393644,208.77067486885085,250.92645157168,vibration,3,0.7096103235264482,337.0,695.0,106.23145400593472,0,53,53,100.0,3,115.11199999949895,689.6692000009352,28000,264.0,0,633.0,1,0.38263510182562605,10
compound,moead-cl,1,2,169.54583109393644,208.77067486885085,250.92645157168,vibration,3,0.7096103235264482,337.0,874.0,159.34718100890208,0,53,53,100.0,3,548.5507999983383,3854.7400000024936,28000,266.0,4,281.0,1,0.33510936201380076,10
compound,EHCO,2,2,169.54583109393644,208.77067486885085,250.92645157168,vibration,3,0.7096103235264482,307.0,506.0,64.82084690553745,0,53,53,100.0,3,129.90329999593087,708.43599998625,28000,264.0,6,456.0,1,0.454757575022447,10
compound,A*-GA,2,2,169.54583109393644,208.77067486885085,250.92645157168,vibration,3,0.7096103235264482,304.0,840.0,176.3157894736842,0,53,53,100.0,0,,0.0,0,271.0,6,None,1,0.33530195422422143,10
compound,noFLC,2,2,169.54583109393644,208.77067486885085,250.92645157168,vibration,3,0.7096103235264482,307.0,519.0,69.05537459283387,0,53,53,100.0,3,117.39469999884022,677.2980999958236,28000,264.0,6,456.0,1,0.454757575022447,10
compound,moead-cl,2,2,169.54583109393644,208.77067486885085,250.92645157168,vibration,3,0.7096103235264482,307.0,498.0,62.21498371335505,0,53,53,100.0,3,557.4897000042256,3882.8201000069384,28000,258.0,3,None,1,0.36325686376440747,10
compound,EHCO,3,2,169.54583109393644,208.77067486885085,250.92645157168,vibration,3,0.7096103235264482,303.0,700.0,131.02310231023102,0,53,53,100.0,3,117.68619999929797,677.6409000012791,28000,263.0,6,619.0,1,0.38328701591759134,10
compound,A*-GA,3,2,169.54583109393644,208.77067486885085,250.92645157168,vibration,3,0.7096103235264482,304.0,856.0,181.57894736842107,0,53,53,100.0,0,,0.0,0,271.0,8,None,1,0.33502273866631843,10
compound,noFLC,3,2,169.54583109393644,208.77067486885085,250.92645157168,vibration,3,0.7096103235264482,303.0,637.0,110.23102310231023,0,53,53,100.0,3,107.5730999946245,654.2785999990883,28000,263.0,6,619.0,1,0.38328701591759134,10
compound,moead-cl,3,2,169.54583109393644,208.77067486885085,250.92645157168,vibration,3,0.7096103235264482,303.0,876.0,189.1089108910891,0,53,53,100.0,3,560.4286000016145,3866.0844000041834,28000,263.0,6,619.0,1,0.3689668809238237,10
compound,EHCO,4,2,169.54583109393644,208.77067486885085,250.92645157168,vibration,3,0.7096103235264482,299.0,596.0,99.33110367892976,0,53,53,100.0,3,130.18400000146357,751.6247000021394,28000,260.0,6,None,1,0.35513951877445354,10
compound,A*-GA,4,2,169.54583109393644,208.77067486885085,250.92645157168,vibration,3,0.7096103235264482,302.0,649.0,114.90066225165563,0,53,53,100.0,0,,0.0,0,271.0,2,None,1,0.3437402782438691,10
compound,noFLC,4,2,169.54583109393644,208.77067486885085,250.92645157168,vibration,3,0.7096103235264482,299.0,543.0,81.60535117056857,0,53,53,100.0,3,122.82459999551065,755.6762999956845,28000,260.0,6,None,1,0.35513951877445354,10
compound,moead-cl,4,2,169.54583109393644,208.77067486885085,250.92645157168,vibration,3,0.7096103235264482,299.0,577.0,92.97658862876254,0,53,53,100.0,3,547.0576000006986,3878.39819999499,28000,260.0,6,None,1,0.35513951877445354,10
compound,EHCO,5,2,169.54583109393644,208.77067486885085,250.92645157168,vibration,3,0.7096103235264482,321.0,679.0,111.5264797507788,0,53,53,100.0,3,120.83069999789586,730.297200003406,28000,253.0,4,521.0,1,0.37789902268025843,10
compound,A*-GA,5,2,169.54583109393644,208.77067486885085,250.92645157168,vibration,3,0.7096103235264482,318.0,795.0,150.0,0,53,53,100.0,0,,0.0,0,275.0,0,None,1,0.3364754825836787,10
compound,noFLC,5,2,169.54583109393644,208.77067486885085,250.92645157168,vibration,3,0.7096103235264482,321.0,579.0,80.37383177570094,0,53,53,100.0,3,121.31780000345316,740.4897999949753,28000,253.0,4,521.0,1,0.37789902268025843,10
compound,moead-cl,5,2,169.54583109393644,208.77067486885085,250.92645157168,vibration,3,0.7096103235264482,321.0,612.0,90.65420560747664,0,53,53,100.0,3,545.2721000037855,3837.8328000035253,28000,253.0,4,521.0,1,0.37789902268025843,10
compound,EHCO,6,2,169.54583109393644,208.77067486885085,250.92645157168,vibration,3,0.7096103235264482,352.0,603.0,71.30681818181817,0,53,53,100.0,3,115.0433000002522,676.2680000028922,28000,266.0,7,None,1,0.34729769032483865,10
compound,A*-GA,6,2,169.54583109393644,208.77067486885085,250.92645157168,vibration,3,0.7096103235264482,312.0,684.0,119.23076923076923,0,53,53,100.0,0,,0.0,0,270.0,2,None,1,0.34095069252949206,10
compound,noFLC,6,2,169.54583109393644,208.77067486885085,250.92645157168,vibration,3,0.7096103235264482,352.0,737.0,109.375,0,53,53,100.0,3,117.23499999789055,694.1970999978366,28000,266.0,7,630.0,1,0.3471347753713241,10
compound,moead-cl,6,2,169.54583109393644,208.77067486885085,250.92645157168,vibration,3,0.7096103235264482,352.0,603.0,71.30681818181817,0,53,53,100.0,3,534.0769999966142,3818.4252999999444,28000,266.0,7,None,1,0.34729769032483865,10
compound,EHCO,7,2,169.54583109393644,208.77067486885085,250.92645157168,vibration,3,0.7096103235264482,305.0,698.0,128.85245901639342,0,53,53,100.0,3,109.4742999994196,711.8489999993471,28000,262.0,9,None,1,0.3431799255501648,10
compound,A*-GA,7,2,169.54583109393644,208.77067486885085,250.92645157168,vibration,3,0.7096103235264482,313.0,940.0,200.31948881789137,0,53,53,100.0,0,,0.0,0,265.0,6,None,1,0.3340360405097225,10
compound,noFLC,7,2,169.54583109393644,208.77067486885085,250.92645157168,vibration,3,0.7096103235264482,305.0,698.0,128.85245901639342,0,53,53,100.0,3,108.07170000043698,729.8778000040329,28000,262.0,9,None,1,0.3431799255501648,10
compound,moead-cl,7,2,169.54583109393644,208.77067486885085,250.92645157168,vibration,3,0.7096103235264482,305.0,638.0,109.18032786885246,0,53,53,100.0,3,539.7592000008444,3831.355500005884,28000,262.0,9,None,1,0.3432523222364827,10
compound,EHCO,8,2,169.54583109393644,208.77067486885085,250.92645157168,vibration,3,0.7096103235264482,347.0,720.0,107.492795389049,0,53,53,100.0,3,129.75449999794364,767.0002999948338,28000,256.0,3,688.0,1,0.34221619517071084,10
compound,A*-GA,8,2,169.54583109393644,208.77067486885085,250.92645157168,vibration,3,0.7096103235264482,312.0,1318.0,322.43589743589746,0,53,53,100.0,0,,0.0,0,265.0,5,None,1,0.3332374826579054,10
compound,noFLC,8,2,169.54583109393644,208.77067486885085,250.92645157168,vibration,3,0.7096103235264482,347.0,641.0,84.72622478386167,0,53,53,100.0,3,139.10610000311863,737.1425000092131,28000,256.0,3,None,1,0.34227282733760583,10
compound,moead-cl,8,2,169.54583109393644,208.77067486885085,250.92645157168,vibration,3,0.7096103235264482,347.0,742.0,113.8328530259366,0,53,53,100.0,3,546.7357000015909,3879.0002000096138,28000,264.0,0,644.0,1,0.3475662657272025,10
compound,EHCO,9,2,169.54583109393644,208.77067486885085,250.92645157168,vibration,3,0.7096103235264482,317.0,550.0,73.50157728706624,0,53,53,100.0,3,112.11669999465812,708.4997999991174,28000,272.0,3,None,1,0.35740603528156756,10
compound,A*-GA,9,2,169.54583109393644,208.77067486885085,250.92645157168,vibration,3,0.7096103235264482,303.0,988.0,226.07260726072607,0,53,53,100.0,0,,0.0,0,266.0,4,None,1,0.3338352810685417,10
compound,noFLC,9,2,169.54583109393644,208.77067486885085,250.92645157168,vibration,3,0.7096103235264482,317.0,550.0,73.50157728706624,0,53,53,100.0,3,115.70189999474678,697.1006000021589,28000,272.0,3,None,1,0.35740603528156756,10
compound,moead-cl,9,2,169.54583109393644,208.77067486885085,250.92645157168,vibration,3,0.7096103235264482,317.0,550.0,73.50157728706624,0,53,53,100.0,3,540.7784000053653,3836.9278000027407,28000,272.0,3,None,1,0.35740603528156756,10
compound,EHCO,10,2,169.54583109393644,208.77067486885085,250.92645157168,vibration,3,0.7096103235264482,292.0,701.0,140.06849315068493,0,53,53,100.0,3,120.66490000142949,686.4696999982698,28000,258.0,7,None,1,0.33883778992631347,10
compound,A*-GA,10,2,169.54583109393644,208.77067486885085,250.92645157168,vibration,3,0.7096103235264482,278.0,1009.0,262.9496402877698,0,53,53,100.0,0,,0.0,0,256.0,0,None,1,0.3336959060097483,10
compound,noFLC,10,2,169.54583109393644,208.77067486885085,250.92645157168,vibration,3,0.7096103235264482,292.0,701.0,140.06849315068493,0,53,53,100.0,3,112.33199999696808,651.8429999996442,28000,258.0,7,None,1,0.33883778992631347,10
compound,moead-cl,10,2,169.54583109393644,208.77067486885085,250.92645157168,vibration,3,0.7096103235264482,292.0,701.0,140.06849315068493,0,53,53,100.0,3,544.3210999947041,3847.9347999964375,28000,258.0,7,None,1,0.33883778992631347,10
compound,EHCO,11,2,169.54583109393644,208.77067486885085,250.92645157168,vibration,3,0.7096103235264482,454.0,626.0,37.88546255506608,0,53,53,100.0,3,122.04170000040904,709.585300006438,28000,264.0,6,None,1,0.34475725814414043,10
compound,A*-GA,11,2,169.54583109393644,208.77067486885085,250.92645157168,vibration,3,0.7096103235264482,310.0,797.0,157.09677419354838,0,53,53,100.0,0,,0.0,0,259.0,0,None,1,0.33569165315392324,10
compound,noFLC,11,2,169.54583109393644,208.77067486885085,250.92645157168,vibration,3,0.7096103235264482,454.0,581.0,27.973568281938327,0,53,53,100.0,3,115.26050000247778,640.7272000069497,28000,254.0,9,None,1,0.3591463002920098,10
compound,moead-cl,11,2,169.54583109393644,208.77067486885085,250.92645157168,vibration,3,0.7096103235264482,454.0,764.0,68.28193832599119,0,53,53,100.0,3,550.7960999966599,3823.210899994592,28000,261.0,9,None,1,0.3368157282385097,10
compound,EHCO,12,2,169.54583109393644,208.77067486885085,250.92645157168,vibration,3,0.7096103235264482,306.0,538.0,75.81699346405229,0,53,53,100.0,3,121.21959999785759,714.3556000009994,28000,258.0,4,None,1,0.3956058370436392,10
compound,A*-GA,12,2,169.54583109393644,208.77067486885085,250.92645157168,vibration,3,0.7096103235264482,310.0,518.0,67.0967741935484,0,53,53,100.0,0,,0.0,0,281.0,8,None,1,0.3688121718957807,10
compound,noFLC,12,2,169.54583109393644,208.77067486885085,250.92645157168,vibration,3,0.7096103235264482,306.0,538.0,75.81699346405229,0,53,53,100.0,3,113.43699999997625,675.6771000000299,28000,258.0,4,None,1,0.3956058370436392,10
compound,moead-cl,12,2,169.54583109393644,208.77067486885085,250.92645157168,vibration,3,0.7096103235264482,306.0,609.0,99.01960784313727,0,53,53,100.0,3,554.77719999908,3805.738199996995,28000,258.0,4,583.0,1,0.3956058370436392,10
compound,EHCO,13,2,169.54583109393644,208.77067486885085,250.92645157168,vibration,3,0.7096103235264482,361.0,551.0,52.63157894736842,0,53,53,100.0,3,114.27179999736836,719.3335999982082,28000,263.0,9,319.0,1,0.3597856968307105,10
compound,A*-GA,13,2,169.54583109393644,208.77067486885085,250.92645157168,vibration,3,0.7096103235264482,294.0,1108.0,276.87074829931976,0,53,53,100.0,0,,0.0,0,264.0,0,None,1,0.33343460649529044,10
compound,noFLC,13,2,169.54583109393644,208.77067486885085,250.92645157168,vibration,3,0.7096103235264482,361.0,601.0,66.4819944598338,0,53,53,100.0,3,106.62049999518786,647.663099996862,28000,263.0,9,594.0,1,0.3610512568737675,10
compound,moead-cl,13,2,169.54583109393644,208.77067486885085,250.92645157168,vibration,3,0.7096103235264482,361.0,610.0,68.97506925207756,0,53,53,100.0,3,548.3642000035616,3827.7492000052007,28000,263.0,9,286.0,1,0.3507736490890894,10
compound,EHCO,14,2,169.54583109393644,208.77067486885085,250.92645157168,vibration,3,0.7096103235264482,278.0,603.0,116.90647482014388,0,53,53,100.0,3,114.6870000011404,677.1292000048561,28000,263.0,6,None,1,0.36631381379552336,10
compound,A*-GA,14,2,169.54583109393644,208.77067486885085,250.92645157168,vibration,3,0.7096103235264482,296.0,1081.0,265.2027027027027,0,53,53,100.0,0,,0.0,0,264.0,1,None,1,0.33351100122612676,10
compound,noFLC,14,2,169.54583109393644,208.77067486885085,250.92645157168,vibration,3,0.7096103235264482,278.0,603.0,116.90647482014388,0,53,53,100.0,3,103.30510000494542,653.1936000028509,28000,263.0,6,None,1,0.36631381379552336,10
compound,moead-cl,14,2,169.54583109393644,208.77067486885085,250.92645157168,vibration,3,0.7096103235264482,278.0,591.0,112.58992805755396,0,53,53,100.0,3,544.1053999966243,3801.8169999995735,28000,263.0,6,None,1,0.36631381379552336,10
compound,EHCO,15,2,169.54583109393644,208.77067486885085,250.92645157168,vibration,3,0.7096103235264482,349.0,659.0,88.82521489971347,0,53,53,100.0,3,122.25849999958882,734.3691000060062,28000,268.0,2,572.0,1,0.36672232115621034,10
compound,A*-GA,15,2,169.54583109393644,208.77067486885085,250.92645157168,vibration,3,0.7096103235264482,301.0,1367.0,354.15282392026575,0,53,53,100.0,0,,0.0,0,261.0,4,None,1,0.33324247649273414,10
compound,noFLC,15,2,169.54583109393644,208.77067486885085,250.92645157168,vibration,3,0.7096103235264482,349.0,796.0,128.08022922636104,0,53,53,100.0,3,119.19990000023972,735.686899999564,28000,268.0,2,572.0,1,0.3592008397088614,10
compound,moead-cl,15,2,169.54583109393644,208.77067486885085,250.92645157168,vibration,3,0.7096103235264482,349.0,606.0,73.63896848137536,0,53,53,100.0,3,557.9331999979331,3891.8749000004027,28000,268.0,2,572.0,1,0.36672232115621034,10
compound,EHCO,16,2,169.54583109393644,208.77067486885085,250.92645157168,vibration,3,0.7096103235264482,291.0,751.0,158.07560137457045,0,53,53,100.0,3,120.65899999288376,722.1321999895736,28000,261.0,6,460.0,1,0.3531695675216037,10
compound,A*-GA,16,2,169.54583109393644,208.77067486885085,250.92645157168,vibration,3,0.7096103235264482,297.0,1170.0,293.93939393939394,0,53,53,100.0,0,,0.0,0,260.0,8,None,1,0.3333669807658425,10
compound,noFLC,16,2,169.54583109393644,208.77067486885085,250.92645157168,vibration,3,0.7096103235264482,291.0,751.0,158.07560137457045,0,53,53,100.0,3,117.05639999854611,721.1344000024837,28000,261.0,6,460.0,1,0.3531695675216037,10
compound,moead-cl,16,2,169.54583109393644,208.77067486885085,250.92645157168,vibration,3,0.7096103235264482,291.0,751.0,158.07560137457045,0,53,53,100.0,3,564.5691000027,3880.5031000010786,28000,261.0,6,460.0,1,0.3531695675216037,10
compound,EHCO,17,2,169.54583109393644,208.77067486885085,250.92645157168,vibration,3,0.7096103235264482,380.0,508.0,33.68421052631579,0,53,53,100.0,3,124.81090000073891,669.1552999982378,28000,290.0,8,362.0,1,0.3885497311711407,10
compound,A*-GA,17,2,169.54583109393644,208.77067486885085,250.92645157168,vibration,3,0.7096103235264482,294.0,861.0,192.85714285714286,0,53,53,100.0,0,,0.0,0,257.0,0,None,1,0.33473439443891,10
compound,noFLC,17,2,169.54583109393644,208.77067486885085,250.92645157168,vibration,3,0.7096103235264482,380.0,557.0,46.578947368421055,0,53,53,100.0,3,112.0738000026904,702.7123999941978,28000,268.0,7,305.0,1,0.3668903669691635,10
compound,moead-cl,17,2,169.54583109393644,208.77067486885085,250.92645157168,vibration,3,0.7096103235264482,380.0,574.0,51.05263157894737,0,53,53,100.0,3,541.1887999944156,3856.1805999997887,28000,266.0,9,None,1,0.3515887979891583,10
compound,EHCO,18,2,169.54583109393644,208.77067486885085,250.92645157168,vibration,3,0.7096103235264482,309.0,587.0,89.96763754045307,0,53,53,100.0,3,123.37590000242926,724.8555999976816,28000,261.0,9,480.0,1,0.4214269112950055,10
compound,A*-GA,18,2,169.54583109393644,208.77067486885085,250.92645157168,vibration,3,0.7096103235264482,314.0,746.0,137.5796178343949,0,53,53,100.0,0,,0.0,0,261.0,6,None,1,0.33716210876994696,10
compound,noFLC,18,2,169.54583109393644,208.77067486885085,250.92645157168,vibration,3,0.7096103235264482,309.0,644.0,108.41423948220066,0,53,53,100.0,3,117.15600000025006,713.8173999992432,28000,257.0,7,380.0,1,0.35564504990259466,10
compound,moead-cl,18,2,169.54583109393644,208.77067486885085,250.92645157168,vibration,3,0.7096103235264482,309.0,758.0,145.30744336569578,0,53,53,100.0,3,548.1347000022652,3831.0820999977295,28000,259.0,9,None,1,0.34471424878408413,10
compound,EHCO,19,2,169.54583109393644,208.77067486885085,250.92645157168,vibration,3,0.7096103235264482,345.0,748.0,116.81159420289855,0,53,53,100.0,3,111.41309999948135,660.6449000100838,28000,263.0,8,370.0,1,0.3429230236451049,10
compound,A*-GA,19,2,169.54583109393644,208.77067486885085,250.92645157168,vibration,3,0.7096103235264482,298.0,758.0,154.36241610738256,0,53,53,100.0,0,,0.0,0,266.0,1,None,1,0.3370827687717239,10
compound,noFLC,19,2,169.54583109393644,208.77067486885085,250.92645157168,vibration,3,0.7096103235264482,345.0,586.0,69.85507246376812,0,53,53,100.0,3,117.88050000177464,694.4865999976173,28000,274.0,0,None,1,0.39130682789105986,10
compound,moead-cl,19,2,169.54583109393644,208.77067486885085,250.92645157168,vibration,3,0.7096103235264482,345.0,482.0,39.710144927536234,0,53,53,100.0,3,525.4789999962668,3759.7090999915963,28000,274.0,0,None,1,0.39130682789105986,10
compound,EHCO,20,2,169.54583109393644,208.77067486885085,250.92645157168,vibration,3,0.7096103235264482,293.0,458.0,56.31399317406144,0,53,53,100.0,3,114.76510000647977,662.7693000118597,28000,269.0,7,None,1,0.39149734806194086,10
compound,A*-GA,20,2,169.54583109393644,208.77067486885085,250.92645157168,vibration,3,0.7096103235264482,299.0,1156.0,286.62207357859535,0,53,53,100.0,0,,0.0,0,271.0,6,None,1,0.3334820924312527,10
compound,noFLC,20,2,169.54583109393644,208.77067486885085,250.92645157168,vibration,3,0.7096103235264482,293.0,458.0,56.31399317406144,0,53,53,100.0,3,114.05309999827296,707.9415999978664,28000,269.0,7,None,1,0.39149734806194086,10
compound,moead-cl,20,2,169.54583109393644,208.77067486885085,250.92645157168,vibration,3,0.7096103235264482,293.0,497.0,69.6245733788396,0,53,53,100.0,3,538.4215000012773,3834.930800003349,28000,269.0,7,None,1,0.39149734806194086,10
compound,EHCO,21,2,169.54583109393644,208.77067486885085,250.92645157168,vibration,3,0.7096103235264482,284.0,560.0,97.1830985915493,0,53,53,100.0,3,117.95189999975264,656.0987999982899,28000,260.0,6,555.0,1,0.36170294990815055,10
compound,A*-GA,21,2,169.54583109393644,208.77067486885085,250.92645157168,vibration,3,0.7096103235264482,304.0,1197.0,293.75,0,53,53,100.0,0,,0.0,0,259.0,7,None,1,0.33331555773059435,10
compound,noFLC,21,2,169.54583109393644,208.77067486885085,250.92645157168,vibration,3,0.7096103235264482,284.0,713.0,151.05633802816902,0,53,53,100.0,3,117.5156999961473,689.9264999883599,28000,256.0,3,None,1,0.34869818477156883,10
compound,moead-cl,21,2,169.54583109393644,208.77067486885085,250.92645157168,vibration,3,0.7096103235264482,284.0,617.0,117.25352112676057,0,53,53,100.0,3,533.1655999980285,3828.2617000004393,28000,256.0,3,None,1,0.34869818477156883,10
compound,EHCO,22,2,169.54583109393644,208.77067486885085,250.92645157168,vibration,3,0.7096103235264482,287.0,514.0,79.09407665505228,0,53,53,100.0,3,114.80440000013914,666.3374000054318,28000,264.0,4,271.0,1,0.3651112936429805,10
compound,A*-GA,22,2,169.54583109393644,208.77067486885085,250.92645157168,vibration,3,0.7096103235264482,307.0,1125.0,266.44951140065143,0,53,53,100.0,0,,0.0,0,268.0,9,None,1,0.3333425853118653,10
compound,noFLC,22,2,169.54583109393644,208.77067486885085,250.92645157168,vibration,3,0.7096103235264482,287.0,563.0,96.16724738675958,0,53,53,100.0,3,119.60019999969518,687.8891000014846,28000,264.0,4,343.0,1,0.37085887391216665,10
compound,moead-cl,22,2,169.54583109393644,208.77067486885085,250.92645157168,vibration,3,0.7096103235264482,287.0,667.0,132.404181184669,0,53,53,100.0,3,534.0446000045631,3834.815400005027,28000,264.0,4,271.0,1,0.3422343603999861,10
compound,EHCO,23,2,169.54583109393644,208.77067486885085,250.92645157168,vibration,3,0.7096103235264482,362.0,608.0,67.95580110497238,0,53,53,100.0,3,120.54219999845373,742.434100000537,28000,255.0,1,None,1,0.35472397699856967,10
compound,A*-GA,23,2,169.54583109393644,208.77067486885085,250.92645157168,vibration,3,0.7096103235264482,319.0,1121.0,251.41065830721004,0,53,53,100.0,0,,0.0,0,263.0,4,None,1,0.33341835831855815,10
compound,noFLC,23,2,169.54583109393644,208.77067486885085,250.92645157168,vibration,3,0.7096103235264482,362.0,665.0,83.70165745856355,0,53,53,100.0,3,124.76199999946402,678.1606999938958,28000,255.0,1,None,1,0.35472397699856967,10
compound,moead-cl,23,2,169.54583109393644,208.77067486885085,250.92645157168,vibration,3,0.7096103235264482,362.0,598.0,65.19337016574586,0,53,53,100.0,3,532.5494999997318,3807.4941000013496,28000,255.0,1,None,1,0.35472397699856967,10
compound,EHCO,24,2,169.54583109393644,208.77067486885085,250.92645157168,vibration,3,0.7096103235264482,312.0,751.0,140.7051282051282,0,53,53,100.0,3,111.46939999889582,656.1655000041355,28000,273.0,6,480.0,1,0.36898487169279987,10
compound,A*-GA,24,2,169.54583109393644,208.77067486885085,250.92645157168,vibration,3,0.7096103235264482,293.0,1315.0,348.80546075085323,0,53,53,100.0,0,,0.0,0,258.0,5,None,1,0.33330271605380385,10
compound,noFLC,24,2,169.54583109393644,208.77067486885085,250.92645157168,vibration,3,0.7096103235264482,312.0,623.0,99.67948717948718,0,53,53,100.0,3,116.29610000090906,698.145200003637,28000,267.0,8,None,1,0.36006303355824654,10
compound,moead-cl,24,2,169.54583109393644,208.77067486885085,250.92645157168,vibration,3,0.7096103235264482,312.0,635.0,103.52564102564104,0,53,53,100.0,3,534.0483000036329,3843.769400002202,28000,273.0,6,480.0,1,0.4216090933819943,10
compound,EHCO,25,2,169.54583109393644,208.77067486885085,250.92645157168,vibration,3,0.7096103235264482,372.0,567.0,52.41935483870967,0,53,53,100.0,3,118.9271999974153,781.0107999976026,28000,260.0,6,454.0,1,0.3913777290197896,10
compound,A*-GA,25,2,169.54583109393644,208.77067486885085,250.92645157168,vibration,3,0.7096103235264482,292.0,1269.0,334.5890410958904,0,53,53,100.0,0,,0.0,0,262.0,4,None,1,0.3333165816178711,10
compound,noFLC,25,2,169.54583109393644,208.77067486885085,250.92645157168,vibration,3,0.7096103235264482,372.0,642.0,72.58064516129032,0,53,53,100.0,3,115.59950000082608,721.7751999924076,28000,260.0,6,454.0,1,0.3675571972773304,10
compound,moead-cl,25,2,169.54583109393644,208.77067486885085,250.92645157168,vibration,3,0.7096103235264482,372.0,477.0,28.225806451612907,0,53,53,100.0,3,541.2157999962801,3838.132199998654,28000,254.0,6,458.0,1,0.42753530445753923,10
compound,EHCO,26,2,169.54583109393644,208.77067486885085,250.92645157168,vibration,3,0.7096103235264482,324.0,1017.0,213.88888888888889,0,53,53,100.0,3,113.21210000460269,686.0867000068538,28000,266.0,5,None,1,0.33365165397417684,10
compound,A*-GA,26,2,169.54583109393644,208.77067486885085,250.92645157168,vibration,3,0.7096103235264482,276.0,460.0,66.66666666666666,0,53,53,100.0,0,,0.0,0,277.0,2,None,1,0.38766571952888734,10
compound,noFLC,26,2,169.54583109393644,208.77067486885085,250.92645157168,vibration,3,0.7096103235264482,324.0,1017.0,213.88888888888889,0,53,53,100.0,3,114.90860000048997,641.5883999943617,28000,266.0,5,None,1,0.33365165397417684,10
compound,moead-cl,26,2,169.54583109393644,208.77067486885085,250.92645157168,vibration,3,0.7096103235264482,324.0,558.0,72.22222222222221,0,53,53,100.0,3,550.5931000006967,3804.797300006612,28000,270.0,2,443.0,1,0.44548843269259003,10
compound,EHCO,27,2,169.54583109393644,208.77067486885085,250.92645157168,vibration,3,0.7096103235264482,296.0,586.0,97.97297297297297,0,53,53,100.0,3,132.4864999987767,734.671400001389,28000,254.0,8,None,1,0.3589559515114081,10
compound,A*-GA,27,2,169.54583109393644,208.77067486885085,250.92645157168,vibration,3,0.7096103235264482,304.0,1391.0,357.5657894736842,0,53,53,100.0,0,,0.0,0,266.0,7,None,1,0.33319905321159593,10
compound,noFLC,27,2,169.54583109393644,208.77067486885085,250.92645157168,vibration,3,0.7096103235264482,296.0,688.0,132.43243243243242,0,53,53,100.0,3,119.8694000049727,692.4811999997473,28000,254.0,8,685.0,1,0.3589559515114081,10
compound,moead-cl,27,2,169.54583109393644,208.77067486885085,250.92645157168,vibration,3,0.7096103235264482,296.0,527.0,78.04054054054053,0,53,53,100.0,3,550.6272999991779,3846.7558000047575,28000,254.0,8,None,1,0.3589559515114081,10
compound,EHCO,28,2,169.54583109393644,208.77067486885085,250.92645157168,vibration,3,0.7096103235264482,412.0,771.0,87.13592233009709,0,53,53,100.0,3,118.13780000375118,746.6081000020495,28000,260.0,6,690.0,1,0.3452582352607539,10
compound,A*-GA,28,2,169.54583109393644,208.77067486885085,250.92645157168,vibration,3,0.7096103235264482,321.0,1076.0,235.202492211838,0,53,53,100.0,0,,0.0,0,260.0,0,None,1,0.3335698582039118,10
compound,noFLC,28,2,169.54583109393644,208.77067486885085,250.92645157168,vibration,3,0.7096103235264482,412.0,645.0,56.55339805825243,0,53,53,100.0,3,108.9609000046039,700.0586000067415,28000,260.0,6,None,1,0.3452582352607539,10
compound,moead-cl,28,2,169.54583109393644,208.77067486885085,250.92645157168,vibration,3,0.7096103235264482,412.0,878.0,113.10679611650485,0,53,53,100.0,3,547.3080000010668,3884.6735000042827,28000,260.0,6,690.0,1,0.3452582352607539,10
compound,EHCO,29,2,169.54583109393644,208.77067486885085,250.92645157168,vibration,3,0.7096103235264482,369.0,639.0,73.17073170731707,0,53,53,100.0,3,127.1541000023717,692.895000000135,28000,256.0,0,528.0,1,0.3594864186862568,10
compound,A*-GA,29,2,169.54583109393644,208.77067486885085,250.92645157168,vibration,3,0.7096103235264482,305.0,1365.0,347.54098360655735,0,53,53,100.0,0,,0.0,0,271.0,6,None,1,0.3332438529086148,10
compound,noFLC,29,2,169.54583109393644,208.77067486885085,250.92645157168,vibration,3,0.7096103235264482,369.0,662.0,79.40379403794037,0,53,53,100.0,3,121.34189999778755,726.1158999972395,28000,259.0,2,None,1,0.36294469439384397,10
compound,moead-cl,29,2,169.54583109393644,208.77067486885085,250.92645157168,vibration,3,0.7096103235264482,369.0,505.0,36.856368563685635,0,53,53,100.0,3,575.4769999985001,3861.2420999997994,28000,270.0,6,None,1,0.36755543602416707,10
compound,EHCO,30,2,169.54583109393644,208.77067486885085,250.92645157168,vibration,3,0.7096103235264482,353.0,535.0,51.55807365439094,0,53,53,100.0,3,127.03500000498025,682.1506000051158,28000,257.0,1,295.0,1,0.3689157988143448,10
compound,A*-GA,30,2,169.54583109393644,208.77067486885085,250.92645157168,vibration,3,0.7096103235264482,287.0,899.0,213.2404181184669,0,53,53,100.0,0,,0.0,0,267.0,6,None,1,0.33451169995401314,10
compound,noFLC,30,2,169.54583109393644,208.77067486885085,250.92645157168,vibration,3,0.7096103235264482,353.0,535.0,51.55807365439094,0,53,53,100.0,3,114.93329999939306,689.0069999935804,28000,259.0,7,None,1,0.36180031148693736,10
compound,moead-cl,30,2,169.54583109393644,208.77067486885085,250.92645157168,vibration,3,0.7096103235264482,353.0,535.0,51.55807365439094,0,53,53,100.0,3,539.9381000024732,3843.5507000031066,28000,264.0,2,323.0,1,0.36706432767492936,10
compound,EHCO,1,3,115.46054122220865,155.78157460564864,193.30733624009343,thermal,9,0.7877904250463668,337.0,916.0,171.8100890207715,0,53,53,100.0,3,150.82609999808483,733.0462000027183,28000,430.0,8,598.0,1,0.578772872085067,10
compound,A*-GA,1,3,115.46054122220865,155.78157460564864,193.30733624009343,thermal,9,0.7877904250463668,313.0,2245.0,617.2523961661342,0,53,53,100.0,0,,0.0,0,419.0,4,None,1,0.5581707833816493,10
compound,noFLC,1,3,115.46054122220865,155.78157460564864,193.30733624009343,thermal,9,0.7877904250463668,337.0,805.0,138.87240356083086,0,53,53,100.0,3,136.36949999636272,717.6681000055396,28000,435.0,4,None,1,0.5612213142922954,10
compound,moead-cl,1,3,115.46054122220865,155.78157460564864,193.30733624009343,thermal,9,0.7877904250463668,337.0,767.0,127.59643916913947,0,53,53,100.0,3,547.3962999967625,3838.469599999371,28000,421.0,0,None,1,0.5725532529028765,10
compound,EHCO,2,3,115.46054122220865,155.78157460564864,193.30733624009343,thermal,9,0.7877904250463668,307.0,698.0,127.3615635179153,0,53,53,100.0,3,143.4951999981422,695.3548999954364,28000,421.0,2,None,1,0.5666173904909688,10
compound,A*-GA,2,3,115.46054122220865,155.78157460564864,193.30733624009343,thermal,9,0.7877904250463668,304.0,1436.0,372.3684210526316,0,53,53,100.0,0,,0.0,0,421.0,5,None,1,0.5583517008827669,10
compound,noFLC,2,3,115.46054122220865,155.78157460564864,193.30733624009343,thermal,9,0.7877904250463668,307.0,806.0,162.54071661237785,0,53,53,100.0,3,148.52830000018002,695.152300009795,28000,433.0,8,None,1,0.5611002862948022,10
compound,moead-cl,2,3,115.46054122220865,155.78157460564864,193.30733624009343,thermal,9,0.7877904250463668,307.0,788.0,156.67752442996743,0,53,53,100.0,3,550.8305999974255,3833.282899999176,28000,421.0,2,709.0,1,0.5666173904909688,10
compound,EHCO,3,3,115.46054122220865,155.78157460564864,193.30733624009343,thermal,9,0.7877904250463668,303.0,928.0,206.2706270627063,0,53,53,100.0,3,136.2557000029483,735.6345000080182,28000,417.0,7,622.0,1,0.5717907022627668,10
compound,A*-GA,3,3,115.46054122220865,155.78157460564864,193.30733624009343,thermal,9,0.7877904250463668,304.0,2063.0,578.6184210526316,0,53,53,100.0,0,,0.0,0,433.0,1,None,1,0.5582261564929384,10
compound,noFLC,3,3,115.46054122220865,155.78157460564864,193.30733624009343,thermal,9,0.7877904250463668,303.0,840.0,177.22772277227722,0,53,53,100.0,3,142.92639999621315,719.8858999981894,28000,417.0,7,622.0,1,0.5729262580253623,10
compound,moead-cl,3,3,115.46054122220865,155.78157460564864,193.30733624009343,thermal,9,0.7877904250463668,303.0,947.0,212.54125412541254,0,53,53,100.0,3,559.6630000000005,3850.2446000056807,28000,417.0,7,622.0,1,0.5699059275967212,10
compound,EHCO,4,3,115.46054122220865,155.78157460564864,193.30733624009343,thermal,9,0.7877904250463668,299.0,636.0,112.70903010033445,0,53,53,100.0,3,146.22239999880549,572.4522999953479,28000,433.0,2,511.0,1,0.5915515998404266,10
compound,A*-GA,4,3,115.46054122220865,155.78157460564864,193.30733624009343,thermal,9,0.7877904250463668,302.0,1583.0,424.1721854304636,0,53,53,100.0,0,,0.0,0,439.0,6,None,1,0.5582890919675666,10
compound,noFLC,4,3,115.46054122220865,155.78157460564864,193.30733624009343,thermal,9,0.7877904250463668,299.0,824.0,175.58528428093643,0,53,53,100.0,3,142.00520000304095,726.7362000056892,28000,421.0,1,None,1,0.5607491581938054,10
compound,moead-cl,4,3,115.46054122220865,155.78157460564864,193.30733624009343,thermal,9,0.7877904250463668,299.0,880.0,194.31438127090303,0,53,53,100.0,3,556.9845999998506,3870.847300000605,28000,433.0,2,511.0,1,0.5653269173124078,10
compound,EHCO,5,3,115.46054122220865,155.78157460564864,193.30733624009343,thermal,9,0.7877904250463668,321.0,944.0,194.0809968847352,0,53,53,100.0,3,149.02799999981653,770.7474999988335,28000,423.0,6,722.0,1,0.5661607774070032,10
compound,A*-GA,5,3,115.46054122220865,155.78157460564864,193.30733624009343,thermal,9,0.7877904250463668,318.0,1361.0,327.98742138364776,0,53,53,100.0,0,,0.0,0,440.0,2,None,1,0.5583771968171949,10
compound,noFLC,5,3,115.46054122220865,155.78157460564864,193.30733624009343,thermal,9,0.7877904250463668,321.0,892.0,177.88161993769472,0,53,53,100.0,3,134.62630000140052,731.364700004633,28000,423.0,6,722.0,1,0.5661607774070032,10
compound,moead-cl,5,3,115.46054122220865,155.78157460564864,193.30733624009343,thermal,9,0.7877904250463668,321.0,857.0,166.97819314641745,0,53,53,100.0,3,567.0696999950451,3874.4893000039156,28000,417.0,8,612.0,1,0.5912467173998601,10
compound,EHCO,6,3,115.46054122220865,155.78157460564864,193.30733624009343,thermal,9,0.7877904250463668,352.0,1198.0,240.3409090909091,0,53,53,100.0,3,136.1274999944726,682.4169999963487,28000,418.0,2,None,1,0.5586391724212187,10
compound,A*-GA,6,3,115.46054122220865,155.78157460564864,193.30733624009343,thermal,9,0.7877904250463668,312.0,2361.0,656.7307692307693,1,52,53,98.11320754716981,0,,0.0,0,434.0,6,None,1,0.5581987323200548,10
compound,noFLC,6,3,115.46054122220865,155.78157460564864,193.30733624009343,thermal,9,0.7877904250463668,352.0,1529.0,334.375,0,53,53,100.0,2,130.08049999916693,243.61599999974715,8000,432.0,7,None,1,0.5580967433801346,10
compound,moead-cl,6,3,115.46054122220865,155.78157460564864,193.30733624009343,thermal,9,0.7877904250463668,352.0,747.0,112.21590909090908,0,53,53,100.0,3,568.4092000010423,3847.0920999970986,28000,434.0,1,588.0,1,0.5946494141803526,10
compound,EHCO,7,3,115.46054122220865,155.78157460564864,193.30733624009343,thermal,9,0.7877904250463668,305.0,725.0,137.70491803278688,0,53,53,100.0,3,147.13929999561515,747.4854999964009,28000,434.0,5,None,1,0.5617308866738149,10
compound,A*-GA,7,3,115.46054122220865,155.78157460564864,193.30733624009343,thermal,9,0.7877904250463668,313.0,1337.0,327.15654952076676,0,53,53,100.0,0,,0.0,0,406.0,0,None,1,0.5582998358490187,10
compound,noFLC,7,3,115.46054122220865,155.78157460564864,193.30733624009343,thermal,9,0.7877904250463668,305.0,696.0,128.19672131147541,0,53,53,100.0,3,138.76819999859435,742.9525999905309,28000,434.0,5,None,1,0.5780199540639877,10
compound,moead-cl,7,3,115.46054122220865,155.78157460564864,193.30733624009343,thermal,9,0.7877904250463668,305.0,600.0,96.72131147540983,0,53,53,100.0,2,556.3161999962176,1096.2264999980107,8000,430.0,6,555.0,1,0.5809333280789992,10
compound,EHCO,8,3,115.46054122220865,155.78157460564864,193.30733624009343,thermal,9,0.7877904250463668,347.0,972.0,180.11527377521614,0,53,53,100.0,3,142.81409999966854,800.8723999955691,28000,412.0,3,None,1,0.5600827833528348,10
compound,A*-GA,8,3,115.46054122220865,155.78157460564864,193.30733624009343,thermal,9,0.7877904250463668,312.0,1432.0,358.974358974359,0,53,53,100.0,0,,0.0,0,395.0,7,None,1,0.5581883648593594,10
compound,noFLC,8,3,115.46054122220865,155.78157460564864,193.30733624009343,thermal,9,0.7877904250463668,347.0,1123.0,223.63112391930838,0,53,53,100.0,3,145.98129999649245,734.868199993798,28000,412.0,3,1087.0,1,0.5600827833528348,10
compound,moead-cl,8,3,115.46054122220865,155.78157460564864,193.30733624009343,thermal,9,0.7877904250463668,347.0,987.0,184.43804034582132,0,53,53,100.0,3,578.0302999992273,3951.4197999960743,28000,412.0,3,None,1,0.5600827833528348,10
compound,EHCO,9,3,115.46054122220865,155.78157460564864,193.30733624009343,thermal,9,0.7877904250463668,317.0,930.0,193.37539432176655,0,53,53,100.0,3,143.68570000078762,725.8873000027961,28000,432.0,4,792.0,1,0.5625997360751619,10
compound,A*-GA,9,3,115.46054122220865,155.78157460564864,193.30733624009343,thermal,9,0.7877904250463668,303.0,2669.0,780.8580858085809,0,53,53,100.0,0,,0.0,0,416.0,2,None,1,0.5582208098911161,10
compound,noFLC,9,3,115.46054122220865,155.78157460564864,193.30733624009343,thermal,9,0.7877904250463668,317.0,1046.0,229.96845425867508,0,53,53,100.0,3,135.8678999968106,717.1503999998095,28000,432.0,4,792.0,1,0.5625997360751619,10
compound,moead-cl,9,3,115.46054122220865,155.78157460564864,193.30733624009343,thermal,9,0.7877904250463668,317.0,789.0,148.89589905362777,0,53,53,100.0,3,570.8222999965074,3861.4613999961875,28000,432.0,4,None,1,0.5625997360751619,10
compound,EHCO,10,3,115.46054122220865,155.78157460564864,193.30733624009343,thermal,9,0.7877904250463668,292.0,665.0,127.73972602739727,0,53,53,100.0,3,135.68189999932656,541.2931000028038,28000,436.0,3,None,1,0.5982031554379648,10
compound,A*-GA,10,3,115.46054122220865,155.78157460564864,193.30733624009343,thermal,9,0.7877904250463668,278.0,2840.0,921.5827338129496,0,53,53,100.0,0,,0.0,0,428.0,8,None,1,0.5582909374750052,10
compound,noFLC,10,3,115.46054122220865,155.78157460564864,193.30733624009343,thermal,9,0.7877904250463668,292.0,828.0,183.56164383561645,0,53,53,100.0,3,130.45710000005784,700.6655000004685,28000,442.0,9,None,1,0.5595565441869653,10
compound,moead-cl,10,3,115.46054122220865,155.78157460564864,193.30733624009343,thermal,9,0.7877904250463668,292.0,652.0,123.28767123287672,0,53,53,100.0,2,539.1126000031363,1081.9769000008819,8000,430.0,6,537.0,1,0.5880717274184281,10
compound,EHCO,11,3,115.46054122220865,155.78157460564864,193.30733624009343,thermal,9,0.7877904250463668,454.0,842.0,85.46255506607929,0,53,53,100.0,3,130.36210000427673,761.5854000032414,28000,418.0,2,None,1,0.5598683038999559,10
compound,A*-GA,11,3,115.46054122220865,155.78157460564864,193.30733624009343,thermal,9,0.7877904250463668,310.0,1904.0,514.1935483870967,0,53,53,100.0,0,,0.0,0,421.0,4,None,1,0.5582184136914251,10
compound,noFLC,11,3,115.46054122220865,155.78157460564864,193.30733624009343,thermal,9,0.7877904250463668,454.0,1107.0,143.83259911894274,0,53,53,100.0,3,130.5828999975347,718.3400000067195,28000,436.0,8,1027.0,1,0.5588957437656517,10
compound,moead-cl,11,3,115.46054122220865,155.78157460564864,193.30733624009343,thermal,9,0.7877904250463668,454.0,1137.0,150.44052863436124,0,53,53,100.0,3,560.7653999977629,3867.42729999969,28000,433.0,4,1068.0,1,0.560706518648322,10
compound,EHCO,12,3,115.46054122220865,155.78157460564864,193.30733624009343,thermal,9,0.7877904250463668,306.0,848.0,177.12418300653593,0,53,53,100.0,3,142.32860000629444,728.2147000078112,28000,415.0,9,None,1,0.5616895439223465,10
compound,A*-GA,12,3,115.46054122220865,155.78157460564864,193.30733624009343,thermal,9,0.7877904250463668,310.0,2063.0,565.483870967742,1,52,53,98.11320754716981,0,,0.0,0,402.0,0,None,1,0.5582942525370016,10
compound,noFLC,12,3,115.46054122220865,155.78157460564864,193.30733624009343,thermal,9,0.7877904250463668,306.0,901.0,194.44444444444443,0,53,53,100.0,3,134.87410000379896,734.6217000085744,28000,415.0,9,None,1,0.5616895439223465,10
compound,moead-cl,12,3,115.46054122220865,155.78157460564864,193.30733624009343,thermal,9,0.7877904250463668,306.0,1086.0,254.9019607843137,0,53,53,100.0,3,568.1621999974595,3880.463800007419,28000,415.0,9,957.0,1,0.5616895439223465,10
compound,EHCO,13,3,115.46054122220865,155.78157460564864,193.30733624009343,thermal,9,0.7877904250463668,361.0,683.0,89.19667590027701,0,53,53,100.0,3,134.56720000249334,690.6210000015562,28000,430.0,0,None,1,0.5669888723177441,10
compound,A*-GA,13,3,115.46054122220865,155.78157460564864,193.30733624009343,thermal,9,0.7877904250463668,294.0,2131.0,624.8299319727892,0,53,53,100.0,0,,0.0,0,420.0,1,None,1,0.5574323392202368,10
compound,noFLC,13,3,115.46054122220865,155.78157460564864,193.30733624009343,thermal,9,0.7877904250463668,361.0,670.0,85.59556786703601,0,53,53,100.0,3,144.5523999936995,684.9299000023166,28000,430.0,0,None,1,0.5669888723177441,10
compound,moead-cl,13,3,115.46054122220865,155.78157460564864,193.30733624009343,thermal,9,0.7877904250463668,361.0,622.0,72.29916897506925,0,53,53,100.0,3,543.9926999970339,3808.4791000001132,28000,430.0,0,None,1,0.5670368940282391,10
compound,EHCO,14,3,115.46054122220865,155.78157460564864,193.30733624009343,thermal,9,0.7877904250463668,278.0,826.0,197.12230215827338,0,53,53,100.0,3,138.95059999777004,716.4074999964214,28000,424.0,9,768.0,1,0.5632659550341622,10
compound,A*-GA,14,3,115.46054122220865,155.78157460564864,193.30733624009343,thermal,9,0.7877904250463668,296.0,1156.0,290.5405405405405,0,53,53,100.0,0,,0.0,0,428.0,5,None,1,0.5583711612542884,10
compound,noFLC,14,3,115.46054122220865,155.78157460564864,193.30733624009343,thermal,9,0.7877904250463668,278.0,898.0,223.02158273381295,0,53,53,100.0,3,139.02670000243234,733.9304000051925,28000,424.0,9,768.0,1,0.5632659550341622,10
compound,moead-cl,14,3,115.46054122220865,155.78157460564864,193.30733624009343,thermal,9,0.7877904250463668,278.0,804.0,189.20863309352518,0,53,53,100.0,3,547.8673000034178,3842.396000000008,28000,424.0,9,768.0,1,0.5632659550341622,10
compound,EHCO,15,3,115.46054122220865,155.78157460564864,193.30733624009343,thermal,9,0.7877904250463668,349.0,778.0,122.92263610315186,0,53,53,100.0,3,126.96680000226479,695.3443000020343,28000,436.0,1,666.0,1,0.5703873822846593,10
compound,A*-GA,15,3,115.46054122220865,155.78157460564864,193.30733624009343,thermal,9,0.7877904250463668,301.0,1864.0,519.2691029900332,0,53,53,100.0,0,,0.0,0,436.0,1,None,1,0.5582180640023361,10
compound,noFLC,15,3,115.46054122220865,155.78157460564864,193.30733624009343,thermal,9,0.7877904250463668,349.0,753.0,115.75931232091689,0,53,53,100.0,3,133.55240000237245,670.5649000068661,28000,436.0,1,666.0,1,0.5703873822846593,10
compound,moead-cl,15,3,115.46054122220865,155.78157460564864,193.30733624009343,thermal,9,0.7877904250463668,349.0,778.0,122.92263610315186,0,53,53,100.0,3,545.5405000029714,3857.217800003127,28000,436.0,1,666.0,1,0.5703873822846593,10
compound,EHCO,16,3,115.46054122220865,155.78157460564864,193.30733624009343,thermal,9,0.7877904250463668,291.0,931.0,219.93127147766324,0,53,53,100.0,3,147.15140000043903,833.4297000037623,28000,441.0,9,899.0,1,0.5601924677112641,10
compound,A*-GA,16,3,115.46054122220865,155.78157460564864,193.30733624009343,thermal,9,0.7877904250463668,297.0,1727.0,481.48148148148147,0,53,53,100.0,0,,0.0,0,423.0,4,None,1,0.5584655005531082,10
compound,noFLC,16,3,115.46054122220865,155.78157460564864,193.30733624009343,thermal,9,0.7877904250463668,291.0,1160.0,298.6254295532646,0,53,53,100.0,3,142.38489999843296,758.4694999968633,28000,441.0,9,899.0,1,0.5601924677112641,10
compound,moead-cl,16,3,115.46054122220865,155.78157460564864,193.30733624009343,thermal,9,0.7877904250463668,291.0,832.0,185.9106529209622,0,53,53,100.0,3,565.620499997749,3844.508800000767,28000,441.0,9,None,1,0.5601924677112641,10
compound,EHCO,17,3,115.46054122220865,155.78157460564864,193.30733624009343,thermal,9,0.7877904250463668,380.0,860.0,126.3157894736842,0,53,53,100.0,3,151.7701999982819,741.9851999875391,28000,418.0,1,831.0,1,0.5677354397219586,10
compound,A*-GA,17,3,115.46054122220865,155.78157460564864,193.30733624009343,thermal,9,0.7877904250463668,294.0,1412.0,380.2721088435374,0,53,53,100.0,0,,0.0,0,420.0,2,None,1,0.5583406605559046,10
compound,noFLC,17,3,115.46054122220865,155.78157460564864,193.30733624009343,thermal,9,0.7877904250463668,380.0,720.0,89.47368421052632,0,53,53,100.0,3,138.1787999998778,689.939099996991,28000,418.0,1,None,1,0.5677354397219586,10
compound,moead-cl,17,3,115.46054122220865,155.78157460564864,193.30733624009343,thermal,9,0.7877904250463668,380.0,792.0,108.42105263157895,0,53,53,100.0,3,573.268599997391,3826.654199998302,28000,418.0,1,None,1,0.5677354397219586,10
compound,EHCO,18,3,115.46054122220865,155.78157460564864,193.30733624009343,thermal,9,0.7877904250463668,309.0,1152.0,272.81553398058253,0,53,53,100.0,3,150.10800000163727,758.2658999963314,28000,434.0,1,688.0,1,0.5642424069482591,10
compound,A*-GA,18,3,115.46054122220865,155.78157460564864,193.30733624009343,thermal,9,0.7877904250463668,314.0,2320.0,638.8535031847134,0,53,53,100.0,0,,0.0,0,424.0,8,None,1,0.5581476576879781,10
compound,noFLC,18,3,115.46054122220865,155.78157460564864,193.30733624009343,thermal,9,0.7877904250463668,309.0,1024.0,231.3915857605178,0,53,53,100.0,3,140.72690000466537,731.4215000078548,28000,431.0,9,None,1,0.5588593193691263,10
compound,moead-cl,18,3,115.46054122220865,155.78157460564864,193.30733624009343,thermal,9,0.7877904250463668,309.0,945.0,205.8252427184466,0,53,53,100.0,3,558.2742000042344,3889.242799996282,28000,435.0,3,576.0,1,0.5680578252309236,10
compound,EHCO,19,3,115.46054122220865,155.78157460564864,193.30733624009343,thermal,9,0.7877904250463668,345.0,1437.0,316.52173913043475,0,53,53,100.0,3,142.97929999884218,546.8772000022,28000,440.0,6,None,1,0.5582141635538996,10
compound,A*-GA,19,3,115.46054122220865,155.78157460564864,193.30733624009343,thermal,9,0.7877904250463668,298.0,2663.0,793.6241610738256,0,53,53,100.0,0,,0.0,0,438.0,9,None,1,0.5582128046654395,10
compound,noFLC,19,3,115.46054122220865,155.78157460564864,193.30733624009343,thermal,9,0.7877904250463668,345.0,808.0,134.20289855072465,0,53,53,100.0,3,138.8061999969068,726.4666999908513,28000,433.0,3,630.0,1,0.5982755927048293,10
compound,moead-cl,19,3,115.46054122220865,155.78157460564864,193.30733624009343,thermal,9,0.7877904250463668,345.0,814.0,135.94202898550725,0,53,53,100.0,3,547.6048999989871,3815.760400000727,28000,411.0,2,724.0,1,0.566267442917111,10
compound,EHCO,20,3,115.46054122220865,155.78157460564864,193.30733624009343,thermal,9,0.7877904250463668,293.0,767.0,161.77474402730377,0,53,53,100.0,3,140.25709999987157,746.1739999998827,28000,408.0,0,None,1,0.560790154391925,10
compound,A*-GA,20,3,115.46054122220865,155.78157460564864,193.30733624009343,thermal,9,0.7877904250463668,299.0,1225.0,309.6989966555184,0,53,53,100.0,0,,0.0,0,420.0,9,None,1,0.5583053853774403,10
compound,noFLC,20,3,115.46054122220865,155.78157460564864,193.30733624009343,thermal,9,0.7877904250463668,293.0,875.0,198.63481228668942,0,53,53,100.0,3,146.97480000177165,706.8260000014561,28000,408.0,0,804.0,1,0.560790154391925,10
compound,moead-cl,20,3,115.46054122220865,155.78157460564864,193.30733624009343,thermal,9,0.7877904250463668,293.0,767.0,161.77474402730377,0,53,53,100.0,3,546.7179999977816,3818.6659999919357,28000,408.0,0,None,1,0.560790154391925,10
compound,EHCO,21,3,115.46054122220865,155.78157460564864,193.30733624009343,thermal,9,0.7877904250463668,284.0,956.0,236.61971830985914,0,53,53,100.0,3,142.60579999972833,691.4627000005567,28000,418.0,3,742.0,1,0.564978999412737,10
compound,A*-GA,21,3,115.46054122220865,155.78157460564864,193.30733624009343,thermal,9,0.7877904250463668,304.0,1255.0,312.82894736842104,0,53,53,100.0,0,,0.0,0,422.0,0,None,1,0.5583773153849685,10
compound,noFLC,21,3,115.46054122220865,155.78157460564864,193.30733624009343,thermal,9,0.7877904250463668,284.0,672.0,136.61971830985914,0,53,53,100.0,3,149.15530000143917,693.2885999995051,28000,418.0,3,None,1,0.564978999412737,10
compound,moead-cl,21,3,115.46054122220865,155.78157460564864,193.30733624009343,thermal,9,0.7877904250463668,284.0,666.0,134.50704225352112,0,53,53,100.0,3,559.9435999974958,3835.643899990828,28000,418.0,3,None,1,0.564978999412737,10
compound,EHCO,22,3,115.46054122220865,155.78157460564864,193.30733624009343,thermal,9,0.7877904250463668,287.0,842.0,193.37979094076655,0,53,53,100.0,3,135.39550000132294,733.8052000122843,28000,426.0,7,None,1,0.5608974569782761,10
compound,A*-GA,22,3,115.46054122220865,155.78157460564864,193.30733624009343,thermal,9,0.7877904250463668,307.0,2876.0,836.8078175895766,0,53,53,100.0,0,,0.0,0,422.0,5,None,1,0.5582051485923757,10
compound,noFLC,22,3,115.46054122220865,155.78157460564864,193.30733624009343,thermal,9,0.7877904250463668,287.0,1059.0,268.98954703832754,0,53,53,100.0,3,138.34510000015143,674.898099998245,28000,426.0,7,857.0,1,0.5608974569782761,10
compound,moead-cl,22,3,115.46054122220865,155.78157460564864,193.30733624009343,thermal,9,0.7877904250463668,287.0,930.0,224.0418118466899,0,53,53,100.0,3,559.0928999954485,3873.728199985635,28000,426.0,7,857.0,1,0.5608974569782761,10
compound,EHCO,23,3,115.46054122220865,155.78157460564864,193.30733624009343,thermal,9,0.7877904250463668,362.0,847.0,133.9779005524862,0,53,53,100.0,3,151.3836000012816,778.6139000018011,28000,415.0,5,828.0,1,0.5608686900711088,10
compound,A*-GA,23,3,115.46054122220865,155.78157460564864,193.30733624009343,thermal,9,0.7877904250463668,319.0,2490.0,680.564263322884,0,53,53,100.0,0,,0.0,0,426.0,4,None,1,0.5582626150433951,10
compound,noFLC,23,3,115.46054122220865,155.78157460564864,193.30733624009343,thermal,9,0.7877904250463668,362.0,978.0,170.1657458563536,0,53,53,100.0,3,141.56880000518868,757.4005999995279,28000,425.0,7,625.0,1,0.5727074124519138,10
compound,moead-cl,23,3,115.46054122220865,155.78157460564864,193.30733624009343,thermal,9,0.7877904250463668,362.0,879.0,142.81767955801106,0,53,53,100.0,3,565.3557000041474,3862.9805000091437,28000,427.0,3,809.0,1,0.5701696891068487,10
compound,EHCO,24,3,115.46054122220865,155.78157460564864,193.30733624009343,thermal,9,0.7877904250463668,312.0,729.0,133.65384615384613,0,53,53,100.0,3,128.60969999746885,671.675999998115,28000,428.0,4,724.0,1,0.5663781624457779,10
compound,A*-GA,24,3,115.46054122220865,155.78157460564864,193.30733624009343,thermal,9,0.7877904250463668,293.0,1831.0,524.9146757679181,0,53,53,100.0,0,,0.0,0,435.0,6,None,1,0.5583010798814941,10
compound,noFLC,24,3,115.46054122220865,155.78157460564864,193.30733624009343,thermal,9,0.7877904250463668,312.0,1018.0,226.28205128205127,0,53,53,100.0,3,123.43039999541361,671.3772999937646,28000,441.0,3,None,1,0.558696132921391,10
compound,moead-cl,24,3,115.46054122220865,155.78157460564864,193.30733624009343,thermal,9,0.7877904250463668,312.0,621.0,99.03846153846155,0,53,53,100.0,3,555.1118000003044,3869.141099996341,28000,419.0,1,540.0,1,0.5982993286121159,10
compound,EHCO,25,3,115.46054122220865,155.78157460564864,193.30733624009343,thermal,9,0.7877904250463668,372.0,808.0,117.20430107526883,0,53,53,100.0,3,138.004299995373,723.8533999916399,28000,430.0,3,None,1,0.5603739431424034,10
compound,A*-GA,25,3,115.46054122220865,155.78157460564864,193.30733624009343,thermal,9,0.7877904250463668,292.0,2731.0,835.2739726027398,0,53,53,100.0,0,,0.0,0,424.0,8,None,1,0.5582892697758659,10
compound,noFLC,25,3,115.46054122220865,155.78157460564864,193.30733624009343,thermal,9,0.7877904250463668,372.0,808.0,117.20430107526883,0,53,53,100.0,3,148.75829999800771,749.772800001665,28000,430.0,3,None,1,0.5603739431424034,10
compound,moead-cl,25,3,115.46054122220865,155.78157460564864,193.30733624009343,thermal,9,0.7877904250463668,372.0,808.0,117.20430107526883,0,53,53,100.0,3,544.3553999939468,3853.6267999952543,28000,430.0,3,None,1,0.5603739431424034,10
compound,EHCO,26,3,115.46054122220865,155.78157460564864,193.30733624009343,thermal,9,0.7877904250463668,324.0,794.0,145.06172839506172,0,53,53,100.0,3,129.88490000134334,698.7361999999848,28000,444.0,0,None,1,0.5617745595702976,10
compound,A*-GA,26,3,115.46054122220865,155.78157460564864,193.30733624009343,thermal,9,0.7877904250463668,276.0,1557.0,464.1304347826087,0,53,53,100.0,0,,0.0,0,422.0,1,None,1,0.558338481660349,10
compound,noFLC,26,3,115.46054122220865,155.78157460564864,193.30733624009343,thermal,9,0.7877904250463668,324.0,765.0,136.11111111111111,0,53,53,100.0,3,137.95150000078138,695.7707999972627,28000,446.0,1,None,1,0.5779423908952538,10
compound,moead-cl,26,3,115.46054122220865,155.78157460564864,193.30733624009343,thermal,9,0.7877904250463668,324.0,752.0,132.0987654320988,0,53,53,100.0,3,537.1973000001162,3883.0824000033317,28000,444.0,0,None,1,0.5617745595702976,10
compound,EHCO,27,3,115.46054122220865,155.78157460564864,193.30733624009343,thermal,9,0.7877904250463668,296.0,1277.0,331.4189189189189,0,53,53,100.0,3,150.99490000284277,730.7664000036311,28000,423.0,6,None,1,0.5584425480218022,10
compound,A*-GA,27,3,115.46054122220865,155.78157460564864,193.30733624009343,thermal,9,0.7877904250463668,304.0,2227.0,632.5657894736843,1,52,53,98.11320754716981,0,,0.0,0,416.0,2,None,1,0.5582243499331815,10
compound,noFLC,27,3,115.46054122220865,155.78157460564864,193.30733624009343,thermal,9,0.7877904250463668,296.0,1277.0,331.4189189189189,0,53,53,100.0,3,149.47289999690838,712.5635999982478,28000,423.0,6,None,1,0.5584425480218022,10
compound,moead-cl,27,3,115.46054122220865,155.78157460564864,193.30733624009343,thermal,9,0.7877904250463668,296.0,1346.0,354.72972972972974,0,53,53,100.0,3,565.2135999989696,3859.9836000066716,28000,422.0,6,None,1,0.5581524255861781,10
compound,EHCO,28,3,115.46054122220865,155.78157460564864,193.30733624009343,thermal,9,0.7877904250463668,412.0,863.0,109.46601941747574,0,53,53,100.0,3,143.29770000040298,748.5335000019404,28000,420.0,8,None,1,0.5594437228124056,10
compound,A*-GA,28,3,115.46054122220865,155.78157460564864,193.30733624009343,thermal,9,0.7877904250463668,321.0,1538.0,379.1277258566978,0,53,53,100.0,0,,0.0,0,422.0,5,None,1,0.5581787163977503,10
compound,noFLC,28,3,115.46054122220865,155.78157460564864,193.30733624009343,thermal,9,0.7877904250463668,412.0,1092.0,165.04854368932038,0,53,53,100.0,3,138.65139999688836,664.0718000053312,28000,425.0,3,None,1,0.5583369931478738,10
compound,moead-cl,28,3,115.46054122220865,155.78157460564864,193.30733624009343,thermal,9,0.7877904250463668,412.0,690.0,67.47572815533981,0,53,53,100.0,3,566.3941000020714,3853.790100009064,28000,432.0,8,None,1,0.5635517738778351,10
compound,EHCO,29,3,115.46054122220865,155.78157460564864,193.30733624009343,thermal,9,0.7877904250463668,369.0,911.0,146.88346883468836,0,53,53,100.0,3,140.03819999925327,707.7967999939574,28000,424.0,0,833.0,1,0.5677699779180536,10
compound,A*-GA,29,3,115.46054122220865,155.78157460564864,193.30733624009343,thermal,9,0.7877904250463668,305.0,1504.0,393.11475409836066,0,53,53,100.0,0,,0.0,0,431.0,8,None,1,0.5582808550307969,10
compound,noFLC,29,3,115.46054122220865,155.78157460564864,193.30733624009343,thermal,9,0.7877904250463668,369.0,1165.0,215.71815718157183,0,53,53,100.0,3,130.05600000178674,682.5604999976349,28000,438.0,4,698.0,1,0.562117360292629,10
compound,moead-cl,29,3,115.46054122220865,155.78157460564864,193.30733624009343,thermal,9,0.7877904250463668,369.0,705.0,91.05691056910568,0,53,53,100.0,3,565.5914999952074,3837.192099992535,28000,424.0,0,None,1,0.5677699779180536,10
compound,EHCO,30,3,115.46054122220865,155.78157460564864,193.30733624009343,thermal,9,0.7877904250463668,353.0,861.0,143.90934844192634,0,53,53,100.0,3,147.10439999907976,719.7291000047699,28000,428.0,1,None,1,0.5600900204291847,10
compound,A*-GA,30,3,115.46054122220865,155.78157460564864,193.30733624009343,thermal,9,0.7877904250463668,287.0,1901.0,562.3693379790941,0,53,53,100.0,0,,0.0,0,430.0,0,None,1,0.5583478483959194,10
compound,noFLC,30,3,115.46054122220865,155.78157460564864,193.30733624009343,thermal,9,0.7877904250463668,353.0,655.0,85.55240793201133,0,53,53,100.0,3,131.22540000040317,701.3513000056264,28000,420.0,6,None,1,0.5724541004730874,10
compound,moead-cl,30,3,115.46054122220865,155.78157460564864,193.30733624009343,thermal,9,0.7877904250463668,353.0,614.0,73.93767705382436,0,53,53,100.0,3,546.1514000053285,3846.236700010195,28000,427.0,1,455.0,1,0.5807513921375589,10
compound,EHCO,1,4,102.40902831951453,156.5545908029008,184.0949779750743,vibration,2,0.5366783616106333,337.0,459.0,36.20178041543027,0,53,53,100.0,3,143.89350000419654,799.8971999986679,28000,228.0,2,249.0,1,0.38039104268542717,10
compound,A*-GA,1,4,102.40902831951453,156.5545908029008,184.0949779750743,vibration,2,0.5366783616106333,313.0,1672.0,434.185303514377,0,53,53,100.0,0,,0.0,0,228.0,7,None,1,0.33262987753418033,10
compound,noFLC,1,4,102.40902831951453,156.5545908029008,184.0949779750743,vibration,2,0.5366783616106333,337.0,458.0,35.90504451038576,0,53,53,100.0,3,149.9744999964605,801.2019999878248,28000,228.0,2,288.0,1,0.39736184468461805,10
compound,moead-cl,1,4,102.40902831951453,156.5545908029008,184.0949779750743,vibration,2,0.5366783616106333,337.0,491.0,45.6973293768546,0,53,53,100.0,3,558.1601000012597,3877.098600001773,28000,228.0,2,276.0,1,0.3707718053374426,10
compound,EHCO,2,4,102.40902831951453,156.5545908029008,184.0949779750743,vibration,2,0.5366783616106333,307.0,478.0,55.700325732899024,0,53,53,100.0,3,147.3476999963168,796.090899995761,28000,222.0,8,261.0,1,0.3779810703118895,10
compound,A*-GA,2,4,102.40902831951453,156.5545908029008,184.0949779750743,vibration,2,0.5366783616106333,304.0,1695.0,457.5657894736843,0,53,53,100.0,0,,0.0,0,229.0,6,None,1,0.33254204207789206,10
compound,noFLC,2,4,102.40902831951453,156.5545908029008,184.0949779750743,vibration,2,0.5366783616106333,307.0,444.0,44.62540716612378,0,53,53,100.0,3,141.39810000051511,749.9368999997387,28000,222.0,8,261.0,1,0.39198843821336826,10
compound,moead-cl,2,4,102.40902831951453,156.5545908029008,184.0949779750743,vibration,2,0.5366783616106333,307.0,552.0,79.80456026058633,0,53,53,100.0,3,562.9119999939576,3862.0850999941467,28000,222.0,8,261.0,1,0.3577356433741378,10
compound,EHCO,3,4,102.40902831951453,156.5545908029008,184.0949779750743,vibration,2,0.5366783616106333,303.0,477.0,57.42574257425742,0,53,53,100.0,3,145.8111000029021,796.9598999989103,28000,219.0,5,253.0,1,0.3744979437808973,10
compound,A*-GA,3,4,102.40902831951453,156.5545908029008,184.0949779750743,vibration,2,0.5366783616106333,304.0,876.0,188.1578947368421,0,53,53,100.0,0,,0.0,0,219.0,9,None,1,0.33422387483540716,10
compound,noFLC,3,4,102.40902831951453,156.5545908029008,184.0949779750743,vibration,2,0.5366783616106333,303.0,508.0,67.65676567656766,0,53,53,100.0,3,137.53580000047805,750.1867000028142,28000,219.0,5,404.0,1,0.40632709422429986,10
compound,moead-cl,3,4,102.40902831951453,156.5545908029008,184.0949779750743,vibration,2,0.5366783616106333,303.0,444.0,46.53465346534654,0,53,53,100.0,3,572.7256999962265,3898.088399997505,28000,224.0,6,272.0,1,0.39353839577223976,10
compound,EHCO,4,4,102.40902831951453,156.5545908029008,184.0949779750743,vibration,2,0.5366783616106333,299.0,572.0,91.30434782608695,0,53,53,100.0,3,154.32780000264756,841.8900999968173,28000,230.0,9,None,1,0.3478328073650034,10
compound,A*-GA,4,4,102.40902831951453,156.5545908029008,184.0949779750743,vibration,2,0.5366783616106333,302.0,851.0,181.78807947019868,0,53,53,100.0,0,,0.0,0,224.0,1,None,1,0.3345294883612319,10
compound,noFLC,4,4,102.40902831951453,156.5545908029008,184.0949779750743,vibration,2,0.5366783616106333,299.0,603.0,101.67224080267559,0,53,53,100.0,3,151.29119999619434,848.813099990366,28000,230.0,9,321.0,1,0.3521140325347857,10
compound,moead-cl,4,4,102.40902831951453,156.5545908029008,184.0949779750743,vibration,2,0.5366783616106333,299.0,513.0,71.57190635451505,0,53,53,100.0,3,556.9920999987517,3898.758200004522,28000,230.0,9,337.0,1,0.38605333867429104,10
compound,EHCO,5,4,102.40902831951453,156.5545908029008,184.0949779750743,vibration,2,0.5366783616106333,321.0,567.0,76.63551401869158,0,53,53,100.0,3,143.64569999452215,817.7160999912303,28000,225.0,9,248.0,1,0.3525009150764822,10
compound,A*-GA,5,4,102.40902831951453,156.5545908029008,184.0949779750743,vibration,2,0.5366783616106333,318.0,848.0,166.66666666666669,0,53,53,100.0,0,,0.0,0,227.0,4,None,1,0.3345275357687164,10
compound,noFLC,5,4,102.40902831951453,156.5545908029008,184.0949779750743,vibration,2,0.5366783616106333,321.0,534.0,66.35514018691589,0,53,53,100.0,3,138.03030000417493,791.1146000042208,28000,225.0,9,248.0,1,0.35847681700387773,10
compound,moead-cl,5,4,102.40902831951453,156.5545908029008,184.0949779750743,vibration,2,0.5366783616106333,321.0,542.0,68.84735202492212,0,53,53,100.0,3,548.716900004365,3887.9597000050126,28000,228.0,6,333.0,1,0.36821548277060906,10
compound,EHCO,6,4,102.40902831951453,156.5545908029008,184.0949779750743,vibration,2,0.5366783616106333,352.0,434.0,23.295454545454543,0,53,53,100.0,3,140.89700000477023,761.8717000077595,28000,226.0,2,256.0,1,0.39564590767954017,10
compound,A*-GA,6,4,102.40902831951453,156.5545908029008,184.0949779750743,vibration,2,0.5366783616106333,312.0,939.0,200.96153846153845,0,53,53,100.0,0,,0.0,0,223.0,6,None,1,0.3338059212533099,10
compound,noFLC,6,4,102.40902831951453,156.5545908029008,184.0949779750743,vibration,2,0.5366783616106333,352.0,452.0,28.40909090909091,0,53,53,100.0,3,151.4681999979075,759.6311999950558,28000,223.0,7,340.0,1,0.4125723456706244,10
compound,moead-cl,6,4,102.40902831951453,156.5545908029008,184.0949779750743,vibration,2,0.5366783616106333,352.0,401.0,13.920454545454545,0,53,53,100.0,3,567.7015999972355,3871.1913999941316,28000,222.0,3,394.0,1,0.4178962939361704,10
compound,EHCO,7,4,102.40902831951453,156.5545908029008,184.0949779750743,vibration,2,0.5366783616106333,305.0,466.0,52.78688524590164,0,53,53,100.0,3,151.51260000129696,802.4202000015066,28000,218.0,1,282.0,1,0.3786906328510725,10
compound,A*-GA,7,4,102.40902831951453,156.5545908029008,184.0949779750743,vibration,2,0.5366783616106333,313.0,1131.0,261.34185303514374,0,53,53,100.0,0,,0.0,0,226.0,5,None,1,0.33343057607204146,10
compound,noFLC,7,4,102.40902831951453,156.5545908029008,184.0949779750743,vibration,2,0.5366783616106333,305.0,461.0,51.147540983606554,0,53,53,100.0,3,138.92800000030547,759.7476999944774,28000,218.0,1,282.0,1,0.3805284932671945,10
compound,moead-cl,7,4,102.40902831951453,156.5545908029008,184.0949779750743,vibration,2,0.5366783616106333,305.0,509.0,66.88524590163935,0,53,53,100.0,3,579.6795999995084,3906.9079000037163,28000,221.0,9,308.0,1,0.3841960889285556,10
compound,EHCO,8,4,102.40902831951453,156.5545908029008,184.0949779750743,vibration,2,0.5366783616106333,347.0,477.0,37.46397694524496,0,53,53,100.0,3,166.62340000038967,818.0289000083576,28000,222.0,7,319.0,1,0.3817968595167733,10
compound,A*-GA,8,4,102.40902831951453,156.5545908029008,184.0949779750743,vibration,2,0.5366783616106333,312.0,1082.0,246.7948717948718,0,53,53,100.0,0,,0.0,0,211.0,8,None,1,0.3333404063616069,10
compound,noFLC,8,4,102.40902831951453,156.5545908029008,184.0949779750743,vibration,2,0.5366783616106333,347.0,441.0,27.089337175792505,0,53,53,100.0,3,149.43059999495745,839.9946999852546,28000,222.0,6,388.0,1,0.4658257852372064,10
compound,moead-cl,8,4,102.40902831951453,156.5545908029008,184.0949779750743,vibration,2,0.5366783616106333,347.0,477.0,37.46397694524496,0,53,53,100.0,3,556.6163000039523,3895.9240000040154,28000,226.0,4,368.0,1,0.43857665361036474,10
compound,EHCO,9,4,102.40902831951453,156.5545908029008,184.0949779750743,vibration,2,0.5366783616106333,317.0,450.0,41.95583596214511,0,53,53,100.0,3,147.18939999875147,781.90979998908,28000,232.0,4,281.0,1,0.38925253039943075,10
compound,A*-GA,9,4,102.40902831951453,156.5545908029008,184.0949779750743,vibration,2,0.5366783616106333,303.0,970.0,220.13201320132012,0,53,53,100.0,0,,0.0,0,214.0,2,None,1,0.3336454874592092,10
compound,noFLC,9,4,102.40902831951453,156.5545908029008,184.0949779750743,vibration,2,0.5366783616106333,317.0,405.0,27.760252365930597,0,53,53,100.0,3,149.21920000051614,794.1097000002628,28000,232.0,4,281.0,1,0.4127240938633305,10
compound,moead-cl,9,4,102.40902831951453,156.5545908029008,184.0949779750743,vibration,2,0.5366783616106333,317.0,425.0,34.06940063091483,0,53,53,100.0,3,550.208400003612,3869.4498000040767,28000,232.0,4,281.0,1,0.40137530630037327,10
compound,EHCO,10,4,102.40902831951453,156.5545908029008,184.0949779750743,vibration,2,0.5366783616106333,292.0,392.0,34.24657534246575,0,53,53,100.0,3,135.69409999763593,805.4106999989017,28000,222.0,7,292.0,1,0.45048597317515704,10
compound,A*-GA,10,4,102.40902831951453,156.5545908029008,184.0949779750743,vibration,2,0.5366783616106333,278.0,748.0,169.06474820143885,0,53,53,100.0,0,,0.0,0,227.0,7,None,1,0.33661538865428153,10
compound,noFLC,10,4,102.40902831951453,156.5545908029008,184.0949779750743,vibration,2,0.5366783616106333,292.0,495.0,69.52054794520548,0,53,53,100.0,3,137.673299999733,760.935199999949,28000,222.0,7,292.0,1,0.38772083438295507,10
compound,moead-cl,10,4,102.40902831951453,156.5545908029008,184.0949779750743,vibration,2,0.5366783616106333,292.0,393.0,34.58904109589041,0,53,53,100.0,3,546.0804999966058,3861.3419999965117,28000,228.0,9,279.0,1,0.4370793579979519,10
compound,EHCO,11,4,102.40902831951453,156.5545908029008,184.0949779750743,vibration,2,0.5366783616106333,454.0,492.0,8.370044052863436,0,53,53,100.0,3,140.1116000051843,834.6739000044181,28000,216.0,5,269.0,1,0.3602560469599943,10
compound,A*-GA,11,4,102.40902831951453,156.5545908029008,184.0949779750743,vibration,2,0.5366783616106333,310.0,979.0,215.80645161290323,0,53,53,100.0,0,,0.0,0,216.0,4,None,1,0.3336312438347606,10
compound,noFLC,11,4,102.40902831951453,156.5545908029008,184.0949779750743,vibration,2,0.5366783616106333,454.0,584.0,28.634361233480178,0,53,53,100.0,3,136.0350000031758,796.3144000095781,28000,220.0,2,226.0,1,0.34582851710051044,10
compound,moead-cl,11,4,102.40902831951453,156.5545908029008,184.0949779750743,vibration,2,0.5366783616106333,454.0,463.0,1.9823788546255507,0,53,53,100.0,3,559.1959000012139,3898.7574000057066,28000,216.0,5,269.0,1,0.36746187292644256,10
compound,EHCO,12,4,102.40902831951453,156.5545908029008,184.0949779750743,vibration,2,0.5366783616106333,306.0,480.0,56.86274509803921,0,53,53,100.0,3,142.8572000004351,809.8955000023125,28000,213.0,6,278.0,1,0.3768514427731724,10
compound,A*-GA,12,4,102.40902831951453,156.5545908029008,184.0949779750743,vibration,2,0.5366783616106333,310.0,1118.0,260.64516129032256,0,53,53,100.0,0,,0.0,0,206.0,0,None,1,0.33328858557755614,10
compound,noFLC,12,4,102.40902831951453,156.5545908029008,184.0949779750743,vibration,2,0.5366783616106333,306.0,461.0,50.65359477124183,0,53,53,100.0,3,137.59230000141542,781.1083999986295,28000,224.0,7,None,1,0.3672311007076653,10
compound,moead-cl,12,4,102.40902831951453,156.5545908029008,184.0949779750743,vibration,2,0.5366783616106333,306.0,448.0,46.40522875816993,0,53,53,100.0,3,556.1251999970409,3884.958499991626,28000,203.0,9,262.0,1,0.3833462263654154,10
compound,EHCO,13,4,102.40902831951453,156.5545908029008,184.0949779750743,vibration,2,0.5366783616106333,361.0,469.0,29.916897506925206,0,53,53,100.0,3,137.4595000015688,746.9068999998854,28000,217.0,6,228.0,1,0.36696465513311244,10
compound,A*-GA,13,4,102.40902831951453,156.5545908029008,184.0949779750743,vibration,2,0.5366783616106333,294.0,684.0,132.6530612244898,0,53,53,100.0,0,,0.0,0,215.0,1,None,1,0.3379750788937715,10
compound,noFLC,13,4,102.40902831951453,156.5545908029008,184.0949779750743,vibration,2,0.5366783616106333,361.0,559.0,54.84764542936288,0,53,53,100.0,3,146.19549999770243,758.6699999956181,28000,221.0,4,251.0,1,0.35411385083195074,10
compound,moead-cl,13,4,102.40902831951453,156.5545908029008,184.0949779750743,vibration,2,0.5366783616106333,361.0,445.0,23.26869806094183,0,53,53,100.0,3,548.1854000026942,3833.7193000043044,28000,211.0,5,362.0,1,0.42808658905846414,10
compound,EHCO,14,4,102.40902831951453,156.5545908029008,184.0949779750743,vibration,2,0.5366783616106333,278.0,490.0,76.2589928057554,0,53,53,100.0,3,134.2281000033836,747.1478000006755,28000,225.0,2,255.0,1,0.3720425682790784,10
compound,A*-GA,14,4,102.40902831951453,156.5545908029008,184.0949779750743,vibration,2,0.5366783616106333,296.0,1197.0,304.3918918918919,0,53,53,100.0,0,,0.0,0,223.0,1,None,1,0.33333763945708744,10
compound,noFLC,14,4,102.40902831951453,156.5545908029008,184.0949779750743,vibration,2,0.5366783616106333,278.0,425.0,52.87769784172662,0,53,53,100.0,3,145.79129999765428,768.5979000016232,28000,218.0,5,317.0,1,0.43902348604915714,10
compound,moead-cl,14,4,102.40902831951453,156.5545908029008,184.0949779750743,vibration,2,0.5366783616106333,278.0,474.0,70.50359712230215,0,53,53,100.0,3,544.3521999986842,3857.8026999966823,28000,225.0,2,None,1,0.3643734725573842,10
compound,EHCO,15,4,102.40902831951453,156.5545908029008,184.0949779750743,vibration,2,0.5366783616106333,349.0,471.0,34.95702005730659,0,53,53,100.0,3,144.76339999964694,775.179999996908,28000,225.0,1,240.0,1,0.36699751164295713,10
compound,A*-GA,15,4,102.40902831951453,156.5545908029008,184.0949779750743,vibration,2,0.5366783616106333,301.0,803.0,166.77740863787375,0,53,53,100.0,0,,0.0,0,227.0,3,None,1,0.3352821070770311,10
compound,noFLC,15,4,102.40902831951453,156.5545908029008,184.0949779750743,vibration,2,0.5366783616106333,349.0,555.0,59.02578796561605,0,53,53,100.0,3,142.166300000099,733.591999996861,28000,225.0,1,305.0,1,0.3644848575289217,10
compound,moead-cl,15,4,102.40902831951453,156.5545908029008,184.0949779750743,vibration,2,0.5366783616106333,349.0,635.0,81.9484240687679,0,53,53,100.0,3,555.6798999969033,3839.1812999907415,28000,218.0,5,None,1,0.3406795521105922,10
compound,EHCO,16,4,102.40902831951453,156.5545908029008,184.0949779750743,vibration,2,0.5366783616106333,291.0,513.0,76.28865979381443,0,53,53,100.0,3,152.64540000498528,880.5055000048014,28000,218.0,7,None,1,0.39194794789950954,10
compound,A*-GA,16,4,102.40902831951453,156.5545908029008,184.0949779750743,vibration,2,0.5366783616106333,297.0,1058.0,256.22895622895624,0,53,53,100.0,0,,0.0,0,224.0,5,None,1,0.33347908911951474,10
compound,noFLC,16,4,102.40902831951453,156.5545908029008,184.0949779750743,vibration,2,0.5366783616106333,291.0,542.0,86.25429553264605,0,53,53,100.0,3,146.01589999801945,801.4317999986815,28000,218.0,7,389.0,1,0.38000452588649236,10
compound,moead-cl,16,4,102.40902831951453,156.5545908029008,184.0949779750743,vibration,2,0.5366783616106333,291.0,579.0,98.96907216494846,0,53,53,100.0,3,564.378899995063,3889.7642999945674,28000,218.0,7,274.0,1,0.3530408016424973,10
compound,EHCO,17,4,102.40902831951453,156.5545908029008,184.0949779750743,vibration,2,0.5366783616106333,380.0,418.0,10.0,0,53,53,100.0,3,143.05050000257324,739.8756999973557,28000,234.0,7,273.0,1,0.4051664080782606,10
compound,A*-GA,17,4,102.40902831951453,156.5545908029008,184.0949779750743,vibration,2,0.5366783616106333,294.0,657.0,123.46938775510203,0,53,53,100.0,0,,0.0,0,220.0,4,None,1,0.3394060623687136,10
compound,noFLC,17,4,102.40902831951453,156.5545908029008,184.0949779750743,vibration,2,0.5366783616106333,380.0,538.0,41.578947368421055,0,53,53,100.0,3,143.64080000086688,777.5101000006543,28000,234.0,7,267.0,1,0.36332892907378156,10
compound,moead-cl,17,4,102.40902831951453,156.5545908029008,184.0949779750743,vibration,2,0.5366783616106333,380.0,489.0,28.68421052631579,0,53,53,100.0,3,556.989100005012,3862.221800009138,28000,234.0,7,267.0,1,0.3779770786425192,10
compound,EHCO,18,4,102.40902831951453,156.5545908029008,184.0949779750743,vibration,2,0.5366783616106333,309.0,517.0,67.31391585760518,0,53,53,100.0,3,143.7249000009615,748.9051000011386,28000,226.0,2,378.0,1,0.38268040815476706,10
compound,A*-GA,18,4,102.40902831951453,156.5545908029008,184.0949779750743,vibration,2,0.5366783616106333,314.0,1310.0,317.19745222929936,0,53,53,100.0,0,,0.0,0,223.0,8,None,1,0.33315329018392154,10
compound,noFLC,18,4,102.40902831951453,156.5545908029008,184.0949779750743,vibration,2,0.5366783616106333,309.0,458.0,48.22006472491909,0,53,53,100.0,3,149.5839999988675,792.5546999977087,28000,226.0,2,432.0,1,0.40977692797503906,10
compound,moead-cl,18,4,102.40902831951453,156.5545908029008,184.0949779750743,vibration,2,0.5366783616106333,309.0,487.0,57.60517799352751,0,53,53,100.0,3,549.7462999992422,3882.532000003266,28000,226.0,2,306.0,1,0.37569399615905713,10
compound,EHCO,19,4,102.40902831951453,156.5545908029008,184.0949779750743,vibration,2,0.5366783616106333,345.0,460.0,33.33333333333333,0,53,53,100.0,3,151.51110000442713,766.7292000041925,28000,233.0,6,344.0,1,0.4398906598760296,10
compound,A*-GA,19,4,102.40902831951453,156.5545908029008,184.0949779750743,vibration,2,0.5366783616106333,298.0,802.0,169.1275167785235,0,53,53,100.0,0,,0.0,0,222.0,5,None,1,0.3352071681249566,10
compound,noFLC,19,4,102.40902831951453,156.5545908029008,184.0949779750743,vibration,2,0.5366783616106333,345.0,450.0,30.434782608695656,0,53,53,100.0,3,155.22040000359993,776.4399999941816,28000,222.0,4,253.0,1,0.3853859270005428,10
compound,moead-cl,19,4,102.40902831951453,156.5545908029008,184.0949779750743,vibration,2,0.5366783616106333,345.0,484.0,40.28985507246377,0,53,53,100.0,3,564.0608000030625,3872.512600006303,28000,222.0,4,253.0,1,0.3728730963062305,10
compound,EHCO,20,4,102.40902831951453,156.5545908029008,184.0949779750743,vibration,2,0.5366783616106333,293.0,388.0,32.42320819112628,0,53,53,100.0,3,148.25910000217846,778.4083000078681,28000,219.0,1,307.0,1,0.4296701686020832,10
compound,A*-GA,20,4,102.40902831951453,156.5545908029008,184.0949779750743,vibration,2,0.5366783616106333,299.0,570.0,90.63545150501672,0,53,53,100.0,0,,0.0,0,217.0,7,None,1,0.34583506226320937,10
compound,noFLC,20,4,102.40902831951453,156.5545908029008,184.0949779750743,vibration,2,0.5366783616106333,293.0,485.0,65.52901023890784,0,53,53,100.0,3,136.6243000011309,758.3019000012428,28000,219.0,8,228.0,1,0.3624352920986304,10
compound,moead-cl,20,4,102.40902831951453,156.5545908029008,184.0949779750743,vibration,2,0.5366783616106333,293.0,422.0,44.027303754266214,0,53,53,100.0,3,562.2977999955765,3880.282999991323,28000,219.0,1,403.0,1,0.4167647690885123,10
compound,EHCO,21,4,102.40902831951453,156.5545908029008,184.0949779750743,vibration,2,0.5366783616106333,284.0,513.0,80.63380281690141,0,53,53,100.0,3,154.7093000044697,806.7515000075218,28000,224.0,3,294.0,1,0.3724700588042223,10
compound,A*-GA,21,4,102.40902831951453,156.5545908029008,184.0949779750743,vibration,2,0.5366783616106333,304.0,829.0,172.69736842105263,0,53,53,100.0,0,,0.0,0,215.0,0,None,1,0.3347411762298677,10
compound,noFLC,21,4,102.40902831951453,156.5545908029008,184.0949779750743,vibration,2,0.5366783616106333,284.0,513.0,80.63380281690141,0,53,53,100.0,3,139.77359999989858,753.9200999890454,28000,224.0,3,294.0,1,0.3724700588042223,10
compound,moead-cl,21,4,102.40902831951453,156.5545908029008,184.0949779750743,vibration,2,0.5366783616106333,284.0,514.0,80.98591549295774,0,53,53,100.0,3,560.4329999987385,3886.9540999949095,28000,224.0,3,294.0,1,0.37215885549000943,10
compound,EHCO,22,4,102.40902831951453,156.5545908029008,184.0949779750743,vibration,2,0.5366783616106333,287.0,445.0,55.052264808362374,0,53,53,100.0,3,143.49070000025677,780.0132999982452,28000,214.0,2,261.0,1,0.3911804667482333,10
compound,A*-GA,22,4,102.40902831951453,156.5545908029008,184.0949779750743,vibration,2,0.5366783616106333,307.0,849.0,176.54723127035828,0,53,53,100.0,0,,0.0,0,225.0,5,None,1,0.334540131731701,10
compound,noFLC,22,4,102.40902831951453,156.5545908029008,184.0949779750743,vibration,2,0.5366783616106333,287.0,463.0,61.32404181184668,0,53,53,100.0,3,147.4670999959926,760.9912999978405,28000,230.0,7,305.0,1,0.38954414725376757,10
compound,moead-cl,22,4,102.40902831951453,156.5545908029008,184.0949779750743,vibration,2,0.5366783616106333,287.0,483.0,68.29268292682927,0,53,53,100.0,3,557.3798999976134,3866.6271999973105,28000,214.0,2,261.0,1,0.3760821250312536,10
compound,EHCO,23,4,102.40902831951453,156.5545908029008,184.0949779750743,vibration,2,0.5366783616106333,362.0,467.0,29.005524861878452,0,53,53,100.0,3,148.56300000246847,816.5660000013304,28000,224.0,4,261.0,1,0.37456513838969996,10
compound,A*-GA,23,4,102.40902831951453,156.5545908029008,184.0949779750743,vibration,2,0.5366783616106333,319.0,939.0,194.35736677115986,0,53,53,100.0,0,,0.0,0,222.0,8,None,1,0.33381858873298303,10
compound,noFLC,23,4,102.40902831951453,156.5545908029008,184.0949779750743,vibration,2,0.5366783616106333,362.0,593.0,63.812154696132595,0,53,53,100.0,3,150.15629999834346,793.6100000006263,28000,224.0,4,261.0,1,0.34810224752948055,10
compound,moead-cl,23,4,102.40902831951453,156.5545908029008,184.0949779750743,vibration,2,0.5366783616106333,362.0,504.0,39.226519337016576,0,53,53,100.0,3,555.59920000087,3858.1680999996024,28000,224.0,4,261.0,1,0.36384984834542666,10
compound,EHCO,24,4,102.40902831951453,156.5545908029008,184.0949779750743,vibration,2,0.5366783616106333,312.0,480.0,53.84615384615385,0,53,53,100.0,3,136.003299994627,766.6955000022426,28000,221.0,5,274.0,1,0.3713719534257483,10
compound,A*-GA,24,4,102.40902831951453,156.5545908029008,184.0949779750743,vibration,2,0.5366783616106333,293.0,529.0,80.54607508532423,0,53,53,100.0,0,,0.0,0,228.0,0,None,1,0.3534105679013174,10
compound,noFLC,24,4,102.40902831951453,156.5545908029008,184.0949779750743,vibration,2,0.5366783616106333,312.0,495.0,58.65384615384615,0,53,53,100.0,3,137.43160000012722,754.3576999960351,28000,221.0,5,274.0,1,0.3670401880623641,10
compound,moead-cl,24,4,102.40902831951453,156.5545908029008,184.0949779750743,vibration,2,0.5366783616106333,312.0,485.0,55.44871794871795,0,53,53,100.0,3,562.9607000009855,3870.7927000068594,28000,216.0,4,None,1,0.358679894525335,10
compound,EHCO,25,4,102.40902831951453,156.5545908029008,184.0949779750743,vibration,2,0.5366783616106333,372.0,465.0,25.0,0,53,53,100.0,3,151.97880000050645,782.4076999968383,28000,224.0,7,364.0,1,0.42237984706298587,10
compound,A*-GA,25,4,102.40902831951453,156.5545908029008,184.0949779750743,vibration,2,0.5366783616106333,292.0,665.0,127.73972602739727,0,53,53,100.0,0,,0.0,0,225.0,8,None,1,0.3395022776754487,10
compound,noFLC,25,4,102.40902831951453,156.5545908029008,184.0949779750743,vibration,2,0.5366783616106333,372.0,516.0,38.70967741935484,0,53,53,100.0,3,139.23690000228817,755.5300000094576,28000,224.0,2,264.0,1,0.36392613181417677,10
compound,moead-cl,25,4,102.40902831951453,156.5545908029008,184.0949779750743,vibration,2,0.5366783616106333,372.0,483.0,29.838709677419356,0,53,53,100.0,3,557.3661999951582,3879.9908999862964,28000,220.0,1,267.0,1,0.3725007226621924,10
compound,EHCO,26,4,102.40902831951453,156.5545908029008,184.0949779750743,vibration,2,0.5366783616106333,324.0,452.0,39.50617283950617,0,53,53,100.0,3,145.30720000038855,739.2888000031235,28000,222.0,4,277.0,1,0.3928966396524294,10
compound,A*-GA,26,4,102.40902831951453,156.5545908029008,184.0949779750743,vibration,2,0.5366783616106333,276.0,608.0,120.28985507246377,0,53,53,100.0,0,,0.0,0,222.0,8,None,1,0.3432034906150317,10
compound,noFLC,26,4,102.40902831951453,156.5545908029008,184.0949779750743,vibration,2,0.5366783616106333,324.0,420.0,29.629629629629626,0,53,53,100.0,3,132.989899997483,755.2813999936916,28000,222.0,4,277.0,1,0.40957323426819425,10
compound,moead-cl,26,4,102.40902831951453,156.5545908029008,184.0949779750743,vibration,2,0.5366783616106333,324.0,439.0,35.49382716049383,0,53,53,100.0,3,557.954999996582,3866.588099990622,28000,222.0,4,277.0,1,0.39923602480015347,10
compound,EHCO,27,4,102.40902831951453,156.5545908029008,184.0949779750743,vibration,2,0.5366783616106333,296.0,534.0,80.4054054054054,0,53,53,100.0,3,153.12310000444995,805.3430000072694,28000,219.0,5,265.0,1,0.3572718235102426,10
compound,A*-GA,27,4,102.40902831951453,156.5545908029008,184.0949779750743,vibration,2,0.5366783616106333,304.0,814.0,167.76315789473685,0,53,53,100.0,0,,0.0,0,220.0,2,None,1,0.33486755337651797,10
compound,noFLC,27,4,102.40902831951453,156.5545908029008,184.0949779750743,vibration,2,0.5366783616106333,296.0,646.0,118.24324324324324,0,53,53,100.0,3,149.68529999896418,806.495899996662,28000,222.0,5,256.0,1,0.3428791514905579,10
compound,moead-cl,27,4,102.40902831951453,156.5545908029008,184.0949779750743,vibration,2,0.5366783616106333,296.0,531.0,79.3918918918919,0,53,53,100.0,3,558.7502999987919,3915.1514999975916,28000,215.0,4,320.0,1,0.3816818589411893,10
compound,EHCO,28,4,102.40902831951453,156.5545908029008,184.0949779750743,vibration,2,0.5366783616106333,412.0,551.0,33.737864077669904,0,53,53,100.0,3,143.30879999761237,777.7763999911258,28000,227.0,2,473.0,1,0.43202421185009676,10
compound,A*-GA,28,4,102.40902831951453,156.5545908029008,184.0949779750743,vibration,2,0.5366783616106333,321.0,683.0,112.77258566978192,0,53,53,100.0,0,,0.0,0,215.0,5,None,1,0.33788491429182843,10
compound,noFLC,28,4,102.40902831951453,156.5545908029008,184.0949779750743,vibration,2,0.5366783616106333,412.0,529.0,28.398058252427184,0,53,53,100.0,3,152.63250000134576,781.5769000008004,28000,218.0,8,304.0,1,0.36967941435223167,10
compound,moead-cl,28,4,102.40902831951453,156.5545908029008,184.0949779750743,vibration,2,0.5366783616106333,412.0,529.0,28.398058252427184,0,53,53,100.0,3,566.5035999991233,3882.6165000064066,28000,219.0,8,305.0,1,0.3700604096557411,10
compound,EHCO,29,4,102.40902831951453,156.5545908029008,184.0949779750743,vibration,2,0.5366783616106333,369.0,501.0,35.77235772357724,0,53,53,100.0,3,148.89810000022408,819.1963999997824,28000,221.0,9,338.0,1,0.41315438498357016,10
compound,A*-GA,29,4,102.40902831951453,156.5545908029008,184.0949779750743,vibration,2,0.5366783616106333,305.0,729.0,139.01639344262296,0,53,53,100.0,0,,0.0,0,225.0,4,None,1,0.33688696876084967,10
compound,noFLC,29,4,102.40902831951453,156.5545908029008,184.0949779750743,vibration,2,0.5366783616106333,369.0,435.0,17.88617886178862,0,53,53,100.0,3,154.36879999469966,748.6604999940027,28000,217.0,4,223.0,1,0.3737655760042982,10
compound,moead-cl,29,4,102.40902831951453,156.5545908029008,184.0949779750743,vibration,2,0.5366783616106333,369.0,447.0,21.138211382113823,0,53,53,100.0,3,569.3895999938832,3867.49289999716,28000,218.0,5,244.0,1,0.38074959118072893,10
compound,EHCO,30,4,102.40902831951453,156.5545908029008,184.0949779750743,vibration,2,0.5366783616106333,353.0,379.0,7.365439093484419,0,53,53,100.0,3,143.85030000266852,750.9361000047647,28000,211.0,1,247.0,1,0.41791953615129956,10
compound,A*-GA,30,4,102.40902831951453,156.5545908029008,184.0949779750743,vibration,2,0.5366783616106333,287.0,641.0,123.34494773519165,0,53,53,100.0,0,,0.0,0,224.0,9,None,1,0.3408493201234861,10
compound,noFLC,30,4,102.40902831951453,156.5545908029008,184.0949779750743,vibration,2,0.5366783616106333,353.0,453.0,28.328611898016998,0,53,53,100.0,3,133.05369999579852,719.1430999955628,28000,220.0,7,291.0,1,0.4023995672206023,10
compound,moead-cl,30,4,102.40902831951453,156.5545908029008,184.0949779750743,vibration,2,0.5366783616106333,353.0,409.0,15.864022662889518,0,53,53,100.0,3,562.1710999985225,3897.0910999996704,28000,211.0,1,247.0,1,0.4002761537950181,10
