scenario,strategy,seed,instance,t_ev,f1_base,f1_event,deg_pct,timeout,response_ms,replan_evals,warn_t,warn_agv,n_warned,n_agv,event_fired,replan_applied,maint_enter
congestion,EHCO,31,0,150.0,270.0,428.0,58.51851851851851,0,794.0096000020276,4000.0,None,None,0,10,1,1,
congestion,A*-GA,31,0,150.0,285.0,475.0,66.66666666666666,0,None,None,None,None,0,10,1,0,
congestion,EHCO,32,0,150.0,292.0,547.0,87.32876712328768,0,876.7296999976679,4000.0,None,None,0,10,1,0,
congestion,A*-GA,32,0,150.0,301.0,540.0,79.40199335548172,0,None,None,None,None,0,10,1,0,
congestion,EHCO,33,0,150.0,328.0,620.0,89.02439024390245,0,818.7469999975292,4000.0,None,None,0,10,1,1,
congestion,A*-GA,33,0,150.0,305.0,618.0,102.62295081967213,0,None,None,None,None,0,10,1,0,
congestion,EHCO,34,0,150.0,307.0,592.0,92.83387622149837,0,864.2362999999023,4000.0,None,None,0,10,1,0,
congestion,A*-GA,34,0,150.0,320.0,585.0,82.8125,0,None,None,None,None,0,10,1,0,
congestion,EHCO,35,0,150.0,351.0,566.0,61.25356125356125,0,801.5479000023333,4000.0,None,None,0,10,1,1,
congestion,A*-GA,35,0,150.0,299.0,574.0,91.9732441471572,0,None,None,None,None,0,10,1,0,
congestion,EHCO,36,0,150.0,366.0,485.0,32.51366120218579,0,827.7423999970779,4000.0,None,None,0,10,1,1,
congestion,A*-GA,36,0,150.0,313.0,663.0,111.82108626198084,0,None,None,None,None,0,10,1,0,
congestion,EHCO,37,0,150.0,339.0,529.0,56.04719764011799,0,807.5451999975485,4000.0,None,None,0,10,1,1,
congestion,A*-GA,37,0,150.0,291.0,531.0,82.4742268041237,0,None,None,None,None,0,10,1,0,
congestion,EHCO,38,0,150.0,322.0,609.0,89.13043478260869,0,1006.7756999997073,4000.0,None,None,0,10,1,0,
congestion,A*-GA,38,0,150.0,334.0,697.0,108.68263473053892,0,None,None,None,None,0,10,1,0,
congestion,EHCO,39,0,150.0,314.0,574.0,82.80254777070064,0,942.8055000025779,4000.0,None,None,0,10,1,1,
congestion,A*-GA,39,0,150.0,316.0,572.0,81.0126582278481,0,None,None,None,None,0,10,1,0,
congestion,EHCO,40,0,150.0,270.0,467.0,72.96296296296296,0,825.9767999988981,4000.0,None,None,0,10,1,1,
congestion,A*-GA,40,0,150.0,304.0,582.0,91.44736842105263,0,None,None,None,None,0,10,1,0,
congestion,EHCO,41,0,150.0,397.0,579.0,45.843828715365234,0,827.5333999990835,4000.0,None,None,0,10,1,0,
congestion,A*-GA,41,0,150.0,291.0,550.0,89.00343642611683,0,None,None,None,None,0,10,1,0,
congestion,EHCO,42,0,150.0,371.0,583.0,57.14285714285714,0,799.7821999997541,4000.0,None,None,0,10,1,0,
congestion,A*-GA,42,0,150.0,302.0,626.0,107.28476821192052,0,None,None,None,None,0,10,1,0,
congestion,EHCO,43,0,150.0,291.0,460.0,58.075601374570454,0,809.2975999970804,4000.0,None,None,0,10,1,1,
congestion,A*-GA,43,0,150.0,280.0,536.0,91.42857142857143,0,None,None,None,None,0,10,1,0,
congestion,EHCO,44,0,150.0,305.0,768.0,151.80327868852459,0,885.5962999987241,4000.0,None,None,0,10,1,1,
congestion,A*-GA,44,0,150.0,308.0,617.0,100.32467532467533,0,None,None,None,None,0,10,1,0,
congestion,EHCO,45,0,150.0,342.0,569.0,66.37426900584795,0,811.2443999998504,4000.0,None,None,0,10,1,1,
congestion,A*-GA,45,0,150.0,304.0,554.0,82.23684210526315,0,None,None,None,None,0,10,1,0,
congestion,EHCO,46,0,150.0,300.0,576.0,92.0,0,835.9658999979729,4000.0,None,None,0,10,1,0,
congestion,A*-GA,46,0,150.0,297.0,597.0,101.01010101010101,0,None,None,None,None,0,10,1,0,
congestion,EHCO,47,0,150.0,312.0,696.0,123.07692307692308,0,888.2230999988678,4000.0,None,None,0,10,1,1,
congestion,A*-GA,47,0,150.0,313.0,640.0,104.47284345047922,0,None,None,None,None,0,10,1,0,
congestion,EHCO,48,0,150.0,315.0,558.0,77.14285714285715,0,806.2533000011172,4000.0,None,None,0,10,1,1,
congestion,A*-GA,48,0,150.0,308.0,580.0,88.31168831168831,0,None,None,None,None,0,10,1,0,
congestion,EHCO,49,0,150.0,310.0,533.0,71.93548387096774,0,800.0733999979275,4000.0,None,None,0,10,1,1,
congestion,A*-GA,49,0,150.0,302.0,556.0,84.10596026490066,0,None,None,None,None,0,10,1,0,
congestion,EHCO,50,0,150.0,348.0,602.0,72.98850574712644,0,855.9507000027224,4000.0,None,None,0,10,1,1,
congestion,A*-GA,50,0,150.0,299.0,539.0,80.2675585284281,0,None,None,None,None,0,10,1,0,
congestion,EHCO,51,0,150.0,282.0,558.0,97.87234042553192,0,807.7619000032428,4000.0,None,None,0,10,1,1,
congestion,A*-GA,51,0,150.0,293.0,600.0,104.77815699658703,0,None,None,None,None,0,10,1,0,
congestion,EHCO,52,0,150.0,324.0,514.0,58.64197530864198,0,788.9863000018522,4000.0,None,None,0,10,1,1,
congestion,A*-GA,52,0,150.0,301.0,549.0,82.39202657807309,0,None,None,None,None,0,10,1,0,
congestion,EHCO,53,0,150.0,396.0,559.0,41.16161616161616,0,782.1693000005325,4000.0,None,None,0,10,1,1,
congestion,A*-GA,53,0,150.0,290.0,528.0,82.06896551724138,0,None,None,None,None,0,10,1,0,
congestion,EHCO,54,0,150.0,352.0,806.0,128.97727272727272,0,799.7738999983994,4000.0,None,None,0,10,1,1,
congestion,A*-GA,54,0,150.0,323.0,681.0,110.83591331269349,0,None,None,None,None,0,10,1,0,
congestion,EHCO,55,0,150.0,359.0,654.0,82.17270194986072,0,831.4456999978574,4000.0,None,None,0,10,1,1,
congestion,A*-GA,55,0,150.0,292.0,557.0,90.75342465753424,0,None,None,None,None,0,10,1,0,
congestion,EHCO,56,0,150.0,342.0,541.0,58.187134502923975,0,800.2684999992198,4000.0,None,None,0,10,1,1,
congestion,A*-GA,56,0,150.0,296.0,488.0,64.86486486486487,0,None,None,None,None,0,10,1,0,
congestion,EHCO,57,0,150.0,277.0,533.0,92.4187725631769,0,709.5632999989903,4000.0,None,None,0,10,1,0,
congestion,A*-GA,57,0,150.0,287.0,552.0,92.33449477351915,0,None,None,None,None,0,10,1,0,
congestion,EHCO,58,0,150.0,307.0,573.0,86.64495114006515,0,800.6894999998622,4000.0,None,None,0,10,1,0,
congestion,A*-GA,58,0,150.0,318.0,578.0,81.76100628930818,0,None,None,None,None,0,10,1,0,
congestion,EHCO,59,0,150.0,292.0,506.0,73.28767123287672,0,626.0082999979204,4000.0,None,None,0,10,1,1,
congestion,A*-GA,59,0,150.0,298.0,599.0,101.00671140939596,0,None,None,None,None,0,10,1,0,
congestion,EHCO,60,0,150.0,353.0,586.0,66.0056657223796,0,758.7108999978227,4000.0,None,None,0,10,1,1,
congestion,A*-GA,60,0,150.0,297.0,502.0,69.02356902356902,0,None,None,None,None,0,10,1,0,
congestion,EHCO,31,1,201.83628993137137,270.0,411.0,52.22222222222223,0,645.8660999996937,4000.0,None,None,0,10,1,1,
congestion,A*-GA,31,1,201.83628993137137,285.0,385.0,35.08771929824561,0,None,None,None,None,0,10,1,0,
congestion,EHCO,32,1,201.83628993137137,292.0,532.0,82.1917808219178,0,711.6583999995783,4000.0,None,None,0,10,1,1,
congestion,A*-GA,32,1,201.83628993137137,301.0,544.0,80.73089700996677,0,None,None,None,None,0,10,1,0,
congestion,EHCO,33,1,201.83628993137137,328.0,434.0,32.31707317073171,0,693.4120999976585,4000.0,None,None,0,10,1,1,
congestion,A*-GA,33,1,201.83628993137137,305.0,626.0,105.24590163934427,0,None,None,None,None,0,10,1,0,
congestion,EHCO,34,1,201.83628993137137,307.0,566.0,84.36482084690554,0,720.541000002413,4000.0,None,None,0,10,1,0,
congestion,A*-GA,34,1,201.83628993137137,320.0,627.0,95.9375,0,None,None,None,None,0,10,1,0,
congestion,EHCO,35,1,201.83628993137137,351.0,667.0,90.02849002849003,0,706.4778000021761,4000.0,None,None,0,10,1,1,
congestion,A*-GA,35,1,201.83628993137137,299.0,474.0,58.52842809364549,0,None,None,None,None,0,10,1,0,
congestion,EHCO,36,1,201.83628993137137,366.0,582.0,59.01639344262295,0,717.9219999998168,4000.0,None,None,0,10,1,1,
congestion,A*-GA,36,1,201.83628993137137,313.0,589.0,88.17891373801918,0,None,None,None,None,0,10,1,0,
congestion,EHCO,37,1,201.83628993137137,339.0,476.0,40.41297935103245,0,667.4499000000651,4000.0,None,None,0,10,1,0,
congestion,A*-GA,37,1,201.83628993137137,291.0,416.0,42.955326460481096,0,None,None,None,None,0,10,1,0,
congestion,EHCO,38,1,201.83628993137137,322.0,573.0,77.95031055900621,0,752.2653000014543,4000.0,None,None,0,10,1,0,
congestion,A*-GA,38,1,201.83628993137137,334.0,632.0,89.22155688622755,0,None,None,None,None,0,10,1,0,
congestion,EHCO,39,1,201.83628993137137,314.0,710.0,126.11464968152866,0,688.4103000011237,4000.0,None,None,0,10,1,1,
congestion,A*-GA,39,1,201.83628993137137,316.0,614.0,94.30379746835443,0,None,None,None,None,0,10,1,0,
congestion,EHCO,40,1,201.83628993137137,270.0,550.0,103.7037037037037,0,600.5339000003005,4000.0,None,None,0,10,1,1,
congestion,A*-GA,40,1,201.83628993137137,304.0,515.0,69.4078947368421,0,None,None,None,None,0,10,1,0,
congestion,EHCO,41,1,201.83628993137137,397.0,575.0,44.83627204030227,0,670.139999998355,4000.0,None,None,0,10,1,1,
congestion,A*-GA,41,1,201.83628993137137,291.0,550.0,89.00343642611683,0,None,None,None,None,0,10,1,0,
congestion,EHCO,42,1,201.83628993137137,371.0,517.0,39.35309973045822,0,676.1609999994107,4000.0,None,None,0,10,1,1,
congestion,A*-GA,42,1,201.83628993137137,302.0,580.0,92.05298013245033,0,None,None,None,None,0,10,1,0,
congestion,EHCO,43,1,201.83628993137137,291.0,445.0,52.92096219931272,0,712.238799998886,4000.0,None,None,0,10,1,1,
congestion,A*-GA,43,1,201.83628993137137,280.0,470.0,67.85714285714286,0,None,None,None,None,0,10,1,0,
congestion,EHCO,44,1,201.83628993137137,305.0,620.0,103.27868852459017,0,679.7655000009399,4000.0,None,None,0,10,1,0,
congestion,A*-GA,44,1,201.83628993137137,308.0,596.0,93.5064935064935,0,None,None,None,None,0,10,1,0,
congestion,EHCO,45,1,201.83628993137137,342.0,523.0,52.92397660818714,0,712.1339999976044,4000.0,None,None,0,10,1,0,
congestion,A*-GA,45,1,201.83628993137137,304.0,540.0,77.63157894736842,0,None,None,None,None,0,10,1,0,
congestion,EHCO,46,1,201.83628993137137,300.0,508.0,69.33333333333334,0,662.8889000021445,4000.0,None,None,0,10,1,1,
congestion,A*-GA,46,1,201.83628993137137,297.0,573.0,92.92929292929293,0,None,None,None,None,0,10,1,0,
congestion,EHCO,47,1,201.83628993137137,312.0,544.0,74.35897435897436,0,713.2438000007824,4000.0,None,None,0,10,1,1,
congestion,A*-GA,47,1,201.83628993137137,313.0,607.0,93.9297124600639,0,None,None,None,None,0,10,1,0,
congestion,EHCO,48,1,201.83628993137137,315.0,608.0,93.01587301587301,0,695.8290000002307,4000.0,None,None,0,10,1,1,
congestion,A*-GA,48,1,201.83628993137137,308.0,494.0,60.3896103896104,0,None,None,None,None,0,10,1,0,
congestion,EHCO,49,1,201.83628993137137,310.0,557.0,79.6774193548387,0,637.9182999990007,4000.0,None,None,0,10,1,1,
congestion,A*-GA,49,1,201.83628993137137,302.0,487.0,61.258278145695364,0,None,None,None,None,0,10,1,0,
congestion,EHCO,50,1,201.83628993137137,348.0,590.0,69.54022988505747,0,697.8921000008995,4000.0,None,None,0,10,1,1,
congestion,A*-GA,50,1,201.83628993137137,299.0,599.0,100.33444816053512,0,None,None,None,None,0,10,1,0,
congestion,EHCO,51,1,201.83628993137137,282.0,528.0,87.2340425531915,0,709.0594000001147,4000.0,None,None,0,10,1,1,
congestion,A*-GA,51,1,201.83628993137137,293.0,591.0,101.70648464163823,0,None,None,None,None,0,10,1,0,
congestion,EHCO,52,1,201.83628993137137,324.0,695.0,114.50617283950618,0,642.5220999990415,4000.0,None,None,0,10,1,1,
congestion,A*-GA,52,1,201.83628993137137,301.0,566.0,88.03986710963456,0,None,None,None,None,0,10,1,0,
congestion,EHCO,53,1,201.83628993137137,396.0,502.0,26.767676767676768,0,716.1039999991772,4000.0,None,None,0,10,1,1,
congestion,A*-GA,53,1,201.83628993137137,290.0,573.0,97.58620689655172,0,None,None,None,None,0,10,1,0,
congestion,EHCO,54,1,201.83628993137137,352.0,535.0,51.98863636363637,0,731.6699999973935,4000.0,None,None,0,10,1,1,
congestion,A*-GA,54,1,201.83628993137137,323.0,640.0,98.14241486068111,0,None,None,None,None,0,10,1,0,
congestion,EHCO,55,1,201.83628993137137,359.0,371.0,3.3426183844011144,0,744.1365999984555,4000.0,None,None,0,10,1,1,
congestion,A*-GA,55,1,201.83628993137137,292.0,550.0,88.35616438356165,0,None,None,None,None,0,10,1,0,
congestion,EHCO,56,1,201.83628993137137,342.0,629.0,83.91812865497076,0,618.3607000020857,4000.0,None,None,0,10,1,1,
congestion,A*-GA,56,1,201.83628993137137,296.0,574.0,93.91891891891892,0,None,None,None,None,0,10,1,0,
congestion,EHCO,57,1,201.83628993137137,277.0,489.0,76.53429602888086,0,693.9676000001782,4000.0,None,None,0,10,1,0,
congestion,A*-GA,57,1,201.83628993137137,287.0,501.0,74.56445993031359,0,None,None,None,None,0,10,1,0,
congestion,EHCO,58,1,201.83628993137137,307.0,509.0,65.79804560260585,0,788.5561999974016,4000.0,None,None,0,10,1,1,
congestion,A*-GA,58,1,201.83628993137137,318.0,415.0,30.50314465408805,0,None,None,None,None,0,10,1,0,
congestion,EHCO,59,1,201.83628993137137,292.0,479.0,64.04109589041096,0,626.181000003271,4000.0,None,None,0,10,1,1,
congestion,A*-GA,59,1,201.83628993137137,298.0,531.0,78.18791946308725,0,None,None,None,None,0,10,1,0,
congestion,EHCO,60,1,201.83628993137137,353.0,503.0,42.492917847025495,0,766.6148000025714,4000.0,None,None,0,10,1,1,
congestion,A*-GA,60,1,201.83628993137137,297.0,575.0,93.60269360269359,0,None,None,None,None,0,10,1,0,
congestion,EHCO,31,2,256.47811996135704,270.0,285.0,5.555555555555555,0,None,None,None,None,0,10,1,0,
congestion,A*-GA,31,2,256.47811996135704,285.0,330.0,15.789473684210526,0,None,None,None,None,0,10,1,0,
congestion,EHCO,32,2,256.47811996135704,292.0,292.0,0.0,0,407.1996999991825,4000.0,None,None,0,10,1,0,
congestion,A*-GA,32,2,256.47811996135704,301.0,375.0,24.58471760797342,0,None,None,None,None,0,10,1,0,
congestion,EHCO,33,2,256.47811996135704,328.0,364.0,10.975609756097562,0,380.6100999972841,4000.0,None,None,0,10,1,1,
congestion,A*-GA,33,2,256.47811996135704,305.0,388.0,27.21311475409836,0,None,None,None,None,0,10,1,0,
congestion,EHCO,34,2,256.47811996135704,307.0,412.0,34.20195439739413,0,373.09470000036526,4000.0,None,None,0,10,1,1,
congestion,A*-GA,34,2,256.47811996135704,320.0,407.0,27.187499999999996,0,None,None,None,None,0,10,1,0,
congestion,EHCO,35,2,256.47811996135704,351.0,483.0,37.60683760683761,0,612.8867000006721,4000.0,None,None,0,10,1,0,
congestion,A*-GA,35,2,256.47811996135704,299.0,299.0,0.0,0,None,None,None,None,0,10,1,0,
congestion,EHCO,36,2,256.47811996135704,366.0,425.0,16.120218579234972,0,668.7980999995489,4000.0,None,None,0,10,1,1,
congestion,A*-GA,36,2,256.47811996135704,313.0,384.0,22.683706070287542,0,None,None,None,None,0,10,1,0,
congestion,EHCO,37,2,256.47811996135704,339.0,339.0,0.0,0,596.2139000002935,4000.0,None,None,0,10,1,0,
congestion,A*-GA,37,2,256.47811996135704,291.0,337.0,15.807560137457044,0,None,None,None,None,0,10,1,0,
congestion,EHCO,38,2,256.47811996135704,322.0,461.0,43.16770186335403,0,600.9974999979022,4000.0,None,None,0,10,1,1,
congestion,A*-GA,38,2,256.47811996135704,334.0,466.0,39.52095808383233,0,None,None,None,None,0,10,1,0,
congestion,EHCO,39,2,256.47811996135704,314.0,414.0,31.84713375796178,0,None,None,None,None,0,10,1,0,
congestion,A*-GA,39,2,256.47811996135704,316.0,402.0,27.21518987341772,0,None,None,None,None,0,10,1,0,
congestion,EHCO,40,2,256.47811996135704,270.0,285.0,5.555555555555555,0,None,None,None,None,0,10,1,0,
congestion,A*-GA,40,2,256.47811996135704,304.0,363.0,19.407894736842106,0,None,None,None,None,0,10,1,0,
congestion,EHCO,41,2,256.47811996135704,397.0,463.0,16.624685138539043,0,620.5697000004875,4000.0,None,None,0,10,1,1,
congestion,A*-GA,41,2,256.47811996135704,291.0,347.0,19.243986254295535,0,None,None,None,None,0,10,1,0,
congestion,EHCO,42,2,256.47811996135704,371.0,376.0,1.3477088948787064,0,615.9434000001056,4000.0,None,None,0,10,1,1,
congestion,A*-GA,42,2,256.47811996135704,302.0,366.0,21.192052980132452,0,None,None,None,None,0,10,1,0,
congestion,EHCO,43,2,256.47811996135704,291.0,349.0,19.93127147766323,0,None,None,None,None,0,10,1,0,
congestion,A*-GA,43,2,256.47811996135704,280.0,316.0,12.857142857142856,0,None,None,None,None,0,10,1,0,
congestion,EHCO,44,2,256.47811996135704,305.0,391.0,28.196721311475407,0,None,None,None,None,0,10,1,0,
congestion,A*-GA,44,2,256.47811996135704,308.0,396.0,28.57142857142857,0,None,None,None,None,0,10,1,0,
congestion,EHCO,45,2,256.47811996135704,342.0,366.0,7.017543859649122,0,616.4609000006749,4000.0,None,None,0,10,1,0,
congestion,A*-GA,45,2,256.47811996135704,304.0,388.0,27.631578947368425,0,None,None,None,None,0,10,1,0,
congestion,EHCO,46,2,256.47811996135704,300.0,313.0,4.333333333333334,0,None,None,None,None,0,10,1,0,
congestion,A*-GA,46,2,256.47811996135704,297.0,364.0,22.55892255892256,0,None,None,None,None,0,10,1,0,
congestion,EHCO,47,2,256.47811996135704,312.0,412.0,32.05128205128205,0,None,None,None,None,0,10,1,0,
congestion,A*-GA,47,2,256.47811996135704,313.0,387.0,23.642172523961662,0,None,None,None,None,0,10,1,0,
congestion,EHCO,48,2,256.47811996135704,315.0,390.0,23.809523809523807,0,397.28569999715546,4000.0,None,None,0,10,1,1,
congestion,A*-GA,48,2,256.47811996135704,308.0,382.0,24.025974025974026,0,None,None,None,None,0,10,1,0,
congestion,EHCO,49,2,256.47811996135704,310.0,404.0,30.32258064516129,0,None,None,None,None,0,10,1,0,
congestion,A*-GA,49,2,256.47811996135704,302.0,302.0,0.0,0,None,None,None,None,0,10,1,0,
congestion,EHCO,50,2,256.47811996135704,348.0,410.0,17.81609195402299,0,567.3389999974461,4000.0,None,None,0,10,1,0,
congestion,A*-GA,50,2,256.47811996135704,299.0,371.0,24.08026755852843,0,None,None,None,None,0,10,1,0,
congestion,EHCO,51,2,256.47811996135704,282.0,311.0,10.28368794326241,0,None,None,None,None,0,10,1,0,
congestion,A*-GA,51,2,256.47811996135704,293.0,353.0,20.477815699658702,0,None,None,None,None,0,10,1,0,
congestion,EHCO,52,2,256.47811996135704,324.0,400.0,23.456790123456788,0,None,None,None,None,0,10,1,0,
congestion,A*-GA,52,2,256.47811996135704,301.0,377.0,25.249169435215947,0,None,None,None,None,0,10,1,0,
congestion,EHCO,53,2,256.47811996135704,396.0,469.0,18.434343434343432,0,625.3210000031686,4000.0,None,None,0,10,1,1,
congestion,A*-GA,53,2,256.47811996135704,290.0,342.0,17.93103448275862,0,None,None,None,None,0,10,1,0,
congestion,EHCO,54,2,256.47811996135704,352.0,405.0,15.056818181818182,0,411.0035000012431,4000.0,None,None,0,10,1,1,
congestion,A*-GA,54,2,256.47811996135704,323.0,437.0,35.294117647058826,0,None,None,None,None,0,10,1,0,
congestion,EHCO,55,2,256.47811996135704,359.0,403.0,12.256267409470752,0,662.6483000000007,4000.0,None,None,0,10,1,1,
congestion,A*-GA,55,2,256.47811996135704,292.0,341.0,16.78082191780822,0,None,None,None,None,0,10,1,0,
congestion,EHCO,56,2,256.47811996135704,342.0,371.0,8.47953216374269,0,607.097000000067,4000.0,None,None,0,10,1,1,
congestion,A*-GA,56,2,256.47811996135704,296.0,363.0,22.635135135135133,0,None,None,None,None,0,10,1,0,
congestion,EHCO,57,2,256.47811996135704,277.0,306.0,10.469314079422382,0,None,None,None,None,0,10,1,0,
congestion,A*-GA,57,2,256.47811996135704,287.0,314.0,9.40766550522648,0,None,None,None,None,0,10,1,0,
congestion,EHCO,58,2,256.47811996135704,307.0,395.0,28.664495114006517,0,None,None,None,None,0,10,1,0,
congestion,A*-GA,58,2,256.47811996135704,318.0,372.0,16.9811320754717,0,None,None,None,None,0,10,1,0,
congestion,EHCO,59,2,256.47811996135704,292.0,298.0,2.054794520547945,0,424.37300000165123,4000.0,None,None,0,10,1,1,
congestion,A*-GA,59,2,256.47811996135704,298.0,363.0,21.812080536912752,0,None,None,None,None,0,10,1,0,
congestion,EHCO,60,2,256.47811996135704,353.0,345.0,-2.26628895184136,0,640.7315000033122,4000.0,None,None,0,10,1,1,
congestion,A*-GA,60,2,256.47811996135704,297.0,363.0,22.22222222222222,0,None,None,None,None,0,10,1,0,
congestion,EHCO,31,3,134.78621774996944,270.0,323.0,19.62962962962963,0,828.9206000008562,4000.0,None,None,0,10,1,1,
congestion,A*-GA,31,3,134.78621774996944,285.0,408.0,43.15789473684211,0,None,None,None,None,0,10,1,0,
congestion,EHCO,32,3,134.78621774996944,292.0,399.0,36.64383561643836,0,874.4194999999308,4000.0,None,None,0,10,1,0,
congestion,A*-GA,32,3,134.78621774996944,301.0,435.0,44.518272425249165,0,None,None,None,None,0,10,1,0,
congestion,EHCO,33,3,134.78621774996944,328.0,505.0,53.963414634146346,0,870.7160000012664,4000.0,None,None,0,10,1,1,
congestion,A*-GA,33,3,134.78621774996944,305.0,501.0,64.26229508196721,0,None,None,None,None,0,10,1,0,
congestion,EHCO,34,3,134.78621774996944,307.0,472.0,53.74592833876222,0,859.2654000021867,4000.0,None,None,0,10,1,0,
congestion,A*-GA,34,3,134.78621774996944,320.0,469.0,46.5625,0,None,None,None,None,0,10,1,0,
congestion,EHCO,35,3,134.78621774996944,351.0,449.0,27.92022792022792,0,862.796100002015,4000.0,None,None,0,10,1,1,
congestion,A*-GA,35,3,134.78621774996944,299.0,447.0,49.49832775919732,0,None,None,None,None,0,10,1,0,
congestion,EHCO,36,3,134.78621774996944,366.0,446.0,21.85792349726776,0,873.3613999975205,4000.0,None,None,0,10,1,1,
congestion,A*-GA,36,3,134.78621774996944,313.0,414.0,32.26837060702875,0,None,None,None,None,0,10,1,0,
congestion,EHCO,37,3,134.78621774996944,339.0,416.0,22.71386430678466,0,841.6202000007615,4000.0,None,None,0,10,1,1,
congestion,A*-GA,37,3,134.78621774996944,291.0,390.0,34.02061855670103,0,None,None,None,None,0,10,1,0,
congestion,EHCO,38,3,134.78621774996944,322.0,543.0,68.63354037267081,0,890.4916999999841,4000.0,None,None,0,10,1,0,
congestion,A*-GA,38,3,134.78621774996944,334.0,492.0,47.30538922155689,0,None,None,None,None,0,10,1,0,
congestion,EHCO,39,3,134.78621774996944,314.0,416.0,32.48407643312102,0,923.1624999993073,4000.0,None,None,0,10,1,1,
congestion,A*-GA,39,3,134.78621774996944,316.0,434.0,37.34177215189873,0,None,None,None,None,0,10,1,0,
congestion,EHCO,40,3,134.78621774996944,270.0,398.0,47.40740740740741,0,844.7378999990178,4000.0,None,None,0,10,1,0,
congestion,A*-GA,40,3,134.78621774996944,304.0,473.0,55.5921052631579,0,None,None,None,None,0,10,1,0,
congestion,EHCO,41,3,134.78621774996944,397.0,353.0,-11.083123425692696,0,851.1714000014763,4000.0,None,None,0,10,1,1,
congestion,A*-GA,41,3,134.78621774996944,291.0,389.0,33.67697594501718,0,None,None,None,None,0,10,1,0,
congestion,EHCO,42,3,134.78621774996944,371.0,324.0,-12.668463611859837,0,864.2472999999882,4000.0,None,None,0,10,1,1,
congestion,A*-GA,42,3,134.78621774996944,302.0,474.0,56.95364238410596,0,None,None,None,None,0,10,1,0,
congestion,EHCO,43,3,134.78621774996944,291.0,457.0,57.0446735395189,0,835.5163999985962,4000.0,None,None,0,10,1,1,
congestion,A*-GA,43,3,134.78621774996944,280.0,398.0,42.142857142857146,0,None,None,None,None,0,10,1,0,
congestion,EHCO,44,3,134.78621774996944,305.0,515.0,68.85245901639344,0,844.1286999986914,4000.0,None,None,0,10,1,1,
congestion,A*-GA,44,3,134.78621774996944,308.0,432.0,40.25974025974026,0,None,None,None,None,0,10,1,0,
congestion,EHCO,45,3,134.78621774996944,342.0,479.0,40.058479532163744,0,818.80799999999,4000.0,None,None,0,10,1,0,
congestion,A*-GA,45,3,134.78621774996944,304.0,519.0,70.72368421052632,0,None,None,None,None,0,10,1,0,
congestion,EHCO,46,3,134.78621774996944,300.0,303.0,1.0,0,821.2644999985059,4000.0,None,None,0,10,1,0,
congestion,A*-GA,46,3,134.78621774996944,297.0,377.0,26.936026936026934,0,None,None,None,None,0,10,1,0,
congestion,EHCO,47,3,134.78621774996944,312.0,542.0,73.71794871794873,0,888.0906000013056,4000.0,None,None,0,10,1,1,
congestion,A*-GA,47,3,134.78621774996944,313.0,472.0,50.798722044728436,0,None,None,None,None,0,10,1,0,
congestion,EHCO,48,3,134.78621774996944,315.0,453.0,43.80952380952381,0,887.5068999986979,4000.0,None,None,0,10,1,1,
congestion,A*-GA,48,3,134.78621774996944,308.0,565.0,83.44155844155844,0,None,None,None,None,0,10,1,0,
congestion,EHCO,49,3,134.78621774996944,310.0,476.0,53.5483870967742,0,911.5547000001243,4000.0,None,None,0,10,1,1,
congestion,A*-GA,49,3,134.78621774996944,302.0,420.0,39.0728476821192,0,None,None,None,None,0,10,1,0,
congestion,EHCO,50,3,134.78621774996944,348.0,426.0,22.413793103448278,0,870.4677000023366,4000.0,None,None,0,10,1,1,
congestion,A*-GA,50,3,134.78621774996944,299.0,454.0,51.83946488294314,0,None,None,None,None,0,10,1,0,
congestion,EHCO,51,3,134.78621774996944,282.0,434.0,53.90070921985816,0,892.9932999999437,4000.0,None,None,0,10,1,1,
congestion,A*-GA,51,3,134.78621774996944,293.0,544.0,85.6655290102389,0,None,None,None,None,0,10,1,0,
congestion,EHCO,52,3,134.78621774996944,324.0,421.0,29.938271604938272,0,872.2206999991613,4000.0,None,None,0,10,1,1,
congestion,A*-GA,52,3,134.78621774996944,301.0,418.0,38.87043189368771,0,None,None,None,None,0,10,1,0,
congestion,EHCO,53,3,134.78621774996944,396.0,552.0,39.39393939393939,0,855.0289000013436,4000.0,None,None,0,10,1,1,
congestion,A*-GA,53,3,134.78621774996944,290.0,439.0,51.37931034482759,0,None,None,None,None,0,10,1,0,
congestion,EHCO,54,3,134.78621774996944,352.0,465.0,32.10227272727273,0,857.2941999991599,4000.0,None,None,0,10,1,1,
congestion,A*-GA,54,3,134.78621774996944,323.0,477.0,47.6780185758514,0,None,None,None,None,0,10,1,0,
congestion,EHCO,55,3,134.78621774996944,359.0,392.0,9.192200557103064,0,850.2116999989084,4000.0,None,None,0,10,1,1,
congestion,A*-GA,55,3,134.78621774996944,292.0,429.0,46.917808219178085,0,None,None,None,None,0,10,1,0,
congestion,EHCO,56,3,134.78621774996944,342.0,416.0,21.637426900584796,0,830.5156999995233,4000.0,None,None,0,10,1,1,
congestion,A*-GA,56,3,134.78621774996944,296.0,541.0,82.77027027027027,0,None,None,None,None,0,10,1,0,
congestion,EHCO,57,3,134.78621774996944,277.0,379.0,36.8231046931408,0,838.402400000632,4000.0,None,None,0,10,1,0,
congestion,A*-GA,57,3,134.78621774996944,287.0,445.0,55.052264808362374,0,None,None,None,None,0,10,1,0,
congestion,EHCO,58,3,134.78621774996944,307.0,427.0,39.08794788273616,0,895.8280000006198,4000.0,None,None,0,10,1,0,
congestion,A*-GA,58,3,134.78621774996944,318.0,377.0,18.553459119496853,0,None,None,None,None,0,10,1,0,
congestion,EHCO,59,3,134.78621774996944,292.0,440.0,50.68493150684932,0,858.1110999984958,4000.0,None,None,0,10,1,0,
congestion,A*-GA,59,3,134.78621774996944,298.0,538.0,80.53691275167785,0,None,None,None,None,0,10,1,0,
congestion,EHCO,60,3,134.78621774996944,353.0,373.0,5.6657223796034,0,886.1042999997153,4000.0,None,None,0,10,1,1,
congestion,A*-GA,60,3,134.78621774996944,297.0,472.0,58.92255892255892,0,None,None,None,None,0,10,1,0,
congestion,EHCO,31,4,105.42031371890769,270.0,397.0,47.03703703703704,0,909.4108999997843,4000.0,None,None,0,10,1,0,
congestion,A*-GA,31,4,105.42031371890769,285.0,360.0,26.31578947368421,0,None,None,None,None,0,10,1,0,
congestion,EHCO,32,4,105.42031371890769,292.0,491.0,68.15068493150685,0,934.923599998001,4000.0,None,None,0,10,1,0,
congestion,A*-GA,32,4,105.42031371890769,301.0,491.0,63.12292358803987,0,None,None,None,None,0,10,1,0,
congestion,EHCO,33,4,105.42031371890769,328.0,468.0,42.68292682926829,0,944.0370000011171,4000.0,None,None,0,10,1,1,
congestion,A*-GA,33,4,105.42031371890769,305.0,487.0,59.67213114754099,0,None,None,None,None,0,10,1,0,
congestion,EHCO,34,4,105.42031371890769,307.0,467.0,52.11726384364821,0,943.8805999998294,4000.0,None,None,0,10,1,0,
congestion,A*-GA,34,4,105.42031371890769,320.0,520.0,62.5,0,None,None,None,None,0,10,1,0,
congestion,EHCO,35,4,105.42031371890769,351.0,493.0,40.45584045584046,0,956.1866000003647,4000.0,None,None,0,10,1,1,
congestion,A*-GA,35,4,105.42031371890769,299.0,501.0,67.55852842809364,0,None,None,None,None,0,10,1,0,
congestion,EHCO,36,4,105.42031371890769,366.0,422.0,15.300546448087433,0,929.0805999989971,4000.0,None,None,0,10,1,1,
congestion,A*-GA,36,4,105.42031371890769,313.0,478.0,52.715654952076676,0,None,None,None,None,0,10,1,0,
congestion,EHCO,37,4,105.42031371890769,339.0,441.0,30.08849557522124,0,919.914100002643,4000.0,None,None,0,10,1,1,
congestion,A*-GA,37,4,105.42031371890769,291.0,470.0,61.512027491408936,0,None,None,None,None,0,10,1,0,
congestion,EHCO,38,4,105.42031371890769,322.0,546.0,69.56521739130434,0,943.6404000007315,4000.0,None,None,0,10,1,0,
congestion,A*-GA,38,4,105.42031371890769,334.0,591.0,76.94610778443113,0,None,None,None,None,0,10,1,0,
congestion,EHCO,39,4,105.42031371890769,314.0,473.0,50.63694267515923,0,978.4635000032722,4000.0,None,None,0,10,1,1,
congestion,A*-GA,39,4,105.42031371890769,316.0,495.0,56.64556962025317,0,None,None,None,None,0,10,1,0,
congestion,EHCO,40,4,105.42031371890769,270.0,415.0,53.70370370370371,0,922.6928999996744,4000.0,None,None,0,10,1,0,
congestion,A*-GA,40,4,105.42031371890769,304.0,463.0,52.30263157894737,0,None,None,None,None,0,10,1,0,
congestion,EHCO,41,4,105.42031371890769,397.0,411.0,3.5264483627204033,0,956.5923000009207,4000.0,None,None,0,10,1,1,
congestion,A*-GA,41,4,105.42031371890769,291.0,479.0,64.60481099656357,0,None,None,None,None,0,10,1,0,
congestion,EHCO,42,4,105.42031371890769,371.0,471.0,26.954177897574123,0,924.4093999986944,4000.0,None,None,0,10,1,1,
congestion,A*-GA,42,4,105.42031371890769,302.0,462.0,52.980132450331126,0,None,None,None,None,0,10,1,0,
congestion,EHCO,43,4,105.42031371890769,291.0,428.0,47.07903780068728,0,911.0624999993888,4000.0,None,None,0,10,1,0,
congestion,A*-GA,43,4,105.42031371890769,280.0,395.0,41.07142857142857,0,None,None,None,None,0,10,1,0,
congestion,EHCO,44,4,105.42031371890769,305.0,450.0,47.540983606557376,0,915.637300000526,4000.0,None,None,0,10,1,0,
congestion,A*-GA,44,4,105.42031371890769,308.0,477.0,54.87012987012987,0,None,None,None,None,0,10,1,0,
congestion,EHCO,45,4,105.42031371890769,342.0,449.0,31.28654970760234,0,943.4981999984302,4000.0,None,None,0,10,1,1,
congestion,A*-GA,45,4,105.42031371890769,304.0,471.0,54.93421052631579,0,None,None,None,None,0,10,1,0,
congestion,EHCO,46,4,105.42031371890769,300.0,432.0,44.0,0,911.2263999995776,4000.0,None,None,0,10,1,1,
congestion,A*-GA,46,4,105.42031371890769,297.0,473.0,59.25925925925925,0,None,None,None,None,0,10,1,0,
congestion,EHCO,47,4,105.42031371890769,312.0,467.0,49.67948717948718,0,938.7323000009928,4000.0,None,None,0,10,1,1,
congestion,A*-GA,47,4,105.42031371890769,313.0,494.0,57.82747603833865,0,None,None,None,None,0,10,1,0,
congestion,EHCO,48,4,105.42031371890769,315.0,448.0,42.22222222222222,0,940.1644999998098,4000.0,None,None,0,10,1,1,
congestion,A*-GA,48,4,105.42031371890769,308.0,444.0,44.15584415584416,0,None,None,None,None,0,10,1,0,
congestion,EHCO,49,4,105.42031371890769,310.0,432.0,39.35483870967742,0,907.557700000325,4000.0,None,None,0,10,1,1,
congestion,A*-GA,49,4,105.42031371890769,302.0,432.0,43.04635761589404,0,None,None,None,None,0,10,1,0,
congestion,EHCO,50,4,105.42031371890769,348.0,475.0,36.49425287356322,0,909.7465000013472,4000.0,None,None,0,10,1,1,
congestion,A*-GA,50,4,105.42031371890769,299.0,494.0,65.21739130434783,0,None,None,None,None,0,10,1,0,
congestion,EHCO,51,4,105.42031371890769,282.0,458.0,62.4113475177305,0,928.9864999991551,4000.0,None,None,0,10,1,0,
congestion,A*-GA,51,4,105.42031371890769,293.0,494.0,68.60068259385666,0,None,None,None,None,0,10,1,0,
congestion,EHCO,52,4,105.42031371890769,324.0,525.0,62.03703703703704,0,924.7443000022031,4000.0,None,None,0,10,1,0,
congestion,A*-GA,52,4,105.42031371890769,301.0,439.0,45.84717607973422,0,None,None,None,None,0,10,1,0,
congestion,EHCO,53,4,105.42031371890769,396.0,431.0,8.83838383838384,0,891.4757999991707,4000.0,None,None,0,10,1,1,
congestion,A*-GA,53,4,105.42031371890769,290.0,457.0,57.58620689655173,0,None,None,None,None,0,10,1,0,
congestion,EHCO,54,4,105.42031371890769,352.0,533.0,51.42045454545454,0,918.8757999982045,4000.0,None,None,0,10,1,0,
congestion,A*-GA,54,4,105.42031371890769,323.0,537.0,66.25386996904025,0,None,None,None,None,0,10,1,0,
congestion,EHCO,55,4,105.42031371890769,359.0,396.0,10.30640668523677,0,989.3040000024484,4000.0,None,None,0,10,1,1,
congestion,A*-GA,55,4,105.42031371890769,292.0,461.0,57.87671232876712,0,None,None,None,None,0,10,1,0,
congestion,EHCO,56,4,105.42031371890769,342.0,491.0,43.567251461988306,0,927.5034999991476,4000.0,None,None,0,10,1,1,
congestion,A*-GA,56,4,105.42031371890769,296.0,475.0,60.47297297297297,0,None,None,None,None,0,10,1,0,
congestion,EHCO,57,4,105.42031371890769,277.0,470.0,69.67509025270758,0,919.7287999995751,4000.0,None,None,0,10,1,1,
congestion,A*-GA,57,4,105.42031371890769,287.0,454.0,58.18815331010453,0,None,None,None,None,0,10,1,0,
congestion,EHCO,58,4,105.42031371890769,307.0,447.0,45.60260586319218,0,961.0939000012877,4000.0,None,None,0,10,1,0,
congestion,A*-GA,58,4,105.42031371890769,318.0,483.0,51.886792452830186,0,None,None,None,None,0,10,1,0,
congestion,EHCO,59,4,105.42031371890769,292.0,443.0,51.71232876712328,0,944.6361000009347,4000.0,None,None,0,10,1,0,
congestion,A*-GA,59,4,105.42031371890769,298.0,484.0,62.41610738255034,0,None,None,None,None,0,10,1,0,
congestion,EHCO,60,4,105.42031371890769,353.0,532.0,50.70821529745042,0,922.8074999991804,4000.0,None,None,0,10,1,0,
congestion,A*-GA,60,4,105.42031371890769,297.0,480.0,61.61616161616161,0,None,None,None,None,0,10,1,0,
fault,EHCO,31,0,200.0,270.0,270.0,0.0,0,None,None,465.0,3,1,10,1,0,None
fault,A*-GA,31,0,200.0,285.0,286.0,0.3508771929824561,0,None,None,465.0,3,1,10,1,0,None
fault,EHCO,32,0,200.0,292.0,303.0,3.767123287671233,0,None,None,454.0,3,1,10,1,0,None
fault,A*-GA,32,0,200.0,301.0,308.0,2.3255813953488373,0,None,None,461.0,3,1,10,1,0,None
fault,EHCO,33,0,200.0,328.0,328.0,0.0,0,None,None,452.0,3,1,10,1,0,None
fault,A*-GA,33,0,200.0,305.0,343.0,12.459016393442624,0,None,None,464.0,3,1,10,1,0,None
fault,EHCO,34,0,200.0,307.0,322.0,4.88599348534202,0,None,None,442.0,3,1,10,1,0,None
fault,A*-GA,34,0,200.0,320.0,406.0,26.875,0,None,None,467.0,3,1,10,1,0,None
fault,EHCO,35,0,200.0,351.0,351.0,0.0,0,None,None,466.0,3,1,10,1,0,None
fault,A*-GA,35,0,200.0,299.0,308.0,3.0100334448160537,0,None,None,465.0,3,1,10,1,0,None
fault,EHCO,36,0,200.0,366.0,492.0,34.42622950819672,0,1838.0475000012666,20000.0,461.0,3,1,10,1,1,None
fault,A*-GA,36,0,200.0,313.0,313.0,0.0,0,None,None,465.0,3,1,10,1,0,None
fault,EHCO,37,0,200.0,339.0,339.0,0.0,0,None,None,458.0,3,1,10,1,0,None
fault,A*-GA,37,0,200.0,291.0,291.0,0.0,0,None,None,468.0,3,1,10,1,0,None
fault,EHCO,38,0,200.0,322.0,322.0,0.0,0,None,None,462.0,7,1,10,1,0,None
fault,A*-GA,38,0,200.0,334.0,500.0,49.700598802395206,0,None,None,455.0,3,1,10,1,0,None
fault,EHCO,39,0,200.0,314.0,358.0,14.012738853503185,0,None,None,461.0,3,1,10,1,0,None
fault,A*-GA,39,0,200.0,316.0,359.0,13.60759493670886,0,None,None,467.0,3,1,10,1,0,None
fault,EHCO,40,0,200.0,270.0,270.0,0.0,0,None,None,455.0,3,1,10,1,0,None
fault,A*-GA,40,0,200.0,304.0,304.0,0.0,0,None,None,465.0,3,1,10,1,0,None
fault,EHCO,41,0,200.0,397.0,397.0,0.0,0,None,None,465.0,3,1,10,1,0,None
fault,A*-GA,41,0,200.0,291.0,308.0,5.841924398625429,0,None,None,455.0,3,1,10,1,0,None
fault,EHCO,42,0,200.0,371.0,371.0,0.0,0,None,None,466.0,3,1,10,1,0,None
fault,A*-GA,42,0,200.0,302.0,302.0,0.0,0,None,None,462.0,3,1,10,1,0,None
fault,EHCO,43,0,200.0,291.0,291.0,0.0,0,None,None,464.0,3,1,10,1,0,None
fault,A*-GA,43,0,200.0,280.0,287.0,2.5,0,None,None,463.0,3,1,10,1,0,None
fault,EHCO,44,0,200.0,305.0,305.0,0.0,0,None,None,470.0,3,1,10,1,0,None
fault,A*-GA,44,0,200.0,308.0,333.0,8.116883116883116,0,None,None,458.0,3,1,10,1,0,None
fault,EHCO,45,0,200.0,342.0,342.0,0.0,0,None,None,466.0,3,1,10,1,0,None
fault,A*-GA,45,0,200.0,304.0,304.0,0.0,0,None,None,464.0,3,1,10,1,0,None
fault,EHCO,46,0,200.0,300.0,328.0,9.333333333333334,0,None,None,466.0,3,1,10,1,0,None
fault,A*-GA,46,0,200.0,297.0,297.0,0.0,0,None,None,461.0,3,1,10,1,0,None
fault,EHCO,47,0,200.0,312.0,432.0,38.46153846153847,0,None,None,451.0,3,1,10,1,0,None
fault,A*-GA,47,0,200.0,313.0,313.0,0.0,0,None,None,459.0,3,1,10,1,0,None
fault,EHCO,48,0,200.0,315.0,315.0,0.0,0,None,None,470.0,3,1,10,1,0,None
fault,A*-GA,48,0,200.0,308.0,345.0,12.012987012987013,0,None,None,462.0,3,1,10,1,0,None
fault,EHCO,49,0,200.0,310.0,310.0,0.0,0,None,None,450.0,3,1,10,1,0,None
fault,A*-GA,49,0,200.0,302.0,302.0,0.0,0,None,None,455.0,3,1,10,1,0,None
fault,EHCO,50,0,200.0,348.0,348.0,0.0,0,None,None,444.0,3,1,10,1,0,None
fault,A*-GA,50,0,200.0,299.0,299.0,0.0,0,None,None,458.0,3,1,10,1,0,None
fault,EHCO,51,0,200.0,282.0,286.0,1.4184397163120568,0,None,None,470.0,1,1,10,1,0,None
fault,A*-GA,51,0,200.0,293.0,293.0,0.0,0,None,None,461.0,3,1,10,1,0,None
fault,EHCO,52,0,200.0,324.0,324.0,0.0,0,None,None,454.0,3,1,10,1,0,None
fault,A*-GA,52,0,200.0,301.0,301.0,0.0,0,None,None,470.0,3,1,10,1,0,None
fault,EHCO,53,0,200.0,396.0,750.0,89.39393939393939,0,None,0.0,471.0,3,1,10,1,0,None
fault,A*-GA,53,0,200.0,290.0,290.0,0.0,0,None,None,460.0,3,1,10,1,0,None
fault,EHCO,54,0,200.0,352.0,352.0,0.0,0,None,None,466.0,3,1,10,1,0,None
fault,A*-GA,54,0,200.0,323.0,408.0,26.31578947368421,0,None,None,468.0,3,1,10,1,0,None
fault,EHCO,55,0,200.0,359.0,469.0,30.64066852367688,0,None,0.0,445.0,3,1,10,1,0,None
fault,A*-GA,55,0,200.0,292.0,301.0,3.0821917808219177,0,None,None,456.0,3,1,10,1,0,None
fault,EHCO,56,0,200.0,342.0,342.0,0.0,0,None,None,462.0,3,1,10,1,0,None
fault,A*-GA,56,0,200.0,296.0,329.0,11.14864864864865,0,None,None,459.0,3,1,10,1,0,None
fault,EHCO,57,0,200.0,277.0,290.0,4.693140794223827,0,None,None,452.0,3,1,10,1,0,None
fault,A*-GA,57,0,200.0,287.0,296.0,3.1358885017421603,0,None,None,464.0,3,1,10,1,0,None
fault,EHCO,58,0,200.0,307.0,361.0,17.58957654723127,0,None,None,459.0,3,1,10,1,0,None
fault,A*-GA,58,0,200.0,318.0,318.0,0.0,0,None,None,461.0,3,1,10,1,0,None
fault,EHCO,59,0,200.0,292.0,299.0,2.3972602739726026,0,None,None,451.0,3,1,10,1,0,None
fault,A*-GA,59,0,200.0,298.0,312.0,4.697986577181208,0,None,None,466.0,3,1,10,1,0,None
fault,EHCO,60,0,200.0,353.0,353.0,0.0,0,None,None,471.0,3,1,10,1,0,None
fault,A*-GA,60,0,200.0,297.0,318.0,7.07070707070707,0,None,None,461.0,3,1,10,1,0,None
fault,EHCO,31,1,139.2060032799555,270.0,269.0,-0.3703703703703704,0,2830.9939999999187,20000.0,211.0,1,1,10,1,1,None
fault,A*-GA,31,1,139.2060032799555,285.0,330.0,15.789473684210526,0,None,None,214.0,9,1,10,1,0,None
fault,EHCO,32,1,139.2060032799555,292.0,354.0,21.232876712328768,0,3057.796299999609,20000.0,207.0,5,1,10,1,1,280.0
fault,A*-GA,32,1,139.2060032799555,301.0,453.0,50.498338870431894,0,None,None,211.0,9,1,10,1,0,None
fault,EHCO,33,1,139.2060032799555,328.0,335.0,2.1341463414634148,0,3032.703599998058,20000.0,202.0,4,1,10,1,1,266.0
fault,A*-GA,33,1,139.2060032799555,305.0,527.0,72.78688524590164,0,None,None,207.0,5,1,10,1,0,None
fault,EHCO,34,1,139.2060032799555,307.0,328.0,6.840390879478828,0,3289.74240000025,20000.0,208.0,5,1,10,1,1,291.0
fault,A*-GA,34,1,139.2060032799555,320.0,507.0,58.4375,0,None,None,210.0,2,1,10,1,0,None
fault,EHCO,35,1,139.2060032799555,351.0,343.0,-2.2792022792022792,0,3104.760099999112,20000.0,201.0,5,1,10,1,1,275.0
fault,A*-GA,35,1,139.2060032799555,299.0,486.0,62.54180602006689,0,None,None,201.0,5,1,10,1,0,None
fault,EHCO,36,1,139.2060032799555,366.0,388.0,6.0109289617486334,0,3230.303399999684,20000.0,206.0,8,1,10,1,1,298.0
fault,A*-GA,36,1,139.2060032799555,313.0,483.0,54.31309904153354,0,None,None,204.0,8,1,10,1,0,None
fault,EHCO,37,1,139.2060032799555,339.0,287.0,-15.339233038348082,0,3153.2241999993857,20000.0,209.0,1,1,10,1,1,235.0
fault,A*-GA,37,1,139.2060032799555,291.0,395.0,35.738831615120276,0,None,None,216.0,5,1,10,1,0,None
fault,EHCO,38,1,139.2060032799555,322.0,417.0,29.503105590062113,0,3220.385000000533,20000.0,212.0,2,1,10,1,1,323.0
fault,A*-GA,38,1,139.2060032799555,334.0,496.0,48.50299401197605,0,None,None,211.0,9,1,10,1,0,None
fault,EHCO,39,1,139.2060032799555,314.0,336.0,7.006369426751593,0,3183.2576999986486,20000.0,207.0,3,1,10,1,1,315.0
fault,A*-GA,39,1,139.2060032799555,316.0,518.0,63.92405063291139,0,None,None,213.0,5,1,10,1,0,None
fault,EHCO,40,1,139.2060032799555,270.0,326.0,20.74074074074074,0,2978.649399999995,20000.0,207.0,2,1,10,1,1,315.0
fault,A*-GA,40,1,139.2060032799555,304.0,473.0,55.5921052631579,0,None,None,215.0,2,1,10,1,0,None
fault,EHCO,41,1,139.2060032799555,397.0,344.0,-13.350125944584383,0,3340.038199999981,20000.0,210.0,0,1,10,1,1,269.0
fault,A*-GA,41,1,139.2060032799555,291.0,344.0,18.213058419243985,0,None,None,209.0,1,1,10,1,0,None
fault,EHCO,42,1,139.2060032799555,371.0,308.0,-16.9811320754717,0,3300.3165000009176,20000.0,213.0,2,1,10,1,1,268.0
fault,A*-GA,42,1,139.2060032799555,302.0,333.0,10.264900662251655,0,None,None,209.0,6,1,10,1,0,None
fault,EHCO,43,1,139.2060032799555,291.0,288.0,-1.0309278350515463,0,3204.15640000283,20000.0,205.0,1,1,10,1,1,246.0
fault,A*-GA,43,1,139.2060032799555,280.0,344.0,22.857142857142858,0,None,None,210.0,8,1,10,1,0,None
fault,EHCO,44,1,139.2060032799555,305.0,399.0,30.81967213114754,0,3043.660400002409,20000.0,209.0,8,1,10,1,1,242.0
fault,A*-GA,44,1,139.2060032799555,308.0,564.0,83.11688311688312,0,None,None,203.0,4,1,10,1,0,None
fault,EHCO,45,1,139.2060032799555,342.0,339.0,-0.8771929824561403,0,3094.2222000012407,20000.0,213.0,3,1,10,1,1,280.0
fault,A*-GA,45,1,139.2060032799555,304.0,326.0,7.236842105263158,0,None,None,209.0,0,1,10,1,0,None
fault,EHCO,46,1,139.2060032799555,300.0,330.0,10.0,0,3177.9671999975108,20000.0,204.0,8,1,10,1,1,279.0
fault,A*-GA,46,1,139.2060032799555,297.0,437.0,47.13804713804714,0,None,None,213.0,6,1,10,1,0,None
fault,EHCO,47,1,139.2060032799555,312.0,340.0,8.974358974358974,0,3275.3271000001405,20000.0,205.0,1,1,10,1,1,None
fault,A*-GA,47,1,139.2060032799555,313.0,313.0,0.0,0,None,None,213.0,4,1,10,1,0,None
fault,EHCO,48,1,139.2060032799555,315.0,339.0,7.6190476190476195,0,3215.967299998738,20000.0,204.0,2,1,10,1,1,253.0
fault,A*-GA,48,1,139.2060032799555,308.0,308.0,0.0,0,None,None,215.0,5,1,10,1,0,None
fault,EHCO,49,1,139.2060032799555,310.0,331.0,6.774193548387098,0,3014.1853999994055,20000.0,203.0,6,1,10,1,1,None
fault,A*-GA,49,1,139.2060032799555,302.0,502.0,66.22516556291392,0,None,None,204.0,7,1,10,1,0,None
fault,EHCO,50,1,139.2060032799555,348.0,323.0,-7.183908045977011,0,3216.7731000008644,20000.0,210.0,8,1,10,1,1,250.0
fault,A*-GA,50,1,139.2060032799555,299.0,310.0,3.678929765886288,0,None,None,204.0,1,1,10,1,0,None
fault,EHCO,51,1,139.2060032799555,282.0,364.0,29.078014184397162,0,3201.2645000031625,20000.0,205.0,8,1,10,1,1,253.0
fault,A*-GA,51,1,139.2060032799555,293.0,408.0,39.249146757679185,0,None,None,211.0,7,1,10,1,0,None
fault,EHCO,52,1,139.2060032799555,324.0,355.0,9.5679012345679,0,3000.015200002963,20000.0,206.0,1,1,10,1,1,231.0
fault,A*-GA,52,1,139.2060032799555,301.0,324.0,7.641196013289036,0,None,None,203.0,6,1,10,1,0,None
fault,EHCO,53,1,139.2060032799555,396.0,350.0,-11.616161616161616,0,3201.9623999985924,20000.0,210.0,2,1,10,1,1,228.0
fault,A*-GA,53,1,139.2060032799555,290.0,430.0,48.275862068965516,0,None,None,208.0,0,1,10,1,0,None
fault,EHCO,54,1,139.2060032799555,352.0,390.0,10.795454545454545,0,3199.8318000005384,20000.0,211.0,1,1,10,1,1,313.0
fault,A*-GA,54,1,139.2060032799555,323.0,526.0,62.848297213622295,0,None,None,215.0,7,1,10,1,0,None
fault,EHCO,55,1,139.2060032799555,359.0,342.0,-4.735376044568245,0,3507.5565000006463,20000.0,204.0,7,1,10,1,1,255.0
fault,A*-GA,55,1,139.2060032799555,292.0,370.0,26.71232876712329,0,None,None,206.0,4,1,10,1,0,None
fault,EHCO,56,1,139.2060032799555,342.0,306.0,-10.526315789473683,0,2905.298600002425,20000.0,204.0,3,1,10,1,1,None
fault,A*-GA,56,1,139.2060032799555,296.0,356.0,20.27027027027027,0,None,None,208.0,7,1,10,1,0,None
fault,EHCO,57,1,139.2060032799555,277.0,320.0,15.523465703971121,0,3022.8217000003497,20000.0,205.0,7,1,10,1,1,261.0
fault,A*-GA,57,1,139.2060032799555,287.0,433.0,50.87108013937283,0,None,None,208.0,3,1,10,1,0,None
fault,EHCO,58,1,139.2060032799555,307.0,368.0,19.86970684039088,0,3385.4137000016635,20000.0,203.0,8,1,10,1,1,263.0
fault,A*-GA,58,1,139.2060032799555,318.0,464.0,45.911949685534594,0,None,None,209.0,4,1,10,1,0,None
fault,EHCO,59,1,139.2060032799555,292.0,396.0,35.61643835616438,0,2978.49320000023,20000.0,207.0,1,1,10,1,1,None
fault,A*-GA,59,1,139.2060032799555,298.0,410.0,37.58389261744966,0,None,None,212.0,5,1,10,1,0,None
fault,EHCO,60,1,139.2060032799555,353.0,326.0,-7.64872521246459,0,3981.7703000007896,20000.0,206.0,1,1,10,1,1,278.0
fault,A*-GA,60,1,139.2060032799555,297.0,297.0,0.0,0,None,None,210.0,4,1,10,1,0,None
fault,EHCO,31,2,181.7052044143888,270.0,289.0,7.037037037037037,0,None,None,440.0,4,1,10,1,0,None
fault,A*-GA,31,2,181.7052044143888,285.0,285.0,0.0,0,None,None,453.0,9,1,10,1,0,None
fault,EHCO,32,2,181.7052044143888,292.0,364.0,24.65753424657534,0,None,None,441.0,8,1,10,1,0,None
fault,A*-GA,32,2,181.7052044143888,301.0,396.0,31.561461794019934,0,None,None,443.0,1,1,10,1,0,None
fault,EHCO,33,2,181.7052044143888,328.0,328.0,0.0,0,None,None,439.0,5,1,10,1,0,None
fault,A*-GA,33,2,181.7052044143888,305.0,305.0,0.0,0,None,None,447.0,6,1,10,1,0,None
fault,EHCO,34,2,181.7052044143888,307.0,307.0,0.0,0,None,None,446.0,8,1,10,1,0,None
fault,A*-GA,34,2,181.7052044143888,320.0,363.0,13.4375,0,None,None,449.0,1,1,10,1,0,None
fault,EHCO,35,2,181.7052044143888,351.0,623.0,77.49287749287748,0,None,0.0,448.0,8,1,10,1,0,None
fault,A*-GA,35,2,181.7052044143888,299.0,384.0,28.428093645484946,0,None,None,433.0,5,1,10,1,0,None
fault,EHCO,36,2,181.7052044143888,366.0,366.0,0.0,0,None,None,441.0,2,1,10,1,0,None
fault,A*-GA,36,2,181.7052044143888,313.0,396.0,26.517571884984026,0,None,None,458.0,5,1,10,1,0,None
fault,EHCO,37,2,181.7052044143888,339.0,339.0,0.0,0,None,None,453.0,3,1,10,1,0,None
fault,A*-GA,37,2,181.7052044143888,291.0,291.0,0.0,0,None,None,464.0,3,1,10,1,0,None
fault,EHCO,38,2,181.7052044143888,322.0,322.0,0.0,0,None,None,451.0,1,1,10,1,0,None
fault,A*-GA,38,2,181.7052044143888,334.0,541.0,61.97604790419161,0,None,None,438.0,6,1,10,1,0,None
fault,EHCO,39,2,181.7052044143888,314.0,415.0,32.1656050955414,0,None,None,448.0,4,1,10,1,0,None
fault,A*-GA,39,2,181.7052044143888,316.0,400.0,26.582278481012654,0,None,None,461.0,5,1,10,1,0,None
fault,EHCO,40,2,181.7052044143888,270.0,270.0,0.0,0,None,None,450.0,6,1,10,1,0,None
fault,A*-GA,40,2,181.7052044143888,304.0,320.0,5.263157894736842,0,None,None,454.0,7,1,10,1,0,None
fault,EHCO,41,2,181.7052044143888,397.0,397.0,0.0,0,None,None,446.0,7,1,10,1,0,None
fault,A*-GA,41,2,181.7052044143888,291.0,312.0,7.216494845360824,0,None,None,456.0,2,1,10,1,0,None
fault,EHCO,42,2,181.7052044143888,371.0,371.0,0.0,0,None,None,452.0,9,1,10,1,0,None
fault,A*-GA,42,2,181.7052044143888,302.0,344.0,13.90728476821192,0,None,None,455.0,7,1,10,1,0,None
fault,EHCO,43,2,181.7052044143888,291.0,291.0,0.0,0,None,None,446.0,7,1,10,1,0,None
fault,A*-GA,43,2,181.7052044143888,280.0,280.0,0.0,0,None,None,450.0,7,1,10,1,0,None
fault,EHCO,44,2,181.7052044143888,305.0,382.0,25.245901639344265,0,None,None,455.0,7,1,10,1,0,None
fault,A*-GA,44,2,181.7052044143888,308.0,410.0,33.116883116883116,0,None,None,445.0,0,1,10,1,0,None
fault,EHCO,45,2,181.7052044143888,342.0,342.0,0.0,0,None,None,455.0,2,1,10,1,0,None
fault,A*-GA,45,2,181.7052044143888,304.0,304.0,0.0,0,None,None,460.0,4,1,10,1,0,None
fault,EHCO,46,2,181.7052044143888,300.0,320.0,6.666666666666667,0,None,None,447.0,9,1,10,1,0,None
fault,A*-GA,46,2,181.7052044143888,297.0,297.0,0.0,0,None,None,448.0,8,1,10,1,0,None
fault,EHCO,47,2,181.7052044143888,312.0,427.0,36.858974358974365,0,None,None,442.0,0,1,10,1,0,None
fault,A*-GA,47,2,181.7052044143888,313.0,455.0,45.367412140575084,0,None,None,446.0,9,1,10,1,0,None
fault,EHCO,48,2,181.7052044143888,315.0,315.0,0.0,0,None,None,444.0,6,1,10,1,0,None
fault,A*-GA,48,2,181.7052044143888,308.0,310.0,0.6493506493506493,0,None,None,451.0,9,1,10,1,0,None
fault,EHCO,49,2,181.7052044143888,310.0,310.0,0.0,0,None,None,458.0,1,1,10,1,0,None
fault,A*-GA,49,2,181.7052044143888,302.0,383.0,26.82119205298013,0,None,None,448.0,8,1,10,1,0,None
fault,EHCO,50,2,181.7052044143888,348.0,442.0,27.011494252873565,0,None,None,457.0,7,1,10,1,0,None
fault,A*-GA,50,2,181.7052044143888,299.0,374.0,25.08361204013378,0,None,None,443.0,5,1,10,1,0,None
fault,EHCO,51,2,181.7052044143888,282.0,282.0,0.0,0,None,None,438.0,8,1,10,1,0,None
fault,A*-GA,51,2,181.7052044143888,293.0,293.0,0.0,0,None,None,453.0,6,1,10,1,0,None
fault,EHCO,52,2,181.7052044143888,324.0,437.0,34.876543209876544,0,None,0.0,425.0,0,1,10,1,0,None
fault,A*-GA,52,2,181.7052044143888,301.0,348.0,15.614617940199334,0,None,None,442.0,8,1,10,1,0,None
fault,EHCO,53,2,181.7052044143888,396.0,567.0,43.18181818181818,0,None,0.0,466.0,7,1,10,1,0,None
fault,A*-GA,53,2,181.7052044143888,290.0,290.0,0.0,0,None,None,444.0,5,1,10,1,0,None
fault,EHCO,54,2,181.7052044143888,352.0,352.0,0.0,0,None,None,444.0,6,1,10,1,0,None
fault,A*-GA,54,2,181.7052044143888,323.0,443.0,37.15170278637771,0,None,None,447.0,4,1,10,1,0,None
fault,EHCO,55,2,181.7052044143888,359.0,359.0,0.0,0,None,None,442.0,1,1,10,1,0,None
fault,A*-GA,55,2,181.7052044143888,292.0,305.0,4.4520547945205475,0,None,None,461.0,2,1,10,1,0,None
fault,EHCO,56,2,181.7052044143888,342.0,342.0,0.0,0,None,None,456.0,4,1,10,1,0,None
fault,A*-GA,56,2,181.7052044143888,296.0,311.0,5.0675675675675675,0,None,None,465.0,9,1,10,1,0,None
fault,EHCO,57,2,181.7052044143888,277.0,277.0,0.0,0,None,None,454.0,7,1,10,1,0,None
fault,A*-GA,57,2,181.7052044143888,287.0,287.0,0.0,0,None,None,457.0,4,1,10,1,0,None
fault,EHCO,58,2,181.7052044143888,307.0,321.0,4.5602605863192185,0,None,None,446.0,0,1,10,1,0,None
fault,A*-GA,58,2,181.7052044143888,318.0,334.0,5.031446540880504,0,None,None,441.0,2,1,10,1,0,None
fault,EHCO,59,2,181.7052044143888,292.0,292.0,0.0,0,None,None,443.0,0,1,10,1,0,None
fault,A*-GA,59,2,181.7052044143888,298.0,341.0,14.429530201342283,0,None,None,453.0,2,1,10,1,0,None
fault,EHCO,60,2,181.7052044143888,353.0,609.0,72.52124645892351,0,None,0.0,445.0,8,1,10,1,0,None
fault,A*-GA,60,2,181.7052044143888,297.0,326.0,9.764309764309765,0,None,None,456.0,3,1,10,1,0,None
fault,EHCO,31,3,87.05594713886512,270.0,346.0,28.14814814814815,0,3380.81880000027,20000.0,168.0,2,1,10,1,1,233.0
fault,A*-GA,31,3,87.05594713886512,285.0,432.0,51.578947368421055,0,None,None,172.0,5,1,10,1,0,None
fault,EHCO,32,3,87.05594713886512,292.0,321.0,9.931506849315069,0,3374.358000000939,20000.0,171.0,4,1,10,1,1,198.0
fault,A*-GA,32,3,87.05594713886512,301.0,506.0,68.10631229235881,0,None,None,166.0,6,1,10,1,0,None
fault,EHCO,33,3,87.05594713886512,328.0,318.0,-3.048780487804878,0,3305.7867999996233,20000.0,171.0,6,1,10,1,1,244.0
fault,A*-GA,33,3,87.05594713886512,305.0,630.0,106.55737704918033,0,None,None,172.0,5,1,10,1,0,None
fault,EHCO,34,3,87.05594713886512,307.0,381.0,24.104234527687296,0,3637.428000001819,20000.0,166.0,7,1,10,1,1,242.0
fault,A*-GA,34,3,87.05594713886512,320.0,674.0,110.625,0,None,None,168.0,4,1,10,1,0,None
fault,EHCO,35,3,87.05594713886512,351.0,355.0,1.1396011396011396,0,3466.3045999986934,20000.0,167.0,5,1,10,1,1,213.0
fault,A*-GA,35,3,87.05594713886512,299.0,559.0,86.95652173913044,0,None,None,168.0,5,1,10,1,0,None
fault,EHCO,36,3,87.05594713886512,366.0,373.0,1.912568306010929,0,3423.6075000007986,20000.0,167.0,1,1,10,1,1,238.0
fault,A*-GA,36,3,87.05594713886512,313.0,624.0,99.36102236421725,0,None,None,174.0,6,1,10,1,0,None
fault,EHCO,37,3,87.05594713886512,339.0,325.0,-4.129793510324483,0,3317.226399998617,20000.0,169.0,0,1,10,1,1,208.0
fault,A*-GA,37,3,87.05594713886512,291.0,519.0,78.35051546391753,0,None,None,175.0,1,1,10,1,0,None
fault,EHCO,38,3,87.05594713886512,322.0,350.0,8.695652173913043,0,3639.8456999995688,20000.0,168.0,6,1,10,1,1,225.0
fault,A*-GA,38,3,87.05594713886512,334.0,731.0,118.8622754491018,0,None,None,168.0,6,1,10,1,0,None
fault,EHCO,39,3,87.05594713886512,314.0,349.0,11.146496815286625,0,3546.1587000027066,20000.0,176.0,8,1,10,1,1,225.0
fault,A*-GA,39,3,87.05594713886512,316.0,596.0,88.60759493670885,0,None,None,171.0,1,1,10,1,0,None
fault,EHCO,40,3,87.05594713886512,270.0,305.0,12.962962962962962,0,3398.233599997184,20000.0,163.0,4,1,10,1,1,211.0
fault,A*-GA,40,3,87.05594713886512,304.0,506.0,66.44736842105263,0,None,None,174.0,5,1,10,1,0,None
fault,EHCO,41,3,87.05594713886512,397.0,328.0,-17.38035264483627,0,3545.231199997943,20000.0,169.0,9,1,10,1,1,216.0
fault,A*-GA,41,3,87.05594713886512,291.0,527.0,81.09965635738831,0,None,None,177.0,6,1,10,1,0,None
fault,EHCO,42,3,87.05594713886512,371.0,326.0,-12.129380053908356,0,3323.8133000013477,20000.0,171.0,4,1,10,1,1,256.0
fault,A*-GA,42,3,87.05594713886512,302.0,581.0,92.3841059602649,0,None,None,169.0,4,1,10,1,0,None
fault,EHCO,43,3,87.05594713886512,291.0,304.0,4.4673539518900345,0,3512.722899999062,20000.0,168.0,1,1,10,1,1,217.0
fault,A*-GA,43,3,87.05594713886512,280.0,389.0,38.92857142857143,0,None,None,181.0,1,1,10,1,0,None
fault,EHCO,44,3,87.05594713886512,305.0,333.0,9.180327868852459,0,3368.871799997578,20000.0,172.0,3,1,10,1,1,239.0
fault,A*-GA,44,3,87.05594713886512,308.0,432.0,40.25974025974026,0,None,None,173.0,7,1,10,1,0,None
fault,EHCO,45,3,87.05594713886512,342.0,357.0,4.385964912280701,0,3357.026699999551,20000.0,168.0,1,1,10,1,1,222.0
fault,A*-GA,45,3,87.05594713886512,304.0,535.0,75.98684210526315,0,None,None,174.0,6,1,10,1,0,None
fault,EHCO,46,3,87.05594713886512,300.0,300.0,0.0,0,3332.4054000004253,20000.0,174.0,4,1,10,1,1,236.0
fault,A*-GA,46,3,87.05594713886512,297.0,297.0,0.0,0,None,None,168.0,9,1,10,1,0,None
fault,EHCO,47,3,87.05594713886512,312.0,361.0,15.705128205128204,0,3479.62749999715,20000.0,169.0,3,1,10,1,1,230.0
fault,A*-GA,47,3,87.05594713886512,313.0,508.0,62.30031948881789,0,None,None,169.0,3,1,10,1,0,None
fault,EHCO,48,3,87.05594713886512,315.0,337.0,6.984126984126984,0,3456.949199997325,20000.0,169.0,1,1,10,1,1,254.0
fault,A*-GA,48,3,87.05594713886512,308.0,527.0,71.1038961038961,0,None,None,171.0,9,1,10,1,0,None
fault,EHCO,49,3,87.05594713886512,310.0,314.0,1.2903225806451613,0,3404.6105000015814,20000.0,170.0,6,1,10,1,1,193.0
fault,A*-GA,49,3,87.05594713886512,302.0,541.0,79.13907284768213,0,None,None,176.0,1,1,10,1,0,None
fault,EHCO,50,3,87.05594713886512,348.0,290.0,-16.666666666666664,0,3439.651299999241,20000.0,174.0,5,1,10,1,1,239.0
fault,A*-GA,50,3,87.05594713886512,299.0,306.0,2.341137123745819,0,None,None,165.0,2,1,10,1,0,None
fault,EHCO,51,3,87.05594713886512,282.0,308.0,9.219858156028367,0,3280.500699998811,20000.0,176.0,6,1,10,1,1,218.0
fault,A*-GA,51,3,87.05594713886512,293.0,585.0,99.65870307167235,0,None,None,172.0,5,1,10,1,0,None
fault,EHCO,52,3,87.05594713886512,324.0,318.0,-1.8518518518518516,0,3260.9709999996994,20000.0,171.0,8,1,10,1,1,190.0
fault,A*-GA,52,3,87.05594713886512,301.0,387.0,28.57142857142857,0,None,None,171.0,6,1,10,1,0,None
fault,EHCO,53,3,87.05594713886512,396.0,333.0,-15.909090909090908,0,3345.4101999996055,20000.0,172.0,5,1,10,1,1,178.0
fault,A*-GA,53,3,87.05594713886512,290.0,518.0,78.62068965517241,0,None,None,174.0,4,1,10,1,0,None
fault,EHCO,54,3,87.05594713886512,352.0,353.0,0.2840909090909091,0,3300.497099997301,20000.0,171.0,0,1,10,1,1,232.0
fault,A*-GA,54,3,87.05594713886512,323.0,542.0,67.80185758513932,0,None,None,178.0,5,1,10,1,0,None
fault,EHCO,55,3,87.05594713886512,359.0,352.0,-1.9498607242339834,0,3581.0783000015363,20000.0,166.0,3,1,10,1,1,220.0
fault,A*-GA,55,3,87.05594713886512,292.0,463.0,58.56164383561644,0,None,None,170.0,4,1,10,1,0,None
fault,EHCO,56,3,87.05594713886512,342.0,303.0,-11.403508771929824,0,3309.2816999997012,20000.0,167.0,3,1,10,1,1,197.0
fault,A*-GA,56,3,87.05594713886512,296.0,478.0,61.48648648648649,0,None,None,169.0,7,1,10,1,0,None
fault,EHCO,57,3,87.05594713886512,277.0,318.0,14.801444043321299,0,3375.0900000013644,20000.0,170.0,2,1,10,1,1,248.0
fault,A*-GA,57,3,87.05594713886512,287.0,522.0,81.8815331010453,0,None,None,166.0,7,1,10,1,0,None
fault,EHCO,58,3,87.05594713886512,307.0,367.0,19.54397394136808,0,3485.2097000002686,20000.0,173.0,3,1,10,1,1,218.0
fault,A*-GA,58,3,87.05594713886512,318.0,511.0,60.691823899371066,0,None,None,171.0,5,1,10,1,0,None
fault,EHCO,59,3,87.05594713886512,292.0,311.0,6.506849315068493,0,3365.3126999997767,20000.0,165.0,8,1,10,1,1,265.0
fault,A*-GA,59,3,87.05594713886512,298.0,571.0,91.61073825503355,0,None,None,171.0,6,1,10,1,0,None
fault,EHCO,60,3,87.05594713886512,353.0,325.0,-7.932011331444759,0,3575.2494000007573,20000.0,171.0,2,1,10,1,1,206.0
fault,A*-GA,60,3,87.05594713886512,297.0,480.0,61.61616161616161,0,None,None,170.0,6,1,10,1,0,None
fault,EHCO,31,4,64.21579955915043,270.0,316.0,17.037037037037038,0,3537.588200000755,20000.0,151.0,7,1,10,1,1,186.0
fault,A*-GA,31,4,64.21579955915043,285.0,506.0,77.54385964912281,0,None,None,160.0,9,1,10,1,0,None
fault,EHCO,32,4,64.21579955915043,292.0,326.0,11.643835616438356,0,3233.0098999991606,20000.0,150.0,5,1,10,1,1,229.0
fault,A*-GA,32,4,64.21579955915043,301.0,611.0,102.99003322259136,0,None,None,153.0,4,1,10,1,0,None
fault,EHCO,33,4,64.21579955915043,328.0,324.0,-1.2195121951219512,0,3510.3951999990386,20000.0,150.0,4,1,10,1,1,204.0
fault,A*-GA,33,4,64.21579955915043,305.0,600.0,96.72131147540983,0,None,None,156.0,2,1,10,1,0,None
fault,EHCO,34,4,64.21579955915043,307.0,386.0,25.732899022801302,0,3588.70300000126,20000.0,155.0,5,1,10,1,1,231.0
fault,A*-GA,34,4,64.21579955915043,320.0,688.0,114.99999999999999,0,None,None,159.0,0,1,10,1,0,None
fault,EHCO,35,4,64.21579955915043,351.0,319.0,-9.116809116809117,0,3560.49239999993,20000.0,154.0,8,1,10,1,1,319.0
fault,A*-GA,35,4,64.21579955915043,299.0,599.0,100.33444816053512,0,None,None,149.0,4,1,10,1,0,None
fault,EHCO,36,4,64.21579955915043,366.0,323.0,-11.748633879781421,0,3703.1389999974635,20000.0,147.0,5,1,10,1,1,195.0
fault,A*-GA,36,4,64.21579955915043,313.0,736.0,135.14376996805112,0,None,None,150.0,5,1,10,1,0,None
fault,EHCO,37,4,64.21579955915043,339.0,295.0,-12.979351032448378,0,3567.3371000011684,20000.0,147.0,8,1,10,1,1,191.0
fault,A*-GA,37,4,64.21579955915043,291.0,581.0,99.65635738831615,0,None,None,156.0,5,1,10,1,0,None
fault,EHCO,38,4,64.21579955915043,322.0,470.0,45.962732919254655,0,3661.0552000020107,20000.0,149.0,0,1,10,1,1,182.0
fault,A*-GA,38,4,64.21579955915043,334.0,601.0,79.94011976047905,0,None,None,152.0,5,1,10,1,0,None
fault,EHCO,39,4,64.21579955915043,314.0,367.0,16.878980891719745,0,1254.3119000001752,20000.0,147.0,2,1,10,1,1,243.0
fault,A*-GA,39,4,64.21579955915043,316.0,685.0,116.77215189873418,0,None,None,154.0,7,1,10,1,0,None
fault,EHCO,40,4,64.21579955915043,270.0,321.0,18.88888888888889,0,578.0712000014319,20000.0,150.0,4,1,10,1,1,198.0
fault,A*-GA,40,4,64.21579955915043,304.0,604.0,98.68421052631578,0,None,None,151.0,0,1,10,1,0,None
fault,EHCO,41,4,64.21579955915043,397.0,316.0,-20.40302267002519,0,669.3975999987742,20000.0,156.0,5,1,10,1,1,181.0
fault,A*-GA,41,4,64.21579955915043,291.0,609.0,109.27835051546391,0,None,None,150.0,3,1,10,1,0,None
fault,EHCO,42,4,64.21579955915043,371.0,380.0,2.4258760107816713,0,577.8049000000465,20000.0,152.0,7,1,10,1,1,180.0
fault,A*-GA,42,4,64.21579955915043,302.0,495.0,63.90728476821192,0,None,None,155.0,6,1,10,1,0,None
fault,EHCO,43,4,64.21579955915043,291.0,310.0,6.529209621993128,0,562.3526999988826,20000.0,154.0,2,1,10,1,1,190.0
fault,A*-GA,43,4,64.21579955915043,280.0,497.0,77.5,0,None,None,156.0,2,1,10,1,0,None
fault,EHCO,44,4,64.21579955915043,305.0,291.0,-4.590163934426229,0,631.1190000014903,20000.0,144.0,5,1,10,1,1,200.0
fault,A*-GA,44,4,64.21579955915043,308.0,630.0,104.54545454545455,0,None,None,151.0,5,1,10,1,0,None
fault,EHCO,45,4,64.21579955915043,342.0,298.0,-12.865497076023392,0,605.7171000029484,20000.0,150.0,0,1,10,1,1,220.0
fault,A*-GA,45,4,64.21579955915043,304.0,584.0,92.10526315789474,0,None,None,155.0,5,1,10,1,0,None
fault,EHCO,46,4,64.21579955915043,300.0,312.0,4.0,0,660.5903000017861,20000.0,154.0,9,1,10,1,1,286.0
fault,A*-GA,46,4,64.21579955915043,297.0,536.0,80.47138047138047,0,None,None,147.0,8,1,10,1,0,None
fault,EHCO,47,4,64.21579955915043,312.0,329.0,5.448717948717949,0,647.0559999979741,20000.0,154.0,2,1,10,1,1,320.0
fault,A*-GA,47,4,64.21579955915043,313.0,585.0,86.90095846645367,0,None,None,153.0,2,1,10,1,0,None
fault,EHCO,48,4,64.21579955915043,315.0,351.0,11.428571428571429,0,620.0861999968765,20000.0,148.0,4,1,10,1,1,207.0
fault,A*-GA,48,4,64.21579955915043,308.0,566.0,83.76623376623377,0,None,None,146.0,4,1,10,1,0,None
fault,EHCO,49,4,64.21579955915043,310.0,316.0,1.935483870967742,0,591.8698999994376,20000.0,156.0,1,1,10,1,1,None
fault,A*-GA,49,4,64.21579955915043,302.0,638.0,111.25827814569536,0,None,None,158.0,4,1,10,1,0,None
fault,EHCO,50,4,64.21579955915043,348.0,342.0,-1.7241379310344827,0,632.1575000001758,20000.0,150.0,2,1,10,1,1,223.0
fault,A*-GA,50,4,64.21579955915043,299.0,404.0,35.11705685618729,0,None,None,148.0,3,1,10,1,0,None
fault,EHCO,51,4,64.21579955915043,282.0,360.0,27.659574468085108,0,580.73819999845,20000.0,156.0,0,1,10,1,1,284.0
fault,A*-GA,51,4,64.21579955915043,293.0,475.0,62.116040955631405,0,None,None,156.0,0,1,10,1,0,None
fault,EHCO,52,4,64.21579955915043,324.0,295.0,-8.950617283950617,0,568.9796999977261,20000.0,162.0,4,1,10,1,1,219.0
fault,A*-GA,52,4,64.21579955915043,301.0,676.0,124.58471760797343,0,None,None,148.0,5,1,10,1,0,None
fault,EHCO,53,4,64.21579955915043,396.0,333.0,-15.909090909090908,0,563.1179999982123,20000.0,146.0,1,1,10,1,1,None
fault,A*-GA,53,4,64.21579955915043,290.0,596.0,105.51724137931035,0,None,None,156.0,9,1,10,1,0,None
fault,EHCO,54,4,64.21579955915043,352.0,353.0,0.2840909090909091,0,558.6660999979358,20000.0,154.0,5,1,10,1,1,283.0
fault,A*-GA,54,4,64.21579955915043,323.0,755.0,133.74613003095973,0,None,None,155.0,9,1,10,1,0,None
fault,EHCO,55,4,64.21579955915043,359.0,344.0,-4.178272980501393,0,607.1542999998201,20000.0,150.0,2,1,10,1,1,174.0
fault,A*-GA,55,4,64.21579955915043,292.0,318.0,8.904109589041095,0,None,None,154.0,6,1,10,1,0,None
fault,EHCO,56,4,64.21579955915043,342.0,309.0,-9.649122807017543,0,601.8651999984286,20000.0,157.0,6,1,10,1,1,191.0
fault,A*-GA,56,4,64.21579955915043,296.0,486.0,64.1891891891892,0,None,None,157.0,8,1,10,1,0,None
fault,EHCO,57,4,64.21579955915043,277.0,331.0,19.494584837545126,0,663.8193000035244,20000.0,143.0,6,1,10,1,1,173.0
fault,A*-GA,57,4,64.21579955915043,287.0,315.0,9.75609756097561,0,None,None,158.0,9,1,10,1,0,None
fault,EHCO,58,4,64.21579955915043,307.0,353.0,14.983713355048861,0,649.1406999994069,20000.0,157.0,2,1,10,1,1,None
fault,A*-GA,58,4,64.21579955915043,318.0,617.0,94.0251572327044,0,None,None,150.0,2,1,10,1,0,None
fault,EHCO,59,4,64.21579955915043,292.0,330.0,13.013698630136986,0,583.4393000004638,20000.0,150.0,7,1,10,1,1,200.0
fault,A*-GA,59,4,64.21579955915043,298.0,597.0,100.33557046979867,0,None,None,163.0,4,1,10,1,0,None
fault,EHCO,60,4,64.21579955915043,353.0,346.0,-1.9830028328611897,0,628.3526999977767,20000.0,152.0,1,1,10,1,1,184.0
fault,A*-GA,60,4,64.21579955915043,297.0,647.0,117.84511784511784,0,None,None,154.0,3,1,10,1,0,None
urgent,EHCO,31,0,400.0,270.0,463.0,71.48148148148148,0,106.09390000172425,4000.0,None,None,0,10,1,1,
urgent,A*-GA,31,0,400.0,285.0,583.0,104.56140350877192,0,None,None,None,None,0,10,1,0,
urgent,EHCO,32,0,400.0,292.0,460.0,57.534246575342465,0,105.36890000003041,4000.0,None,None,0,10,1,1,
urgent,A*-GA,32,0,400.0,301.0,567.0,88.37209302325581,0,None,None,None,None,0,10,1,0,
urgent,EHCO,33,0,400.0,328.0,488.0,48.78048780487805,0,107.58690000147908,4000.0,None,None,0,10,1,1,
urgent,A*-GA,33,0,400.0,305.0,601.0,97.04918032786885,0,None,None,None,None,0,10,1,0,
urgent,EHCO,34,0,400.0,307.0,467.0,52.11726384364821,0,104.90669999853708,4000.0,None,None,0,10,1,1,
urgent,A*-GA,34,0,400.0,320.0,623.0,94.6875,0,None,None,None,None,0,10,1,0,
urgent,EHCO,35,0,400.0,351.0,468.0,33.33333333333333,0,110.0944999998319,4000.0,None,None,0,10,1,1,
urgent,A*-GA,35,0,400.0,299.0,522.0,74.5819397993311,0,None,None,None,None,0,10,1,0,
urgent,EHCO,36,0,400.0,366.0,536.0,46.44808743169399,0,106.8061999976635,4000.0,None,None,0,10,1,1,
urgent,A*-GA,36,0,400.0,313.0,606.0,93.61022364217251,0,None,None,None,None,0,10,1,0,
urgent,EHCO,37,0,400.0,339.0,457.0,34.80825958702065,0,113.62549999830662,4000.0,None,None,0,10,1,1,
urgent,A*-GA,37,0,400.0,291.0,529.0,81.78694158075601,0,None,None,None,None,0,10,1,0,
urgent,EHCO,38,0,400.0,322.0,487.0,51.24223602484472,0,113.03830000179005,4000.0,None,None,0,10,1,1,
urgent,A*-GA,38,0,400.0,334.0,554.0,65.86826347305389,0,None,None,None,None,0,10,1,0,
urgent,EHCO,39,0,400.0,314.0,477.0,51.910828025477706,0,112.4244999991788,4000.0,None,None,0,10,1,1,
urgent,A*-GA,39,0,400.0,316.0,584.0,84.81012658227847,0,None,None,None,None,0,10,1,0,
urgent,EHCO,40,0,400.0,270.0,471.0,74.44444444444444,0,117.72859999837237,4000.0,None,None,0,10,1,1,
urgent,A*-GA,40,0,400.0,304.0,619.0,103.61842105263158,0,None,None,None,None,0,10,1,0,
urgent,EHCO,41,0,400.0,397.0,457.0,15.113350125944585,0,116.27430000226013,4000.0,None,None,0,10,1,1,
urgent,A*-GA,41,0,400.0,291.0,561.0,92.78350515463917,0,None,None,None,None,0,10,1,0,
urgent,EHCO,42,0,400.0,371.0,475.0,28.03234501347709,0,111.23849999785307,4000.0,None,None,0,10,1,1,
urgent,A*-GA,42,0,400.0,302.0,642.0,112.58278145695364,0,None,None,None,None,0,10,1,0,
urgent,EHCO,43,0,400.0,291.0,455.0,56.3573883161512,0,101.15940000105184,4000.0,None,None,0,10,1,1,
urgent,A*-GA,43,0,400.0,280.0,601.0,114.64285714285714,0,None,None,None,None,0,10,1,0,
urgent,EHCO,44,0,400.0,305.0,496.0,62.62295081967213,0,102.3776000001817,4000.0,None,None,0,10,1,1,
urgent,A*-GA,44,0,400.0,308.0,578.0,87.66233766233766,0,None,None,None,None,0,10,1,0,
urgent,EHCO,45,0,400.0,342.0,459.0,34.21052631578947,0,102.00189999886788,4000.0,None,None,0,10,1,1,
urgent,A*-GA,45,0,400.0,304.0,594.0,95.39473684210526,0,None,None,None,None,0,10,1,0,
urgent,EHCO,46,0,400.0,300.0,458.0,52.666666666666664,0,106.13609999927576,4000.0,None,None,0,10,1,1,
urgent,A*-GA,46,0,400.0,297.0,596.0,100.67340067340066,0,None,None,None,None,0,10,1,0,
urgent,EHCO,47,0,400.0,312.0,465.0,49.03846153846153,0,102.92119999940041,4000.0,None,None,0,10,1,1,
urgent,A*-GA,47,0,400.0,313.0,591.0,88.81789137380191,0,None,None,None,None,0,10,1,0,
urgent,EHCO,48,0,400.0,315.0,460.0,46.03174603174603,0,101.07879999850411,4000.0,None,None,0,10,1,1,
urgent,A*-GA,48,0,400.0,308.0,599.0,94.48051948051948,0,None,None,None,None,0,10,1,0,
urgent,EHCO,49,0,400.0,310.0,457.0,47.41935483870968,0,104.22389999803272,4000.0,None,None,0,10,1,1,
urgent,A*-GA,49,0,400.0,302.0,593.0,96.35761589403974,0,None,None,None,None,0,10,1,0,
urgent,EHCO,50,0,400.0,348.0,463.0,33.04597701149425,0,101.70339999967837,4000.0,None,None,0,10,1,1,
urgent,A*-GA,50,0,400.0,299.0,632.0,111.37123745819397,0,None,None,None,None,0,10,1,0,
urgent,EHCO,51,0,400.0,282.0,492.0,74.46808510638297,0,103.50560000006226,4000.0,None,None,0,10,1,1,
urgent,A*-GA,51,0,400.0,293.0,584.0,99.31740614334471,0,None,None,None,None,0,10,1,0,
urgent,EHCO,52,0,400.0,324.0,447.0,37.96296296296296,0,100.81709999940358,4000.0,None,None,0,10,1,1,
urgent,A*-GA,52,0,400.0,301.0,607.0,101.66112956810632,0,None,None,None,None,0,10,1,0,
urgent,EHCO,53,0,400.0,396.0,460.0,16.161616161616163,0,101.51870000117924,4000.0,None,None,0,10,1,1,
urgent,A*-GA,53,0,400.0,290.0,592.0,104.13793103448276,0,None,None,None,None,0,10,1,0,
urgent,EHCO,54,0,400.0,352.0,465.0,32.10227272727273,0,100.85410000101547,4000.0,None,None,0,10,1,1,
urgent,A*-GA,54,0,400.0,323.0,618.0,91.3312693498452,0,None,None,None,None,0,10,1,0,
urgent,EHCO,55,0,400.0,359.0,457.0,27.298050139275766,0,106.57350000110455,4000.0,None,None,0,10,1,1,
urgent,A*-GA,55,0,400.0,292.0,543.0,85.95890410958904,0,None,None,None,None,0,10,1,0,
urgent,EHCO,56,0,400.0,342.0,468.0,36.84210526315789,0,106.11079999944195,4000.0,None,None,0,10,1,1,
urgent,A*-GA,56,0,400.0,296.0,570.0,92.56756756756756,0,None,None,None,None,0,10,1,0,
urgent,EHCO,57,0,400.0,277.0,513.0,85.1985559566787,0,103.21709999698214,4000.0,None,None,0,10,1,1,
urgent,A*-GA,57,0,400.0,287.0,603.0,110.10452961672475,0,None,None,None,None,0,10,1,0,
urgent,EHCO,58,0,400.0,307.0,532.0,73.28990228013029,0,101.22440000122879,4000.0,None,None,0,10,1,1,
urgent,A*-GA,58,0,400.0,318.0,616.0,93.71069182389937,0,None,None,None,None,0,10,1,0,
urgent,EHCO,59,0,400.0,292.0,506.0,73.28767123287672,0,102.24149999703513,4000.0,None,None,0,10,1,1,
urgent,A*-GA,59,0,400.0,298.0,599.0,101.00671140939596,0,None,None,None,None,0,10,1,0,
urgent,EHCO,60,0,400.0,353.0,464.0,31.444759206798867,0,106.95859999759705,4000.0,None,None,0,10,1,1,
urgent,A*-GA,60,0,400.0,297.0,602.0,102.6936026936027,0,None,None,None,None,0,10,1,0,
urgent,EHCO,31,1,413.15143325707925,270.0,477.0,76.66666666666667,0,113.32119999860879,4000.0,None,None,0,10,1,1,
urgent,A*-GA,31,1,413.15143325707925,285.0,597.0,109.47368421052633,0,None,None,None,None,0,10,1,0,
urgent,EHCO,32,1,413.15143325707925,292.0,500.0,71.23287671232876,0,123.12759999986156,4000.0,None,None,0,10,1,1,
urgent,A*-GA,32,1,413.15143325707925,301.0,581.0,93.02325581395348,0,None,None,None,None,0,10,1,0,
urgent,EHCO,33,1,413.15143325707925,328.0,502.0,53.04878048780488,0,104.30660000201897,4000.0,None,None,0,10,1,1,
urgent,A*-GA,33,1,413.15143325707925,305.0,615.0,101.63934426229508,0,None,None,None,None,0,10,1,0,
urgent,EHCO,34,1,413.15143325707925,307.0,481.0,56.67752442996743,0,104.18940000090515,4000.0,None,None,0,10,1,1,
urgent,A*-GA,34,1,413.15143325707925,320.0,637.0,99.0625,0,None,None,None,None,0,10,1,0,
urgent,EHCO,35,1,413.15143325707925,351.0,482.0,37.32193732193732,0,109.63599999740836,4000.0,None,None,0,10,1,1,
urgent,A*-GA,35,1,413.15143325707925,299.0,536.0,79.26421404682274,0,None,None,None,None,0,10,1,0,
urgent,EHCO,36,1,413.15143325707925,366.0,550.0,50.27322404371585,0,104.65439999825321,4000.0,None,None,0,10,1,1,
urgent,A*-GA,36,1,413.15143325707925,313.0,620.0,98.08306709265176,0,None,None,None,None,0,10,1,0,
urgent,EHCO,37,1,413.15143325707925,339.0,471.0,38.93805309734513,0,106.26009999759845,4000.0,None,None,0,10,1,1,
urgent,A*-GA,37,1,413.15143325707925,291.0,543.0,86.5979381443299,0,None,None,None,None,0,10,1,0,
urgent,EHCO,38,1,413.15143325707925,322.0,495.0,53.72670807453416,0,104.25580000082846,4000.0,None,None,0,10,1,1,
urgent,A*-GA,38,1,413.15143325707925,334.0,568.0,70.05988023952095,0,None,None,None,None,0,10,1,0,
urgent,EHCO,39,1,413.15143325707925,314.0,491.0,56.36942675159236,0,108.51060000277357,4000.0,None,None,0,10,1,1,
urgent,A*-GA,39,1,413.15143325707925,316.0,598.0,89.24050632911393,0,None,None,None,None,0,10,1,0,
urgent,EHCO,40,1,413.15143325707925,270.0,495.0,83.33333333333334,0,109.39090000101714,4000.0,None,None,0,10,1,1,
urgent,A*-GA,40,1,413.15143325707925,304.0,633.0,108.2236842105263,0,None,None,None,None,0,10,1,0,
urgent,EHCO,41,1,413.15143325707925,397.0,471.0,18.639798488664987,0,108.85269999926095,4000.0,None,None,0,10,1,1,
urgent,A*-GA,41,1,413.15143325707925,291.0,575.0,97.59450171821305,0,None,None,None,None,0,10,1,0,
urgent,EHCO,42,1,413.15143325707925,371.0,563.0,51.75202156334232,0,127.29389999731211,4000.0,None,None,0,10,1,1,
urgent,A*-GA,42,1,413.15143325707925,302.0,656.0,117.21854304635761,0,None,None,None,None,0,10,1,0,
urgent,EHCO,43,1,413.15143325707925,291.0,469.0,61.16838487972509,0,115.65019999761716,4000.0,None,None,0,10,1,1,
urgent,A*-GA,43,1,413.15143325707925,280.0,615.0,119.64285714285714,0,None,None,None,None,0,10,1,0,
urgent,EHCO,44,1,413.15143325707925,305.0,510.0,67.21311475409836,0,107.09420000057435,4000.0,None,None,0,10,1,1,
urgent,A*-GA,44,1,413.15143325707925,308.0,592.0,92.20779220779221,0,None,None,None,None,0,10,1,0,
urgent,EHCO,45,1,413.15143325707925,342.0,473.0,38.30409356725146,0,128.30490000123973,4000.0,None,None,0,10,1,1,
urgent,A*-GA,45,1,413.15143325707925,304.0,608.0,100.0,0,None,None,None,None,0,10,1,0,
urgent,EHCO,46,1,413.15143325707925,300.0,472.0,57.333333333333336,0,109.7924999994575,4000.0,None,None,0,10,1,1,
urgent,A*-GA,46,1,413.15143325707925,297.0,610.0,105.38720538720538,0,None,None,None,None,0,10,1,0,
urgent,EHCO,47,1,413.15143325707925,312.0,502.0,60.89743589743589,0,133.27469999785535,4000.0,None,None,0,10,1,1,
urgent,A*-GA,47,1,413.15143325707925,313.0,605.0,93.29073482428115,0,None,None,None,None,0,10,1,0,
urgent,EHCO,48,1,413.15143325707925,315.0,474.0,50.476190476190474,0,114.06859999988228,4000.0,None,None,0,10,1,1,
urgent,A*-GA,48,1,413.15143325707925,308.0,613.0,99.02597402597402,0,None,None,None,None,0,10,1,0,
urgent,EHCO,49,1,413.15143325707925,310.0,535.0,72.58064516129032,0,145.5697000019427,4000.0,None,None,0,10,1,1,
urgent,A*-GA,49,1,413.15143325707925,302.0,607.0,100.99337748344371,0,None,None,None,None,0,10,1,0,
urgent,EHCO,50,1,413.15143325707925,348.0,477.0,37.06896551724138,0,101.45310000007157,4000.0,None,None,0,10,1,1,
urgent,A*-GA,50,1,413.15143325707925,299.0,646.0,116.05351170568561,0,None,None,None,None,0,10,1,0,
urgent,EHCO,51,1,413.15143325707925,282.0,506.0,79.43262411347519,0,140.33689999996568,4000.0,None,None,0,10,1,1,
urgent,A*-GA,51,1,413.15143325707925,293.0,598.0,104.09556313993174,0,None,None,None,None,0,10,1,0,
urgent,EHCO,52,1,413.15143325707925,324.0,461.0,42.28395061728395,0,116.10709999877145,4000.0,None,None,0,10,1,1,
urgent,A*-GA,52,1,413.15143325707925,301.0,621.0,106.312292358804,0,None,None,None,None,0,10,1,0,
urgent,EHCO,53,1,413.15143325707925,396.0,474.0,19.696969696969695,0,117.0505999980378,4000.0,None,None,0,10,1,1,
urgent,A*-GA,53,1,413.15143325707925,290.0,606.0,108.9655172413793,0,None,None,None,None,0,10,1,0,
urgent,EHCO,54,1,413.15143325707925,352.0,479.0,36.07954545454545,0,138.96229999954812,4000.0,None,None,0,10,1,1,
urgent,A*-GA,54,1,413.15143325707925,323.0,632.0,95.6656346749226,0,None,None,None,None,0,10,1,0,
urgent,EHCO,55,1,413.15143325707925,359.0,471.0,31.197771587743734,0,113.26379999809433,4000.0,None,None,0,10,1,1,
urgent,A*-GA,55,1,413.15143325707925,292.0,557.0,90.75342465753424,0,None,None,None,None,0,10,1,0,
urgent,EHCO,56,1,413.15143325707925,342.0,482.0,40.93567251461988,0,126.72839999868302,4000.0,None,None,0,10,1,1,
urgent,A*-GA,56,1,413.15143325707925,296.0,584.0,97.2972972972973,0,None,None,None,None,0,10,1,0,
urgent,EHCO,57,1,413.15143325707925,277.0,527.0,90.25270758122743,0,115.69170000075246,4000.0,None,None,0,10,1,1,
urgent,A*-GA,57,1,413.15143325707925,287.0,617.0,114.98257839721255,0,None,None,None,None,0,10,1,0,
urgent,EHCO,58,1,413.15143325707925,307.0,546.0,77.85016286644951,0,120.5100000006496,4000.0,None,None,0,10,1,1,
urgent,A*-GA,58,1,413.15143325707925,318.0,630.0,98.11320754716981,0,None,None,None,None,0,10,1,0,
urgent,EHCO,59,1,413.15143325707925,292.0,520.0,78.08219178082192,0,111.01449999841861,4000.0,None,None,0,10,1,1,
urgent,A*-GA,59,1,413.15143325707925,298.0,613.0,105.70469798657717,0,None,None,None,None,0,10,1,0,
urgent,EHCO,60,1,413.15143325707925,353.0,478.0,35.41076487252124,0,115.0484999998298,4000.0,None,None,0,10,1,1,
urgent,A*-GA,60,1,413.15143325707925,297.0,616.0,107.40740740740742,0,None,None,None,None,0,10,1,0,
urgent,EHCO,31,2,473.86457773484113,270.0,537.0,98.88888888888889,0,108.06569999840576,4000.0,None,None,0,10,1,1,
urgent,A*-GA,31,2,473.86457773484113,285.0,657.0,130.5263157894737,0,None,None,None,None,0,10,1,0,
urgent,EHCO,32,2,473.86457773484113,292.0,534.0,82.87671232876713,0,97.48150000086753,4000.0,None,None,0,10,1,1,
urgent,A*-GA,32,2,473.86457773484113,301.0,641.0,112.95681063122925,0,None,None,None,None,0,10,1,0,
urgent,EHCO,33,2,473.86457773484113,328.0,562.0,71.34146341463415,0,127.2343999989971,4000.0,None,None,0,10,1,1,
urgent,A*-GA,33,2,473.86457773484113,305.0,675.0,121.31147540983606,0,None,None,None,None,0,10,1,0,
urgent,EHCO,34,2,473.86457773484113,307.0,541.0,76.2214983713355,0,99.56629999942379,4000.0,None,None,0,10,1,1,
urgent,A*-GA,34,2,473.86457773484113,320.0,697.0,117.81250000000001,0,None,None,None,None,0,10,1,0,
urgent,EHCO,35,2,473.86457773484113,351.0,542.0,54.41595441595442,0,96.78179999900749,4000.0,None,None,0,10,1,1,
urgent,A*-GA,35,2,473.86457773484113,299.0,596.0,99.33110367892976,0,None,None,None,None,0,10,1,0,
urgent,EHCO,36,2,473.86457773484113,366.0,545.0,48.90710382513661,0,110.85390000152984,4000.0,None,None,0,10,1,1,
urgent,A*-GA,36,2,473.86457773484113,313.0,680.0,117.25239616613419,0,None,None,None,None,0,10,1,0,
urgent,EHCO,37,2,473.86457773484113,339.0,531.0,56.63716814159292,0,118.98790000122972,4000.0,None,None,0,10,1,1,
urgent,A*-GA,37,2,473.86457773484113,291.0,603.0,107.21649484536083,0,None,None,None,None,0,10,1,0,
urgent,EHCO,38,2,473.86457773484113,322.0,519.0,61.18012422360248,0,99.54069999730564,4000.0,None,None,0,10,1,1,
urgent,A*-GA,38,2,473.86457773484113,334.0,628.0,88.02395209580838,0,None,None,None,None,0,10,1,0,
urgent,EHCO,39,2,473.86457773484113,314.0,551.0,75.47770700636943,0,97.10520000226097,4000.0,None,None,0,10,1,1,
urgent,A*-GA,39,2,473.86457773484113,316.0,658.0,108.22784810126582,0,None,None,None,None,0,10,1,0,
urgent,EHCO,40,2,473.86457773484113,270.0,555.0,105.55555555555556,0,102.25659999923664,4000.0,None,None,0,10,1,1,
urgent,A*-GA,40,2,473.86457773484113,304.0,693.0,127.96052631578947,0,None,None,None,None,0,10,1,0,
urgent,EHCO,41,2,473.86457773484113,397.0,531.0,33.75314861460957,0,101.61979999975301,4000.0,None,None,0,10,1,1,
urgent,A*-GA,41,2,473.86457773484113,291.0,635.0,118.21305841924399,0,None,None,None,None,0,10,1,0,
urgent,EHCO,42,2,473.86457773484113,371.0,550.0,48.24797843665768,0,100.96369999882882,4000.0,None,None,0,10,1,1,
urgent,A*-GA,42,2,473.86457773484113,302.0,716.0,137.08609271523179,0,None,None,None,None,0,10,1,0,
urgent,EHCO,43,2,473.86457773484113,291.0,529.0,81.78694158075601,0,168.43359999984386,4000.0,None,None,0,10,1,1,
urgent,A*-GA,43,2,473.86457773484113,280.0,675.0,141.07142857142858,0,None,None,None,None,0,10,1,0,
urgent,EHCO,44,2,473.86457773484113,305.0,570.0,86.88524590163934,0,107.01680000056513,4000.0,None,None,0,10,1,1,
urgent,A*-GA,44,2,473.86457773484113,308.0,652.0,111.68831168831169,0,None,None,None,None,0,10,1,0,
urgent,EHCO,45,2,473.86457773484113,342.0,533.0,55.84795321637427,0,126.66199999875971,4000.0,None,None,0,10,1,1,
urgent,A*-GA,45,2,473.86457773484113,304.0,668.0,119.73684210526316,0,None,None,None,None,0,10,1,0,
urgent,EHCO,46,2,473.86457773484113,300.0,532.0,77.33333333333333,0,119.80570000014268,4000.0,None,None,0,10,1,1,
urgent,A*-GA,46,2,473.86457773484113,297.0,670.0,125.58922558922558,0,None,None,None,None,0,10,1,0,
urgent,EHCO,47,2,473.86457773484113,312.0,562.0,80.12820512820514,0,123.34810000174912,4000.0,None,None,0,10,1,1,
urgent,A*-GA,47,2,473.86457773484113,313.0,665.0,112.46006389776358,0,None,None,None,None,0,10,1,0,
urgent,EHCO,48,2,473.86457773484113,315.0,534.0,69.52380952380952,0,116.89339999793447,4000.0,None,None,0,10,1,1,
urgent,A*-GA,48,2,473.86457773484113,308.0,673.0,118.50649350649351,0,None,None,None,None,0,10,1,0,
urgent,EHCO,49,2,473.86457773484113,310.0,531.0,71.29032258064515,0,131.68930000028922,4000.0,None,None,0,10,1,1,
urgent,A*-GA,49,2,473.86457773484113,302.0,667.0,120.86092715231788,0,None,None,None,None,0,10,1,0,
urgent,EHCO,50,2,473.86457773484113,348.0,537.0,54.310344827586206,0,136.1974999999802,4000.0,None,None,0,10,1,1,
urgent,A*-GA,50,2,473.86457773484113,299.0,706.0,136.12040133779263,0,None,None,None,None,0,10,1,0,
urgent,EHCO,51,2,473.86457773484113,282.0,577.0,104.60992907801419,0,117.91669999729493,4000.0,None,None,0,10,1,1,
urgent,A*-GA,51,2,473.86457773484113,293.0,658.0,124.57337883959045,0,None,None,None,None,0,10,1,0,
urgent,EHCO,52,2,473.86457773484113,324.0,538.0,66.0493827160494,0,122.23459999950137,4000.0,None,None,0,10,1,1,
urgent,A*-GA,52,2,473.86457773484113,301.0,681.0,126.24584717607974,0,None,None,None,None,0,10,1,0,
urgent,EHCO,53,2,473.86457773484113,396.0,534.0,34.84848484848485,0,131.05279999945196,4000.0,None,None,0,10,1,1,
urgent,A*-GA,53,2,473.86457773484113,290.0,666.0,129.65517241379308,0,None,None,None,None,0,10,1,0,
urgent,EHCO,54,2,473.86457773484113,352.0,539.0,53.125,0,121.1797000032675,4000.0,None,None,0,10,1,1,
urgent,A*-GA,54,2,473.86457773484113,323.0,692.0,114.24148606811147,0,None,None,None,None,0,10,1,0,
urgent,EHCO,55,2,473.86457773484113,359.0,531.0,47.910863509749305,0,118.16990000079386,4000.0,None,None,0,10,1,1,
urgent,A*-GA,55,2,473.86457773484113,292.0,617.0,111.30136986301369,0,None,None,None,None,0,10,1,0,
urgent,EHCO,56,2,473.86457773484113,342.0,542.0,58.47953216374269,0,118.79180000323686,4000.0,None,None,0,10,1,1,
urgent,A*-GA,56,2,473.86457773484113,296.0,644.0,117.56756756756756,0,None,None,None,None,0,10,1,0,
urgent,EHCO,57,2,473.86457773484113,277.0,589.0,112.63537906137185,0,137.92480000120122,4000.0,None,None,0,10,1,1,
urgent,A*-GA,57,2,473.86457773484113,287.0,677.0,135.88850174216026,0,None,None,None,None,0,10,1,0,
urgent,EHCO,58,2,473.86457773484113,307.0,545.0,77.52442996742671,0,120.81060000127763,4000.0,None,None,0,10,1,1,
urgent,A*-GA,58,2,473.86457773484113,318.0,690.0,116.98113207547169,0,None,None,None,None,0,10,1,0,
urgent,EHCO,59,2,473.86457773484113,292.0,580.0,98.63013698630137,0,119.6734999975888,4000.0,None,None,0,10,1,1,
urgent,A*-GA,59,2,473.86457773484113,298.0,673.0,125.83892617449663,0,None,None,None,None,0,10,1,0,
urgent,EHCO,60,2,473.86457773484113,353.0,538.0,52.40793201133145,0,172.01090000162367,4000.0,None,None,0,10,1,1,
urgent,A*-GA,60,2,473.86457773484113,297.0,676.0,127.60942760942761,0,None,None,None,None,0,10,1,0,
urgent,EHCO,31,3,338.6513530555216,270.0,402.0,48.888888888888886,0,114.06799999895156,4000.0,None,None,0,10,1,1,
urgent,A*-GA,31,3,338.6513530555216,285.0,522.0,83.15789473684211,0,None,None,None,None,0,10,1,0,
urgent,EHCO,32,3,338.6513530555216,292.0,399.0,36.64383561643836,0,128.52790000033565,4000.0,None,None,0,10,1,1,
urgent,A*-GA,32,3,338.6513530555216,301.0,506.0,68.10631229235881,0,None,None,None,None,0,10,1,0,
urgent,EHCO,33,3,338.6513530555216,328.0,427.0,30.182926829268293,0,112.44110000188812,4000.0,None,None,0,10,1,1,
urgent,A*-GA,33,3,338.6513530555216,305.0,540.0,77.04918032786885,0,None,None,None,None,0,10,1,0,
urgent,EHCO,34,3,338.6513530555216,307.0,406.0,32.24755700325733,0,128.1355999999505,4000.0,None,None,0,10,1,1,
urgent,A*-GA,34,3,338.6513530555216,320.0,562.0,75.625,0,None,None,None,None,0,10,1,0,
urgent,EHCO,35,3,338.6513530555216,351.0,407.0,15.954415954415953,0,108.93299999952433,4000.0,None,None,0,10,1,1,
urgent,A*-GA,35,3,338.6513530555216,299.0,461.0,54.18060200668896,0,None,None,None,None,0,10,1,0,
urgent,EHCO,36,3,338.6513530555216,366.0,410.0,12.021857923497267,0,112.08809999880032,4000.0,None,None,0,10,1,1,
urgent,A*-GA,36,3,338.6513530555216,313.0,545.0,74.12140575079871,0,None,None,None,None,0,10,1,0,
urgent,EHCO,37,3,338.6513530555216,339.0,396.0,16.8141592920354,0,102.70930000115186,4000.0,None,None,0,10,1,1,
urgent,A*-GA,37,3,338.6513530555216,291.0,468.0,60.824742268041234,0,None,None,None,None,0,10,1,0,
urgent,EHCO,38,3,338.6513530555216,322.0,426.0,32.298136645962735,0,119.64670000088518,4000.0,None,None,0,10,1,1,
urgent,A*-GA,38,3,338.6513530555216,334.0,493.0,47.604790419161674,0,None,None,None,None,0,10,1,0,
urgent,EHCO,39,3,338.6513530555216,314.0,418.0,33.12101910828025,0,95.9117000020342,4000.0,None,None,0,10,1,1,
urgent,A*-GA,39,3,338.6513530555216,316.0,523.0,65.50632911392405,0,None,None,None,None,0,10,1,0,
urgent,EHCO,40,3,338.6513530555216,270.0,410.0,51.85185185185185,0,114.16780000217841,4000.0,None,None,0,10,1,1,
urgent,A*-GA,40,3,338.6513530555216,304.0,558.0,83.55263157894737,0,None,None,None,None,0,10,1,0,
urgent,EHCO,41,3,338.6513530555216,397.0,413.0,4.030226700251889,0,106.78170000028331,4000.0,None,None,0,10,1,1,
urgent,A*-GA,41,3,338.6513530555216,291.0,500.0,71.8213058419244,0,None,None,None,None,0,10,1,0,
urgent,EHCO,42,3,338.6513530555216,371.0,415.0,11.859838274932615,0,106.51579999830574,4000.0,None,None,0,10,1,1,
urgent,A*-GA,42,3,338.6513530555216,302.0,581.0,92.3841059602649,0,None,None,None,None,0,10,1,0,
urgent,EHCO,43,3,338.6513530555216,291.0,394.0,35.39518900343643,0,104.4599000015296,4000.0,None,None,0,10,1,1,
urgent,A*-GA,43,3,338.6513530555216,280.0,540.0,92.85714285714286,0,None,None,None,None,0,10,1,0,
urgent,EHCO,44,3,338.6513530555216,305.0,435.0,42.62295081967213,0,110.48630000004778,4000.0,None,None,0,10,1,1,
urgent,A*-GA,44,3,338.6513530555216,308.0,517.0,67.85714285714286,0,None,None,None,None,0,10,1,0,
urgent,EHCO,45,3,338.6513530555216,342.0,398.0,16.374269005847953,0,107.40220000297995,4000.0,None,None,0,10,1,1,
urgent,A*-GA,45,3,338.6513530555216,304.0,533.0,75.32894736842105,0,None,None,None,None,0,10,1,0,
urgent,EHCO,46,3,338.6513530555216,300.0,397.0,32.33333333333333,0,119.21799999981886,4000.0,None,None,0,10,1,1,
urgent,A*-GA,46,3,338.6513530555216,297.0,535.0,80.13468013468014,0,None,None,None,None,0,10,1,0,
urgent,EHCO,47,3,338.6513530555216,312.0,404.0,29.48717948717949,0,113.02669999713544,4000.0,None,None,0,10,1,1,
urgent,A*-GA,47,3,338.6513530555216,313.0,530.0,69.32907348242811,0,None,None,None,None,0,10,1,0,
urgent,EHCO,48,3,338.6513530555216,315.0,399.0,26.666666666666668,0,108.51220000040485,4000.0,None,None,0,10,1,1,
urgent,A*-GA,48,3,338.6513530555216,308.0,538.0,74.67532467532467,0,None,None,None,None,0,10,1,0,
urgent,EHCO,49,3,338.6513530555216,310.0,399.0,28.70967741935484,0,112.3425000005227,4000.0,None,None,0,10,1,1,
urgent,A*-GA,49,3,338.6513530555216,302.0,532.0,76.15894039735099,0,None,None,None,None,0,10,1,0,
urgent,EHCO,50,3,338.6513530555216,348.0,402.0,15.517241379310345,0,118.0010999996739,4000.0,None,None,0,10,1,1,
urgent,A*-GA,50,3,338.6513530555216,299.0,571.0,90.96989966555184,0,None,None,None,None,0,10,1,0,
urgent,EHCO,51,3,338.6513530555216,282.0,431.0,52.836879432624116,0,119.23579999711365,4000.0,None,None,0,10,1,1,
urgent,A*-GA,51,3,338.6513530555216,293.0,523.0,78.49829351535837,0,None,None,None,None,0,10,1,0,
urgent,EHCO,52,3,338.6513530555216,324.0,386.0,19.1358024691358,0,105.90440000305534,4000.0,None,None,0,10,1,1,
urgent,A*-GA,52,3,338.6513530555216,301.0,546.0,81.3953488372093,0,None,None,None,None,0,10,1,0,
urgent,EHCO,53,3,338.6513530555216,396.0,399.0,0.7575757575757576,0,101.31290000208537,4000.0,None,None,0,10,1,1,
urgent,A*-GA,53,3,338.6513530555216,290.0,531.0,83.10344827586206,0,None,None,None,None,0,10,1,0,
urgent,EHCO,54,3,338.6513530555216,352.0,404.0,14.772727272727273,0,105.32260000036331,4000.0,None,None,0,10,1,1,
urgent,A*-GA,54,3,338.6513530555216,323.0,557.0,72.44582043343654,0,None,None,None,None,0,10,1,0,
urgent,EHCO,55,3,338.6513530555216,359.0,416.0,15.87743732590529,0,100.02859999804059,4000.0,None,None,0,10,1,1,
urgent,A*-GA,55,3,338.6513530555216,292.0,482.0,65.06849315068493,0,None,None,None,None,0,10,1,0,
urgent,EHCO,56,3,338.6513530555216,342.0,407.0,19.005847953216374,0,102.64960000131396,4000.0,None,None,0,10,1,1,
urgent,A*-GA,56,3,338.6513530555216,296.0,509.0,71.95945945945947,0,None,None,None,None,0,10,1,0,
urgent,EHCO,57,3,338.6513530555216,277.0,452.0,63.1768953068592,0,103.74009999941336,4000.0,None,None,0,10,1,1,
urgent,A*-GA,57,3,338.6513530555216,287.0,542.0,88.85017421602788,0,None,None,None,None,0,10,1,0,
urgent,EHCO,58,3,338.6513530555216,307.0,471.0,53.420195439739416,0,105.81449999881443,4000.0,None,None,0,10,1,1,
urgent,A*-GA,58,3,338.6513530555216,318.0,555.0,74.52830188679245,0,None,None,None,None,0,10,1,0,
urgent,EHCO,59,3,338.6513530555216,292.0,445.0,52.3972602739726,0,127.92679999984102,4000.0,None,None,0,10,1,1,
urgent,A*-GA,59,3,338.6513530555216,298.0,538.0,80.53691275167785,0,None,None,None,None,0,10,1,0,
urgent,EHCO,60,3,338.6513530555216,353.0,411.0,16.43059490084986,0,106.97480000089854,4000.0,None,None,0,10,1,1,
urgent,A*-GA,60,3,338.6513530555216,297.0,541.0,82.15488215488216,0,None,None,None,None,0,10,1,0,
urgent,EHCO,31,4,306.0225707987863,270.0,370.0,37.03703703703704,0,106.30690000107279,4000.0,None,None,0,10,1,1,
urgent,A*-GA,31,4,306.0225707987863,285.0,490.0,71.9298245614035,0,None,None,None,None,0,10,1,0,
urgent,EHCO,32,4,306.0225707987863,292.0,407.0,39.38356164383562,0,106.60469999857014,4000.0,None,None,0,10,1,1,
urgent,A*-GA,32,4,306.0225707987863,301.0,474.0,57.475083056478404,0,None,None,None,None,0,10,1,0,
urgent,EHCO,33,4,306.0225707987863,328.0,395.0,20.426829268292682,0,100.0875999998243,4000.0,None,None,0,10,1,1,
urgent,A*-GA,33,4,306.0225707987863,305.0,508.0,66.55737704918033,0,None,None,None,None,0,10,1,0,
urgent,EHCO,34,4,306.0225707987863,307.0,374.0,21.824104234527688,0,105.52800000004936,4000.0,None,None,0,10,1,1,
urgent,A*-GA,34,4,306.0225707987863,320.0,535.0,67.1875,0,None,None,None,None,0,10,1,0,
urgent,EHCO,35,4,306.0225707987863,351.0,367.0,4.5584045584045585,0,107.34010000305716,4000.0,None,None,0,10,1,1,
urgent,A*-GA,35,4,306.0225707987863,299.0,429.0,43.47826086956522,0,None,None,None,None,0,10,1,0,
urgent,EHCO,36,4,306.0225707987863,366.0,393.0,7.377049180327869,0,108.79940000086208,4000.0,None,None,0,10,1,1,
urgent,A*-GA,36,4,306.0225707987863,313.0,522.0,66.77316293929712,0,None,None,None,None,0,10,1,0,
urgent,EHCO,37,4,306.0225707987863,339.0,364.0,7.374631268436578,0,103.60059999948135,4000.0,None,None,0,10,1,1,
urgent,A*-GA,37,4,306.0225707987863,291.0,436.0,49.828178694158076,0,None,None,None,None,0,10,1,0,
urgent,EHCO,38,4,306.0225707987863,322.0,405.0,25.77639751552795,0,111.22059999979683,4000.0,None,None,0,10,1,1,
urgent,A*-GA,38,4,306.0225707987863,334.0,471.0,41.01796407185629,0,None,None,None,None,0,10,1,0,
urgent,EHCO,39,4,306.0225707987863,314.0,384.0,22.29299363057325,0,106.83050000079675,4000.0,None,None,0,10,1,1,
urgent,A*-GA,39,4,306.0225707987863,316.0,491.0,55.379746835443036,0,None,None,None,None,0,10,1,0,
urgent,EHCO,40,4,306.0225707987863,270.0,378.0,40.0,0,117.7255000002333,4000.0,None,None,0,10,1,1,
urgent,A*-GA,40,4,306.0225707987863,304.0,526.0,73.02631578947368,0,None,None,None,None,0,10,1,0,
urgent,EHCO,41,4,306.0225707987863,397.0,381.0,-4.030226700251889,0,107.17159999694559,4000.0,None,None,0,10,1,1,
urgent,A*-GA,41,4,306.0225707987863,291.0,468.0,60.824742268041234,0,None,None,None,None,0,10,1,0,
urgent,EHCO,42,4,306.0225707987863,371.0,382.0,2.964959568733154,0,102.5803000011365,4000.0,None,None,0,10,1,1,
urgent,A*-GA,42,4,306.0225707987863,302.0,549.0,81.78807947019867,0,None,None,None,None,0,10,1,0,
urgent,EHCO,43,4,306.0225707987863,291.0,362.0,24.398625429553263,0,96.00020000289078,4000.0,None,None,0,10,1,1,
urgent,A*-GA,43,4,306.0225707987863,280.0,508.0,81.42857142857143,0,None,None,None,None,0,10,1,0,
urgent,EHCO,44,4,306.0225707987863,305.0,403.0,32.131147540983605,0,102.83200000048964,4000.0,None,None,0,10,1,1,
urgent,A*-GA,44,4,306.0225707987863,308.0,485.0,57.467532467532465,0,None,None,None,None,0,10,1,0,
urgent,EHCO,45,4,306.0225707987863,342.0,366.0,7.017543859649122,0,99.53959999984363,4000.0,None,None,0,10,1,1,
urgent,A*-GA,45,4,306.0225707987863,304.0,501.0,64.80263157894737,0,None,None,None,None,0,10,1,0,
urgent,EHCO,46,4,306.0225707987863,300.0,365.0,21.666666666666668,0,108.42730000149459,4000.0,None,None,0,10,1,1,
urgent,A*-GA,46,4,306.0225707987863,297.0,503.0,69.36026936026936,0,None,None,None,None,0,10,1,0,
urgent,EHCO,47,4,306.0225707987863,312.0,395.0,26.602564102564102,0,102.52009999749134,4000.0,None,None,0,10,1,1,
urgent,A*-GA,47,4,306.0225707987863,313.0,498.0,59.105431309904155,0,None,None,None,None,0,10,1,0,
urgent,EHCO,48,4,306.0225707987863,315.0,367.0,16.507936507936506,0,95.74749999956111,4000.0,None,None,0,10,1,1,
urgent,A*-GA,48,4,306.0225707987863,308.0,506.0,64.28571428571429,0,None,None,None,None,0,10,1,0,
urgent,EHCO,49,4,306.0225707987863,310.0,419.0,35.16129032258065,0,96.91629999724682,4000.0,None,None,0,10,1,1,
urgent,A*-GA,49,4,306.0225707987863,302.0,500.0,65.56291390728477,0,None,None,None,None,0,10,1,0,
urgent,EHCO,50,4,306.0225707987863,348.0,370.0,6.321839080459771,0,112.54860000190092,4000.0,None,None,0,10,1,1,
urgent,A*-GA,50,4,306.0225707987863,299.0,539.0,80.2675585284281,0,None,None,None,None,0,10,1,0,
urgent,EHCO,51,4,306.0225707987863,282.0,399.0,41.48936170212766,0,111.51640000025509,4000.0,None,None,0,10,1,1,
urgent,A*-GA,51,4,306.0225707987863,293.0,491.0,67.57679180887372,0,None,None,None,None,0,10,1,0,
urgent,EHCO,52,4,306.0225707987863,324.0,354.0,9.25925925925926,0,103.17030000078375,4000.0,None,None,0,10,1,1,
urgent,A*-GA,52,4,306.0225707987863,301.0,514.0,70.7641196013289,0,None,None,None,None,0,10,1,0,
urgent,EHCO,53,4,306.0225707987863,396.0,436.0,10.1010101010101,0,121.35589999888907,4000.0,None,None,0,10,1,1,
urgent,A*-GA,53,4,306.0225707987863,290.0,499.0,72.06896551724138,0,None,None,None,None,0,10,1,0,
urgent,EHCO,54,4,306.0225707987863,352.0,421.0,19.602272727272727,0,100.97580000001471,4000.0,None,None,0,10,1,1,
urgent,A*-GA,54,4,306.0225707987863,323.0,516.0,59.75232198142415,0,None,None,None,None,0,10,1,0,
urgent,EHCO,55,4,306.0225707987863,359.0,372.0,3.6211699164345403,0,117.34910000086529,4000.0,None,None,0,10,1,1,
urgent,A*-GA,55,4,306.0225707987863,292.0,450.0,54.109589041095894,0,None,None,None,None,0,10,1,0,
urgent,EHCO,56,4,306.0225707987863,342.0,375.0,9.649122807017543,0,104.3829000009282,4000.0,None,None,0,10,1,1,
urgent,A*-GA,56,4,306.0225707987863,296.0,477.0,61.14864864864865,0,None,None,None,None,0,10,1,0,
urgent,EHCO,57,4,306.0225707987863,277.0,420.0,51.624548736462096,0,112.0913999984623,4000.0,None,None,0,10,1,1,
urgent,A*-GA,57,4,306.0225707987863,287.0,510.0,77.70034843205575,0,None,None,None,None,0,10,1,0,
urgent,EHCO,58,4,306.0225707987863,307.0,439.0,42.99674267100978,0,93.41959999801475,4000.0,None,None,0,10,1,1,
urgent,A*-GA,58,4,306.0225707987863,318.0,540.0,69.81132075471697,0,None,None,None,None,0,10,1,0,
urgent,EHCO,59,4,306.0225707987863,292.0,413.0,41.43835616438356,0,103.08330000043497,4000.0,None,None,0,10,1,1,
urgent,A*-GA,59,4,306.0225707987863,298.0,506.0,69.79865771812081,0,None,None,None,None,0,10,1,0,
urgent,EHCO,60,4,306.0225707987863,353.0,371.0,5.099150141643059,0,94.36400000049616,4000.0,None,None,0,10,1,1,
urgent,A*-GA,60,4,306.0225707987863,297.0,509.0,71.38047138047138,0,None,None,None,None,0,10,1,0,
congestion,noFLC,31,0,150.0,270.0,470.0,74.07407407407408,0,122.8701000000001,4000,None,None,0,10,1,0,
congestion,noAW,31,0,150.0,314.0,507.0,61.46496815286624,0,121.50610000026063,4000,None,None,0,10,1,1,
congestion,noFLC,32,0,150.0,292.0,547.0,87.32876712328768,0,125.26599999910104,4000,None,None,0,10,1,0,
congestion,noAW,32,0,150.0,351.0,560.0,59.54415954415955,0,135.08459999866318,4000,None,None,0,10,1,0,
congestion,noFLC,33,0,150.0,328.0,717.0,118.59756097560977,0,126.90939999811235,4000,None,None,0,10,1,1,
congestion,noAW,33,0,150.0,300.0,560.0,86.66666666666667,0,137.59589999972377,4000,None,None,0,10,1,0,
congestion,noFLC,34,0,150.0,307.0,694.0,126.05863192182409,0,130.89579999723355,4000,None,None,0,10,1,1,
congestion,noAW,34,0,150.0,392.0,691.0,76.27551020408163,0,145.57259999855887,4000,None,None,0,10,1,1,
congestion,noFLC,35,0,150.0,351.0,566.0,61.25356125356125,0,123.20990000080201,4000,None,None,0,10,1,1,
congestion,noAW,35,0,150.0,308.0,542.0,75.97402597402598,0,126.55330000052345,4000,None,None,0,10,1,1,
congestion,noFLC,36,0,150.0,366.0,608.0,66.12021857923497,0,134.79459999871324,4000,None,None,0,10,1,0,
congestion,noAW,36,0,150.0,331.0,550.0,66.16314199395771,0,136.27769999948214,4000,None,None,0,10,1,1,
congestion,noFLC,37,0,150.0,339.0,612.0,80.53097345132744,0,122.90940000093542,4000,None,None,0,10,1,1,
congestion,noAW,37,0,150.0,311.0,533.0,71.38263665594855,0,127.20160000026226,4000,None,None,0,10,1,1,
congestion,noFLC,38,0,150.0,322.0,638.0,98.13664596273291,0,134.52739999775076,4000,None,None,0,10,1,1,
congestion,noAW,38,0,150.0,417.0,607.0,45.563549160671464,0,131.64250000045286,4000,None,None,0,10,1,1,
congestion,noFLC,39,0,150.0,314.0,725.0,130.89171974522293,0,131.8790999976045,4000,None,None,0,10,1,1,
congestion,noAW,39,0,150.0,355.0,666.0,87.60563380281691,0,137.74439999906463,4000,None,None,0,10,1,0,
congestion,noFLC,40,0,150.0,270.0,449.0,66.2962962962963,0,129.09080000099493,4000,None,None,0,10,1,0,
congestion,noAW,40,0,150.0,358.0,684.0,91.06145251396647,0,131.77169999835314,4000,None,None,0,10,1,1,
congestion,noFLC,41,0,150.0,397.0,579.0,45.843828715365234,0,119.5577999969828,4000,None,None,0,10,1,0,
congestion,noAW,41,0,150.0,360.0,457.0,26.944444444444443,0,131.56639999942854,4000,None,None,0,10,1,1,
congestion,noFLC,42,0,150.0,371.0,751.0,102.42587601078168,0,124.54849999994622,4000,None,None,0,10,1,1,
congestion,noAW,42,0,150.0,299.0,573.0,91.63879598662207,0,118.82619999960298,4000,None,None,0,10,1,0,
congestion,noFLC,43,0,150.0,291.0,410.0,40.893470790378004,0,124.79539999912959,4000,None,None,0,10,1,1,
congestion,noAW,43,0,150.0,326.0,365.0,11.96319018404908,0,131.17140000031213,4000,None,None,0,10,1,1,
congestion,noFLC,44,0,150.0,305.0,685.0,124.59016393442623,0,136.90240000141785,4000,None,None,0,10,1,1,
congestion,noAW,44,0,150.0,313.0,593.0,89.45686900958466,0,132.4650999995356,4000,None,None,0,10,1,1,
congestion,noFLC,45,0,150.0,342.0,453.0,32.45614035087719,0,132.04579999728594,4000,None,None,0,10,1,1,
congestion,noAW,45,0,150.0,304.0,516.0,69.73684210526315,0,126.05439999970258,4000,None,None,0,10,1,1,
congestion,noFLC,46,0,150.0,300.0,560.0,86.66666666666667,0,122.76390000261017,4000,None,None,0,10,1,1,
congestion,noAW,46,0,150.0,293.0,525.0,79.18088737201366,0,129.44900000002235,4000,None,None,0,10,1,0,
congestion,noFLC,47,0,150.0,312.0,704.0,125.64102564102564,0,130.0799000018742,4000,None,None,0,10,1,1,
congestion,noAW,47,0,150.0,287.0,528.0,83.97212543554006,0,130.20250000045053,4000,None,None,0,10,1,0,
congestion,noFLC,48,0,150.0,315.0,627.0,99.04761904761905,0,127.5389999973413,4000,None,None,0,10,1,0,
congestion,noAW,48,0,150.0,322.0,473.0,46.8944099378882,0,137.32480000180658,4000,None,None,0,10,1,1,
congestion,noFLC,49,0,150.0,310.0,619.0,99.67741935483872,0,125.458599999547,4000,None,None,0,10,1,1,
congestion,noAW,49,0,150.0,364.0,651.0,78.84615384615384,0,133.57730000279844,4000,None,None,0,10,1,1,
congestion,noFLC,50,0,150.0,348.0,622.0,78.73563218390804,0,130.78280000263476,4000,None,None,0,10,1,1,
congestion,noAW,50,0,150.0,348.0,560.0,60.91954022988506,0,124.37030000000959,4000,None,None,0,10,1,1,
congestion,noFLC,51,0,150.0,282.0,478.0,69.50354609929079,0,121.19030000030762,4000,None,None,0,10,1,0,
congestion,noAW,51,0,150.0,361.0,486.0,34.62603878116344,0,121.75850000130595,4000,None,None,0,10,1,1,
congestion,noFLC,52,0,150.0,324.0,530.0,63.580246913580254,0,125.41639999835752,4000,None,None,0,10,1,1,
congestion,noAW,52,0,150.0,302.0,618.0,104.63576158940397,0,135.21960000070976,4000,None,None,0,10,1,1,
congestion,noFLC,53,0,150.0,396.0,616.0,55.55555555555556,0,123.58930000118562,4000,None,None,0,10,1,1,
congestion,noAW,53,0,150.0,323.0,504.0,56.03715170278638,0,131.8781999980274,4000,None,None,0,10,1,1,
congestion,noFLC,54,0,150.0,352.0,657.0,86.64772727272727,0,126.79720000232919,4000,None,None,0,10,1,1,
congestion,noAW,54,0,150.0,597.0,758.0,26.968174204355112,0,126.49930000043241,4000,None,None,0,10,1,1,
congestion,noFLC,55,0,150.0,359.0,515.0,43.45403899721448,0,131.93840000167256,4000,None,None,0,10,1,1,
congestion,noAW,55,0,150.0,291.0,783.0,169.0721649484536,0,128.22289999894565,4000,None,None,0,10,1,1,
congestion,noFLC,56,0,150.0,342.0,625.0,82.7485380116959,0,128.0574999982491,4000,None,None,0,10,1,1,
congestion,noAW,56,0,150.0,308.0,486.0,57.7922077922078,0,131.60350000180188,4000,None,None,0,10,1,1,
congestion,noFLC,57,0,150.0,277.0,533.0,92.4187725631769,0,124.31300000025658,4000,None,None,0,10,1,0,
congestion,noAW,57,0,150.0,286.0,455.0,59.09090909090909,0,134.38339999993332,4000,None,None,0,10,1,0,
congestion,noFLC,58,0,150.0,307.0,573.0,86.64495114006515,0,139.22159999856376,4000,None,None,0,10,1,0,
congestion,noAW,58,0,150.0,431.0,582.0,35.03480278422274,0,139.98269999865443,4000,None,None,0,10,1,1,
congestion,noFLC,59,0,150.0,292.0,524.0,79.45205479452055,0,124.38050000127987,4000,None,None,0,10,1,0,
congestion,noAW,59,0,150.0,301.0,490.0,62.7906976744186,0,118.86009999943781,4000,None,None,0,10,1,1,
congestion,noFLC,60,0,150.0,353.0,551.0,56.09065155807366,0,124.75990000166348,4000,None,None,0,10,1,1,
congestion,noAW,60,0,150.0,342.0,594.0,73.68421052631578,0,128.39050000184216,4000,None,None,0,10,1,1,
congestion,noFLC,31,1,201.83628993137137,270.0,411.0,52.22222222222223,0,99.84570000233361,4000,None,None,0,10,1,1,
congestion,noAW,31,1,201.83628993137137,314.0,414.0,31.84713375796178,0,96.50160000092,4000,None,None,0,10,1,0,
congestion,noFLC,32,1,201.83628993137137,292.0,447.0,53.082191780821915,0,106.42200000074808,4000,None,None,0,10,1,0,
congestion,noAW,32,1,201.83628993137137,351.0,453.0,29.059829059829063,0,110.80729999957839,4000,None,None,0,10,1,1,
congestion,noFLC,33,1,201.83628993137137,328.0,434.0,32.31707317073171,0,105.46950000207289,4000,None,None,0,10,1,1,
congestion,noAW,33,1,201.83628993137137,300.0,524.0,74.66666666666667,0,111.29419999997481,4000,None,None,0,10,1,0,
congestion,noFLC,34,1,201.83628993137137,307.0,566.0,84.36482084690554,0,111.01400000188733,4000,None,None,0,10,1,0,
congestion,noAW,34,1,201.83628993137137,392.0,812.0,107.14285714285714,0,116.01869999867631,4000,None,None,0,10,1,1,
congestion,noFLC,35,1,201.83628993137137,351.0,667.0,90.02849002849003,0,104.25770000074408,4000,None,None,0,10,1,1,
congestion,noAW,35,1,201.83628993137137,308.0,599.0,94.48051948051948,0,107.1260999997321,4000,None,None,0,10,1,1,
congestion,noFLC,36,1,201.83628993137137,366.0,622.0,69.94535519125684,0,111.53460000059567,4000,None,None,0,10,1,1,
congestion,noAW,36,1,201.83628993137137,331.0,633.0,91.23867069486404,0,115.33210000197869,4000,None,None,0,10,1,0,
congestion,noFLC,37,1,201.83628993137137,339.0,476.0,40.41297935103245,0,103.41780000089784,4000,None,None,0,10,1,0,
congestion,noAW,37,1,201.83628993137137,311.0,425.0,36.655948553054664,0,110.38480000206619,4000,None,None,0,10,1,0,
congestion,noFLC,38,1,201.83628993137137,322.0,573.0,77.95031055900621,0,109.95299999922281,4000,None,None,0,10,1,0,
congestion,noAW,38,1,201.83628993137137,417.0,1089.0,161.15107913669064,0,108.50059999938821,4000,None,None,0,10,1,1,
congestion,noFLC,39,1,201.83628993137137,314.0,591.0,88.21656050955414,0,109.93270000108168,4000,None,None,0,10,1,0,
congestion,noAW,39,1,201.83628993137137,355.0,641.0,80.56338028169014,0,104.14079999827663,4000,None,None,0,10,1,1,
congestion,noFLC,40,1,201.83628993137137,270.0,550.0,103.7037037037037,0,96.25020000021323,4000,None,None,0,10,1,1,
congestion,noAW,40,1,201.83628993137137,358.0,416.0,16.201117318435752,0,106.24150000148802,4000,None,None,0,10,1,1,
congestion,noFLC,41,1,201.83628993137137,397.0,575.0,44.83627204030227,0,107.69869999785442,4000,None,None,0,10,1,1,
congestion,noAW,41,1,201.83628993137137,360.0,592.0,64.44444444444444,0,112.14819999804604,4000,None,None,0,10,1,1,
congestion,noFLC,42,1,201.83628993137137,371.0,508.0,36.92722371967655,0,103.97729999749572,4000,None,None,0,10,1,1,
congestion,noAW,42,1,201.83628993137137,299.0,412.0,37.79264214046823,0,105.30659999858472,4000,None,None,0,10,1,0,
congestion,noFLC,43,1,201.83628993137137,291.0,557.0,91.40893470790378,0,104.08249999818509,4000,None,None,0,10,1,0,
congestion,noAW,43,1,201.83628993137137,326.0,409.0,25.4601226993865,0,102.7663000022585,4000,None,None,0,10,1,1,
congestion,noFLC,44,1,201.83628993137137,305.0,620.0,103.27868852459017,0,107.02540000056615,4000,None,None,0,10,1,0,
congestion,noAW,44,1,201.83628993137137,313.0,537.0,71.56549520766772,0,108.15550000188523,4000,None,None,0,10,1,0,
congestion,noFLC,45,1,201.83628993137137,342.0,503.0,47.07602339181287,0,106.76020000028075,4000,None,None,0,10,1,1,
congestion,noAW,45,1,201.83628993137137,304.0,771.0,153.61842105263156,0,104.56530000010389,4000,None,None,0,10,1,1,
congestion,noFLC,46,1,201.83628993137137,300.0,508.0,69.33333333333334,0,106.15690000122413,4000,None,None,0,10,1,0,
congestion,noAW,46,1,201.83628993137137,293.0,560.0,91.12627986348123,0,105.17089999848395,4000,None,None,0,10,1,1,
congestion,noFLC,47,1,201.83628993137137,312.0,526.0,68.58974358974359,0,107.66460000013467,4000,None,None,0,10,1,1,
congestion,noAW,47,1,201.83628993137137,287.0,545.0,89.89547038327527,0,113.15939999985858,4000,None,None,0,10,1,0,
congestion,noFLC,48,1,201.83628993137137,315.0,626.0,98.73015873015873,0,104.41949999949429,4000,None,None,0,10,1,0,
congestion,noAW,48,1,201.83628993137137,322.0,476.0,47.82608695652174,0,114.9169999989681,4000,None,None,0,10,1,1,
congestion,noFLC,49,1,201.83628993137137,310.0,557.0,79.6774193548387,0,97.0895999998902,4000,None,None,0,10,1,1,
congestion,noAW,49,1,201.83628993137137,364.0,511.0,40.38461538461539,0,115.05880000186153,4000,None,None,0,10,1,1,
congestion,noFLC,50,1,201.83628993137137,348.0,535.0,53.735632183908045,0,111.59200000111014,4000,None,None,0,10,1,1,
congestion,noAW,50,1,201.83628993137137,348.0,475.0,36.49425287356322,0,107.82689999905415,4000,None,None,0,10,1,1,
congestion,noFLC,51,1,201.83628993137137,282.0,528.0,87.2340425531915,0,101.93779999826802,4000,None,None,0,10,1,1,
congestion,noAW,51,1,201.83628993137137,361.0,484.0,34.07202216066482,0,107.94270000042161,4000,None,None,0,10,1,1,
congestion,noFLC,52,1,201.83628993137137,324.0,695.0,114.50617283950618,0,98.55059999972582,4000,None,None,0,10,1,1,
congestion,noAW,52,1,201.83628993137137,302.0,542.0,79.47019867549669,0,100.01179999744636,4000,None,None,0,10,1,1,
congestion,noFLC,53,1,201.83628993137137,396.0,650.0,64.14141414141415,0,105.49489999903017,4000,None,None,0,10,1,1,
congestion,noAW,53,1,201.83628993137137,323.0,594.0,83.90092879256966,0,105.77569999804837,4000,None,None,0,10,1,1,
congestion,noFLC,54,1,201.83628993137137,352.0,488.0,38.63636363636363,0,106.96960000132094,4000,None,None,0,10,1,1,
congestion,noAW,54,1,201.83628993137137,597.0,647.0,8.375209380234507,0,116.54120000093826,4000,None,None,0,10,1,1,
congestion,noFLC,55,1,201.83628993137137,359.0,371.0,3.3426183844011144,0,116.01369999698363,4000,None,None,0,10,1,1,
congestion,noAW,55,1,201.83628993137137,291.0,519.0,78.35051546391753,0,117.86949999805074,4000,None,None,0,10,1,0,
congestion,noFLC,56,1,201.83628993137137,342.0,629.0,83.91812865497076,0,98.04420000000391,4000,None,None,0,10,1,1,
congestion,noAW,56,1,201.83628993137137,308.0,541.0,75.64935064935064,0,112.83859999821289,4000,None,None,0,10,1,0,
congestion,noFLC,57,1,201.83628993137137,277.0,498.0,79.78339350180505,0,105.21349999908125,4000,None,None,0,10,1,1,
congestion,noAW,57,1,201.83628993137137,286.0,437.0,52.7972027972028,0,102.78749999997672,4000,None,None,0,10,1,1,
congestion,noFLC,58,1,201.83628993137137,307.0,615.0,100.3257328990228,0,123.94029999995837,4000,None,None,0,10,1,1,
congestion,noAW,58,1,201.83628993137137,431.0,494.0,14.617169373549885,0,120.45209999996587,4000,None,None,0,10,1,0,
congestion,noFLC,59,1,201.83628993137137,292.0,637.0,118.15068493150685,0,105.20280000127968,4000,None,None,0,10,1,1,
congestion,noAW,59,1,201.83628993137137,301.0,789.0,162.12624584717608,0,101.86719999910565,4000,None,None,0,10,1,1,
congestion,noFLC,60,1,201.83628993137137,353.0,503.0,42.492917847025495,0,111.9901000020036,4000,None,None,0,10,1,1,
congestion,noAW,60,1,201.83628993137137,342.0,378.0,10.526315789473683,0,113.48240000006626,4000,None,None,0,10,1,1,
congestion,noFLC,31,2,256.47811996135704,270.0,285.0,5.555555555555555,0,,,None,None,0,10,1,0,
congestion,noAW,31,2,256.47811996135704,314.0,314.0,0.0,0,,,None,None,0,10,1,0,
congestion,noFLC,32,2,256.47811996135704,292.0,292.0,0.0,0,62.133300001733005,4000,None,None,0,10,1,0,
congestion,noAW,32,2,256.47811996135704,351.0,469.0,33.61823361823362,0,93.04010000050766,4000,None,None,0,10,1,0,
congestion,noFLC,33,2,256.47811996135704,328.0,364.0,10.975609756097562,0,60.86370000048191,4000,None,None,0,10,1,1,
congestion,noAW,33,2,256.47811996135704,300.0,376.0,25.333333333333336,0,,,None,None,0,10,1,0,
congestion,noFLC,34,2,256.47811996135704,307.0,412.0,34.20195439739413,0,62.75589999859221,4000,None,None,0,10,1,1,
congestion,noAW,34,2,256.47811996135704,392.0,508.0,29.591836734693878,0,91.66750000076718,4000,None,None,0,10,1,1,
congestion,noFLC,35,2,256.47811996135704,351.0,483.0,37.60683760683761,0,89.97380000073463,4000,None,None,0,10,1,1,
congestion,noAW,35,2,256.47811996135704,308.0,396.0,28.57142857142857,0,,,None,None,0,10,1,0,
congestion,noFLC,36,2,256.47811996135704,366.0,462.0,26.229508196721312,0,97.39040000204113,4000,None,None,0,10,1,1,
congestion,noAW,36,2,256.47811996135704,331.0,583.0,76.13293051359517,0,101.57629999957862,4000,None,None,0,10,1,1,
congestion,noFLC,37,2,256.47811996135704,339.0,339.0,0.0,0,86.22810000088066,4000,None,None,0,10,1,0,
congestion,noAW,37,2,256.47811996135704,311.0,367.0,18.006430868167204,0,96.5966000003391,4000,None,None,0,10,1,0,
congestion,noFLC,38,2,256.47811996135704,322.0,461.0,43.16770186335403,0,89.94800000073155,4000,None,None,0,10,1,1,
congestion,noAW,38,2,256.47811996135704,417.0,460.0,10.311750599520384,0,60.29730000227573,4000,None,None,0,10,1,1,
congestion,noFLC,39,2,256.47811996135704,314.0,414.0,31.84713375796178,0,,,None,None,0,10,1,0,
congestion,noAW,39,2,256.47811996135704,355.0,450.0,26.76056338028169,0,91.60659999906784,4000,None,None,0,10,1,1,
congestion,noFLC,40,2,256.47811996135704,270.0,285.0,5.555555555555555,0,,,None,None,0,10,1,0,
congestion,noAW,40,2,256.47811996135704,358.0,326.0,-8.938547486033519,0,60.24339999930817,4000,None,None,0,10,1,1,
congestion,noFLC,41,2,256.47811996135704,397.0,463.0,16.624685138539043,0,98.01689999949303,4000,None,None,0,10,1,1,
congestion,noAW,41,2,256.47811996135704,360.0,506.0,40.55555555555556,0,91.66019999975106,4000,None,None,0,10,1,0,
congestion,noFLC,42,2,256.47811996135704,371.0,376.0,1.3477088948787064,0,100.09859999991022,4000,None,None,0,10,1,1,
congestion,noAW,42,2,256.47811996135704,299.0,359.0,20.066889632107024,0,,,None,None,0,10,1,0,
congestion,noFLC,43,2,256.47811996135704,291.0,349.0,19.93127147766323,0,,,None,None,0,10,1,0,
congestion,noAW,43,2,256.47811996135704,326.0,304.0,-6.748466257668712,0,59.96789999699104,4000,None,None,0,10,1,1,
congestion,noFLC,44,2,256.47811996135704,305.0,391.0,28.196721311475407,0,,,None,None,0,10,1,0,
congestion,noAW,44,2,256.47811996135704,313.0,415.0,32.587859424920126,0,60.96120000074734,4000,None,None,0,10,1,1,
congestion,noFLC,45,2,256.47811996135704,342.0,366.0,7.017543859649122,0,90.92160000000149,4000,None,None,0,10,1,0,
congestion,noAW,45,2,256.47811996135704,304.0,385.0,26.644736842105267,0,,,None,None,0,10,1,0,
congestion,noFLC,46,2,256.47811996135704,300.0,313.0,4.333333333333334,0,,,None,None,0,10,1,0,
congestion,noAW,46,2,256.47811996135704,293.0,334.0,13.993174061433447,0,,,None,None,0,10,1,0,
congestion,noFLC,47,2,256.47811996135704,312.0,412.0,32.05128205128205,0,,,None,None,0,10,1,0,
congestion,noAW,47,2,256.47811996135704,287.0,336.0,17.073170731707318,0,,,None,None,0,10,1,0,
congestion,noFLC,48,2,256.47811996135704,315.0,390.0,23.809523809523807,0,59.482000000571134,4000,None,None,0,10,1,1,
congestion,noAW,48,2,256.47811996135704,322.0,380.0,18.012422360248447,0,91.56029999940074,4000,None,None,0,10,1,1,
congestion,noFLC,49,2,256.47811996135704,310.0,404.0,30.32258064516129,0,,,None,None,0,10,1,0,
congestion,noAW,49,2,256.47811996135704,364.0,450.0,23.626373626373624,0,94.76469999935944,4000,None,None,0,10,1,1,
congestion,noFLC,50,2,256.47811996135704,348.0,410.0,17.81609195402299,0,87.053700000979,4000,None,None,0,10,1,0,
congestion,noAW,50,2,256.47811996135704,348.0,368.0,5.747126436781609,0,58.777600002940744,4000,None,None,0,10,1,1,
congestion,noFLC,51,2,256.47811996135704,282.0,311.0,10.28368794326241,0,,,None,None,0,10,1,0,
congestion,noAW,51,2,256.47811996135704,361.0,339.0,-6.094182825484765,0,89.88839999801712,4000,None,None,0,10,1,1,
congestion,noFLC,52,2,256.47811996135704,324.0,400.0,23.456790123456788,0,,,None,None,0,10,1,0,
congestion,noAW,52,2,256.47811996135704,302.0,332.0,9.933774834437086,0,64.85539999994216,4000,None,None,0,10,1,0,
congestion,noFLC,53,2,256.47811996135704,396.0,469.0,18.434343434343432,0,88.58790000158479,4000,None,None,0,10,1,1,
congestion,noAW,53,2,256.47811996135704,323.0,353.0,9.287925696594428,0,,,None,None,0,10,1,0,
congestion,noFLC,54,2,256.47811996135704,352.0,405.0,15.056818181818182,0,58.588799998688046,4000,None,None,0,10,1,1,
congestion,noAW,54,2,256.47811996135704,597.0,426.0,-28.643216080402013,0,105.39989999961108,4000,None,None,0,10,1,1,
congestion,noFLC,55,2,256.47811996135704,359.0,403.0,12.256267409470752,0,97.87380000125268,4000,None,None,0,10,1,1,
congestion,noAW,55,2,256.47811996135704,291.0,348.0,19.587628865979383,0,,,None,None,0,10,1,0,
congestion,noFLC,56,2,256.47811996135704,342.0,371.0,8.47953216374269,0,86.9431999999506,4000,None,None,0,10,1,1,
congestion,noAW,56,2,256.47811996135704,308.0,385.0,25.0,0,61.23289999959525,4000,None,None,0,10,1,0,
congestion,noFLC,57,2,256.47811996135704,277.0,306.0,10.469314079422382,0,,,None,None,0,10,1,0,
congestion,noAW,57,2,256.47811996135704,286.0,286.0,0.0,0,,,None,None,0,10,1,0,
congestion,noFLC,58,2,256.47811996135704,307.0,395.0,28.664495114006517,0,,,None,None,0,10,1,0,
congestion,noAW,58,2,256.47811996135704,431.0,359.0,-16.70533642691415,0,103.03539999949862,4000,None,None,0,10,1,1,
congestion,noFLC,59,2,256.47811996135704,292.0,298.0,2.054794520547945,0,57.38760000167531,4000,None,None,0,10,1,1,
congestion,noAW,59,2,256.47811996135704,301.0,377.0,25.249169435215947,0,,,None,None,0,10,1,0,
congestion,noFLC,60,2,256.47811996135704,353.0,345.0,-2.26628895184136,0,89.57379999992554,4000,None,None,0,10,1,1,
congestion,noAW,60,2,256.47811996135704,342.0,328.0,-4.093567251461988,0,84.96590000140714,4000,None,None,0,10,1,1,
congestion,noFLC,31,3,134.78621774996944,270.0,306.0,13.333333333333334,0,128.43720000091707,4000,None,None,0,10,1,1,
congestion,noAW,31,3,134.78621774996944,314.0,431.0,37.261146496815286,0,123.75780000002123,4000,None,None,0,10,1,1,
congestion,noFLC,32,3,134.78621774996944,292.0,399.0,36.64383561643836,0,131.1831000020902,4000,None,None,0,10,1,0,
congestion,noAW,32,3,134.78621774996944,351.0,437.0,24.501424501424502,0,131.85109999903943,4000,None,None,0,10,1,1,
congestion,noFLC,33,3,134.78621774996944,328.0,563.0,71.64634146341463,0,135.24709999910556,4000,None,None,0,10,1,1,
congestion,noAW,33,3,134.78621774996944,300.0,393.0,31.0,0,131.43429999763612,4000,None,None,0,10,1,1,
congestion,noFLC,34,3,134.78621774996944,307.0,472.0,53.74592833876222,0,127.56090000038967,4000,None,None,0,10,1,0,
congestion,noAW,34,3,134.78621774996944,392.0,492.0,25.510204081632654,0,136.73750000089058,4000,None,None,0,10,1,1,
congestion,noFLC,35,3,134.78621774996944,351.0,458.0,30.484330484330485,0,128.55759999729344,4000,None,None,0,10,1,1,
congestion,noAW,35,3,134.78621774996944,308.0,462.0,50.0,0,148.3208999998169,4000,None,None,0,10,1,0,
congestion,noFLC,36,3,134.78621774996944,366.0,470.0,28.415300546448087,0,131.60900000002584,4000,None,None,0,10,1,1,
congestion,noAW,36,3,134.78621774996944,331.0,561.0,69.48640483383686,0,146.73080000284244,4000,None,None,0,10,1,0,
congestion,noFLC,37,3,134.78621774996944,339.0,476.0,40.41297935103245,0,129.11439999879804,4000,None,None,0,10,1,1,
congestion,noAW,37,3,134.78621774996944,311.0,312.0,0.3215434083601286,0,137.76270000016666,4000,None,None,0,10,1,1,
congestion,noFLC,38,3,134.78621774996944,322.0,543.0,68.63354037267081,0,145.3077999976813,4000,None,None,0,10,1,0,
congestion,noAW,38,3,134.78621774996944,417.0,532.0,27.577937649880095,0,133.6306000011973,4000,None,None,0,10,1,1,
congestion,noFLC,39,3,134.78621774996944,314.0,395.0,25.796178343949045,0,140.79940000010538,4000,None,None,0,10,1,1,
congestion,noAW,39,3,134.78621774996944,355.0,446.0,25.633802816901408,0,137.7479000002495,4000,None,None,0,10,1,0,
congestion,noFLC,40,3,134.78621774996944,270.0,398.0,47.40740740740741,0,127.02229999922565,4000,None,None,0,10,1,0,
congestion,noAW,40,3,134.78621774996944,358.0,358.0,0.0,0,121.0492999998678,4000,None,None,0,10,1,0,
congestion,noFLC,41,3,134.78621774996944,397.0,446.0,12.34256926952141,0,131.69460000062827,4000,None,None,0,10,1,1,
congestion,noAW,41,3,134.78621774996944,360.0,389.0,8.055555555555555,0,130.80559999798425,4000,None,None,0,10,1,1,
congestion,noFLC,42,3,134.78621774996944,371.0,407.0,9.703504043126685,0,125.35240000215708,4000,None,None,0,10,1,1,
congestion,noAW,42,3,134.78621774996944,299.0,342.0,14.381270903010032,0,129.22569999864209,4000,None,None,0,10,1,1,
congestion,noFLC,43,3,134.78621774996944,291.0,453.0,55.670103092783506,0,123.3747999976913,4000,None,None,0,10,1,1,
congestion,noAW,43,3,134.78621774996944,326.0,434.0,33.12883435582822,0,126.96829999913462,4000,None,None,0,10,1,0,
congestion,noFLC,44,3,134.78621774996944,305.0,430.0,40.98360655737705,0,125.24499999926775,4000,None,None,0,10,1,1,
congestion,noAW,44,3,134.78621774996944,313.0,382.0,22.044728434504794,0,143.58700000229874,4000,None,None,0,10,1,1,
congestion,noFLC,45,3,134.78621774996944,342.0,479.0,40.058479532163744,0,129.6089999996184,4000,None,None,0,10,1,0,
congestion,noAW,45,3,134.78621774996944,304.0,439.0,44.40789473684211,0,128.92550000105985,4000,None,None,0,10,1,0,
congestion,noFLC,46,3,134.78621774996944,300.0,303.0,1.0,0,124.38330000077258,4000,None,None,0,10,1,0,
congestion,noAW,46,3,134.78621774996944,293.0,347.0,18.43003412969283,0,129.3736000006902,4000,None,None,0,10,1,0,
congestion,noFLC,47,3,134.78621774996944,312.0,521.0,66.98717948717949,0,135.6286000009277,4000,None,None,0,10,1,0,
congestion,noAW,47,3,134.78621774996944,287.0,552.0,92.33449477351915,0,144.83409999957075,4000,None,None,0,10,1,1,
congestion,noFLC,48,3,134.78621774996944,315.0,501.0,59.04761904761905,0,139.9323000005097,4000,None,None,0,10,1,1,
congestion,noAW,48,3,134.78621774996944,322.0,450.0,39.75155279503105,0,139.15070000075502,4000,None,None,0,10,1,0,
congestion,noFLC,49,3,134.78621774996944,310.0,432.0,39.35483870967742,0,134.01749999684398,4000,None,None,0,10,1,1,
congestion,noAW,49,3,134.78621774996944,364.0,435.0,19.505494505494507,0,143.5563999984879,4000,None,None,0,10,1,0,
congestion,noFLC,50,3,134.78621774996944,348.0,425.0,22.126436781609197,0,132.03169999906095,4000,None,None,0,10,1,1,
congestion,noAW,50,3,134.78621774996944,348.0,470.0,35.05747126436782,0,135.44780000302126,4000,None,None,0,10,1,0,
congestion,noFLC,51,3,134.78621774996944,282.0,359.0,27.30496453900709,0,140.46560000133468,4000,None,None,0,10,1,1,
congestion,noAW,51,3,134.78621774996944,361.0,390.0,8.033240997229916,0,140.28569999936735,4000,None,None,0,10,1,1,
congestion,noFLC,52,3,134.78621774996944,324.0,433.0,33.641975308641975,0,131.95039999845903,4000,None,None,0,10,1,0,
congestion,noAW,52,3,134.78621774996944,302.0,385.0,27.483443708609272,0,129.8525000020163,4000,None,None,0,10,1,1,
congestion,noFLC,53,3,134.78621774996944,396.0,447.0,12.878787878787879,0,136.1579000003985,4000,None,None,0,10,1,1,
congestion,noAW,53,3,134.78621774996944,323.0,434.0,34.36532507739938,0,133.930899999541,4000,None,None,0,10,1,1,
congestion,noFLC,54,3,134.78621774996944,352.0,482.0,36.93181818181818,0,132.0780999994895,4000,None,None,0,10,1,1,
congestion,noAW,54,3,134.78621774996944,597.0,501.0,-16.08040201005025,0,140.4462999998941,4000,None,None,0,10,1,1,
congestion,noFLC,55,3,134.78621774996944,359.0,429.0,19.498607242339833,0,138.48309999957564,4000,None,None,0,10,1,1,
congestion,noAW,55,3,134.78621774996944,291.0,432.0,48.45360824742268,0,134.849199999735,4000,None,None,0,10,1,1,
congestion,noFLC,56,3,134.78621774996944,342.0,451.0,31.871345029239766,0,126.17500000123982,4000,None,None,0,10,1,0,
congestion,noAW,56,3,134.78621774996944,308.0,409.0,32.7922077922078,0,137.20269999976153,4000,None,None,0,10,1,1,
congestion,noFLC,57,3,134.78621774996944,277.0,414.0,49.458483754512635,0,137.9981999998563,4000,None,None,0,10,1,1,
congestion,noAW,57,3,134.78621774996944,286.0,327.0,14.335664335664337,0,140.69870000093943,4000,None,None,0,10,1,1,
congestion,noFLC,58,3,134.78621774996944,307.0,427.0,39.08794788273616,0,146.54929999960586,4000,None,None,0,10,1,0,
congestion,noAW,58,3,134.78621774996944,431.0,437.0,1.3921113689095126,0,149.61869999751798,4000,None,None,0,10,1,0,
congestion,noFLC,59,3,134.78621774996944,292.0,440.0,50.68493150684932,0,125.86569999984931,4000,None,None,0,10,1,0,
congestion,noAW,59,3,134.78621774996944,301.0,566.0,88.03986710963456,0,127.45700000232318,4000,None,None,0,10,1,1,
congestion,noFLC,60,3,134.78621774996944,353.0,454.0,28.611898016997166,0,135.51749999896856,4000,None,None,0,10,1,0,
congestion,noAW,60,3,134.78621774996944,342.0,377.0,10.23391812865497,0,143.1163999986893,4000,None,None,0,10,1,1,
congestion,noFLC,31,4,105.42031371890769,270.0,462.0,71.11111111111111,0,148.91440000064904,4000,None,None,0,10,1,1,
congestion,noAW,31,4,105.42031371890769,314.0,478.0,52.22929936305732,0,155.0707999995211,4000,None,None,0,10,1,1,
congestion,noFLC,32,4,105.42031371890769,292.0,507.0,73.63013698630137,0,144.01949999955832,4000,None,None,0,10,1,1,
congestion,noAW,32,4,105.42031371890769,351.0,503.0,43.3048433048433,0,146.58149999741,4000,None,None,0,10,1,1,
congestion,noFLC,33,4,105.42031371890769,328.0,525.0,60.0609756097561,0,145.7719999998517,4000,None,None,0,10,1,0,
congestion,noAW,33,4,105.42031371890769,300.0,450.0,50.0,0,146.68479999818373,4000,None,None,0,10,1,1,
congestion,noFLC,34,4,105.42031371890769,307.0,467.0,52.11726384364821,0,150.37369999845396,4000,None,None,0,10,1,0,
congestion,noAW,34,4,105.42031371890769,392.0,475.0,21.1734693877551,0,141.41120000203955,4000,None,None,0,10,1,1,
congestion,noFLC,35,4,105.42031371890769,351.0,558.0,58.97435897435898,0,141.96719999745255,4000,None,None,0,10,1,0,
congestion,noAW,35,4,105.42031371890769,308.0,494.0,60.3896103896104,0,147.98979999977746,4000,None,None,0,10,1,1,
congestion,noFLC,36,4,105.42031371890769,366.0,565.0,54.37158469945356,0,150.05199999723118,4000,None,None,0,10,1,1,
congestion,noAW,36,4,105.42031371890769,331.0,571.0,72.50755287009063,0,153.66050000011455,4000,None,None,0,10,1,1,
congestion,noFLC,37,4,105.42031371890769,339.0,437.0,28.908554572271388,0,144.9828000004345,4000,None,None,0,10,1,1,
congestion,noAW,37,4,105.42031371890769,311.0,331.0,6.430868167202572,0,149.95749999798136,4000,None,None,0,10,1,1,
congestion,noFLC,38,4,105.42031371890769,322.0,546.0,69.56521739130434,0,141.27219999863883,4000,None,None,0,10,1,0,
congestion,noAW,38,4,105.42031371890769,417.0,427.0,2.3980815347721824,0,161.27939999933005,4000,None,None,0,10,1,1,
congestion,noFLC,39,4,105.42031371890769,314.0,497.0,58.28025477707006,0,153.42969999983325,4000,None,None,0,10,1,0,
congestion,noAW,39,4,105.42031371890769,355.0,484.0,36.33802816901409,0,154.6905000031984,4000,None,None,0,10,1,0,
congestion,noFLC,40,4,105.42031371890769,270.0,415.0,53.70370370370371,0,140.36429999760003,4000,None,None,0,10,1,0,
congestion,noAW,40,4,105.42031371890769,358.0,425.0,18.71508379888268,0,140.3280000013183,4000,None,None,0,10,1,1,
congestion,noFLC,41,4,105.42031371890769,397.0,457.0,15.113350125944585,0,150.4200999988825,4000,None,None,0,10,1,1,
congestion,noAW,41,4,105.42031371890769,360.0,522.0,45.0,0,148.20509999844944,4000,None,None,0,10,1,1,
congestion,noFLC,42,4,105.42031371890769,371.0,598.0,61.18598382749326,0,145.9391999997024,4000,None,None,0,10,1,1,
congestion,noAW,42,4,105.42031371890769,299.0,465.0,55.51839464882943,0,140.39209999828017,4000,None,None,0,10,1,1,
congestion,noFLC,43,4,105.42031371890769,291.0,386.0,32.64604810996563,0,140.741800001706,4000,None,None,0,10,1,1,
congestion,noAW,43,4,105.42031371890769,326.0,396.0,21.472392638036812,0,148.33530000032624,4000,None,None,0,10,1,1,
congestion,noFLC,44,4,105.42031371890769,305.0,465.0,52.459016393442624,0,151.3598000019556,4000,None,None,0,10,1,1,
congestion,noAW,44,4,105.42031371890769,313.0,487.0,55.59105431309904,0,161.78220000074361,4000,None,None,0,10,1,0,
congestion,noFLC,45,4,105.42031371890769,342.0,444.0,29.82456140350877,0,150.84270000079414,4000,None,None,0,10,1,1,
congestion,noAW,45,4,105.42031371890769,304.0,502.0,65.13157894736842,0,159.86569999950007,4000,None,None,0,10,1,1,
congestion,noFLC,46,4,105.42031371890769,300.0,466.0,55.333333333333336,0,145.56100000118022,4000,None,None,0,10,1,1,
congestion,noAW,46,4,105.42031371890769,293.0,411.0,40.27303754266212,0,148.81760000207578,4000,None,None,0,10,1,0,
congestion,noFLC,47,4,105.42031371890769,312.0,465.0,49.03846153846153,0,151.23969999694964,4000,None,None,0,10,1,0,
congestion,noAW,47,4,105.42031371890769,287.0,427.0,48.78048780487805,0,157.12970000095083,4000,None,None,0,10,1,0,
congestion,noFLC,48,4,105.42031371890769,315.0,437.0,38.730158730158735,0,148.30679999795393,4000,None,None,0,10,1,1,
congestion,noAW,48,4,105.42031371890769,322.0,423.0,31.366459627329192,0,149.07229999880656,4000,None,None,0,10,1,0,
congestion,noFLC,49,4,105.42031371890769,310.0,456.0,47.096774193548384,0,146.7661999995471,4000,None,None,0,10,1,1,
congestion,noAW,49,4,105.42031371890769,364.0,402.0,10.43956043956044,0,148.19989999887184,4000,None,None,0,10,1,1,
congestion,noFLC,50,4,105.42031371890769,348.0,440.0,26.436781609195403,0,151.53320000172243,4000,None,None,0,10,1,1,
congestion,noAW,50,4,105.42031371890769,348.0,517.0,48.56321839080459,0,146.10000000175205,4000,None,None,0,10,1,1,
congestion,noFLC,51,4,105.42031371890769,282.0,458.0,62.4113475177305,0,138.96329999988666,4000,None,None,0,10,1,0,
congestion,noAW,51,4,105.42031371890769,361.0,512.0,41.82825484764543,0,144.57509999920148,4000,None,None,0,10,1,1,
congestion,noFLC,52,4,105.42031371890769,324.0,525.0,62.03703703703704,0,138.98839999819756,4000,None,None,0,10,1,0,
congestion,noAW,52,4,105.42031371890769,302.0,475.0,57.284768211920536,0,146.77479999954812,4000,None,None,0,10,1,0,
congestion,noFLC,53,4,105.42031371890769,396.0,503.0,27.02020202020202,0,137.84659999873838,4000,None,None,0,10,1,1,
congestion,noAW,53,4,105.42031371890769,323.0,517.0,60.06191950464397,0,143.61439999993308,4000,None,None,0,10,1,0,
congestion,noFLC,54,4,105.42031371890769,352.0,533.0,51.42045454545454,0,143.08639999944717,4000,None,None,0,10,1,0,
congestion,noAW,54,4,105.42031371890769,597.0,497.0,-16.750418760469014,0,145.3557999993791,4000,None,None,0,10,1,1,
congestion,noFLC,55,4,105.42031371890769,359.0,369.0,2.785515320334262,0,153.53420000246842,4000,None,None,0,10,1,1,
congestion,noAW,55,4,105.42031371890769,291.0,455.0,56.3573883161512,0,149.2190999997547,4000,None,None,0,10,1,1,
congestion,noFLC,56,4,105.42031371890769,342.0,523.0,52.92397660818714,0,139.6643000007316,4000,None,None,0,10,1,1,
congestion,noAW,56,4,105.42031371890769,308.0,419.0,36.038961038961034,0,155.1930000023276,4000,None,None,0,10,1,1,
congestion,noFLC,57,4,105.42031371890769,277.0,496.0,79.06137184115524,0,146.90969999719528,4000,None,None,0,10,1,1,
congestion,noAW,57,4,105.42031371890769,286.0,462.0,61.53846153846154,0,146.14690000234987,4000,None,None,0,10,1,1,
congestion,noFLC,58,4,105.42031371890769,307.0,447.0,45.60260586319218,0,151.3474999992468,4000,None,None,0,10,1,0,
congestion,noAW,58,4,105.42031371890769,431.0,385.0,-10.672853828306264,0,151.64530000038212,4000,None,None,0,10,1,1,
congestion,noFLC,59,4,105.42031371890769,292.0,443.0,51.71232876712328,0,139.12690000142902,4000,None,None,0,10,1,0,
congestion,noAW,59,4,105.42031371890769,301.0,423.0,40.53156146179402,0,142.9668999990099,4000,None,None,0,10,1,1,
congestion,noFLC,60,4,105.42031371890769,353.0,532.0,50.70821529745042,0,144.58840000224882,4000,None,None,0,10,1,0,
congestion,noAW,60,4,105.42031371890769,342.0,413.0,20.760233918128655,0,154.31780000290019,4000,None,None,0,10,1,1,
fault,noFLC,31,0,200.0,270.0,270.0,0.0,0,,,465.0,3,1,10,1,0,None
fault,noAW,31,0,200.0,314.0,314.0,0.0,0,,,461.0,3,1,10,1,0,None
fault,noFLC,32,0,200.0,292.0,303.0,3.767123287671233,0,,,454.0,3,1,10,1,0,None
fault,noAW,32,0,200.0,351.0,571.0,62.67806267806267,0,,0,459.0,6,1,10,1,0,None
fault,noFLC,33,0,200.0,328.0,328.0,0.0,0,,,452.0,3,1,10,1,0,None
fault,noAW,33,0,200.0,300.0,300.0,0.0,0,,,476.0,0,1,10,1,0,None
fault,noFLC,34,0,200.0,307.0,322.0,4.88599348534202,0,,,442.0,3,1,10,1,0,None
fault,noAW,34,0,200.0,392.0,392.0,0.0,0,,,465.0,3,1,10,1,0,None
fault,noFLC,35,0,200.0,351.0,351.0,0.0,0,,,466.0,3,1,10,1,0,None
fault,noAW,35,0,200.0,308.0,308.0,0.0,0,,,474.0,3,1,10,1,0,None
fault,noFLC,36,0,200.0,366.0,492.0,34.42622950819672,0,290.2396999998018,20000,461.0,3,1,10,1,1,None
fault,noAW,36,0,200.0,331.0,331.0,0.0,0,,,454.0,3,1,10,1,0,None
fault,noFLC,37,0,200.0,339.0,339.0,0.0,0,,,458.0,3,1,10,1,0,None
fault,noAW,37,0,200.0,311.0,311.0,0.0,0,,,464.0,1,1,10,1,0,None
fault,noFLC,38,0,200.0,322.0,322.0,0.0,0,,,462.0,7,1,10,1,0,None
fault,noAW,38,0,200.0,417.0,417.0,0.0,0,,,468.0,3,1,10,1,0,None
fault,noFLC,39,0,200.0,314.0,358.0,14.012738853503185,0,,,461.0,3,1,10,1,0,None
fault,noAW,39,0,200.0,355.0,404.0,13.802816901408452,0,,,461.0,3,1,10,1,0,None
fault,noFLC,40,0,200.0,270.0,270.0,0.0,0,,,455.0,3,1,10,1,0,None
fault,noAW,40,0,200.0,358.0,358.0,0.0,0,,,467.0,9,1,10,1,0,None
fault,noFLC,41,0,200.0,397.0,397.0,0.0,0,,,465.0,3,1,10,1,0,None
fault,noAW,41,0,200.0,360.0,575.0,59.72222222222222,0,,0,471.0,3,1,10,1,0,None
fault,noFLC,42,0,200.0,371.0,371.0,0.0,0,,,466.0,3,1,10,1,0,None
fault,noAW,42,0,200.0,299.0,317.0,6.0200668896321075,0,,,453.0,3,1,10,1,0,None
fault,noFLC,43,0,200.0,291.0,291.0,0.0,0,,,464.0,3,1,10,1,0,None
fault,noAW,43,0,200.0,326.0,326.0,0.0,0,,,466.0,3,1,10,1,0,None
fault,noFLC,44,0,200.0,305.0,305.0,0.0,0,,,470.0,3,1,10,1,0,None
fault,noAW,44,0,200.0,313.0,313.0,0.0,0,,,467.0,3,1,10,1,0,None
fault,noFLC,45,0,200.0,342.0,342.0,0.0,0,,,466.0,3,1,10,1,0,None
fault,noAW,45,0,200.0,304.0,304.0,0.0,0,,,474.0,3,1,10,1,0,None
fault,noFLC,46,0,200.0,300.0,328.0,9.333333333333334,0,,,466.0,3,1,10,1,0,None
fault,noAW,46,0,200.0,293.0,293.0,0.0,0,,,469.0,3,1,10,1,0,None
fault,noFLC,47,0,200.0,312.0,432.0,38.46153846153847,0,,,451.0,3,1,10,1,0,None
fault,noAW,47,0,200.0,287.0,287.0,0.0,0,,,467.0,9,1,10,1,0,None
fault,noFLC,48,0,200.0,315.0,315.0,0.0,0,,,470.0,3,1,10,1,0,None
fault,noAW,48,0,200.0,322.0,381.0,18.32298136645963,0,,,450.0,3,1,10,1,0,None
fault,noFLC,49,0,200.0,310.0,310.0,0.0,0,,,450.0,3,1,10,1,0,None
fault,noAW,49,0,200.0,364.0,364.0,0.0,0,,,470.0,8,1,10,1,0,None
fault,noFLC,50,0,200.0,348.0,348.0,0.0,0,,,444.0,3,1,10,1,0,None
fault,noAW,50,0,200.0,348.0,348.0,0.0,0,,,449.0,3,1,10,1,0,None
fault,noFLC,51,0,200.0,282.0,286.0,1.4184397163120568,0,,,470.0,1,1,10,1,0,None
fault,noAW,51,0,200.0,361.0,618.0,71.19113573407202,0,,0,457.0,3,1,10,1,0,None
fault,noFLC,52,0,200.0,324.0,324.0,0.0,0,,,454.0,3,1,10,1,0,None
fault,noAW,52,0,200.0,302.0,302.0,0.0,0,,,464.0,0,1,10,1,0,None
fault,noFLC,53,0,200.0,396.0,750.0,89.39393939393939,0,,0,471.0,3,1,10,1,0,None
fault,noAW,53,0,200.0,323.0,323.0,0.0,0,,,461.0,3,1,10,1,0,None
fault,noFLC,54,0,200.0,352.0,352.0,0.0,0,,,466.0,3,1,10,1,0,None
fault,noAW,54,0,200.0,597.0,513.0,-14.07035175879397,0,430.18230000234325,20000,460.0,1,1,10,1,1,None
fault,noFLC,55,0,200.0,359.0,469.0,30.64066852367688,0,,0,445.0,3,1,10,1,0,None
fault,noAW,55,0,200.0,291.0,291.0,0.0,0,,,467.0,3,1,10,1,0,None
fault,noFLC,56,0,200.0,342.0,342.0,0.0,0,,,462.0,3,1,10,1,0,None
fault,noAW,56,0,200.0,308.0,345.0,12.012987012987013,0,,,462.0,5,1,10,1,0,None
fault,noFLC,57,0,200.0,277.0,290.0,4.693140794223827,0,,,452.0,3,1,10,1,0,None
fault,noAW,57,0,200.0,286.0,293.0,2.4475524475524475,0,,,456.0,3,1,10,1,0,None
fault,noFLC,58,0,200.0,307.0,361.0,17.58957654723127,0,,,459.0,3,1,10,1,0,None
fault,noAW,58,0,200.0,431.0,431.0,0.0,0,,,456.0,3,1,10,1,0,None
fault,noFLC,59,0,200.0,292.0,299.0,2.3972602739726026,0,,,451.0,3,1,10,1,0,None
fault,noAW,59,0,200.0,301.0,301.0,0.0,0,,,456.0,3,1,10,1,0,None
fault,noFLC,60,0,200.0,353.0,353.0,0.0,0,,,471.0,3,1,10,1,0,None
fault,noAW,60,0,200.0,342.0,342.0,0.0,0,,,469.0,8,1,10,1,0,None
fault,noFLC,31,1,139.2060032799555,270.0,269.0,-0.3703703703703704,0,421.0289999973611,20000,211.0,1,1,10,1,1,None
fault,noAW,31,1,139.2060032799555,314.0,392.0,24.840764331210192,0,442.686300000787,20000,209.0,9,1,10,1,1,262.0
fault,noFLC,32,1,139.2060032799555,292.0,354.0,21.232876712328768,0,457.88549999997485,20000,207.0,5,1,10,1,1,280.0
fault,noAW,32,1,139.2060032799555,351.0,332.0,-5.413105413105413,0,492.9370999998355,20000,201.0,2,1,10,1,1,None
fault,noFLC,33,1,139.2060032799555,328.0,335.0,2.1341463414634148,0,451.8463000022166,20000,202.0,4,1,10,1,1,266.0
fault,noAW,33,1,139.2060032799555,300.0,327.0,9.0,0,470.9255000016128,20000,204.0,8,1,10,1,1,269.0
fault,noFLC,34,1,139.2060032799555,307.0,377.0,22.80130293159609,0,479.8876000022574,20000,208.0,5,1,10,1,1,291.0
fault,noAW,34,1,139.2060032799555,392.0,438.0,11.73469387755102,0,490.58999999761,20000,205.0,0,1,10,1,1,230.0
fault,noFLC,35,1,139.2060032799555,351.0,343.0,-2.2792022792022792,0,468.0694999988191,20000,201.0,5,1,10,1,1,275.0
fault,noAW,35,1,139.2060032799555,308.0,348.0,12.987012987012985,0,485.5996000005689,20000,200.0,6,1,10,1,1,261.0
fault,noFLC,36,1,139.2060032799555,366.0,389.0,6.284153005464481,0,485.7740000006743,20000,206.0,8,1,10,1,1,298.0
fault,noAW,36,1,139.2060032799555,331.0,372.0,12.386706948640484,0,485.5217000003904,20000,216.0,2,1,10,1,1,287.0
fault,noFLC,37,1,139.2060032799555,339.0,339.0,0.0,0,471.4012999975239,20000,209.0,1,1,10,1,1,235.0
fault,noAW,37,1,139.2060032799555,311.0,298.0,-4.180064308681672,0,482.76789999727043,20000,214.0,6,1,10,1,1,266.0
fault,noFLC,38,1,139.2060032799555,322.0,435.0,35.09316770186335,0,491.36319999888656,20000,212.0,2,1,10,1,1,323.0
fault,noAW,38,1,139.2060032799555,417.0,380.0,-8.872901678657074,0,477.0505000014964,20000,204.0,0,1,10,1,1,315.0
fault,noFLC,39,1,139.2060032799555,314.0,333.0,6.050955414012739,0,472.27899999779765,20000,207.0,3,1,10,1,1,315.0
fault,noAW,39,1,139.2060032799555,355.0,351.0,-1.1267605633802817,0,459.442699997453,20000,216.0,4,1,10,1,1,295.0
fault,noFLC,40,1,139.2060032799555,270.0,326.0,20.74074074074074,0,438.9517000017804,20000,207.0,2,1,10,1,1,315.0
fault,noAW,40,1,139.2060032799555,358.0,370.0,3.35195530726257,0,453.4823000030883,20000,205.0,1,1,10,1,1,242.0
fault,noFLC,41,1,139.2060032799555,397.0,344.0,-13.350125944584383,0,469.40099999847007,20000,210.0,0,1,10,1,1,269.0
fault,noAW,41,1,139.2060032799555,360.0,316.0,-12.222222222222221,0,486.9213000019954,20000,212.0,5,1,10,1,1,264.0
fault,noFLC,42,1,139.2060032799555,371.0,308.0,-16.9811320754717,0,452.7019000015571,20000,213.0,2,1,10,1,1,268.0
fault,noAW,42,1,139.2060032799555,299.0,323.0,8.02675585284281,0,461.0541000001831,20000,201.0,9,1,10,1,1,279.0
fault,noFLC,43,1,139.2060032799555,291.0,288.0,-1.0309278350515463,0,463.17179999823566,20000,205.0,1,1,10,1,1,246.0
fault,noAW,43,1,139.2060032799555,326.0,304.0,-6.748466257668712,0,471.3716000005661,20000,200.0,6,1,10,1,1,252.0
fault,noFLC,44,1,139.2060032799555,305.0,399.0,30.81967213114754,0,445.72229999903357,20000,209.0,8,1,10,1,1,242.0
fault,noAW,44,1,139.2060032799555,313.0,336.0,7.348242811501597,0,477.1929000016826,20000,203.0,5,1,10,1,1,261.0
fault,noFLC,45,1,139.2060032799555,342.0,339.0,-0.8771929824561403,0,473.26089999842225,20000,213.0,3,1,10,1,1,280.0
fault,noAW,45,1,139.2060032799555,304.0,406.0,33.55263157894737,0,478.487700002006,20000,206.0,8,1,10,1,1,251.0
fault,noFLC,46,1,139.2060032799555,300.0,360.0,20.0,0,467.97529999821563,20000,204.0,8,1,10,1,1,279.0
fault,noAW,46,1,139.2060032799555,293.0,335.0,14.334470989761092,0,429.6646000002511,20000,206.0,7,1,10,1,1,323.0
fault,noFLC,47,1,139.2060032799555,312.0,389.0,24.679487179487182,0,471.8886000009661,20000,205.0,1,1,10,1,1,345.0
fault,noAW,47,1,139.2060032799555,287.0,329.0,14.634146341463413,0,479.15699999794015,20000,205.0,3,1,10,1,1,245.0
fault,noFLC,48,1,139.2060032799555,315.0,315.0,0.0,0,473.0091999990691,20000,204.0,2,1,10,1,1,253.0
fault,noAW,48,1,139.2060032799555,322.0,338.0,4.968944099378882,0,490.19680000128574,20000,200.0,5,1,10,1,1,302.0
fault,noFLC,49,1,139.2060032799555,310.0,331.0,6.774193548387098,0,452.9899999979534,20000,203.0,6,1,10,1,1,None
fault,noAW,49,1,139.2060032799555,364.0,345.0,-5.21978021978022,0,492.6588000016636,20000,202.0,1,1,10,1,1,285.0
fault,noFLC,50,1,139.2060032799555,348.0,390.0,12.068965517241379,0,490.6719999999041,20000,210.0,8,1,10,1,1,250.0
fault,noAW,50,1,139.2060032799555,348.0,320.0,-8.045977011494253,0,472.5241999985883,20000,208.0,0,1,10,1,1,259.0
fault,noFLC,51,1,139.2060032799555,282.0,364.0,29.078014184397162,0,471.13870000248426,20000,205.0,8,1,10,1,1,253.0
fault,noAW,51,1,139.2060032799555,361.0,288.0,-20.221606648199447,0,478.65770000134944,20000,205.0,2,1,10,1,1,230.0
fault,noFLC,52,1,139.2060032799555,324.0,355.0,9.5679012345679,0,449.09499999994296,20000,206.0,1,1,10,1,1,231.0
fault,noAW,52,1,139.2060032799555,302.0,333.0,10.264900662251655,0,447.91999999870313,20000,210.0,4,1,10,1,1,None
fault,noFLC,53,1,139.2060032799555,396.0,350.0,-11.616161616161616,0,478.9245000029041,20000,210.0,2,1,10,1,1,228.0
fault,noAW,53,1,139.2060032799555,323.0,343.0,6.191950464396285,0,478.53960000065854,20000,206.0,1,1,10,1,1,330.0
fault,noFLC,54,1,139.2060032799555,352.0,390.0,10.795454545454545,0,489.2279999985476,20000,211.0,1,1,10,1,1,313.0
fault,noAW,54,1,139.2060032799555,597.0,354.0,-40.7035175879397,0,501.6918000001169,20000,205.0,3,1,10,1,1,224.0
fault,noFLC,55,1,139.2060032799555,359.0,350.0,-2.5069637883008355,0,504.07220000124653,20000,204.0,7,1,10,1,1,255.0
fault,noAW,55,1,139.2060032799555,291.0,380.0,30.584192439862544,0,479.09059999801684,20000,210.0,6,1,10,1,1,278.0
fault,noFLC,56,1,139.2060032799555,342.0,306.0,-10.526315789473683,0,448.4909999991942,20000,204.0,3,1,10,1,1,None
fault,noAW,56,1,139.2060032799555,308.0,322.0,4.545454545454546,0,479.08900000038557,20000,220.0,4,1,10,1,1,243.0
fault,noFLC,57,1,139.2060032799555,277.0,320.0,15.523465703971121,0,461.99309999792604,20000,205.0,7,1,10,1,1,261.0
fault,noAW,57,1,139.2060032799555,286.0,292.0,2.097902097902098,0,448.58250000106636,20000,208.0,7,1,10,1,1,286.0
fault,noFLC,58,1,139.2060032799555,307.0,368.0,19.86970684039088,0,510.05799999984447,20000,203.0,8,1,10,1,1,263.0
fault,noAW,58,1,139.2060032799555,431.0,336.0,-22.041763341067284,0,505.67949999822304,20000,212.0,3,1,10,1,1,236.0
fault,noFLC,59,1,139.2060032799555,292.0,396.0,35.61643835616438,0,448.30309999815654,20000,207.0,1,1,10,1,1,None
fault,noAW,59,1,139.2060032799555,301.0,348.0,15.614617940199334,0,436.431400001311,20000,205.0,1,1,10,1,1,248.0
fault,noFLC,60,1,139.2060032799555,353.0,319.0,-9.631728045325778,0,497.05209999956423,20000,206.0,1,1,10,1,1,278.0
fault,noAW,60,1,139.2060032799555,342.0,336.0,-1.7543859649122806,0,471.378399997775,20000,207.0,6,1,10,1,1,292.0
fault,noFLC,31,2,181.7052044143888,270.0,289.0,7.037037037037037,0,,,440.0,4,1,10,1,0,None
fault,noAW,31,2,181.7052044143888,314.0,314.0,0.0,0,,,456.0,3,1,10,1,0,None
fault,noFLC,32,2,181.7052044143888,292.0,364.0,24.65753424657534,0,,,441.0,8,1,10,1,0,None
fault,noAW,32,2,181.7052044143888,351.0,351.0,0.0,0,,,465.0,5,1,10,1,0,None
fault,noFLC,33,2,181.7052044143888,328.0,328.0,0.0,0,,,439.0,5,1,10,1,0,None
fault,noAW,33,2,181.7052044143888,300.0,347.0,15.666666666666668,0,,,439.0,1,1,10,1,0,None
fault,noFLC,34,2,181.7052044143888,307.0,307.0,0.0,0,,,446.0,8,1,10,1,0,None
fault,noAW,34,2,181.7052044143888,392.0,392.0,0.0,0,,,458.0,1,1,10,1,0,None
fault,noFLC,35,2,181.7052044143888,351.0,623.0,77.49287749287748,0,,0,448.0,8,1,10,1,0,None
fault,noAW,35,2,181.7052044143888,308.0,394.0,27.92207792207792,0,,,446.0,0,1,10,1,0,None
fault,noFLC,36,2,181.7052044143888,366.0,366.0,0.0,0,,,441.0,2,1,10,1,0,None
fault,noAW,36,2,181.7052044143888,331.0,411.0,24.169184290030213,0,,,439.0,4,1,10,1,0,None
fault,noFLC,37,2,181.7052044143888,339.0,339.0,0.0,0,,,453.0,3,1,10,1,0,None
fault,noAW,37,2,181.7052044143888,311.0,311.0,0.0,0,,,444.0,5,1,10,1,0,None
fault,noFLC,38,2,181.7052044143888,322.0,322.0,0.0,0,,,451.0,1,1,10,1,0,None
fault,noAW,38,2,181.7052044143888,417.0,417.0,0.0,0,,,430.0,8,1,10,1,0,None
fault,noFLC,39,2,181.7052044143888,314.0,415.0,32.1656050955414,0,,,448.0,4,1,10,1,0,None
fault,noAW,39,2,181.7052044143888,355.0,627.0,76.61971830985915,0,,0,453.0,6,1,10,1,0,None
fault,noFLC,40,2,181.7052044143888,270.0,270.0,0.0,0,,,450.0,6,1,10,1,0,None
fault,noAW,40,2,181.7052044143888,358.0,366.0,2.2346368715083798,0,,,435.0,1,1,10,1,0,None
fault,noFLC,41,2,181.7052044143888,397.0,397.0,0.0,0,,,446.0,7,1,10,1,0,None
fault,noAW,41,2,181.7052044143888,360.0,360.0,0.0,0,,,446.0,8,1,10,1,0,None
fault,noFLC,42,2,181.7052044143888,371.0,371.0,0.0,0,,,452.0,9,1,10,1,0,None
fault,noAW,42,2,181.7052044143888,299.0,299.0,0.0,0,,,455.0,1,1,10,1,0,None
fault,noFLC,43,2,181.7052044143888,291.0,291.0,0.0,0,,,446.0,7,1,10,1,0,None
fault,noAW,43,2,181.7052044143888,326.0,326.0,0.0,0,,,451.0,5,1,10,1,0,None
fault,noFLC,44,2,181.7052044143888,305.0,382.0,25.245901639344265,0,,,455.0,7,1,10,1,0,None
fault,noAW,44,2,181.7052044143888,313.0,356.0,13.738019169329075,0,,,441.0,4,1,10,1,0,None
fault,noFLC,45,2,181.7052044143888,342.0,342.0,0.0,0,,,455.0,2,1,10,1,0,None
fault,noAW,45,2,181.7052044143888,304.0,385.0,26.644736842105267,0,,,450.0,9,1,10,1,0,None
fault,noFLC,46,2,181.7052044143888,300.0,320.0,6.666666666666667,0,,,447.0,9,1,10,1,0,None
fault,noAW,46,2,181.7052044143888,293.0,333.0,13.651877133105803,0,,,443.0,5,1,10,1,0,None
fault,noFLC,47,2,181.7052044143888,312.0,427.0,36.858974358974365,0,,,442.0,0,1,10,1,0,None
fault,noAW,47,2,181.7052044143888,287.0,297.0,3.484320557491289,0,,,448.0,7,1,10,1,0,None
fault,noFLC,48,2,181.7052044143888,315.0,315.0,0.0,0,,,444.0,6,1,10,1,0,None
fault,noAW,48,2,181.7052044143888,322.0,404.0,25.465838509316768,0,,,445.0,3,1,10,1,0,None
fault,noFLC,49,2,181.7052044143888,310.0,310.0,0.0,0,,,458.0,1,1,10,1,0,None
fault,noAW,49,2,181.7052044143888,364.0,364.0,0.0,0,,,427.0,3,1,10,1,0,None
fault,noFLC,50,2,181.7052044143888,348.0,442.0,27.011494252873565,0,,,457.0,7,1,10,1,0,None
fault,noAW,50,2,181.7052044143888,348.0,348.0,0.0,0,,,439.0,1,1,10,1,0,None
fault,noFLC,51,2,181.7052044143888,282.0,282.0,0.0,0,,,438.0,8,1,10,1,0,None
fault,noAW,51,2,181.7052044143888,361.0,642.0,77.8393351800554,0,,0,452.0,3,1,10,1,0,None
fault,noFLC,52,2,181.7052044143888,324.0,437.0,34.876543209876544,0,,0,425.0,0,1,10,1,0,None
fault,noAW,52,2,181.7052044143888,302.0,302.0,0.0,0,,,456.0,5,1,10,1,0,None
fault,noFLC,53,2,181.7052044143888,396.0,567.0,43.18181818181818,0,,0,466.0,7,1,10,1,0,None
fault,noAW,53,2,181.7052044143888,323.0,323.0,0.0,0,,,456.0,3,1,10,1,0,None
fault,noFLC,54,2,181.7052044143888,352.0,352.0,0.0,0,,,444.0,6,1,10,1,0,None
fault,noAW,54,2,181.7052044143888,597.0,495.0,-17.08542713567839,0,428.7893999971857,20000,443.0,9,1,10,1,1,None
fault,noFLC,55,2,181.7052044143888,359.0,359.0,0.0,0,,,442.0,1,1,10,1,0,None
fault,noAW,55,2,181.7052044143888,291.0,355.0,21.993127147766323,0,,,441.0,0,1,10,1,0,None
fault,noFLC,56,2,181.7052044143888,342.0,342.0,0.0,0,,,456.0,4,1,10,1,0,None
fault,noAW,56,2,181.7052044143888,308.0,308.0,0.0,0,,,446.0,0,1,10,1,0,None
fault,noFLC,57,2,181.7052044143888,277.0,277.0,0.0,0,,,454.0,7,1,10,1,0,None
fault,noAW,57,2,181.7052044143888,286.0,286.0,0.0,0,,,453.0,8,1,10,1,0,None
fault,noFLC,58,2,181.7052044143888,307.0,321.0,4.5602605863192185,0,,,446.0,0,1,10,1,0,None
fault,noAW,58,2,181.7052044143888,431.0,431.0,0.0,0,,,448.0,0,1,10,1,0,None
fault,noFLC,59,2,181.7052044143888,292.0,292.0,0.0,0,,,443.0,0,1,10,1,0,None
fault,noAW,59,2,181.7052044143888,301.0,301.0,0.0,0,,,451.0,3,1,10,1,0,None
fault,noFLC,60,2,181.7052044143888,353.0,609.0,72.52124645892351,0,,0,445.0,8,1,10,1,0,None
fault,noAW,60,2,181.7052044143888,342.0,449.0,31.28654970760234,0,,,461.0,0,1,10,1,0,None
fault,noFLC,31,3,87.05594713886512,270.0,302.0,11.851851851851853,0,510.5455000011716,20000,168.0,2,1,10,1,1,233.0
fault,noAW,31,3,87.05594713886512,314.0,294.0,-6.369426751592357,0,506.204199999047,20000,167.0,8,1,10,1,1,192.0
fault,noFLC,32,3,87.05594713886512,292.0,321.0,9.931506849315069,0,527.4007000007259,20000,171.0,4,1,10,1,1,198.0
fault,noAW,32,3,87.05594713886512,351.0,350.0,-0.2849002849002849,0,547.649400003138,20000,167.0,1,1,10,1,1,268.0
fault,noFLC,33,3,87.05594713886512,328.0,318.0,-3.048780487804878,0,510.0630999986606,20000,171.0,6,1,10,1,1,244.0
fault,noAW,33,3,87.05594713886512,300.0,319.0,6.333333333333334,0,557.3703000009118,20000,156.0,1,1,10,1,1,183.0
fault,noFLC,34,3,87.05594713886512,307.0,343.0,11.726384364820847,0,543.2696999996551,20000,166.0,7,1,10,1,1,242.0
fault,noAW,34,3,87.05594713886512,392.0,361.0,-7.908163265306123,0,533.5175000000163,20000,168.0,8,1,10,1,1,224.0
fault,noFLC,35,3,87.05594713886512,351.0,355.0,1.1396011396011396,0,505.4167000016605,20000,167.0,5,1,10,1,1,213.0
fault,noAW,35,3,87.05594713886512,308.0,374.0,21.428571428571427,0,524.4872000002943,20000,173.0,7,1,10,1,1,203.0
fault,noFLC,36,3,87.05594713886512,366.0,383.0,4.644808743169399,0,521.9153000034567,20000,167.0,1,1,10,1,1,238.0
fault,noAW,36,3,87.05594713886512,331.0,372.0,12.386706948640484,0,541.9541000010213,20000,168.0,4,1,10,1,1,203.0
fault,noFLC,37,3,87.05594713886512,339.0,325.0,-4.129793510324483,0,508.0438000004506,20000,169.0,0,1,10,1,1,208.0
fault,noAW,37,3,87.05594713886512,311.0,296.0,-4.823151125401929,0,522.2410999995191,20000,168.0,0,1,10,1,1,276.0
fault,noFLC,38,3,87.05594713886512,322.0,371.0,15.217391304347828,0,551.9769999991695,20000,168.0,6,1,10,1,1,225.0
fault,noAW,38,3,87.05594713886512,417.0,367.0,-11.990407673860911,0,517.5282000018342,20000,166.0,4,1,10,1,1,None
fault,noFLC,39,3,87.05594713886512,314.0,355.0,13.05732484076433,0,553.688099997089,20000,176.0,8,1,10,1,1,225.0
fault,noAW,39,3,87.05594713886512,355.0,369.0,3.943661971830986,0,532.4417000010726,20000,164.0,3,1,10,1,1,None
fault,noFLC,40,3,87.05594713886512,270.0,305.0,12.962962962962962,0,506.49930000145105,20000,163.0,4,1,10,1,1,211.0
fault,noAW,40,3,87.05594713886512,358.0,352.0,-1.675977653631285,0,505.2713000004587,20000,170.0,9,1,10,1,1,None
fault,noFLC,41,3,87.05594713886512,397.0,333.0,-16.120906801007557,0,539.2079999983252,20000,169.0,9,1,10,1,1,216.0
fault,noAW,41,3,87.05594713886512,360.0,315.0,-12.5,0,487.4941000016406,20000,171.0,1,1,10,1,1,257.0
fault,noFLC,42,3,87.05594713886512,371.0,326.0,-12.129380053908356,0,508.1094999986817,20000,171.0,4,1,10,1,1,256.0
fault,noAW,42,3,87.05594713886512,299.0,323.0,8.02675585284281,0,487.5032999989344,20000,171.0,8,1,10,1,1,196.0
fault,noFLC,43,3,87.05594713886512,291.0,349.0,19.93127147766323,0,513.1443999998737,20000,168.0,1,1,10,1,1,217.0
fault,noAW,43,3,87.05594713886512,326.0,321.0,-1.5337423312883436,0,505.9973999996146,20000,165.0,7,1,10,1,1,191.0
fault,noFLC,44,3,87.05594713886512,305.0,346.0,13.442622950819672,0,512.0139999999083,20000,172.0,3,1,10,1,1,239.0
fault,noAW,44,3,87.05594713886512,313.0,368.0,17.57188498402556,0,527.8273000003537,20000,166.0,5,1,10,1,1,199.0
fault,noFLC,45,3,87.05594713886512,342.0,327.0,-4.385964912280701,0,506.94750000184285,20000,168.0,1,1,10,1,1,222.0
fault,noAW,45,3,87.05594713886512,304.0,335.0,10.197368421052632,0,532.2889999988547,20000,166.0,2,1,10,1,1,206.0
fault,noFLC,46,3,87.05594713886512,300.0,368.0,22.666666666666664,0,500.2308000002813,20000,174.0,4,1,10,1,1,236.0
fault,noAW,46,3,87.05594713886512,293.0,329.0,12.286689419795222,0,540.196099998866,20000,164.0,6,1,10,1,1,200.0
fault,noFLC,47,3,87.05594713886512,312.0,355.0,13.782051282051283,0,519.7464000011678,20000,169.0,3,1,10,1,1,230.0
fault,noAW,47,3,87.05594713886512,287.0,318.0,10.801393728222997,0,535.2673000015784,20000,172.0,1,1,10,1,1,224.0
fault,noFLC,48,3,87.05594713886512,315.0,362.0,14.920634920634921,0,529.9037999975553,20000,169.0,1,1,10,1,1,254.0
fault,noAW,48,3,87.05594713886512,322.0,377.0,17.080745341614907,0,533.2086000016716,20000,166.0,5,1,10,1,1,200.0
fault,noFLC,49,3,87.05594713886512,310.0,333.0,7.419354838709677,0,514.1677999999956,20000,170.0,6,1,10,1,1,193.0
fault,noAW,49,3,87.05594713886512,364.0,309.0,-15.10989010989011,0,534.7896000021137,20000,170.0,5,1,10,1,1,309.0
fault,noFLC,50,3,87.05594713886512,348.0,292.0,-16.091954022988507,0,526.914999998553,20000,174.0,5,1,10,1,1,239.0
fault,noAW,50,3,87.05594713886512,348.0,302.0,-13.218390804597702,0,521.4820000001055,20000,169.0,7,1,10,1,1,217.0
fault,noFLC,51,3,87.05594713886512,282.0,302.0,7.092198581560284,0,510.76240000111284,20000,176.0,6,1,10,1,1,218.0
fault,noAW,51,3,87.05594713886512,361.0,309.0,-14.40443213296399,0,507.35850000273786,20000,175.0,1,1,10,1,1,234.0
fault,noFLC,52,3,87.05594713886512,324.0,318.0,-1.8518518518518516,0,488.3327999996254,20000,171.0,8,1,10,1,1,190.0
fault,noAW,52,3,87.05594713886512,302.0,286.0,-5.298013245033113,0,502.353600000788,20000,171.0,8,1,10,1,1,228.0
fault,noFLC,53,3,87.05594713886512,396.0,333.0,-15.909090909090908,0,517.9768000016338,20000,172.0,5,1,10,1,1,178.0
fault,noAW,53,3,87.05594713886512,323.0,329.0,1.8575851393188854,0,527.7937999999267,20000,167.0,1,1,10,1,1,209.0
fault,noFLC,54,3,87.05594713886512,352.0,353.0,0.2840909090909091,0,513.6665999998513,20000,171.0,0,1,10,1,1,232.0
fault,noAW,54,3,87.05594713886512,597.0,403.0,-32.49581239530988,0,550.5226999994193,20000,164.0,6,1,10,1,1,194.0
fault,noFLC,55,3,87.05594713886512,359.0,303.0,-15.598885793871867,0,551.7690999986371,20000,166.0,3,1,10,1,1,220.0
fault,noAW,55,3,87.05594713886512,291.0,312.0,7.216494845360824,0,541.3838999993459,20000,164.0,4,1,10,1,1,261.0
fault,noFLC,56,3,87.05594713886512,342.0,366.0,7.017543859649122,0,504.9393000008422,20000,167.0,3,1,10,1,1,197.0
fault,noAW,56,3,87.05594713886512,308.0,342.0,11.03896103896104,0,532.2162999982538,20000,175.0,5,1,10,1,1,213.0
fault,noFLC,57,3,87.05594713886512,277.0,308.0,11.191335740072201,0,512.1392000000924,20000,170.0,2,1,10,1,1,248.0
fault,noAW,57,3,87.05594713886512,286.0,301.0,5.244755244755245,0,535.2057999989484,20000,165.0,9,1,10,1,1,204.0
fault,noFLC,58,3,87.05594713886512,307.0,348.0,13.355048859934854,0,534.8123000003397,20000,173.0,3,1,10,1,1,218.0
fault,noAW,58,3,87.05594713886512,431.0,340.0,-21.11368909512761,0,553.7590999992972,20000,166.0,8,1,10,1,1,325.0
fault,noFLC,59,3,87.05594713886512,292.0,290.0,-0.684931506849315,0,514.3246999978146,20000,165.0,8,1,10,1,1,265.0
fault,noAW,59,3,87.05594713886512,301.0,306.0,1.6611295681063125,0,517.1148999979778,20000,162.0,7,1,10,1,1,281.0
fault,noFLC,60,3,87.05594713886512,353.0,304.0,-13.881019830028329,0,540.4434999982186,20000,171.0,2,1,10,1,1,206.0
fault,noAW,60,3,87.05594713886512,342.0,361.0,5.555555555555555,0,544.2290999999386,20000,167.0,7,1,10,1,1,204.0
fault,noFLC,31,4,64.21579955915043,270.0,325.0,20.37037037037037,0,535.8388999993622,20000,151.0,7,1,10,1,1,186.0
fault,noAW,31,4,64.21579955915043,314.0,308.0,-1.910828025477707,0,525.2834999992047,20000,146.0,6,1,10,1,1,258.0
fault,noFLC,32,4,64.21579955915043,292.0,287.0,-1.7123287671232876,0,538.2533999982115,20000,150.0,5,1,10,1,1,229.0
fault,noAW,32,4,64.21579955915043,351.0,310.0,-11.68091168091168,0,580.1274999976158,20000,151.0,9,1,10,1,1,252.0
fault,noFLC,33,4,64.21579955915043,328.0,349.0,6.402439024390244,0,551.4671999990242,20000,150.0,4,1,10,1,1,204.0
fault,noAW,33,4,64.21579955915043,300.0,421.0,40.33333333333333,0,573.001300002943,20000,150.0,7,1,10,1,1,182.0
fault,noFLC,34,4,64.21579955915043,307.0,358.0,16.612377850162865,0,564.9711999976716,20000,155.0,5,1,10,1,1,231.0
fault,noAW,34,4,64.21579955915043,392.0,329.0,-16.071428571428573,0,583.9235999992525,20000,151.0,4,1,10,1,1,189.0
fault,noFLC,35,4,64.21579955915043,351.0,327.0,-6.837606837606838,0,529.3370999970648,20000,154.0,8,1,10,1,1,319.0
fault,noAW,35,4,64.21579955915043,308.0,361.0,17.20779220779221,0,549.86899999858,20000,149.0,5,1,10,1,1,164.0
fault,noFLC,36,4,64.21579955915043,366.0,336.0,-8.19672131147541,0,561.1141999979736,20000,147.0,5,1,10,1,1,195.0
fault,noAW,36,4,64.21579955915043,331.0,326.0,-1.5105740181268883,0,573.6112000013236,20000,150.0,6,1,10,1,1,192.0
fault,noFLC,37,4,64.21579955915043,339.0,359.0,5.899705014749262,0,547.8697999969881,20000,147.0,8,1,10,1,1,191.0
fault,noAW,37,4,64.21579955915043,311.0,296.0,-4.823151125401929,0,545.011300000624,20000,150.0,5,1,10,1,1,182.0
fault,noFLC,38,4,64.21579955915043,322.0,367.0,13.975155279503104,0,566.0537000003387,20000,149.0,0,1,10,1,1,182.0
fault,noAW,38,4,64.21579955915043,417.0,415.0,-0.4796163069544364,0,529.3984000018099,20000,154.0,4,1,10,1,1,405.0
fault,noFLC,39,4,64.21579955915043,314.0,324.0,3.1847133757961785,0,566.2467000001925,20000,147.0,2,1,10,1,1,243.0
fault,noAW,39,4,64.21579955915043,355.0,344.0,-3.0985915492957745,0,547.8384000016376,20000,160.0,5,1,10,1,1,216.0
fault,noFLC,40,4,64.21579955915043,270.0,306.0,13.333333333333334,0,534.9444999992556,20000,150.0,4,1,10,1,1,198.0
fault,noAW,40,4,64.21579955915043,358.0,297.0,-17.039106145251395,0,523.5691999987466,20000,157.0,3,1,10,1,1,181.0
fault,noFLC,41,4,64.21579955915043,397.0,344.0,-13.350125944584383,0,544.9325999979919,20000,156.0,5,1,10,1,1,181.0
fault,noAW,41,4,64.21579955915043,360.0,274.0,-23.88888888888889,0,561.2164999984088,20000,145.0,7,1,10,1,1,161.0
fault,noFLC,42,4,64.21579955915043,371.0,332.0,-10.512129380053908,0,525.1446000002034,20000,152.0,7,1,10,1,1,180.0
fault,noAW,42,4,64.21579955915043,299.0,335.0,12.040133779264215,0,522.6860000002489,20000,161.0,8,1,10,1,1,198.0
fault,noFLC,43,4,64.21579955915043,291.0,310.0,6.529209621993128,0,520.4278999990493,20000,154.0,2,1,10,1,1,190.0
fault,noAW,43,4,64.21579955915043,326.0,315.0,-3.374233128834356,0,546.9287999985681,20000,147.0,4,1,10,1,1,287.0
fault,noFLC,44,4,64.21579955915043,305.0,362.0,18.688524590163937,0,549.0522000000055,20000,144.0,5,1,10,1,1,200.0
fault,noAW,44,4,64.21579955915043,313.0,333.0,6.3897763578274756,0,550.7242000021506,20000,150.0,9,1,10,1,1,191.0
fault,noFLC,45,4,64.21579955915043,342.0,342.0,0.0,0,532.362899997679,20000,150.0,0,1,10,1,1,220.0
fault,noAW,45,4,64.21579955915043,304.0,330.0,8.552631578947368,0,552.8697000008833,20000,150.0,6,1,10,1,1,184.0
fault,noFLC,46,4,64.21579955915043,300.0,309.0,3.0,0,532.5391000005766,20000,154.0,9,1,10,1,1,286.0
fault,noAW,46,4,64.21579955915043,293.0,368.0,25.597269624573375,0,548.2907999976305,20000,149.0,8,1,10,1,1,303.0
fault,noFLC,47,4,64.21579955915043,312.0,331.0,6.089743589743589,0,556.5986999972665,20000,154.0,2,1,10,1,1,320.0
fault,noAW,47,4,64.21579955915043,287.0,342.0,19.16376306620209,0,569.4426000009116,20000,150.0,7,1,10,1,1,None
fault,noFLC,48,4,64.21579955915043,315.0,351.0,11.428571428571429,0,557.8447000007145,20000,148.0,4,1,10,1,1,207.0
fault,noAW,48,4,64.21579955915043,322.0,298.0,-7.453416149068323,0,572.1186999981,20000,140.0,0,1,10,1,1,210.0
fault,noFLC,49,4,64.21579955915043,310.0,310.0,0.0,0,535.9542999976838,20000,156.0,1,1,10,1,1,None
fault,noAW,49,4,64.21579955915043,364.0,326.0,-10.43956043956044,0,623.35929999972,20000,149.0,6,1,10,1,1,192.0
fault,noFLC,50,4,64.21579955915043,348.0,316.0,-9.195402298850574,0,568.4105999971507,20000,150.0,2,1,10,1,1,223.0
fault,noAW,50,4,64.21579955915043,348.0,334.0,-4.022988505747127,0,587.894200001756,20000,144.0,3,1,10,1,1,173.0
fault,noFLC,51,4,64.21579955915043,282.0,285.0,1.0638297872340425,0,545.8326999978453,20000,156.0,0,1,10,1,1,284.0
fault,noAW,51,4,64.21579955915043,361.0,315.0,-12.742382271468145,0,540.9342999992077,20000,157.0,4,1,10,1,1,266.0
fault,noFLC,52,4,64.21579955915043,324.0,360.0,11.11111111111111,0,512.3697000017273,20000,162.0,4,1,10,1,1,219.0
fault,noAW,52,4,64.21579955915043,302.0,341.0,12.91390728476821,0,549.851600000693,20000,147.0,9,1,10,1,1,164.0
fault,noFLC,53,4,64.21579955915043,396.0,375.0,-5.303030303030303,0,534.8631000015303,20000,146.0,1,1,10,1,1,364.0
fault,noAW,53,4,64.21579955915043,323.0,317.0,-1.8575851393188854,0,557.3371999998926,20000,153.0,2,1,10,1,1,None
fault,noFLC,54,4,64.21579955915043,352.0,372.0,5.681818181818182,0,580.3146999969613,20000,154.0,5,1,10,1,1,283.0
fault,noAW,54,4,64.21579955915043,597.0,335.0,-43.88609715242881,0,559.105799999088,20000,154.0,2,1,10,1,1,244.0
fault,noFLC,55,4,64.21579955915043,359.0,358.0,-0.2785515320334262,0,543.9435000007506,20000,150.0,2,1,10,1,1,174.0
fault,noAW,55,4,64.21579955915043,291.0,322.0,10.652920962199312,0,536.5568999986863,20000,156.0,8,1,10,1,1,277.0
fault,noFLC,56,4,64.21579955915043,342.0,356.0,4.093567251461988,0,523.8597999996273,20000,157.0,6,1,10,1,1,191.0
fault,noAW,56,4,64.21579955915043,308.0,336.0,9.090909090909092,0,590.3699999980745,20000,151.0,2,1,10,1,1,171.0
fault,noFLC,57,4,64.21579955915043,277.0,325.0,17.328519855595665,0,548.7135000003036,20000,143.0,6,1,10,1,1,173.0
fault,noAW,57,4,64.21579955915043,286.0,303.0,5.944055944055944,0,598.7910999974702,20000,143.0,6,1,10,1,1,199.0
fault,noFLC,58,4,64.21579955915043,307.0,381.0,24.104234527687296,0,553.5416999991867,20000,157.0,2,1,10,1,1,None
fault,noAW,58,4,64.21579955915043,431.0,369.0,-14.385150812064964,0,571.3409999989381,20000,150.0,6,1,10,1,1,179.0
fault,noFLC,59,4,64.21579955915043,292.0,363.0,24.315068493150687,0,516.1174000022584,20000,150.0,7,1,10,1,1,200.0
fault,noAW,59,4,64.21579955915043,301.0,297.0,-1.3289036544850499,0,532.4663000028522,20000,149.0,8,1,10,1,1,178.0
fault,noFLC,60,4,64.21579955915043,353.0,328.0,-7.0821529745042495,0,600.9954000001017,20000,152.0,1,1,10,1,1,184.0
fault,noAW,60,4,64.21579955915043,342.0,312.0,-8.771929824561402,0,579.6302999988256,20000,153.0,5,1,10,1,1,230.0
urgent,noFLC,31,0,400.0,270.0,463.0,71.48148148148148,0,94.75139999995008,4000,None,None,0,10,1,1,
urgent,noAW,31,0,400.0,314.0,508.0,61.78343949044586,0,96.1883999989368,4000,None,None,0,10,1,1,
urgent,noFLC,32,0,400.0,292.0,486.0,66.43835616438356,0,93.23199999926146,4000,None,None,0,10,1,1,
urgent,noAW,32,0,400.0,351.0,465.0,32.47863247863248,0,98.05290000076639,4000,None,None,0,10,1,1,
urgent,noFLC,33,0,400.0,328.0,488.0,48.78048780487805,0,86.89589999994496,4000,None,None,0,10,1,1,
urgent,noAW,33,0,400.0,300.0,457.0,52.33333333333333,0,92.49809999892022,4000,None,None,0,10,1,1,
urgent,noFLC,34,0,400.0,307.0,467.0,52.11726384364821,0,95.94599999763886,4000,None,None,0,10,1,1,
urgent,noAW,34,0,400.0,392.0,465.0,18.622448979591837,0,96.6353000003437,4000,None,None,0,10,1,1,
urgent,noFLC,35,0,400.0,351.0,468.0,33.33333333333333,0,95.20779999729712,4000,None,None,0,10,1,1,
urgent,noAW,35,0,400.0,308.0,453.0,47.07792207792208,0,96.88399999868125,4000,None,None,0,10,1,1,
urgent,noFLC,36,0,400.0,366.0,469.0,28.142076502732237,0,91.29770000072313,4000,None,None,0,10,1,1,
urgent,noAW,36,0,400.0,331.0,476.0,43.80664652567976,0,99.38490000058664,4000,None,None,0,10,1,1,
urgent,noFLC,37,0,400.0,339.0,457.0,34.80825958702065,0,96.31050000098185,4000,None,None,0,10,1,1,
urgent,noAW,37,0,400.0,311.0,457.0,46.94533762057878,0,93.61699999863049,4000,None,None,0,10,1,1,
urgent,noFLC,38,0,400.0,322.0,487.0,51.24223602484472,0,93.55709999726969,4000,None,None,0,10,1,1,
urgent,noAW,38,0,400.0,417.0,462.0,10.79136690647482,0,97.91709999990417,4000,None,None,0,10,1,1,
urgent,noFLC,39,0,400.0,314.0,477.0,51.910828025477706,0,91.35479999895324,4000,None,None,0,10,1,1,
urgent,noAW,39,0,400.0,355.0,475.0,33.80281690140845,0,94.89319999920554,4000,None,None,0,10,1,1,
urgent,noFLC,40,0,400.0,270.0,534.0,97.77777777777777,0,95.3021000023,4000,None,None,0,10,1,1,
urgent,noAW,40,0,400.0,358.0,453.0,26.536312849162012,0,101.73419999773614,4000,None,None,0,10,1,1,
urgent,noFLC,41,0,400.0,397.0,457.0,15.113350125944585,0,104.91639999963809,4000,None,None,0,10,1,1,
urgent,noAW,41,0,400.0,360.0,467.0,29.72222222222222,0,106.87270000198623,4000,None,None,0,10,1,1,
urgent,noFLC,42,0,400.0,371.0,476.0,28.30188679245283,0,105.17949999848497,4000,None,None,0,10,1,1,
urgent,noAW,42,0,400.0,299.0,481.0,60.86956521739131,0,98.06079999907524,4000,None,None,0,10,1,1,
urgent,noFLC,43,0,400.0,291.0,455.0,56.3573883161512,0,104.28910000337055,4000,None,None,0,10,1,1,
urgent,noAW,43,0,400.0,326.0,502.0,53.987730061349694,0,105.93929999959073,4000,None,None,0,10,1,1,
urgent,noFLC,44,0,400.0,305.0,496.0,62.62295081967213,0,103.36180000012973,4000,None,None,0,10,1,1,
urgent,noAW,44,0,400.0,313.0,476.0,52.07667731629393,0,98.68809999898076,4000,None,None,0,10,1,1,
urgent,noFLC,45,0,400.0,342.0,459.0,34.21052631578947,0,92.85780000209343,4000,None,None,0,10,1,1,
urgent,noAW,45,0,400.0,304.0,466.0,53.289473684210535,0,114.42019999958575,4000,None,None,0,10,1,1,
urgent,noFLC,46,0,400.0,300.0,458.0,52.666666666666664,0,115.85449999984121,4000,None,None,0,10,1,1,
urgent,noAW,46,0,400.0,293.0,471.0,60.75085324232082,0,96.915899997839,4000,None,None,0,10,1,1,
urgent,noFLC,47,0,400.0,312.0,465.0,49.03846153846153,0,94.97790000023087,4000,None,None,0,10,1,1,
urgent,noAW,47,0,400.0,287.0,465.0,62.02090592334495,0,94.2375999984506,4000,None,None,0,10,1,1,
urgent,noFLC,48,0,400.0,315.0,460.0,46.03174603174603,0,90.82239999770536,4000,None,None,0,10,1,1,
urgent,noAW,48,0,400.0,322.0,460.0,42.857142857142854,0,93.47409999827505,4000,None,None,0,10,1,1,
urgent,noFLC,49,0,400.0,310.0,521.0,68.06451612903226,0,95.95849999823258,4000,None,None,0,10,1,1,
urgent,noAW,49,0,400.0,364.0,464.0,27.472527472527474,0,92.9336000008334,4000,None,None,0,10,1,1,
urgent,noFLC,50,0,400.0,348.0,463.0,33.04597701149425,0,95.40409999681287,4000,None,None,0,10,1,1,
urgent,noAW,50,0,400.0,348.0,462.0,32.758620689655174,0,98.28180000113207,4000,None,None,0,10,1,1,
urgent,noFLC,51,0,400.0,282.0,492.0,74.46808510638297,0,94.73480000087875,4000,None,None,0,10,1,1,
urgent,noAW,51,0,400.0,361.0,461.0,27.70083102493075,0,94.0872000028321,4000,None,None,0,10,1,1,
urgent,noFLC,52,0,400.0,324.0,447.0,37.96296296296296,0,91.53309999965131,4000,None,None,0,10,1,1,
urgent,noAW,52,0,400.0,302.0,528.0,74.83443708609272,0,96.58699999999953,4000,None,None,0,10,1,1,
urgent,noFLC,53,0,400.0,396.0,460.0,16.161616161616163,0,90.50480000223615,4000,None,None,0,10,1,1,
urgent,noAW,53,0,400.0,323.0,465.0,43.962848297213625,0,93.15240000069025,4000,None,None,0,10,1,1,
urgent,noFLC,54,0,400.0,352.0,465.0,32.10227272727273,0,92.22340000269469,4000,None,None,0,10,1,1,
urgent,noAW,54,0,400.0,597.0,532.0,-10.887772194304858,0,104.99119999803952,4000,None,None,0,10,1,1,
urgent,noFLC,55,0,400.0,359.0,457.0,27.298050139275766,0,97.22549999787589,4000,None,None,0,10,1,1,
urgent,noAW,55,0,400.0,291.0,457.0,57.0446735395189,0,101.68439999688417,4000,None,None,0,10,1,1,
urgent,noFLC,56,0,400.0,342.0,468.0,36.84210526315789,0,98.34159999809344,4000,None,None,0,10,1,1,
urgent,noAW,56,0,400.0,308.0,471.0,52.922077922077925,0,99.57959999883315,4000,None,None,0,10,1,1,
urgent,noFLC,57,0,400.0,277.0,513.0,85.1985559566787,0,90.94460000051185,4000,None,None,0,10,1,1,
urgent,noAW,57,0,400.0,286.0,486.0,69.93006993006993,0,99.84759999861126,4000,None,None,0,10,1,1,
urgent,noFLC,58,0,400.0,307.0,532.0,73.28990228013029,0,93.32370000265655,4000,None,None,0,10,1,1,
urgent,noAW,58,0,400.0,431.0,477.0,10.672853828306264,0,99.65119999833405,4000,None,None,0,10,1,1,
urgent,noFLC,59,0,400.0,292.0,506.0,73.28767123287672,0,98.04910000093514,4000,None,None,0,10,1,1,
urgent,noAW,59,0,400.0,301.0,465.0,54.48504983388705,0,98.03689999898779,4000,None,None,0,10,1,1,
urgent,noFLC,60,0,400.0,353.0,464.0,31.444759206798867,0,92.17859999989741,4000,None,None,0,10,1,1,
urgent,noAW,60,0,400.0,342.0,508.0,48.53801169590643,0,95.61100000064471,4000,None,None,0,10,1,1,
urgent,noFLC,31,1,413.15143325707925,270.0,477.0,76.66666666666667,0,90.00379999997676,4000,None,None,0,10,1,1,
urgent,noAW,31,1,413.15143325707925,314.0,479.0,52.547770700636946,0,93.34799999851384,4000,None,None,0,10,1,1,
urgent,noFLC,32,1,413.15143325707925,292.0,500.0,71.23287671232876,0,91.07640000001993,4000,None,None,0,10,1,1,
urgent,noAW,32,1,413.15143325707925,351.0,479.0,36.46723646723647,0,93.60350000133622,4000,None,None,0,10,1,1,
urgent,noFLC,33,1,413.15143325707925,328.0,502.0,53.04878048780488,0,94.78259999741567,4000,None,None,0,10,1,1,
urgent,noAW,33,1,413.15143325707925,300.0,551.0,83.66666666666667,0,97.8499999982887,4000,None,None,0,10,1,1,
urgent,noFLC,34,1,413.15143325707925,307.0,542.0,76.54723127035831,0,91.61039999889908,4000,None,None,0,10,1,1,
urgent,noAW,34,1,413.15143325707925,392.0,479.0,22.193877551020407,0,94.33500000159256,4000,None,None,0,10,1,1,
urgent,noFLC,35,1,413.15143325707925,351.0,482.0,37.32193732193732,0,92.05129999827477,4000,None,None,0,10,1,1,
urgent,noAW,35,1,413.15143325707925,308.0,467.0,51.62337662337663,0,93.52629999921191,4000,None,None,0,10,1,1,
urgent,noFLC,36,1,413.15143325707925,366.0,483.0,31.967213114754102,0,92.84560000014608,4000,None,None,0,10,1,1,
urgent,noAW,36,1,413.15143325707925,331.0,490.0,48.036253776435046,0,94.69990000070538,4000,None,None,0,10,1,1,
urgent,noFLC,37,1,413.15143325707925,339.0,471.0,38.93805309734513,0,90.98899999662535,4000,None,None,0,10,1,1,
urgent,noAW,37,1,413.15143325707925,311.0,471.0,51.446945337620576,0,89.51609999712673,4000,None,None,0,10,1,1,
urgent,noFLC,38,1,413.15143325707925,322.0,495.0,53.72670807453416,0,93.11689999958617,4000,None,None,0,10,1,1,
urgent,noAW,38,1,413.15143325707925,417.0,462.0,10.79136690647482,0,98.35050000037882,4000,None,None,0,10,1,1,
urgent,noFLC,39,1,413.15143325707925,314.0,491.0,56.36942675159236,0,92.58150000096066,4000,None,None,0,10,1,1,
urgent,noAW,39,1,413.15143325707925,355.0,468.0,31.83098591549296,0,97.69750000123167,4000,None,None,0,10,1,1,
urgent,noFLC,40,1,413.15143325707925,270.0,495.0,83.33333333333334,0,99.74510000029113,4000,None,None,0,10,1,1,
urgent,noAW,40,1,413.15143325707925,358.0,467.0,30.446927374301673,0,101.3399000003119,4000,None,None,0,10,1,1,
urgent,noFLC,41,1,413.15143325707925,397.0,485.0,22.16624685138539,0,99.83439999996335,4000,None,None,0,10,1,1,
urgent,noAW,41,1,413.15143325707925,360.0,481.0,33.611111111111114,0,104.12599999835948,4000,None,None,0,10,1,1,
urgent,noFLC,42,1,413.15143325707925,371.0,490.0,32.075471698113205,0,99.54819999984466,4000,None,None,0,10,1,1,
urgent,noAW,42,1,413.15143325707925,299.0,495.0,65.55183946488295,0,102.3179000003438,4000,None,None,0,10,1,1,
urgent,noFLC,43,1,413.15143325707925,291.0,469.0,61.16838487972509,0,100.28249999959371,4000,None,None,0,10,1,1,
urgent,noAW,43,1,413.15143325707925,326.0,470.0,44.171779141104295,0,98.7200000017765,4000,None,None,0,10,1,1,
urgent,noFLC,44,1,413.15143325707925,305.0,510.0,67.21311475409836,0,98.11160000026575,4000,None,None,0,10,1,1,
urgent,noAW,44,1,413.15143325707925,313.0,542.0,73.1629392971246,0,98.8312000008591,4000,None,None,0,10,1,1,
urgent,noFLC,45,1,413.15143325707925,342.0,473.0,38.30409356725146,0,92.23129999736557,4000,None,None,0,10,1,1,
urgent,noAW,45,1,413.15143325707925,304.0,480.0,57.89473684210527,0,94.22260000064853,4000,None,None,0,10,1,1,
urgent,noFLC,46,1,413.15143325707925,300.0,472.0,57.333333333333336,0,97.45830000247224,4000,None,None,0,10,1,1,
urgent,noAW,46,1,413.15143325707925,293.0,485.0,65.52901023890784,0,94.9045000015758,4000,None,None,0,10,1,1,
urgent,noFLC,47,1,413.15143325707925,312.0,502.0,60.89743589743589,0,97.1532000003208,4000,None,None,0,10,1,1,
urgent,noAW,47,1,413.15143325707925,287.0,479.0,66.89895470383276,0,92.84009999828413,4000,None,None,0,10,1,1,
urgent,noFLC,48,1,413.15143325707925,315.0,474.0,50.476190476190474,0,93.37600000071689,4000,None,None,0,10,1,1,
urgent,noAW,48,1,413.15143325707925,322.0,534.0,65.83850931677019,0,96.06549999807612,4000,None,None,0,10,1,1,
urgent,noFLC,49,1,413.15143325707925,310.0,471.0,51.935483870967744,0,94.76379999978235,4000,None,None,0,10,1,1,
urgent,noAW,49,1,413.15143325707925,364.0,478.0,31.318681318681318,0,96.42569999778061,4000,None,None,0,10,1,1,
urgent,noFLC,50,1,413.15143325707925,348.0,477.0,37.06896551724138,0,93.16250000119908,4000,None,None,0,10,1,1,
urgent,noAW,50,1,413.15143325707925,348.0,480.0,37.93103448275862,0,97.19250000125612,4000,None,None,0,10,1,1,
urgent,noFLC,51,1,413.15143325707925,282.0,506.0,79.43262411347519,0,95.95080000144662,4000,None,None,0,10,1,1,
urgent,noAW,51,1,413.15143325707925,361.0,475.0,31.57894736842105,0,99.78079999928013,4000,None,None,0,10,1,1,
urgent,noFLC,52,1,413.15143325707925,324.0,461.0,42.28395061728395,0,96.37189999921247,4000,None,None,0,10,1,1,
urgent,noAW,52,1,413.15143325707925,302.0,477.0,57.94701986754966,0,99.37390000050073,4000,None,None,0,10,1,1,
urgent,noFLC,53,1,413.15143325707925,396.0,474.0,19.696969696969695,0,91.60890000202926,4000,None,None,0,10,1,1,
urgent,noAW,53,1,413.15143325707925,323.0,479.0,48.297213622291025,0,95.96420000161743,4000,None,None,0,10,1,1,
urgent,noFLC,54,1,413.15143325707925,352.0,479.0,36.07954545454545,0,101.81199999715318,4000,None,None,0,10,1,1,
urgent,noAW,54,1,413.15143325707925,597.0,546.0,-8.542713567839195,0,113.63840000194614,4000,None,None,0,10,1,1,
urgent,noFLC,55,1,413.15143325707925,359.0,471.0,31.197771587743734,0,103.17450000002282,4000,None,None,0,10,1,1,
urgent,noAW,55,1,413.15143325707925,291.0,471.0,61.855670103092784,0,99.15429999819025,4000,None,None,0,10,1,1,
urgent,noFLC,56,1,413.15143325707925,342.0,482.0,40.93567251461988,0,101.14700000121957,4000,None,None,0,10,1,1,
urgent,noAW,56,1,413.15143325707925,308.0,484.0,57.14285714285714,0,109.38199999873177,4000,None,None,0,10,1,1,
urgent,noFLC,57,1,413.15143325707925,277.0,527.0,90.25270758122743,0,105.05650000050082,4000,None,None,0,10,1,1,
urgent,noAW,57,1,413.15143325707925,286.0,500.0,74.82517482517483,0,98.86419999747886,4000,None,None,0,10,1,1,
urgent,noFLC,58,1,413.15143325707925,307.0,546.0,77.85016286644951,0,102.41129999849363,4000,None,None,0,10,1,1,
urgent,noAW,58,1,413.15143325707925,431.0,491.0,13.921113689095128,0,104.17819999929634,4000,None,None,0,10,1,1,
urgent,noFLC,59,1,413.15143325707925,292.0,520.0,78.08219178082192,0,93.99670000129845,4000,None,None,0,10,1,1,
urgent,noAW,59,1,413.15143325707925,301.0,479.0,59.136212624584715,0,96.36899999895832,4000,None,None,0,10,1,1,
urgent,noFLC,60,1,413.15143325707925,353.0,486.0,37.6770538243626,0,93.69859999787877,4000,None,None,0,10,1,1,
urgent,noAW,60,1,413.15143325707925,342.0,522.0,52.63157894736842,0,97.58159999910276,4000,None,None,0,10,1,1,
urgent,noFLC,31,2,473.86457773484113,270.0,537.0,98.88888888888889,0,95.07900000244263,4000,None,None,0,10,1,1,
urgent,noAW,31,2,473.86457773484113,314.0,531.0,69.10828025477707,0,95.99779999916791,4000,None,None,0,10,1,1,
urgent,noFLC,32,2,473.86457773484113,292.0,534.0,82.87671232876713,0,95.67699999752222,4000,None,None,0,10,1,1,
urgent,noAW,32,2,473.86457773484113,351.0,539.0,53.561253561253565,0,93.67589999965276,4000,None,None,0,10,1,1,
urgent,noFLC,33,2,473.86457773484113,328.0,562.0,71.34146341463415,0,90.49990000130492,4000,None,None,0,10,1,1,
urgent,noAW,33,2,473.86457773484113,300.0,611.0,103.66666666666666,0,96.5159000006679,4000,None,None,0,10,1,1,
urgent,noFLC,34,2,473.86457773484113,307.0,541.0,76.2214983713355,0,94.43100000135018,4000,None,None,0,10,1,1,
urgent,noAW,34,2,473.86457773484113,392.0,539.0,37.5,0,95.6144999981916,4000,None,None,0,10,1,1,
urgent,noFLC,35,2,473.86457773484113,351.0,542.0,54.41595441595442,0,97.47059999790508,4000,None,None,0,10,1,1,
urgent,noAW,35,2,473.86457773484113,308.0,527.0,71.1038961038961,0,92.21310000066296,4000,None,None,0,10,1,1,
urgent,noFLC,36,2,473.86457773484113,366.0,545.0,48.90710382513661,0,96.78940000230796,4000,None,None,0,10,1,1,
urgent,noAW,36,2,473.86457773484113,331.0,550.0,66.16314199395771,0,97.63739999834797,4000,None,None,0,10,1,1,
urgent,noFLC,37,2,473.86457773484113,339.0,531.0,56.63716814159292,0,91.3574999976845,4000,None,None,0,10,1,1,
urgent,noAW,37,2,473.86457773484113,311.0,531.0,70.7395498392283,0,101.0509000007005,4000,None,None,0,10,1,1,
urgent,noFLC,38,2,473.86457773484113,322.0,519.0,61.18012422360248,0,94.03690000181086,4000,None,None,0,10,1,1,
urgent,noAW,38,2,473.86457773484113,417.0,538.0,29.016786570743403,0,104.8144999986107,4000,None,None,0,10,1,1,
urgent,noFLC,39,2,473.86457773484113,314.0,551.0,75.47770700636943,0,104.4478000003437,4000,None,None,0,10,1,1,
urgent,noAW,39,2,473.86457773484113,355.0,549.0,54.647887323943664,0,104.6676000005391,4000,None,None,0,10,1,1,
urgent,noFLC,40,2,473.86457773484113,270.0,608.0,125.18518518518518,0,101.95009999733884,4000,None,None,0,10,1,1,
urgent,noAW,40,2,473.86457773484113,358.0,527.0,47.20670391061452,0,101.32299999895622,4000,None,None,0,10,1,1,
urgent,noFLC,41,2,473.86457773484113,397.0,531.0,33.75314861460957,0,99.12899999835645,4000,None,None,0,10,1,1,
urgent,noAW,41,2,473.86457773484113,360.0,541.0,50.27777777777778,0,96.32849999979953,4000,None,None,0,10,1,1,
urgent,noFLC,42,2,473.86457773484113,371.0,549.0,47.97843665768194,0,99.16669999802252,4000,None,None,0,10,1,1,
urgent,noAW,42,2,473.86457773484113,299.0,555.0,85.61872909698997,0,102.72610000174609,4000,None,None,0,10,1,1,
urgent,noFLC,43,2,473.86457773484113,291.0,529.0,81.78694158075601,0,103.40079999878071,4000,None,None,0,10,1,1,
urgent,noAW,43,2,473.86457773484113,326.0,576.0,76.68711656441718,0,95.70549999989453,4000,None,None,0,10,1,1,
urgent,noFLC,44,2,473.86457773484113,305.0,570.0,86.88524590163934,0,91.23019999969983,4000,None,None,0,10,1,1,
urgent,noAW,44,2,473.86457773484113,313.0,550.0,75.71884984025559,0,96.257199998945,4000,None,None,0,10,1,1,
urgent,noFLC,45,2,473.86457773484113,342.0,533.0,55.84795321637427,0,94.28310000294005,4000,None,None,0,10,1,1,
urgent,noAW,45,2,473.86457773484113,304.0,540.0,77.63157894736842,0,95.53559999767458,4000,None,None,0,10,1,1,
urgent,noFLC,46,2,473.86457773484113,300.0,532.0,77.33333333333333,0,95.39660000154981,4000,None,None,0,10,1,1,
urgent,noAW,46,2,473.86457773484113,293.0,539.0,83.95904436860067,0,91.61600000152248,4000,None,None,0,10,1,1,
urgent,noFLC,47,2,473.86457773484113,312.0,562.0,80.12820512820514,0,91.29810000013094,4000,None,None,0,10,1,1,
urgent,noAW,47,2,473.86457773484113,287.0,539.0,87.8048780487805,0,95.90059999754885,4000,None,None,0,10,1,1,
urgent,noFLC,48,2,473.86457773484113,315.0,534.0,69.52380952380952,0,93.15799999967567,4000,None,None,0,10,1,1,
urgent,noAW,48,2,473.86457773484113,322.0,534.0,65.83850931677019,0,94.41660000084084,4000,None,None,0,10,1,1,
urgent,noFLC,49,2,473.86457773484113,310.0,531.0,71.29032258064515,0,92.40390000195475,4000,None,None,0,10,1,1,
urgent,noAW,49,2,473.86457773484113,364.0,538.0,47.8021978021978,0,96.01269999984652,4000,None,None,0,10,1,1,
urgent,noFLC,50,2,473.86457773484113,348.0,537.0,54.310344827586206,0,94.03609999935725,4000,None,None,0,10,1,1,
urgent,noAW,50,2,473.86457773484113,348.0,536.0,54.02298850574713,0,95.98259999984293,4000,None,None,0,10,1,1,
urgent,noFLC,51,2,473.86457773484113,282.0,566.0,100.70921985815602,0,93.48830000089947,4000,None,None,0,10,1,1,
urgent,noAW,51,2,473.86457773484113,361.0,535.0,48.199445983379505,0,95.43699999994715,4000,None,None,0,10,1,1,
urgent,noFLC,52,2,473.86457773484113,324.0,521.0,60.802469135802475,0,92.54409999994095,4000,None,None,0,10,1,1,
urgent,noAW,52,2,473.86457773484113,302.0,537.0,77.81456953642383,0,93.49120000115363,4000,None,None,0,10,1,1,
urgent,noFLC,53,2,473.86457773484113,396.0,534.0,34.84848484848485,0,100.32169999976759,4000,None,None,0,10,1,1,
urgent,noAW,53,2,473.86457773484113,323.0,539.0,66.87306501547987,0,94.9691999994684,4000,None,None,0,10,1,1,
urgent,noFLC,54,2,473.86457773484113,352.0,539.0,53.125,0,99.59030000027269,4000,None,None,0,10,1,1,
urgent,noAW,54,2,473.86457773484113,597.0,606.0,1.507537688442211,0,105.68469999998342,4000,None,None,0,10,1,1,
urgent,noFLC,55,2,473.86457773484113,359.0,531.0,47.910863509749305,0,96.8405999992683,4000,None,None,0,10,1,1,
urgent,noAW,55,2,473.86457773484113,291.0,531.0,82.4742268041237,0,119.06330000056187,4000,None,None,0,10,1,1,
urgent,noFLC,56,2,473.86457773484113,342.0,542.0,58.47953216374269,0,96.62279999974999,4000,None,None,0,10,1,1,
urgent,noAW,56,2,473.86457773484113,308.0,545.0,76.94805194805194,0,98.38759999911417,4000,None,None,0,10,1,1,
urgent,noFLC,57,2,473.86457773484113,277.0,589.0,112.63537906137185,0,98.99839999707183,4000,None,None,0,10,1,1,
urgent,noAW,57,2,473.86457773484113,286.0,557.0,94.75524475524476,0,96.92720000020927,4000,None,None,0,10,1,1,
urgent,noFLC,58,2,473.86457773484113,307.0,545.0,77.52442996742671,0,94.81709999818122,4000,None,None,0,10,1,1,
urgent,noAW,58,2,473.86457773484113,431.0,551.0,27.842227378190255,0,93.95980000044801,4000,None,None,0,10,1,1,
urgent,noFLC,59,2,473.86457773484113,292.0,580.0,98.63013698630137,0,92.33510000194656,4000,None,None,0,10,1,1,
urgent,noAW,59,2,473.86457773484113,301.0,539.0,79.06976744186046,0,94.62030000213417,4000,None,None,0,10,1,1,
urgent,noFLC,60,2,473.86457773484113,353.0,538.0,52.40793201133145,0,90.79399999973248,4000,None,None,0,10,1,1,
urgent,noAW,60,2,473.86457773484113,342.0,582.0,70.17543859649122,0,92.11660000073607,4000,None,None,0,10,1,1,
urgent,noFLC,31,3,338.6513530555216,270.0,402.0,48.888888888888886,0,95.08889999779058,4000,None,None,0,10,1,1,
urgent,noAW,31,3,338.6513530555216,314.0,404.0,28.662420382165603,0,90.74950000285753,4000,None,None,0,10,1,1,
urgent,noFLC,32,3,338.6513530555216,292.0,425.0,45.54794520547945,0,92.13079999972251,4000,None,None,0,10,1,1,
urgent,noAW,32,3,338.6513530555216,351.0,404.0,15.0997150997151,0,92.33459999813931,4000,None,None,0,10,1,1,
urgent,noFLC,33,3,338.6513530555216,328.0,427.0,30.182926829268293,0,92.55300000222633,4000,None,None,0,10,1,1,
urgent,noAW,33,3,338.6513530555216,300.0,396.0,32.0,0,94.45810000033816,4000,None,None,0,10,1,1,
urgent,noFLC,34,3,338.6513530555216,307.0,406.0,32.24755700325733,0,91.35090000199853,4000,None,None,0,10,1,1,
urgent,noAW,34,3,338.6513530555216,392.0,404.0,3.061224489795918,0,93.81840000060038,4000,None,None,0,10,1,1,
urgent,noFLC,35,3,338.6513530555216,351.0,407.0,15.954415954415953,0,91.35310000056052,4000,None,None,0,10,1,1,
urgent,noAW,35,3,338.6513530555216,308.0,392.0,27.27272727272727,0,95.70610000082524,4000,None,None,0,10,1,1,
urgent,noFLC,36,3,338.6513530555216,366.0,475.0,29.78142076502732,0,93.0512999984785,4000,None,None,0,10,1,1,
urgent,noAW,36,3,338.6513530555216,331.0,402.0,21.45015105740181,0,93.65919999981998,4000,None,None,0,10,1,1,
urgent,noFLC,37,3,338.6513530555216,339.0,396.0,16.8141592920354,0,92.43880000212812,4000,None,None,0,10,1,1,
urgent,noAW,37,3,338.6513530555216,311.0,396.0,27.331189710610932,0,102.54480000003241,4000,None,None,0,10,1,1,
urgent,noFLC,38,3,338.6513530555216,322.0,426.0,32.298136645962735,0,102.40329999942333,4000,None,None,0,10,1,1,
urgent,noAW,38,3,338.6513530555216,417.0,422.0,1.1990407673860912,0,101.98039999886532,4000,None,None,0,10,1,1,
urgent,noFLC,39,3,338.6513530555216,314.0,416.0,32.48407643312102,0,101.95550000207732,4000,None,None,0,10,1,1,
urgent,noAW,39,3,338.6513530555216,355.0,412.0,16.056338028169016,0,101.8130000011297,4000,None,None,0,10,1,1,
urgent,noFLC,40,3,338.6513530555216,270.0,440.0,62.96296296296296,0,94.45350000169128,4000,None,None,0,10,1,1,
urgent,noAW,40,3,338.6513530555216,358.0,392.0,9.497206703910614,0,101.03159999925992,4000,None,None,0,10,1,1,
urgent,noFLC,41,3,338.6513530555216,397.0,413.0,4.030226700251889,0,103.15540000010515,4000,None,None,0,10,1,1,
urgent,noAW,41,3,338.6513530555216,360.0,406.0,12.777777777777777,0,102.49019999901066,4000,None,None,0,10,1,1,
urgent,noFLC,42,3,338.6513530555216,371.0,415.0,11.859838274932615,0,105.47460000088904,4000,None,None,0,10,1,1,
urgent,noAW,42,3,338.6513530555216,299.0,480.0,60.535117056856194,0,97.2213000022748,4000,None,None,0,10,1,1,
urgent,noFLC,43,3,338.6513530555216,291.0,394.0,35.39518900343643,0,95.57439999844064,4000,None,None,0,10,1,1,
urgent,noAW,43,3,338.6513530555216,326.0,395.0,21.165644171779142,0,97.57909999825642,4000,None,None,0,10,1,1,
urgent,noFLC,44,3,338.6513530555216,305.0,435.0,42.62295081967213,0,93.15169999899808,4000,None,None,0,10,1,1,
urgent,noAW,44,3,338.6513530555216,313.0,440.0,40.57507987220447,0,93.35520000240649,4000,None,None,0,10,1,1,
urgent,noFLC,45,3,338.6513530555216,342.0,398.0,16.374269005847953,0,90.30189999975846,4000,None,None,0,10,1,1,
urgent,noAW,45,3,338.6513530555216,304.0,405.0,33.223684210526315,0,93.42230000038398,4000,None,None,0,10,1,1,
urgent,noFLC,46,3,338.6513530555216,300.0,453.0,51.0,0,92.32150000025285,4000,None,None,0,10,1,1,
urgent,noAW,46,3,338.6513530555216,293.0,410.0,39.93174061433447,0,96.61870000127237,4000,None,None,0,10,1,1,
urgent,noFLC,47,3,338.6513530555216,312.0,427.0,36.858974358974365,0,100.53750000224682,4000,None,None,0,10,1,1,
urgent,noAW,47,3,338.6513530555216,287.0,404.0,40.76655052264808,0,97.16549999939161,4000,None,None,0,10,1,1,
urgent,noFLC,48,3,338.6513530555216,315.0,399.0,26.666666666666668,0,97.06200000073295,4000,None,None,0,10,1,1,
urgent,noAW,48,3,338.6513530555216,322.0,433.0,34.47204968944099,0,96.41990000091027,4000,None,None,0,10,1,1,
urgent,noFLC,49,3,338.6513530555216,310.0,451.0,45.483870967741936,0,92.74179999920307,4000,None,None,0,10,1,1,
urgent,noAW,49,3,338.6513530555216,364.0,431.0,18.40659340659341,0,95.78469999905792,4000,None,None,0,10,1,1,
urgent,noFLC,50,3,338.6513530555216,348.0,475.0,36.49425287356322,0,94.34060000057798,4000,None,None,0,10,1,1,
urgent,noAW,50,3,338.6513530555216,348.0,405.0,16.379310344827587,0,93.55299999879207,4000,None,None,0,10,1,1,
urgent,noFLC,51,3,338.6513530555216,282.0,431.0,52.836879432624116,0,93.09880000000703,4000,None,None,0,10,1,1,
urgent,noAW,51,3,338.6513530555216,361.0,400.0,10.80332409972299,0,97.45710000061081,4000,None,None,0,10,1,1,
urgent,noFLC,52,3,338.6513530555216,324.0,403.0,24.382716049382715,0,96.45969999837689,4000,None,None,0,10,1,1,
urgent,noAW,52,3,338.6513530555216,302.0,402.0,33.11258278145696,0,105.1311999981408,4000,None,None,0,10,1,1,
urgent,noFLC,53,3,338.6513530555216,396.0,399.0,0.7575757575757576,0,106.71240000010584,4000,None,None,0,10,1,1,
urgent,noAW,53,3,338.6513530555216,323.0,440.0,36.22291021671827,0,102.31289999865112,4000,None,None,0,10,1,1,
urgent,noFLC,54,3,338.6513530555216,352.0,404.0,14.772727272727273,0,106.54620000059367,4000,None,None,0,10,1,1,
urgent,noAW,54,3,338.6513530555216,597.0,494.0,-17.252931323283082,0,111.78060000020196,4000,None,None,0,10,1,1,
urgent,noFLC,55,3,338.6513530555216,359.0,416.0,15.87743732590529,0,107.89500000100816,4000,None,None,0,10,1,1,
urgent,noAW,55,3,338.6513530555216,291.0,396.0,36.08247422680412,0,104.71740000139107,4000,None,None,0,10,1,1,
urgent,noFLC,56,3,338.6513530555216,342.0,407.0,19.005847953216374,0,103.80409999925178,4000,None,None,0,10,1,1,
urgent,noAW,56,3,338.6513530555216,308.0,409.0,32.7922077922078,0,99.75950000080047,4000,None,None,0,10,1,1,
urgent,noFLC,57,3,338.6513530555216,277.0,452.0,63.1768953068592,0,98.74399999898742,4000,None,None,0,10,1,1,
urgent,noAW,57,3,338.6513530555216,286.0,422.0,47.55244755244755,0,88.16990000195801,4000,None,None,0,10,1,1,
urgent,noFLC,58,3,338.6513530555216,307.0,410.0,33.55048859934853,0,86.26790000198525,4000,None,None,0,10,1,1,
urgent,noAW,58,3,338.6513530555216,431.0,513.0,19.02552204176334,0,95.78540000075009,4000,None,None,0,10,1,1,
urgent,noFLC,59,3,338.6513530555216,292.0,445.0,52.3972602739726,0,89.11480000097072,4000,None,None,0,10,1,1,
urgent,noAW,59,3,338.6513530555216,301.0,441.0,46.51162790697674,0,91.39449999929639,4000,None,None,0,10,1,1,
urgent,noFLC,60,3,338.6513530555216,353.0,403.0,14.164305949008499,0,88.71440000075381,4000,None,None,0,10,1,1,
urgent,noAW,60,3,338.6513530555216,342.0,410.0,19.883040935672515,0,89.90979999725823,4000,None,None,0,10,1,1,
urgent,noFLC,31,4,306.0225707987863,270.0,370.0,37.03703703703704,0,90.73750000243308,4000,None,None,0,10,1,1,
urgent,noAW,31,4,306.0225707987863,314.0,364.0,15.92356687898089,0,98.00720000203,4000,None,None,0,10,1,1,
urgent,noFLC,32,4,306.0225707987863,292.0,367.0,25.684931506849317,0,89.32379999896511,4000,None,None,0,10,1,1,
urgent,noAW,32,4,306.0225707987863,351.0,372.0,5.982905982905983,0,96.1128999988432,4000,None,None,0,10,1,1,
urgent,noFLC,33,4,306.0225707987863,328.0,395.0,20.426829268292682,0,87.93900000091526,4000,None,None,0,10,1,1,
urgent,noAW,33,4,306.0225707987863,300.0,364.0,21.333333333333336,0,96.91219999876921,4000,None,None,0,10,1,1,
urgent,noFLC,34,4,306.0225707987863,307.0,374.0,21.824104234527688,0,96.12900000138325,4000,None,None,0,10,1,1,
urgent,noAW,34,4,306.0225707987863,392.0,392.0,0.0,0,97.4287999997614,4000,None,None,0,10,1,1,
urgent,noFLC,35,4,306.0225707987863,351.0,367.0,4.5584045584045585,0,93.914400000358,4000,None,None,0,10,1,1,
urgent,noAW,35,4,306.0225707987863,308.0,360.0,16.883116883116884,0,96.46620000057737,4000,None,None,0,10,1,1,
urgent,noFLC,36,4,306.0225707987863,366.0,446.0,21.85792349726776,0,95.06889999829582,4000,None,None,0,10,1,1,
urgent,noAW,36,4,306.0225707987863,331.0,435.0,31.419939577039273,0,90.51259999978356,4000,None,None,0,10,1,1,
urgent,noFLC,37,4,306.0225707987863,339.0,364.0,7.374631268436578,0,96.83599999698345,4000,None,None,0,10,1,1,
urgent,noAW,37,4,306.0225707987863,311.0,364.0,17.041800643086816,0,98.43540000292705,4000,None,None,0,10,1,1,
urgent,noFLC,38,4,306.0225707987863,322.0,440.0,36.64596273291926,0,99.90269999980228,4000,None,None,0,10,1,1,
urgent,noAW,38,4,306.0225707987863,417.0,390.0,-6.474820143884892,0,101.62979999950039,4000,None,None,0,10,1,1,
urgent,noFLC,39,4,306.0225707987863,314.0,384.0,22.29299363057325,0,98.43669999827398,4000,None,None,0,10,1,1,
urgent,noAW,39,4,306.0225707987863,355.0,380.0,7.042253521126761,0,99.15199999886681,4000,None,None,0,10,1,1,
urgent,noFLC,40,4,306.0225707987863,270.0,408.0,51.11111111111111,0,101.61109999899054,4000,None,None,0,10,1,1,
urgent,noAW,40,4,306.0225707987863,358.0,360.0,0.5586592178770949,0,99.93360000225948,4000,None,None,0,10,1,1,
urgent,noFLC,41,4,306.0225707987863,397.0,381.0,-4.030226700251889,0,100.39830000096117,4000,None,None,0,10,1,1,
urgent,noAW,41,4,306.0225707987863,360.0,374.0,3.888888888888889,0,101.11239999969257,4000,None,None,0,10,1,1,
urgent,noFLC,42,4,306.0225707987863,371.0,448.0,20.754716981132077,0,97.93609999906039,4000,None,None,0,10,1,1,
urgent,noAW,42,4,306.0225707987863,299.0,454.0,51.83946488294314,0,102.41469999891706,4000,None,None,0,10,1,1,
urgent,noFLC,43,4,306.0225707987863,291.0,362.0,24.398625429553263,0,100.95670000009704,4000,None,None,0,10,1,1,
urgent,noAW,43,4,306.0225707987863,326.0,360.0,10.429447852760736,0,98.74219999983325,4000,None,None,0,10,1,1,
urgent,noFLC,44,4,306.0225707987863,305.0,403.0,32.131147540983605,0,93.2585000009567,4000,None,None,0,10,1,1,
urgent,noAW,44,4,306.0225707987863,313.0,435.0,38.977635782747605,0,101.14350000003469,4000,None,None,0,10,1,1,
urgent,noFLC,45,4,306.0225707987863,342.0,366.0,7.017543859649122,0,97.66480000325828,4000,None,None,0,10,1,1,
urgent,noAW,45,4,306.0225707987863,304.0,373.0,22.697368421052634,0,95.08920000007492,4000,None,None,0,10,1,1,
urgent,noFLC,46,4,306.0225707987863,300.0,365.0,21.666666666666668,0,99.69049999926938,4000,None,None,0,10,1,1,
urgent,noAW,46,4,306.0225707987863,293.0,372.0,26.96245733788396,0,98.4130999968329,4000,None,None,0,10,1,1,
urgent,noFLC,47,4,306.0225707987863,312.0,395.0,26.602564102564102,0,98.91040000002249,4000,None,None,0,10,1,1,
urgent,noAW,47,4,306.0225707987863,287.0,395.0,37.63066202090592,0,96.64239999983693,4000,None,None,0,10,1,1,
urgent,noFLC,48,4,306.0225707987863,315.0,367.0,16.507936507936506,0,92.10199999870383,4000,None,None,0,10,1,1,
urgent,noAW,48,4,306.0225707987863,322.0,416.0,29.19254658385093,0,98.26569999859203,4000,None,None,0,10,1,1,
urgent,noFLC,49,4,306.0225707987863,310.0,419.0,35.16129032258065,0,94.2449000031047,4000,None,None,0,10,1,1,
urgent,noAW,49,4,306.0225707987863,364.0,431.0,18.40659340659341,0,100.44179999749758,4000,None,None,0,10,1,1,
urgent,noFLC,50,4,306.0225707987863,348.0,370.0,6.321839080459771,0,99.68420000222977,4000,None,None,0,10,1,1,
urgent,noAW,50,4,306.0225707987863,348.0,369.0,6.0344827586206895,0,103.2322999999451,4000,None,None,0,10,1,1,
urgent,noFLC,51,4,306.0225707987863,282.0,399.0,41.48936170212766,0,96.5864000027068,4000,None,None,0,10,1,1,
urgent,noAW,51,4,306.0225707987863,361.0,391.0,8.310249307479225,0,99.93390000090585,4000,None,None,0,10,1,1,
urgent,noFLC,52,4,306.0225707987863,324.0,371.0,14.506172839506174,0,102.14400000040769,4000,None,None,0,10,1,1,
urgent,noAW,52,4,306.0225707987863,302.0,370.0,22.516556291390728,0,97.88050000133808,4000,None,None,0,10,1,1,
urgent,noFLC,53,4,306.0225707987863,396.0,393.0,-0.7575757575757576,0,103.10790000221459,4000,None,None,0,10,1,1,
urgent,noAW,53,4,306.0225707987863,323.0,408.0,26.31578947368421,0,100.37809999994352,4000,None,None,0,10,1,1,
urgent,noFLC,54,4,306.0225707987863,352.0,421.0,19.602272727272727,0,98.43629999886616,4000,None,None,0,10,1,1,
urgent,noAW,54,4,306.0225707987863,597.0,465.0,-22.110552763819097,0,110.8289000003424,4000,None,None,0,10,1,1,
urgent,noFLC,55,4,306.0225707987863,359.0,431.0,20.055710306406684,0,100.41719999935594,4000,None,None,0,10,1,1,
urgent,noAW,55,4,306.0225707987863,291.0,364.0,25.085910652920962,0,104.28759999922477,4000,None,None,0,10,1,1,
urgent,noFLC,56,4,306.0225707987863,342.0,375.0,9.649122807017543,0,97.75070000250707,4000,None,None,0,10,1,1,
urgent,noAW,56,4,306.0225707987863,308.0,378.0,22.727272727272727,0,98.51160000107484,4000,None,None,0,10,1,1,
urgent,noFLC,57,4,306.0225707987863,277.0,420.0,51.624548736462096,0,98.79469999941648,4000,None,None,0,10,1,1,
urgent,noAW,57,4,306.0225707987863,286.0,393.0,37.41258741258741,0,99.5621999973082,4000,None,None,0,10,1,1,
urgent,noFLC,58,4,306.0225707987863,307.0,378.0,23.12703583061889,0,95.68430000217631,4000,None,None,0,10,1,1,
urgent,noAW,58,4,306.0225707987863,431.0,498.0,15.54524361948956,0,105.2906000004441,4000,None,None,0,10,1,1,
urgent,noFLC,59,4,306.0225707987863,292.0,413.0,41.43835616438356,0,96.32919999785372,4000,None,None,0,10,1,1,
urgent,noAW,59,4,306.0225707987863,301.0,372.0,23.588039867109632,0,99.79630000088946,4000,None,None,0,10,1,1,
urgent,noFLC,60,4,306.0225707987863,353.0,379.0,7.365439093484419,0,98.84529999908409,4000,None,None,0,10,1,1,
urgent,noAW,60,4,306.0225707987863,342.0,415.0,21.34502923976608,0,97.50369999892428,4000,None,None,0,10,1,1,
