seed,variant,row,f1,f2,f3,f4,knee
1,Full,0,333.99999999999994,2396.3343840295693,1378.1666666666667,0.0,0
1,Full,1,338.6666666666667,2397.2449273436955,1375.1666666666667,0.0,0
1,Full,2,313.66666666666663,2416.4123662388306,1358.6666666666667,0.0,0
1,Full,3,348.0,2368.454633585638,1378.8333333333335,0.0,0
1,Full,4,313.66666666666663,2398.7515021475597,1368.6666666666665,0.0,0
1,Full,5,287.0,2414.8142922444517,1374.0,0.0,0
1,Full,6,340.66666666666663,2377.583706233385,1367.8333333333333,0.0,0
1,Full,7,330.0,2357.8068153187414,1402.1666666666665,0.0,0
1,Full,8,331.6666666666667,2382.302954757715,1383.3333333333333,0.0,0
1,Full,9,348.0,2351.701433924551,1381.6666666666667,0.0,0
1,Full,10,313.66666666666663,2398.7515021475597,1368.6666666666665,0.0,0
1,Full,11,348.0,2351.701433924551,1381.6666666666667,0.0,0
1,Full,12,372.0,2410.996718337117,1366.1666666666667,0.0,0
1,Full,13,313.66666666666663,2383.484964523099,1385.3333333333335,0.0,0
1,Full,14,320.6666666666667,2355.1696159687067,1411.6666666666667,0.0,0
1,Full,15,326.0,2338.215353086896,1411.6666666666667,0.0,0
1,Full,16,313.66666666666663,2521.3777670952954,1357.1666666666665,0.0,0
1,Full,17,338.66666666666663,2392.300106974386,1382.5,0.0,0
1,Full,18,338.6666666666667,2374.8542317197507,1379.5,0.0,0
1,Full,19,338.6666666666667,2397.2449273436955,1375.1666666666667,0.0,0
1,Full,20,320.6666666666667,2359.5569292458686,1393.5,0.0,0
1,Full,21,319.3333333333333,2371.462607432849,1388.5,0.0,0
1,Full,22,330.0,2357.8068153187414,1402.1666666666665,0.0,0
1,Full,23,287.0,2414.8142922444517,1374.0,0.0,0
1,Full,24,331.6666666666667,2370.03607252825,1389.8333333333335,0.0,0
1,-health,0,302.6666666666667,2063.543923229432,1350.8333333333333,0.0,0
1,-health,1,302.6666666666667,2063.543923229432,1350.8333333333333,0.0,0
1,-health,2,307.0,2097.5424787849875,1344.3333333333333,0.0,0
1,-health,3,307.0,1998.7663302804656,1348.0,0.0,0
1,-health,4,302.6666666666667,2063.543923229432,1350.8333333333333,0.0,0
1,-health,5,295.3333333333333,2034.4537313344842,1361.0,0.0,0
1,-health,6,302.6666666666667,2063.543923229432,1350.8333333333333,0.0,0
1,-health,7,311.66666666666663,2046.0994043545397,1346.8333333333335,0.0,0
1,-health,8,300.66666666666663,2095.7105158220243,1350.5000000000002,0.0,0
1,-health,9,302.6666666666667,2063.543923229432,1350.8333333333333,0.0,0
1,-health,10,302.6666666666667,2063.543923229432,1350.8333333333333,0.0,0
1,-health,11,307.0,2076.2095528590617,1346.1666666666667,0.0,0
1,-health,12,344.6666666666667,1973.857737687873,1384.3333333333333,0.0,0
1,-health,13,307.0,1981.9920474190133,1354.8333333333333,0.0,0
1,-health,14,344.6666666666667,1973.1913673175027,1385.6666666666665,0.0,0
1,-health,15,295.0,2066.231681652518,1351.8333333333333,0.0,0
1,-health,16,300.66666666666663,2095.7105158220243,1350.5000000000002,0.0,0
1,-health,17,292.6666666666667,2081.7138887957653,1357.0,0.0,0
1,-health,18,307.0,2062.042997303506,1346.6666666666667,0.0,0
1,-health,19,302.6666666666667,2063.543923229432,1350.8333333333333,0.0,0
1,-health,20,295.0,2066.231681652518,1351.8333333333333,0.0,0
1,-health,21,311.66666666666663,2046.0994043545397,1346.8333333333335,0.0,0
1,-health,22,303.66666666666663,2049.433811761947,1351.6666666666667,0.0,0
1,-health,23,302.6666666666667,2063.543923229432,1350.8333333333333,0.0,0
1,-health,24,344.6666666666667,1973.857737687873,1384.3333333333333,0.0,0
1,-health,25,339.6666666666667,1978.6528774582853,1394.8333333333333,0.0,1
1,-health,26,302.6666666666667,2063.543923229432,1350.8333333333333,0.0,0
1,-health,27,295.3333333333333,2034.4537313344842,1361.0,0.0,0
1,-health,28,302.6666666666667,2106.8766269331354,1347.9999999999998,0.0,0
1,-adaptW,0,345.3333333333333,2488.8664330732677,1346.8333333333333,0.0,0
1,-adaptW,1,299.00000000000006,2346.217861043958,1371.0000000000002,0.0,0
1,-adaptW,2,299.66666666666663,2333.9110001546633,1372.1666666666667,0.0,0
1,-adaptW,3,305.0,2359.040303569667,1367.8333333333333,0.0,0
1,-adaptW,4,282.33333333333337,2381.084456147745,1369.1666666666667,0.0,0
1,-adaptW,5,295.3333333333333,2405.9627729983786,1349.3333333333333,0.0,0
1,-adaptW,6,328.0,2345.1645545944884,1369.8333333333335,0.0,0
1,-adaptW,7,285.0,2388.3648859645004,1353.5,0.0,0
1,-adaptW,8,285.66666666666663,2364.0706704246218,1360.3333333333335,0.0,0
1,-adaptW,9,295.3333333333333,2376.844626364412,1355.5,0.0,0
1,-adaptW,10,345.3333333333333,2488.8664330732677,1346.8333333333333,0.0,0
1,-adaptW,11,285.0,2381.7857737376594,1354.1666666666667,0.0,0
1,-adaptW,12,295.3333333333333,2405.9627729983786,1349.3333333333333,0.0,0
1,-adaptW,13,285.0,2388.3648859645004,1353.5,0.0,0
1,-adaptW,14,362.99999999999994,2307.2265053262154,1385.6666666666667,0.0,1
1,-adaptW,15,295.3333333333333,2376.844626364412,1355.5,0.0,0
1,-adaptW,16,299.00000000000006,2346.217861043958,1371.0000000000002,0.0,0
1,-adaptW,17,282.33333333333337,2381.6702328097927,1361.8333333333335,0.0,0
1,-adaptW,18,295.3333333333333,2376.844626364412,1355.5,0.0,0
1,-adaptW,19,299.66666666666663,2325.20486185675,1376.1666666666667,0.0,0
1,-adaptW,20,332.3333333333333,2314.517329991265,1376.0,0.0,0
1,-adaptW,21,299.00000000000006,2343.218231414328,1372.6666666666667,0.0,0
1,-adaptW,22,285.66666666666663,2364.0706704246218,1360.3333333333335,0.0,0
1,-impAstar,0,333.99999999999994,2396.3343840295693,1378.1666666666667,0.0,0
1,-impAstar,1,338.6666666666667,2397.2449273436955,1375.1666666666667,0.0,0
1,-impAstar,2,313.66666666666663,2416.4123662388306,1358.6666666666667,0.0,0
1,-impAstar,3,348.0,2368.454633585638,1378.8333333333335,0.0,0
1,-impAstar,4,313.66666666666663,2398.7515021475597,1368.6666666666665,0.0,1
1,-impAstar,5,287.0,2414.8142922444517,1374.0,0.0,0
1,-impAstar,6,340.66666666666663,2377.583706233385,1367.8333333333333,0.0,0
1,-impAstar,7,330.0,2357.8068153187414,1402.1666666666665,0.0,0
1,-impAstar,8,331.6666666666667,2382.302954757715,1383.3333333333333,0.0,0
1,-impAstar,9,348.0,2351.701433924551,1381.6666666666667,0.0,0
1,-impAstar,10,313.66666666666663,2398.7515021475597,1368.6666666666665,0.0,0
1,-impAstar,11,348.0,2351.701433924551,1381.6666666666667,0.0,0
1,-impAstar,12,372.0,2410.996718337117,1366.1666666666667,0.0,0
1,-impAstar,13,313.66666666666663,2383.484964523099,1385.3333333333335,0.0,0
1,-impAstar,14,320.6666666666667,2355.1696159687067,1411.6666666666667,0.0,0
1,-impAstar,15,326.0,2338.215353086896,1411.6666666666667,0.0,0
1,-impAstar,16,313.66666666666663,2521.3777670952954,1357.1666666666665,0.0,0
1,-impAstar,17,338.66666666666663,2392.300106974386,1382.5,0.0,0
1,-impAstar,18,338.6666666666667,2374.8542317197507,1379.5,0.0,0
1,-impAstar,19,338.6666666666667,2397.2449273436955,1375.1666666666667,0.0,0
1,-impAstar,20,320.6666666666667,2359.5569292458686,1393.5,0.0,0
1,-impAstar,21,319.3333333333333,2371.462607432849,1388.5,0.0,0
1,-impAstar,22,330.0,2357.8068153187414,1402.1666666666665,0.0,0
1,-impAstar,23,287.0,2414.8142922444517,1374.0,0.0,0
1,-impAstar,24,331.6666666666667,2370.03607252825,1389.8333333333335,0.0,0
1,-closedLoop,0,333.99999999999994,2396.3343840295693,1378.1666666666667,0.0,0
1,-closedLoop,1,338.6666666666667,2397.2449273436955,1375.1666666666667,0.0,0
1,-closedLoop,2,313.66666666666663,2416.4123662388306,1358.6666666666667,0.0,0
1,-closedLoop,3,348.0,2368.454633585638,1378.8333333333335,0.0,0
1,-closedLoop,4,313.66666666666663,2398.7515021475597,1368.6666666666665,0.0,0
1,-closedLoop,5,287.0,2414.8142922444517,1374.0,0.0,0
1,-closedLoop,6,340.66666666666663,2377.583706233385,1367.8333333333333,0.0,0
1,-closedLoop,7,330.0,2357.8068153187414,1402.1666666666665,0.0,0
1,-closedLoop,8,331.6666666666667,2382.302954757715,1383.3333333333333,0.0,0
1,-closedLoop,9,348.0,2351.701433924551,1381.6666666666667,0.0,0
1,-closedLoop,10,313.66666666666663,2398.7515021475597,1368.6666666666665,0.0,0
1,-closedLoop,11,348.0,2351.701433924551,1381.6666666666667,0.0,0
1,-closedLoop,12,372.0,2410.996718337117,1366.1666666666667,0.0,0
1,-closedLoop,13,313.66666666666663,2383.484964523099,1385.3333333333335,0.0,0
1,-closedLoop,14,320.6666666666667,2355.1696159687067,1411.6666666666667,0.0,0
1,-closedLoop,15,326.0,2338.215353086896,1411.6666666666667,0.0,0
1,-closedLoop,16,313.66666666666663,2521.3777670952954,1357.1666666666665,0.0,0
1,-closedLoop,17,338.66666666666663,2392.300106974386,1382.5,0.0,0
1,-closedLoop,18,338.6666666666667,2374.8542317197507,1379.5,0.0,0
1,-closedLoop,19,338.6666666666667,2397.2449273436955,1375.1666666666667,0.0,0
1,-closedLoop,20,320.6666666666667,2359.5569292458686,1393.5,0.0,0
1,-closedLoop,21,319.3333333333333,2371.462607432849,1388.5,0.0,0
1,-closedLoop,22,330.0,2357.8068153187414,1402.1666666666665,0.0,0
1,-closedLoop,23,287.0,2414.8142922444517,1374.0,0.0,0
1,-closedLoop,24,331.6666666666667,2370.03607252825,1389.8333333333335,0.0,0
1,hard-only,0,302.6666666666667,2063.543923229432,1350.8333333333333,0.0,0
1,hard-only,1,302.6666666666667,2063.543923229432,1350.8333333333333,0.0,0
1,hard-only,2,307.0,2097.5424787849875,1344.3333333333333,0.0,0
1,hard-only,3,307.0,1998.7663302804656,1348.0,0.0,0
1,hard-only,4,302.6666666666667,2063.543923229432,1350.8333333333333,0.0,0
1,hard-only,5,295.3333333333333,2034.4537313344842,1361.0,0.0,0
1,hard-only,6,302.6666666666667,2063.543923229432,1350.8333333333333,0.0,0
1,hard-only,7,311.66666666666663,2046.0994043545397,1346.8333333333335,0.0,0
1,hard-only,8,300.66666666666663,2095.7105158220243,1350.5000000000002,0.0,0
1,hard-only,9,302.6666666666667,2063.543923229432,1350.8333333333333,0.0,0
1,hard-only,10,302.6666666666667,2063.543923229432,1350.8333333333333,0.0,0
1,hard-only,11,307.0,2076.2095528590617,1346.1666666666667,0.0,0
1,hard-only,12,344.6666666666667,1973.857737687873,1384.3333333333333,0.0,0
1,hard-only,13,307.0,1981.9920474190133,1354.8333333333333,0.0,0
1,hard-only,14,344.6666666666667,1973.1913673175027,1385.6666666666665,0.0,0
1,hard-only,15,295.0,2066.231681652518,1351.8333333333333,0.0,0
1,hard-only,16,300.66666666666663,2095.7105158220243,1350.5000000000002,0.0,0
1,hard-only,17,292.6666666666667,2081.7138887957653,1357.0,0.0,0
1,hard-only,18,307.0,2062.042997303506,1346.6666666666667,0.0,0
1,hard-only,19,302.6666666666667,2063.543923229432,1350.8333333333333,0.0,0
1,hard-only,20,295.0,2066.231681652518,1351.8333333333333,0.0,0
1,hard-only,21,311.66666666666663,2046.0994043545397,1346.8333333333335,0.0,0
1,hard-only,22,303.66666666666663,2049.433811761947,1351.6666666666667,0.0,0
1,hard-only,23,302.6666666666667,2063.543923229432,1350.8333333333333,0.0,0
1,hard-only,24,344.6666666666667,1973.857737687873,1384.3333333333333,0.0,0
1,hard-only,25,339.6666666666667,1978.6528774582853,1394.8333333333333,0.0,1
1,hard-only,26,302.6666666666667,2063.543923229432,1350.8333333333333,0.0,0
1,hard-only,27,295.3333333333333,2034.4537313344842,1361.0,0.0,0
1,hard-only,28,302.6666666666667,2106.8766269331354,1347.9999999999998,0.0,0
1,GA-SA-multiSoH,0,290.3333333333333,2337.099268565971,1325.8333333333335,0.0,1
2,Full,0,320.6666666666667,2337.4580902787015,1285.3333333333335,0.0,0
2,Full,1,300.66666666666663,2146.9834011537077,1340.166666666667,0.0,0
2,Full,2,323.3333333333333,2243.728025594883,1288.1666666666665,0.0,0
2,Full,3,313.3333333333333,2107.804523172583,1340.9999999999998,0.0,0
2,Full,4,297.3333333333333,2169.02971225194,1318.0000000000002,0.0,0
2,Full,5,320.6666666666667,2337.4580902787015,1285.3333333333335,0.0,0
2,Full,6,301.0,2142.219129678685,1321.8333333333333,0.0,0
2,Full,7,292.66666666666663,2168.0090743114993,1327.1666666666667,0.0,0
2,Full,8,311.6666666666667,2179.1291159822194,1314.6666666666667,0.0,0
2,Full,9,320.6666666666667,2380.0411273157383,1284.0,0.0,0
2,Full,10,297.3333333333333,2169.02971225194,1318.0000000000002,0.0,0
2,Full,11,288.6666666666667,2183.3665062786436,1319.333333333333,0.0,0
2,Full,12,313.3333333333333,2109.221660079919,1338.3333333333333,0.0,0
2,Full,13,300.66666666666663,2179.27659191349,1312.8333333333335,0.0,0
2,Full,14,295.6666666666667,2170.165678521704,1325.6666666666665,0.0,0
2,Full,15,313.3333333333333,2110.9632984873397,1335.6666666666665,0.0,0
2,Full,16,300.66666666666663,2133.888155701313,1348.0,0.0,0
2,Full,17,301.0,2130.2723194476716,1330.6666666666667,0.0,0
2,Full,18,300.66666666666663,2133.888155701313,1348.0,0.0,0
2,Full,19,301.0,2142.219129678685,1321.8333333333333,0.0,0
2,Full,20,326.66666666666663,2184.412118207342,1308.5000000000002,0.0,0
2,Full,21,301.0,2142.219129678685,1321.8333333333333,0.0,0
2,Full,22,336.33333333333337,2119.6657049017545,1309.6666666666667,0.0,0
2,Full,23,318.0,2168.747845347882,1311.8333333333335,0.0,0
2,Full,24,313.3333333333333,2110.9632984873397,1335.6666666666665,0.0,0
2,Full,25,301.0,2135.691706179367,1329.6666666666665,0.0,0
2,Full,26,294.6666666666667,2177.0850005100538,1325.0,0.0,0
2,Full,27,318.0,2168.747845347882,1311.8333333333335,0.0,0
2,Full,28,336.33333333333337,2119.6657049017545,1309.6666666666667,0.0,0
2,Full,29,296.66666666666663,2145.980130913358,1350.8333333333335,0.0,0
2,Full,30,301.0,2142.219129678685,1321.8333333333333,0.0,0
2,Full,31,309.6666666666667,2089.9095050748833,1342.0,0.0,0
2,Full,32,323.3333333333333,2130.194097653409,1327.0000000000002,0.0,0
2,Full,33,288.6666666666667,2184.4621553514353,1288.6666666666665,0.0,0
2,-health,0,297.0,1982.3246670345634,1276.0,0.0,0
2,-health,1,291.3333333333333,1861.121080496507,1280.5,0.0,1
2,-health,2,302.0,1851.805702399086,1294.6666666666667,0.0,0
2,-health,3,291.3333333333333,1861.121080496507,1280.5,0.0,0
2,-health,4,306.0,1821.2579493476019,1296.5000000000002,0.0,0
2,-health,5,297.0,1982.3246670345634,1276.0,0.0,0
2,-health,6,308.66666666666663,1806.2601779035654,1314.0,0.0,0
2,-health,7,286.3333333333333,1934.72271836678,1288.1666666666667,0.0,0
2,-health,8,325.0,1934.7858953113216,1272.1666666666667,0.0,0
2,-health,9,289.3333333333333,1898.32506921069,1278.1666666666667,0.0,0
2,-health,10,291.3333333333333,1847.3549353885599,1306.166666666667,0.0,0
2,-health,11,343.66666666666663,2011.5358212372475,1271.8333333333335,0.0,0
2,-health,12,308.66666666666663,1829.8324049189014,1289.8333333333333,0.0,0
2,-health,13,302.0,1841.4583302031228,1298.8333333333333,0.0,0
2,-health,14,297.0,1982.3246670345634,1276.0,0.0,0
2,-health,15,308.66666666666663,1827.9599415301486,1293.3333333333333,0.0,0
2,-health,16,287.0,1904.9472570933065,1313.166666666667,0.0,0
2,-health,17,286.3333333333333,1934.72271836678,1288.1666666666667,0.0,0
2,-health,18,288.3333333333333,1886.233371244657,1291.8333333333335,0.0,0
2,-health,19,297.0,1982.3246670345634,1276.0,0.0,0
2,-health,20,288.3333333333333,1886.233371244657,1291.8333333333335,0.0,0
2,-health,21,303.0,1847.5653032466826,1293.0,0.0,0
2,-health,22,306.0,1821.2579493476019,1296.5000000000002,0.0,0
2,-health,23,287.0,1904.9472570933065,1313.166666666667,0.0,0
2,-health,24,299.66666666666663,1822.857265781248,1318.8333333333335,0.0,0
2,-health,25,290.0,1858.9850538013945,1311.3333333333333,0.0,0
2,-health,26,291.3333333333333,1847.5353201051869,1296.6666666666667,0.0,0
2,-health,27,291.3333333333333,1837.5299875116193,1312.1666666666667,0.0,0
2,-health,28,282.0,2016.1071800242378,1297.1666666666667,0.0,0
2,-health,29,302.0,1822.4506880085605,1302.9999999999998,0.0,0
2,-health,30,289.0,1874.1133825304744,1297.166666666667,0.0,0
2,-health,31,306.0,1821.2579493476019,1296.5000000000002,0.0,0
2,-health,32,289.3333333333333,1902.1215608953535,1278.0,0.0,0
2,-health,33,289.3333333333333,1879.7703289979024,1295.3333333333333,0.0,0
2,-health,34,289.3333333333333,1882.2225814052451,1280.6666666666667,0.0,0
2,-adaptW,0,290.33333333333337,2272.187398176443,1315.0,0.0,0
2,-adaptW,1,291.3333333333333,2254.2059803157395,1312.5000000000002,0.0,0
2,-adaptW,2,296.3333333333333,2201.9426946989643,1311.3333333333335,0.0,0
2,-adaptW,3,295.3333333333333,2229.227334575389,1309.8333333333335,0.0,0
2,-adaptW,4,296.3333333333333,2201.9426946989643,1311.3333333333335,0.0,0
2,-adaptW,5,312.0,2210.4408798841496,1303.1666666666667,0.0,0
2,-adaptW,6,290.33333333333337,2272.187398176443,1315.0,0.0,0
2,-adaptW,7,291.3333333333333,2254.2059803157395,1312.5000000000002,0.0,0
2,-adaptW,8,296.3333333333333,2205.9417317360017,1307.0,0.0,0
2,-adaptW,9,291.3333333333333,2251.8951123531665,1314.8333333333335,0.0,0
2,-adaptW,10,300.3333333333333,2184.276324328594,1312.666666666667,0.0,0
2,-adaptW,11,296.3333333333333,2212.075226850387,1303.0,0.0,0
2,-adaptW,12,293.6666666666667,2171.6472433381214,1315.5,0.0,0
2,-adaptW,13,288.3333333333333,2225.5720186461267,1317.5000000000002,0.0,0
2,-adaptW,14,291.3333333333333,2254.2059803157395,1312.5000000000002,0.0,0
2,-adaptW,15,326.0,2145.8242050022186,1357.0,0.0,1
2,-adaptW,16,326.6666666666667,2247.50912312834,1290.0000000000002,0.0,0
2,-adaptW,17,300.3333333333333,2195.5207303993957,1307.6666666666667,0.0,0
2,-adaptW,18,293.6666666666667,2170.711910730067,1322.0000000000002,0.0,0
2,-adaptW,19,293.6666666666667,2231.0260013198695,1309.8333333333335,0.0,0
2,-adaptW,20,300.3333333333333,2184.276324328594,1312.666666666667,0.0,0
2,-adaptW,21,288.3333333333333,2225.5720186461267,1317.5000000000002,0.0,0
2,-adaptW,22,304.0,2210.8354390576023,1301.8333333333335,0.0,0
2,-adaptW,23,293.6666666666667,2231.0260013198695,1309.8333333333335,0.0,0
2,-adaptW,24,293.0,2268.957153627589,1310.666666666667,0.0,0
2,-adaptW,25,326.0,2151.1562050022185,1351.0000000000002,0.0,0
2,-adaptW,26,288.3333333333333,2225.5720186461267,1317.5000000000002,0.0,0
2,-adaptW,27,300.3333333333333,2184.276324328594,1312.666666666667,0.0,0
2,-adaptW,28,323.0,2170.589169637392,1331.6666666666667,0.0,0
2,-adaptW,29,295.3333333333333,2242.4411393271716,1294.1666666666667,0.0,0
2,-adaptW,30,300.3333333333333,2156.260174267107,1333.3333333333335,0.0,0
2,-adaptW,31,296.3333333333333,2194.8764292485853,1312.3333333333333,0.0,0
2,-adaptW,32,293.0,2268.957153627589,1310.666666666667,0.0,0
2,-adaptW,33,340.3333333333333,2237.7773249944153,1296.5000000000002,0.0,0
2,-adaptW,34,293.0,2289.137709943396,1310.1666666666667,0.0,0
2,-adaptW,35,295.66666666666663,2207.801808858426,1313.8333333333333,0.0,0
2,-adaptW,36,291.66666666666663,2208.7610289799554,1311.8333333333335,0.0,0
2,-adaptW,37,295.66666666666663,2222.3927419827965,1304.1666666666667,0.0,0
2,-impAstar,0,320.6666666666667,2337.4580902787015,1285.3333333333335,0.0,0
2,-impAstar,1,300.66666666666663,2146.9834011537077,1340.166666666667,0.0,0
2,-impAstar,2,323.3333333333333,2243.728025594883,1288.1666666666665,0.0,0
2,-impAstar,3,313.3333333333333,2107.804523172583,1340.9999999999998,0.0,0
2,-impAstar,4,297.3333333333333,2169.02971225194,1318.0000000000002,0.0,0
2,-impAstar,5,320.6666666666667,2337.4580902787015,1285.3333333333335,0.0,0
2,-impAstar,6,301.0,2142.219129678685,1321.8333333333333,0.0,0
2,-impAstar,7,292.66666666666663,2168.0090743114993,1327.1666666666667,0.0,0
2,-impAstar,8,311.6666666666667,2179.1291159822194,1314.6666666666667,0.0,0
2,-impAstar,9,320.6666666666667,2380.0411273157383,1284.0,0.0,1
2,-impAstar,10,297.3333333333333,2169.02971225194,1318.0000000000002,0.0,0
2,-impAstar,11,288.6666666666667,2183.3665062786436,1319.333333333333,0.0,0
2,-impAstar,12,313.3333333333333,2109.221660079919,1338.3333333333333,0.0,0
2,-impAstar,13,300.66666666666663,2179.27659191349,1312.8333333333335,0.0,0
2,-impAstar,14,295.6666666666667,2170.165678521704,1325.6666666666665,0.0,0
2,-impAstar,15,313.3333333333333,2110.9632984873397,1335.6666666666665,0.0,0
2,-impAstar,16,300.66666666666663,2133.888155701313,1348.0,0.0,0
2,-impAstar,17,301.0,2130.2723194476716,1330.6666666666667,0.0,0
2,-impAstar,18,300.66666666666663,2133.888155701313,1348.0,0.0,0
2,-impAstar,19,301.0,2142.219129678685,1321.8333333333333,0.0,0
2,-impAstar,20,326.66666666666663,2184.412118207342,1308.5000000000002,0.0,0
2,-impAstar,21,301.0,2142.219129678685,1321.8333333333333,0.0,0
2,-impAstar,22,336.33333333333337,2119.6657049017545,1309.6666666666667,0.0,0
2,-impAstar,23,318.0,2168.747845347882,1311.8333333333335,0.0,0
2,-impAstar,24,313.3333333333333,2110.9632984873397,1335.6666666666665,0.0,0
2,-impAstar,25,301.0,2135.691706179367,1329.6666666666665,0.0,0
2,-impAstar,26,294.6666666666667,2177.0850005100538,1325.0,0.0,0
2,-impAstar,27,318.0,2168.747845347882,1311.8333333333335,0.0,0
2,-impAstar,28,336.33333333333337,2119.6657049017545,1309.6666666666667,0.0,0
2,-impAstar,29,296.66666666666663,2145.980130913358,1350.8333333333335,0.0,0
2,-impAstar,30,301.0,2142.219129678685,1321.8333333333333,0.0,0
2,-impAstar,31,309.6666666666667,2089.9095050748833,1342.0,0.0,0
2,-impAstar,32,323.3333333333333,2130.194097653409,1327.0000000000002,0.0,0
2,-impAstar,33,288.6666666666667,2184.4621553514353,1288.6666666666665,0.0,0
2,-closedLoop,0,320.6666666666667,2337.4580902787015,1285.3333333333335,0.0,0
2,-closedLoop,1,300.66666666666663,2146.9834011537077,1340.166666666667,0.0,0
2,-closedLoop,2,323.3333333333333,2243.728025594883,1288.1666666666665,0.0,0
2,-closedLoop,3,313.3333333333333,2107.804523172583,1340.9999999999998,0.0,0
2,-closedLoop,4,297.3333333333333,2169.02971225194,1318.0000000000002,0.0,0
2,-closedLoop,5,320.6666666666667,2337.4580902787015,1285.3333333333335,0.0,0
2,-closedLoop,6,301.0,2142.219129678685,1321.8333333333333,0.0,0
2,-closedLoop,7,292.66666666666663,2168.0090743114993,1327.1666666666667,0.0,0
2,-closedLoop,8,311.6666666666667,2179.1291159822194,1314.6666666666667,0.0,0
2,-closedLoop,9,320.6666666666667,2380.0411273157383,1284.0,0.0,0
2,-closedLoop,10,297.3333333333333,2169.02971225194,1318.0000000000002,0.0,0
2,-closedLoop,11,288.6666666666667,2183.3665062786436,1319.333333333333,0.0,0
2,-closedLoop,12,313.3333333333333,2109.221660079919,1338.3333333333333,0.0,0
2,-closedLoop,13,300.66666666666663,2179.27659191349,1312.8333333333335,0.0,0
2,-closedLoop,14,295.6666666666667,2170.165678521704,1325.6666666666665,0.0,0
2,-closedLoop,15,313.3333333333333,2110.9632984873397,1335.6666666666665,0.0,0
2,-closedLoop,16,300.66666666666663,2133.888155701313,1348.0,0.0,0
2,-closedLoop,17,301.0,2130.2723194476716,1330.6666666666667,0.0,0
2,-closedLoop,18,300.66666666666663,2133.888155701313,1348.0,0.0,0
2,-closedLoop,19,301.0,2142.219129678685,1321.8333333333333,0.0,0
2,-closedLoop,20,326.66666666666663,2184.412118207342,1308.5000000000002,0.0,0
2,-closedLoop,21,301.0,2142.219129678685,1321.8333333333333,0.0,0
2,-closedLoop,22,336.33333333333337,2119.6657049017545,1309.6666666666667,0.0,0
2,-closedLoop,23,318.0,2168.747845347882,1311.8333333333335,0.0,0
2,-closedLoop,24,313.3333333333333,2110.9632984873397,1335.6666666666665,0.0,0
2,-closedLoop,25,301.0,2135.691706179367,1329.6666666666665,0.0,0
2,-closedLoop,26,294.6666666666667,2177.0850005100538,1325.0,0.0,0
2,-closedLoop,27,318.0,2168.747845347882,1311.8333333333335,0.0,0
2,-closedLoop,28,336.33333333333337,2119.6657049017545,1309.6666666666667,0.0,0
2,-closedLoop,29,296.66666666666663,2145.980130913358,1350.8333333333335,0.0,0
2,-closedLoop,30,301.0,2142.219129678685,1321.8333333333333,0.0,0
2,-closedLoop,31,309.6666666666667,2089.9095050748833,1342.0,0.0,0
2,-closedLoop,32,323.3333333333333,2130.194097653409,1327.0000000000002,0.0,0
2,-closedLoop,33,288.6666666666667,2184.4621553514353,1288.6666666666665,0.0,0
2,hard-only,0,297.0,1982.3246670345634,1276.0,0.0,0
2,hard-only,1,291.3333333333333,1861.121080496507,1280.5,0.0,1
2,hard-only,2,302.0,1851.805702399086,1294.6666666666667,0.0,0
2,hard-only,3,291.3333333333333,1861.121080496507,1280.5,0.0,0
2,hard-only,4,306.0,1821.2579493476019,1296.5000000000002,0.0,0
2,hard-only,5,297.0,1982.3246670345634,1276.0,0.0,0
2,hard-only,6,308.66666666666663,1806.2601779035654,1314.0,0.0,0
2,hard-only,7,286.3333333333333,1934.72271836678,1288.1666666666667,0.0,0
2,hard-only,8,325.0,1934.7858953113216,1272.1666666666667,0.0,0
2,hard-only,9,289.3333333333333,1898.32506921069,1278.1666666666667,0.0,0
2,hard-only,10,291.3333333333333,1847.3549353885599,1306.166666666667,0.0,0
2,hard-only,11,343.66666666666663,2011.5358212372475,1271.8333333333335,0.0,0
2,hard-only,12,308.66666666666663,1829.8324049189014,1289.8333333333333,0.0,0
2,hard-only,13,302.0,1841.4583302031228,1298.8333333333333,0.0,0
2,hard-only,14,297.0,1982.3246670345634,1276.0,0.0,0
2,hard-only,15,308.66666666666663,1827.9599415301486,1293.3333333333333,0.0,0
2,hard-only,16,287.0,1904.9472570933065,1313.166666666667,0.0,0
2,hard-only,17,286.3333333333333,1934.72271836678,1288.1666666666667,0.0,0
2,hard-only,18,288.3333333333333,1886.233371244657,1291.8333333333335,0.0,0
2,hard-only,19,297.0,1982.3246670345634,1276.0,0.0,0
2,hard-only,20,288.3333333333333,1886.233371244657,1291.8333333333335,0.0,0
2,hard-only,21,303.0,1847.5653032466826,1293.0,0.0,0
2,hard-only,22,306.0,1821.2579493476019,1296.5000000000002,0.0,0
2,hard-only,23,287.0,1904.9472570933065,1313.166666666667,0.0,0
2,hard-only,24,299.66666666666663,1822.857265781248,1318.8333333333335,0.0,0
2,hard-only,25,290.0,1858.9850538013945,1311.3333333333333,0.0,0
2,hard-only,26,291.3333333333333,1847.5353201051869,1296.6666666666667,0.0,0
2,hard-only,27,291.3333333333333,1837.5299875116193,1312.1666666666667,0.0,0
2,hard-only,28,282.0,2016.1071800242378,1297.1666666666667,0.0,0
2,hard-only,29,302.0,1822.4506880085605,1302.9999999999998,0.0,0
2,hard-only,30,289.0,1874.1133825304744,1297.166666666667,0.0,0
2,hard-only,31,306.0,1821.2579493476019,1296.5000000000002,0.0,0
2,hard-only,32,289.3333333333333,1902.1215608953535,1278.0,0.0,0
2,hard-only,33,289.3333333333333,1879.7703289979024,1295.3333333333333,0.0,0
2,hard-only,34,289.3333333333333,1882.2225814052451,1280.6666666666667,0.0,0
2,GA-SA-multiSoH,0,316.3333333333333,2178.480089019311,1259.5,0.0,1
3,Full,0,290.3333333333333,2133.6510712875074,1369.6666666666665,0.0,0
3,Full,1,290.3333333333333,2133.6510712875074,1369.6666666666665,0.0,0
3,Full,2,289.6666666666667,2158.649737954174,1363.6666666666665,0.0,0
3,Full,3,289.6666666666667,2230.644051811796,1350.5000000000002,0.0,0
3,Full,4,290.3333333333333,2133.6510712875074,1369.6666666666665,0.0,0
3,Full,5,289.0,2235.276071558627,1350.8333333333333,0.0,0
3,Full,6,290.3333333333333,2133.6510712875074,1369.6666666666665,0.0,0
3,Full,7,329.33333333333337,2211.529944366222,1335.6666666666667,0.0,0
3,Full,8,290.3333333333333,2133.6510712875074,1369.6666666666665,0.0,0
3,Full,9,290.3333333333333,2133.6510712875074,1369.6666666666665,0.0,0
3,Full,10,290.3333333333333,2133.6510712875074,1369.6666666666665,0.0,0
3,Full,11,290.3333333333333,2133.6510712875074,1369.6666666666665,0.0,0
3,Full,12,289.0,2235.276071558627,1350.8333333333333,0.0,0
3,Full,13,290.3333333333333,2133.6510712875074,1369.6666666666665,0.0,0
3,Full,14,289.6666666666667,2169.4814786949146,1356.5,0.0,0
3,Full,15,349.3333333333333,2100.071299499043,1341.666666666667,0.0,0
3,Full,16,290.3333333333333,2133.6510712875074,1369.6666666666665,0.0,0
3,Full,17,290.3333333333333,2133.6510712875074,1369.6666666666665,0.0,0
3,Full,18,290.3333333333333,2139.3164786949146,1364.0,0.0,0
3,Full,19,289.6666666666667,2149.004405995336,1377.3333333333333,0.0,0
3,Full,20,290.3333333333333,2133.6510712875074,1369.6666666666665,0.0,0
3,Full,21,303.0,2101.3339593757846,1389.3333333333333,0.0,0
3,Full,22,290.3333333333333,2138.6499601763962,1364.6666666666665,0.0,0
3,Full,23,290.3333333333333,2117.6574242086435,1372.6666666666665,0.0,0
3,Full,24,293.6666666666667,2151.66821157729,1349.3333333333335,0.0,0
3,Full,25,293.6666666666667,2132.8517124080086,1350.0000000000002,0.0,0
3,Full,26,289.6666666666667,2149.004405995336,1377.3333333333333,0.0,0
3,Full,27,289.6666666666667,2158.649737954174,1363.6666666666665,0.0,0
3,Full,28,289.6666666666667,2181.144718478463,1353.5,0.0,0
3,Full,29,316.66666666666663,2113.6759143738172,1349.8333333333335,0.0,0
3,Full,30,295.6666666666667,2126.2896743274337,1336.8333333333337,0.0,0
3,Full,31,295.6666666666667,2113.252676010432,1368.8333333333335,0.0,0
3,Full,32,329.33333333333337,2211.529944366222,1335.6666666666667,0.0,0
3,Full,33,291.0,2105.331292709118,1377.3333333333333,0.0,0
3,Full,34,290.3333333333333,2133.6510712875074,1369.6666666666665,0.0,0
3,Full,35,290.3333333333333,2133.6510712875074,1369.6666666666665,0.0,0
3,Full,36,289.6666666666667,2157.8174046208405,1368.1666666666665,0.0,0
3,Full,37,341.66666666666663,2202.67025280339,1336.666666666667,0.0,0
3,Full,38,290.3333333333333,2137.316923139359,1365.9999999999998,0.0,0
3,Full,39,290.3333333333333,2133.6510712875074,1369.6666666666665,0.0,0
3,Full,40,294.33333333333337,2117.698319756698,1337.0000000000002,0.0,0
3,Full,41,308.0,2116.9178190623406,1349.6666666666667,0.0,0
3,Full,42,329.33333333333337,2211.529944366222,1335.6666666666667,0.0,0
3,Full,43,290.3333333333333,2133.6510712875074,1369.6666666666665,0.0,0
3,Full,44,290.3333333333333,2133.6510712875074,1369.6666666666665,0.0,0
3,Full,45,307.3333333333333,2067.0457435644216,1352.166666666667,0.0,0
3,-health,0,314.33333333333337,1949.9514056365188,1346.0,0.0,1
3,-health,1,309.0,1841.0082819266208,1386.0000000000002,0.0,0
3,-health,2,321.0,1906.0507216244243,1348.0,0.0,0
3,-health,3,309.33333333333337,1867.751186433704,1369.3333333333335,0.0,0
3,-health,4,307.33333333333337,1935.9524426735557,1350.6666666666665,0.0,0
3,-health,5,309.33333333333337,1903.6770606105122,1360.0,0.0,0
3,-health,6,313.33333333333337,1854.7517049522223,1371.6666666666667,0.0,0
3,-health,7,313.3333333333333,1927.8833413203668,1351.5,0.0,0
3,-health,8,311.3333333333333,1894.2523930377317,1359.5000000000002,0.0,0
3,-health,9,298.0,1902.612162729891,1360.5,0.0,0
3,-health,10,313.33333333333337,1854.7517049522223,1371.6666666666667,0.0,0
3,-health,11,312.66666666666663,1810.6516111652754,1384.8333333333333,0.0,0
3,-health,12,313.3333333333333,1906.1680967414354,1355.1666666666665,0.0,0
3,-health,13,298.33333333333337,1872.6489192060285,1386.0000000000002,0.0,0
3,-health,14,321.0,1879.1334594793807,1361.4999999999998,0.0,0
3,-health,15,303.3333333333333,1937.0272368039648,1353.3333333333333,0.0,0
3,-health,16,327.3333333333333,1841.6217801811674,1374.1666666666665,0.0,0
3,-health,17,303.3333333333333,1934.9270366309597,1357.9999999999998,0.0,0
3,-health,18,298.33333333333337,1872.6489192060285,1386.0000000000002,0.0,0
3,-health,19,309.33333333333337,1915.082297544815,1359.3333333333335,0.0,0
3,-health,20,307.3333333333333,1852.2431736058852,1377.5000000000002,0.0,0
3,-health,21,310.0,1903.7847341613979,1355.8333333333333,0.0,0
3,-health,22,304.66666666666674,1864.4403511594805,1371.3333333333335,0.0,0
3,-health,23,327.3333333333333,1841.6217801811674,1374.1666666666665,0.0,0
3,-health,24,313.33333333333337,1848.7100112083526,1378.1666666666667,0.0,0
3,-health,25,306.0,1901.7805701372984,1368.3333333333333,0.0,0
3,-health,26,304.66666666666674,1864.4403511594805,1371.3333333333335,0.0,0
3,-health,27,313.33333333333337,1854.7517049522223,1371.6666666666667,0.0,0
3,-health,28,298.33333333333337,1872.6489192060285,1386.0000000000002,0.0,0
3,-health,29,321.0,1903.0769957998223,1351.8333333333333,0.0,0
3,-health,30,352.99999999999994,1888.0960899723004,1359.6666666666665,0.0,0
3,-health,31,313.6666666666667,1805.4863519060164,1391.1666666666665,0.0,0
3,-health,32,345.6666666666667,1902.338431017013,1357.0,0.0,0
3,-health,33,304.66666666666674,1864.4403511594805,1371.3333333333335,0.0,0
3,-health,34,298.33333333333337,1872.6489192060285,1386.0000000000002,0.0,0
3,-health,35,309.33333333333337,1915.082297544815,1359.3333333333335,0.0,0
3,-adaptW,0,303.3333333333333,2276.8813929008866,1345.1666666666667,0.0,1
3,-adaptW,1,327.3333333333333,2235.783284929692,1329.6666666666667,0.0,0
3,-adaptW,2,305.6666666666667,2080.620438459475,1371.6666666666665,0.0,0
3,-adaptW,3,295.33333333333337,2269.662013556863,1366.1666666666665,0.0,0
3,-adaptW,4,292.33333333333337,2133.005606185777,1373.1666666666665,0.0,0
3,-adaptW,5,335.3333333333333,2204.6177293741366,1334.6666666666667,0.0,0
3,-adaptW,6,302.0,2154.461328044813,1357.5,0.0,0
3,-adaptW,7,304.6666666666667,2227.207041195016,1344.4999999999995,0.0,0
3,-adaptW,8,304.6666666666667,2266.8721523061267,1337.4999999999998,0.0,0
3,-adaptW,9,303.0,2097.7722393468216,1363.0000000000002,0.0,0
3,-adaptW,10,295.33333333333337,2251.828717260567,1366.3333333333333,0.0,0
3,-adaptW,11,324.6666666666667,2238.479914571212,1343.3333333333333,0.0,0
3,-adaptW,12,294.33333333333337,2119.0887543339254,1372.3333333333333,0.0,0
3,-adaptW,13,299.0,2119.586346926518,1361.5,0.0,0
3,-adaptW,14,296.3333333333333,2179.8544757393443,1365.9999999999998,0.0,0
3,-adaptW,15,303.0,2096.335914382515,1369.5,0.0,0
3,-adaptW,16,327.3333333333333,2211.2846553000627,1335.8333333333333,0.0,0
3,-adaptW,17,327.3333333333333,2203.9529515963586,1343.166666666667,0.0,0
3,-adaptW,18,334.0,2186.8984373466924,1339.3333333333333,0.0,0
3,-adaptW,19,305.0,2094.4713057893055,1365.3333333333335,0.0,0
3,-adaptW,20,303.6666666666667,2195.907882912049,1349.1666666666665,0.0,0
3,-adaptW,21,296.3333333333333,2163.00199213759,1367.0,0.0,0
3,-adaptW,22,299.6666666666667,2196.793994711479,1354.5,0.0,0
3,-adaptW,23,332.99999999999994,2197.0762411671785,1344.0,0.0,0
3,-adaptW,24,304.6666666666667,2248.479914571212,1343.3333333333333,0.0,0
3,-adaptW,25,334.0,2186.8984373466924,1339.3333333333333,0.0,0
3,-adaptW,26,296.0,2188.7733784781312,1363.3333333333335,0.0,0
3,-adaptW,27,299.6666666666667,2183.961550267035,1358.5,0.0,0
3,-adaptW,28,291.6666666666667,2163.8870159513813,1367.3333333333333,0.0,0
3,-adaptW,29,334.0,2186.8984373466924,1339.3333333333333,0.0,0
3,-adaptW,30,303.6666666666667,2208.651869890695,1344.833333333333,0.0,0
3,-adaptW,31,295.33333333333337,2269.662013556863,1366.1666666666665,0.0,0
3,-adaptW,32,327.3333333333333,2208.45143307784,1336.3333333333333,0.0,0
3,-adaptW,33,299.6666666666667,2183.961550267035,1358.5,0.0,0
3,-adaptW,34,304.6666666666667,2266.8721523061267,1337.4999999999998,0.0,0
3,-adaptW,35,332.99999999999994,2197.0762411671785,1344.0,0.0,0
3,-adaptW,36,304.6666666666667,2248.479914571212,1343.3333333333333,0.0,0
3,-adaptW,37,295.66666666666663,2201.6127524485987,1365.6666666666667,0.0,0
3,-adaptW,38,295.33333333333337,2269.662013556863,1366.1666666666665,0.0,0
3,-adaptW,39,305.0,2094.4713057893055,1365.3333333333335,0.0,0
3,-adaptW,40,303.6666666666667,2195.907882912049,1349.1666666666665,0.0,0
3,-adaptW,41,303.6666666666667,2195.907882912049,1349.1666666666665,0.0,0
3,-adaptW,42,327.3333333333333,2211.2846553000627,1335.8333333333333,0.0,0
3,-adaptW,43,305.0,2094.4713057893055,1365.3333333333335,0.0,0
3,-adaptW,44,295.66666666666663,2201.6127524485987,1365.6666666666667,0.0,0
3,-adaptW,45,291.6666666666667,2163.8870159513813,1367.3333333333333,0.0,0
3,-adaptW,46,299.6666666666667,2183.961550267035,1358.5,0.0,0
3,-adaptW,47,299.0,2119.586346926518,1361.5,0.0,0
3,-adaptW,48,295.33333333333337,2269.662013556863,1366.1666666666665,0.0,0
3,-adaptW,49,299.6666666666667,2183.961550267035,1358.5,0.0,0
3,-adaptW,50,291.6666666666667,2163.8870159513813,1367.3333333333333,0.0,0
3,-adaptW,51,291.6666666666667,2163.8870159513813,1367.3333333333333,0.0,0
3,-adaptW,52,305.0,2094.4713057893055,1365.3333333333335,0.0,0
3,-adaptW,53,295.33333333333337,2269.662013556863,1366.1666666666665,0.0,0
3,-adaptW,54,299.0,2119.586346926518,1361.5,0.0,0
3,-adaptW,55,299.6666666666667,2183.961550267035,1358.5,0.0,0
3,-adaptW,56,327.3333333333333,2211.2846553000627,1335.8333333333333,0.0,0
3,-adaptW,57,299.6666666666667,2183.961550267035,1358.5,0.0,0
3,-adaptW,58,295.33333333333337,2269.662013556863,1366.1666666666665,0.0,0
3,-adaptW,59,299.6666666666667,2183.961550267035,1358.5,0.0,0
3,-adaptW,60,294.33333333333337,2119.0887543339254,1372.3333333333333,0.0,0
3,-adaptW,61,288.66666666666663,2158.8091771208838,1369.3333333333333,0.0,0
3,-adaptW,62,290.3333333333333,2140.151801924771,1376.1666666666665,0.0,0
3,-adaptW,63,299.6666666666667,2183.961550267035,1358.5,0.0,0
3,-adaptW,64,292.33333333333337,2133.005606185777,1373.1666666666665,0.0,0
3,-adaptW,65,299.0,2104.105498606081,1362.6666666666667,0.0,0
3,-adaptW,66,296.0,2191.4608465633314,1355.3333333333333,0.0,0
3,-adaptW,67,311.0,2127.0847849166057,1344.1666666666667,0.0,0
3,-adaptW,68,288.66666666666663,2158.8091771208838,1369.3333333333333,0.0,0
3,-adaptW,69,304.6666666666667,2248.479914571212,1343.3333333333333,0.0,0
3,-adaptW,70,303.0,2096.335914382515,1369.5,0.0,0
3,-adaptW,71,304.6666666666667,2248.479914571212,1343.3333333333333,0.0,0
3,-adaptW,72,327.3333333333333,2207.5918662322692,1342.0,0.0,0
3,-adaptW,73,299.6666666666667,2183.961550267035,1358.5,0.0,0
3,-adaptW,74,296.3333333333333,2154.6905386776534,1370.0000000000002,0.0,0
3,-adaptW,75,295.33333333333337,2251.828717260567,1366.3333333333333,0.0,0
3,-adaptW,76,299.6666666666667,2183.961550267035,1358.5,0.0,0
3,-adaptW,77,320.33333333333337,2090.2477862019477,1369.0,0.0,0
3,-adaptW,78,303.6666666666667,2195.907882912049,1349.1666666666665,0.0,0
3,-adaptW,79,304.6666666666667,2227.207041195016,1344.4999999999995,0.0,0
3,-adaptW,80,323.6666666666667,2266.3918620095924,1339.1666666666667,0.0,0
3,-adaptW,81,305.0,2094.4713057893055,1365.3333333333335,0.0,0
3,-adaptW,82,304.6666666666667,2195.7091152690896,1353.8333333333333,0.0,0
3,-impAstar,0,290.3333333333333,2133.6510712875074,1369.6666666666665,0.0,0
3,-impAstar,1,290.3333333333333,2133.6510712875074,1369.6666666666665,0.0,0
3,-impAstar,2,289.6666666666667,2158.649737954174,1363.6666666666665,0.0,0
3,-impAstar,3,289.6666666666667,2230.644051811796,1350.5000000000002,0.0,0
3,-impAstar,4,290.3333333333333,2133.6510712875074,1369.6666666666665,0.0,0
3,-impAstar,5,289.0,2235.276071558627,1350.8333333333333,0.0,0
3,-impAstar,6,290.3333333333333,2133.6510712875074,1369.6666666666665,0.0,0
3,-impAstar,7,329.33333333333337,2211.529944366222,1335.6666666666667,0.0,0
3,-impAstar,8,290.3333333333333,2133.6510712875074,1369.6666666666665,0.0,0
3,-impAstar,9,290.3333333333333,2133.6510712875074,1369.6666666666665,0.0,0
3,-impAstar,10,290.3333333333333,2133.6510712875074,1369.6666666666665,0.0,0
3,-impAstar,11,290.3333333333333,2133.6510712875074,1369.6666666666665,0.0,0
3,-impAstar,12,289.0,2235.276071558627,1350.8333333333333,0.0,0
3,-impAstar,13,290.3333333333333,2133.6510712875074,1369.6666666666665,0.0,0
3,-impAstar,14,289.6666666666667,2169.4814786949146,1356.5,0.0,0
3,-impAstar,15,349.3333333333333,2100.071299499043,1341.666666666667,0.0,0
3,-impAstar,16,290.3333333333333,2133.6510712875074,1369.6666666666665,0.0,0
3,-impAstar,17,290.3333333333333,2133.6510712875074,1369.6666666666665,0.0,0
3,-impAstar,18,290.3333333333333,2139.3164786949146,1364.0,0.0,0
3,-impAstar,19,289.6666666666667,2149.004405995336,1377.3333333333333,0.0,0
3,-impAstar,20,290.3333333333333,2133.6510712875074,1369.6666666666665,0.0,0
3,-impAstar,21,303.0,2101.3339593757846,1389.3333333333333,0.0,1
3,-impAstar,22,290.3333333333333,2138.6499601763962,1364.6666666666665,0.0,0
3,-impAstar,23,290.3333333333333,2117.6574242086435,1372.6666666666665,0.0,0
3,-impAstar,24,293.6666666666667,2151.66821157729,1349.3333333333335,0.0,0
3,-impAstar,25,293.6666666666667,2132.8517124080086,1350.0000000000002,0.0,0
3,-impAstar,26,289.6666666666667,2149.004405995336,1377.3333333333333,0.0,0
3,-impAstar,27,289.6666666666667,2158.649737954174,1363.6666666666665,0.0,0
3,-impAstar,28,289.6666666666667,2181.144718478463,1353.5,0.0,0
3,-impAstar,29,316.66666666666663,2113.6759143738172,1349.8333333333335,0.0,0
3,-impAstar,30,295.6666666666667,2126.2896743274337,1336.8333333333337,0.0,0
3,-impAstar,31,295.6666666666667,2113.252676010432,1368.8333333333335,0.0,0
3,-impAstar,32,329.33333333333337,2211.529944366222,1335.6666666666667,0.0,0
3,-impAstar,33,291.0,2105.331292709118,1377.3333333333333,0.0,0
3,-impAstar,34,290.3333333333333,2133.6510712875074,1369.6666666666665,0.0,0
3,-impAstar,35,290.3333333333333,2133.6510712875074,1369.6666666666665,0.0,0
3,-impAstar,36,289.6666666666667,2157.8174046208405,1368.1666666666665,0.0,0
3,-impAstar,37,341.66666666666663,2202.67025280339,1336.666666666667,0.0,0
3,-impAstar,38,290.3333333333333,2137.316923139359,1365.9999999999998,0.0,0
3,-impAstar,39,290.3333333333333,2133.6510712875074,1369.6666666666665,0.0,0
3,-impAstar,40,294.33333333333337,2117.698319756698,1337.0000000000002,0.0,0
3,-impAstar,41,308.0,2116.9178190623406,1349.6666666666667,0.0,0
3,-impAstar,42,329.33333333333337,2211.529944366222,1335.6666666666667,0.0,0
3,-impAstar,43,290.3333333333333,2133.6510712875074,1369.6666666666665,0.0,0
3,-impAstar,44,290.3333333333333,2133.6510712875074,1369.6666666666665,0.0,0
3,-impAstar,45,307.3333333333333,2067.0457435644216,1352.166666666667,0.0,0
3,-closedLoop,0,290.3333333333333,2133.6510712875074,1369.6666666666665,0.0,0
3,-closedLoop,1,290.3333333333333,2133.6510712875074,1369.6666666666665,0.0,0
3,-closedLoop,2,289.6666666666667,2158.649737954174,1363.6666666666665,0.0,0
3,-closedLoop,3,289.6666666666667,2230.644051811796,1350.5000000000002,0.0,0
3,-closedLoop,4,290.3333333333333,2133.6510712875074,1369.6666666666665,0.0,0
3,-closedLoop,5,289.0,2235.276071558627,1350.8333333333333,0.0,0
3,-closedLoop,6,290.3333333333333,2133.6510712875074,1369.6666666666665,0.0,0
3,-closedLoop,7,329.33333333333337,2211.529944366222,1335.6666666666667,0.0,0
3,-closedLoop,8,290.3333333333333,2133.6510712875074,1369.6666666666665,0.0,0
3,-closedLoop,9,290.3333333333333,2133.6510712875074,1369.6666666666665,0.0,0
3,-closedLoop,10,290.3333333333333,2133.6510712875074,1369.6666666666665,0.0,0
3,-closedLoop,11,290.3333333333333,2133.6510712875074,1369.6666666666665,0.0,0
3,-closedLoop,12,289.0,2235.276071558627,1350.8333333333333,0.0,0
3,-closedLoop,13,290.3333333333333,2133.6510712875074,1369.6666666666665,0.0,0
3,-closedLoop,14,289.6666666666667,2169.4814786949146,1356.5,0.0,0
3,-closedLoop,15,349.3333333333333,2100.071299499043,1341.666666666667,0.0,0
3,-closedLoop,16,290.3333333333333,2133.6510712875074,1369.6666666666665,0.0,0
3,-closedLoop,17,290.3333333333333,2133.6510712875074,1369.6666666666665,0.0,0
3,-closedLoop,18,290.3333333333333,2139.3164786949146,1364.0,0.0,0
3,-closedLoop,19,289.6666666666667,2149.004405995336,1377.3333333333333,0.0,0
3,-closedLoop,20,290.3333333333333,2133.6510712875074,1369.6666666666665,0.0,0
3,-closedLoop,21,303.0,2101.3339593757846,1389.3333333333333,0.0,0
3,-closedLoop,22,290.3333333333333,2138.6499601763962,1364.6666666666665,0.0,0
3,-closedLoop,23,290.3333333333333,2117.6574242086435,1372.6666666666665,0.0,0
3,-closedLoop,24,293.6666666666667,2151.66821157729,1349.3333333333335,0.0,0
3,-closedLoop,25,293.6666666666667,2132.8517124080086,1350.0000000000002,0.0,0
3,-closedLoop,26,289.6666666666667,2149.004405995336,1377.3333333333333,0.0,0
3,-closedLoop,27,289.6666666666667,2158.649737954174,1363.6666666666665,0.0,0
3,-closedLoop,28,289.6666666666667,2181.144718478463,1353.5,0.0,0
3,-closedLoop,29,316.66666666666663,2113.6759143738172,1349.8333333333335,0.0,0
3,-closedLoop,30,295.6666666666667,2126.2896743274337,1336.8333333333337,0.0,0
3,-closedLoop,31,295.6666666666667,2113.252676010432,1368.8333333333335,0.0,0
3,-closedLoop,32,329.33333333333337,2211.529944366222,1335.6666666666667,0.0,0
3,-closedLoop,33,291.0,2105.331292709118,1377.3333333333333,0.0,0
3,-closedLoop,34,290.3333333333333,2133.6510712875074,1369.6666666666665,0.0,0
3,-closedLoop,35,290.3333333333333,2133.6510712875074,1369.6666666666665,0.0,0
3,-closedLoop,36,289.6666666666667,2157.8174046208405,1368.1666666666665,0.0,0
3,-closedLoop,37,341.66666666666663,2202.67025280339,1336.666666666667,0.0,0
3,-closedLoop,38,290.3333333333333,2137.316923139359,1365.9999999999998,0.0,0
3,-closedLoop,39,290.3333333333333,2133.6510712875074,1369.6666666666665,0.0,0
3,-closedLoop,40,294.33333333333337,2117.698319756698,1337.0000000000002,0.0,0
3,-closedLoop,41,308.0,2116.9178190623406,1349.6666666666667,0.0,0
3,-closedLoop,42,329.33333333333337,2211.529944366222,1335.6666666666667,0.0,0
3,-closedLoop,43,290.3333333333333,2133.6510712875074,1369.6666666666665,0.0,0
3,-closedLoop,44,290.3333333333333,2133.6510712875074,1369.6666666666665,0.0,0
3,-closedLoop,45,307.3333333333333,2067.0457435644216,1352.166666666667,0.0,0
3,hard-only,0,314.33333333333337,1949.9514056365188,1346.0,0.0,1
3,hard-only,1,309.0,1841.0082819266208,1386.0000000000002,0.0,0
3,hard-only,2,321.0,1906.0507216244243,1348.0,0.0,0
3,hard-only,3,309.33333333333337,1867.751186433704,1369.3333333333335,0.0,0
3,hard-only,4,307.33333333333337,1935.9524426735557,1350.6666666666665,0.0,0
3,hard-only,5,309.33333333333337,1903.6770606105122,1360.0,0.0,0
3,hard-only,6,313.33333333333337,1854.7517049522223,1371.6666666666667,0.0,0
3,hard-only,7,313.3333333333333,1927.8833413203668,1351.5,0.0,0
3,hard-only,8,311.3333333333333,1894.2523930377317,1359.5000000000002,0.0,0
3,hard-only,9,298.0,1902.612162729891,1360.5,0.0,0
3,hard-only,10,313.33333333333337,1854.7517049522223,1371.6666666666667,0.0,0
3,hard-only,11,312.66666666666663,1810.6516111652754,1384.8333333333333,0.0,0
3,hard-only,12,313.3333333333333,1906.1680967414354,1355.1666666666665,0.0,0
3,hard-only,13,298.33333333333337,1872.6489192060285,1386.0000000000002,0.0,0
3,hard-only,14,321.0,1879.1334594793807,1361.4999999999998,0.0,0
3,hard-only,15,303.3333333333333,1937.0272368039648,1353.3333333333333,0.0,0
3,hard-only,16,327.3333333333333,1841.6217801811674,1374.1666666666665,0.0,0
3,hard-only,17,303.3333333333333,1934.9270366309597,1357.9999999999998,0.0,0
3,hard-only,18,298.33333333333337,1872.6489192060285,1386.0000000000002,0.0,0
3,hard-only,19,309.33333333333337,1915.082297544815,1359.3333333333335,0.0,0
3,hard-only,20,307.3333333333333,1852.2431736058852,1377.5000000000002,0.0,0
3,hard-only,21,310.0,1903.7847341613979,1355.8333333333333,0.0,0
3,hard-only,22,304.66666666666674,1864.4403511594805,1371.3333333333335,0.0,0
3,hard-only,23,327.3333333333333,1841.6217801811674,1374.1666666666665,0.0,0
3,hard-only,24,313.33333333333337,1848.7100112083526,1378.1666666666667,0.0,0
3,hard-only,25,306.0,1901.7805701372984,1368.3333333333333,0.0,0
3,hard-only,26,304.66666666666674,1864.4403511594805,1371.3333333333335,0.0,0
3,hard-only,27,313.33333333333337,1854.7517049522223,1371.6666666666667,0.0,0
3,hard-only,28,298.33333333333337,1872.6489192060285,1386.0000000000002,0.0,0
3,hard-only,29,321.0,1903.0769957998223,1351.8333333333333,0.0,0
3,hard-only,30,352.99999999999994,1888.0960899723004,1359.6666666666665,0.0,0
3,hard-only,31,313.6666666666667,1805.4863519060164,1391.1666666666665,0.0,0
3,hard-only,32,345.6666666666667,1902.338431017013,1357.0,0.0,0
3,hard-only,33,304.66666666666674,1864.4403511594805,1371.3333333333335,0.0,0
3,hard-only,34,298.33333333333337,1872.6489192060285,1386.0000000000002,0.0,0
3,hard-only,35,309.33333333333337,1915.082297544815,1359.3333333333335,0.0,0
3,GA-SA-multiSoH,0,306.0,2000.8815305912647,1323.6666666666665,0.0,1
4,Full,0,290.6666666666667,2413.869419567881,1310.6666666666665,0.0,0
4,Full,1,303.0,2327.7450596383705,1313.0,0.0,0
4,Full,2,299.66666666666663,2409.2522640451903,1309.3333333333333,0.0,0
4,Full,3,360.00000000000006,2267.960632452416,1322.6666666666667,0.0,0
4,Full,4,297.0,2294.623955112441,1319.3333333333333,0.0,0
4,Full,5,322.33333333333326,2313.9858635453757,1314.0,0.0,0
4,Full,6,310.6666666666667,2319.713619784075,1301.1666666666667,0.0,0
4,Full,7,306.3333333333333,2373.284164113991,1305.3333333333335,0.0,0
4,Full,8,288.0,2366.0794839449286,1329.9999999999998,0.0,0
4,Full,9,290.66666666666663,2341.810912847727,1324.1666666666667,0.0,0
4,Full,10,303.0,2335.4113559346665,1311.3333333333335,0.0,0
4,Full,11,323.3333333333333,2296.21743459889,1318.3333333333335,0.0,0
4,Full,12,339.6666666666667,2311.226263696157,1313.3333333333333,0.0,0
4,Full,13,323.3333333333333,2296.21743459889,1318.3333333333335,0.0,0
4,Full,14,303.0,2327.7450596383705,1313.0,0.0,0
4,Full,15,290.66666666666663,2333.6141836379047,1327.8333333333333,0.0,0
4,Full,16,312.0,2227.318862888098,1328.3333333333335,0.0,0
4,Full,17,290.6666666666667,2408.2040121604737,1316.3333333333335,0.0,0
4,Full,18,296.6666666666667,2233.6510391010456,1323.1666666666667,0.0,0
4,Full,19,288.0,2366.0794839449286,1329.9999999999998,0.0,0
4,Full,20,296.6666666666667,2230.6209450418564,1328.8333333333335,0.0,0
4,Full,21,303.0,2376.968994137211,1309.3333333333333,0.0,0
4,Full,22,300.3333333333333,2350.4039228253378,1312.3333333333333,0.0,0
4,Full,23,290.6666666666667,2413.869419567881,1310.6666666666665,0.0,0
4,Full,24,290.66666666666663,2341.810912847727,1324.1666666666667,0.0,0
4,Full,25,290.6666666666667,2409.87030845677,1314.6666666666665,0.0,0
4,Full,26,339.6666666666667,2295.3934857979502,1318.6666666666667,0.0,0
4,Full,27,290.66666666666663,2341.810912847727,1324.1666666666667,0.0,0
4,Full,28,290.66666666666663,2351.1440980329126,1323.5,0.0,0
4,Full,29,290.66666666666663,2341.810912847727,1324.1666666666667,0.0,0
4,Full,30,290.66666666666663,2341.810912847727,1324.1666666666667,0.0,0
4,Full,31,290.66666666666663,2341.810912847727,1324.1666666666667,0.0,0
4,Full,32,326.0,2207.124511770549,1348.5,0.0,0
4,Full,33,296.33333333333337,2256.111437119053,1337.1666666666667,0.0,0
4,Full,34,306.3333333333333,2372.7847937436204,1308.1666666666665,0.0,0
4,Full,35,389.33333333333337,2233.407227065492,1318.3333333333335,0.0,0
4,Full,36,292.0,2308.900870174645,1314.5,0.0,0
4,Full,37,300.3333333333333,2350.4039228253378,1312.3333333333333,0.0,0
4,-health,0,296.3333333333333,2086.1359291237964,1325.1666666666667,0.0,0
4,-health,1,298.66666666666663,2045.2757417569092,1310.0,0.0,0
4,-health,2,318.66666666666663,2263.8451317068752,1299.3333333333335,0.0,0
4,-health,3,305.6666666666667,2276.011544340782,1296.5000000000002,0.0,0
4,-health,4,298.66666666666663,2045.2757417569092,1310.0,0.0,0
4,-health,5,324.0,2253.854707169779,1299.3333333333335,0.0,0
4,-health,6,331.66666666666663,2220.233423715159,1298.166666666667,0.0,0
4,-health,7,324.0,2253.854707169779,1299.3333333333335,0.0,0
4,-health,8,298.66666666666663,2045.2757417569092,1310.0,0.0,0
4,-health,9,331.66666666666663,2220.233423715159,1298.166666666667,0.0,0
4,-health,10,298.66666666666663,2045.2757417569092,1310.0,0.0,0
4,-health,11,298.66666666666663,2032.942630645798,1311.0,0.0,0
4,-health,12,298.66666666666663,2045.2757417569092,1310.0,0.0,0
4,-health,13,355.6666666666667,2006.723296999495,1313.5,0.0,0
4,-health,14,298.66666666666663,2045.2757417569092,1310.0,0.0,0
4,-health,15,298.66666666666663,2045.2757417569092,1310.0,0.0,0
4,-health,16,324.0,2253.854707169779,1299.3333333333335,0.0,0
4,-health,17,298.66666666666663,2045.2757417569092,1310.0,0.0,0
4,-health,18,305.6666666666667,2142.8420731907036,1300.5,0.0,0
4,-health,19,342.6666666666667,2165.0658681596037,1294.1666666666667,0.0,0
4,-health,20,349.66666666666663,2011.4128512247319,1314.6666666666665,0.0,0
4,-health,21,298.66666666666663,2045.2757417569092,1310.0,0.0,0
4,-health,22,323.0,2044.5142599803576,1302.3333333333335,0.0,0
4,-health,23,344.3333333333333,1989.098562983236,1323.0,0.0,0
4,-health,24,297.6666666666667,2041.4410177103764,1314.6666666666665,0.0,0
4,-health,25,305.6666666666667,2276.011544340782,1296.5000000000002,0.0,0
4,-health,26,355.6666666666667,2006.723296999495,1313.5,0.0,0
4,-health,27,342.6666666666667,2165.0658681596037,1294.1666666666667,0.0,0
4,-health,28,323.0,2043.5144822025798,1303.3333333333333,0.0,0
4,-health,29,293.3333333333333,2112.2280507984547,1309.0,0.0,0
4,-health,30,324.0,2253.854707169779,1299.3333333333335,0.0,0
4,-health,31,319.3333333333333,2263.2874898948194,1296.8333333333333,0.0,0
4,-health,32,298.66666666666663,2038.4724548488748,1310.6666666666667,0.0,0
4,-health,33,318.66666666666663,2259.8453539290977,1300.3333333333333,0.0,0
4,-health,34,298.66666666666663,2027.3045454543583,1316.6666666666667,0.0,0
4,-health,35,298.66666666666663,2019.1114826180794,1318.0,0.0,0
4,-health,36,298.66666666666663,2045.2757417569092,1310.0,0.0,0
4,-health,37,298.66666666666663,2046.2469828227029,1308.6666666666665,0.0,0
4,-health,38,298.66666666666663,2045.2757417569092,1310.0,0.0,0
4,-health,39,292.3333333333333,2113.656903065806,1317.0,0.0,0
4,-health,40,349.66666666666663,2011.4128512247319,1314.6666666666665,0.0,0
4,-health,41,315.6666666666667,1989.4315259461987,1321.3333333333335,0.0,0
4,-health,42,299.6666666666667,2133.6415705114623,1308.5,0.0,0
4,-health,43,349.66666666666663,1982.070377087979,1352.1666666666667,0.0,0
4,-health,44,305.3333333333333,2286.4297665630047,1303.4999999999998,0.0,0
4,-health,45,332.6666666666667,2196.5079705773696,1297.8333333333333,0.0,0
4,-health,46,307.6666666666667,2033.6326031471158,1305.9999999999998,0.0,0
4,-health,47,318.66666666666663,2263.8451317068752,1299.3333333333335,0.0,0
4,-health,48,342.6666666666667,2165.0658681596037,1294.1666666666667,0.0,0
4,-health,49,286.66666666666663,2137.805110380636,1305.3333333333335,0.0,0
4,-health,50,322.3333333333333,2000.0548506006019,1319.1666666666665,0.0,0
4,-health,51,324.0,2256.187077540149,1295.0000000000002,0.0,0
4,-health,52,298.66666666666663,2045.2757417569092,1310.0,0.0,0
4,-health,53,320.3333333333333,2013.6084084235756,1307.0000000000002,0.0,0
4,-health,54,349.66666666666663,1983.7325121316987,1334.6666666666665,0.0,0
4,-health,55,298.66666666666663,2045.2757417569092,1310.0,0.0,0
4,-health,56,286.66666666666663,2137.805110380636,1305.3333333333335,0.0,0
4,-health,57,297.6666666666667,2065.989569732473,1313.9999999999998,0.0,0
4,-health,58,305.3333333333333,2301.7629517481896,1302.8333333333335,0.0,0
4,-health,59,298.66666666666663,2046.2469828227029,1308.6666666666665,0.0,1
4,-health,60,305.3333333333333,2048.2750750902424,1306.9999999999998,0.0,0
4,-health,61,298.66666666666663,2045.2757417569092,1310.0,0.0,0
4,-health,62,318.66666666666663,2263.8451317068752,1299.3333333333335,0.0,0
4,-health,63,297.6666666666667,2041.4410177103764,1314.6666666666665,0.0,0
4,-health,64,319.3333333333333,2261.8429928457663,1299.1666666666667,0.0,0
4,-health,65,298.66666666666663,2045.2757417569092,1310.0,0.0,0
4,-health,66,298.66666666666663,2027.3045454543583,1316.6666666666667,0.0,0
4,-health,67,324.0,2249.8549293920014,1300.3333333333333,0.0,0
4,-health,68,307.6666666666667,2033.6326031471158,1305.9999999999998,0.0,0
4,-health,69,307.6666666666667,2060.132454998968,1305.3333333333333,0.0,0
4,-adaptW,0,326.33333333333337,2258.8246524658775,1290.1666666666667,0.0,0
4,-adaptW,1,296.66666666666663,2346.4604471787043,1293.8333333333335,0.0,0
4,-adaptW,2,293.6666666666667,2347.4602249564823,1292.8333333333335,0.0,0
4,-adaptW,3,302.0,2269.9854845338186,1295.5000000000002,0.0,0
4,-adaptW,4,302.0,2269.9854845338186,1295.5000000000002,0.0,0
4,-adaptW,5,293.6666666666667,2251.755024757647,1302.1666666666667,0.0,0
4,-adaptW,6,326.33333333333337,2255.9541668692063,1293.1666666666667,0.0,0
4,-adaptW,7,293.6666666666667,2255.898981612583,1296.3333333333335,0.0,0
4,-adaptW,8,302.0,2269.9854845338186,1295.5000000000002,0.0,0
4,-adaptW,9,326.33333333333337,2255.9541668692063,1293.1666666666667,0.0,0
4,-adaptW,10,367.00000000000006,2187.440065089908,1314.8333333333333,0.0,0
4,-adaptW,11,344.6666666666667,2205.2393673328015,1319.0000000000002,0.0,0
4,-adaptW,12,367.00000000000006,2186.871855683989,1322.0,0.0,0
4,-adaptW,13,294.0,2304.2324606944826,1294.666666666667,0.0,0
4,-adaptW,14,344.6666666666667,2199.411669340365,1319.8333333333337,0.0,0
4,-adaptW,15,326.33333333333337,2261.679648413234,1287.3333333333335,0.0,0
4,-adaptW,16,291.0,2285.2384474967816,1308.8333333333335,0.0,0
4,-adaptW,17,291.0,2326.5720743026654,1300.5,0.0,0
4,-adaptW,18,293.6666666666667,2306.0843590817667,1294.1666666666665,0.0,0
4,-adaptW,19,344.6666666666667,2171.816148678617,1330.3333333333335,0.0,0
4,-adaptW,20,293.6666666666667,2347.4602249564823,1292.8333333333335,0.0,0
4,-adaptW,21,302.0,2269.9854845338186,1295.5000000000002,0.0,0
4,-adaptW,22,309.6666666666667,2285.416452815355,1295.1666666666667,0.0,0
4,-adaptW,23,294.0,2304.2324606944826,1294.666666666667,0.0,0
4,-adaptW,24,344.6666666666667,2205.2393673328015,1319.0000000000002,0.0,0
4,-adaptW,25,357.00000000000006,2196.9137434144386,1329.1666666666665,0.0,1
4,-adaptW,26,293.6666666666667,2347.4602249564823,1292.8333333333335,0.0,0
4,-adaptW,27,344.6666666666667,2212.4188556498893,1310.5,0.0,0
4,-adaptW,28,344.6666666666667,2205.2393673328015,1319.0000000000002,0.0,0
4,-adaptW,29,415.6666666666667,2510.6441180714132,1283.333333333333,0.0,0
4,-adaptW,30,293.6666666666667,2347.4602249564823,1292.8333333333335,0.0,0
4,-adaptW,31,326.33333333333337,2246.2593041426003,1303.5000000000002,0.0,0
4,-adaptW,32,344.6666666666667,2171.816148678617,1330.3333333333335,0.0,0
4,-adaptW,33,344.6666666666667,2205.2393673328015,1319.0000000000002,0.0,0
4,-adaptW,34,291.0,2326.5720743026654,1300.5,0.0,0
4,-adaptW,35,302.0,2269.9854845338186,1295.5000000000002,0.0,0
4,-adaptW,36,344.6666666666667,2205.2393673328015,1319.0000000000002,0.0,0
4,-adaptW,37,291.0,2326.5720743026654,1300.5,0.0,0
4,-adaptW,38,293.6666666666667,2347.4602249564823,1292.8333333333335,0.0,0
4,-adaptW,39,326.33333333333337,2258.8246524658775,1290.1666666666667,0.0,0
4,-adaptW,40,293.6666666666667,2224.4224321650545,1305.5000000000002,0.0,0
4,-adaptW,41,302.0,2269.9854845338186,1295.5000000000002,0.0,0
4,-adaptW,42,291.0,2285.2384474967816,1308.8333333333335,0.0,0
4,-adaptW,43,302.0,2269.9854845338186,1295.5000000000002,0.0,0
4,-adaptW,44,326.33333333333337,2254.1590228362475,1294.8333333333333,0.0,0
4,-adaptW,45,344.6666666666667,2205.2393673328015,1319.0000000000002,0.0,0
4,-impAstar,0,290.6666666666667,2413.869419567881,1310.6666666666665,0.0,0
4,-impAstar,1,303.0,2327.7450596383705,1313.0,0.0,0
4,-impAstar,2,299.66666666666663,2409.2522640451903,1309.3333333333333,0.0,0
4,-impAstar,3,360.00000000000006,2267.960632452416,1322.6666666666667,0.0,0
4,-impAstar,4,297.0,2294.623955112441,1319.3333333333333,0.0,0
4,-impAstar,5,322.33333333333326,2313.9858635453757,1314.0,0.0,0
4,-impAstar,6,310.6666666666667,2319.713619784075,1301.1666666666667,0.0,0
4,-impAstar,7,306.3333333333333,2373.284164113991,1305.3333333333335,0.0,0
4,-impAstar,8,288.0,2366.0794839449286,1329.9999999999998,0.0,0
4,-impAstar,9,290.66666666666663,2341.810912847727,1324.1666666666667,0.0,0
4,-impAstar,10,303.0,2335.4113559346665,1311.3333333333335,0.0,0
4,-impAstar,11,323.3333333333333,2296.21743459889,1318.3333333333335,0.0,0
4,-impAstar,12,339.6666666666667,2311.226263696157,1313.3333333333333,0.0,0
4,-impAstar,13,323.3333333333333,2296.21743459889,1318.3333333333335,0.0,0
4,-impAstar,14,303.0,2327.7450596383705,1313.0,0.0,0
4,-impAstar,15,290.66666666666663,2333.6141836379047,1327.8333333333333,0.0,0
4,-impAstar,16,312.0,2227.318862888098,1328.3333333333335,0.0,0
4,-impAstar,17,290.6666666666667,2408.2040121604737,1316.3333333333335,0.0,0
4,-impAstar,18,296.6666666666667,2233.6510391010456,1323.1666666666667,0.0,0
4,-impAstar,19,288.0,2366.0794839449286,1329.9999999999998,0.0,0
4,-impAstar,20,296.6666666666667,2230.6209450418564,1328.8333333333335,0.0,0
4,-impAstar,21,303.0,2376.968994137211,1309.3333333333333,0.0,0
4,-impAstar,22,300.3333333333333,2350.4039228253378,1312.3333333333333,0.0,0
4,-impAstar,23,290.6666666666667,2413.869419567881,1310.6666666666665,0.0,0
4,-impAstar,24,290.66666666666663,2341.810912847727,1324.1666666666667,0.0,0
4,-impAstar,25,290.6666666666667,2409.87030845677,1314.6666666666665,0.0,0
4,-impAstar,26,339.6666666666667,2295.3934857979502,1318.6666666666667,0.0,0
4,-impAstar,27,290.66666666666663,2341.810912847727,1324.1666666666667,0.0,0
4,-impAstar,28,290.66666666666663,2351.1440980329126,1323.5,0.0,0
4,-impAstar,29,290.66666666666663,2341.810912847727,1324.1666666666667,0.0,0
4,-impAstar,30,290.66666666666663,2341.810912847727,1324.1666666666667,0.0,0
4,-impAstar,31,290.66666666666663,2341.810912847727,1324.1666666666667,0.0,0
4,-impAstar,32,326.0,2207.124511770549,1348.5,0.0,0
4,-impAstar,33,296.33333333333337,2256.111437119053,1337.1666666666667,0.0,0
4,-impAstar,34,306.3333333333333,2372.7847937436204,1308.1666666666665,0.0,0
4,-impAstar,35,389.33333333333337,2233.407227065492,1318.3333333333335,0.0,1
4,-impAstar,36,292.0,2308.900870174645,1314.5,0.0,0
4,-impAstar,37,300.3333333333333,2350.4039228253378,1312.3333333333333,0.0,0
4,-closedLoop,0,290.6666666666667,2413.869419567881,1310.6666666666665,0.0,0
4,-closedLoop,1,303.0,2327.7450596383705,1313.0,0.0,0
4,-closedLoop,2,299.66666666666663,2409.2522640451903,1309.3333333333333,0.0,0
4,-closedLoop,3,360.00000000000006,2267.960632452416,1322.6666666666667,0.0,0
4,-closedLoop,4,297.0,2294.623955112441,1319.3333333333333,0.0,0
4,-closedLoop,5,322.33333333333326,2313.9858635453757,1314.0,0.0,0
4,-closedLoop,6,310.6666666666667,2319.713619784075,1301.1666666666667,0.0,0
4,-closedLoop,7,306.3333333333333,2373.284164113991,1305.3333333333335,0.0,0
4,-closedLoop,8,288.0,2366.0794839449286,1329.9999999999998,0.0,0
4,-closedLoop,9,290.66666666666663,2341.810912847727,1324.1666666666667,0.0,0
4,-closedLoop,10,303.0,2335.4113559346665,1311.3333333333335,0.0,0
4,-closedLoop,11,323.3333333333333,2296.21743459889,1318.3333333333335,0.0,0
4,-closedLoop,12,339.6666666666667,2311.226263696157,1313.3333333333333,0.0,0
4,-closedLoop,13,323.3333333333333,2296.21743459889,1318.3333333333335,0.0,0
4,-closedLoop,14,303.0,2327.7450596383705,1313.0,0.0,0
4,-closedLoop,15,290.66666666666663,2333.6141836379047,1327.8333333333333,0.0,0
4,-closedLoop,16,312.0,2227.318862888098,1328.3333333333335,0.0,0
4,-closedLoop,17,290.6666666666667,2408.2040121604737,1316.3333333333335,0.0,0
4,-closedLoop,18,296.6666666666667,2233.6510391010456,1323.1666666666667,0.0,0
4,-closedLoop,19,288.0,2366.0794839449286,1329.9999999999998,0.0,0
4,-closedLoop,20,296.6666666666667,2230.6209450418564,1328.8333333333335,0.0,0
4,-closedLoop,21,303.0,2376.968994137211,1309.3333333333333,0.0,0
4,-closedLoop,22,300.3333333333333,2350.4039228253378,1312.3333333333333,0.0,0
4,-closedLoop,23,290.6666666666667,2413.869419567881,1310.6666666666665,0.0,0
4,-closedLoop,24,290.66666666666663,2341.810912847727,1324.1666666666667,0.0,0
4,-closedLoop,25,290.6666666666667,2409.87030845677,1314.6666666666665,0.0,0
4,-closedLoop,26,339.6666666666667,2295.3934857979502,1318.6666666666667,0.0,0
4,-closedLoop,27,290.66666666666663,2341.810912847727,1324.1666666666667,0.0,0
4,-closedLoop,28,290.66666666666663,2351.1440980329126,1323.5,0.0,0
4,-closedLoop,29,290.66666666666663,2341.810912847727,1324.1666666666667,0.0,0
4,-closedLoop,30,290.66666666666663,2341.810912847727,1324.1666666666667,0.0,0
4,-closedLoop,31,290.66666666666663,2341.810912847727,1324.1666666666667,0.0,0
4,-closedLoop,32,326.0,2207.124511770549,1348.5,0.0,0
4,-closedLoop,33,296.33333333333337,2256.111437119053,1337.1666666666667,0.0,0
4,-closedLoop,34,306.3333333333333,2372.7847937436204,1308.1666666666665,0.0,0
4,-closedLoop,35,389.33333333333337,2233.407227065492,1318.3333333333335,0.0,0
4,-closedLoop,36,292.0,2308.900870174645,1314.5,0.0,0
4,-closedLoop,37,300.3333333333333,2350.4039228253378,1312.3333333333333,0.0,0
4,hard-only,0,296.3333333333333,2086.1359291237964,1325.1666666666667,0.0,0
4,hard-only,1,298.66666666666663,2045.2757417569092,1310.0,0.0,0
4,hard-only,2,318.66666666666663,2263.8451317068752,1299.3333333333335,0.0,0
4,hard-only,3,305.6666666666667,2276.011544340782,1296.5000000000002,0.0,0
4,hard-only,4,298.66666666666663,2045.2757417569092,1310.0,0.0,0
4,hard-only,5,324.0,2253.854707169779,1299.3333333333335,0.0,0
4,hard-only,6,331.66666666666663,2220.233423715159,1298.166666666667,0.0,0
4,hard-only,7,324.0,2253.854707169779,1299.3333333333335,0.0,0
4,hard-only,8,298.66666666666663,2045.2757417569092,1310.0,0.0,0
4,hard-only,9,331.66666666666663,2220.233423715159,1298.166666666667,0.0,0
4,hard-only,10,298.66666666666663,2045.2757417569092,1310.0,0.0,0
4,hard-only,11,298.66666666666663,2032.942630645798,1311.0,0.0,0
4,hard-only,12,298.66666666666663,2045.2757417569092,1310.0,0.0,0
4,hard-only,13,355.6666666666667,2006.723296999495,1313.5,0.0,0
4,hard-only,14,298.66666666666663,2045.2757417569092,1310.0,0.0,0
4,hard-only,15,298.66666666666663,2045.2757417569092,1310.0,0.0,0
4,hard-only,16,324.0,2253.854707169779,1299.3333333333335,0.0,0
4,hard-only,17,298.66666666666663,2045.2757417569092,1310.0,0.0,0
4,hard-only,18,305.6666666666667,2142.8420731907036,1300.5,0.0,0
4,hard-only,19,342.6666666666667,2165.0658681596037,1294.1666666666667,0.0,0
4,hard-only,20,349.66666666666663,2011.4128512247319,1314.6666666666665,0.0,0
4,hard-only,21,298.66666666666663,2045.2757417569092,1310.0,0.0,0
4,hard-only,22,323.0,2044.5142599803576,1302.3333333333335,0.0,0
4,hard-only,23,344.3333333333333,1989.098562983236,1323.0,0.0,0
4,hard-only,24,297.6666666666667,2041.4410177103764,1314.6666666666665,0.0,0
4,hard-only,25,305.6666666666667,2276.011544340782,1296.5000000000002,0.0,0
4,hard-only,26,355.6666666666667,2006.723296999495,1313.5,0.0,0
4,hard-only,27,342.6666666666667,2165.0658681596037,1294.1666666666667,0.0,0
4,hard-only,28,323.0,2043.5144822025798,1303.3333333333333,0.0,0
4,hard-only,29,293.3333333333333,2112.2280507984547,1309.0,0.0,0
4,hard-only,30,324.0,2253.854707169779,1299.3333333333335,0.0,0
4,hard-only,31,319.3333333333333,2263.2874898948194,1296.8333333333333,0.0,0
4,hard-only,32,298.66666666666663,2038.4724548488748,1310.6666666666667,0.0,0
4,hard-only,33,318.66666666666663,2259.8453539290977,1300.3333333333333,0.0,0
4,hard-only,34,298.66666666666663,2027.3045454543583,1316.6666666666667,0.0,0
4,hard-only,35,298.66666666666663,2019.1114826180794,1318.0,0.0,0
4,hard-only,36,298.66666666666663,2045.2757417569092,1310.0,0.0,0
4,hard-only,37,298.66666666666663,2046.2469828227029,1308.6666666666665,0.0,0
4,hard-only,38,298.66666666666663,2045.2757417569092,1310.0,0.0,0
4,hard-only,39,292.3333333333333,2113.656903065806,1317.0,0.0,0
4,hard-only,40,349.66666666666663,2011.4128512247319,1314.6666666666665,0.0,0
4,hard-only,41,315.6666666666667,1989.4315259461987,1321.3333333333335,0.0,0
4,hard-only,42,299.6666666666667,2133.6415705114623,1308.5,0.0,0
4,hard-only,43,349.66666666666663,1982.070377087979,1352.1666666666667,0.0,0
4,hard-only,44,305.3333333333333,2286.4297665630047,1303.4999999999998,0.0,0
4,hard-only,45,332.6666666666667,2196.5079705773696,1297.8333333333333,0.0,0
4,hard-only,46,307.6666666666667,2033.6326031471158,1305.9999999999998,0.0,0
4,hard-only,47,318.66666666666663,2263.8451317068752,1299.3333333333335,0.0,0
4,hard-only,48,342.6666666666667,2165.0658681596037,1294.1666666666667,0.0,0
4,hard-only,49,286.66666666666663,2137.805110380636,1305.3333333333335,0.0,0
4,hard-only,50,322.3333333333333,2000.0548506006019,1319.1666666666665,0.0,0
4,hard-only,51,324.0,2256.187077540149,1295.0000000000002,0.0,0
4,hard-only,52,298.66666666666663,2045.2757417569092,1310.0,0.0,0
4,hard-only,53,320.3333333333333,2013.6084084235756,1307.0000000000002,0.0,0
4,hard-only,54,349.66666666666663,1983.7325121316987,1334.6666666666665,0.0,0
4,hard-only,55,298.66666666666663,2045.2757417569092,1310.0,0.0,0
4,hard-only,56,286.66666666666663,2137.805110380636,1305.3333333333335,0.0,0
4,hard-only,57,297.6666666666667,2065.989569732473,1313.9999999999998,0.0,0
4,hard-only,58,305.3333333333333,2301.7629517481896,1302.8333333333335,0.0,0
4,hard-only,59,298.66666666666663,2046.2469828227029,1308.6666666666665,0.0,1
4,hard-only,60,305.3333333333333,2048.2750750902424,1306.9999999999998,0.0,0
4,hard-only,61,298.66666666666663,2045.2757417569092,1310.0,0.0,0
4,hard-only,62,318.66666666666663,2263.8451317068752,1299.3333333333335,0.0,0
4,hard-only,63,297.6666666666667,2041.4410177103764,1314.6666666666665,0.0,0
4,hard-only,64,319.3333333333333,2261.8429928457663,1299.1666666666667,0.0,0
4,hard-only,65,298.66666666666663,2045.2757417569092,1310.0,0.0,0
4,hard-only,66,298.66666666666663,2027.3045454543583,1316.6666666666667,0.0,0
4,hard-only,67,324.0,2249.8549293920014,1300.3333333333333,0.0,0
4,hard-only,68,307.6666666666667,2033.6326031471158,1305.9999999999998,0.0,0
4,hard-only,69,307.6666666666667,2060.132454998968,1305.3333333333333,0.0,0
4,GA-SA-multiSoH,1,289.33333333333337,2310.351579105885,1264.1666666666667,0.0,1
5,Full,0,336.3333333333333,2338.8360389174813,1413.3333333333335,0.0,0
5,Full,1,322.66666666666663,2343.2151721430755,1414.8333333333333,0.0,0
5,Full,2,322.66666666666663,2313.7982253293044,1419.5,0.0,0
5,Full,3,366.0,2329.886887654417,1408.8333333333335,0.0,0
5,Full,4,307.0,2416.4680561575174,1418.0,0.0,0
5,Full,5,336.3333333333333,2365.434042200475,1395.3333333333335,0.0,0
5,Full,6,328.6666666666667,2425.604079237512,1410.5,0.0,0
5,Full,7,293.6666666666667,2381.289328713994,1429.0,0.0,0
5,Full,8,330.6666666666667,2330.4649128838164,1413.6666666666665,0.0,0
5,Full,9,366.0,2329.886887654417,1408.8333333333335,0.0,0
5,Full,10,336.3333333333333,2338.8360389174813,1413.3333333333335,0.0,0
5,Full,11,320.33333333333337,2261.921188224591,1429.0,0.0,0
5,Full,12,366.0,2330.220146913676,1408.5,0.0,0
5,Full,13,319.6666666666667,2269.9493600384776,1453.6666666666665,0.0,0
5,Full,14,307.0,2416.4680561575174,1418.0,0.0,0
5,Full,15,336.3333333333333,2364.767523681956,1396.0000000000002,0.0,0
5,Full,16,318.0,2280.1213577181707,1425.4999999999998,0.0,0
5,Full,17,338.6666666666667,2253.2519598557997,1455.0,0.0,0
5,Full,18,336.3333333333333,2357.161600345154,1398.0,0.0,0
5,Full,19,293.6666666666667,2399.9206646693856,1428.3333333333335,0.0,0
5,Full,20,322.66666666666663,2322.130743847823,1415.8333333333333,0.0,0
5,Full,21,322.66666666666663,2313.7982253293044,1419.5,0.0,0
5,Full,22,299.6666666666667,2306.8754944077573,1422.1666666666667,0.0,0
5,Full,23,322.66666666666663,2313.7982253293044,1419.5,0.0,0
5,Full,24,336.3333333333333,2338.8360389174813,1413.3333333333335,0.0,0
5,Full,25,322.0,2360.309789767597,1411.1666666666663,0.0,0
5,Full,26,336.3333333333333,2338.8360389174813,1413.3333333333335,0.0,0
5,Full,27,319.6666666666667,2269.9493600384776,1453.6666666666665,0.0,0
5,Full,28,327.0,2280.087853732296,1421.5,0.0,0
5,Full,29,309.6666666666667,2288.087486449109,1461.3333333333333,0.0,0
5,Full,30,293.6666666666667,2360.427955348515,1429.1666666666667,0.0,0
5,Full,31,322.66666666666663,2313.7982253293044,1419.5,0.0,0
5,Full,32,320.33333333333337,2254.865281942682,1433.0,0.0,0
5,Full,33,320.33333333333337,2261.921188224591,1429.0,0.0,0
5,Full,34,336.3333333333333,2353.4989482489273,1401.3333333333335,0.0,0
5,Full,35,319.6666666666667,2269.9493600384776,1453.6666666666665,0.0,0
5,Full,36,322.66666666666663,2313.7982253293044,1419.5,0.0,0
5,-health,0,325.6666666666667,2104.170652552023,1412.6666666666667,0.0,0
5,-health,1,325.6666666666667,2103.5568193533272,1418.666666666667,0.0,0
5,-health,2,312.3333333333333,2140.681175219007,1418.5,0.0,0
5,-health,3,318.33333333333337,2073.968492201393,1434.5000000000002,0.0,0
5,-health,4,304.33333333333337,2161.6305517964956,1445.6666666666667,0.0,0
5,-health,5,318.33333333333337,2073.968492201393,1434.5000000000002,0.0,0
5,-health,6,311.0,2060.8393705350422,1436.3333333333335,0.0,0
5,-health,7,309.6666666666667,2129.695649600423,1421.8333333333333,0.0,0
5,-health,8,305.0,2209.9523196325326,1425.1666666666667,0.0,1
5,-health,9,305.0,2196.219038422057,1426.6666666666665,0.0,0
5,-health,10,346.66666666666663,2071.060523057031,1435.3333333333335,0.0,0
5,-health,11,301.66666666666663,2201.343721761023,1431.3333333333333,0.0,0
5,-health,12,311.0,2060.8393705350422,1436.3333333333335,0.0,0
5,-health,13,309.6666666666667,2145.0141381819703,1416.8333333333333,0.0,0
5,-health,14,311.0,2078.581647918837,1427.6666666666665,0.0,0
5,-health,15,305.0,2186.2191865702052,1427.3333333333333,0.0,0
5,-health,16,325.6666666666667,2126.7169705093756,1412.0,0.0,0
5,-health,17,325.6666666666667,2104.170652552023,1412.6666666666667,0.0,0
5,-health,18,309.6666666666667,2145.0141381819703,1416.8333333333333,0.0,0
5,-health,19,318.33333333333337,2051.946710809397,1438.5000000000002,0.0,0
5,-health,20,325.6666666666667,2098.40167290175,1424.0,0.0,0
5,-health,21,305.0,2205.162834323505,1425.666666666667,0.0,0
5,-health,22,318.33333333333337,2051.946710809397,1438.5000000000002,0.0,0
5,-health,23,338.33333333333337,2072.701275747309,1435.1666666666667,0.0,0
5,-health,24,318.33333333333337,2073.968492201393,1434.5000000000002,0.0,0
5,-health,25,325.6666666666667,2104.170652552023,1412.6666666666667,0.0,0
5,-health,26,309.6666666666667,2128.598105281476,1429.5,0.0,0
5,-health,27,311.0,2060.8393705350422,1436.3333333333335,0.0,0
5,-health,28,333.3333333333333,2175.282346794224,1408.8333333333335,0.0,0
5,-health,29,305.0,2186.2191865702052,1427.3333333333333,0.0,0
5,-health,30,311.0,2060.8393705350422,1436.3333333333335,0.0,0
5,-health,31,350.0,2095.950939609427,1420.3333333333333,0.0,0
5,-health,32,325.6666666666667,2103.5568193533272,1418.666666666667,0.0,0
5,-health,33,311.0,2060.8393705350422,1436.3333333333335,0.0,0
5,-adaptW,0,321.6666666666667,2276.533176736067,1406.9999999999998,0.0,0
5,-adaptW,1,304.33333333333337,2316.114353712752,1408.5,0.0,0
5,-adaptW,2,321.6666666666667,2276.533176736067,1406.9999999999998,0.0,0
5,-adaptW,3,304.6666666666667,2332.507179209676,1405.6666666666665,0.0,0
5,-adaptW,4,321.6666666666667,2276.533176736067,1406.9999999999998,0.0,0
5,-adaptW,5,299.66666666666663,2258.3177290162776,1421.3333333333333,0.0,0
5,-adaptW,6,324.66666666666663,2341.6329348086406,1398.3333333333333,0.0,0
5,-adaptW,7,296.0,2282.12991232113,1418.8333333333333,0.0,0
5,-adaptW,8,304.33333333333337,2295.0325018608996,1415.166666666667,0.0,0
5,-adaptW,9,304.33333333333337,2268.314100990825,1415.3333333333335,0.0,0
5,-adaptW,10,324.66666666666663,2341.6329348086406,1398.3333333333333,0.0,0
5,-adaptW,11,321.6666666666667,2348.194572904173,1394.1666666666665,0.0,0
5,-adaptW,12,372.33333333333337,2429.7340442497875,1392.3333333333333,0.0,0
5,-adaptW,13,321.6666666666667,2346.4942346376843,1394.9999999999998,0.0,0
5,-adaptW,14,321.6666666666667,2276.533176736067,1406.9999999999998,0.0,0
5,-adaptW,15,296.0,2268.471718085431,1420.8333333333333,0.0,0
5,-adaptW,16,296.0,2260.555718085431,1423.8333333333333,0.0,0
5,-adaptW,17,324.66666666666663,2341.6329348086406,1398.3333333333333,0.0,0
5,-adaptW,18,296.0,2260.555718085431,1423.8333333333333,0.0,0
5,-adaptW,19,295.6666666666667,2378.762094337374,1421.6666666666667,0.0,0
5,-adaptW,20,304.33333333333337,2295.0325018608996,1415.166666666667,0.0,0
5,-adaptW,21,324.66666666666663,2341.6329348086406,1398.3333333333333,0.0,0
5,-adaptW,22,295.66666666666663,2382.7180130348634,1427.3333333333335,0.0,1
5,-adaptW,23,321.6666666666667,2240.1179545138443,1413.5,0.0,0
5,-adaptW,24,313.0,2301.030071712783,1406.6666666666667,0.0,0
5,-adaptW,25,305.66666666666663,2304.570601206182,1412.6666666666667,0.0,0
5,-adaptW,26,296.0,2255.5092613703837,1426.5,0.0,0
5,-adaptW,27,321.6666666666667,2334.1987322916225,1401.9999999999998,0.0,0
5,-adaptW,28,321.6666666666667,2276.533176736067,1406.9999999999998,0.0,0
5,-adaptW,29,321.6666666666667,2231.786473032363,1421.8333333333333,0.0,0
5,-adaptW,30,304.33333333333337,2295.0325018608996,1415.166666666667,0.0,0
5,-adaptW,31,296.0,2282.12991232113,1418.8333333333333,0.0,0
5,-adaptW,32,321.6666666666667,2276.533176736067,1406.9999999999998,0.0,0
5,-adaptW,33,296.0,2268.471718085431,1420.8333333333333,0.0,0
5,-adaptW,34,296.0,2255.5092613703837,1426.5,0.0,0
5,-adaptW,35,321.6666666666667,2276.533176736067,1406.9999999999998,0.0,0
5,-adaptW,36,308.6666666666667,2335.42362365412,1404.6666666666667,0.0,0
5,-adaptW,37,327.3333333333333,2323.21332325262,1399.333333333333,0.0,0
5,-adaptW,38,321.6666666666667,2287.706628599429,1405.3333333333333,0.0,0
5,-adaptW,39,321.6666666666667,2276.533176736067,1406.9999999999998,0.0,0
5,-adaptW,40,295.6666666666667,2335.6450437732037,1422.3333333333333,0.0,0
5,-adaptW,41,304.6666666666667,2332.1972426016405,1406.4999999999998,0.0,0
5,-adaptW,42,296.0,2269.9644884442905,1420.5,0.0,0
5,-adaptW,43,308.6666666666667,2303.4914596623576,1410.0,0.0,0
5,-adaptW,44,304.33333333333337,2295.0325018608996,1415.166666666667,0.0,0
5,-adaptW,45,321.6666666666667,2276.533176736067,1406.9999999999998,0.0,0
5,-adaptW,46,321.6666666666667,2342.862424756025,1399.4999999999998,0.0,0
5,-adaptW,47,322.3333333333333,2296.3729989697995,1404.0,0.0,0
5,-adaptW,48,296.0,2255.5092613703837,1426.5,0.0,0
5,-impAstar,0,336.3333333333333,2338.8360389174813,1413.3333333333335,0.0,0
5,-impAstar,1,322.66666666666663,2343.2151721430755,1414.8333333333333,0.0,0
5,-impAstar,2,322.66666666666663,2313.7982253293044,1419.5,0.0,0
5,-impAstar,3,366.0,2329.886887654417,1408.8333333333335,0.0,0
5,-impAstar,4,307.0,2416.4680561575174,1418.0,0.0,0
5,-impAstar,5,336.3333333333333,2365.434042200475,1395.3333333333335,0.0,0
5,-impAstar,6,328.6666666666667,2425.604079237512,1410.5,0.0,1
5,-impAstar,7,293.6666666666667,2381.289328713994,1429.0,0.0,0
5,-impAstar,8,330.6666666666667,2330.4649128838164,1413.6666666666665,0.0,0
5,-impAstar,9,366.0,2329.886887654417,1408.8333333333335,0.0,0
5,-impAstar,10,336.3333333333333,2338.8360389174813,1413.3333333333335,0.0,0
5,-impAstar,11,320.33333333333337,2261.921188224591,1429.0,0.0,0
5,-impAstar,12,366.0,2330.220146913676,1408.5,0.0,0
5,-impAstar,13,319.6666666666667,2269.9493600384776,1453.6666666666665,0.0,0
5,-impAstar,14,307.0,2416.4680561575174,1418.0,0.0,0
5,-impAstar,15,336.3333333333333,2364.767523681956,1396.0000000000002,0.0,0
5,-impAstar,16,318.0,2280.1213577181707,1425.4999999999998,0.0,0
5,-impAstar,17,338.6666666666667,2253.2519598557997,1455.0,0.0,0
5,-impAstar,18,336.3333333333333,2357.161600345154,1398.0,0.0,0
5,-impAstar,19,293.6666666666667,2399.9206646693856,1428.3333333333335,0.0,0
5,-impAstar,20,322.66666666666663,2322.130743847823,1415.8333333333333,0.0,0
5,-impAstar,21,322.66666666666663,2313.7982253293044,1419.5,0.0,0
5,-impAstar,22,299.6666666666667,2306.8754944077573,1422.1666666666667,0.0,0
5,-impAstar,23,322.66666666666663,2313.7982253293044,1419.5,0.0,0
5,-impAstar,24,336.3333333333333,2338.8360389174813,1413.3333333333335,0.0,0
5,-impAstar,25,322.0,2360.309789767597,1411.1666666666663,0.0,0
5,-impAstar,26,336.3333333333333,2338.8360389174813,1413.3333333333335,0.0,0
5,-impAstar,27,319.6666666666667,2269.9493600384776,1453.6666666666665,0.0,0
5,-impAstar,28,327.0,2280.087853732296,1421.5,0.0,0
5,-impAstar,29,309.6666666666667,2288.087486449109,1461.3333333333333,0.0,0
5,-impAstar,30,293.6666666666667,2360.427955348515,1429.1666666666667,0.0,0
5,-impAstar,31,322.66666666666663,2313.7982253293044,1419.5,0.0,0
5,-impAstar,32,320.33333333333337,2254.865281942682,1433.0,0.0,0
5,-impAstar,33,320.33333333333337,2261.921188224591,1429.0,0.0,0
5,-impAstar,34,336.3333333333333,2353.4989482489273,1401.3333333333335,0.0,0
5,-impAstar,35,319.6666666666667,2269.9493600384776,1453.6666666666665,0.0,0
5,-impAstar,36,322.66666666666663,2313.7982253293044,1419.5,0.0,0
5,-closedLoop,0,336.3333333333333,2338.8360389174813,1413.3333333333335,0.0,0
5,-closedLoop,1,322.66666666666663,2343.2151721430755,1414.8333333333333,0.0,0
5,-closedLoop,2,322.66666666666663,2313.7982253293044,1419.5,0.0,0
5,-closedLoop,3,366.0,2329.886887654417,1408.8333333333335,0.0,0
5,-closedLoop,4,307.0,2416.4680561575174,1418.0,0.0,0
5,-closedLoop,5,336.3333333333333,2365.434042200475,1395.3333333333335,0.0,0
5,-closedLoop,6,328.6666666666667,2425.604079237512,1410.5,0.0,0
5,-closedLoop,7,293.6666666666667,2381.289328713994,1429.0,0.0,0
5,-closedLoop,8,330.6666666666667,2330.4649128838164,1413.6666666666665,0.0,0
5,-closedLoop,9,366.0,2329.886887654417,1408.8333333333335,0.0,0
5,-closedLoop,10,336.3333333333333,2338.8360389174813,1413.3333333333335,0.0,0
5,-closedLoop,11,320.33333333333337,2261.921188224591,1429.0,0.0,0
5,-closedLoop,12,366.0,2330.220146913676,1408.5,0.0,0
5,-closedLoop,13,319.6666666666667,2269.9493600384776,1453.6666666666665,0.0,0
5,-closedLoop,14,307.0,2416.4680561575174,1418.0,0.0,0
5,-closedLoop,15,336.3333333333333,2364.767523681956,1396.0000000000002,0.0,0
5,-closedLoop,16,318.0,2280.1213577181707,1425.4999999999998,0.0,0
5,-closedLoop,17,338.6666666666667,2253.2519598557997,1455.0,0.0,0
5,-closedLoop,18,336.3333333333333,2357.161600345154,1398.0,0.0,0
5,-closedLoop,19,293.6666666666667,2399.9206646693856,1428.3333333333335,0.0,0
5,-closedLoop,20,322.66666666666663,2322.130743847823,1415.8333333333333,0.0,0
5,-closedLoop,21,322.66666666666663,2313.7982253293044,1419.5,0.0,0
5,-closedLoop,22,299.6666666666667,2306.8754944077573,1422.1666666666667,0.0,0
5,-closedLoop,23,322.66666666666663,2313.7982253293044,1419.5,0.0,0
5,-closedLoop,24,336.3333333333333,2338.8360389174813,1413.3333333333335,0.0,0
5,-closedLoop,25,322.0,2360.309789767597,1411.1666666666663,0.0,0
5,-closedLoop,26,336.3333333333333,2338.8360389174813,1413.3333333333335,0.0,0
5,-closedLoop,27,319.6666666666667,2269.9493600384776,1453.6666666666665,0.0,0
5,-closedLoop,28,327.0,2280.087853732296,1421.5,0.0,0
5,-closedLoop,29,309.6666666666667,2288.087486449109,1461.3333333333333,0.0,0
5,-closedLoop,30,293.6666666666667,2360.427955348515,1429.1666666666667,0.0,0
5,-closedLoop,31,322.66666666666663,2313.7982253293044,1419.5,0.0,0
5,-closedLoop,32,320.33333333333337,2254.865281942682,1433.0,0.0,0
5,-closedLoop,33,320.33333333333337,2261.921188224591,1429.0,0.0,0
5,-closedLoop,34,336.3333333333333,2353.4989482489273,1401.3333333333335,0.0,0
5,-closedLoop,35,319.6666666666667,2269.9493600384776,1453.6666666666665,0.0,0
5,-closedLoop,36,322.66666666666663,2313.7982253293044,1419.5,0.0,0
5,hard-only,0,325.6666666666667,2104.170652552023,1412.6666666666667,0.0,0
5,hard-only,1,325.6666666666667,2103.5568193533272,1418.666666666667,0.0,0
5,hard-only,2,312.3333333333333,2140.681175219007,1418.5,0.0,0
5,hard-only,3,318.33333333333337,2073.968492201393,1434.5000000000002,0.0,0
5,hard-only,4,304.33333333333337,2161.6305517964956,1445.6666666666667,0.0,0
5,hard-only,5,318.33333333333337,2073.968492201393,1434.5000000000002,0.0,0
5,hard-only,6,311.0,2060.8393705350422,1436.3333333333335,0.0,0
5,hard-only,7,309.6666666666667,2129.695649600423,1421.8333333333333,0.0,0
5,hard-only,8,305.0,2209.9523196325326,1425.1666666666667,0.0,1
5,hard-only,9,305.0,2196.219038422057,1426.6666666666665,0.0,0
5,hard-only,10,346.66666666666663,2071.060523057031,1435.3333333333335,0.0,0
5,hard-only,11,301.66666666666663,2201.343721761023,1431.3333333333333,0.0,0
5,hard-only,12,311.0,2060.8393705350422,1436.3333333333335,0.0,0
5,hard-only,13,309.6666666666667,2145.0141381819703,1416.8333333333333,0.0,0
5,hard-only,14,311.0,2078.581647918837,1427.6666666666665,0.0,0
5,hard-only,15,305.0,2186.2191865702052,1427.3333333333333,0.0,0
5,hard-only,16,325.6666666666667,2126.7169705093756,1412.0,0.0,0
5,hard-only,17,325.6666666666667,2104.170652552023,1412.6666666666667,0.0,0
5,hard-only,18,309.6666666666667,2145.0141381819703,1416.8333333333333,0.0,0
5,hard-only,19,318.33333333333337,2051.946710809397,1438.5000000000002,0.0,0
5,hard-only,20,325.6666666666667,2098.40167290175,1424.0,0.0,0
5,hard-only,21,305.0,2205.162834323505,1425.666666666667,0.0,0
5,hard-only,22,318.33333333333337,2051.946710809397,1438.5000000000002,0.0,0
5,hard-only,23,338.33333333333337,2072.701275747309,1435.1666666666667,0.0,0
5,hard-only,24,318.33333333333337,2073.968492201393,1434.5000000000002,0.0,0
5,hard-only,25,325.6666666666667,2104.170652552023,1412.6666666666667,0.0,0
5,hard-only,26,309.6666666666667,2128.598105281476,1429.5,0.0,0
5,hard-only,27,311.0,2060.8393705350422,1436.3333333333335,0.0,0
5,hard-only,28,333.3333333333333,2175.282346794224,1408.8333333333335,0.0,0
5,hard-only,29,305.0,2186.2191865702052,1427.3333333333333,0.0,0
5,hard-only,30,311.0,2060.8393705350422,1436.3333333333335,0.0,0
5,hard-only,31,350.0,2095.950939609427,1420.3333333333333,0.0,0
5,hard-only,32,325.6666666666667,2103.5568193533272,1418.666666666667,0.0,0
5,hard-only,33,311.0,2060.8393705350422,1436.3333333333335,0.0,0
5,GA-SA-multiSoH,0,302.6666666666667,2207.8053691173322,1382.0000000000002,0.0,1
6,Full,0,391.66666666666663,2426.6587702866136,1323.5,0.0,0
6,Full,1,406.3333333333333,2481.745748824269,1321.3333333333335,0.0,0
6,Full,2,314.0,2140.6426080411798,1342.0000000000002,0.0,0
6,Full,3,302.33333333333337,2150.3574579465057,1337.0000000000002,0.0,0
6,Full,4,302.33333333333337,2125.0310936412116,1361.5,0.0,0
6,Full,5,406.3333333333333,2481.745748824269,1321.3333333333335,0.0,0
6,Full,6,322.0,2129.1345383764346,1340.3333333333335,0.0,0
6,Full,7,297.6666666666667,2142.7637080846303,1341.8333333333335,0.0,0
6,Full,8,319.3333333333333,2116.6359087468054,1346.5,0.0,0
6,Full,9,324.0,2130.0433654206586,1338.1666666666665,0.0,0
6,Full,10,292.6666666666667,2164.5446654290754,1330.0,0.0,0
6,Full,11,324.0,2151.4325223377837,1336.6666666666667,0.0,0
6,Full,12,314.0,2140.6426080411798,1342.0000000000002,0.0,0
6,Full,13,302.33333333333337,2163.5234600730737,1336.5,0.0,0
6,Full,14,310.3333333333333,2089.1140229356897,1361.6666666666667,0.0,0
6,Full,15,320.0,2148.966345978905,1340.0,0.0,0
6,Full,16,340.3333333333333,2280.1747977753757,1324.3333333333333,0.0,0
6,Full,17,349.33333333333337,2198.9172843081165,1329.3333333333333,0.0,0
6,Full,18,304.0,2095.5906289644986,1347.0,0.0,0
6,Full,19,349.33333333333337,2148.751543567376,1333.5,0.0,0
6,Full,20,349.33333333333337,2148.751543567376,1333.5,0.0,0
6,Full,21,292.6666666666667,2164.5446654290754,1330.0,0.0,0
6,Full,22,302.3333333333333,2124.505174732962,1363.8333333333333,0.0,0
6,-health,0,353.0,1776.0489232936395,1372.3333333333333,0.0,0
6,-health,1,317.0,1821.9837296815508,1376.3333333333333,0.0,0
6,-health,2,343.0,1805.5962403192573,1362.0000000000002,0.0,0
6,-health,3,350.99999999999994,1788.720414633952,1376.8333333333333,0.0,0
6,-health,4,350.99999999999994,1788.720414633952,1376.8333333333333,0.0,0
6,-health,5,353.99999999999994,1821.294194095111,1359.6666666666667,0.0,0
6,-health,6,325.66666666666663,1860.8515541091379,1341.5,0.0,0
6,-health,7,322.3333333333333,1831.5223133106908,1364.5000000000002,0.0,0
6,-health,8,308.66666666666663,1847.8595121217545,1372.6666666666667,0.0,0
6,-health,9,350.99999999999994,1781.0567412872958,1379.833333333333,0.0,0
6,-health,10,343.0,1805.5962403192573,1362.0000000000002,0.0,0
6,-health,11,309.6666666666667,1872.848123612593,1352.0,0.0,0
6,-health,12,324.33333333333337,1801.4176567033028,1373.8333333333333,0.0,0
6,-health,13,317.0,1821.9837296815508,1376.3333333333333,0.0,0
6,-health,14,343.0,1805.5962403192573,1362.0000000000002,0.0,0
6,-health,15,339.6666666666667,1806.648326425406,1360.5,0.0,0
6,-health,16,304.6666666666667,1871.7808232393677,1368.3333333333335,0.0,0
6,-health,17,324.33333333333337,1802.7506937403398,1372.5,0.0,0
6,-health,18,344.0,1829.8706478821027,1356.4999999999998,0.0,0
6,-health,19,309.6666666666667,1884.8583921509007,1350.3333333333335,0.0,0
6,-health,20,314.33333333333337,1884.087531339123,1348.8333333333335,0.0,0
6,-health,21,309.6666666666667,1872.848123612593,1352.0,0.0,0
6,-health,22,339.3333333333333,1809.6675320976185,1360.3333333333333,0.0,0
6,-health,23,324.33333333333337,1771.226587865492,1382.8333333333333,0.0,0
6,-health,24,353.99999999999994,1821.294194095111,1359.6666666666667,0.0,0
6,-health,25,344.0,1840.1654101293718,1349.833333333333,0.0,0
6,-health,26,314.33333333333337,1884.087531339123,1348.8333333333335,0.0,0
6,-health,27,336.6666666666667,1839.4608607617783,1359.6666666666667,0.0,0
6,-health,28,322.3333333333333,1841.1881651625424,1360.8333333333333,0.0,0
6,-health,29,342.33333333333337,1845.1209484935855,1353.3333333333335,0.0,0
6,-health,30,344.0,1840.1654101293718,1349.833333333333,0.0,0
6,-health,31,322.3333333333333,1841.1881651625424,1360.8333333333333,0.0,0
6,-health,32,308.66666666666663,1846.8612158254582,1380.3333333333335,0.0,0
6,-health,33,309.6666666666667,1872.848123612593,1352.0,0.0,0
6,-health,34,327.66666666666663,1843.2859800585695,1359.9999999999998,0.0,0
6,-health,35,310.0,1854.2644199088895,1350.3333333333335,0.0,0
6,-health,36,322.3333333333333,1831.5223133106908,1364.5000000000002,0.0,0
6,-health,37,347.0,1824.1355350846914,1356.1666666666667,0.0,0
6,-health,38,319.0,1806.4328262318604,1366.1666666666663,0.0,0
6,-health,39,323.0,1849.1291830494147,1345.5000000000002,0.0,0
6,-health,40,309.6666666666667,1870.5556735130301,1359.0000000000002,0.0,0
6,-health,41,347.0,1824.1355350846914,1356.1666666666667,0.0,0
6,-health,42,314.33333333333337,1884.087531339123,1348.8333333333335,0.0,0
6,-health,43,311.0,1835.8609656093454,1361.5,0.0,0
6,-health,44,327.0,1795.3546182698763,1370.0,0.0,0
6,-health,45,345.6666666666667,1827.7202979851445,1353.4999999999998,0.0,0
6,-health,46,323.0,1843.7977845459923,1359.5000000000002,0.0,0
6,-health,47,306.6666666666667,1855.0174199088895,1363.8333333333335,0.0,0
6,-health,48,304.6666666666667,1871.7808232393677,1368.3333333333335,0.0,0
6,-health,49,325.66666666666663,1845.29176874196,1343.8333333333333,0.0,0
6,-health,50,317.66666666666663,1883.3643667643025,1342.166666666667,0.0,0
6,-health,51,332.3333333333333,1790.2153344334495,1382.6666666666665,0.0,0
6,-health,52,309.6666666666667,1893.2862148026923,1321.1666666666667,0.0,0
6,-health,53,309.6666666666667,1872.848123612593,1352.0,0.0,0
6,-health,54,343.0,1805.5962403192573,1362.0000000000002,0.0,0
6,-health,55,345.6666666666667,1827.7202979851445,1353.4999999999998,0.0,0
6,-health,56,324.33333333333337,1801.4176567033028,1373.8333333333333,0.0,0
6,-health,57,336.33333333333337,1745.5599211988256,1382.8333333333333,0.0,0
6,-health,58,377.3333333333333,1840.8178243990328,1346.1666666666667,0.0,0
6,-health,59,324.33333333333337,1798.7641646830841,1376.1666666666665,0.0,0
6,-health,60,311.0,1835.8609656093454,1361.5,0.0,0
6,-health,61,327.66666666666663,1843.2859800585695,1359.9999999999998,0.0,0
6,-health,62,350.99999999999994,1788.720414633952,1376.8333333333333,0.0,0
6,-health,63,325.66666666666663,1845.29176874196,1343.8333333333333,0.0,0
6,-health,64,317.66666666666663,1871.6093787949235,1346.8333333333335,0.0,0
6,-health,65,324.33333333333337,1801.4176567033028,1373.8333333333333,0.0,0
6,-health,66,330.33333333333337,1822.146914866736,1360.6666666666665,0.0,0
6,-health,67,304.6666666666667,1871.7808232393677,1368.3333333333335,0.0,0
6,-health,68,324.33333333333337,1803.8280748929303,1371.3333333333333,0.0,0
6,-health,69,382.6666666666667,1828.0277695469213,1352.0,0.0,1
6,-health,70,332.3333333333333,1790.4319373429717,1362.1666666666665,0.0,0
6,-health,71,353.99999999999994,1821.294194095111,1359.6666666666667,0.0,0
6,-health,72,332.3333333333333,1790.2153344334495,1382.6666666666665,0.0,0
6,-health,73,308.0,1869.8535149361142,1362.166666666667,0.0,0
6,-health,74,324.33333333333337,1798.7641646830841,1376.1666666666665,0.0,0
6,-health,75,303.6666666666667,1866.6218711481588,1368.5,0.0,0
6,-health,76,316.3333333333333,1807.882815914931,1386.3333333333335,0.0,0
6,-health,77,310.0,1854.2644199088895,1350.3333333333335,0.0,0
6,-health,78,345.6666666666667,1831.7121841551511,1352.5,0.0,0
6,-health,79,336.33333333333337,1748.0594397173436,1380.6666666666665,0.0,0
6,-health,80,325.66666666666663,1808.1836818485078,1364.5,0.0,0
6,-health,81,309.6666666666667,1885.899902079724,1330.3333333333335,0.0,0
6,-health,82,309.6666666666667,1880.6811236125932,1350.5,0.0,0
6,-health,83,325.66666666666663,1845.29176874196,1343.8333333333333,0.0,0
6,-health,84,304.6666666666667,1864.8679852706784,1373.0000000000002,0.0,0
6,-health,85,316.3333333333333,1805.8829640630793,1387.0,0.0,0
6,-health,86,322.3333333333333,1832.1888318292092,1363.8333333333335,0.0,0
6,-health,87,322.3333333333333,1832.1888318292092,1363.8333333333335,0.0,0
6,-adaptW,0,293.33333333333337,2061.591102230254,1349.5,0.0,0
6,-adaptW,1,292.0,2117.472128325237,1332.3333333333333,0.0,0
6,-adaptW,2,296.0,2028.2408293391227,1323.0,0.0,1
6,-adaptW,3,297.3333333333333,2020.792442887357,1333.8333333333333,0.0,0
6,-adaptW,4,303.66666666666663,2058.636541627114,1316.6666666666667,0.0,0
6,-adaptW,5,355.33333333333337,2044.74023674653,1320.3333333333333,0.0,0
6,-adaptW,6,297.3333333333333,2020.792442887357,1333.8333333333333,0.0,0
6,-adaptW,7,303.66666666666663,2058.636541627114,1316.6666666666667,0.0,0
6,-adaptW,8,297.3333333333333,2020.792442887357,1333.8333333333333,0.0,0
6,-adaptW,9,303.66666666666663,2058.636541627114,1316.6666666666667,0.0,0
6,-adaptW,10,303.66666666666663,2058.636541627114,1316.6666666666667,0.0,0
6,-adaptW,11,294.99999999999994,2080.861324203381,1323.0000000000002,0.0,0
6,-adaptW,12,293.33333333333337,2061.591102230254,1349.5,0.0,0
6,-adaptW,13,318.66666666666663,2014.486333287593,1332.9999999999998,0.0,0
6,-adaptW,14,303.66666666666663,2058.636541627114,1316.6666666666667,0.0,0
6,-adaptW,15,297.3333333333333,2020.792442887357,1333.8333333333333,0.0,0
6,-adaptW,16,307.3333333333333,2025.2575247129284,1330.6666666666665,0.0,0
6,-adaptW,17,302.6666666666667,2022.502703514028,1330.9999999999998,0.0,0
6,-adaptW,18,296.0,2028.2408293391227,1323.0,0.0,0
6,-adaptW,19,297.3333333333333,2020.792442887357,1333.8333333333333,0.0,0
6,-adaptW,20,317.33333333333337,2133.4221078934906,1315.8333333333335,0.0,0
6,-adaptW,21,303.66666666666663,2087.2535208977924,1316.3333333333335,0.0,0
6,-adaptW,22,297.3333333333333,2020.792442887357,1333.8333333333333,0.0,0
6,-adaptW,23,336.33333333333337,2047.3934422878674,1318.8333333333335,0.0,0
6,-adaptW,24,303.66666666666663,2054.970689775262,1320.3333333333335,0.0,0
6,-adaptW,25,303.66666666666663,2058.636541627114,1316.6666666666667,0.0,0
6,-adaptW,26,297.3333333333333,2020.792442887357,1333.8333333333333,0.0,0
6,-adaptW,27,293.33333333333337,2061.591102230254,1349.5,0.0,0
6,-adaptW,28,297.3333333333333,2020.792442887357,1333.8333333333333,0.0,0
6,-adaptW,29,335.66666666666663,2027.6078110368219,1321.5,0.0,0
6,-adaptW,30,297.3333333333333,2072.368405454025,1317.3333333333333,0.0,0
6,-adaptW,31,297.3333333333333,1992.8206572162874,1338.8333333333335,0.0,0
6,-adaptW,32,339.33333333333337,2063.962617017341,1311.5,0.0,0
6,-adaptW,33,304.6666666666667,2087.973829497427,1316.1666666666667,0.0,0
6,-adaptW,34,294.99999999999994,2080.861324203381,1323.0000000000002,0.0,0
6,-adaptW,35,297.3333333333333,2020.792442887357,1333.8333333333333,0.0,0
6,-adaptW,36,303.66666666666663,2058.636541627114,1316.6666666666667,0.0,0
6,-adaptW,37,303.66666666666663,2058.636541627114,1316.6666666666667,0.0,0
6,-adaptW,38,292.0,2117.472128325237,1332.3333333333333,0.0,0
6,-adaptW,39,303.66666666666663,2058.636541627114,1316.6666666666667,0.0,0
6,-adaptW,40,297.3333333333333,2020.792442887357,1333.8333333333333,0.0,0
6,-adaptW,41,320.6666666666667,2105.290062524435,1310.6666666666667,0.0,0
6,-adaptW,42,297.3333333333333,1998.7942348506124,1334.0,0.0,0
6,-adaptW,43,299.6666666666667,2020.0103494607279,1333.3333333333337,0.0,0
6,-adaptW,44,339.33333333333337,2063.962617017341,1311.5,0.0,0
6,-adaptW,45,297.3333333333333,2020.792442887357,1333.8333333333333,0.0,0
6,-adaptW,46,296.0,2028.2408293391227,1323.0,0.0,0
6,-adaptW,47,296.0,2028.2408293391227,1323.0,0.0,0
6,-adaptW,48,296.0,2028.2408293391227,1323.0,0.0,0
6,-adaptW,49,303.66666666666663,2050.778571639485,1322.6666666666667,0.0,0
6,-adaptW,50,303.66666666666663,2058.636541627114,1316.6666666666667,0.0,0
6,-adaptW,51,336.33333333333337,2047.3934422878674,1318.8333333333335,0.0,0
6,-adaptW,52,336.33333333333337,2047.3934422878674,1318.8333333333335,0.0,0
6,-adaptW,53,296.0,2028.2408293391227,1323.0,0.0,0
6,-adaptW,54,303.66666666666663,2055.97046755304,1319.3333333333333,0.0,0
6,-adaptW,55,296.0,2067.137393478966,1320.5000000000002,0.0,0
6,-adaptW,56,291.66666666666663,2060.0473644372496,1355.0000000000002,0.0,0
6,-impAstar,0,391.66666666666663,2426.6587702866136,1323.5,0.0,0
6,-impAstar,1,406.3333333333333,2481.745748824269,1321.3333333333335,0.0,0
6,-impAstar,2,314.0,2140.6426080411798,1342.0000000000002,0.0,0
6,-impAstar,3,302.33333333333337,2150.3574579465057,1337.0000000000002,0.0,0
6,-impAstar,4,302.33333333333337,2125.0310936412116,1361.5,0.0,0
6,-impAstar,5,406.3333333333333,2481.745748824269,1321.3333333333335,0.0,0
6,-impAstar,6,322.0,2129.1345383764346,1340.3333333333335,0.0,0
6,-impAstar,7,297.6666666666667,2142.7637080846303,1341.8333333333335,0.0,0
6,-impAstar,8,319.3333333333333,2116.6359087468054,1346.5,0.0,0
6,-impAstar,9,324.0,2130.0433654206586,1338.1666666666665,0.0,0
6,-impAstar,10,292.6666666666667,2164.5446654290754,1330.0,0.0,1
6,-impAstar,11,324.0,2151.4325223377837,1336.6666666666667,0.0,0
6,-impAstar,12,314.0,2140.6426080411798,1342.0000000000002,0.0,0
6,-impAstar,13,302.33333333333337,2163.5234600730737,1336.5,0.0,0
6,-impAstar,14,310.3333333333333,2089.1140229356897,1361.6666666666667,0.0,0
6,-impAstar,15,320.0,2148.966345978905,1340.0,0.0,0
6,-impAstar,16,340.3333333333333,2280.1747977753757,1324.3333333333333,0.0,0
6,-impAstar,17,349.33333333333337,2198.9172843081165,1329.3333333333333,0.0,0
6,-impAstar,18,304.0,2095.5906289644986,1347.0,0.0,0
6,-impAstar,19,349.33333333333337,2148.751543567376,1333.5,0.0,0
6,-impAstar,20,349.33333333333337,2148.751543567376,1333.5,0.0,0
6,-impAstar,21,292.6666666666667,2164.5446654290754,1330.0,0.0,0
6,-impAstar,22,302.3333333333333,2124.505174732962,1363.8333333333333,0.0,0
6,-closedLoop,0,391.66666666666663,2426.6587702866136,1323.5,0.0,0
6,-closedLoop,1,406.3333333333333,2481.745748824269,1321.3333333333335,0.0,0
6,-closedLoop,2,314.0,2140.6426080411798,1342.0000000000002,0.0,0
6,-closedLoop,3,302.33333333333337,2150.3574579465057,1337.0000000000002,0.0,0
6,-closedLoop,4,302.33333333333337,2125.0310936412116,1361.5,0.0,0
6,-closedLoop,5,406.3333333333333,2481.745748824269,1321.3333333333335,0.0,0
6,-closedLoop,6,322.0,2129.1345383764346,1340.3333333333335,0.0,0
6,-closedLoop,7,297.6666666666667,2142.7637080846303,1341.8333333333335,0.0,0
6,-closedLoop,8,319.3333333333333,2116.6359087468054,1346.5,0.0,0
6,-closedLoop,9,324.0,2130.0433654206586,1338.1666666666665,0.0,0
6,-closedLoop,10,292.6666666666667,2164.5446654290754,1330.0,0.0,0
6,-closedLoop,11,324.0,2151.4325223377837,1336.6666666666667,0.0,0
6,-closedLoop,12,314.0,2140.6426080411798,1342.0000000000002,0.0,0
6,-closedLoop,13,302.33333333333337,2163.5234600730737,1336.5,0.0,0
6,-closedLoop,14,310.3333333333333,2089.1140229356897,1361.6666666666667,0.0,0
6,-closedLoop,15,320.0,2148.966345978905,1340.0,0.0,0
6,-closedLoop,16,340.3333333333333,2280.1747977753757,1324.3333333333333,0.0,0
6,-closedLoop,17,349.33333333333337,2198.9172843081165,1329.3333333333333,0.0,0
6,-closedLoop,18,304.0,2095.5906289644986,1347.0,0.0,0
6,-closedLoop,19,349.33333333333337,2148.751543567376,1333.5,0.0,0
6,-closedLoop,20,349.33333333333337,2148.751543567376,1333.5,0.0,0
6,-closedLoop,21,292.6666666666667,2164.5446654290754,1330.0,0.0,0
6,-closedLoop,22,302.3333333333333,2124.505174732962,1363.8333333333333,0.0,0
6,hard-only,0,353.0,1776.0489232936395,1372.3333333333333,0.0,0
6,hard-only,1,317.0,1821.9837296815508,1376.3333333333333,0.0,0
6,hard-only,2,343.0,1805.5962403192573,1362.0000000000002,0.0,0
6,hard-only,3,350.99999999999994,1788.720414633952,1376.8333333333333,0.0,0
6,hard-only,4,350.99999999999994,1788.720414633952,1376.8333333333333,0.0,0
6,hard-only,5,353.99999999999994,1821.294194095111,1359.6666666666667,0.0,0
6,hard-only,6,325.66666666666663,1860.8515541091379,1341.5,0.0,0
6,hard-only,7,322.3333333333333,1831.5223133106908,1364.5000000000002,0.0,0
6,hard-only,8,308.66666666666663,1847.8595121217545,1372.6666666666667,0.0,0
6,hard-only,9,350.99999999999994,1781.0567412872958,1379.833333333333,0.0,0
6,hard-only,10,343.0,1805.5962403192573,1362.0000000000002,0.0,0
6,hard-only,11,309.6666666666667,1872.848123612593,1352.0,0.0,0
6,hard-only,12,324.33333333333337,1801.4176567033028,1373.8333333333333,0.0,0
6,hard-only,13,317.0,1821.9837296815508,1376.3333333333333,0.0,0
6,hard-only,14,343.0,1805.5962403192573,1362.0000000000002,0.0,0
6,hard-only,15,339.6666666666667,1806.648326425406,1360.5,0.0,0
6,hard-only,16,304.6666666666667,1871.7808232393677,1368.3333333333335,0.0,0
6,hard-only,17,324.33333333333337,1802.7506937403398,1372.5,0.0,0
6,hard-only,18,344.0,1829.8706478821027,1356.4999999999998,0.0,0
6,hard-only,19,309.6666666666667,1884.8583921509007,1350.3333333333335,0.0,0
6,hard-only,20,314.33333333333337,1884.087531339123,1348.8333333333335,0.0,0
6,hard-only,21,309.6666666666667,1872.848123612593,1352.0,0.0,0
6,hard-only,22,339.3333333333333,1809.6675320976185,1360.3333333333333,0.0,0
6,hard-only,23,324.33333333333337,1771.226587865492,1382.8333333333333,0.0,0
6,hard-only,24,353.99999999999994,1821.294194095111,1359.6666666666667,0.0,0
6,hard-only,25,344.0,1840.1654101293718,1349.833333333333,0.0,0
6,hard-only,26,314.33333333333337,1884.087531339123,1348.8333333333335,0.0,0
6,hard-only,27,336.6666666666667,1839.4608607617783,1359.6666666666667,0.0,0
6,hard-only,28,322.3333333333333,1841.1881651625424,1360.8333333333333,0.0,0
6,hard-only,29,342.33333333333337,1845.1209484935855,1353.3333333333335,0.0,0
6,hard-only,30,344.0,1840.1654101293718,1349.833333333333,0.0,0
6,hard-only,31,322.3333333333333,1841.1881651625424,1360.8333333333333,0.0,0
6,hard-only,32,308.66666666666663,1846.8612158254582,1380.3333333333335,0.0,0
6,hard-only,33,309.6666666666667,1872.848123612593,1352.0,0.0,0
6,hard-only,34,327.66666666666663,1843.2859800585695,1359.9999999999998,0.0,0
6,hard-only,35,310.0,1854.2644199088895,1350.3333333333335,0.0,0
6,hard-only,36,322.3333333333333,1831.5223133106908,1364.5000000000002,0.0,0
6,hard-only,37,347.0,1824.1355350846914,1356.1666666666667,0.0,0
6,hard-only,38,319.0,1806.4328262318604,1366.1666666666663,0.0,0
6,hard-only,39,323.0,1849.1291830494147,1345.5000000000002,0.0,0
6,hard-only,40,309.6666666666667,1870.5556735130301,1359.0000000000002,0.0,0
6,hard-only,41,347.0,1824.1355350846914,1356.1666666666667,0.0,0
6,hard-only,42,314.33333333333337,1884.087531339123,1348.8333333333335,0.0,0
6,hard-only,43,311.0,1835.8609656093454,1361.5,0.0,0
6,hard-only,44,327.0,1795.3546182698763,1370.0,0.0,0
6,hard-only,45,345.6666666666667,1827.7202979851445,1353.4999999999998,0.0,0
6,hard-only,46,323.0,1843.7977845459923,1359.5000000000002,0.0,0
6,hard-only,47,306.6666666666667,1855.0174199088895,1363.8333333333335,0.0,0
6,hard-only,48,304.6666666666667,1871.7808232393677,1368.3333333333335,0.0,0
6,hard-only,49,325.66666666666663,1845.29176874196,1343.8333333333333,0.0,0
6,hard-only,50,317.66666666666663,1883.3643667643025,1342.166666666667,0.0,0
6,hard-only,51,332.3333333333333,1790.2153344334495,1382.6666666666665,0.0,0
6,hard-only,52,309.6666666666667,1893.2862148026923,1321.1666666666667,0.0,0
6,hard-only,53,309.6666666666667,1872.848123612593,1352.0,0.0,0
6,hard-only,54,343.0,1805.5962403192573,1362.0000000000002,0.0,0
6,hard-only,55,345.6666666666667,1827.7202979851445,1353.4999999999998,0.0,0
6,hard-only,56,324.33333333333337,1801.4176567033028,1373.8333333333333,0.0,0
6,hard-only,57,336.33333333333337,1745.5599211988256,1382.8333333333333,0.0,0
6,hard-only,58,377.3333333333333,1840.8178243990328,1346.1666666666667,0.0,0
6,hard-only,59,324.33333333333337,1798.7641646830841,1376.1666666666665,0.0,0
6,hard-only,60,311.0,1835.8609656093454,1361.5,0.0,0
6,hard-only,61,327.66666666666663,1843.2859800585695,1359.9999999999998,0.0,0
6,hard-only,62,350.99999999999994,1788.720414633952,1376.8333333333333,0.0,0
6,hard-only,63,325.66666666666663,1845.29176874196,1343.8333333333333,0.0,0
6,hard-only,64,317.66666666666663,1871.6093787949235,1346.8333333333335,0.0,0
6,hard-only,65,324.33333333333337,1801.4176567033028,1373.8333333333333,0.0,0
6,hard-only,66,330.33333333333337,1822.146914866736,1360.6666666666665,0.0,0
6,hard-only,67,304.6666666666667,1871.7808232393677,1368.3333333333335,0.0,0
6,hard-only,68,324.33333333333337,1803.8280748929303,1371.3333333333333,0.0,0
6,hard-only,69,382.6666666666667,1828.0277695469213,1352.0,0.0,1
6,hard-only,70,332.3333333333333,1790.4319373429717,1362.1666666666665,0.0,0
6,hard-only,71,353.99999999999994,1821.294194095111,1359.6666666666667,0.0,0
6,hard-only,72,332.3333333333333,1790.2153344334495,1382.6666666666665,0.0,0
6,hard-only,73,308.0,1869.8535149361142,1362.166666666667,0.0,0
6,hard-only,74,324.33333333333337,1798.7641646830841,1376.1666666666665,0.0,0
6,hard-only,75,303.6666666666667,1866.6218711481588,1368.5,0.0,0
6,hard-only,76,316.3333333333333,1807.882815914931,1386.3333333333335,0.0,0
6,hard-only,77,310.0,1854.2644199088895,1350.3333333333335,0.0,0
6,hard-only,78,345.6666666666667,1831.7121841551511,1352.5,0.0,0
6,hard-only,79,336.33333333333337,1748.0594397173436,1380.6666666666665,0.0,0
6,hard-only,80,325.66666666666663,1808.1836818485078,1364.5,0.0,0
6,hard-only,81,309.6666666666667,1885.899902079724,1330.3333333333335,0.0,0
6,hard-only,82,309.6666666666667,1880.6811236125932,1350.5,0.0,0
6,hard-only,83,325.66666666666663,1845.29176874196,1343.8333333333333,0.0,0
6,hard-only,84,304.6666666666667,1864.8679852706784,1373.0000000000002,0.0,0
6,hard-only,85,316.3333333333333,1805.8829640630793,1387.0,0.0,0
6,hard-only,86,322.3333333333333,1832.1888318292092,1363.8333333333335,0.0,0
6,hard-only,87,322.3333333333333,1832.1888318292092,1363.8333333333335,0.0,0
6,GA-SA-multiSoH,3,283.3333333333333,2134.328523784577,1322.833333333333,0.0,1
7,Full,0,298.66666666666663,2277.261091976052,1361.3333333333335,0.0,0
7,Full,1,300.0,2241.31542532854,1371.6666666666665,0.0,0
7,Full,2,298.66666666666663,2277.261091976052,1361.3333333333335,0.0,0
7,Full,3,300.0,2241.31542532854,1371.6666666666665,0.0,0
7,Full,4,300.0,2284.19464894919,1360.6666666666665,0.0,0
7,Full,5,299.00000000000006,2229.2977738730606,1390.1666666666667,0.0,0
7,Full,6,350.0,2292.0694770947803,1356.4999999999998,0.0,0
7,Full,7,298.66666666666663,2277.261091976052,1361.3333333333335,0.0,0
7,Full,8,298.66666666666663,2277.261091976052,1361.3333333333335,0.0,0
7,Full,9,300.0,2284.19464894919,1360.6666666666665,0.0,0
7,Full,10,320.66666666666663,2266.0305274850307,1359.0000000000002,0.0,0
7,Full,11,309.66666666666663,2241.0355511583543,1373.333333333333,0.0,0
7,Full,12,326.66666666666663,2215.9033241277302,1396.0000000000002,0.0,0
7,Full,13,297.0,2241.649272731111,1362.6666666666665,0.0,0
7,Full,14,301.33333333333337,2216.044959636865,1388.6666666666665,0.0,0
7,Full,15,309.66666666666663,2241.0355511583543,1373.333333333333,0.0,0
7,Full,16,309.33333333333337,2238.522319259135,1373.3333333333335,0.0,0
7,Full,17,297.0,2260.531243658004,1362.1666666666665,0.0,0
7,Full,18,299.00000000000006,2229.2977738730606,1390.1666666666667,0.0,0
7,Full,19,312.6666666666667,2243.979580333213,1359.3333333333335,0.0,0
7,Full,20,338.0,2318.7961810550155,1350.5,0.0,0
7,Full,21,291.0,2232.1930756134816,1378.3333333333333,0.0,0
7,Full,22,300.0,2287.860500801042,1357.0,0.0,0
7,Full,23,309.3333333333333,2221.525988048901,1375.8333333333333,0.0,0
7,Full,24,298.66666666666663,2277.261091976052,1361.3333333333335,0.0,0
7,Full,25,298.66666666666663,2277.261091976052,1361.3333333333335,0.0,0
7,Full,26,338.0,2317.2665249819047,1353.8333333333333,0.0,0
7,Full,27,331.6666666666667,2236.092783936857,1367.1666666666667,0.0,0
7,Full,28,303.6666666666667,2333.5941402171434,1351.8333333333333,0.0,0
7,Full,29,291.0,2251.7506332053513,1371.1666666666665,0.0,0
7,Full,30,338.0,2317.5578772159556,1351.166666666667,0.0,0
7,Full,31,298.66666666666663,2277.261091976052,1361.3333333333335,0.0,0
7,-health,0,308.0,1856.81710868045,1317.0000000000002,0.0,0
7,-health,1,308.0,1856.81710868045,1317.0000000000002,0.0,0
7,-health,2,304.33333333333337,1827.2984493150643,1334.3333333333335,0.0,0
7,-health,3,339.6666666666667,1931.4368748485151,1314.5000000000002,0.0,1
7,-health,4,306.3333333333333,1761.0180507416137,1379.3333333333335,0.0,0
7,-health,5,308.0,1856.81710868045,1317.0000000000002,0.0,0
7,-health,6,304.33333333333337,1827.2984493150643,1334.3333333333335,0.0,0
7,-health,7,306.3333333333333,1761.0180507416137,1379.3333333333335,0.0,0
7,-health,8,316.0,1786.5161988897619,1371.0,0.0,0
7,-health,9,316.0,1786.5161988897619,1371.0,0.0,0
7,-health,10,327.6666666666667,1778.684495186058,1378.3333333333335,0.0,0
7,-health,11,339.6666666666667,1931.4368748485151,1314.5000000000002,0.0,0
7,-health,12,308.0,1856.81710868045,1317.0000000000002,0.0,0
7,-health,13,308.0,1856.81710868045,1317.0000000000002,0.0,0
7,-health,14,302.6666666666667,1853.70123410815,1320.3333333333335,0.0,0
7,-health,15,304.0,1849.5285224863303,1317.8333333333335,0.0,0
7,-health,16,308.0,1840.9715739437195,1321.8333333333335,0.0,0
7,-health,17,339.6666666666667,1931.4368748485151,1314.5000000000002,0.0,0
7,-health,18,304.0,1849.5285224863303,1317.8333333333335,0.0,0
7,-health,19,308.0,1856.81710868045,1317.0000000000002,0.0,0
7,-health,20,339.6666666666667,1931.4368748485151,1314.5000000000002,0.0,0
7,-health,21,304.0,1844.196078041886,1321.8333333333335,0.0,0
7,-health,22,304.33333333333337,1809.9700048706202,1356.3333333333335,0.0,0
7,-health,23,304.0,1873.7619625939894,1317.166666666667,0.0,0
7,-health,24,308.0,1856.81710868045,1317.0000000000002,0.0,0
7,-health,25,279.6666666666667,1828.6442437299306,1324.166666666667,0.0,0
7,-health,26,304.0,1849.5285224863303,1317.8333333333335,0.0,0
7,-health,27,302.6666666666667,1813.498317183693,1336.6666666666667,0.0,0
7,-health,28,304.0,1945.6982804270253,1314.5000000000002,0.0,0
7,-health,29,279.6666666666667,1821.1472066928939,1337.5000000000002,0.0,0
7,-health,30,300.0,1766.5189025934656,1383.1666666666667,0.0,0
7,-health,31,302.6666666666667,1872.7006785525946,1317.8333333333335,0.0,0
7,-health,32,306.3333333333333,1805.5158285193916,1369.3333333333335,0.0,0
7,-health,33,308.0,1856.81710868045,1317.0000000000002,0.0,0
7,-health,34,302.6666666666667,1812.4377142337034,1349.5000000000002,0.0,0
7,-health,35,316.0,1780.3957504307348,1376.3333333333333,0.0,0
7,-health,36,308.0,1859.1123385770907,1315.0,0.0,0
7,-health,37,302.6666666666667,1826.374618472974,1334.8333333333335,0.0,0
7,-health,38,339.6666666666667,1931.4368748485151,1314.5000000000002,0.0,0
7,-health,39,302.6666666666667,1821.5151757334932,1335.3333333333335,0.0,0
7,-health,40,306.3333333333333,1754.37743550238,1383.0,0.0,0
7,-adaptW,0,293.3333333333333,2094.0904381060473,1353.166666666667,0.0,0
7,-adaptW,1,293.3333333333333,2094.0904381060473,1353.166666666667,0.0,0
7,-adaptW,2,352.3333333333333,2035.0252177971786,1361.5,0.0,0
7,-adaptW,3,352.3333333333333,2035.0252177971786,1361.5,0.0,0
7,-adaptW,4,324.0,2070.217796543234,1348.6666666666667,0.0,0
7,-adaptW,5,295.3333333333333,2076.1855871849516,1348.3333333333335,0.0,0
7,-adaptW,6,295.3333333333333,2071.264518782716,1352.0,0.0,0
7,-adaptW,7,293.3333333333333,2094.0904381060473,1353.166666666667,0.0,0
7,-adaptW,8,295.3333333333333,2076.1855871849516,1348.3333333333335,0.0,0
7,-adaptW,9,331.3333333333333,2050.284542572225,1364.1666666666667,0.0,0
7,-adaptW,10,343.6666666666667,2161.9433019184753,1326.3333333333335,0.0,0
7,-adaptW,11,293.3333333333333,2094.0904381060473,1353.166666666667,0.0,0
7,-adaptW,12,324.0,2063.8988175219397,1352.6666666666665,0.0,0
7,-adaptW,13,295.3333333333333,2185.3712644183483,1340.8333333333333,0.0,0
7,-adaptW,14,341.66666666666663,2183.164504350517,1327.3333333333335,0.0,1
7,-adaptW,15,295.3333333333333,2185.3712644183483,1340.8333333333333,0.0,0
7,-adaptW,16,343.6666666666667,2161.9433019184753,1326.3333333333335,0.0,0
7,-adaptW,17,295.3333333333333,2100.738332381711,1344.5000000000002,0.0,0
7,-adaptW,18,340.0,2070.006467224483,1350.3333333333335,0.0,0
7,-adaptW,19,359.6666666666667,2022.1906622416234,1356.0,0.0,0
7,-adaptW,20,318.66666666666663,2073.8585469984546,1343.5,0.0,0
7,-adaptW,21,295.3333333333333,2076.1855871849516,1348.3333333333335,0.0,0
7,-adaptW,22,287.6666666666667,2108.4162957975386,1360.0000000000002,0.0,0
7,-adaptW,23,318.66666666666663,2079.307690249567,1338.8333333333335,0.0,0
7,-adaptW,24,317.33333333333337,2048.2088633155777,1365.8333333333335,0.0,0
7,-adaptW,25,293.3333333333333,2110.7824971431874,1346.6666666666667,0.0,0
7,-adaptW,26,352.3333333333333,2035.0252177971786,1361.5,0.0,0
7,-adaptW,27,343.6666666666667,2161.9433019184753,1326.3333333333335,0.0,0
7,-adaptW,28,295.3333333333333,2185.3712644183483,1340.8333333333333,0.0,0
7,-adaptW,29,295.3333333333333,2185.3712644183483,1340.8333333333333,0.0,0
7,-adaptW,30,352.3333333333333,2035.0252177971786,1361.5,0.0,0
7,-adaptW,31,293.3333333333333,2095.249283093281,1349.5000000000002,0.0,0
7,-adaptW,32,327.6666666666667,2194.276561177735,1326.0000000000002,0.0,0
7,-adaptW,33,318.66666666666663,2079.307690249567,1338.8333333333335,0.0,0
7,-adaptW,34,334.6666666666667,2057.4377714036627,1353.0,0.0,0
7,-adaptW,35,293.3333333333333,2085.584764574762,1359.1666666666667,0.0,0
7,-adaptW,36,295.3333333333333,2185.3712644183483,1340.8333333333333,0.0,0
7,-adaptW,37,302.3333333333333,2081.796289580105,1330.0,0.0,0
7,-adaptW,38,324.0,2070.217796543234,1348.6666666666667,0.0,0
7,-impAstar,0,298.66666666666663,2277.261091976052,1361.3333333333335,0.0,0
7,-impAstar,1,300.0,2241.31542532854,1371.6666666666665,0.0,0
7,-impAstar,2,298.66666666666663,2277.261091976052,1361.3333333333335,0.0,0
7,-impAstar,3,300.0,2241.31542532854,1371.6666666666665,0.0,0
7,-impAstar,4,300.0,2284.19464894919,1360.6666666666665,0.0,0
7,-impAstar,5,299.00000000000006,2229.2977738730606,1390.1666666666667,0.0,0
7,-impAstar,6,350.0,2292.0694770947803,1356.4999999999998,0.0,1
7,-impAstar,7,298.66666666666663,2277.261091976052,1361.3333333333335,0.0,0
7,-impAstar,8,298.66666666666663,2277.261091976052,1361.3333333333335,0.0,0
7,-impAstar,9,300.0,2284.19464894919,1360.6666666666665,0.0,0
7,-impAstar,10,320.66666666666663,2266.0305274850307,1359.0000000000002,0.0,0
7,-impAstar,11,309.66666666666663,2241.0355511583543,1373.333333333333,0.0,0
7,-impAstar,12,326.66666666666663,2215.9033241277302,1396.0000000000002,0.0,0
7,-impAstar,13,297.0,2241.649272731111,1362.6666666666665,0.0,0
7,-impAstar,14,301.33333333333337,2216.044959636865,1388.6666666666665,0.0,0
7,-impAstar,15,309.66666666666663,2241.0355511583543,1373.333333333333,0.0,0
7,-impAstar,16,309.33333333333337,2238.522319259135,1373.3333333333335,0.0,0
7,-impAstar,17,297.0,2260.531243658004,1362.1666666666665,0.0,0
7,-impAstar,18,299.00000000000006,2229.2977738730606,1390.1666666666667,0.0,0
7,-impAstar,19,312.6666666666667,2243.979580333213,1359.3333333333335,0.0,0
7,-impAstar,20,338.0,2318.7961810550155,1350.5,0.0,0
7,-impAstar,21,291.0,2232.1930756134816,1378.3333333333333,0.0,0
7,-impAstar,22,300.0,2287.860500801042,1357.0,0.0,0
7,-impAstar,23,309.3333333333333,2221.525988048901,1375.8333333333333,0.0,0
7,-impAstar,24,298.66666666666663,2277.261091976052,1361.3333333333335,0.0,0
7,-impAstar,25,298.66666666666663,2277.261091976052,1361.3333333333335,0.0,0
7,-impAstar,26,338.0,2317.2665249819047,1353.8333333333333,0.0,0
7,-impAstar,27,331.6666666666667,2236.092783936857,1367.1666666666667,0.0,0
7,-impAstar,28,303.6666666666667,2333.5941402171434,1351.8333333333333,0.0,0
7,-impAstar,29,291.0,2251.7506332053513,1371.1666666666665,0.0,0
7,-impAstar,30,338.0,2317.5578772159556,1351.166666666667,0.0,0
7,-impAstar,31,298.66666666666663,2277.261091976052,1361.3333333333335,0.0,0
7,-closedLoop,0,298.66666666666663,2277.261091976052,1361.3333333333335,0.0,0
7,-closedLoop,1,300.0,2241.31542532854,1371.6666666666665,0.0,0
7,-closedLoop,2,298.66666666666663,2277.261091976052,1361.3333333333335,0.0,0
7,-closedLoop,3,300.0,2241.31542532854,1371.6666666666665,0.0,0
7,-closedLoop,4,300.0,2284.19464894919,1360.6666666666665,0.0,0
7,-closedLoop,5,299.00000000000006,2229.2977738730606,1390.1666666666667,0.0,0
7,-closedLoop,6,350.0,2292.0694770947803,1356.4999999999998,0.0,0
7,-closedLoop,7,298.66666666666663,2277.261091976052,1361.3333333333335,0.0,0
7,-closedLoop,8,298.66666666666663,2277.261091976052,1361.3333333333335,0.0,0
7,-closedLoop,9,300.0,2284.19464894919,1360.6666666666665,0.0,0
7,-closedLoop,10,320.66666666666663,2266.0305274850307,1359.0000000000002,0.0,0
7,-closedLoop,11,309.66666666666663,2241.0355511583543,1373.333333333333,0.0,0
7,-closedLoop,12,326.66666666666663,2215.9033241277302,1396.0000000000002,0.0,0
7,-closedLoop,13,297.0,2241.649272731111,1362.6666666666665,0.0,0
7,-closedLoop,14,301.33333333333337,2216.044959636865,1388.6666666666665,0.0,0
7,-closedLoop,15,309.66666666666663,2241.0355511583543,1373.333333333333,0.0,0
7,-closedLoop,16,309.33333333333337,2238.522319259135,1373.3333333333335,0.0,0
7,-closedLoop,17,297.0,2260.531243658004,1362.1666666666665,0.0,0
7,-closedLoop,18,299.00000000000006,2229.2977738730606,1390.1666666666667,0.0,0
7,-closedLoop,19,312.6666666666667,2243.979580333213,1359.3333333333335,0.0,0
7,-closedLoop,20,338.0,2318.7961810550155,1350.5,0.0,0
7,-closedLoop,21,291.0,2232.1930756134816,1378.3333333333333,0.0,0
7,-closedLoop,22,300.0,2287.860500801042,1357.0,0.0,0
7,-closedLoop,23,309.3333333333333,2221.525988048901,1375.8333333333333,0.0,0
7,-closedLoop,24,298.66666666666663,2277.261091976052,1361.3333333333335,0.0,0
7,-closedLoop,25,298.66666666666663,2277.261091976052,1361.3333333333335,0.0,0
7,-closedLoop,26,338.0,2317.2665249819047,1353.8333333333333,0.0,0
7,-closedLoop,27,331.6666666666667,2236.092783936857,1367.1666666666667,0.0,0
7,-closedLoop,28,303.6666666666667,2333.5941402171434,1351.8333333333333,0.0,0
7,-closedLoop,29,291.0,2251.7506332053513,1371.1666666666665,0.0,0
7,-closedLoop,30,338.0,2317.5578772159556,1351.166666666667,0.0,0
7,-closedLoop,31,298.66666666666663,2277.261091976052,1361.3333333333335,0.0,0
7,hard-only,0,308.0,1856.81710868045,1317.0000000000002,0.0,0
7,hard-only,1,308.0,1856.81710868045,1317.0000000000002,0.0,0
7,hard-only,2,304.33333333333337,1827.2984493150643,1334.3333333333335,0.0,0
7,hard-only,3,339.6666666666667,1931.4368748485151,1314.5000000000002,0.0,1
7,hard-only,4,306.3333333333333,1761.0180507416137,1379.3333333333335,0.0,0
7,hard-only,5,308.0,1856.81710868045,1317.0000000000002,0.0,0
7,hard-only,6,304.33333333333337,1827.2984493150643,1334.3333333333335,0.0,0
7,hard-only,7,306.3333333333333,1761.0180507416137,1379.3333333333335,0.0,0
7,hard-only,8,316.0,1786.5161988897619,1371.0,0.0,0
7,hard-only,9,316.0,1786.5161988897619,1371.0,0.0,0
7,hard-only,10,327.6666666666667,1778.684495186058,1378.3333333333335,0.0,0
7,hard-only,11,339.6666666666667,1931.4368748485151,1314.5000000000002,0.0,0
7,hard-only,12,308.0,1856.81710868045,1317.0000000000002,0.0,0
7,hard-only,13,308.0,1856.81710868045,1317.0000000000002,0.0,0
7,hard-only,14,302.6666666666667,1853.70123410815,1320.3333333333335,0.0,0
7,hard-only,15,304.0,1849.5285224863303,1317.8333333333335,0.0,0
7,hard-only,16,308.0,1840.9715739437195,1321.8333333333335,0.0,0
7,hard-only,17,339.6666666666667,1931.4368748485151,1314.5000000000002,0.0,0
7,hard-only,18,304.0,1849.5285224863303,1317.8333333333335,0.0,0
7,hard-only,19,308.0,1856.81710868045,1317.0000000000002,0.0,0
7,hard-only,20,339.6666666666667,1931.4368748485151,1314.5000000000002,0.0,0
7,hard-only,21,304.0,1844.196078041886,1321.8333333333335,0.0,0
7,hard-only,22,304.33333333333337,1809.9700048706202,1356.3333333333335,0.0,0
7,hard-only,23,304.0,1873.7619625939894,1317.166666666667,0.0,0
7,hard-only,24,308.0,1856.81710868045,1317.0000000000002,0.0,0
7,hard-only,25,279.6666666666667,1828.6442437299306,1324.166666666667,0.0,0
7,hard-only,26,304.0,1849.5285224863303,1317.8333333333335,0.0,0
7,hard-only,27,302.6666666666667,1813.498317183693,1336.6666666666667,0.0,0
7,hard-only,28,304.0,1945.6982804270253,1314.5000000000002,0.0,0
7,hard-only,29,279.6666666666667,1821.1472066928939,1337.5000000000002,0.0,0
7,hard-only,30,300.0,1766.5189025934656,1383.1666666666667,0.0,0
7,hard-only,31,302.6666666666667,1872.7006785525946,1317.8333333333335,0.0,0
7,hard-only,32,306.3333333333333,1805.5158285193916,1369.3333333333335,0.0,0
7,hard-only,33,308.0,1856.81710868045,1317.0000000000002,0.0,0
7,hard-only,34,302.6666666666667,1812.4377142337034,1349.5000000000002,0.0,0
7,hard-only,35,316.0,1780.3957504307348,1376.3333333333333,0.0,0
7,hard-only,36,308.0,1859.1123385770907,1315.0,0.0,0
7,hard-only,37,302.6666666666667,1826.374618472974,1334.8333333333335,0.0,0
7,hard-only,38,339.6666666666667,1931.4368748485151,1314.5000000000002,0.0,0
7,hard-only,39,302.6666666666667,1821.5151757334932,1335.3333333333335,0.0,0
7,hard-only,40,306.3333333333333,1754.37743550238,1383.0,0.0,0
7,GA-SA-multiSoH,0,282.6666666666667,2127.0347875146313,1321.5000000000002,0.0,1
8,Full,0,346.0,2490.1005370271246,1375.8333333333333,0.0,0
8,Full,1,346.0,2490.1005370271246,1375.8333333333333,0.0,0
8,Full,2,324.66666666666663,2228.6281581327376,1393.5,0.0,0
8,Full,3,324.66666666666663,2228.6281581327376,1393.5,0.0,0
8,Full,4,346.0,2490.1005370271246,1375.8333333333333,0.0,0
8,Full,5,324.66666666666663,2223.2123062808855,1397.1666666666667,0.0,0
8,Full,6,307.0,2258.866995294318,1391.1666666666667,0.0,0
8,Full,7,337.6666666666667,2433.846043697379,1378.6666666666665,0.0,0
8,Full,8,346.0,2489.434018508606,1376.5,0.0,0
8,Full,9,327.6666666666667,2515.938507625543,1382.4999999999998,0.0,0
8,Full,10,326.6666666666667,2363.6759478197505,1387.1666666666665,0.0,0
8,Full,11,324.66666666666663,2219.0577966010865,1397.3333333333335,0.0,0
8,Full,12,324.66666666666663,2228.6281581327376,1393.5,0.0,0
8,Full,13,324.66666666666663,2219.0577966010865,1397.3333333333335,0.0,0
8,Full,14,303.66666666666663,2207.0367640658383,1403.3333333333333,0.0,0
8,Full,15,346.0,2490.1005370271246,1375.8333333333333,0.0,0
8,Full,16,337.6666666666667,2395.8408708469365,1382.0000000000002,0.0,0
8,Full,17,324.66666666666663,2219.0577966010865,1397.3333333333335,0.0,0
8,Full,18,346.0,2490.1005370271246,1375.8333333333333,0.0,0
8,Full,19,324.66666666666663,2228.6281581327376,1393.5,0.0,0
8,Full,20,324.66666666666663,2228.6281581327376,1393.5,0.0,0
8,Full,21,326.6666666666667,2442.1807474010825,1384.8333333333333,0.0,0
8,Full,22,312.66666666666663,2385.82191755315,1388.0,0.0,0
8,Full,23,303.66666666666663,2207.0367640658383,1403.3333333333333,0.0,0
8,Full,24,326.3333333333333,2210.5438247994043,1389.0,0.0,0
8,Full,25,312.66666666666663,2385.82191755315,1388.0,0.0,0
8,Full,26,327.0,2208.3967454629737,1395.1666666666667,0.0,0
8,Full,27,303.66666666666663,2215.4109727471873,1399.3333333333333,0.0,0
8,Full,28,334.0,2296.7489184551623,1388.3333333333335,0.0,0
8,Full,29,346.0,2471.9499528975775,1378.1666666666665,0.0,0
8,-health,0,309.66666666666663,1876.8511041092586,1408.0,0.0,0
8,-health,1,311.66666666666663,2015.6764612578947,1383.6666666666665,0.0,0
8,-health,2,303.6666666666667,1914.326281395925,1386.3333333333333,0.0,0
8,-health,3,299.66666666666663,1944.1421903988387,1397.1666666666667,0.0,0
8,-health,4,303.6666666666667,1887.767664694478,1394.3333333333335,0.0,0
8,-health,5,353.66666666666663,1983.049833070678,1376.5000000000002,0.0,0
8,-health,6,343.6666666666667,2128.274532287027,1380.6666666666665,0.0,1
8,-health,7,328.3333333333333,2081.9269885008275,1381.3333333333333,0.0,0
8,-health,8,343.6666666666667,2128.274532287027,1380.6666666666665,0.0,0
8,-health,9,303.33333333333337,1939.02472311653,1397.6666666666667,0.0,0
8,-health,10,353.66666666666663,1997.22133476099,1370.0,0.0,0
8,-health,11,303.33333333333337,1898.1936675549514,1400.0000000000002,0.0,0
8,-health,12,303.6666666666667,1887.5753286754036,1402.3333333333335,0.0,0
8,-health,13,303.6666666666667,1909.993170284814,1387.3333333333333,0.0,0
8,-health,14,296.0,1912.9728152735129,1398.3333333333335,0.0,0
8,-health,15,309.66666666666663,1881.159698771066,1406.8333333333335,0.0,0
8,-health,16,297.0,1974.2333474396826,1395.6666666666667,0.0,0
8,-health,17,299.66666666666663,2003.9404057215893,1393.5000000000002,0.0,0
8,-health,18,332.66666666666663,1924.7311419135165,1383.3333333333335,0.0,0
8,-adaptW,0,319.3333333333333,2587.09546526662,1388.3333333333335,0.0,1
8,-adaptW,1,313.0,2427.6445290549677,1401.0,0.0,0
8,-adaptW,2,338.3333333333333,2479.7647667898964,1383.3333333333333,0.0,0
8,-adaptW,3,317.0,2550.043616614771,1394.0000000000002,0.0,0
8,-adaptW,4,333.3333333333333,2466.2422000463976,1388.8333333333335,0.0,0
8,-adaptW,5,333.3333333333333,2480.1172034402816,1376.3333333333335,0.0,0
8,-adaptW,6,322.3333333333333,2435.9412136466267,1398.1666666666667,0.0,0
8,-adaptW,7,340.6666666666667,2447.716976602897,1383.0000000000002,0.0,0
8,-adaptW,8,298.3333333333333,2379.028283953888,1404.1666666666667,0.0,0
8,-adaptW,9,317.0,2550.71013513329,1393.3333333333335,0.0,0
8,-adaptW,10,315.3333333333333,2378.1762046609592,1399.5,0.0,0
8,-adaptW,11,319.3333333333333,2587.09546526662,1388.3333333333335,0.0,0
8,-adaptW,12,332.3333333333333,2528.3748989458113,1386.3333333333335,0.0,0
8,-adaptW,13,333.3333333333333,2480.1172034402816,1376.3333333333335,0.0,0
8,-adaptW,14,370.6666666666667,2472.3883015894758,1378.6666666666665,0.0,0
8,-adaptW,15,333.3333333333333,2478.2455330467246,1385.0,0.0,0
8,-adaptW,16,323.66666666666663,2346.8865557845775,1432.0000000000002,0.0,0
8,-adaptW,17,338.3333333333333,2367.3631303062753,1431.0,0.0,0
8,-adaptW,18,307.3333333333333,2432.2845445898593,1401.6666666666667,0.0,0
8,-adaptW,19,338.3333333333333,2367.3631303062753,1431.0,0.0,0
8,-adaptW,20,313.0,2427.6445290549677,1401.0,0.0,0
8,-adaptW,21,336.0,2459.4362264078354,1391.5,0.0,0
8,-adaptW,22,353.3333333333333,2476.218536802025,1379.6666666666667,0.0,0
8,-adaptW,23,333.3333333333333,2480.1172034402816,1376.3333333333335,0.0,0
8,-adaptW,24,370.6666666666667,2472.3883015894758,1378.6666666666665,0.0,0
8,-adaptW,25,344.0,2359.2783906097025,1403.5000000000002,0.0,0
8,-adaptW,26,344.33333333333337,2392.6497270166533,1394.8333333333333,0.0,0
8,-adaptW,27,317.6666666666667,2489.3421917745204,1398.3333333333333,0.0,0
8,-adaptW,28,338.3333333333333,2387.389363463555,1395.1666666666667,0.0,0
8,-adaptW,29,344.0,2359.2783906097025,1403.5000000000002,0.0,0
8,-adaptW,30,338.3333333333333,2464.5712121590054,1390.666666666667,0.0,0
8,-adaptW,31,344.0,2356.7806498689615,1413.6666666666667,0.0,0
8,-adaptW,32,319.33333333333337,2470.070412480952,1387.0000000000002,0.0,0
8,-adaptW,33,317.6666666666667,2510.7954148919894,1396.6666666666665,0.0,0
8,-adaptW,34,370.6666666666667,2472.3883015894758,1378.6666666666665,0.0,0
8,-impAstar,0,346.0,2490.1005370271246,1375.8333333333333,0.0,1
8,-impAstar,1,346.0,2490.1005370271246,1375.8333333333333,0.0,0
8,-impAstar,2,324.66666666666663,2228.6281581327376,1393.5,0.0,0
8,-impAstar,3,324.66666666666663,2228.6281581327376,1393.5,0.0,0
8,-impAstar,4,346.0,2490.1005370271246,1375.8333333333333,0.0,0
8,-impAstar,5,324.66666666666663,2223.2123062808855,1397.1666666666667,0.0,0
8,-impAstar,6,307.0,2258.866995294318,1391.1666666666667,0.0,0
8,-impAstar,7,337.6666666666667,2433.846043697379,1378.6666666666665,0.0,0
8,-impAstar,8,346.0,2489.434018508606,1376.5,0.0,0
8,-impAstar,9,327.6666666666667,2515.938507625543,1382.4999999999998,0.0,0
8,-impAstar,10,326.6666666666667,2363.6759478197505,1387.1666666666665,0.0,0
8,-impAstar,11,324.66666666666663,2219.0577966010865,1397.3333333333335,0.0,0
8,-impAstar,12,324.66666666666663,2228.6281581327376,1393.5,0.0,0
8,-impAstar,13,324.66666666666663,2219.0577966010865,1397.3333333333335,0.0,0
8,-impAstar,14,303.66666666666663,2207.0367640658383,1403.3333333333333,0.0,0
8,-impAstar,15,346.0,2490.1005370271246,1375.8333333333333,0.0,0
8,-impAstar,16,337.6666666666667,2395.8408708469365,1382.0000000000002,0.0,0
8,-impAstar,17,324.66666666666663,2219.0577966010865,1397.3333333333335,0.0,0
8,-impAstar,18,346.0,2490.1005370271246,1375.8333333333333,0.0,0
8,-impAstar,19,324.66666666666663,2228.6281581327376,1393.5,0.0,0
8,-impAstar,20,324.66666666666663,2228.6281581327376,1393.5,0.0,0
8,-impAstar,21,326.6666666666667,2442.1807474010825,1384.8333333333333,0.0,0
8,-impAstar,22,312.66666666666663,2385.82191755315,1388.0,0.0,0
8,-impAstar,23,303.66666666666663,2207.0367640658383,1403.3333333333333,0.0,0
8,-impAstar,24,326.3333333333333,2210.5438247994043,1389.0,0.0,0
8,-impAstar,25,312.66666666666663,2385.82191755315,1388.0,0.0,0
8,-impAstar,26,327.0,2208.3967454629737,1395.1666666666667,0.0,0
8,-impAstar,27,303.66666666666663,2215.4109727471873,1399.3333333333333,0.0,0
8,-impAstar,28,334.0,2296.7489184551623,1388.3333333333335,0.0,0
8,-impAstar,29,346.0,2471.9499528975775,1378.1666666666665,0.0,0
8,-closedLoop,0,346.0,2490.1005370271246,1375.8333333333333,0.0,0
8,-closedLoop,1,346.0,2490.1005370271246,1375.8333333333333,0.0,0
8,-closedLoop,2,324.66666666666663,2228.6281581327376,1393.5,0.0,0
8,-closedLoop,3,324.66666666666663,2228.6281581327376,1393.5,0.0,0
8,-closedLoop,4,346.0,2490.1005370271246,1375.8333333333333,0.0,0
8,-closedLoop,5,324.66666666666663,2223.2123062808855,1397.1666666666667,0.0,0
8,-closedLoop,6,307.0,2258.866995294318,1391.1666666666667,0.0,0
8,-closedLoop,7,337.6666666666667,2433.846043697379,1378.6666666666665,0.0,0
8,-closedLoop,8,346.0,2489.434018508606,1376.5,0.0,0
8,-closedLoop,9,327.6666666666667,2515.938507625543,1382.4999999999998,0.0,0
8,-closedLoop,10,326.6666666666667,2363.6759478197505,1387.1666666666665,0.0,0
8,-closedLoop,11,324.66666666666663,2219.0577966010865,1397.3333333333335,0.0,0
8,-closedLoop,12,324.66666666666663,2228.6281581327376,1393.5,0.0,0
8,-closedLoop,13,324.66666666666663,2219.0577966010865,1397.3333333333335,0.0,0
8,-closedLoop,14,303.66666666666663,2207.0367640658383,1403.3333333333333,0.0,0
8,-closedLoop,15,346.0,2490.1005370271246,1375.8333333333333,0.0,0
8,-closedLoop,16,337.6666666666667,2395.8408708469365,1382.0000000000002,0.0,0
8,-closedLoop,17,324.66666666666663,2219.0577966010865,1397.3333333333335,0.0,0
8,-closedLoop,18,346.0,2490.1005370271246,1375.8333333333333,0.0,0
8,-closedLoop,19,324.66666666666663,2228.6281581327376,1393.5,0.0,0
8,-closedLoop,20,324.66666666666663,2228.6281581327376,1393.5,0.0,0
8,-closedLoop,21,326.6666666666667,2442.1807474010825,1384.8333333333333,0.0,0
8,-closedLoop,22,312.66666666666663,2385.82191755315,1388.0,0.0,0
8,-closedLoop,23,303.66666666666663,2207.0367640658383,1403.3333333333333,0.0,0
8,-closedLoop,24,326.3333333333333,2210.5438247994043,1389.0,0.0,0
8,-closedLoop,25,312.66666666666663,2385.82191755315,1388.0,0.0,0
8,-closedLoop,26,327.0,2208.3967454629737,1395.1666666666667,0.0,0
8,-closedLoop,27,303.66666666666663,2215.4109727471873,1399.3333333333333,0.0,0
8,-closedLoop,28,334.0,2296.7489184551623,1388.3333333333335,0.0,0
8,-closedLoop,29,346.0,2471.9499528975775,1378.1666666666665,0.0,0
8,hard-only,0,309.66666666666663,1876.8511041092586,1408.0,0.0,0
8,hard-only,1,311.66666666666663,2015.6764612578947,1383.6666666666665,0.0,0
8,hard-only,2,303.6666666666667,1914.326281395925,1386.3333333333333,0.0,0
8,hard-only,3,299.66666666666663,1944.1421903988387,1397.1666666666667,0.0,0
8,hard-only,4,303.6666666666667,1887.767664694478,1394.3333333333335,0.0,0
8,hard-only,5,353.66666666666663,1983.049833070678,1376.5000000000002,0.0,0
8,hard-only,6,343.6666666666667,2128.274532287027,1380.6666666666665,0.0,1
8,hard-only,7,328.3333333333333,2081.9269885008275,1381.3333333333333,0.0,0
8,hard-only,8,343.6666666666667,2128.274532287027,1380.6666666666665,0.0,0
8,hard-only,9,303.33333333333337,1939.02472311653,1397.6666666666667,0.0,0
8,hard-only,10,353.66666666666663,1997.22133476099,1370.0,0.0,0
8,hard-only,11,303.33333333333337,1898.1936675549514,1400.0000000000002,0.0,0
8,hard-only,12,303.6666666666667,1887.5753286754036,1402.3333333333335,0.0,0
8,hard-only,13,303.6666666666667,1909.993170284814,1387.3333333333333,0.0,0
8,hard-only,14,296.0,1912.9728152735129,1398.3333333333335,0.0,0
8,hard-only,15,309.66666666666663,1881.159698771066,1406.8333333333335,0.0,0
8,hard-only,16,297.0,1974.2333474396826,1395.6666666666667,0.0,0
8,hard-only,17,299.66666666666663,2003.9404057215893,1393.5000000000002,0.0,0
8,hard-only,18,332.66666666666663,1924.7311419135165,1383.3333333333335,0.0,0
8,GA-SA-multiSoH,0,303.0,2373.5464183687773,1356.0,0.0,1
9,Full,0,290.66666666666663,2102.5136825357063,1358.1666666666665,0.0,0
9,Full,1,284.3333333333333,2159.337418636472,1339.5000000000002,0.0,0
9,Full,2,298.0,2111.861074779166,1340.6666666666667,0.0,0
9,Full,3,315.33333333333337,2114.8058496489884,1338.9999999999998,0.0,0
9,Full,4,290.66666666666663,2092.9391587180326,1359.9999999999998,0.0,0
9,Full,5,357.0,2135.603388368361,1330.9999999999998,0.0,0
9,Full,6,298.0,2064.1366095183375,1347.8333333333333,0.0,0
9,Full,7,306.0,2138.447311449755,1330.6666666666667,0.0,0
9,Full,8,349.33333333333337,2046.2679446932152,1355.8333333333335,0.0,0
9,Full,9,290.66666666666663,2102.5136825357063,1358.1666666666665,0.0,0
9,Full,10,349.33333333333337,2037.2700928413633,1365.5,0.0,0
9,Full,11,296.0,2085.333127744519,1341.6666666666665,0.0,0
9,Full,12,368.6666666666667,2040.97031937319,1356.5,0.0,0
9,Full,13,284.3333333333333,2159.337418636472,1339.5000000000002,0.0,0
9,Full,14,290.66666666666663,2102.5136825357063,1358.1666666666665,0.0,0
9,Full,15,349.33333333333337,2037.2700928413633,1365.5,0.0,0
9,Full,16,296.6666666666667,2138.7170271301766,1329.5,0.0,0
9,Full,17,327.3333333333333,2106.771462442435,1337.3333333333333,0.0,0
9,Full,18,290.66666666666663,2120.9307623030595,1331.5,0.0,0
9,Full,19,284.33333333333337,2145.022457481764,1340.1666666666667,0.0,0
9,Full,20,290.66666666666663,2102.5136825357063,1358.1666666666665,0.0,0
9,Full,21,290.66666666666663,2120.9307623030595,1331.5,0.0,0
9,Full,22,327.0,2057.312437850797,1372.1666666666667,0.0,0
9,Full,23,301.0,2076.611843776247,1344.0,0.0,0
9,Full,24,315.33333333333337,2096.5958361536923,1340.1666666666665,0.0,0
9,Full,25,349.33333333333337,2037.2700928413633,1365.5,0.0,0
9,Full,26,349.33333333333337,2046.2679446932152,1355.8333333333335,0.0,0
9,Full,27,284.3333333333333,2159.337418636472,1339.5000000000002,0.0,0
9,Full,28,349.33333333333337,2037.2700928413633,1365.5,0.0,0
9,Full,29,327.0,2057.312437850797,1372.1666666666667,0.0,0
9,Full,30,315.33333333333337,2114.8058496489884,1338.9999999999998,0.0,0
9,Full,31,305.0,2114.9683132220416,1340.5000000000002,0.0,0
9,Full,32,284.3333333333333,2159.337418636472,1339.5000000000002,0.0,0
9,Full,33,349.33333333333337,2040.6030558043265,1363.8333333333333,0.0,0
9,Full,34,347.0,2049.975356410227,1379.1666666666667,0.0,0
9,Full,35,368.6666666666667,2040.97031937319,1356.5,0.0,0
9,Full,36,349.33333333333337,2046.2679446932152,1355.8333333333335,0.0,0
9,Full,37,315.3333333333333,2064.0825217573974,1363.6666666666667,0.0,0
9,Full,38,289.66666666666663,2136.2749231389466,1351.6666666666667,0.0,0
9,Full,39,325.00000000000006,2169.172653280154,1328.3333333333333,0.0,0
9,Full,40,329.0,2138.9359809609537,1327.6666666666665,0.0,0
9,-health,0,298.0,1820.4596489041633,1329.6666666666667,0.0,0
9,-health,1,298.0,1820.4596489041633,1329.6666666666667,0.0,0
9,-health,2,298.0,1786.650130400354,1336.1666666666667,0.0,1
9,-health,3,298.0,1820.4596489041633,1329.6666666666667,0.0,0
9,-health,4,316.0,1811.4009847256914,1328.0000000000002,0.0,0
9,-health,5,322.66666666666663,1834.12593705554,1319.8333333333333,0.0,0
9,-health,6,316.0,1811.4009847256914,1328.0000000000002,0.0,0
9,-health,7,287.3333333333333,1849.127204459719,1333.6666666666665,0.0,0
9,-health,8,316.0,1780.9149453158957,1345.6666666666667,0.0,0
9,-health,9,324.0,1771.5566424372446,1353.6666666666665,0.0,0
9,-health,10,298.0,1786.650130400354,1336.1666666666667,0.0,0
9,-health,11,290.6666666666667,1836.5660925636469,1339.1666666666667,0.0,0
9,-health,12,298.0,1814.235281021988,1332.3333333333333,0.0,0
9,-health,13,297.3333333333333,1782.475505053257,1337.333333333333,0.0,0
9,-adaptW,0,322.6666666666667,2219.725841357035,1365.8333333333335,0.0,0
9,-adaptW,1,322.6666666666667,2210.0604339496276,1371.5,0.0,0
9,-adaptW,2,301.33333333333337,2250.9003412993507,1367.6666666666667,0.0,0
9,-adaptW,3,297.66666666666663,2273.107142431096,1368.0,0.0,0
9,-adaptW,4,334.0,2369.8700748416004,1350.6666666666665,0.0,0
9,-adaptW,5,322.6666666666667,2209.7271746903684,1371.8333333333335,0.0,0
9,-adaptW,6,334.0,2369.8700748416004,1350.6666666666665,0.0,0
9,-adaptW,7,293.0,2267.581152984832,1371.6666666666665,0.0,0
9,-adaptW,8,297.66666666666663,2299.397798791544,1356.333333333333,0.0,0
9,-adaptW,9,306.0,2307.8242565411756,1354.6666666666667,0.0,0
9,-adaptW,10,326.66666666666663,2262.0040861153266,1360.1666666666665,0.0,0
9,-adaptW,11,308.3333333333333,2270.309009110145,1359.1666666666665,0.0,0
9,-adaptW,12,295.66666666666663,2241.224761495735,1374.6666666666667,0.0,0
9,-adaptW,13,366.00000000000006,2697.0483068393432,1346.8333333333335,0.0,0
9,-adaptW,14,301.33333333333337,2260.5146424498785,1362.3333333333333,0.0,0
9,-adaptW,15,318.66666666666663,2323.6967205061524,1351.0,0.0,0
9,-adaptW,16,306.0,2327.5410862133526,1352.6666666666665,0.0,0
9,-adaptW,17,297.66666666666663,2315.730613606359,1353.9999999999998,0.0,0
9,-adaptW,18,301.33333333333337,2260.5146424498785,1362.3333333333333,0.0,0
9,-adaptW,19,367.0,2456.5627901703074,1350.0,0.0,0
9,-adaptW,20,293.0,2262.0814122440916,1372.8333333333333,0.0,0
9,-adaptW,21,314.33333333333337,2199.275966333509,1377.6666666666665,0.0,0
9,-adaptW,22,432.33333333333337,2400.999258009365,1348.3333333333335,0.0,1
9,-adaptW,23,306.0,2307.8242565411756,1354.6666666666667,0.0,0
9,-adaptW,24,297.66666666666663,2300.7690293963437,1354.8333333333335,0.0,0
9,-adaptW,25,304.0,2402.303185324229,1352.3333333333335,0.0,0
9,-adaptW,26,331.0,2311.5740343189536,1353.6666666666665,0.0,0
9,-adaptW,27,295.66666666666663,2227.2278726068466,1388.6666666666665,0.0,0
9,-adaptW,28,304.0,2402.303185324229,1352.3333333333335,0.0,0
9,-adaptW,29,318.66666666666663,2323.6967205061524,1351.0,0.0,0
9,-adaptW,30,298.6666666666667,2252.0909812052937,1365.1666666666665,0.0,0
9,-adaptW,31,297.66666666666663,2299.397798791544,1356.333333333333,0.0,0
9,-adaptW,32,317.66666666666663,2245.2465603922396,1366.0,0.0,0
9,-adaptW,33,306.0,2307.8242565411756,1354.6666666666667,0.0,0
9,-adaptW,34,297.66666666666663,2299.397798791544,1356.333333333333,0.0,0
9,-adaptW,35,308.3333333333333,2270.309009110145,1359.1666666666665,0.0,0
9,-adaptW,36,301.33333333333337,2255.181901709138,1364.9999999999998,0.0,0
9,-adaptW,37,344.0,2282.771852362953,1353.0,0.0,0
9,-adaptW,38,306.0,2307.8242565411756,1354.6666666666667,0.0,0
9,-adaptW,39,295.66666666666663,2227.2278726068466,1388.6666666666665,0.0,0
9,-adaptW,40,323.66666666666663,2202.2573513289913,1374.0,0.0,0
9,-adaptW,41,306.0,2294.824441726361,1355.5,0.0,0
9,-adaptW,42,332.33333333333337,2264.2213226560966,1359.3333333333333,0.0,0
9,-adaptW,43,337.6666666666667,2439.973859150973,1350.4999999999998,0.0,0
9,-adaptW,44,297.66666666666663,2299.397798791544,1356.333333333333,0.0,0
9,-adaptW,45,326.66666666666663,2252.971347520654,1363.0,0.0,0
9,-adaptW,46,298.66666666666663,2247.8495313387675,1369.3333333333333,0.0,0
9,-adaptW,47,306.0,2294.824441726361,1355.5,0.0,0
9,-adaptW,48,301.33333333333337,2255.181901709138,1364.9999999999998,0.0,0
9,-adaptW,49,301.33333333333337,2272.013790598027,1358.5,0.0,0
9,-adaptW,50,295.66666666666663,2241.224761495735,1374.6666666666667,0.0,0
9,-adaptW,51,309.6666666666667,2209.559798532772,1382.3333333333333,0.0,0
9,-adaptW,52,297.66666666666663,2241.5804855730717,1372.6666666666665,0.0,0
9,-adaptW,53,328.00000000000006,2269.1006759501083,1354.1666666666667,0.0,0
9,-adaptW,54,294.0,2254.0811159477953,1371.4999999999998,0.0,0
9,-adaptW,55,317.0,2197.793304433503,1388.3333333333335,0.0,0
9,-adaptW,56,295.66666666666663,2285.1305759680795,1361.1666666666667,0.0,0
9,-adaptW,57,308.66666666666663,2330.3969099026554,1352.3333333333333,0.0,0
9,-adaptW,58,318.0,2348.271497094711,1351.6666666666665,0.0,0
9,-adaptW,59,304.0,2402.303185324229,1352.3333333333335,0.0,0
9,-adaptW,60,334.0,2369.8700748416004,1350.6666666666665,0.0,0
9,-adaptW,61,309.6666666666667,2209.559798532772,1382.3333333333333,0.0,0
9,-adaptW,62,344.0,2282.771852362953,1353.0,0.0,0
9,-adaptW,63,323.66666666666663,2202.2573513289913,1374.0,0.0,0
9,-adaptW,64,295.66666666666663,2227.2278726068466,1388.6666666666665,0.0,0
9,-adaptW,65,357.3333333333333,2126.279279587229,1359.3333333333335,0.0,0
9,-adaptW,66,321.6666666666667,2182.3538096097254,1375.3333333333337,0.0,0
9,-adaptW,67,321.6666666666667,2182.3538096097254,1375.3333333333337,0.0,0
9,-adaptW,68,297.66666666666663,2277.3248861708053,1357.5,0.0,0
9,-adaptW,69,306.0,2307.8242565411756,1354.6666666666667,0.0,0
9,-adaptW,70,318.3333333333333,2217.394063579257,1372.8333333333335,0.0,0
9,-adaptW,71,318.66666666666663,2323.6967205061524,1351.0,0.0,0
9,-adaptW,72,295.66666666666663,2235.7250207549946,1375.8333333333333,0.0,0
9,-adaptW,73,295.66666666666663,2241.224761495735,1374.6666666666667,0.0,0
9,-impAstar,0,290.66666666666663,2102.5136825357063,1358.1666666666665,0.0,0
9,-impAstar,1,284.3333333333333,2159.337418636472,1339.5000000000002,0.0,0
9,-impAstar,2,298.0,2111.861074779166,1340.6666666666667,0.0,0
9,-impAstar,3,315.33333333333337,2114.8058496489884,1338.9999999999998,0.0,0
9,-impAstar,4,290.66666666666663,2092.9391587180326,1359.9999999999998,0.0,0
9,-impAstar,5,357.0,2135.603388368361,1330.9999999999998,0.0,0
9,-impAstar,6,298.0,2064.1366095183375,1347.8333333333333,0.0,0
9,-impAstar,7,306.0,2138.447311449755,1330.6666666666667,0.0,0
9,-impAstar,8,349.33333333333337,2046.2679446932152,1355.8333333333335,0.0,0
9,-impAstar,9,290.66666666666663,2102.5136825357063,1358.1666666666665,0.0,0
9,-impAstar,10,349.33333333333337,2037.2700928413633,1365.5,0.0,0
9,-impAstar,11,296.0,2085.333127744519,1341.6666666666665,0.0,0
9,-impAstar,12,368.6666666666667,2040.97031937319,1356.5,0.0,1
9,-impAstar,13,284.3333333333333,2159.337418636472,1339.5000000000002,0.0,0
9,-impAstar,14,290.66666666666663,2102.5136825357063,1358.1666666666665,0.0,0
9,-impAstar,15,349.33333333333337,2037.2700928413633,1365.5,0.0,0
9,-impAstar,16,296.6666666666667,2138.7170271301766,1329.5,0.0,0
9,-impAstar,17,327.3333333333333,2106.771462442435,1337.3333333333333,0.0,0
9,-impAstar,18,290.66666666666663,2120.9307623030595,1331.5,0.0,0
9,-impAstar,19,284.33333333333337,2145.022457481764,1340.1666666666667,0.0,0
9,-impAstar,20,290.66666666666663,2102.5136825357063,1358.1666666666665,0.0,0
9,-impAstar,21,290.66666666666663,2120.9307623030595,1331.5,0.0,0
9,-impAstar,22,327.0,2057.312437850797,1372.1666666666667,0.0,0
9,-impAstar,23,301.0,2076.611843776247,1344.0,0.0,0
9,-impAstar,24,315.33333333333337,2096.5958361536923,1340.1666666666665,0.0,0
9,-impAstar,25,349.33333333333337,2037.2700928413633,1365.5,0.0,0
9,-impAstar,26,349.33333333333337,2046.2679446932152,1355.8333333333335,0.0,0
9,-impAstar,27,284.3333333333333,2159.337418636472,1339.5000000000002,0.0,0
9,-impAstar,28,349.33333333333337,2037.2700928413633,1365.5,0.0,0
9,-impAstar,29,327.0,2057.312437850797,1372.1666666666667,0.0,0
9,-impAstar,30,315.33333333333337,2114.8058496489884,1338.9999999999998,0.0,0
9,-impAstar,31,305.0,2114.9683132220416,1340.5000000000002,0.0,0
9,-impAstar,32,284.3333333333333,2159.337418636472,1339.5000000000002,0.0,0
9,-impAstar,33,349.33333333333337,2040.6030558043265,1363.8333333333333,0.0,0
9,-impAstar,34,347.0,2049.975356410227,1379.1666666666667,0.0,0
9,-impAstar,35,368.6666666666667,2040.97031937319,1356.5,0.0,0
9,-impAstar,36,349.33333333333337,2046.2679446932152,1355.8333333333335,0.0,0
9,-impAstar,37,315.3333333333333,2064.0825217573974,1363.6666666666667,0.0,0
9,-impAstar,38,289.66666666666663,2136.2749231389466,1351.6666666666667,0.0,0
9,-impAstar,39,325.00000000000006,2169.172653280154,1328.3333333333333,0.0,0
9,-impAstar,40,329.0,2138.9359809609537,1327.6666666666665,0.0,0
9,-closedLoop,0,290.66666666666663,2102.5136825357063,1358.1666666666665,0.0,0
9,-closedLoop,1,284.3333333333333,2159.337418636472,1339.5000000000002,0.0,0
9,-closedLoop,2,298.0,2111.861074779166,1340.6666666666667,0.0,0
9,-closedLoop,3,315.33333333333337,2114.8058496489884,1338.9999999999998,0.0,0
9,-closedLoop,4,290.66666666666663,2092.9391587180326,1359.9999999999998,0.0,0
9,-closedLoop,5,357.0,2135.603388368361,1330.9999999999998,0.0,0
9,-closedLoop,6,298.0,2064.1366095183375,1347.8333333333333,0.0,0
9,-closedLoop,7,306.0,2138.447311449755,1330.6666666666667,0.0,0
9,-closedLoop,8,349.33333333333337,2046.2679446932152,1355.8333333333335,0.0,0
9,-closedLoop,9,290.66666666666663,2102.5136825357063,1358.1666666666665,0.0,0
9,-closedLoop,10,349.33333333333337,2037.2700928413633,1365.5,0.0,0
9,-closedLoop,11,296.0,2085.333127744519,1341.6666666666665,0.0,0
9,-closedLoop,12,368.6666666666667,2040.97031937319,1356.5,0.0,0
9,-closedLoop,13,284.3333333333333,2159.337418636472,1339.5000000000002,0.0,0
9,-closedLoop,14,290.66666666666663,2102.5136825357063,1358.1666666666665,0.0,0
9,-closedLoop,15,349.33333333333337,2037.2700928413633,1365.5,0.0,0
9,-closedLoop,16,296.6666666666667,2138.7170271301766,1329.5,0.0,0
9,-closedLoop,17,327.3333333333333,2106.771462442435,1337.3333333333333,0.0,0
9,-closedLoop,18,290.66666666666663,2120.9307623030595,1331.5,0.0,0
9,-closedLoop,19,284.33333333333337,2145.022457481764,1340.1666666666667,0.0,0
9,-closedLoop,20,290.66666666666663,2102.5136825357063,1358.1666666666665,0.0,0
9,-closedLoop,21,290.66666666666663,2120.9307623030595,1331.5,0.0,0
9,-closedLoop,22,327.0,2057.312437850797,1372.1666666666667,0.0,0
9,-closedLoop,23,301.0,2076.611843776247,1344.0,0.0,0
9,-closedLoop,24,315.33333333333337,2096.5958361536923,1340.1666666666665,0.0,0
9,-closedLoop,25,349.33333333333337,2037.2700928413633,1365.5,0.0,0
9,-closedLoop,26,349.33333333333337,2046.2679446932152,1355.8333333333335,0.0,0
9,-closedLoop,27,284.3333333333333,2159.337418636472,1339.5000000000002,0.0,0
9,-closedLoop,28,349.33333333333337,2037.2700928413633,1365.5,0.0,0
9,-closedLoop,29,327.0,2057.312437850797,1372.1666666666667,0.0,0
9,-closedLoop,30,315.33333333333337,2114.8058496489884,1338.9999999999998,0.0,0
9,-closedLoop,31,305.0,2114.9683132220416,1340.5000000000002,0.0,0
9,-closedLoop,32,284.3333333333333,2159.337418636472,1339.5000000000002,0.0,0
9,-closedLoop,33,349.33333333333337,2040.6030558043265,1363.8333333333333,0.0,0
9,-closedLoop,34,347.0,2049.975356410227,1379.1666666666667,0.0,0
9,-closedLoop,35,368.6666666666667,2040.97031937319,1356.5,0.0,0
9,-closedLoop,36,349.33333333333337,2046.2679446932152,1355.8333333333335,0.0,0
9,-closedLoop,37,315.3333333333333,2064.0825217573974,1363.6666666666667,0.0,0
9,-closedLoop,38,289.66666666666663,2136.2749231389466,1351.6666666666667,0.0,0
9,-closedLoop,39,325.00000000000006,2169.172653280154,1328.3333333333333,0.0,0
9,-closedLoop,40,329.0,2138.9359809609537,1327.6666666666665,0.0,0
9,hard-only,0,298.0,1820.4596489041633,1329.6666666666667,0.0,0
9,hard-only,1,298.0,1820.4596489041633,1329.6666666666667,0.0,0
9,hard-only,2,298.0,1786.650130400354,1336.1666666666667,0.0,1
9,hard-only,3,298.0,1820.4596489041633,1329.6666666666667,0.0,0
9,hard-only,4,316.0,1811.4009847256914,1328.0000000000002,0.0,0
9,hard-only,5,322.66666666666663,1834.12593705554,1319.8333333333333,0.0,0
9,hard-only,6,316.0,1811.4009847256914,1328.0000000000002,0.0,0
9,hard-only,7,287.3333333333333,1849.127204459719,1333.6666666666665,0.0,0
9,hard-only,8,316.0,1780.9149453158957,1345.6666666666667,0.0,0
9,hard-only,9,324.0,1771.5566424372446,1353.6666666666665,0.0,0
9,hard-only,10,298.0,1786.650130400354,1336.1666666666667,0.0,0
9,hard-only,11,290.6666666666667,1836.5660925636469,1339.1666666666667,0.0,0
9,hard-only,12,298.0,1814.235281021988,1332.3333333333333,0.0,0
9,hard-only,13,297.3333333333333,1782.475505053257,1337.333333333333,0.0,0
9,GA-SA-multiSoH,1,287.33333333333337,2152.252879607825,1322.0,0.0,1
10,Full,0,277.6666666666667,2087.595559688542,1181.6666666666665,0.0,0
10,Full,1,300.0,2044.3589737590246,1180.1666666666665,0.0,0
10,Full,2,352.3333333333333,2169.891139198676,1174.8333333333335,0.0,0
10,Full,3,278.33333333333337,2010.357247170663,1188.6666666666665,0.0,0
10,Full,4,316.6666666666667,1939.9650220955414,1205.9999999999998,0.0,0
10,Full,5,326.0,1927.4865086090347,1204.3333333333333,0.0,0
10,Full,6,287.0,2043.6455837190738,1181.0,0.0,0
10,Full,7,282.33333333333337,1934.1187804494177,1215.0,0.0,0
10,Full,8,278.33333333333337,1917.4381560511683,1217.9999999999998,0.0,0
10,Full,9,279.0,1995.3028258529778,1184.1666666666665,0.0,0
10,Full,10,282.33333333333337,1937.0730397297023,1210.1666666666667,0.0,0
10,Full,11,277.6666666666667,2087.595559688542,1181.6666666666665,0.0,0
10,Full,12,279.0,1995.3028258529778,1184.1666666666665,0.0,0
10,Full,13,287.0,2047.4372221057276,1176.8333333333333,0.0,0
10,Full,14,278.3333333333333,1939.2392989889613,1208.3333333333335,0.0,0
10,Full,15,348.33333333333337,2185.9213244469365,1163.6666666666665,0.0,0
10,Full,16,277.6666666666667,2087.595559688542,1181.6666666666665,0.0,0
10,Full,17,283.33333333333337,1962.1825116968987,1190.5,0.0,0
10,Full,18,288.33333333333337,1943.018402030914,1195.3333333333333,0.0,0
10,Full,19,270.3333333333333,2008.024691615107,1192.1666666666667,0.0,0
10,Full,20,273.66666666666663,1992.524617541033,1191.833333333333,0.0,0
10,Full,21,277.6666666666667,1944.0086321961448,1214.3333333333335,0.0,0
10,Full,22,289.33333333333337,1937.9566490714715,1208.6666666666667,0.0,0
10,Full,23,303.33333333333337,2028.8190699986549,1181.6666666666667,0.0,0
10,Full,24,279.0,1984.3052702974219,1195.1666666666665,0.0,0
10,Full,25,287.0,2047.4372221057276,1176.8333333333333,0.0,0
10,Full,26,277.6666666666667,2087.595559688542,1181.6666666666665,0.0,0
10,Full,27,288.33333333333337,1943.018402030914,1195.3333333333333,0.0,0
10,Full,28,297.3333333333333,1936.2351624185158,1208.1666666666667,0.0,0
10,Full,29,283.33333333333337,1959.6424980698098,1193.3333333333333,0.0,0
10,Full,30,292.3333333333333,1925.7311852076136,1210.1666666666667,0.0,0
10,Full,31,282.33333333333337,1934.1187804494177,1215.0,0.0,0
10,Full,32,306.0,2023.4361840511945,1176.3333333333333,0.0,0
10,Full,33,273.66666666666663,1987.5786942643188,1195.8333333333333,0.0,0
10,Full,34,269.3333333333333,1944.0387479493995,1197.8333333333333,0.0,0
10,Full,35,272.0,2032.6710692868564,1184.3333333333333,0.0,0
10,Full,36,277.6666666666667,2091.527900672337,1180.3333333333335,0.0,0
10,Full,37,285.33333333333337,2071.813016191416,1181.1666666666667,0.0,0
10,Full,38,288.33333333333337,1939.6877353642474,1207.3333333333333,0.0,0
10,Full,39,284.66666666666663,1943.7965245476164,1206.0,0.0,0
10,Full,40,277.6666666666667,1944.0086321961448,1214.3333333333335,0.0,0
10,Full,41,296.0,1895.7417533335952,1223.5,0.0,0
10,Full,42,270.3333333333333,2013.356432355848,1185.0,0.0,0
10,Full,43,326.0,1925.4939014652982,1205.1666666666665,0.0,0
10,-health,0,318.66666666666663,1879.062988403386,1173.5,0.0,0
10,-health,1,285.66666666666663,1750.9542392977746,1203.8333333333335,0.0,0
10,-health,2,289.33333333333337,1713.3763536254119,1216.5,0.0,0
10,-health,3,268.3333333333333,1765.8582163842027,1196.8333333333333,0.0,0
10,-health,4,268.3333333333333,1785.7802988058395,1177.8333333333333,0.0,0
10,-health,5,268.3333333333333,1785.7802988058395,1177.8333333333333,0.0,1
10,-health,6,292.6666666666667,1733.4160091608876,1207.5,0.0,0
10,-health,7,287.0,1763.1996666608584,1194.0,0.0,0
10,-health,8,285.6666666666667,1725.874538810597,1208.3333333333335,0.0,0
10,-health,9,261.6666666666667,1815.8031098360661,1193.8333333333335,0.0,0
10,-health,10,268.3333333333333,1773.0903441268304,1190.3333333333335,0.0,0
10,-health,11,268.3333333333333,1785.7802988058395,1177.8333333333333,0.0,0
10,-health,12,279.0,1763.422149587953,1182.5,0.0,0
10,-health,13,285.66666666666663,1750.9542392977746,1203.8333333333335,0.0,0
10,-health,14,279.0,1763.422149587953,1182.5,0.0,0
10,-adaptW,0,273.0,2007.8621798376105,1184.1666666666667,0.0,0
10,-adaptW,1,265.3333333333333,2078.691941381249,1178.0,0.0,0
10,-adaptW,2,265.3333333333333,2078.691941381249,1178.0,0.0,0
10,-adaptW,3,273.0,2000.8624020598327,1185.1666666666665,0.0,0
10,-adaptW,4,265.3333333333333,2078.691941381249,1178.0,0.0,0
10,-adaptW,5,277.0,2112.324653003334,1165.8333333333335,0.0,0
10,-adaptW,6,273.0,2007.8621798376105,1184.1666666666667,0.0,0
10,-adaptW,7,264.3333333333333,2046.8587191590266,1178.5000000000002,0.0,0
10,-adaptW,8,282.0,1943.835731680856,1179.5000000000002,0.0,0
10,-adaptW,9,276.0,1952.0230601038234,1188.8333333333333,0.0,0
10,-adaptW,10,276.0,1942.6784440620577,1191.5,0.0,0
10,-adaptW,11,265.3333333333333,2079.691274714582,1175.0000000000002,0.0,0
10,-adaptW,12,277.3333333333333,1949.6681390882634,1175.3333333333333,0.0,0
10,-adaptW,13,277.3333333333333,1946.8368427919675,1184.5,0.0,0
10,-adaptW,14,267.0,2027.1744601073697,1184.1666666666665,0.0,0
10,-adaptW,15,273.0,1994.0305131709435,1191.666666666667,0.0,0
10,-adaptW,16,282.0,1952.3343613104857,1173.3333333333333,0.0,0
10,-adaptW,17,282.0,1935.4212992085136,1192.8333333333335,0.0,0
10,-adaptW,18,274.3333333333333,2031.9967257467085,1171.0,0.0,0
10,-adaptW,19,282.0,1930.2562992085136,1200.3333333333333,0.0,0
10,-adaptW,20,277.0,2112.324653003334,1165.8333333333335,0.0,0
10,-adaptW,21,277.0,2112.491245595926,1165.5000000000002,0.0,0
10,-adaptW,22,265.3333333333333,2078.691941381249,1178.0,0.0,0
10,-adaptW,23,264.3333333333333,2009.1934598997675,1184.8333333333333,0.0,0
10,-adaptW,24,278.0,1972.3908766634167,1165.0000000000002,0.0,0
10,-adaptW,25,267.0,2027.1744601073697,1184.1666666666665,0.0,0
10,-adaptW,26,273.0,1997.846671159021,1189.6666666666665,0.0,0
10,-adaptW,27,285.33333333333337,1933.698508247268,1178.0,0.0,0
10,-adaptW,28,273.0,2007.8621798376105,1184.1666666666667,0.0,0
10,-adaptW,29,265.3333333333333,1997.1666877988716,1194.3333333333335,0.0,0
10,-adaptW,30,277.0,2112.324653003334,1165.8333333333335,0.0,0
10,-adaptW,31,341.6666666666667,2065.0568396263798,1161.8333333333333,0.0,1
10,-adaptW,32,265.3333333333333,2078.691941381249,1178.0,0.0,0
10,-adaptW,33,282.0,1930.2562992085136,1200.3333333333333,0.0,0
10,-adaptW,34,265.3333333333333,1997.1666877988716,1194.3333333333335,0.0,0
10,-adaptW,35,291.6666666666667,1945.0841140233285,1175.4999999999998,0.0,0
10,-adaptW,36,267.0,2027.1744601073697,1184.1666666666665,0.0,0
10,-adaptW,37,282.0,1930.2562992085136,1200.3333333333333,0.0,0
10,-adaptW,38,264.3333333333333,2004.528867307175,1194.1666666666667,0.0,0
10,-adaptW,39,278.0,1968.725024811565,1168.666666666667,0.0,0
10,-adaptW,40,265.3333333333333,2002.998947058131,1189.5,0.0,0
10,-adaptW,41,302.0,2113.8234307811113,1160.3333333333333,0.0,0
10,-adaptW,42,278.0,1965.0591729597131,1172.3333333333335,0.0,0
10,-adaptW,43,265.3333333333333,1997.1666877988716,1194.3333333333335,0.0,0
10,-adaptW,44,267.0,2027.1744601073697,1184.1666666666665,0.0,0
10,-adaptW,45,322.6666666666667,1930.1054928271171,1194.5000000000002,0.0,0
10,-adaptW,46,267.0,2027.1744601073697,1184.1666666666665,0.0,0
10,-adaptW,47,282.0,1924.7422059948717,1202.0,0.0,0
10,-adaptW,48,273.0,2029.629617427585,1176.1666666666665,0.0,0
10,-adaptW,49,265.3333333333333,2078.691941381249,1178.0,0.0,0
10,-adaptW,50,272.0,1994.2758102637474,1195.3333333333333,0.0,0
10,-adaptW,51,282.0,1935.4212992085136,1192.8333333333335,0.0,0
10,-adaptW,52,275.3333333333333,1940.5243564001198,1194.6666666666665,0.0,0
10,-adaptW,53,267.0,2027.1744601073697,1184.1666666666665,0.0,0
10,-adaptW,54,300.0,1933.644848974001,1190.8333333333335,0.0,0
10,-adaptW,55,277.3333333333333,1936.5042872364118,1188.0,0.0,0
10,-adaptW,56,323.3333333333333,1930.0892616794054,1200.8333333333335,0.0,0
10,-adaptW,57,265.3333333333333,2079.691274714582,1175.0000000000002,0.0,0
10,-adaptW,58,276.0,1952.1896526964163,1188.5000000000002,0.0,0
10,-adaptW,59,277.3333333333333,2009.5005835327079,1171.3333333333335,0.0,0
10,-adaptW,60,282.0,1943.835731680856,1179.5000000000002,0.0,0
10,-adaptW,61,282.0,1907.7427245133902,1204.3333333333333,0.0,0
10,-adaptW,62,277.0,2122.189905384696,1161.1666666666667,0.0,0
10,-impAstar,0,277.6666666666667,2087.595559688542,1181.6666666666665,0.0,0
10,-impAstar,1,300.0,2044.3589737590246,1180.1666666666665,0.0,0
10,-impAstar,2,352.3333333333333,2169.891139198676,1174.8333333333335,0.0,0
10,-impAstar,3,278.33333333333337,2010.357247170663,1188.6666666666665,0.0,0
10,-impAstar,4,316.6666666666667,1939.9650220955414,1205.9999999999998,0.0,0
10,-impAstar,5,326.0,1927.4865086090347,1204.3333333333333,0.0,0
10,-impAstar,6,287.0,2043.6455837190738,1181.0,0.0,0
10,-impAstar,7,282.33333333333337,1934.1187804494177,1215.0,0.0,0
10,-impAstar,8,278.33333333333337,1917.4381560511683,1217.9999999999998,0.0,0
10,-impAstar,9,279.0,1995.3028258529778,1184.1666666666665,0.0,0
10,-impAstar,10,282.33333333333337,1937.0730397297023,1210.1666666666667,0.0,0
10,-impAstar,11,277.6666666666667,2087.595559688542,1181.6666666666665,0.0,0
10,-impAstar,12,279.0,1995.3028258529778,1184.1666666666665,0.0,1
10,-impAstar,13,287.0,2047.4372221057276,1176.8333333333333,0.0,0
10,-impAstar,14,278.3333333333333,1939.2392989889613,1208.3333333333335,0.0,0
10,-impAstar,15,348.33333333333337,2185.9213244469365,1163.6666666666665,0.0,0
10,-impAstar,16,277.6666666666667,2087.595559688542,1181.6666666666665,0.0,0
10,-impAstar,17,283.33333333333337,1962.1825116968987,1190.5,0.0,0
10,-impAstar,18,288.33333333333337,1943.018402030914,1195.3333333333333,0.0,0
10,-impAstar,19,270.3333333333333,2008.024691615107,1192.1666666666667,0.0,0
10,-impAstar,20,273.66666666666663,1992.524617541033,1191.833333333333,0.0,0
10,-impAstar,21,277.6666666666667,1944.0086321961448,1214.3333333333335,0.0,0
10,-impAstar,22,289.33333333333337,1937.9566490714715,1208.6666666666667,0.0,0
10,-impAstar,23,303.33333333333337,2028.8190699986549,1181.6666666666667,0.0,0
10,-impAstar,24,279.0,1984.3052702974219,1195.1666666666665,0.0,0
10,-impAstar,25,287.0,2047.4372221057276,1176.8333333333333,0.0,0
10,-impAstar,26,277.6666666666667,2087.595559688542,1181.6666666666665,0.0,0
10,-impAstar,27,288.33333333333337,1943.018402030914,1195.3333333333333,0.0,0
10,-impAstar,28,297.3333333333333,1936.2351624185158,1208.1666666666667,0.0,0
10,-impAstar,29,283.33333333333337,1959.6424980698098,1193.3333333333333,0.0,0
10,-impAstar,30,292.3333333333333,1925.7311852076136,1210.1666666666667,0.0,0
10,-impAstar,31,282.33333333333337,1934.1187804494177,1215.0,0.0,0
10,-impAstar,32,306.0,2023.4361840511945,1176.3333333333333,0.0,0
10,-impAstar,33,273.66666666666663,1987.5786942643188,1195.8333333333333,0.0,0
10,-impAstar,34,269.3333333333333,1944.0387479493995,1197.8333333333333,0.0,0
10,-impAstar,35,272.0,2032.6710692868564,1184.3333333333333,0.0,0
10,-impAstar,36,277.6666666666667,2091.527900672337,1180.3333333333335,0.0,0
10,-impAstar,37,285.33333333333337,2071.813016191416,1181.1666666666667,0.0,0
10,-impAstar,38,288.33333333333337,1939.6877353642474,1207.3333333333333,0.0,0
10,-impAstar,39,284.66666666666663,1943.7965245476164,1206.0,0.0,0
10,-impAstar,40,277.6666666666667,1944.0086321961448,1214.3333333333335,0.0,0
10,-impAstar,41,296.0,1895.7417533335952,1223.5,0.0,0
10,-impAstar,42,270.3333333333333,2013.356432355848,1185.0,0.0,0
10,-impAstar,43,326.0,1925.4939014652982,1205.1666666666665,0.0,0
10,-closedLoop,0,277.6666666666667,2087.595559688542,1181.6666666666665,0.0,0
10,-closedLoop,1,300.0,2044.3589737590246,1180.1666666666665,0.0,0
10,-closedLoop,2,352.3333333333333,2169.891139198676,1174.8333333333335,0.0,0
10,-closedLoop,3,278.33333333333337,2010.357247170663,1188.6666666666665,0.0,0
10,-closedLoop,4,316.6666666666667,1939.9650220955414,1205.9999999999998,0.0,0
10,-closedLoop,5,326.0,1927.4865086090347,1204.3333333333333,0.0,0
10,-closedLoop,6,287.0,2043.6455837190738,1181.0,0.0,0
10,-closedLoop,7,282.33333333333337,1934.1187804494177,1215.0,0.0,0
10,-closedLoop,8,278.33333333333337,1917.4381560511683,1217.9999999999998,0.0,0
10,-closedLoop,9,279.0,1995.3028258529778,1184.1666666666665,0.0,0
10,-closedLoop,10,282.33333333333337,1937.0730397297023,1210.1666666666667,0.0,0
10,-closedLoop,11,277.6666666666667,2087.595559688542,1181.6666666666665,0.0,0
10,-closedLoop,12,279.0,1995.3028258529778,1184.1666666666665,0.0,0
10,-closedLoop,13,287.0,2047.4372221057276,1176.8333333333333,0.0,0
10,-closedLoop,14,278.3333333333333,1939.2392989889613,1208.3333333333335,0.0,0
10,-closedLoop,15,348.33333333333337,2185.9213244469365,1163.6666666666665,0.0,0
10,-closedLoop,16,277.6666666666667,2087.595559688542,1181.6666666666665,0.0,0
10,-closedLoop,17,283.33333333333337,1962.1825116968987,1190.5,0.0,0
10,-closedLoop,18,288.33333333333337,1943.018402030914,1195.3333333333333,0.0,0
10,-closedLoop,19,270.3333333333333,2008.024691615107,1192.1666666666667,0.0,0
10,-closedLoop,20,273.66666666666663,1992.524617541033,1191.833333333333,0.0,0
10,-closedLoop,21,277.6666666666667,1944.0086321961448,1214.3333333333335,0.0,0
10,-closedLoop,22,289.33333333333337,1937.9566490714715,1208.6666666666667,0.0,0
10,-closedLoop,23,303.33333333333337,2028.8190699986549,1181.6666666666667,0.0,0
10,-closedLoop,24,279.0,1984.3052702974219,1195.1666666666665,0.0,0
10,-closedLoop,25,287.0,2047.4372221057276,1176.8333333333333,0.0,0
10,-closedLoop,26,277.6666666666667,2087.595559688542,1181.6666666666665,0.0,0
10,-closedLoop,27,288.33333333333337,1943.018402030914,1195.3333333333333,0.0,0
10,-closedLoop,28,297.3333333333333,1936.2351624185158,1208.1666666666667,0.0,0
10,-closedLoop,29,283.33333333333337,1959.6424980698098,1193.3333333333333,0.0,0
10,-closedLoop,30,292.3333333333333,1925.7311852076136,1210.1666666666667,0.0,0
10,-closedLoop,31,282.33333333333337,1934.1187804494177,1215.0,0.0,0
10,-closedLoop,32,306.0,2023.4361840511945,1176.3333333333333,0.0,0
10,-closedLoop,33,273.66666666666663,1987.5786942643188,1195.8333333333333,0.0,0
10,-closedLoop,34,269.3333333333333,1944.0387479493995,1197.8333333333333,0.0,0
10,-closedLoop,35,272.0,2032.6710692868564,1184.3333333333333,0.0,0
10,-closedLoop,36,277.6666666666667,2091.527900672337,1180.3333333333335,0.0,0
10,-closedLoop,37,285.33333333333337,2071.813016191416,1181.1666666666667,0.0,0
10,-closedLoop,38,288.33333333333337,1939.6877353642474,1207.3333333333333,0.0,0
10,-closedLoop,39,284.66666666666663,1943.7965245476164,1206.0,0.0,0
10,-closedLoop,40,277.6666666666667,1944.0086321961448,1214.3333333333335,0.0,0
10,-closedLoop,41,296.0,1895.7417533335952,1223.5,0.0,0
10,-closedLoop,42,270.3333333333333,2013.356432355848,1185.0,0.0,0
10,-closedLoop,43,326.0,1925.4939014652982,1205.1666666666665,0.0,0
10,hard-only,0,318.66666666666663,1879.062988403386,1173.5,0.0,0
10,hard-only,1,285.66666666666663,1750.9542392977746,1203.8333333333335,0.0,0
10,hard-only,2,289.33333333333337,1713.3763536254119,1216.5,0.0,0
10,hard-only,3,268.3333333333333,1765.8582163842027,1196.8333333333333,0.0,0
10,hard-only,4,268.3333333333333,1785.7802988058395,1177.8333333333333,0.0,0
10,hard-only,5,268.3333333333333,1785.7802988058395,1177.8333333333333,0.0,1
10,hard-only,6,292.6666666666667,1733.4160091608876,1207.5,0.0,0
10,hard-only,7,287.0,1763.1996666608584,1194.0,0.0,0
10,hard-only,8,285.6666666666667,1725.874538810597,1208.3333333333335,0.0,0
10,hard-only,9,261.6666666666667,1815.8031098360661,1193.8333333333335,0.0,0
10,hard-only,10,268.3333333333333,1773.0903441268304,1190.3333333333335,0.0,0
10,hard-only,11,268.3333333333333,1785.7802988058395,1177.8333333333333,0.0,0
10,hard-only,12,279.0,1763.422149587953,1182.5,0.0,0
10,hard-only,13,285.66666666666663,1750.9542392977746,1203.8333333333335,0.0,0
10,hard-only,14,279.0,1763.422149587953,1182.5,0.0,0
10,GA-SA-multiSoH,2,270.0,1932.1913193941696,1159.666666666667,0.0,1
11,Full,0,309.33333333333337,2242.7356258191076,1347.1666666666667,0.0,0
11,Full,1,310.33333333333337,2190.6877000304034,1379.6666666666667,0.0,0
11,Full,2,296.3333333333333,2462.8027101124103,1374.1666666666665,0.0,0
11,Full,3,296.3333333333333,2446.4706360383366,1379.8333333333333,0.0,0
11,Full,4,296.3333333333333,2446.4706360383366,1379.8333333333333,0.0,0
11,Full,5,292.66666666666663,2480.729054832021,1364.5000000000002,0.0,0
11,Full,6,296.3333333333333,2446.4706360383366,1379.8333333333333,0.0,0
11,Full,7,297.66666666666663,2350.6681539613373,1355.5,0.0,0
11,Full,8,307.6666666666667,2249.8378170930714,1362.166666666667,0.0,0
11,Full,9,316.6666666666667,2235.237070263552,1353.6666666666667,0.0,0
11,Full,10,316.6666666666667,2214.737403596885,1355.1666666666665,0.0,0
11,Full,11,296.3333333333333,2446.4706360383366,1379.8333333333333,0.0,0
11,Full,12,297.66666666666663,2337.0020058131895,1357.8333333333333,0.0,0
11,Full,13,310.33333333333337,2190.6877000304034,1379.6666666666667,0.0,0
11,Full,14,316.6666666666667,2235.237070263552,1353.6666666666667,0.0,0
11,Full,15,296.3333333333333,2446.4706360383366,1379.8333333333333,0.0,0
11,Full,16,296.3333333333333,2446.4706360383366,1379.8333333333333,0.0,0
11,Full,17,297.66666666666663,2350.6681539613373,1355.5,0.0,0
11,Full,18,307.6666666666667,2249.8378170930714,1362.166666666667,0.0,0
11,Full,19,307.6666666666667,2249.8378170930714,1362.166666666667,0.0,0
11,Full,20,296.3333333333333,2446.4706360383366,1379.8333333333333,0.0,0
11,Full,21,296.33333333333337,2297.4678193740433,1358.1666666666667,0.0,0
11,Full,22,297.66666666666663,2350.6681539613373,1355.5,0.0,0
11,Full,23,318.0,2182.550618357275,1366.5000000000002,0.0,0
11,Full,24,307.33333333333337,2210.7899586718304,1364.666666666667,0.0,0
11,Full,25,292.0,2505.256663453116,1365.8333333333335,0.0,0
11,Full,26,303.3333333333333,2270.7574123317663,1361.8333333333333,0.0,0
11,Full,27,309.33333333333337,2221.6505930488884,1355.5000000000002,0.0,0
11,Full,28,309.33333333333337,2193.1139045290333,1357.8333333333335,0.0,0
11,Full,29,296.6666666666667,2242.9663034374744,1372.6666666666667,0.0,0
11,-health,0,301.66666666666663,2027.1444998142972,1357.666666666667,0.0,0
11,-health,1,330.6666666666667,1865.4426843395352,1376.1666666666667,0.0,0
11,-health,2,301.0,1995.1786265151852,1358.6666666666667,0.0,0
11,-health,3,292.3333333333333,2047.3595917616676,1385.0,0.0,0
11,-health,4,292.3333333333333,2047.3595917616676,1385.0,0.0,0
11,-health,5,333.6666666666667,1932.221146614751,1354.8333333333335,0.0,0
11,-health,6,332.0,1850.8157465413567,1386.0000000000002,0.0,0
11,-health,7,333.6666666666667,2075.8859614295657,1346.5,0.0,0
11,-health,8,305.33333333333337,1875.8906620402022,1382.0,0.0,0
11,-health,9,292.3333333333333,2047.3595917616676,1385.0,0.0,0
11,-health,10,336.0,1869.9867488582106,1356.1666666666665,0.0,0
11,-health,11,354.0,1847.606443104209,1385.8333333333333,0.0,0
11,-health,12,292.3333333333333,2047.3595917616676,1385.0,0.0,0
11,-health,13,305.33333333333337,1880.554550929091,1369.5,0.0,0
11,-health,14,301.33333333333337,1962.364605417574,1364.1666666666665,0.0,0
11,-health,15,332.0,1847.3165983932086,1389.8333333333335,0.0,0
11,-health,16,336.0,1918.3877392073434,1354.4999999999998,0.0,0
11,-health,17,317.3333333333333,1864.6405659008237,1379.5,0.0,0
11,-health,18,310.33333333333337,1917.5161051231605,1362.8333333333333,0.0,0
11,-health,19,311.0,1938.2677343452046,1354.0000000000002,0.0,0
11,-health,20,309.6666666666667,1948.8067239721574,1362.6666666666667,0.0,0
11,-health,21,297.33333333333337,1970.9810311946771,1359.1666666666667,0.0,0
11,-health,22,310.33333333333337,1879.9479422490497,1370.0,0.0,0
11,-health,23,301.0,1995.1786265151852,1358.6666666666667,0.0,0
11,-health,24,333.6666666666667,1933.8522063347964,1349.0000000000002,0.0,0
11,-health,25,330.6666666666667,1865.4426843395352,1376.1666666666667,0.0,0
11,-health,26,328.6666666666667,1873.8676919631835,1369.0,0.0,0
11,-health,27,292.0,2074.252279377922,1382.3333333333333,0.0,0
11,-health,28,332.0,1850.8157465413567,1386.0000000000002,0.0,0
11,-health,29,402.66666666666663,2005.4916441836815,1341.8333333333333,0.0,1
11,-health,30,317.66666666666663,1931.749173928977,1359.5,0.0,0
11,-health,31,342.3333333333333,1881.7569351349935,1350.8333333333333,0.0,0
11,-health,32,309.6666666666667,1948.8067239721574,1362.6666666666667,0.0,0
11,-health,33,292.3333333333333,2047.3595917616676,1385.0,0.0,0
11,-health,34,311.0,1930.910643250663,1360.5,0.0,0
11,-health,35,291.6666666666667,2053.25949302505,1386.5000000000002,0.0,0
11,-health,36,310.33333333333337,1861.4609730624613,1384.5,0.0,0
11,-health,37,350.0,2015.7856248237897,1338.8333333333335,0.0,0
11,-health,38,310.33333333333337,1917.5161051231605,1362.8333333333333,0.0,0
11,-health,39,319.66666666666663,1892.0339512224423,1367.166666666667,0.0,0
11,-health,40,336.0,1869.9867488582106,1356.1666666666665,0.0,0
11,-health,41,310.33333333333337,1867.3683215928131,1371.8333333333335,0.0,0
11,-health,42,312.6666666666667,1857.9398918743314,1380.0000000000002,0.0,0
11,-health,43,292.0,2074.252279377922,1382.3333333333333,0.0,0
11,-health,44,292.3333333333333,2035.443147317223,1386.0,0.0,0
11,-health,45,301.3333333333333,1892.1233063957945,1365.0,0.0,0
11,-health,46,309.6666666666667,1948.8067239721574,1362.6666666666667,0.0,0
11,-health,47,350.0,2015.7856248237897,1338.8333333333335,0.0,0
11,-health,48,328.6666666666667,1873.8676919631835,1369.0,0.0,0
11,-health,49,301.0,1995.1786265151852,1358.6666666666667,0.0,0
11,-health,50,350.0,1984.595693681938,1344.6666666666665,0.0,0
11,-health,51,311.0,1936.241424768619,1355.5,0.0,0
11,-adaptW,0,303.3333333333333,2432.1969356680684,1373.5,0.0,0
11,-adaptW,1,325.3333333333333,2458.7785275729475,1364.8333333333333,0.0,0
11,-adaptW,2,325.3333333333333,2458.7785275729475,1364.8333333333333,0.0,0
11,-adaptW,3,316.66666666666663,2243.4156899191594,1388.5,0.0,0
11,-adaptW,4,326.66666666666663,2396.4176220163927,1351.8333333333333,0.0,0
11,-adaptW,5,326.66666666666663,2396.4176220163927,1351.8333333333333,0.0,0
11,-adaptW,6,319.6666666666667,2358.502003428113,1368.1666666666665,0.0,0
11,-adaptW,7,317.66666666666663,2414.6260308838437,1367.1666666666665,0.0,0
11,-adaptW,8,307.0,2267.4029115200874,1390.3333333333333,0.0,0
11,-adaptW,9,307.0,2267.4029115200874,1390.3333333333333,0.0,0
11,-adaptW,10,307.0,2267.4029115200874,1390.3333333333333,0.0,0
11,-adaptW,11,317.66666666666663,2423.3224941401054,1366.5,0.0,0
11,-adaptW,12,305.6666666666667,2324.849082240672,1368.1666666666667,0.0,0
11,-adaptW,13,310.3333333333333,2255.2255587958007,1372.833333333333,0.0,1
11,-adaptW,14,305.6666666666667,2278.068393001569,1385.0,0.0,0
11,-adaptW,15,326.66666666666663,2386.7954177995734,1355.4999999999998,0.0,0
11,-adaptW,16,310.3333333333333,2255.2255587958007,1372.833333333333,0.0,0
11,-adaptW,17,326.66666666666663,2396.4176220163927,1351.8333333333333,0.0,0
11,-adaptW,18,307.0,2267.4029115200874,1390.3333333333333,0.0,0
11,-adaptW,19,316.66666666666663,2241.068129170051,1390.5,0.0,0
11,-adaptW,20,305.6666666666667,2304.395293110993,1375.5,0.0,0
11,-adaptW,21,349.66666666666663,2346.502202873171,1359.0,0.0,0
11,-adaptW,22,316.66666666666663,2248.0606551214187,1386.1666666666667,0.0,0
11,-adaptW,23,305.6666666666667,2278.068393001569,1385.0,0.0,0
11,-adaptW,24,322.3333333333333,2251.3606143732377,1386.1666666666663,0.0,0
11,-adaptW,25,328.3333333333333,2349.471647379384,1357.8333333333333,0.0,0
11,-adaptW,26,307.0,2267.4029115200874,1390.3333333333333,0.0,0
11,-adaptW,27,305.6666666666667,2278.068393001569,1385.0,0.0,0
11,-adaptW,28,325.3333333333333,2347.413094247876,1367.1666666666667,0.0,0
11,-adaptW,29,331.66666666666663,2239.3631906439527,1410.0,0.0,0
11,-adaptW,30,386.33333333333337,2561.2082200036325,1350.6666666666665,0.0,0
11,-adaptW,31,382.0,2240.959326900362,1377.0,0.0,0
11,-adaptW,32,305.6666666666667,2304.395293110993,1375.5,0.0,0
11,-adaptW,33,307.0,2267.4029115200874,1390.3333333333333,0.0,0
11,-adaptW,34,340.6666666666667,2321.5902143523517,1359.3333333333335,0.0,0
11,-adaptW,35,382.0,2240.959326900362,1377.0,0.0,0
11,-adaptW,36,310.3333333333333,2255.2255587958007,1372.833333333333,0.0,0
11,-adaptW,37,350.0,2287.7970045361717,1370.9999999999998,0.0,0
11,-adaptW,38,326.66666666666663,2342.5559436756807,1362.1666666666667,0.0,0
11,-adaptW,39,305.6666666666667,2278.068393001569,1385.0,0.0,0
11,-adaptW,40,305.6666666666667,2293.813632898452,1378.1666666666667,0.0,0
11,-adaptW,41,355.66666666666663,2260.856178627773,1355.0000000000002,0.0,0
11,-impAstar,0,309.33333333333337,2242.7356258191076,1347.1666666666667,0.0,0
11,-impAstar,1,310.33333333333337,2190.6877000304034,1379.6666666666667,0.0,0
11,-impAstar,2,296.3333333333333,2462.8027101124103,1374.1666666666665,0.0,0
11,-impAstar,3,296.3333333333333,2446.4706360383366,1379.8333333333333,0.0,0
11,-impAstar,4,296.3333333333333,2446.4706360383366,1379.8333333333333,0.0,0
11,-impAstar,5,292.66666666666663,2480.729054832021,1364.5000000000002,0.0,0
11,-impAstar,6,296.3333333333333,2446.4706360383366,1379.8333333333333,0.0,0
11,-impAstar,7,297.66666666666663,2350.6681539613373,1355.5,0.0,0
11,-impAstar,8,307.6666666666667,2249.8378170930714,1362.166666666667,0.0,0
11,-impAstar,9,316.6666666666667,2235.237070263552,1353.6666666666667,0.0,0
11,-impAstar,10,316.6666666666667,2214.737403596885,1355.1666666666665,0.0,0
11,-impAstar,11,296.3333333333333,2446.4706360383366,1379.8333333333333,0.0,0
11,-impAstar,12,297.66666666666663,2337.0020058131895,1357.8333333333333,0.0,0
11,-impAstar,13,310.33333333333337,2190.6877000304034,1379.6666666666667,0.0,0
11,-impAstar,14,316.6666666666667,2235.237070263552,1353.6666666666667,0.0,0
11,-impAstar,15,296.3333333333333,2446.4706360383366,1379.8333333333333,0.0,0
11,-impAstar,16,296.3333333333333,2446.4706360383366,1379.8333333333333,0.0,0
11,-impAstar,17,297.66666666666663,2350.6681539613373,1355.5,0.0,0
11,-impAstar,18,307.6666666666667,2249.8378170930714,1362.166666666667,0.0,0
11,-impAstar,19,307.6666666666667,2249.8378170930714,1362.166666666667,0.0,0
11,-impAstar,20,296.3333333333333,2446.4706360383366,1379.8333333333333,0.0,0
11,-impAstar,21,296.33333333333337,2297.4678193740433,1358.1666666666667,0.0,0
11,-impAstar,22,297.66666666666663,2350.6681539613373,1355.5,0.0,0
11,-impAstar,23,318.0,2182.550618357275,1366.5000000000002,0.0,1
11,-impAstar,24,307.33333333333337,2210.7899586718304,1364.666666666667,0.0,0
11,-impAstar,25,292.0,2505.256663453116,1365.8333333333335,0.0,0
11,-impAstar,26,303.3333333333333,2270.7574123317663,1361.8333333333333,0.0,0
11,-impAstar,27,309.33333333333337,2221.6505930488884,1355.5000000000002,0.0,0
11,-impAstar,28,309.33333333333337,2193.1139045290333,1357.8333333333335,0.0,0
11,-impAstar,29,296.6666666666667,2242.9663034374744,1372.6666666666667,0.0,0
11,-closedLoop,0,309.33333333333337,2242.7356258191076,1347.1666666666667,0.0,0
11,-closedLoop,1,310.33333333333337,2190.6877000304034,1379.6666666666667,0.0,0
11,-closedLoop,2,296.3333333333333,2462.8027101124103,1374.1666666666665,0.0,0
11,-closedLoop,3,296.3333333333333,2446.4706360383366,1379.8333333333333,0.0,0
11,-closedLoop,4,296.3333333333333,2446.4706360383366,1379.8333333333333,0.0,0
11,-closedLoop,5,292.66666666666663,2480.729054832021,1364.5000000000002,0.0,0
11,-closedLoop,6,296.3333333333333,2446.4706360383366,1379.8333333333333,0.0,0
11,-closedLoop,7,297.66666666666663,2350.6681539613373,1355.5,0.0,0
11,-closedLoop,8,307.6666666666667,2249.8378170930714,1362.166666666667,0.0,0
11,-closedLoop,9,316.6666666666667,2235.237070263552,1353.6666666666667,0.0,0
11,-closedLoop,10,316.6666666666667,2214.737403596885,1355.1666666666665,0.0,0
11,-closedLoop,11,296.3333333333333,2446.4706360383366,1379.8333333333333,0.0,0
11,-closedLoop,12,297.66666666666663,2337.0020058131895,1357.8333333333333,0.0,0
11,-closedLoop,13,310.33333333333337,2190.6877000304034,1379.6666666666667,0.0,0
11,-closedLoop,14,316.6666666666667,2235.237070263552,1353.6666666666667,0.0,0
11,-closedLoop,15,296.3333333333333,2446.4706360383366,1379.8333333333333,0.0,0
11,-closedLoop,16,296.3333333333333,2446.4706360383366,1379.8333333333333,0.0,0
11,-closedLoop,17,297.66666666666663,2350.6681539613373,1355.5,0.0,0
11,-closedLoop,18,307.6666666666667,2249.8378170930714,1362.166666666667,0.0,0
11,-closedLoop,19,307.6666666666667,2249.8378170930714,1362.166666666667,0.0,0
11,-closedLoop,20,296.3333333333333,2446.4706360383366,1379.8333333333333,0.0,0
11,-closedLoop,21,296.33333333333337,2297.4678193740433,1358.1666666666667,0.0,0
11,-closedLoop,22,297.66666666666663,2350.6681539613373,1355.5,0.0,0
11,-closedLoop,23,318.0,2182.550618357275,1366.5000000000002,0.0,0
11,-closedLoop,24,307.33333333333337,2210.7899586718304,1364.666666666667,0.0,0
11,-closedLoop,25,292.0,2505.256663453116,1365.8333333333335,0.0,0
11,-closedLoop,26,303.3333333333333,2270.7574123317663,1361.8333333333333,0.0,0
11,-closedLoop,27,309.33333333333337,2221.6505930488884,1355.5000000000002,0.0,0
11,-closedLoop,28,309.33333333333337,2193.1139045290333,1357.8333333333335,0.0,0
11,-closedLoop,29,296.6666666666667,2242.9663034374744,1372.6666666666667,0.0,0
11,hard-only,0,301.66666666666663,2027.1444998142972,1357.666666666667,0.0,0
11,hard-only,1,330.6666666666667,1865.4426843395352,1376.1666666666667,0.0,0
11,hard-only,2,301.0,1995.1786265151852,1358.6666666666667,0.0,0
11,hard-only,3,292.3333333333333,2047.3595917616676,1385.0,0.0,0
11,hard-only,4,292.3333333333333,2047.3595917616676,1385.0,0.0,0
11,hard-only,5,333.6666666666667,1932.221146614751,1354.8333333333335,0.0,0
11,hard-only,6,332.0,1850.8157465413567,1386.0000000000002,0.0,0
11,hard-only,7,333.6666666666667,2075.8859614295657,1346.5,0.0,0
11,hard-only,8,305.33333333333337,1875.8906620402022,1382.0,0.0,0
11,hard-only,9,292.3333333333333,2047.3595917616676,1385.0,0.0,0
11,hard-only,10,336.0,1869.9867488582106,1356.1666666666665,0.0,0
11,hard-only,11,354.0,1847.606443104209,1385.8333333333333,0.0,0
11,hard-only,12,292.3333333333333,2047.3595917616676,1385.0,0.0,0
11,hard-only,13,305.33333333333337,1880.554550929091,1369.5,0.0,0
11,hard-only,14,301.33333333333337,1962.364605417574,1364.1666666666665,0.0,0
11,hard-only,15,332.0,1847.3165983932086,1389.8333333333335,0.0,0
11,hard-only,16,336.0,1918.3877392073434,1354.4999999999998,0.0,0
11,hard-only,17,317.3333333333333,1864.6405659008237,1379.5,0.0,0
11,hard-only,18,310.33333333333337,1917.5161051231605,1362.8333333333333,0.0,0
11,hard-only,19,311.0,1938.2677343452046,1354.0000000000002,0.0,0
11,hard-only,20,309.6666666666667,1948.8067239721574,1362.6666666666667,0.0,0
11,hard-only,21,297.33333333333337,1970.9810311946771,1359.1666666666667,0.0,0
11,hard-only,22,310.33333333333337,1879.9479422490497,1370.0,0.0,0
11,hard-only,23,301.0,1995.1786265151852,1358.6666666666667,0.0,0
11,hard-only,24,333.6666666666667,1933.8522063347964,1349.0000000000002,0.0,0
11,hard-only,25,330.6666666666667,1865.4426843395352,1376.1666666666667,0.0,0
11,hard-only,26,328.6666666666667,1873.8676919631835,1369.0,0.0,0
11,hard-only,27,292.0,2074.252279377922,1382.3333333333333,0.0,0
11,hard-only,28,332.0,1850.8157465413567,1386.0000000000002,0.0,0
11,hard-only,29,402.66666666666663,2005.4916441836815,1341.8333333333333,0.0,1
11,hard-only,30,317.66666666666663,1931.749173928977,1359.5,0.0,0
11,hard-only,31,342.3333333333333,1881.7569351349935,1350.8333333333333,0.0,0
11,hard-only,32,309.6666666666667,1948.8067239721574,1362.6666666666667,0.0,0
11,hard-only,33,292.3333333333333,2047.3595917616676,1385.0,0.0,0
11,hard-only,34,311.0,1930.910643250663,1360.5,0.0,0
11,hard-only,35,291.6666666666667,2053.25949302505,1386.5000000000002,0.0,0
11,hard-only,36,310.33333333333337,1861.4609730624613,1384.5,0.0,0
11,hard-only,37,350.0,2015.7856248237897,1338.8333333333335,0.0,0
11,hard-only,38,310.33333333333337,1917.5161051231605,1362.8333333333333,0.0,0
11,hard-only,39,319.66666666666663,1892.0339512224423,1367.166666666667,0.0,0
11,hard-only,40,336.0,1869.9867488582106,1356.1666666666665,0.0,0
11,hard-only,41,310.33333333333337,1867.3683215928131,1371.8333333333335,0.0,0
11,hard-only,42,312.6666666666667,1857.9398918743314,1380.0000000000002,0.0,0
11,hard-only,43,292.0,2074.252279377922,1382.3333333333333,0.0,0
11,hard-only,44,292.3333333333333,2035.443147317223,1386.0,0.0,0
11,hard-only,45,301.3333333333333,1892.1233063957945,1365.0,0.0,0
11,hard-only,46,309.6666666666667,1948.8067239721574,1362.6666666666667,0.0,0
11,hard-only,47,350.0,2015.7856248237897,1338.8333333333335,0.0,0
11,hard-only,48,328.6666666666667,1873.8676919631835,1369.0,0.0,0
11,hard-only,49,301.0,1995.1786265151852,1358.6666666666667,0.0,0
11,hard-only,50,350.0,1984.595693681938,1344.6666666666665,0.0,0
11,hard-only,51,311.0,1936.241424768619,1355.5,0.0,0
11,GA-SA-multiSoH,4,291.66666666666663,2220.5377250970664,1330.3333333333335,0.0,1
12,Full,0,309.3333333333333,2426.6953966886285,1365.0,0.0,0
12,Full,1,402.66666666666663,2459.5148525414797,1363.1666666666667,0.0,0
12,Full,2,309.3333333333333,2398.5297300219618,1369.5,0.0,0
12,Full,3,309.33333333333337,2365.8147176687316,1368.3333333333335,0.0,0
12,Full,4,309.33333333333337,2318.657522613674,1372.6666666666665,0.0,0
12,Full,5,311.3333333333333,2515.0227591727275,1352.3333333333335,0.0,0
12,Full,6,309.33333333333337,2365.8147176687316,1368.3333333333335,0.0,0
12,Full,7,309.33333333333337,2365.8147176687316,1368.3333333333335,0.0,0
12,Full,8,320.66666666666663,2305.2564380261847,1378.3333333333335,0.0,0
12,Full,9,309.33333333333337,2374.886099791335,1363.3333333333333,0.0,0
12,Full,10,309.33333333333337,2315.866745889809,1374.5,0.0,0
12,Full,11,309.33333333333337,2309.404546258317,1375.8333333333333,0.0,0
12,Full,12,364.3333333333333,2531.1504667125128,1347.3333333333335,0.0,0
12,Full,13,331.33333333333337,2356.489892984044,1368.3333333333335,0.0,0
12,Full,14,312.33333333333337,2307.2247418670017,1386.3333333333333,0.0,0
12,Full,15,309.33333333333337,2366.147976927991,1368.0,0.0,0
12,Full,16,297.3333333333333,2363.029546996464,1374.333333333333,0.0,0
12,Full,17,364.3333333333333,2531.1504667125128,1347.3333333333335,0.0,0
12,Full,18,312.33333333333337,2304.0347682645743,1388.6666666666665,0.0,0
12,Full,19,402.66666666666663,2459.5148525414797,1363.1666666666667,0.0,0
12,Full,20,299.3333333333333,2544.0294337256655,1368.1666666666665,0.0,0
12,Full,21,294.6666666666667,2447.366658107575,1391.3333333333333,0.0,0
12,Full,22,340.3333333333333,2513.860618910851,1358.5,0.0,0
12,Full,23,309.3333333333333,2395.0299892812213,1370.6666666666667,0.0,0
12,Full,24,324.0,2295.9860293882925,1383.1666666666665,0.0,0
12,Full,25,299.3333333333333,2327.798340654331,1391.5,0.0,0
12,Full,26,324.0,2295.9860293882925,1383.1666666666665,0.0,0
12,Full,27,312.33333333333337,2304.0347682645743,1388.6666666666665,0.0,0
12,Full,28,309.33333333333337,2374.886099791335,1363.3333333333333,0.0,0
12,Full,29,364.3333333333333,2531.1504667125128,1347.3333333333335,0.0,0
12,Full,30,309.33333333333337,2315.866745889809,1374.5,0.0,0
12,Full,31,309.3333333333333,2426.6953966886285,1365.0,0.0,0
12,Full,32,324.0,2295.9860293882925,1383.1666666666665,0.0,0
12,Full,33,324.0,2295.9860293882925,1383.1666666666665,0.0,0
12,Full,34,312.33333333333337,2304.0347682645743,1388.6666666666665,0.0,0
12,-health,0,304.3333333333333,2168.1975625335767,1396.3333333333333,0.0,0
12,-health,1,336.00000000000006,2114.1842501767323,1359.6666666666665,0.0,0
12,-health,2,308.0,2086.5613174619166,1368.333333333333,0.0,0
12,-health,3,406.0,2165.3605163903917,1358.0,0.0,0
12,-health,4,322.66666666666674,2017.0014312609803,1371.6666666666665,0.0,0
12,-health,5,306.0,2159.4915111424375,1373.0000000000002,0.0,0
12,-health,6,305.33333333333337,2085.325488610937,1377.6666666666667,0.0,0
12,-health,7,374.00000000000006,2032.5925487115433,1364.1666666666665,0.0,0
12,-health,8,318.6666666666667,2086.523685282209,1360.6666666666667,0.0,0
12,-health,9,333.33333333333337,2024.215142818956,1368.1666666666665,0.0,0
12,-health,10,336.00000000000006,2114.1842501767323,1359.6666666666665,0.0,0
12,-health,11,308.0,2082.461589135581,1380.6666666666665,0.0,0
12,-health,12,333.33333333333337,2040.9462296687448,1367.3333333333333,0.0,0
12,-health,13,374.00000000000006,2032.5925487115433,1364.1666666666665,0.0,0
12,-health,14,310.33333333333337,1952.993961507852,1377.5,0.0,0
12,-health,15,322.66666666666674,2017.0014312609803,1371.6666666666665,0.0,0
12,-health,16,333.33333333333337,2024.215142818956,1368.1666666666665,0.0,0
12,-health,17,358.0,1934.2966667354708,1390.8333333333337,0.0,0
12,-health,18,307.3333333333333,2044.8239160321887,1381.6666666666665,0.0,0
12,-health,19,350.0,1935.7612878650054,1398.8333333333335,0.0,0
12,-health,20,322.66666666666674,2017.0014312609803,1371.6666666666665,0.0,0
12,-health,21,310.33333333333337,1941.681091699594,1382.1666666666665,0.0,0
12,-health,22,319.0,1936.1618369880186,1394.8333333333333,0.0,0
12,-health,23,310.33333333333337,1952.993961507852,1377.5,0.0,0
12,-health,24,358.0,1934.2966667354708,1390.8333333333337,0.0,0
12,-health,25,306.0,2159.4915111424375,1373.0000000000002,0.0,0
12,-health,26,310.33333333333337,1971.9789286455555,1376.9999999999998,0.0,0
12,-health,27,306.33333333333337,1964.3293689152597,1386.833333333333,0.0,0
12,-health,28,308.0,2091.1850941857815,1365.0,0.0,0
12,-health,29,306.33333333333337,1943.298695974182,1400.4999999999998,0.0,0
12,-health,30,314.33333333333337,1931.900696707011,1408.5000000000002,0.0,0
12,-health,31,322.66666666666674,2017.0014312609803,1371.6666666666665,0.0,0
12,-health,32,304.3333333333333,2162.671666223061,1399.6666666666667,0.0,1
12,-health,33,313.66666666666663,1987.0575297095836,1372.3333333333333,0.0,0
12,-health,34,310.33333333333337,2054.303080244607,1373.0,0.0,0
12,-health,35,310.33333333333337,1971.9789286455555,1376.9999999999998,0.0,0
12,-health,36,306.3333333333333,2145.2787742827204,1374.5,0.0,0
12,-adaptW,0,308.33333333333337,2419.717692091023,1410.8333333333335,0.0,0
12,-adaptW,1,319.6666666666667,2526.08205938388,1356.8333333333335,0.0,0
12,-adaptW,2,289.3333333333333,2503.9182445690644,1369.6666666666667,0.0,0
12,-adaptW,3,347.66666666666663,2433.273970672116,1386.8333333333335,0.0,0
12,-adaptW,4,285.3333333333333,2564.396776658711,1387.1666666666665,0.0,0
12,-adaptW,5,293.0,2439.461476713647,1367.5,0.0,1
12,-adaptW,6,285.3333333333333,2564.396776658711,1387.1666666666665,0.0,0
12,-adaptW,7,347.0,2383.796464070547,1399.5000000000002,0.0,0
12,-adaptW,8,347.0,2398.795723329806,1396.1666666666667,0.0,0
12,-adaptW,9,305.33333333333337,2572.422160625118,1349.0,0.0,0
12,-adaptW,10,313.0,2527.0818371616574,1355.8333333333335,0.0,0
12,-adaptW,11,347.0,2394.325219526864,1397.0,0.0,0
12,-adaptW,12,340.6666666666667,2492.5036900994323,1359.1666666666667,0.0,0
12,-adaptW,13,285.6666666666667,2539.9167147360986,1360.3333333333335,0.0,0
12,-adaptW,14,308.33333333333337,2373.443690998947,1413.3333333333333,0.0,0
12,-adaptW,15,319.6666666666667,2493.3378752846174,1363.0000000000002,0.0,0
12,-adaptW,16,293.0,2439.461476713647,1367.5,0.0,0
12,-adaptW,17,334.99999999999994,2434.601184565456,1395.6666666666667,0.0,0
12,-adaptW,18,319.6666666666667,2525.082281606102,1357.8333333333333,0.0,0
12,-adaptW,19,347.66666666666663,2433.273970672116,1386.8333333333335,0.0,0
12,-adaptW,20,285.6666666666667,2539.9167147360986,1360.3333333333335,0.0,0
12,-adaptW,21,316.99999999999994,2519.9981576027117,1360.5,0.0,0
12,-adaptW,22,347.0,2394.325219526864,1397.0,0.0,0
12,-adaptW,23,325.0,2405.1931536422553,1402.8333333333333,0.0,0
12,-adaptW,24,325.66666666666663,2502.1881371436816,1361.0,0.0,0
12,-adaptW,25,308.33333333333337,2373.443690998947,1413.3333333333333,0.0,0
12,-adaptW,26,347.0,2383.796464070547,1399.5000000000002,0.0,0
12,-adaptW,27,352.3333333333333,2433.764958266625,1375.5000000000002,0.0,0
12,-adaptW,28,323.33333333333337,2366.9595987897656,1403.6666666666667,0.0,0
12,-adaptW,29,289.3333333333333,2551.9164184398014,1359.0000000000002,0.0,0
12,-adaptW,30,325.0,2419.670603754954,1398.5,0.0,0
12,-adaptW,31,312.0,2529.7036802056846,1364.6666666666667,0.0,0
12,-adaptW,32,319.6666666666667,2552.984907977962,1354.6666666666667,0.0,0
12,-adaptW,33,298.0,2504.4475129045413,1366.0000000000002,0.0,0
12,-adaptW,34,335.6666666666667,2570.2410631534317,1353.1666666666667,0.0,0
12,-adaptW,35,285.3333333333333,2578.254081731685,1374.8333333333335,0.0,0
12,-adaptW,36,285.3333333333333,2564.396776658711,1387.1666666666665,0.0,0
12,-adaptW,37,289.3333333333333,2503.9182445690644,1369.6666666666667,0.0,0
12,-adaptW,38,298.0,2504.4475129045413,1366.0000000000002,0.0,0
12,-adaptW,39,293.0,2439.461476713647,1367.5,0.0,0
12,-adaptW,40,305.33333333333337,2572.422160625118,1349.0,0.0,0
12,-adaptW,41,292.33333333333337,2555.5828628842464,1358.0,0.0,0
12,-adaptW,42,347.66666666666663,2433.273970672116,1386.8333333333335,0.0,0
12,-adaptW,43,313.0,2527.0818371616574,1355.8333333333335,0.0,0
12,-adaptW,44,285.6666666666667,2465.191470266747,1373.1666666666665,0.0,0
12,-adaptW,45,352.3333333333333,2420.4799572860743,1388.1666666666667,0.0,0
12,-adaptW,46,308.33333333333337,2419.717692091023,1410.8333333333335,0.0,0
12,-adaptW,47,313.0,2562.7564939584513,1353.5,0.0,0
12,-adaptW,48,325.0,2419.670603754954,1398.5,0.0,0
12,-adaptW,49,347.0,2383.796464070547,1399.5000000000002,0.0,0
12,-adaptW,50,285.6666666666667,2539.9167147360986,1360.3333333333335,0.0,0
12,-impAstar,0,309.3333333333333,2426.6953966886285,1365.0,0.0,0
12,-impAstar,1,402.66666666666663,2459.5148525414797,1363.1666666666667,0.0,0
12,-impAstar,2,309.3333333333333,2398.5297300219618,1369.5,0.0,0
12,-impAstar,3,309.33333333333337,2365.8147176687316,1368.3333333333335,0.0,0
12,-impAstar,4,309.33333333333337,2318.657522613674,1372.6666666666665,0.0,0
12,-impAstar,5,311.3333333333333,2515.0227591727275,1352.3333333333335,0.0,0
12,-impAstar,6,309.33333333333337,2365.8147176687316,1368.3333333333335,0.0,0
12,-impAstar,7,309.33333333333337,2365.8147176687316,1368.3333333333335,0.0,0
12,-impAstar,8,320.66666666666663,2305.2564380261847,1378.3333333333335,0.0,0
12,-impAstar,9,309.33333333333337,2374.886099791335,1363.3333333333333,0.0,1
12,-impAstar,10,309.33333333333337,2315.866745889809,1374.5,0.0,0
12,-impAstar,11,309.33333333333337,2309.404546258317,1375.8333333333333,0.0,0
12,-impAstar,12,364.3333333333333,2531.1504667125128,1347.3333333333335,0.0,0
12,-impAstar,13,331.33333333333337,2356.489892984044,1368.3333333333335,0.0,0
12,-impAstar,14,312.33333333333337,2307.2247418670017,1386.3333333333333,0.0,0
12,-impAstar,15,309.33333333333337,2366.147976927991,1368.0,0.0,0
12,-impAstar,16,297.3333333333333,2363.029546996464,1374.333333333333,0.0,0
12,-impAstar,17,364.3333333333333,2531.1504667125128,1347.3333333333335,0.0,0
12,-impAstar,18,312.33333333333337,2304.0347682645743,1388.6666666666665,0.0,0
12,-impAstar,19,402.66666666666663,2459.5148525414797,1363.1666666666667,0.0,0
12,-impAstar,20,299.3333333333333,2544.0294337256655,1368.1666666666665,0.0,0
12,-impAstar,21,294.6666666666667,2447.366658107575,1391.3333333333333,0.0,0
12,-impAstar,22,340.3333333333333,2513.860618910851,1358.5,0.0,0
12,-impAstar,23,309.3333333333333,2395.0299892812213,1370.6666666666667,0.0,0
12,-impAstar,24,324.0,2295.9860293882925,1383.1666666666665,0.0,0
12,-impAstar,25,299.3333333333333,2327.798340654331,1391.5,0.0,0
12,-impAstar,26,324.0,2295.9860293882925,1383.1666666666665,0.0,0
12,-impAstar,27,312.33333333333337,2304.0347682645743,1388.6666666666665,0.0,0
12,-impAstar,28,309.33333333333337,2374.886099791335,1363.3333333333333,0.0,0
12,-impAstar,29,364.3333333333333,2531.1504667125128,1347.3333333333335,0.0,0
12,-impAstar,30,309.33333333333337,2315.866745889809,1374.5,0.0,0
12,-impAstar,31,309.3333333333333,2426.6953966886285,1365.0,0.0,0
12,-impAstar,32,324.0,2295.9860293882925,1383.1666666666665,0.0,0
12,-impAstar,33,324.0,2295.9860293882925,1383.1666666666665,0.0,0
12,-impAstar,34,312.33333333333337,2304.0347682645743,1388.6666666666665,0.0,0
12,-closedLoop,0,309.3333333333333,2426.6953966886285,1365.0,0.0,0
12,-closedLoop,1,402.66666666666663,2459.5148525414797,1363.1666666666667,0.0,0
12,-closedLoop,2,309.3333333333333,2398.5297300219618,1369.5,0.0,0
12,-closedLoop,3,309.33333333333337,2365.8147176687316,1368.3333333333335,0.0,0
12,-closedLoop,4,309.33333333333337,2318.657522613674,1372.6666666666665,0.0,0
12,-closedLoop,5,311.3333333333333,2515.0227591727275,1352.3333333333335,0.0,0
12,-closedLoop,6,309.33333333333337,2365.8147176687316,1368.3333333333335,0.0,0
12,-closedLoop,7,309.33333333333337,2365.8147176687316,1368.3333333333335,0.0,0
12,-closedLoop,8,320.66666666666663,2305.2564380261847,1378.3333333333335,0.0,0
12,-closedLoop,9,309.33333333333337,2374.886099791335,1363.3333333333333,0.0,0
12,-closedLoop,10,309.33333333333337,2315.866745889809,1374.5,0.0,0
12,-closedLoop,11,309.33333333333337,2309.404546258317,1375.8333333333333,0.0,0
12,-closedLoop,12,364.3333333333333,2531.1504667125128,1347.3333333333335,0.0,0
12,-closedLoop,13,331.33333333333337,2356.489892984044,1368.3333333333335,0.0,0
12,-closedLoop,14,312.33333333333337,2307.2247418670017,1386.3333333333333,0.0,0
12,-closedLoop,15,309.33333333333337,2366.147976927991,1368.0,0.0,0
12,-closedLoop,16,297.3333333333333,2363.029546996464,1374.333333333333,0.0,0
12,-closedLoop,17,364.3333333333333,2531.1504667125128,1347.3333333333335,0.0,0
12,-closedLoop,18,312.33333333333337,2304.0347682645743,1388.6666666666665,0.0,0
12,-closedLoop,19,402.66666666666663,2459.5148525414797,1363.1666666666667,0.0,0
12,-closedLoop,20,299.3333333333333,2544.0294337256655,1368.1666666666665,0.0,0
12,-closedLoop,21,294.6666666666667,2447.366658107575,1391.3333333333333,0.0,0
12,-closedLoop,22,340.3333333333333,2513.860618910851,1358.5,0.0,0
12,-closedLoop,23,309.3333333333333,2395.0299892812213,1370.6666666666667,0.0,0
12,-closedLoop,24,324.0,2295.9860293882925,1383.1666666666665,0.0,0
12,-closedLoop,25,299.3333333333333,2327.798340654331,1391.5,0.0,0
12,-closedLoop,26,324.0,2295.9860293882925,1383.1666666666665,0.0,0
12,-closedLoop,27,312.33333333333337,2304.0347682645743,1388.6666666666665,0.0,0
12,-closedLoop,28,309.33333333333337,2374.886099791335,1363.3333333333333,0.0,0
12,-closedLoop,29,364.3333333333333,2531.1504667125128,1347.3333333333335,0.0,0
12,-closedLoop,30,309.33333333333337,2315.866745889809,1374.5,0.0,0
12,-closedLoop,31,309.3333333333333,2426.6953966886285,1365.0,0.0,0
12,-closedLoop,32,324.0,2295.9860293882925,1383.1666666666665,0.0,0
12,-closedLoop,33,324.0,2295.9860293882925,1383.1666666666665,0.0,0
12,-closedLoop,34,312.33333333333337,2304.0347682645743,1388.6666666666665,0.0,0
12,hard-only,0,304.3333333333333,2168.1975625335767,1396.3333333333333,0.0,0
12,hard-only,1,336.00000000000006,2114.1842501767323,1359.6666666666665,0.0,0
12,hard-only,2,308.0,2086.5613174619166,1368.333333333333,0.0,0
12,hard-only,3,406.0,2165.3605163903917,1358.0,0.0,0
12,hard-only,4,322.66666666666674,2017.0014312609803,1371.6666666666665,0.0,0
12,hard-only,5,306.0,2159.4915111424375,1373.0000000000002,0.0,0
12,hard-only,6,305.33333333333337,2085.325488610937,1377.6666666666667,0.0,0
12,hard-only,7,374.00000000000006,2032.5925487115433,1364.1666666666665,0.0,0
12,hard-only,8,318.6666666666667,2086.523685282209,1360.6666666666667,0.0,0
12,hard-only,9,333.33333333333337,2024.215142818956,1368.1666666666665,0.0,0
12,hard-only,10,336.00000000000006,2114.1842501767323,1359.6666666666665,0.0,0
12,hard-only,11,308.0,2082.461589135581,1380.6666666666665,0.0,0
12,hard-only,12,333.33333333333337,2040.9462296687448,1367.3333333333333,0.0,0
12,hard-only,13,374.00000000000006,2032.5925487115433,1364.1666666666665,0.0,0
12,hard-only,14,310.33333333333337,1952.993961507852,1377.5,0.0,0
12,hard-only,15,322.66666666666674,2017.0014312609803,1371.6666666666665,0.0,0
12,hard-only,16,333.33333333333337,2024.215142818956,1368.1666666666665,0.0,0
12,hard-only,17,358.0,1934.2966667354708,1390.8333333333337,0.0,0
12,hard-only,18,307.3333333333333,2044.8239160321887,1381.6666666666665,0.0,0
12,hard-only,19,350.0,1935.7612878650054,1398.8333333333335,0.0,0
12,hard-only,20,322.66666666666674,2017.0014312609803,1371.6666666666665,0.0,0
12,hard-only,21,310.33333333333337,1941.681091699594,1382.1666666666665,0.0,0
12,hard-only,22,319.0,1936.1618369880186,1394.8333333333333,0.0,0
12,hard-only,23,310.33333333333337,1952.993961507852,1377.5,0.0,0
12,hard-only,24,358.0,1934.2966667354708,1390.8333333333337,0.0,0
12,hard-only,25,306.0,2159.4915111424375,1373.0000000000002,0.0,0
12,hard-only,26,310.33333333333337,1971.9789286455555,1376.9999999999998,0.0,0
12,hard-only,27,306.33333333333337,1964.3293689152597,1386.833333333333,0.0,0
12,hard-only,28,308.0,2091.1850941857815,1365.0,0.0,0
12,hard-only,29,306.33333333333337,1943.298695974182,1400.4999999999998,0.0,0
12,hard-only,30,314.33333333333337,1931.900696707011,1408.5000000000002,0.0,0
12,hard-only,31,322.66666666666674,2017.0014312609803,1371.6666666666665,0.0,0
12,hard-only,32,304.3333333333333,2162.671666223061,1399.6666666666667,0.0,1
12,hard-only,33,313.66666666666663,1987.0575297095836,1372.3333333333333,0.0,0
12,hard-only,34,310.33333333333337,2054.303080244607,1373.0,0.0,0
12,hard-only,35,310.33333333333337,1971.9789286455555,1376.9999999999998,0.0,0
12,hard-only,36,306.3333333333333,2145.2787742827204,1374.5,0.0,0
12,GA-SA-multiSoH,0,306.66666666666663,2592.0438755407113,1344.8333333333335,0.0,1
13,Full,0,304.66666666666663,2110.863454107755,1310.3333333333333,0.0,0
13,Full,1,304.66666666666663,2110.863454107755,1310.3333333333333,0.0,0
13,Full,2,307.6666666666667,2307.3254740442007,1290.6666666666665,0.0,0
13,Full,3,307.6666666666667,2434.3778211595504,1289.4999999999998,0.0,0
13,Full,4,307.6666666666667,2434.3778211595504,1289.4999999999998,0.0,0
13,Full,5,304.66666666666663,2110.863454107755,1310.3333333333333,0.0,0
13,Full,6,304.66666666666663,2110.863454107755,1310.3333333333333,0.0,0
13,Full,7,307.6666666666667,2435.7108581965877,1288.1666666666665,0.0,0
13,Full,8,304.66666666666663,2092.3298800736097,1319.3333333333335,0.0,0
13,Full,9,304.66666666666663,2160.5256046067793,1292.6666666666667,0.0,0
13,Full,10,292.33333333333337,2132.6468545433236,1301.6666666666665,0.0,0
13,Full,11,292.33333333333337,2114.9279557244513,1317.5,0.0,0
13,Full,12,292.33333333333337,2130.6566157293064,1312.1666666666665,0.0,0
13,Full,13,304.66666666666663,2105.8645652188666,1315.3333333333333,0.0,0
13,Full,14,304.66666666666663,2110.863454107755,1310.3333333333333,0.0,0
13,Full,15,304.66666666666663,2110.863454107755,1310.3333333333333,0.0,0
13,Full,16,325.0,2131.0496926235683,1304.9999999999998,0.0,0
13,Full,17,297.3333333333333,2114.2964880001336,1331.5,0.0,0
13,Full,18,304.66666666666663,2113.8627874410886,1307.3333333333335,0.0,0
13,Full,19,304.66666666666663,2053.5468286939085,1327.6666666666667,0.0,0
13,Full,20,304.0,2102.707382822281,1327.1666666666667,0.0,0
13,Full,21,321.3333333333333,2048.0699428155413,1332.3333333333335,0.0,0
13,Full,22,304.0,2102.707382822281,1327.1666666666667,0.0,0
13,Full,23,324.3333333333333,2155.3608985521996,1298.8333333333335,0.0,0
13,Full,24,334.66666666666663,2147.266355982413,1294.6666666666667,0.0,0
13,Full,25,313.3333333333333,2052.459483318491,1332.0,0.0,0
13,Full,26,279.3333333333333,2202.330807612695,1292.8333333333333,0.0,0
13,Full,27,315.33333333333337,2112.530046700348,1310.0,0.0,0
13,-health,0,364.66666666666663,2042.215884334124,1293.6666666666667,0.0,0
13,-health,1,313.3333333333333,1872.3970875898017,1308.0,0.0,0
13,-health,2,366.3333333333333,2158.3951910785795,1288.9999999999998,0.0,1
13,-health,3,313.3333333333333,1872.3970875898017,1308.0,0.0,0
13,-health,4,313.3333333333333,1862.6582045080024,1312.5,0.0,0
13,-health,5,309.66666666666663,1886.2297542564684,1305.0,0.0,0
13,-health,6,314.0,1854.1087923135549,1310.3333333333333,0.0,0
13,-health,7,309.66666666666663,1886.2297542564684,1305.0,0.0,0
13,-health,8,313.3333333333333,1872.3970875898017,1308.0,0.0,0
13,-health,9,313.3333333333333,1872.3970875898017,1308.0,0.0,0
13,-health,10,313.3333333333333,1877.8229452487435,1303.8333333333333,0.0,0
13,-health,11,309.66666666666663,1850.398087589802,1312.5000000000002,0.0,0
13,-health,12,309.66666666666663,1864.68844346362,1311.4999999999998,0.0,0
13,-health,13,289.0,1879.320313406719,1306.5,0.0,0
13,-health,14,313.3333333333333,1864.4043375412762,1310.0,0.0,0
13,-health,15,366.3333333333333,2158.3951910785795,1288.9999999999998,0.0,0
13,-health,16,309.66666666666663,1864.68844346362,1311.4999999999998,0.0,0
13,-health,17,309.66666666666663,1886.2297542564684,1305.0,0.0,0
13,-health,18,366.3333333333333,2129.890016430218,1293.0,0.0,0
13,-health,19,313.3333333333333,1872.3970875898017,1308.0,0.0,0
13,-health,20,309.66666666666663,1824.7067166860907,1321.3333333333335,0.0,0
13,-health,21,312.0,1877.7363323437025,1307.4999999999998,0.0,0
13,-health,22,302.3333333333333,1874.3214245178299,1311.5000000000002,0.0,0
13,-health,23,314.0,1867.0641936999202,1308.3333333333333,0.0,0
13,-health,24,327.33333333333337,1866.5144711203197,1306.833333333333,0.0,0
13,-health,25,316.66666666666663,1860.4482694882443,1309.0000000000002,0.0,0
13,-health,26,316.66666666666663,1849.909474754614,1312.3333333333333,0.0,0
13,-health,27,309.66666666666663,1874.8976061083201,1310.3333333333335,0.0,0
13,-health,28,309.66666666666663,1886.2297542564684,1305.0,0.0,0
13,-health,29,364.66666666666663,2142.4176609509946,1291.8333333333335,0.0,0
13,-health,30,309.66666666666663,1886.8227230265209,1302.8333333333333,0.0,0
13,-health,31,309.66666666666663,1890.6454949972092,1300.8333333333333,0.0,0
13,-health,32,309.66666666666663,1835.5247328011637,1312.8333333333333,0.0,0
13,-health,33,313.3333333333333,1864.4043375412762,1310.0,0.0,0
13,-health,34,300.0,1873.9697011403034,1313.1666666666667,0.0,0
13,-health,35,309.66666666666663,1890.6454949972092,1300.8333333333333,0.0,0
13,-health,36,300.0,1873.9697011403034,1313.1666666666667,0.0,0
13,-health,37,309.66666666666663,1886.2297542564684,1305.0,0.0,0
13,-health,38,313.3333333333333,1917.5683005042395,1297.8333333333335,0.0,0
13,-health,39,294.0,1922.8979605247066,1294.0,0.0,0
13,-health,40,326.6666666666667,1847.3789938419047,1311.0,0.0,0
13,-health,41,309.66666666666663,1886.2297542564684,1305.0,0.0,0
13,-health,42,313.3333333333333,1872.3970875898017,1308.0,0.0,0
13,-health,43,326.6666666666667,1847.3789938419047,1311.0,0.0,0
13,-health,44,364.66666666666663,2142.4176609509946,1291.8333333333335,0.0,0
13,-health,45,309.66666666666663,1823.040716686091,1324.3333333333335,0.0,0
13,-health,46,312.0,1869.9037397511097,1310.8333333333335,0.0,0
13,-health,47,300.0,1872.4910460878164,1318.1666666666667,0.0,0
13,-health,48,294.0,1919.1937072864896,1301.1666666666667,0.0,0
13,-health,49,309.66666666666663,1886.2297542564684,1305.0,0.0,0
13,-health,50,315.3333333333333,1874.14205338407,1305.6666666666665,0.0,0
13,-health,51,311.3333333333333,1889.5706943211346,1301.1666666666665,0.0,0
13,-health,52,300.0,1876.3029603995626,1312.8333333333333,0.0,0
13,-health,53,311.3333333333333,1889.5706943211346,1301.1666666666665,0.0,0
13,-health,54,288.3333333333333,1976.724866946057,1304.5000000000002,0.0,0
13,-health,55,288.3333333333333,1976.724866946057,1304.5000000000002,0.0,0
13,-adaptW,0,315.0,2217.033990794706,1366.3333333333337,0.0,1
13,-adaptW,1,315.0,2218.033175979891,1362.666666666667,0.0,0
13,-adaptW,2,312.6666666666667,2288.5292233328046,1325.1666666666667,0.0,0
13,-adaptW,3,362.33333333333337,2229.9790939791837,1327.6666666666667,0.0,0
13,-adaptW,4,310.00000000000006,2251.6888974858175,1340.5,0.0,0
13,-adaptW,5,320.33333333333337,2399.2242500885914,1302.6666666666667,0.0,0
13,-adaptW,6,299.0,2264.84497489938,1355.3333333333335,0.0,0
13,-adaptW,7,303.0,2298.897221788224,1320.8333333333333,0.0,0
13,-adaptW,8,315.0,2218.033175979891,1362.666666666667,0.0,0
13,-adaptW,9,315.0,2217.033990794706,1366.3333333333337,0.0,0
13,-adaptW,10,310.00000000000006,2245.0223789672987,1341.1666666666665,0.0,0
13,-adaptW,11,305.0,2274.1966236790654,1343.6666666666667,0.0,0
13,-adaptW,12,320.33333333333337,2412.336682403167,1301.3333333333335,0.0,0
13,-adaptW,13,299.0,2270.8436415660462,1349.3333333333333,0.0,0
13,-adaptW,14,354.6666666666667,2221.900119602604,1354.6666666666665,0.0,0
13,-adaptW,15,312.6666666666667,2383.5052009216856,1309.6666666666667,0.0,0
13,-adaptW,16,315.0,2217.033990794706,1366.3333333333337,0.0,0
13,-adaptW,17,320.33333333333337,2412.336682403167,1301.3333333333335,0.0,0
13,-adaptW,18,320.33333333333337,2412.336682403167,1301.3333333333335,0.0,0
13,-adaptW,19,315.0,2217.033990794706,1366.3333333333337,0.0,0
13,-adaptW,20,362.33333333333337,2209.179676629429,1336.1666666666667,0.0,0
13,-adaptW,21,318.0,2237.2782619339973,1330.3333333333333,0.0,0
13,-adaptW,22,318.0,2253.953227616944,1325.0,0.0,0
13,-adaptW,23,324.3333333333333,2276.242199560803,1319.3333333333333,0.0,0
13,-adaptW,24,299.0,2270.8436415660462,1349.3333333333333,0.0,0
13,-adaptW,25,294.3333333333333,2337.9139805066593,1319.0000000000002,0.0,0
13,-adaptW,26,299.6666666666667,2288.955805718727,1330.5,0.0,0
13,-adaptW,27,318.0,2271.762328821687,1322.5000000000002,0.0,0
13,-adaptW,28,312.6666666666667,2383.5052009216856,1309.6666666666667,0.0,0
13,-adaptW,29,310.00000000000006,2242.3563048932247,1343.833333333333,0.0,0
13,-adaptW,30,318.0,2271.762328821687,1322.5000000000002,0.0,0
13,-adaptW,31,304.00000000000006,2282.5231662152787,1341.1666666666667,0.0,0
13,-adaptW,32,301.6666666666667,2264.8449748993794,1355.3333333333333,0.0,0
13,-adaptW,33,312.6666666666667,2254.8701819677153,1339.6666666666667,0.0,0
13,-adaptW,34,309.6666666666667,2293.1685077548054,1321.8333333333333,0.0,0
13,-adaptW,35,297.0,2304.303171027345,1311.6666666666667,0.0,0
13,-adaptW,36,294.3333333333333,2337.9139805066593,1319.0000000000002,0.0,0
13,-adaptW,37,302.3333333333333,2286.6858314135916,1332.5,0.0,0
13,-adaptW,38,309.0,2245.5236752635947,1347.0,0.0,0
13,-adaptW,39,304.0,2294.9419836727016,1321.8333333333333,0.0,0
13,-adaptW,40,312.6666666666667,2383.5052009216856,1309.6666666666667,0.0,0
13,-adaptW,41,362.33333333333337,2199.900786255131,1355.1666666666667,0.0,0
13,-adaptW,42,315.0,2218.033175979891,1362.666666666667,0.0,0
13,-adaptW,43,310.00000000000006,2269.0071680536266,1327.3333333333333,0.0,0
13,-adaptW,44,320.33333333333337,2412.336682403167,1301.3333333333335,0.0,0
13,-adaptW,45,310.00000000000006,2269.0071680536266,1327.3333333333333,0.0,0
13,-adaptW,46,304.00000000000006,2249.1916847337975,1349.5,0.0,0
13,-adaptW,47,311.6666666666667,2228.3585354653264,1363.3333333333335,0.0,0
13,-adaptW,48,298.33333333333337,2282.509937862342,1347.6666666666667,0.0,0
13,-adaptW,49,325.0,2215.460034277636,1355.0,0.0,0
13,-adaptW,50,318.0,2367.3008962811027,1305.3333333333335,0.0,0
13,-adaptW,51,307.3333333333333,2255.3421753606453,1341.4999999999998,0.0,0
13,-adaptW,52,304.0,2294.9419836727016,1321.8333333333333,0.0,0
13,-adaptW,53,307.0,2236.8886856976947,1352.0000000000002,0.0,0
13,-adaptW,54,325.0,2209.200451278733,1359.6666666666665,0.0,0
13,-adaptW,55,310.00000000000006,2256.1740939795527,1328.5,0.0,0
13,-adaptW,56,315.0,2225.032213016928,1358.3333333333337,0.0,0
13,-adaptW,57,342.0,2333.6061397373583,1300.8333333333335,0.0,0
13,-adaptW,58,310.00000000000006,2267.007316201775,1328.0,0.0,0
13,-adaptW,59,304.00000000000006,2262.606470843226,1348.5000000000002,0.0,0
13,-adaptW,60,328.0,2263.7989024591584,1318.6666666666667,0.0,0
13,-adaptW,61,318.0,2282.248283506713,1307.6666666666667,0.0,0
13,-adaptW,62,293.6666666666667,2322.3188951644124,1323.1666666666667,0.0,0
13,-adaptW,63,311.6666666666667,2271.6237554201794,1326.1666666666667,0.0,0
13,-adaptW,64,325.0,2209.200451278733,1359.6666666666665,0.0,0
13,-adaptW,65,304.0,2294.9419836727016,1321.8333333333333,0.0,0
13,-adaptW,66,311.6666666666667,2236.389093105102,1353.8333333333335,0.0,0
13,-impAstar,0,304.66666666666663,2110.863454107755,1310.3333333333333,0.0,0
13,-impAstar,1,304.66666666666663,2110.863454107755,1310.3333333333333,0.0,0
13,-impAstar,2,307.6666666666667,2307.3254740442007,1290.6666666666665,0.0,0
13,-impAstar,3,307.6666666666667,2434.3778211595504,1289.4999999999998,0.0,0
13,-impAstar,4,307.6666666666667,2434.3778211595504,1289.4999999999998,0.0,0
13,-impAstar,5,304.66666666666663,2110.863454107755,1310.3333333333333,0.0,0
13,-impAstar,6,304.66666666666663,2110.863454107755,1310.3333333333333,0.0,0
13,-impAstar,7,307.6666666666667,2435.7108581965877,1288.1666666666665,0.0,1
13,-impAstar,8,304.66666666666663,2092.3298800736097,1319.3333333333335,0.0,0
13,-impAstar,9,304.66666666666663,2160.5256046067793,1292.6666666666667,0.0,0
13,-impAstar,10,292.33333333333337,2132.6468545433236,1301.6666666666665,0.0,0
13,-impAstar,11,292.33333333333337,2114.9279557244513,1317.5,0.0,0
13,-impAstar,12,292.33333333333337,2130.6566157293064,1312.1666666666665,0.0,0
13,-impAstar,13,304.66666666666663,2105.8645652188666,1315.3333333333333,0.0,0
13,-impAstar,14,304.66666666666663,2110.863454107755,1310.3333333333333,0.0,0
13,-impAstar,15,304.66666666666663,2110.863454107755,1310.3333333333333,0.0,0
13,-impAstar,16,325.0,2131.0496926235683,1304.9999999999998,0.0,0
13,-impAstar,17,297.3333333333333,2114.2964880001336,1331.5,0.0,0
13,-impAstar,18,304.66666666666663,2113.8627874410886,1307.3333333333335,0.0,0
13,-impAstar,19,304.66666666666663,2053.5468286939085,1327.6666666666667,0.0,0
13,-impAstar,20,304.0,2102.707382822281,1327.1666666666667,0.0,0
13,-impAstar,21,321.3333333333333,2048.0699428155413,1332.3333333333335,0.0,0
13,-impAstar,22,304.0,2102.707382822281,1327.1666666666667,0.0,0
13,-impAstar,23,324.3333333333333,2155.3608985521996,1298.8333333333335,0.0,0
13,-impAstar,24,334.66666666666663,2147.266355982413,1294.6666666666667,0.0,0
13,-impAstar,25,313.3333333333333,2052.459483318491,1332.0,0.0,0
13,-impAstar,26,279.3333333333333,2202.330807612695,1292.8333333333333,0.0,0
13,-impAstar,27,315.33333333333337,2112.530046700348,1310.0,0.0,0
13,-closedLoop,0,304.66666666666663,2110.863454107755,1310.3333333333333,0.0,0
13,-closedLoop,1,304.66666666666663,2110.863454107755,1310.3333333333333,0.0,0
13,-closedLoop,2,307.6666666666667,2307.3254740442007,1290.6666666666665,0.0,0
13,-closedLoop,3,307.6666666666667,2434.3778211595504,1289.4999999999998,0.0,0
13,-closedLoop,4,307.6666666666667,2434.3778211595504,1289.4999999999998,0.0,0
13,-closedLoop,5,304.66666666666663,2110.863454107755,1310.3333333333333,0.0,0
13,-closedLoop,6,304.66666666666663,2110.863454107755,1310.3333333333333,0.0,0
13,-closedLoop,7,307.6666666666667,2435.7108581965877,1288.1666666666665,0.0,0
13,-closedLoop,8,304.66666666666663,2092.3298800736097,1319.3333333333335,0.0,0
13,-closedLoop,9,304.66666666666663,2160.5256046067793,1292.6666666666667,0.0,0
13,-closedLoop,10,292.33333333333337,2132.6468545433236,1301.6666666666665,0.0,0
13,-closedLoop,11,292.33333333333337,2114.9279557244513,1317.5,0.0,0
13,-closedLoop,12,292.33333333333337,2130.6566157293064,1312.1666666666665,0.0,0
13,-closedLoop,13,304.66666666666663,2105.8645652188666,1315.3333333333333,0.0,0
13,-closedLoop,14,304.66666666666663,2110.863454107755,1310.3333333333333,0.0,0
13,-closedLoop,15,304.66666666666663,2110.863454107755,1310.3333333333333,0.0,0
13,-closedLoop,16,325.0,2131.0496926235683,1304.9999999999998,0.0,0
13,-closedLoop,17,297.3333333333333,2114.2964880001336,1331.5,0.0,0
13,-closedLoop,18,304.66666666666663,2113.8627874410886,1307.3333333333335,0.0,0
13,-closedLoop,19,304.66666666666663,2053.5468286939085,1327.6666666666667,0.0,0
13,-closedLoop,20,304.0,2102.707382822281,1327.1666666666667,0.0,0
13,-closedLoop,21,321.3333333333333,2048.0699428155413,1332.3333333333335,0.0,0
13,-closedLoop,22,304.0,2102.707382822281,1327.1666666666667,0.0,0
13,-closedLoop,23,324.3333333333333,2155.3608985521996,1298.8333333333335,0.0,0
13,-closedLoop,24,334.66666666666663,2147.266355982413,1294.6666666666667,0.0,0
13,-closedLoop,25,313.3333333333333,2052.459483318491,1332.0,0.0,0
13,-closedLoop,26,279.3333333333333,2202.330807612695,1292.8333333333333,0.0,0
13,-closedLoop,27,315.33333333333337,2112.530046700348,1310.0,0.0,0
13,hard-only,0,364.66666666666663,2042.215884334124,1293.6666666666667,0.0,0
13,hard-only,1,313.3333333333333,1872.3970875898017,1308.0,0.0,0
13,hard-only,2,366.3333333333333,2158.3951910785795,1288.9999999999998,0.0,1
13,hard-only,3,313.3333333333333,1872.3970875898017,1308.0,0.0,0
13,hard-only,4,313.3333333333333,1862.6582045080024,1312.5,0.0,0
13,hard-only,5,309.66666666666663,1886.2297542564684,1305.0,0.0,0
13,hard-only,6,314.0,1854.1087923135549,1310.3333333333333,0.0,0
13,hard-only,7,309.66666666666663,1886.2297542564684,1305.0,0.0,0
13,hard-only,8,313.3333333333333,1872.3970875898017,1308.0,0.0,0
13,hard-only,9,313.3333333333333,1872.3970875898017,1308.0,0.0,0
13,hard-only,10,313.3333333333333,1877.8229452487435,1303.8333333333333,0.0,0
13,hard-only,11,309.66666666666663,1850.398087589802,1312.5000000000002,0.0,0
13,hard-only,12,309.66666666666663,1864.68844346362,1311.4999999999998,0.0,0
13,hard-only,13,289.0,1879.320313406719,1306.5,0.0,0
13,hard-only,14,313.3333333333333,1864.4043375412762,1310.0,0.0,0
13,hard-only,15,366.3333333333333,2158.3951910785795,1288.9999999999998,0.0,0
13,hard-only,16,309.66666666666663,1864.68844346362,1311.4999999999998,0.0,0
13,hard-only,17,309.66666666666663,1886.2297542564684,1305.0,0.0,0
13,hard-only,18,366.3333333333333,2129.890016430218,1293.0,0.0,0
13,hard-only,19,313.3333333333333,1872.3970875898017,1308.0,0.0,0
13,hard-only,20,309.66666666666663,1824.7067166860907,1321.3333333333335,0.0,0
13,hard-only,21,312.0,1877.7363323437025,1307.4999999999998,0.0,0
13,hard-only,22,302.3333333333333,1874.3214245178299,1311.5000000000002,0.0,0
13,hard-only,23,314.0,1867.0641936999202,1308.3333333333333,0.0,0
13,hard-only,24,327.33333333333337,1866.5144711203197,1306.833333333333,0.0,0
13,hard-only,25,316.66666666666663,1860.4482694882443,1309.0000000000002,0.0,0
13,hard-only,26,316.66666666666663,1849.909474754614,1312.3333333333333,0.0,0
13,hard-only,27,309.66666666666663,1874.8976061083201,1310.3333333333335,0.0,0
13,hard-only,28,309.66666666666663,1886.2297542564684,1305.0,0.0,0
13,hard-only,29,364.66666666666663,2142.4176609509946,1291.8333333333335,0.0,0
13,hard-only,30,309.66666666666663,1886.8227230265209,1302.8333333333333,0.0,0
13,hard-only,31,309.66666666666663,1890.6454949972092,1300.8333333333333,0.0,0
13,hard-only,32,309.66666666666663,1835.5247328011637,1312.8333333333333,0.0,0
13,hard-only,33,313.3333333333333,1864.4043375412762,1310.0,0.0,0
13,hard-only,34,300.0,1873.9697011403034,1313.1666666666667,0.0,0
13,hard-only,35,309.66666666666663,1890.6454949972092,1300.8333333333333,0.0,0
13,hard-only,36,300.0,1873.9697011403034,1313.1666666666667,0.0,0
13,hard-only,37,309.66666666666663,1886.2297542564684,1305.0,0.0,0
13,hard-only,38,313.3333333333333,1917.5683005042395,1297.8333333333335,0.0,0
13,hard-only,39,294.0,1922.8979605247066,1294.0,0.0,0
13,hard-only,40,326.6666666666667,1847.3789938419047,1311.0,0.0,0
13,hard-only,41,309.66666666666663,1886.2297542564684,1305.0,0.0,0
13,hard-only,42,313.3333333333333,1872.3970875898017,1308.0,0.0,0
13,hard-only,43,326.6666666666667,1847.3789938419047,1311.0,0.0,0
13,hard-only,44,364.66666666666663,2142.4176609509946,1291.8333333333335,0.0,0
13,hard-only,45,309.66666666666663,1823.040716686091,1324.3333333333335,0.0,0
13,hard-only,46,312.0,1869.9037397511097,1310.8333333333335,0.0,0
13,hard-only,47,300.0,1872.4910460878164,1318.1666666666667,0.0,0
13,hard-only,48,294.0,1919.1937072864896,1301.1666666666667,0.0,0
13,hard-only,49,309.66666666666663,1886.2297542564684,1305.0,0.0,0
13,hard-only,50,315.3333333333333,1874.14205338407,1305.6666666666665,0.0,0
13,hard-only,51,311.3333333333333,1889.5706943211346,1301.1666666666665,0.0,0
13,hard-only,52,300.0,1876.3029603995626,1312.8333333333333,0.0,0
13,hard-only,53,311.3333333333333,1889.5706943211346,1301.1666666666665,0.0,0
13,hard-only,54,288.3333333333333,1976.724866946057,1304.5000000000002,0.0,0
13,hard-only,55,288.3333333333333,1976.724866946057,1304.5000000000002,0.0,0
13,GA-SA-multiSoH,1,284.3333333333333,2291.088596816873,1278.5000000000002,0.0,1
14,Full,0,354.6666666666667,2020.7498136501765,1264.3333333333333,0.0,0
14,Full,1,339.6666666666667,2041.8774892001334,1267.6666666666667,0.0,0
14,Full,2,339.6666666666667,2041.8774892001334,1267.6666666666667,0.0,0
14,Full,3,334.6666666666667,2172.2395315029016,1265.1666666666665,0.0,0
14,Full,4,303.66666666666663,2099.39146247449,1270.5,0.0,0
14,Full,5,290.6666666666667,1932.0429687258481,1312.6666666666667,0.0,0
14,Full,6,295.0,1946.332414908254,1299.3333333333333,0.0,0
14,Full,7,318.0,2068.3416931358893,1270.5,0.0,0
14,Full,8,312.0,2174.6850465038788,1269.1666666666665,0.0,0
14,Full,9,292.0,1948.0115172983856,1307.5,0.0,0
14,Full,10,275.6666666666667,2022.806030503382,1284.3333333333333,0.0,0
14,Full,11,275.66666666666663,2188.817217933911,1305.5,0.0,0
14,Full,12,295.0,1946.332414908254,1299.3333333333333,0.0,0
14,Full,13,287.66666666666663,1959.3892258243454,1288.5,0.0,0
14,Full,14,290.0,1950.8714867015879,1276.666666666667,0.0,0
14,Full,15,295.6666666666667,1940.328961975203,1276.3333333333335,0.0,0
14,Full,16,339.6666666666667,2041.8774892001334,1267.6666666666667,0.0,0
14,Full,17,288.3333333333333,1978.0650358035184,1275.0,0.0,0
14,Full,18,291.66666666666663,1948.9430176106084,1306.6666666666667,0.0,0
14,Full,19,292.0,1948.7895659846731,1306.5,0.0,0
14,Full,20,282.0,1967.947539231929,1279.1666666666665,0.0,0
14,Full,21,287.66666666666663,1959.3892258243454,1288.5,0.0,0
14,Full,22,295.0,1946.332414908254,1299.3333333333333,0.0,0
14,Full,23,295.6666666666667,1953.453285151632,1271.3333333333335,0.0,0
14,Full,24,295.0,1946.332414908254,1299.3333333333333,0.0,0
14,Full,25,354.6666666666667,2020.209322011791,1267.6666666666667,0.0,0
14,Full,26,295.0,1941.814532863023,1303.3333333333335,0.0,0
14,Full,27,339.6666666666667,2041.8774892001334,1267.6666666666667,0.0,0
14,Full,28,321.0,1931.8344149082536,1308.3333333333335,0.0,0
14,Full,29,275.66666666666663,2188.817217933911,1305.5,0.0,0
14,Full,30,307.6666666666667,2139.6072823271593,1269.3333333333335,0.0,0
14,Full,31,291.66666666666663,1945.943684277275,1309.6666666666667,0.0,0
14,Full,32,275.6666666666667,2022.806030503382,1284.3333333333333,0.0,0
14,-health,0,312.3333333333333,1787.8503597002489,1272.8333333333335,0.0,0
14,-health,1,312.3333333333333,1787.8503597002489,1272.8333333333335,0.0,0
14,-health,2,312.3333333333333,1787.8503597002489,1272.8333333333335,0.0,0
14,-health,3,312.3333333333333,1801.5546703320194,1270.0,0.0,0
14,-health,4,299.0,1709.2403868312686,1303.8333333333333,0.0,0
14,-health,5,283.6666666666667,1757.5319818653247,1290.3333333333335,0.0,0
14,-health,6,294.33333333333337,1743.3884079952513,1286.5,0.0,0
14,-health,7,299.0,1698.7333698738644,1309.333333333333,0.0,1
14,-health,8,299.0,1708.0740534979352,1305.3333333333337,0.0,0
14,-health,9,283.6666666666667,1757.5319818653247,1290.3333333333335,0.0,0
14,-health,10,312.3333333333333,1787.8503597002489,1272.8333333333335,0.0,0
14,-health,11,289.0,1713.0724979423796,1298.3333333333335,0.0,0
14,-health,12,283.6666666666667,1757.5319818653247,1290.3333333333335,0.0,0
14,-health,13,312.3333333333333,1777.5177300706193,1276.0,0.0,0
14,-health,14,283.66666666666663,1763.4154828580865,1288.0000000000002,0.0,0
14,-health,15,301.3333333333333,1866.720220203057,1274.0000000000002,0.0,0
14,-health,16,312.3333333333333,1799.418337623132,1271.3333333333335,0.0,0
14,-health,17,289.0,1735.495873088259,1290.1666666666665,0.0,0
14,-health,18,312.3333333333333,1787.8503597002489,1272.8333333333335,0.0,0
14,-health,19,283.66666666666663,1752.2700025837146,1296.3333333333335,0.0,0
14,-health,20,289.3333333333333,1827.820330258674,1276.3333333333335,0.0,0
14,-health,21,289.0,1735.495873088259,1290.1666666666665,0.0,0
14,-health,22,296.3333333333333,1725.6847671076562,1277.6666666666667,0.0,0
14,-health,23,289.0,1713.0724979423796,1298.3333333333335,0.0,0
14,-health,24,301.3333333333333,1866.720220203057,1274.0000000000002,0.0,0
14,-health,25,289.0,1735.495873088259,1290.1666666666665,0.0,0
14,-health,26,299.0,1708.0740534979352,1305.3333333333337,0.0,0
14,-health,27,303.66666666666663,1714.5993571075887,1294.6666666666665,0.0,0
14,-health,28,274.6666666666667,1802.880312850143,1287.6666666666667,0.0,0
14,-health,29,294.33333333333337,1743.3884079952513,1286.5,0.0,0
14,-health,30,312.3333333333333,1799.418337623132,1271.3333333333335,0.0,0
14,-health,31,296.3333333333333,1849.3198858142296,1274.3333333333335,0.0,0
14,-health,32,288.0,1860.9788904679467,1280.6666666666665,0.0,0
14,-health,33,312.3333333333333,1787.8503597002489,1272.8333333333335,0.0,0
14,-health,34,293.0,1820.7792703028722,1279.6666666666665,0.0,0
14,-health,35,289.0,1748.617293079872,1289.6666666666667,0.0,0
14,-health,36,328.0,1789.3167708927615,1272.3333333333333,0.0,0
14,-health,37,312.3333333333333,1785.7140269913614,1274.1666666666665,0.0,0
14,-health,38,299.0,1709.2403868312686,1303.8333333333333,0.0,0
14,-health,39,283.6666666666667,1757.5319818653247,1290.3333333333335,0.0,0
14,-health,40,299.0,1708.0740534979352,1305.3333333333337,0.0,0
14,-health,41,283.6666666666667,1757.5319818653247,1290.3333333333335,0.0,0
14,-health,42,312.3333333333333,1839.4438756292946,1262.6666666666665,0.0,0
14,-health,43,283.6666666666667,1716.3702463598274,1293.3333333333333,0.0,0
14,-health,44,298.33333333333337,1725.3897413285847,1292.4999999999998,0.0,0
14,-health,45,291.0,1756.7575321886486,1284.5,0.0,0
14,-health,46,306.3333333333333,1708.7401275720092,1302.666666666667,0.0,0
14,-health,47,296.3333333333333,1740.2681004409899,1277.6666666666665,0.0,0
14,-health,48,338.0,1791.1729943088608,1272.0,0.0,0
14,-health,49,312.3333333333333,1787.8503597002489,1272.8333333333335,0.0,0
14,-health,50,283.66666666666663,1752.2700025837146,1296.3333333333335,0.0,0
14,-health,51,283.6666666666667,1757.5319818653247,1290.3333333333335,0.0,0
14,-health,52,299.0,1698.7333698738644,1309.333333333333,0.0,0
14,-health,53,306.0,1779.6875475971692,1276.8333333333335,0.0,0
14,-health,54,283.66666666666663,1778.7806087316526,1281.1666666666665,0.0,0
14,-health,55,312.3333333333333,1787.8503597002489,1272.8333333333335,0.0,0
14,-adaptW,0,287.6666666666667,2096.572791454047,1288.0,0.0,0
14,-adaptW,1,287.6666666666667,2096.572791454047,1288.0,0.0,0
14,-adaptW,2,309.3333333333333,2066.1712605452612,1295.8333333333333,0.0,0
14,-adaptW,3,309.3333333333333,2069.512767552944,1293.5000000000002,0.0,0
14,-adaptW,4,291.3333333333333,2063.289338134056,1298.8333333333335,0.0,0
14,-adaptW,5,307.99999999999994,2062.6724296064767,1296.9999999999998,0.0,0
14,-adaptW,6,281.0,2129.5733099725658,1290.3333333333333,0.0,0
14,-adaptW,7,307.99999999999994,2062.6724296064767,1296.9999999999998,0.0,0
14,-adaptW,8,287.6666666666667,2096.572791454047,1288.0,0.0,0
14,-adaptW,9,309.3333333333333,2075.539344743458,1292.0,0.0,0
14,-adaptW,10,340.0,2073.0549389747325,1279.3333333333335,0.0,0
14,-adaptW,11,287.6666666666667,2096.572791454047,1288.0,0.0,0
14,-adaptW,12,287.6666666666667,2096.572791454047,1288.0,0.0,0
14,-adaptW,13,291.3333333333333,2063.289338134056,1298.8333333333335,0.0,0
14,-adaptW,14,307.99999999999994,2062.6724296064767,1296.9999999999998,0.0,0
14,-adaptW,15,328.0,2056.634981865521,1292.0,0.0,0
14,-adaptW,16,340.0,2073.0549389747325,1279.3333333333335,0.0,0
14,-adaptW,17,320.6666666666667,2068.1473530771555,1295.3333333333335,0.0,0
14,-adaptW,18,340.0,2079.053605641399,1273.3333333333333,0.0,0
14,-adaptW,19,281.0,2129.5733099725658,1290.3333333333333,0.0,0
14,-adaptW,20,301.0,2076.039739632669,1293.666666666667,0.0,0
14,-adaptW,21,287.6666666666667,2096.572791454047,1288.0,0.0,0
14,-adaptW,22,334.3333333333333,2057.3642259244352,1280.5,0.0,0
14,-adaptW,23,287.6666666666667,2079.8276036776206,1299.5,0.0,0
14,-adaptW,24,297.33333333333337,2076.191443918585,1287.6666666666665,0.0,0
14,-adaptW,25,289.33333333333337,2078.1499825052524,1293.3333333333333,0.0,0
14,-adaptW,26,289.33333333333337,2078.1499825052524,1293.3333333333333,0.0,0
14,-adaptW,27,301.0,2076.039739632669,1293.666666666667,0.0,0
14,-adaptW,28,291.3333333333333,2078.4584058948253,1275.1666666666665,0.0,1
14,-adaptW,29,309.3333333333333,2075.539344743458,1292.0,0.0,0
14,-adaptW,30,317.33333333333337,2022.5061191939653,1297.5,0.0,0
14,-adaptW,31,309.3333333333333,2066.1712605452612,1295.8333333333333,0.0,0
14,-adaptW,32,281.0,2135.404532194788,1280.8333333333333,0.0,0
14,-adaptW,33,287.6666666666667,2119.1648805301447,1285.6666666666667,0.0,0
14,-adaptW,34,291.3333333333333,2080.1247021911213,1273.5,0.0,0
14,-adaptW,35,289.33333333333337,2078.1499825052524,1293.3333333333333,0.0,0
14,-adaptW,36,317.33333333333337,2022.5061191939653,1297.5,0.0,0
14,-adaptW,37,287.6666666666667,2079.8276036776206,1299.5,0.0,0
14,-adaptW,38,290.3333333333333,2064.9110851591017,1300.1666666666667,0.0,0
14,-adaptW,39,287.6666666666667,2055.580122196139,1310.8333333333335,0.0,0
14,-adaptW,40,290.0,2070.8182788015483,1300.6666666666667,0.0,0
14,-adaptW,41,291.0,2022.7452229214755,1300.8333333333335,0.0,0
14,-adaptW,42,287.6666666666667,2096.572791454047,1288.0,0.0,0
14,-adaptW,43,287.6666666666667,2096.572791454047,1288.0,0.0,0
14,-adaptW,44,291.3333333333333,2078.4584058948253,1275.1666666666665,0.0,0
14,-adaptW,45,287.6666666666667,2096.572791454047,1288.0,0.0,0
14,-adaptW,46,298.0,2002.4964086443556,1301.5,0.0,0
14,-adaptW,47,291.0,2022.7452229214755,1300.8333333333335,0.0,0
14,-adaptW,48,291.0,2022.7452229214755,1300.8333333333335,0.0,0
14,-adaptW,49,287.6666666666667,2096.572791454047,1288.0,0.0,0
14,-adaptW,50,287.6666666666667,2096.572791454047,1288.0,0.0,0
14,-adaptW,51,287.6666666666667,2096.572791454047,1288.0,0.0,0
14,-adaptW,52,287.6666666666667,2096.572791454047,1288.0,0.0,0
14,-adaptW,53,334.3333333333333,2018.2912161648678,1287.5,0.0,0
14,-adaptW,54,291.6666666666667,2043.0783340325866,1299.8333333333335,0.0,0
14,-adaptW,55,279.3333333333333,2071.161085159102,1300.1666666666667,0.0,0
14,-adaptW,56,291.3333333333333,2076.9386357794865,1289.5,0.0,0
14,-adaptW,57,296.0,2011.6076308318513,1298.1666666666667,0.0,0
14,-adaptW,58,296.0,2011.6076308318513,1298.1666666666667,0.0,0
14,-adaptW,59,296.0,2011.6076308318513,1298.1666666666667,0.0,0
14,-adaptW,60,290.3333333333333,2064.9110851591017,1300.1666666666667,0.0,0
14,-adaptW,61,296.0,1996.796589211081,1308.8333333333333,0.0,0
14,-adaptW,62,291.3333333333333,2068.2882270229447,1293.8333333333335,0.0,0
14,-adaptW,63,279.3333333333333,2140.1211345058814,1296.0,0.0,0
14,-adaptW,64,291.3333333333333,2080.1247021911213,1273.5,0.0,0
14,-adaptW,65,334.3333333333333,2018.2912161648678,1287.5,0.0,0
14,-impAstar,0,354.6666666666667,2020.7498136501765,1264.3333333333333,0.0,0
14,-impAstar,1,339.6666666666667,2041.8774892001334,1267.6666666666667,0.0,0
14,-impAstar,2,339.6666666666667,2041.8774892001334,1267.6666666666667,0.0,0
14,-impAstar,3,334.6666666666667,2172.2395315029016,1265.1666666666665,0.0,0
14,-impAstar,4,303.66666666666663,2099.39146247449,1270.5,0.0,0
14,-impAstar,5,290.6666666666667,1932.0429687258481,1312.6666666666667,0.0,0
14,-impAstar,6,295.0,1946.332414908254,1299.3333333333333,0.0,0
14,-impAstar,7,318.0,2068.3416931358893,1270.5,0.0,0
14,-impAstar,8,312.0,2174.6850465038788,1269.1666666666665,0.0,0
14,-impAstar,9,292.0,1948.0115172983856,1307.5,0.0,0
14,-impAstar,10,275.6666666666667,2022.806030503382,1284.3333333333333,0.0,0
14,-impAstar,11,275.66666666666663,2188.817217933911,1305.5,0.0,1
14,-impAstar,12,295.0,1946.332414908254,1299.3333333333333,0.0,0
14,-impAstar,13,287.66666666666663,1959.3892258243454,1288.5,0.0,0
14,-impAstar,14,290.0,1950.8714867015879,1276.666666666667,0.0,0
14,-impAstar,15,295.6666666666667,1940.328961975203,1276.3333333333335,0.0,0
14,-impAstar,16,339.6666666666667,2041.8774892001334,1267.6666666666667,0.0,0
14,-impAstar,17,288.3333333333333,1978.0650358035184,1275.0,0.0,0
14,-impAstar,18,291.66666666666663,1948.9430176106084,1306.6666666666667,0.0,0
14,-impAstar,19,292.0,1948.7895659846731,1306.5,0.0,0
14,-impAstar,20,282.0,1967.947539231929,1279.1666666666665,0.0,0
14,-impAstar,21,287.66666666666663,1959.3892258243454,1288.5,0.0,0
14,-impAstar,22,295.0,1946.332414908254,1299.3333333333333,0.0,0
14,-impAstar,23,295.6666666666667,1953.453285151632,1271.3333333333335,0.0,0
14,-impAstar,24,295.0,1946.332414908254,1299.3333333333333,0.0,0
14,-impAstar,25,354.6666666666667,2020.209322011791,1267.6666666666667,0.0,0
14,-impAstar,26,295.0,1941.814532863023,1303.3333333333335,0.0,0
14,-impAstar,27,339.6666666666667,2041.8774892001334,1267.6666666666667,0.0,0
14,-impAstar,28,321.0,1931.8344149082536,1308.3333333333335,0.0,0
14,-impAstar,29,275.66666666666663,2188.817217933911,1305.5,0.0,0
14,-impAstar,30,307.6666666666667,2139.6072823271593,1269.3333333333335,0.0,0
14,-impAstar,31,291.66666666666663,1945.943684277275,1309.6666666666667,0.0,0
14,-impAstar,32,275.6666666666667,2022.806030503382,1284.3333333333333,0.0,0
14,-closedLoop,0,354.6666666666667,2020.7498136501765,1264.3333333333333,0.0,0
14,-closedLoop,1,339.6666666666667,2041.8774892001334,1267.6666666666667,0.0,0
14,-closedLoop,2,339.6666666666667,2041.8774892001334,1267.6666666666667,0.0,0
14,-closedLoop,3,334.6666666666667,2172.2395315029016,1265.1666666666665,0.0,0
14,-closedLoop,4,303.66666666666663,2099.39146247449,1270.5,0.0,0
14,-closedLoop,5,290.6666666666667,1932.0429687258481,1312.6666666666667,0.0,0
14,-closedLoop,6,295.0,1946.332414908254,1299.3333333333333,0.0,0
14,-closedLoop,7,318.0,2068.3416931358893,1270.5,0.0,0
14,-closedLoop,8,312.0,2174.6850465038788,1269.1666666666665,0.0,0
14,-closedLoop,9,292.0,1948.0115172983856,1307.5,0.0,0
14,-closedLoop,10,275.6666666666667,2022.806030503382,1284.3333333333333,0.0,0
14,-closedLoop,11,275.66666666666663,2188.817217933911,1305.5,0.0,0
14,-closedLoop,12,295.0,1946.332414908254,1299.3333333333333,0.0,0
14,-closedLoop,13,287.66666666666663,1959.3892258243454,1288.5,0.0,0
14,-closedLoop,14,290.0,1950.8714867015879,1276.666666666667,0.0,0
14,-closedLoop,15,295.6666666666667,1940.328961975203,1276.3333333333335,0.0,0
14,-closedLoop,16,339.6666666666667,2041.8774892001334,1267.6666666666667,0.0,0
14,-closedLoop,17,288.3333333333333,1978.0650358035184,1275.0,0.0,0
14,-closedLoop,18,291.66666666666663,1948.9430176106084,1306.6666666666667,0.0,0
14,-closedLoop,19,292.0,1948.7895659846731,1306.5,0.0,0
14,-closedLoop,20,282.0,1967.947539231929,1279.1666666666665,0.0,0
14,-closedLoop,21,287.66666666666663,1959.3892258243454,1288.5,0.0,0
14,-closedLoop,22,295.0,1946.332414908254,1299.3333333333333,0.0,0
14,-closedLoop,23,295.6666666666667,1953.453285151632,1271.3333333333335,0.0,0
14,-closedLoop,24,295.0,1946.332414908254,1299.3333333333333,0.0,0
14,-closedLoop,25,354.6666666666667,2020.209322011791,1267.6666666666667,0.0,0
14,-closedLoop,26,295.0,1941.814532863023,1303.3333333333335,0.0,0
14,-closedLoop,27,339.6666666666667,2041.8774892001334,1267.6666666666667,0.0,0
14,-closedLoop,28,321.0,1931.8344149082536,1308.3333333333335,0.0,0
14,-closedLoop,29,275.66666666666663,2188.817217933911,1305.5,0.0,0
14,-closedLoop,30,307.6666666666667,2139.6072823271593,1269.3333333333335,0.0,0
14,-closedLoop,31,291.66666666666663,1945.943684277275,1309.6666666666667,0.0,0
14,-closedLoop,32,275.6666666666667,2022.806030503382,1284.3333333333333,0.0,0
14,hard-only,0,312.3333333333333,1787.8503597002489,1272.8333333333335,0.0,0
14,hard-only,1,312.3333333333333,1787.8503597002489,1272.8333333333335,0.0,0
14,hard-only,2,312.3333333333333,1787.8503597002489,1272.8333333333335,0.0,0
14,hard-only,3,312.3333333333333,1801.5546703320194,1270.0,0.0,0
14,hard-only,4,299.0,1709.2403868312686,1303.8333333333333,0.0,0
14,hard-only,5,283.6666666666667,1757.5319818653247,1290.3333333333335,0.0,0
14,hard-only,6,294.33333333333337,1743.3884079952513,1286.5,0.0,0
14,hard-only,7,299.0,1698.7333698738644,1309.333333333333,0.0,1
14,hard-only,8,299.0,1708.0740534979352,1305.3333333333337,0.0,0
14,hard-only,9,283.6666666666667,1757.5319818653247,1290.3333333333335,0.0,0
14,hard-only,10,312.3333333333333,1787.8503597002489,1272.8333333333335,0.0,0
14,hard-only,11,289.0,1713.0724979423796,1298.3333333333335,0.0,0
14,hard-only,12,283.6666666666667,1757.5319818653247,1290.3333333333335,0.0,0
14,hard-only,13,312.3333333333333,1777.5177300706193,1276.0,0.0,0
14,hard-only,14,283.66666666666663,1763.4154828580865,1288.0000000000002,0.0,0
14,hard-only,15,301.3333333333333,1866.720220203057,1274.0000000000002,0.0,0
14,hard-only,16,312.3333333333333,1799.418337623132,1271.3333333333335,0.0,0
14,hard-only,17,289.0,1735.495873088259,1290.1666666666665,0.0,0
14,hard-only,18,312.3333333333333,1787.8503597002489,1272.8333333333335,0.0,0
14,hard-only,19,283.66666666666663,1752.2700025837146,1296.3333333333335,0.0,0
14,hard-only,20,289.3333333333333,1827.820330258674,1276.3333333333335,0.0,0
14,hard-only,21,289.0,1735.495873088259,1290.1666666666665,0.0,0
14,hard-only,22,296.3333333333333,1725.6847671076562,1277.6666666666667,0.0,0
14,hard-only,23,289.0,1713.0724979423796,1298.3333333333335,0.0,0
14,hard-only,24,301.3333333333333,1866.720220203057,1274.0000000000002,0.0,0
14,hard-only,25,289.0,1735.495873088259,1290.1666666666665,0.0,0
14,hard-only,26,299.0,1708.0740534979352,1305.3333333333337,0.0,0
14,hard-only,27,303.66666666666663,1714.5993571075887,1294.6666666666665,0.0,0
14,hard-only,28,274.6666666666667,1802.880312850143,1287.6666666666667,0.0,0
14,hard-only,29,294.33333333333337,1743.3884079952513,1286.5,0.0,0
14,hard-only,30,312.3333333333333,1799.418337623132,1271.3333333333335,0.0,0
14,hard-only,31,296.3333333333333,1849.3198858142296,1274.3333333333335,0.0,0
14,hard-only,32,288.0,1860.9788904679467,1280.6666666666665,0.0,0
14,hard-only,33,312.3333333333333,1787.8503597002489,1272.8333333333335,0.0,0
14,hard-only,34,293.0,1820.7792703028722,1279.6666666666665,0.0,0
14,hard-only,35,289.0,1748.617293079872,1289.6666666666667,0.0,0
14,hard-only,36,328.0,1789.3167708927615,1272.3333333333333,0.0,0
14,hard-only,37,312.3333333333333,1785.7140269913614,1274.1666666666665,0.0,0
14,hard-only,38,299.0,1709.2403868312686,1303.8333333333333,0.0,0
14,hard-only,39,283.6666666666667,1757.5319818653247,1290.3333333333335,0.0,0
14,hard-only,40,299.0,1708.0740534979352,1305.3333333333337,0.0,0
14,hard-only,41,283.6666666666667,1757.5319818653247,1290.3333333333335,0.0,0
14,hard-only,42,312.3333333333333,1839.4438756292946,1262.6666666666665,0.0,0
14,hard-only,43,283.6666666666667,1716.3702463598274,1293.3333333333333,0.0,0
14,hard-only,44,298.33333333333337,1725.3897413285847,1292.4999999999998,0.0,0
14,hard-only,45,291.0,1756.7575321886486,1284.5,0.0,0
14,hard-only,46,306.3333333333333,1708.7401275720092,1302.666666666667,0.0,0
14,hard-only,47,296.3333333333333,1740.2681004409899,1277.6666666666665,0.0,0
14,hard-only,48,338.0,1791.1729943088608,1272.0,0.0,0
14,hard-only,49,312.3333333333333,1787.8503597002489,1272.8333333333335,0.0,0
14,hard-only,50,283.66666666666663,1752.2700025837146,1296.3333333333335,0.0,0
14,hard-only,51,283.6666666666667,1757.5319818653247,1290.3333333333335,0.0,0
14,hard-only,52,299.0,1698.7333698738644,1309.333333333333,0.0,0
14,hard-only,53,306.0,1779.6875475971692,1276.8333333333335,0.0,0
14,hard-only,54,283.66666666666663,1778.7806087316526,1281.1666666666665,0.0,0
14,hard-only,55,312.3333333333333,1787.8503597002489,1272.8333333333335,0.0,0
14,GA-SA-multiSoH,1,280.0,1951.4174086864425,1246.6666666666667,0.0,1
15,Full,0,289.3333333333333,2071.0087062219027,1301.4999999999998,0.0,0
15,Full,1,305.0,1985.683713724353,1312.5,0.0,0
15,Full,2,289.3333333333333,2071.0087062219027,1301.4999999999998,0.0,0
15,Full,3,294.33333333333337,2042.764185048981,1300.3333333333333,0.0,0
15,Full,4,289.3333333333333,2071.0087062219027,1301.4999999999998,0.0,0
15,Full,5,293.6666666666667,2000.8171055978614,1325.8333333333333,0.0,0
15,Full,6,312.66666666666663,1966.1483826800554,1311.3333333333333,0.0,0
15,Full,7,302.0,2036.9153672335985,1300.5,0.0,0
15,Full,8,312.66666666666663,1966.1483826800554,1311.3333333333333,0.0,0
15,Full,9,301.0,2046.1992510929774,1290.8333333333335,0.0,0
15,Full,10,364.99999999999994,2295.710583848249,1286.5000000000002,0.0,0
15,Full,11,293.66666666666663,2105.6641823948703,1290.8333333333333,0.0,0
15,Full,12,301.0,2041.2386741843848,1292.8333333333335,0.0,0
15,Full,13,289.3333333333333,2072.291975853362,1295.3333333333333,0.0,0
15,Full,14,293.66666666666663,2105.6641823948703,1290.8333333333333,0.0,0
15,Full,15,289.3333333333333,2072.291975853362,1295.3333333333333,0.0,0
15,Full,16,289.3333333333333,2071.0087062219027,1301.4999999999998,0.0,0
15,Full,17,307.0,2020.0038973549667,1289.0,0.0,0
15,Full,18,296.3333333333333,2001.2326645768906,1307.5,0.0,0
15,Full,19,289.3333333333333,2071.0087062219027,1301.4999999999998,0.0,0
15,Full,20,358.3333333333333,2315.65498652912,1286.8333333333333,0.0,0
15,Full,21,291.6666666666667,2042.4994031590375,1302.3333333333333,0.0,0
15,Full,22,289.3333333333333,2072.291975853362,1295.3333333333333,0.0,0
15,Full,23,307.3333333333333,1995.6024187723929,1302.1666666666665,0.0,0
15,Full,24,289.3333333333333,2099.1246054829912,1292.1666666666665,0.0,0
15,Full,25,296.3333333333333,2001.2326645768906,1307.5,0.0,0
15,Full,26,302.0,2038.3738614891306,1298.1666666666667,0.0,0
15,Full,27,305.66666666666663,1975.151927895523,1316.6666666666665,0.0,0
15,Full,28,312.66666666666663,1966.1483826800554,1311.3333333333333,0.0,0
15,Full,29,305.66666666666663,1975.151927895523,1316.6666666666665,0.0,0
15,Full,30,301.0,1994.9018181777415,1308.3333333333333,0.0,0
15,Full,31,289.3333333333333,2071.0087062219027,1301.4999999999998,0.0,0
15,Full,32,312.66666666666663,1966.1483826800554,1311.3333333333333,0.0,0
15,Full,33,339.3333333333333,2132.0054839996806,1286.9999999999998,0.0,0
15,Full,34,282.3333333333333,2071.2322415582285,1302.1666666666665,0.0,0
15,Full,35,302.0,2056.744036856004,1289.3333333333333,0.0,0
15,Full,36,307.3333333333333,1995.6024187723929,1302.1666666666665,0.0,0
15,Full,37,289.3333333333333,2072.291975853362,1295.3333333333333,0.0,0
15,Full,38,307.0,1968.7961827540944,1304.5,0.0,0
15,Full,39,296.3333333333333,2001.2326645768906,1307.5,0.0,0
15,Full,40,312.66666666666663,1966.1483826800554,1311.3333333333333,0.0,0
15,Full,41,289.3333333333333,2065.010039555236,1307.5,0.0,0
15,Full,42,316.66666666666663,2014.0551838322572,1299.3333333333335,0.0,0
15,Full,43,302.0,2056.015436389935,1289.3333333333335,0.0,0
15,Full,44,301.0,2041.055858065045,1303.5000000000002,0.0,0
15,Full,45,301.0,1994.9018181777415,1308.3333333333333,0.0,0
15,Full,46,302.0,2036.9153672335985,1300.5,0.0,0
15,Full,47,293.6666666666667,2000.8171055978614,1325.8333333333333,0.0,0
15,Full,48,301.0,2060.365091392941,1288.0,0.0,0
15,Full,49,316.66666666666663,2014.0551838322572,1299.3333333333335,0.0,0
15,Full,50,302.0,2036.9153672335985,1300.5,0.0,0
15,Full,51,291.6666666666667,2036.7596035853592,1312.8333333333335,0.0,0
15,Full,52,307.0,1966.7148781089866,1305.5000000000002,0.0,0
15,-health,0,291.6666666666667,1996.1969931046078,1310.1666666666667,0.0,0
15,-health,1,329.0,1868.0061650911384,1305.8333333333333,0.0,0
15,-health,2,337.3333333333333,1944.9492531729375,1296.8333333333333,0.0,0
15,-health,3,302.00000000000006,2045.3421792221723,1288.5,0.0,0
15,-health,4,301.66666666666663,1938.8662375051176,1309.8333333333333,0.0,0
15,-health,5,337.3333333333333,1944.9492531729375,1296.8333333333333,0.0,0
15,-health,6,291.6666666666667,1996.1969931046078,1310.1666666666667,0.0,0
15,-health,7,291.6666666666667,2000.6193223240618,1309.0,0.0,0
15,-health,8,326.6666666666667,1897.2930828150966,1300.6666666666667,0.0,0
15,-health,9,291.6666666666667,1996.1969931046078,1310.1666666666667,0.0,0
15,-health,10,301.66666666666663,1964.313582839241,1301.6666666666667,0.0,0
15,-health,11,326.6666666666667,1897.2930828150966,1300.6666666666667,0.0,0
15,-health,12,302.00000000000006,1937.636184611529,1303.3333333333335,0.0,0
15,-health,13,286.66666666666663,2050.2140831694296,1327.3333333333333,0.0,0
15,-health,14,301.66666666666663,1956.3978791355369,1305.9999999999998,0.0,0
15,-health,15,302.00000000000006,1893.680298564168,1305.666666666667,0.0,0
15,-health,16,322.3333333333333,1903.832874023354,1305.0,0.0,0
15,-health,17,288.0,1939.29587779446,1312.0,0.0,0
15,-health,18,291.0,1925.9570521600863,1326.8333333333333,0.0,0
15,-health,19,326.6666666666667,1895.8326978009022,1302.9999999999998,0.0,0
15,-health,20,292.0,1966.670389958748,1306.0,0.0,0
15,-health,21,301.66666666666663,1938.8662375051176,1309.8333333333333,0.0,0
15,-health,22,292.0,1950.9385749445037,1306.9999999999998,0.0,0
15,-health,23,311.3333333333333,1883.4016319591458,1306.1666666666665,0.0,0
15,-health,24,301.66666666666663,1938.8662375051176,1309.8333333333333,0.0,0
15,-health,25,292.0,1950.9385749445037,1306.9999999999998,0.0,0
15,-health,26,286.66666666666663,2052.8807498360957,1327.333333333333,0.0,0
15,-health,27,308.3333333333333,1914.870702268648,1300.5,0.0,0
15,-health,28,319.33333333333337,1958.5995950802956,1297.0,0.0,0
15,-health,29,323.00000000000006,1900.9574123599634,1301.0000000000002,0.0,0
15,-health,30,341.0,1838.2715141124745,1325.1666666666667,0.0,0
15,-health,31,294.00000000000006,1938.0158964505827,1310.6666666666665,0.0,0
15,-health,32,337.3333333333333,1944.9492531729375,1296.8333333333333,0.0,0
15,-health,33,286.66666666666663,2050.2140831694296,1327.3333333333333,0.0,0
15,-health,34,297.0,1849.6093624224495,1310.3333333333335,0.0,0
15,-health,35,288.0,1939.29587779446,1312.0,0.0,0
15,-health,36,331.00000000000006,2001.9002092072476,1295.6666666666667,0.0,0
15,-health,37,288.0,1939.29587779446,1312.0,0.0,0
15,-health,38,292.0,1966.670389958748,1306.0,0.0,0
15,-health,39,298.00000000000006,2051.5427333018342,1302.0,0.0,0
15,-health,40,294.00000000000006,1938.0158964505827,1310.6666666666665,0.0,0
15,-health,41,322.3333333333333,1903.832874023354,1305.0,0.0,0
15,-health,42,337.3333333333333,1944.9492531729375,1296.8333333333333,0.0,0
15,-health,43,334.0,1908.823724270679,1300.0000000000002,0.0,0
15,-health,44,291.33333333333337,1912.3667560236363,1312.1666666666665,0.0,0
15,-health,45,294.00000000000006,1938.0158964505827,1310.6666666666665,0.0,0
15,-health,46,292.0,1950.9385749445037,1306.9999999999998,0.0,0
15,-health,47,299.6666666666667,2005.3928323605137,1293.8333333333335,0.0,0
15,-health,48,286.66666666666663,2036.3821202064662,1333.5,0.0,1
15,-health,49,318.66666666666663,1855.2046076658667,1307.3333333333335,0.0,0
15,-adaptW,0,290.0,2078.3878492130057,1286.1666666666667,0.0,0
15,-adaptW,1,320.3333333333333,2138.677523410946,1276.9999999999998,0.0,0
15,-adaptW,2,290.0,2078.3878492130057,1286.1666666666667,0.0,0
15,-adaptW,3,303.0,2046.1291064307325,1290.1666666666667,0.0,0
15,-adaptW,4,273.66666666666663,2018.41806569233,1291.8333333333335,0.0,1
15,-adaptW,5,340.66666666666663,2045.9641346745066,1291.8333333333333,0.0,0
15,-adaptW,6,293.0,1992.7883797651843,1312.1666666666665,0.0,0
15,-adaptW,7,283.0,2006.4532116120668,1299.8333333333335,0.0,0
15,-adaptW,8,303.0,2046.1291064307325,1290.1666666666667,0.0,0
15,-adaptW,9,329.6666666666667,2156.86249794391,1272.6666666666667,0.0,0
15,-adaptW,10,291.33333333333337,2164.028309272721,1281.5,0.0,0
15,-adaptW,11,293.0,2014.2901340153448,1296.1666666666667,0.0,0
15,-adaptW,12,314.66666666666663,2056.4689579826413,1281.3333333333335,0.0,0
15,-adaptW,13,303.0,2066.9616249492506,1286.5,0.0,0
15,-adaptW,14,293.0,2014.2901340153448,1296.1666666666667,0.0,0
15,-adaptW,15,336.6666666666667,2146.1955349809473,1271.3333333333335,0.0,0
15,-adaptW,16,273.66666666666663,2018.41806569233,1291.8333333333335,0.0,0
15,-adaptW,17,283.0,2006.4532116120668,1299.8333333333335,0.0,0
15,-adaptW,18,297.6666666666667,2017.8056226349336,1295.5000000000002,0.0,0
15,-adaptW,19,340.66666666666663,2045.9641346745066,1291.8333333333333,0.0,0
15,-adaptW,20,320.3333333333333,2138.677523410946,1276.9999999999998,0.0,0
15,-adaptW,21,303.0,2118.8485020751395,1284.0,0.0,0
15,-adaptW,22,340.66666666666663,2045.9641346745066,1291.8333333333333,0.0,0
15,-adaptW,23,314.0,2107.2284370257253,1279.5,0.0,0
15,-adaptW,24,336.6666666666667,2146.1955349809473,1271.3333333333335,0.0,0
15,-adaptW,25,314.66666666666663,2060.8019209456043,1279.6666666666667,0.0,0
15,-adaptW,26,282.6666666666667,2106.4063779724293,1290.6666666666667,0.0,0
15,-impAstar,0,289.3333333333333,2071.0087062219027,1301.4999999999998,0.0,0
15,-impAstar,1,305.0,1985.683713724353,1312.5,0.0,0
15,-impAstar,2,289.3333333333333,2071.0087062219027,1301.4999999999998,0.0,0
15,-impAstar,3,294.33333333333337,2042.764185048981,1300.3333333333333,0.0,0
15,-impAstar,4,289.3333333333333,2071.0087062219027,1301.4999999999998,0.0,0
15,-impAstar,5,293.6666666666667,2000.8171055978614,1325.8333333333333,0.0,0
15,-impAstar,6,312.66666666666663,1966.1483826800554,1311.3333333333333,0.0,0
15,-impAstar,7,302.0,2036.9153672335985,1300.5,0.0,0
15,-impAstar,8,312.66666666666663,1966.1483826800554,1311.3333333333333,0.0,0
15,-impAstar,9,301.0,2046.1992510929774,1290.8333333333335,0.0,0
15,-impAstar,10,364.99999999999994,2295.710583848249,1286.5000000000002,0.0,1
15,-impAstar,11,293.66666666666663,2105.6641823948703,1290.8333333333333,0.0,0
15,-impAstar,12,301.0,2041.2386741843848,1292.8333333333335,0.0,0
15,-impAstar,13,289.3333333333333,2072.291975853362,1295.3333333333333,0.0,0
15,-impAstar,14,293.66666666666663,2105.6641823948703,1290.8333333333333,0.0,0
15,-impAstar,15,289.3333333333333,2072.291975853362,1295.3333333333333,0.0,0
15,-impAstar,16,289.3333333333333,2071.0087062219027,1301.4999999999998,0.0,0
15,-impAstar,17,307.0,2020.0038973549667,1289.0,0.0,0
15,-impAstar,18,296.3333333333333,2001.2326645768906,1307.5,0.0,0
15,-impAstar,19,289.3333333333333,2071.0087062219027,1301.4999999999998,0.0,0
15,-impAstar,20,358.3333333333333,2315.65498652912,1286.8333333333333,0.0,0
15,-impAstar,21,291.6666666666667,2042.4994031590375,1302.3333333333333,0.0,0
15,-impAstar,22,289.3333333333333,2072.291975853362,1295.3333333333333,0.0,0
15,-impAstar,23,307.3333333333333,1995.6024187723929,1302.1666666666665,0.0,0
15,-impAstar,24,289.3333333333333,2099.1246054829912,1292.1666666666665,0.0,0
15,-impAstar,25,296.3333333333333,2001.2326645768906,1307.5,0.0,0
15,-impAstar,26,302.0,2038.3738614891306,1298.1666666666667,0.0,0
15,-impAstar,27,305.66666666666663,1975.151927895523,1316.6666666666665,0.0,0
15,-impAstar,28,312.66666666666663,1966.1483826800554,1311.3333333333333,0.0,0
15,-impAstar,29,305.66666666666663,1975.151927895523,1316.6666666666665,0.0,0
15,-impAstar,30,301.0,1994.9018181777415,1308.3333333333333,0.0,0
15,-impAstar,31,289.3333333333333,2071.0087062219027,1301.4999999999998,0.0,0
15,-impAstar,32,312.66666666666663,1966.1483826800554,1311.3333333333333,0.0,0
15,-impAstar,33,339.3333333333333,2132.0054839996806,1286.9999999999998,0.0,0
15,-impAstar,34,282.3333333333333,2071.2322415582285,1302.1666666666665,0.0,0
15,-impAstar,35,302.0,2056.744036856004,1289.3333333333333,0.0,0
15,-impAstar,36,307.3333333333333,1995.6024187723929,1302.1666666666665,0.0,0
15,-impAstar,37,289.3333333333333,2072.291975853362,1295.3333333333333,0.0,0
15,-impAstar,38,307.0,1968.7961827540944,1304.5,0.0,0
15,-impAstar,39,296.3333333333333,2001.2326645768906,1307.5,0.0,0
15,-impAstar,40,312.66666666666663,1966.1483826800554,1311.3333333333333,0.0,0
15,-impAstar,41,289.3333333333333,2065.010039555236,1307.5,0.0,0
15,-impAstar,42,316.66666666666663,2014.0551838322572,1299.3333333333335,0.0,0
15,-impAstar,43,302.0,2056.015436389935,1289.3333333333335,0.0,0
15,-impAstar,44,301.0,2041.055858065045,1303.5000000000002,0.0,0
15,-impAstar,45,301.0,1994.9018181777415,1308.3333333333333,0.0,0
15,-impAstar,46,302.0,2036.9153672335985,1300.5,0.0,0
15,-impAstar,47,293.6666666666667,2000.8171055978614,1325.8333333333333,0.0,0
15,-impAstar,48,301.0,2060.365091392941,1288.0,0.0,0
15,-impAstar,49,316.66666666666663,2014.0551838322572,1299.3333333333335,0.0,0
15,-impAstar,50,302.0,2036.9153672335985,1300.5,0.0,0
15,-impAstar,51,291.6666666666667,2036.7596035853592,1312.8333333333335,0.0,0
15,-impAstar,52,307.0,1966.7148781089866,1305.5000000000002,0.0,0
15,-closedLoop,0,289.3333333333333,2071.0087062219027,1301.4999999999998,0.0,0
15,-closedLoop,1,305.0,1985.683713724353,1312.5,0.0,0
15,-closedLoop,2,289.3333333333333,2071.0087062219027,1301.4999999999998,0.0,0
15,-closedLoop,3,294.33333333333337,2042.764185048981,1300.3333333333333,0.0,0
15,-closedLoop,4,289.3333333333333,2071.0087062219027,1301.4999999999998,0.0,0
15,-closedLoop,5,293.6666666666667,2000.8171055978614,1325.8333333333333,0.0,0
15,-closedLoop,6,312.66666666666663,1966.1483826800554,1311.3333333333333,0.0,0
15,-closedLoop,7,302.0,2036.9153672335985,1300.5,0.0,0
15,-closedLoop,8,312.66666666666663,1966.1483826800554,1311.3333333333333,0.0,0
15,-closedLoop,9,301.0,2046.1992510929774,1290.8333333333335,0.0,0
15,-closedLoop,10,364.99999999999994,2295.710583848249,1286.5000000000002,0.0,0
15,-closedLoop,11,293.66666666666663,2105.6641823948703,1290.8333333333333,0.0,0
15,-closedLoop,12,301.0,2041.2386741843848,1292.8333333333335,0.0,0
15,-closedLoop,13,289.3333333333333,2072.291975853362,1295.3333333333333,0.0,0
15,-closedLoop,14,293.66666666666663,2105.6641823948703,1290.8333333333333,0.0,0
15,-closedLoop,15,289.3333333333333,2072.291975853362,1295.3333333333333,0.0,0
15,-closedLoop,16,289.3333333333333,2071.0087062219027,1301.4999999999998,0.0,0
15,-closedLoop,17,307.0,2020.0038973549667,1289.0,0.0,0
15,-closedLoop,18,296.3333333333333,2001.2326645768906,1307.5,0.0,0
15,-closedLoop,19,289.3333333333333,2071.0087062219027,1301.4999999999998,0.0,0
15,-closedLoop,20,358.3333333333333,2315.65498652912,1286.8333333333333,0.0,0
15,-closedLoop,21,291.6666666666667,2042.4994031590375,1302.3333333333333,0.0,0
15,-closedLoop,22,289.3333333333333,2072.291975853362,1295.3333333333333,0.0,0
15,-closedLoop,23,307.3333333333333,1995.6024187723929,1302.1666666666665,0.0,0
15,-closedLoop,24,289.3333333333333,2099.1246054829912,1292.1666666666665,0.0,0
15,-closedLoop,25,296.3333333333333,2001.2326645768906,1307.5,0.0,0
15,-closedLoop,26,302.0,2038.3738614891306,1298.1666666666667,0.0,0
15,-closedLoop,27,305.66666666666663,1975.151927895523,1316.6666666666665,0.0,0
15,-closedLoop,28,312.66666666666663,1966.1483826800554,1311.3333333333333,0.0,0
15,-closedLoop,29,305.66666666666663,1975.151927895523,1316.6666666666665,0.0,0
15,-closedLoop,30,301.0,1994.9018181777415,1308.3333333333333,0.0,0
15,-closedLoop,31,289.3333333333333,2071.0087062219027,1301.4999999999998,0.0,0
15,-closedLoop,32,312.66666666666663,1966.1483826800554,1311.3333333333333,0.0,0
15,-closedLoop,33,339.3333333333333,2132.0054839996806,1286.9999999999998,0.0,0
15,-closedLoop,34,282.3333333333333,2071.2322415582285,1302.1666666666665,0.0,0
15,-closedLoop,35,302.0,2056.744036856004,1289.3333333333333,0.0,0
15,-closedLoop,36,307.3333333333333,1995.6024187723929,1302.1666666666665,0.0,0
15,-closedLoop,37,289.3333333333333,2072.291975853362,1295.3333333333333,0.0,0
15,-closedLoop,38,307.0,1968.7961827540944,1304.5,0.0,0
15,-closedLoop,39,296.3333333333333,2001.2326645768906,1307.5,0.0,0
15,-closedLoop,40,312.66666666666663,1966.1483826800554,1311.3333333333333,0.0,0
15,-closedLoop,41,289.3333333333333,2065.010039555236,1307.5,0.0,0
15,-closedLoop,42,316.66666666666663,2014.0551838322572,1299.3333333333335,0.0,0
15,-closedLoop,43,302.0,2056.015436389935,1289.3333333333335,0.0,0
15,-closedLoop,44,301.0,2041.055858065045,1303.5000000000002,0.0,0
15,-closedLoop,45,301.0,1994.9018181777415,1308.3333333333333,0.0,0
15,-closedLoop,46,302.0,2036.9153672335985,1300.5,0.0,0
15,-closedLoop,47,293.6666666666667,2000.8171055978614,1325.8333333333333,0.0,0
15,-closedLoop,48,301.0,2060.365091392941,1288.0,0.0,0
15,-closedLoop,49,316.66666666666663,2014.0551838322572,1299.3333333333335,0.0,0
15,-closedLoop,50,302.0,2036.9153672335985,1300.5,0.0,0
15,-closedLoop,51,291.6666666666667,2036.7596035853592,1312.8333333333335,0.0,0
15,-closedLoop,52,307.0,1966.7148781089866,1305.5000000000002,0.0,0
15,hard-only,0,291.6666666666667,1996.1969931046078,1310.1666666666667,0.0,0
15,hard-only,1,329.0,1868.0061650911384,1305.8333333333333,0.0,0
15,hard-only,2,337.3333333333333,1944.9492531729375,1296.8333333333333,0.0,0
15,hard-only,3,302.00000000000006,2045.3421792221723,1288.5,0.0,0
15,hard-only,4,301.66666666666663,1938.8662375051176,1309.8333333333333,0.0,0
15,hard-only,5,337.3333333333333,1944.9492531729375,1296.8333333333333,0.0,0
15,hard-only,6,291.6666666666667,1996.1969931046078,1310.1666666666667,0.0,0
15,hard-only,7,291.6666666666667,2000.6193223240618,1309.0,0.0,0
15,hard-only,8,326.6666666666667,1897.2930828150966,1300.6666666666667,0.0,0
15,hard-only,9,291.6666666666667,1996.1969931046078,1310.1666666666667,0.0,0
15,hard-only,10,301.66666666666663,1964.313582839241,1301.6666666666667,0.0,0
15,hard-only,11,326.6666666666667,1897.2930828150966,1300.6666666666667,0.0,0
15,hard-only,12,302.00000000000006,1937.636184611529,1303.3333333333335,0.0,0
15,hard-only,13,286.66666666666663,2050.2140831694296,1327.3333333333333,0.0,0
15,hard-only,14,301.66666666666663,1956.3978791355369,1305.9999999999998,0.0,0
15,hard-only,15,302.00000000000006,1893.680298564168,1305.666666666667,0.0,0
15,hard-only,16,322.3333333333333,1903.832874023354,1305.0,0.0,0
15,hard-only,17,288.0,1939.29587779446,1312.0,0.0,0
15,hard-only,18,291.0,1925.9570521600863,1326.8333333333333,0.0,0
15,hard-only,19,326.6666666666667,1895.8326978009022,1302.9999999999998,0.0,0
15,hard-only,20,292.0,1966.670389958748,1306.0,0.0,0
15,hard-only,21,301.66666666666663,1938.8662375051176,1309.8333333333333,0.0,0
15,hard-only,22,292.0,1950.9385749445037,1306.9999999999998,0.0,0
15,hard-only,23,311.3333333333333,1883.4016319591458,1306.1666666666665,0.0,0
15,hard-only,24,301.66666666666663,1938.8662375051176,1309.8333333333333,0.0,0
15,hard-only,25,292.0,1950.9385749445037,1306.9999999999998,0.0,0
15,hard-only,26,286.66666666666663,2052.8807498360957,1327.333333333333,0.0,0
15,hard-only,27,308.3333333333333,1914.870702268648,1300.5,0.0,0
15,hard-only,28,319.33333333333337,1958.5995950802956,1297.0,0.0,0
15,hard-only,29,323.00000000000006,1900.9574123599634,1301.0000000000002,0.0,0
15,hard-only,30,341.0,1838.2715141124745,1325.1666666666667,0.0,0
15,hard-only,31,294.00000000000006,1938.0158964505827,1310.6666666666665,0.0,0
15,hard-only,32,337.3333333333333,1944.9492531729375,1296.8333333333333,0.0,0
15,hard-only,33,286.66666666666663,2050.2140831694296,1327.3333333333333,0.0,0
15,hard-only,34,297.0,1849.6093624224495,1310.3333333333335,0.0,0
15,hard-only,35,288.0,1939.29587779446,1312.0,0.0,0
15,hard-only,36,331.00000000000006,2001.9002092072476,1295.6666666666667,0.0,0
15,hard-only,37,288.0,1939.29587779446,1312.0,0.0,0
15,hard-only,38,292.0,1966.670389958748,1306.0,0.0,0
15,hard-only,39,298.00000000000006,2051.5427333018342,1302.0,0.0,0
15,hard-only,40,294.00000000000006,1938.0158964505827,1310.6666666666665,0.0,0
15,hard-only,41,322.3333333333333,1903.832874023354,1305.0,0.0,0
15,hard-only,42,337.3333333333333,1944.9492531729375,1296.8333333333333,0.0,0
15,hard-only,43,334.0,1908.823724270679,1300.0000000000002,0.0,0
15,hard-only,44,291.33333333333337,1912.3667560236363,1312.1666666666665,0.0,0
15,hard-only,45,294.00000000000006,1938.0158964505827,1310.6666666666665,0.0,0
15,hard-only,46,292.0,1950.9385749445037,1306.9999999999998,0.0,0
15,hard-only,47,299.6666666666667,2005.3928323605137,1293.8333333333335,0.0,0
15,hard-only,48,286.66666666666663,2036.3821202064662,1333.5,0.0,1
15,hard-only,49,318.66666666666663,1855.2046076658667,1307.3333333333335,0.0,0
15,GA-SA-multiSoH,4,280.66666666666663,2086.7952436013925,1256.666666666667,0.0,1
16,Full,0,300.6666666666667,2365.3437472571786,1366.3333333333335,0.0,0
16,Full,1,300.6666666666667,2485.2542606429756,1359.6666666666667,0.0,0
16,Full,2,306.0,2425.9501673639743,1362.6666666666667,0.0,0
16,Full,3,300.6666666666667,2489.253371754087,1355.666666666667,0.0,0
16,Full,4,300.6666666666667,2485.2542606429756,1359.6666666666667,0.0,0
16,Full,5,300.6666666666667,2489.253371754087,1355.666666666667,0.0,0
16,Full,6,299.3333333333333,2332.364979877022,1368.3333333333335,0.0,0
16,Full,7,307.3333333333333,2345.0312761733185,1366.6666666666667,0.0,0
16,Full,8,318.6666666666667,2289.02728735194,1369.0000000000002,0.0,0
16,Full,9,331.6666666666667,2241.69524573228,1380.5,0.0,0
16,Full,10,314.6666666666667,2393.868788964186,1366.166666666667,0.0,0
16,Full,11,300.6666666666667,2473.011506201015,1360.1666666666665,0.0,0
16,Full,12,299.3333333333333,2309.1247236942127,1381.8333333333335,0.0,0
16,Full,13,331.6666666666667,2241.69524573228,1380.5,0.0,0
16,Full,14,300.6666666666667,2489.253371754087,1355.666666666667,0.0,0
16,Full,15,288.66666666666663,2382.8647946918372,1367.5000000000002,0.0,0
16,Full,16,305.6666666666667,2427.669552390434,1356.9999999999998,0.0,0
16,Full,17,318.6666666666667,2289.02728735194,1369.0000000000002,0.0,0
16,Full,18,305.6666666666667,2427.669552390434,1356.9999999999998,0.0,0
16,Full,19,333.0,2240.030134621169,1387.5,0.0,0
16,Full,20,300.6666666666667,2489.253371754087,1355.666666666667,0.0,0
16,Full,21,299.3333333333333,2332.364979877022,1368.3333333333335,0.0,0
16,Full,22,307.33333333333337,2297.060859988463,1382.1666666666665,0.0,0
16,Full,23,300.6666666666667,2489.253371754087,1355.666666666667,0.0,0
16,Full,24,307.33333333333337,2307.7267506499397,1374.333333333333,0.0,0
16,Full,25,304.33333333333337,2433.1700338719156,1359.1666666666667,0.0,0
16,Full,26,333.0,2470.940159929486,1352.6666666666665,0.0,0
16,Full,27,299.3333333333333,2332.364979877022,1368.3333333333335,0.0,0
16,Full,28,298.0,2347.4497677880663,1384.3333333333335,0.0,0
16,Full,29,300.6666666666667,2485.2542606429756,1359.6666666666667,0.0,0
16,Full,30,333.0,2240.030134621169,1387.5,0.0,0
16,Full,31,304.33333333333337,2433.1700338719156,1359.1666666666667,0.0,0
16,Full,32,318.6666666666667,2289.02728735194,1369.0000000000002,0.0,0
16,Full,33,318.6666666666667,2292.0807451453784,1367.6666666666667,0.0,0
16,Full,34,312.6666666666667,2449.273493262819,1352.6666666666667,0.0,0
16,Full,35,314.6666666666667,2393.868788964186,1366.166666666667,0.0,0
16,Full,36,315.6666666666667,2395.80289777706,1365.3333333333333,0.0,0
16,Full,37,307.33333333333337,2298.7278617610514,1379.3333333333333,0.0,0
16,Full,38,314.6666666666667,2403.5650724370466,1361.5,0.0,0
16,Full,39,304.6666666666667,2399.945864418676,1365.5000000000002,0.0,0
16,Full,40,299.3333333333333,2332.364979877022,1368.3333333333335,0.0,0
16,Full,41,307.33333333333337,2284.9383070008676,1395.3333333333335,0.0,0
16,Full,42,312.6666666666667,2278.836195968549,1381.6666666666667,0.0,0
16,Full,43,292.66666666666663,2362.7097629486198,1368.0,0.0,0
16,Full,44,310.3333333333333,2414.7553689161564,1361.1666666666667,0.0,0
16,Full,45,288.66666666666663,2382.8647946918372,1367.5000000000002,0.0,0
16,Full,46,318.6666666666667,2294.3409390627744,1364.3333333333335,0.0,0
16,Full,47,299.3333333333333,2326.935713296591,1374.8333333333335,0.0,0
16,Full,48,291.66666666666663,2358.0376052217302,1376.3333333333333,0.0,0
16,Full,49,292.0,2383.1980539510964,1367.1666666666667,0.0,0
16,Full,50,299.3333333333333,2306.2647015243588,1383.1666666666665,0.0,0
16,Full,51,300.6666666666667,2489.253371754087,1355.666666666667,0.0,0
16,Full,52,325.3333333333333,2481.528632474389,1352.0000000000002,0.0,0
16,Full,53,318.6666666666667,2300.5985335894934,1352.8333333333335,0.0,0
16,Full,54,314.6666666666667,2393.868788964186,1366.166666666667,0.0,0
16,Full,55,302.0,2467.4430858554115,1365.8333333333335,0.0,0
16,Full,56,298.0,2347.4497677880663,1384.3333333333335,0.0,0
16,Full,57,300.6666666666667,2468.2552976800125,1364.3333333333333,0.0,0
16,Full,58,318.6666666666667,2271.2708343529584,1375.0,0.0,0
16,Full,59,298.0,2347.4497677880663,1384.3333333333335,0.0,0
16,Full,60,304.6666666666667,2399.945864418676,1365.5000000000002,0.0,0
16,Full,61,314.6666666666667,2393.868788964186,1366.166666666667,0.0,0
16,Full,62,298.0,2347.4497677880663,1384.3333333333335,0.0,0
16,Full,63,298.0,2347.4497677880663,1384.3333333333335,0.0,0
16,-health,0,352.3333333333333,2190.2472005696095,1361.5,0.0,0
16,-health,1,338.6666666666667,1998.4919270287733,1389.6666666666665,0.0,0
16,-health,2,316.66666666666663,2083.6981827868062,1368.6666666666665,0.0,0
16,-health,3,316.66666666666663,2083.6981827868062,1368.6666666666665,0.0,0
16,-health,4,314.66666666666663,2184.0112166991817,1373.1666666666667,0.0,0
16,-health,5,316.66666666666663,2075.2298718944858,1377.6666666666665,0.0,0
16,-health,6,305.0,2082.287292738135,1376.3333333333333,0.0,0
16,-health,7,303.3333333333333,2098.5286509469884,1378.5,0.0,0
16,-health,8,316.66666666666663,2096.0023200986534,1366.4999999999998,0.0,0
16,-health,9,303.6666666666667,2075.747757944172,1399.6666666666667,0.0,0
16,-health,10,307.6666666666667,2070.0708727880765,1378.3333333333333,0.0,0
16,-health,11,306.0,2102.120181627024,1374.3333333333333,0.0,0
16,-health,12,334.6666666666667,2008.079748427885,1396.6666666666665,0.0,0
16,-health,13,334.6666666666667,2008.079748427885,1396.6666666666665,0.0,0
16,-health,14,304.33333333333337,2019.0889065160911,1398.0,0.0,0
16,-health,15,338.6666666666667,2009.921825954947,1388.0,0.0,0
16,-health,16,316.66666666666663,2088.198466990455,1368.0,0.0,0
16,-health,17,305.33333333333337,2027.6646415494733,1388.6666666666667,0.0,0
16,-health,18,338.6666666666667,1992.8265196213658,1395.3333333333333,0.0,0
16,-health,19,325.6666666666667,1971.355459566045,1419.6666666666667,0.0,0
16,-health,20,338.6666666666667,1998.4919270287733,1389.6666666666665,0.0,0
16,-health,21,316.66666666666663,2083.6981827868062,1368.6666666666665,0.0,0
16,-health,22,321.33333333333337,2016.9484036803567,1386.1666666666667,0.0,0
16,-health,23,335.0,1970.360186061247,1431.1666666666667,0.0,1
16,-health,24,303.0,2069.882951339814,1408.8333333333335,0.0,0
16,-health,25,304.33333333333337,2019.0889065160911,1398.0,0.0,0
16,-health,26,301.0,2092.0750922654584,1395.1666666666667,0.0,0
16,-health,27,319.0,1974.457246004399,1411.3333333333333,0.0,0
16,-health,28,353.6666666666667,2178.913719088128,1360.8333333333333,0.0,0
16,-health,29,305.33333333333337,2027.6646415494733,1388.6666666666667,0.0,0
16,-health,30,307.6666666666667,1978.4166282633387,1398.1666666666665,0.0,0
16,-health,31,303.3333333333333,2118.44524353958,1378.1666666666667,0.0,0
16,-health,32,305.0,2079.4171533058206,1390.1666666666667,0.0,0
16,-health,33,308.0,2050.584038354271,1383.8333333333335,0.0,0
16,-health,34,304.33333333333337,2019.0889065160911,1398.0,0.0,0
16,-health,35,304.33333333333337,2019.0889065160911,1398.0,0.0,0
16,-health,36,319.3333333333333,2033.6673805824053,1381.1666666666667,0.0,0
16,-health,37,305.0,2040.7790387477016,1393.8333333333333,0.0,0
16,-health,38,316.66666666666663,2083.6981827868062,1368.6666666666665,0.0,0
16,-health,39,316.66666666666663,2096.0023200986534,1366.4999999999998,0.0,0
16,-health,40,325.6666666666667,1971.355459566045,1419.6666666666667,0.0,0
16,-health,41,320.0,2027.161376563366,1384.3333333333333,0.0,0
16,-health,42,306.0,2102.120181627024,1374.3333333333333,0.0,0
16,-health,43,316.66666666666663,2096.0023200986534,1366.4999999999998,0.0,0
16,-health,44,301.3333333333333,2082.1230699875086,1385.8333333333333,0.0,0
16,-health,45,301.0,2085.155754699426,1398.1666666666665,0.0,0
16,-health,46,303.6666666666667,2068.7176966935344,1402.3333333333335,0.0,0
16,-health,47,319.3333333333333,2041.912568699961,1373.5000000000002,0.0,0
16,-health,48,304.33333333333337,2009.4506501668127,1398.3333333333333,0.0,0
16,-health,49,319.3333333333333,2086.244605736998,1367.6666666666667,0.0,0
16,-health,50,329.33333333333337,2111.5678025114194,1364.1666666666667,0.0,0
16,-health,51,306.0,2102.120181627024,1374.3333333333333,0.0,0
16,-health,52,301.0,2085.155754699426,1398.1666666666665,0.0,0
16,-health,53,304.33333333333337,2019.0889065160911,1398.0,0.0,0
16,-health,54,305.33333333333337,2009.622158425439,1389.3333333333333,0.0,0
16,-health,55,304.33333333333337,2019.0889065160911,1398.0,0.0,0
16,-health,56,305.0,2079.4171533058206,1390.1666666666667,0.0,0
16,-health,57,301.0,2092.0750922654584,1395.1666666666667,0.0,0
16,-health,58,311.66666666666663,2041.410510693038,1380.5,0.0,0
16,-health,59,306.33333333333337,2000.8177801932577,1396.6666666666667,0.0,0
16,-health,60,306.0,2102.120181627024,1374.3333333333333,0.0,0
16,-health,61,319.3333333333333,2053.6310762705043,1367.833333333333,0.0,0
16,-health,62,307.6666666666667,1989.3892286607668,1396.8333333333333,0.0,0
16,-health,63,305.33333333333337,2027.6646415494733,1388.6666666666667,0.0,0
16,-health,64,372.3333333333333,2168.995603545381,1363.4999999999998,0.0,0
16,-health,65,304.33333333333337,2009.4506501668127,1398.3333333333333,0.0,0
16,-adaptW,0,311.00000000000006,2471.958517389691,1386.8333333333333,0.0,0
16,-adaptW,1,301.99999999999994,2595.825401174387,1400.3333333333335,0.0,0
16,-adaptW,2,311.00000000000006,2471.958517389691,1386.8333333333333,0.0,0
16,-adaptW,3,321.33333333333337,2499.6637424801775,1365.0,0.0,0
16,-adaptW,4,311.00000000000006,2471.958517389691,1386.8333333333333,0.0,0
16,-adaptW,5,311.00000000000006,2417.2850269193455,1390.3333333333333,0.0,0
16,-adaptW,6,304.33333333333337,2463.249981341029,1388.3333333333335,0.0,0
16,-adaptW,7,325.33333333333337,2483.4117377367115,1365.3333333333333,0.0,0
16,-adaptW,8,307.6666666666667,2481.1965684742067,1376.1666666666667,0.0,0
16,-adaptW,9,303.66666666666663,2524.665890628325,1374.6666666666665,0.0,0
16,-adaptW,10,310.3333333333333,2434.0990407620347,1390.0,0.0,0
16,-adaptW,11,311.3333333333333,2358.4570540240607,1378.6666666666665,0.0,0
16,-adaptW,12,321.3333333333333,2457.9882349384575,1373.5,0.0,0
16,-adaptW,13,307.6666666666667,2481.1965684742067,1376.1666666666667,0.0,0
16,-adaptW,14,319.0,2343.7532424962174,1396.1666666666667,0.0,0
16,-adaptW,15,340.0,2447.8715797263894,1361.6666666666667,0.0,1
16,-adaptW,16,307.6666666666667,2481.1965684742067,1376.1666666666667,0.0,0
16,-adaptW,17,327.66666666666663,2449.522775428331,1367.0,0.0,0
16,-adaptW,18,305.0,2447.2392553457466,1395.3333333333335,0.0,0
16,-adaptW,19,311.00000000000006,2382.486261496057,1405.0,0.0,0
16,-adaptW,20,307.6666666666667,2481.1965684742067,1376.1666666666667,0.0,0
16,-adaptW,21,305.0,2447.2392553457466,1395.3333333333335,0.0,0
16,-adaptW,22,304.00000000000006,2501.3849562452037,1377.8333333333333,0.0,0
16,-adaptW,23,307.6666666666667,2472.31003605062,1378.0,0.0,0
16,-adaptW,24,304.00000000000006,2490.6421054781913,1381.3333333333333,0.0,0
16,-adaptW,25,311.00000000000006,2382.486261496057,1405.0,0.0,0
16,-adaptW,26,311.00000000000006,2379.486928162724,1408.0000000000002,0.0,0
16,-adaptW,27,304.33333333333337,2492.862198103837,1371.5,0.0,0
16,-adaptW,28,327.66666666666663,2449.522775428331,1367.0,0.0,0
16,-adaptW,29,310.3333333333333,2404.493896811104,1404.1666666666665,0.0,0
16,-adaptW,30,311.00000000000006,2471.958517389691,1386.8333333333333,0.0,0
16,-impAstar,0,300.6666666666667,2365.3437472571786,1366.3333333333335,0.0,0
16,-impAstar,1,300.6666666666667,2485.2542606429756,1359.6666666666667,0.0,0
16,-impAstar,2,306.0,2425.9501673639743,1362.6666666666667,0.0,0
16,-impAstar,3,300.6666666666667,2489.253371754087,1355.666666666667,0.0,0
16,-impAstar,4,300.6666666666667,2485.2542606429756,1359.6666666666667,0.0,0
16,-impAstar,5,300.6666666666667,2489.253371754087,1355.666666666667,0.0,0
16,-impAstar,6,299.3333333333333,2332.364979877022,1368.3333333333335,0.0,1
16,-impAstar,7,307.3333333333333,2345.0312761733185,1366.6666666666667,0.0,0
16,-impAstar,8,318.6666666666667,2289.02728735194,1369.0000000000002,0.0,0
16,-impAstar,9,331.6666666666667,2241.69524573228,1380.5,0.0,0
16,-impAstar,10,314.6666666666667,2393.868788964186,1366.166666666667,0.0,0
16,-impAstar,11,300.6666666666667,2473.011506201015,1360.1666666666665,0.0,0
16,-impAstar,12,299.3333333333333,2309.1247236942127,1381.8333333333335,0.0,0
16,-impAstar,13,331.6666666666667,2241.69524573228,1380.5,0.0,0
16,-impAstar,14,300.6666666666667,2489.253371754087,1355.666666666667,0.0,0
16,-impAstar,15,288.66666666666663,2382.8647946918372,1367.5000000000002,0.0,0
16,-impAstar,16,305.6666666666667,2427.669552390434,1356.9999999999998,0.0,0
16,-impAstar,17,318.6666666666667,2289.02728735194,1369.0000000000002,0.0,0
16,-impAstar,18,305.6666666666667,2427.669552390434,1356.9999999999998,0.0,0
16,-impAstar,19,333.0,2240.030134621169,1387.5,0.0,0
16,-impAstar,20,300.6666666666667,2489.253371754087,1355.666666666667,0.0,0
16,-impAstar,21,299.3333333333333,2332.364979877022,1368.3333333333335,0.0,0
16,-impAstar,22,307.33333333333337,2297.060859988463,1382.1666666666665,0.0,0
16,-impAstar,23,300.6666666666667,2489.253371754087,1355.666666666667,0.0,0
16,-impAstar,24,307.33333333333337,2307.7267506499397,1374.333333333333,0.0,0
16,-impAstar,25,304.33333333333337,2433.1700338719156,1359.1666666666667,0.0,0
16,-impAstar,26,333.0,2470.940159929486,1352.6666666666665,0.0,0
16,-impAstar,27,299.3333333333333,2332.364979877022,1368.3333333333335,0.0,0
16,-impAstar,28,298.0,2347.4497677880663,1384.3333333333335,0.0,0
16,-impAstar,29,300.6666666666667,2485.2542606429756,1359.6666666666667,0.0,0
16,-impAstar,30,333.0,2240.030134621169,1387.5,0.0,0
16,-impAstar,31,304.33333333333337,2433.1700338719156,1359.1666666666667,0.0,0
16,-impAstar,32,318.6666666666667,2289.02728735194,1369.0000000000002,0.0,0
16,-impAstar,33,318.6666666666667,2292.0807451453784,1367.6666666666667,0.0,0
16,-impAstar,34,312.6666666666667,2449.273493262819,1352.6666666666667,0.0,0
16,-impAstar,35,314.6666666666667,2393.868788964186,1366.166666666667,0.0,0
16,-impAstar,36,315.6666666666667,2395.80289777706,1365.3333333333333,0.0,0
16,-impAstar,37,307.33333333333337,2298.7278617610514,1379.3333333333333,0.0,0
16,-impAstar,38,314.6666666666667,2403.5650724370466,1361.5,0.0,0
16,-impAstar,39,304.6666666666667,2399.945864418676,1365.5000000000002,0.0,0
16,-impAstar,40,299.3333333333333,2332.364979877022,1368.3333333333335,0.0,0
16,-impAstar,41,307.33333333333337,2284.9383070008676,1395.3333333333335,0.0,0
16,-impAstar,42,312.6666666666667,2278.836195968549,1381.6666666666667,0.0,0
16,-impAstar,43,292.66666666666663,2362.7097629486198,1368.0,0.0,0
16,-impAstar,44,310.3333333333333,2414.7553689161564,1361.1666666666667,0.0,0
16,-impAstar,45,288.66666666666663,2382.8647946918372,1367.5000000000002,0.0,0
16,-impAstar,46,318.6666666666667,2294.3409390627744,1364.3333333333335,0.0,0
16,-impAstar,47,299.3333333333333,2326.935713296591,1374.8333333333335,0.0,0
16,-impAstar,48,291.66666666666663,2358.0376052217302,1376.3333333333333,0.0,0
16,-impAstar,49,292.0,2383.1980539510964,1367.1666666666667,0.0,0
16,-impAstar,50,299.3333333333333,2306.2647015243588,1383.1666666666665,0.0,0
16,-impAstar,51,300.6666666666667,2489.253371754087,1355.666666666667,0.0,0
16,-impAstar,52,325.3333333333333,2481.528632474389,1352.0000000000002,0.0,0
16,-impAstar,53,318.6666666666667,2300.5985335894934,1352.8333333333335,0.0,0
16,-impAstar,54,314.6666666666667,2393.868788964186,1366.166666666667,0.0,0
16,-impAstar,55,302.0,2467.4430858554115,1365.8333333333335,0.0,0
16,-impAstar,56,298.0,2347.4497677880663,1384.3333333333335,0.0,0
16,-impAstar,57,300.6666666666667,2468.2552976800125,1364.3333333333333,0.0,0
16,-impAstar,58,318.6666666666667,2271.2708343529584,1375.0,0.0,0
16,-impAstar,59,298.0,2347.4497677880663,1384.3333333333335,0.0,0
16,-impAstar,60,304.6666666666667,2399.945864418676,1365.5000000000002,0.0,0
16,-impAstar,61,314.6666666666667,2393.868788964186,1366.166666666667,0.0,0
16,-impAstar,62,298.0,2347.4497677880663,1384.3333333333335,0.0,0
16,-impAstar,63,298.0,2347.4497677880663,1384.3333333333335,0.0,0
16,-closedLoop,0,300.6666666666667,2365.3437472571786,1366.3333333333335,0.0,0
16,-closedLoop,1,300.6666666666667,2485.2542606429756,1359.6666666666667,0.0,0
16,-closedLoop,2,306.0,2425.9501673639743,1362.6666666666667,0.0,0
16,-closedLoop,3,300.6666666666667,2489.253371754087,1355.666666666667,0.0,0
16,-closedLoop,4,300.6666666666667,2485.2542606429756,1359.6666666666667,0.0,0
16,-closedLoop,5,300.6666666666667,2489.253371754087,1355.666666666667,0.0,0
16,-closedLoop,6,299.3333333333333,2332.364979877022,1368.3333333333335,0.0,0
16,-closedLoop,7,307.3333333333333,2345.0312761733185,1366.6666666666667,0.0,0
16,-closedLoop,8,318.6666666666667,2289.02728735194,1369.0000000000002,0.0,0
16,-closedLoop,9,331.6666666666667,2241.69524573228,1380.5,0.0,0
16,-closedLoop,10,314.6666666666667,2393.868788964186,1366.166666666667,0.0,0
16,-closedLoop,11,300.6666666666667,2473.011506201015,1360.1666666666665,0.0,0
16,-closedLoop,12,299.3333333333333,2309.1247236942127,1381.8333333333335,0.0,0
16,-closedLoop,13,331.6666666666667,2241.69524573228,1380.5,0.0,0
16,-closedLoop,14,300.6666666666667,2489.253371754087,1355.666666666667,0.0,0
16,-closedLoop,15,288.66666666666663,2382.8647946918372,1367.5000000000002,0.0,0
16,-closedLoop,16,305.6666666666667,2427.669552390434,1356.9999999999998,0.0,0
16,-closedLoop,17,318.6666666666667,2289.02728735194,1369.0000000000002,0.0,0
16,-closedLoop,18,305.6666666666667,2427.669552390434,1356.9999999999998,0.0,0
16,-closedLoop,19,333.0,2240.030134621169,1387.5,0.0,0
16,-closedLoop,20,300.6666666666667,2489.253371754087,1355.666666666667,0.0,0
16,-closedLoop,21,299.3333333333333,2332.364979877022,1368.3333333333335,0.0,0
16,-closedLoop,22,307.33333333333337,2297.060859988463,1382.1666666666665,0.0,0
16,-closedLoop,23,300.6666666666667,2489.253371754087,1355.666666666667,0.0,0
16,-closedLoop,24,307.33333333333337,2307.7267506499397,1374.333333333333,0.0,0
16,-closedLoop,25,304.33333333333337,2433.1700338719156,1359.1666666666667,0.0,0
16,-closedLoop,26,333.0,2470.940159929486,1352.6666666666665,0.0,0
16,-closedLoop,27,299.3333333333333,2332.364979877022,1368.3333333333335,0.0,0
16,-closedLoop,28,298.0,2347.4497677880663,1384.3333333333335,0.0,0
16,-closedLoop,29,300.6666666666667,2485.2542606429756,1359.6666666666667,0.0,0
16,-closedLoop,30,333.0,2240.030134621169,1387.5,0.0,0
16,-closedLoop,31,304.33333333333337,2433.1700338719156,1359.1666666666667,0.0,0
16,-closedLoop,32,318.6666666666667,2289.02728735194,1369.0000000000002,0.0,0
16,-closedLoop,33,318.6666666666667,2292.0807451453784,1367.6666666666667,0.0,0
16,-closedLoop,34,312.6666666666667,2449.273493262819,1352.6666666666667,0.0,0
16,-closedLoop,35,314.6666666666667,2393.868788964186,1366.166666666667,0.0,0
16,-closedLoop,36,315.6666666666667,2395.80289777706,1365.3333333333333,0.0,0
16,-closedLoop,37,307.33333333333337,2298.7278617610514,1379.3333333333333,0.0,0
16,-closedLoop,38,314.6666666666667,2403.5650724370466,1361.5,0.0,0
16,-closedLoop,39,304.6666666666667,2399.945864418676,1365.5000000000002,0.0,0
16,-closedLoop,40,299.3333333333333,2332.364979877022,1368.3333333333335,0.0,0
16,-closedLoop,41,307.33333333333337,2284.9383070008676,1395.3333333333335,0.0,0
16,-closedLoop,42,312.6666666666667,2278.836195968549,1381.6666666666667,0.0,0
16,-closedLoop,43,292.66666666666663,2362.7097629486198,1368.0,0.0,0
16,-closedLoop,44,310.3333333333333,2414.7553689161564,1361.1666666666667,0.0,0
16,-closedLoop,45,288.66666666666663,2382.8647946918372,1367.5000000000002,0.0,0
16,-closedLoop,46,318.6666666666667,2294.3409390627744,1364.3333333333335,0.0,0
16,-closedLoop,47,299.3333333333333,2326.935713296591,1374.8333333333335,0.0,0
16,-closedLoop,48,291.66666666666663,2358.0376052217302,1376.3333333333333,0.0,0
16,-closedLoop,49,292.0,2383.1980539510964,1367.1666666666667,0.0,0
16,-closedLoop,50,299.3333333333333,2306.2647015243588,1383.1666666666665,0.0,0
16,-closedLoop,51,300.6666666666667,2489.253371754087,1355.666666666667,0.0,0
16,-closedLoop,52,325.3333333333333,2481.528632474389,1352.0000000000002,0.0,0
16,-closedLoop,53,318.6666666666667,2300.5985335894934,1352.8333333333335,0.0,0
16,-closedLoop,54,314.6666666666667,2393.868788964186,1366.166666666667,0.0,0
16,-closedLoop,55,302.0,2467.4430858554115,1365.8333333333335,0.0,0
16,-closedLoop,56,298.0,2347.4497677880663,1384.3333333333335,0.0,0
16,-closedLoop,57,300.6666666666667,2468.2552976800125,1364.3333333333333,0.0,0
16,-closedLoop,58,318.6666666666667,2271.2708343529584,1375.0,0.0,0
16,-closedLoop,59,298.0,2347.4497677880663,1384.3333333333335,0.0,0
16,-closedLoop,60,304.6666666666667,2399.945864418676,1365.5000000000002,0.0,0
16,-closedLoop,61,314.6666666666667,2393.868788964186,1366.166666666667,0.0,0
16,-closedLoop,62,298.0,2347.4497677880663,1384.3333333333335,0.0,0
16,-closedLoop,63,298.0,2347.4497677880663,1384.3333333333335,0.0,0
16,hard-only,0,352.3333333333333,2190.2472005696095,1361.5,0.0,0
16,hard-only,1,338.6666666666667,1998.4919270287733,1389.6666666666665,0.0,0
16,hard-only,2,316.66666666666663,2083.6981827868062,1368.6666666666665,0.0,0
16,hard-only,3,316.66666666666663,2083.6981827868062,1368.6666666666665,0.0,0
16,hard-only,4,314.66666666666663,2184.0112166991817,1373.1666666666667,0.0,0
16,hard-only,5,316.66666666666663,2075.2298718944858,1377.6666666666665,0.0,0
16,hard-only,6,305.0,2082.287292738135,1376.3333333333333,0.0,0
16,hard-only,7,303.3333333333333,2098.5286509469884,1378.5,0.0,0
16,hard-only,8,316.66666666666663,2096.0023200986534,1366.4999999999998,0.0,0
16,hard-only,9,303.6666666666667,2075.747757944172,1399.6666666666667,0.0,0
16,hard-only,10,307.6666666666667,2070.0708727880765,1378.3333333333333,0.0,0
16,hard-only,11,306.0,2102.120181627024,1374.3333333333333,0.0,0
16,hard-only,12,334.6666666666667,2008.079748427885,1396.6666666666665,0.0,0
16,hard-only,13,334.6666666666667,2008.079748427885,1396.6666666666665,0.0,0
16,hard-only,14,304.33333333333337,2019.0889065160911,1398.0,0.0,0
16,hard-only,15,338.6666666666667,2009.921825954947,1388.0,0.0,0
16,hard-only,16,316.66666666666663,2088.198466990455,1368.0,0.0,0
16,hard-only,17,305.33333333333337,2027.6646415494733,1388.6666666666667,0.0,0
16,hard-only,18,338.6666666666667,1992.8265196213658,1395.3333333333333,0.0,0
16,hard-only,19,325.6666666666667,1971.355459566045,1419.6666666666667,0.0,0
16,hard-only,20,338.6666666666667,1998.4919270287733,1389.6666666666665,0.0,0
16,hard-only,21,316.66666666666663,2083.6981827868062,1368.6666666666665,0.0,0
16,hard-only,22,321.33333333333337,2016.9484036803567,1386.1666666666667,0.0,0
16,hard-only,23,335.0,1970.360186061247,1431.1666666666667,0.0,1
16,hard-only,24,303.0,2069.882951339814,1408.8333333333335,0.0,0
16,hard-only,25,304.33333333333337,2019.0889065160911,1398.0,0.0,0
16,hard-only,26,301.0,2092.0750922654584,1395.1666666666667,0.0,0
16,hard-only,27,319.0,1974.457246004399,1411.3333333333333,0.0,0
16,hard-only,28,353.6666666666667,2178.913719088128,1360.8333333333333,0.0,0
16,hard-only,29,305.33333333333337,2027.6646415494733,1388.6666666666667,0.0,0
16,hard-only,30,307.6666666666667,1978.4166282633387,1398.1666666666665,0.0,0
16,hard-only,31,303.3333333333333,2118.44524353958,1378.1666666666667,0.0,0
16,hard-only,32,305.0,2079.4171533058206,1390.1666666666667,0.0,0
16,hard-only,33,308.0,2050.584038354271,1383.8333333333335,0.0,0
16,hard-only,34,304.33333333333337,2019.0889065160911,1398.0,0.0,0
16,hard-only,35,304.33333333333337,2019.0889065160911,1398.0,0.0,0
16,hard-only,36,319.3333333333333,2033.6673805824053,1381.1666666666667,0.0,0
16,hard-only,37,305.0,2040.7790387477016,1393.8333333333333,0.0,0
16,hard-only,38,316.66666666666663,2083.6981827868062,1368.6666666666665,0.0,0
16,hard-only,39,316.66666666666663,2096.0023200986534,1366.4999999999998,0.0,0
16,hard-only,40,325.6666666666667,1971.355459566045,1419.6666666666667,0.0,0
16,hard-only,41,320.0,2027.161376563366,1384.3333333333333,0.0,0
16,hard-only,42,306.0,2102.120181627024,1374.3333333333333,0.0,0
16,hard-only,43,316.66666666666663,2096.0023200986534,1366.4999999999998,0.0,0
16,hard-only,44,301.3333333333333,2082.1230699875086,1385.8333333333333,0.0,0
16,hard-only,45,301.0,2085.155754699426,1398.1666666666665,0.0,0
16,hard-only,46,303.6666666666667,2068.7176966935344,1402.3333333333335,0.0,0
16,hard-only,47,319.3333333333333,2041.912568699961,1373.5000000000002,0.0,0
16,hard-only,48,304.33333333333337,2009.4506501668127,1398.3333333333333,0.0,0
16,hard-only,49,319.3333333333333,2086.244605736998,1367.6666666666667,0.0,0
16,hard-only,50,329.33333333333337,2111.5678025114194,1364.1666666666667,0.0,0
16,hard-only,51,306.0,2102.120181627024,1374.3333333333333,0.0,0
16,hard-only,52,301.0,2085.155754699426,1398.1666666666665,0.0,0
16,hard-only,53,304.33333333333337,2019.0889065160911,1398.0,0.0,0
16,hard-only,54,305.33333333333337,2009.622158425439,1389.3333333333333,0.0,0
16,hard-only,55,304.33333333333337,2019.0889065160911,1398.0,0.0,0
16,hard-only,56,305.0,2079.4171533058206,1390.1666666666667,0.0,0
16,hard-only,57,301.0,2092.0750922654584,1395.1666666666667,0.0,0
16,hard-only,58,311.66666666666663,2041.410510693038,1380.5,0.0,0
16,hard-only,59,306.33333333333337,2000.8177801932577,1396.6666666666667,0.0,0
16,hard-only,60,306.0,2102.120181627024,1374.3333333333333,0.0,0
16,hard-only,61,319.3333333333333,2053.6310762705043,1367.833333333333,0.0,0
16,hard-only,62,307.6666666666667,1989.3892286607668,1396.8333333333333,0.0,0
16,hard-only,63,305.33333333333337,2027.6646415494733,1388.6666666666667,0.0,0
16,hard-only,64,372.3333333333333,2168.995603545381,1363.4999999999998,0.0,0
16,hard-only,65,304.33333333333337,2009.4506501668127,1398.3333333333333,0.0,0
16,GA-SA-multiSoH,1,302.3333333333333,2223.400704337985,1345.6666666666667,0.0,1
17,Full,0,385.6666666666667,2238.631723875958,1259.1666666666667,0.0,0
17,Full,1,275.6666666666667,2187.8917359147476,1290.6666666666667,0.0,0
17,Full,2,307.3333333333333,2254.580822024111,1267.0000000000002,0.0,0
17,Full,3,301.6666666666667,2076.4319063929756,1307.0,0.0,0
17,Full,4,282.66666666666663,2221.3369281964665,1283.3333333333335,0.0,0
17,Full,5,285.33333333333337,2124.0681831683614,1271.6666666666667,0.0,0
17,Full,6,301.6666666666667,2072.2671286151976,1315.5,0.0,0
17,Full,7,385.6666666666667,2238.631723875958,1259.1666666666667,0.0,0
17,Full,8,297.6666666666667,2123.65906958358,1278.3333333333335,0.0,0
17,Full,9,281.66666666666663,2198.224550729562,1288.3333333333335,0.0,0
17,Full,10,301.6666666666667,2076.4319063929756,1307.0,0.0,0
17,Full,11,289.66666666666663,2220.5756269670187,1268.3333333333335,0.0,0
17,Full,12,385.6666666666667,2238.631723875958,1259.1666666666667,0.0,0
17,Full,13,301.66666666666663,2096.5692942794726,1276.6666666666667,0.0,0
17,Full,14,326.6666666666667,2174.097491552864,1270.833333333333,0.0,0
17,Full,15,323.0,2090.2790909767104,1282.0,0.0,0
17,Full,16,273.0,2184.3741885820864,1291.1666666666667,0.0,0
17,Full,17,296.3333333333333,2122.0673593368188,1279.5,0.0,0
17,Full,18,385.6666666666667,2263.3099033119192,1258.8333333333333,0.0,0
17,Full,19,324.0,2076.6894409064907,1281.8333333333335,0.0,0
17,Full,20,323.0,2090.2790909767104,1282.0,0.0,0
17,Full,21,299.0,2099.21357186119,1305.6666666666665,0.0,0
17,Full,22,278.3333333333333,2237.4589752776656,1285.3333333333333,0.0,0
17,Full,23,348.6666666666667,2210.392630541623,1261.9999999999998,0.0,0
17,Full,24,300.66666666666663,2089.548692168428,1282.1666666666667,0.0,0
17,Full,25,301.6666666666667,2072.2671286151976,1315.5,0.0,0
17,Full,26,285.33333333333337,2106.9029151135005,1290.8333333333333,0.0,0
17,Full,27,282.66666666666663,2126.0636963870265,1284.3333333333335,0.0,0
17,Full,28,385.6666666666667,2306.634118500135,1257.5,0.0,0
17,Full,29,275.6666666666667,2187.8917359147476,1290.6666666666667,0.0,0
17,Full,30,292.3333333333333,2099.6221491613223,1310.0000000000002,0.0,0
17,Full,31,296.0,2275.247636838926,1267.6666666666667,0.0,0
17,Full,32,373.66666666666674,2336.968414796431,1261.8333333333335,0.0,0
17,Full,33,301.66666666666663,2107.72435867367,1276.0,0.0,0
17,-health,0,314.33333333333337,2035.370970725018,1279.1666666666665,0.0,0
17,-health,1,291.66666666666663,1888.9133355523284,1302.1666666666665,0.0,0
17,-health,2,314.33333333333337,2035.370970725018,1279.1666666666665,0.0,0
17,-health,3,283.66666666666663,1851.2701127020316,1308.5,0.0,0
17,-health,4,314.33333333333337,2035.370970725018,1279.1666666666665,0.0,0
17,-health,5,314.33333333333337,2035.370970725018,1279.1666666666665,0.0,0
17,-health,6,292.33333333333337,1927.2154957399373,1289.5,0.0,0
17,-health,7,288.33333333333337,1964.5797413559687,1306.0000000000002,0.0,0
17,-health,8,314.33333333333337,2035.370970725018,1279.1666666666665,0.0,0
17,-health,9,288.33333333333337,1964.5797413559687,1306.0000000000002,0.0,0
17,-health,10,288.33333333333337,1964.5797413559687,1306.0000000000002,0.0,0
17,-health,11,329.3333333333333,1756.2416887202796,1316.8333333333333,0.0,0
17,-health,12,292.3333333333333,1833.317104005066,1314.5,0.0,0
17,-health,13,329.3333333333333,1756.2416887202796,1316.8333333333333,0.0,0
17,-health,14,293.6666666666667,1807.5409485513537,1328.1666666666665,0.0,0
17,-health,15,314.33333333333337,2028.5378966509438,1280.3333333333335,0.0,0
17,-health,16,288.33333333333337,1964.5797413559687,1306.0000000000002,0.0,0
17,-health,17,292.3333333333333,1829.6512521532143,1318.1666666666667,0.0,0
17,-health,18,288.33333333333337,1987.5783339485617,1299.6666666666665,0.0,0
17,-health,19,314.33333333333337,2035.370970725018,1279.1666666666665,0.0,0
17,-health,20,299.0,1792.5372448476498,1311.5,0.0,0
17,-health,21,288.33333333333337,1935.9036944777167,1307.0000000000002,0.0,0
17,-health,22,332.99999999999994,2030.4933424267451,1271.6666666666667,0.0,1
17,-health,23,276.33333333333337,1966.1896231234855,1304.3333333333335,0.0,0
17,-health,24,292.3333333333333,1829.6512521532143,1318.1666666666667,0.0,0
17,-health,25,291.66666666666663,1888.9133355523284,1302.1666666666665,0.0,0
17,-health,26,291.66666666666663,1888.9133355523284,1302.1666666666665,0.0,0
17,-health,27,299.0,1788.163528060219,1323.5,0.0,0
17,-health,28,288.33333333333337,1964.5797413559687,1306.0000000000002,0.0,0
17,-health,29,296.66666666666663,1793.5427263291313,1336.1666666666667,0.0,0
17,-health,30,329.3333333333333,1761.9066516832424,1309.1666666666665,0.0,0
17,-health,31,292.33333333333337,1921.383532776974,1295.6666666666667,0.0,0
17,-health,32,299.0,1782.4981206528116,1329.1666666666665,0.0,0
17,-health,33,293.6666666666667,1799.2336534982073,1332.3333333333333,0.0,0
17,-health,34,297.0,1911.9897083963692,1298.1666666666667,0.0,0
17,-health,35,293.6666666666667,1807.5409485513537,1328.1666666666665,0.0,0
17,-health,36,293.6666666666667,1799.2336534982073,1332.3333333333333,0.0,0
17,-health,37,291.66666666666663,1888.9133355523284,1302.1666666666665,0.0,0
17,-health,38,314.33333333333337,2035.370970725018,1279.1666666666665,0.0,0
17,-health,39,293.0,1802.9000238685778,1331.0,0.0,0
17,-health,40,283.66666666666663,1851.2701127020316,1308.5,0.0,0
17,-health,41,289.33333333333337,1952.0793339485615,1304.1666666666665,0.0,0
17,-health,42,276.33333333333337,1966.1896231234855,1304.3333333333335,0.0,0
17,-health,43,283.66666666666663,1851.2701127020316,1308.5,0.0,0
17,-health,44,297.6666666666667,1816.4374072198289,1304.5000000000002,0.0,0
17,-health,45,319.3333333333333,1765.4058813875736,1297.8333333333333,0.0,0
17,-health,46,307.6666666666667,1888.8297783815983,1281.1666666666667,0.0,0
17,-health,47,283.66666666666663,1851.2701127020316,1308.5,0.0,0
17,-health,48,298.6666666666667,1820.2322492313276,1284.6666666666667,0.0,0
17,-health,49,334.6666666666667,1756.660762350998,1312.1666666666667,0.0,0
17,-health,50,302.6666666666667,1786.1330297672457,1296.0,0.0,0
17,-health,51,299.0,1782.4981206528116,1329.1666666666665,0.0,0
17,-health,52,291.0,1843.7289678689503,1322.0,0.0,0
17,-health,53,335.3333333333333,1849.983770375611,1278.8333333333333,0.0,0
17,-health,54,314.33333333333337,2069.6807477426178,1274.8333333333333,0.0,0
17,-health,55,293.6666666666667,1799.2336534982073,1332.3333333333333,0.0,0
17,-health,56,329.3333333333333,1761.9066516832424,1309.1666666666665,0.0,0
17,-health,57,299.0,1778.4990095417002,1333.1666666666665,0.0,0
17,-health,58,291.0,1813.5396152180203,1322.1666666666667,0.0,0
17,-health,59,307.6666666666667,1888.8297783815983,1281.1666666666667,0.0,0
17,-health,60,291.66666666666663,1890.5796318486248,1300.5,0.0,0
17,-health,61,302.6666666666667,1799.7131755097435,1289.1666666666667,0.0,0
17,-health,62,329.3333333333333,1761.4083183499095,1316.6666666666665,0.0,0
17,-health,63,292.3333333333333,1829.6512521532143,1318.1666666666667,0.0,0
17,-health,64,291.66666666666663,1888.9133355523284,1302.1666666666665,0.0,0
17,-health,65,283.66666666666663,1851.2701127020316,1308.5,0.0,0
17,-health,66,276.33333333333337,1968.8556971975595,1301.666666666667,0.0,0
17,-health,67,288.33333333333337,1987.5783339485617,1299.6666666666665,0.0,0
17,-health,68,288.33333333333337,1971.57848209671,1300.3333333333333,0.0,0
17,-health,69,329.66666666666663,1734.4077998313905,1314.3333333333333,0.0,0
17,-adaptW,0,276.33333333333337,2161.083698691157,1268.6666666666667,0.0,0
17,-adaptW,1,276.33333333333337,2161.083698691157,1268.6666666666667,0.0,0
17,-adaptW,2,298.99999999999994,2098.751352286311,1278.166666666667,0.0,0
17,-adaptW,3,304.0,2148.043400718686,1262.166666666667,0.0,0
17,-adaptW,4,276.33333333333337,2189.203455945708,1251.3333333333335,0.0,0
17,-adaptW,5,294.0,2140.3468736857503,1270.6666666666665,0.0,0
17,-adaptW,6,276.33333333333337,2115.757201910834,1292.1666666666667,0.0,0
17,-adaptW,7,276.33333333333337,2143.408897796931,1270.3333333333335,0.0,0
17,-adaptW,8,277.0,2160.7502912837494,1268.3333333333337,0.0,0
17,-adaptW,9,306.33333333333337,2183.0806246170832,1254.8333333333333,0.0,0
17,-adaptW,10,277.0,2160.7502912837494,1268.3333333333337,0.0,0
17,-adaptW,11,304.0,2148.043400718686,1262.166666666667,0.0,0
17,-adaptW,12,321.6666666666667,2165.811909481277,1254.5,0.0,0
17,-adaptW,13,323.33333333333337,2269.202381871634,1246.5,0.0,0
17,-adaptW,14,277.0,2160.7502912837494,1268.3333333333337,0.0,0
17,-adaptW,15,288.0,2118.569684764444,1278.1666666666667,0.0,0
17,-adaptW,16,306.33333333333337,2184.003066587857,1253.5,0.0,0
17,-adaptW,17,306.33333333333337,2124.328988372201,1261.6666666666667,0.0,0
17,-adaptW,18,298.99999999999994,2076.338537471496,1295.5000000000002,0.0,0
17,-adaptW,19,304.0,2140.061985088383,1266.3333333333335,0.0,0
17,-adaptW,20,298.99999999999994,2080.004389323348,1291.8333333333335,0.0,0
17,-adaptW,21,277.0,2160.7502912837494,1268.3333333333337,0.0,0
17,-adaptW,22,321.6666666666667,2165.811909481277,1254.5,0.0,0
17,-adaptW,23,294.0,2149.0253157619118,1263.8333333333335,0.0,0
17,-adaptW,24,286.66666666666663,2157.716247452761,1269.6666666666665,0.0,0
17,-adaptW,25,288.0,2118.569684764444,1278.1666666666667,0.0,0
17,-adaptW,26,288.0,2115.241150947084,1292.5000000000002,0.0,0
17,-adaptW,27,276.33333333333337,2129.5742816038733,1277.8333333333335,0.0,0
17,-adaptW,28,288.0,2118.569684764444,1278.1666666666667,0.0,0
17,-adaptW,29,276.33333333333337,2184.2471060985645,1254.0000000000002,0.0,0
17,-adaptW,30,276.33333333333337,2122.923387096019,1290.0000000000002,0.0,0
17,-adaptW,31,288.0,2115.7380921718513,1285.9999999999998,0.0,0
17,-adaptW,32,321.6666666666667,2165.811909481277,1254.5,0.0,0
17,-adaptW,33,288.0,2118.569684764444,1278.1666666666667,0.0,0
17,-adaptW,34,306.33333333333337,2124.328988372201,1261.6666666666667,0.0,0
17,-adaptW,35,320.0,2097.418500434459,1280.3333333333335,0.0,0
17,-adaptW,36,298.99999999999994,2076.338537471496,1295.5000000000002,0.0,0
17,-adaptW,37,294.0,2156.8736685029808,1259.5000000000002,0.0,0
17,-adaptW,38,306.33333333333337,2184.003066587857,1253.5,0.0,0
17,-adaptW,39,276.33333333333337,2189.203455945708,1251.3333333333335,0.0,0
17,-adaptW,40,277.0,2160.7502912837494,1268.3333333333337,0.0,0
17,-adaptW,41,300.33333333333337,2057.4289993968264,1293.8333333333335,0.0,0
17,-adaptW,42,276.3333333333333,2177.334624617083,1272.8333333333335,0.0,0
17,-adaptW,43,306.33333333333337,2117.3305439277565,1268.6666666666667,0.0,0
17,-adaptW,44,276.33333333333337,2129.5742816038733,1277.8333333333335,0.0,0
17,-adaptW,45,276.3333333333333,2201.6663653578235,1265.666666666667,0.0,0
17,-adaptW,46,304.0,2139.73065175505,1275.3333333333335,0.0,0
17,-adaptW,47,304.0,2140.061985088383,1266.3333333333335,0.0,0
17,-adaptW,48,276.33333333333337,2193.703011501263,1249.3333333333335,0.0,0
17,-adaptW,49,288.0,2118.569684764444,1278.1666666666667,0.0,0
17,-adaptW,50,276.33333333333337,2163.319699519924,1255.3333333333335,0.0,1
17,-adaptW,51,306.33333333333337,2124.328988372201,1261.6666666666667,0.0,0
17,-adaptW,52,292.33333333333337,2082.2767594086517,1290.0,0.0,0
17,-adaptW,53,276.33333333333337,2161.083698691157,1268.6666666666667,0.0,0
17,-adaptW,54,300.3333333333333,2069.004463397422,1292.1666666666667,0.0,0
17,-adaptW,55,277.0,2160.7502912837494,1268.3333333333337,0.0,0
17,-adaptW,56,287.0,2122.2425779001696,1285.166666666667,0.0,0
17,-adaptW,57,276.33333333333337,2163.319699519924,1255.3333333333335,0.0,0
17,-impAstar,0,385.6666666666667,2238.631723875958,1259.1666666666667,0.0,0
17,-impAstar,1,275.6666666666667,2187.8917359147476,1290.6666666666667,0.0,0
17,-impAstar,2,307.3333333333333,2254.580822024111,1267.0000000000002,0.0,0
17,-impAstar,3,301.6666666666667,2076.4319063929756,1307.0,0.0,0
17,-impAstar,4,282.66666666666663,2221.3369281964665,1283.3333333333335,0.0,0
17,-impAstar,5,285.33333333333337,2124.0681831683614,1271.6666666666667,0.0,0
17,-impAstar,6,301.6666666666667,2072.2671286151976,1315.5,0.0,0
17,-impAstar,7,385.6666666666667,2238.631723875958,1259.1666666666667,0.0,0
17,-impAstar,8,297.6666666666667,2123.65906958358,1278.3333333333335,0.0,0
17,-impAstar,9,281.66666666666663,2198.224550729562,1288.3333333333335,0.0,0
17,-impAstar,10,301.6666666666667,2076.4319063929756,1307.0,0.0,0
17,-impAstar,11,289.66666666666663,2220.5756269670187,1268.3333333333335,0.0,0
17,-impAstar,12,385.6666666666667,2238.631723875958,1259.1666666666667,0.0,0
17,-impAstar,13,301.66666666666663,2096.5692942794726,1276.6666666666667,0.0,0
17,-impAstar,14,326.6666666666667,2174.097491552864,1270.833333333333,0.0,0
17,-impAstar,15,323.0,2090.2790909767104,1282.0,0.0,0
17,-impAstar,16,273.0,2184.3741885820864,1291.1666666666667,0.0,0
17,-impAstar,17,296.3333333333333,2122.0673593368188,1279.5,0.0,0
17,-impAstar,18,385.6666666666667,2263.3099033119192,1258.8333333333333,0.0,0
17,-impAstar,19,324.0,2076.6894409064907,1281.8333333333335,0.0,0
17,-impAstar,20,323.0,2090.2790909767104,1282.0,0.0,0
17,-impAstar,21,299.0,2099.21357186119,1305.6666666666665,0.0,0
17,-impAstar,22,278.3333333333333,2237.4589752776656,1285.3333333333333,0.0,0
17,-impAstar,23,348.6666666666667,2210.392630541623,1261.9999999999998,0.0,0
17,-impAstar,24,300.66666666666663,2089.548692168428,1282.1666666666667,0.0,0
17,-impAstar,25,301.6666666666667,2072.2671286151976,1315.5,0.0,0
17,-impAstar,26,285.33333333333337,2106.9029151135005,1290.8333333333333,0.0,0
17,-impAstar,27,282.66666666666663,2126.0636963870265,1284.3333333333335,0.0,0
17,-impAstar,28,385.6666666666667,2306.634118500135,1257.5,0.0,1
17,-impAstar,29,275.6666666666667,2187.8917359147476,1290.6666666666667,0.0,0
17,-impAstar,30,292.3333333333333,2099.6221491613223,1310.0000000000002,0.0,0
17,-impAstar,31,296.0,2275.247636838926,1267.6666666666667,0.0,0
17,-impAstar,32,373.66666666666674,2336.968414796431,1261.8333333333335,0.0,0
17,-impAstar,33,301.66666666666663,2107.72435867367,1276.0,0.0,0
17,-closedLoop,0,385.6666666666667,2238.631723875958,1259.1666666666667,0.0,0
17,-closedLoop,1,275.6666666666667,2187.8917359147476,1290.6666666666667,0.0,0
17,-closedLoop,2,307.3333333333333,2254.580822024111,1267.0000000000002,0.0,0
17,-closedLoop,3,301.6666666666667,2076.4319063929756,1307.0,0.0,0
17,-closedLoop,4,282.66666666666663,2221.3369281964665,1283.3333333333335,0.0,0
17,-closedLoop,5,285.33333333333337,2124.0681831683614,1271.6666666666667,0.0,0
17,-closedLoop,6,301.6666666666667,2072.2671286151976,1315.5,0.0,0
17,-closedLoop,7,385.6666666666667,2238.631723875958,1259.1666666666667,0.0,0
17,-closedLoop,8,297.6666666666667,2123.65906958358,1278.3333333333335,0.0,0
17,-closedLoop,9,281.66666666666663,2198.224550729562,1288.3333333333335,0.0,0
17,-closedLoop,10,301.6666666666667,2076.4319063929756,1307.0,0.0,0
17,-closedLoop,11,289.66666666666663,2220.5756269670187,1268.3333333333335,0.0,0
17,-closedLoop,12,385.6666666666667,2238.631723875958,1259.1666666666667,0.0,0
17,-closedLoop,13,301.66666666666663,2096.5692942794726,1276.6666666666667,0.0,0
17,-closedLoop,14,326.6666666666667,2174.097491552864,1270.833333333333,0.0,0
17,-closedLoop,15,323.0,2090.2790909767104,1282.0,0.0,0
17,-closedLoop,16,273.0,2184.3741885820864,1291.1666666666667,0.0,0
17,-closedLoop,17,296.3333333333333,2122.0673593368188,1279.5,0.0,0
17,-closedLoop,18,385.6666666666667,2263.3099033119192,1258.8333333333333,0.0,0
17,-closedLoop,19,324.0,2076.6894409064907,1281.8333333333335,0.0,0
17,-closedLoop,20,323.0,2090.2790909767104,1282.0,0.0,0
17,-closedLoop,21,299.0,2099.21357186119,1305.6666666666665,0.0,0
17,-closedLoop,22,278.3333333333333,2237.4589752776656,1285.3333333333333,0.0,0
17,-closedLoop,23,348.6666666666667,2210.392630541623,1261.9999999999998,0.0,0
17,-closedLoop,24,300.66666666666663,2089.548692168428,1282.1666666666667,0.0,0
17,-closedLoop,25,301.6666666666667,2072.2671286151976,1315.5,0.0,0
17,-closedLoop,26,285.33333333333337,2106.9029151135005,1290.8333333333333,0.0,0
17,-closedLoop,27,282.66666666666663,2126.0636963870265,1284.3333333333335,0.0,0
17,-closedLoop,28,385.6666666666667,2306.634118500135,1257.5,0.0,0
17,-closedLoop,29,275.6666666666667,2187.8917359147476,1290.6666666666667,0.0,0
17,-closedLoop,30,292.3333333333333,2099.6221491613223,1310.0000000000002,0.0,0
17,-closedLoop,31,296.0,2275.247636838926,1267.6666666666667,0.0,0
17,-closedLoop,32,373.66666666666674,2336.968414796431,1261.8333333333335,0.0,0
17,-closedLoop,33,301.66666666666663,2107.72435867367,1276.0,0.0,0
17,hard-only,0,314.33333333333337,2035.370970725018,1279.1666666666665,0.0,0
17,hard-only,1,291.66666666666663,1888.9133355523284,1302.1666666666665,0.0,0
17,hard-only,2,314.33333333333337,2035.370970725018,1279.1666666666665,0.0,0
17,hard-only,3,283.66666666666663,1851.2701127020316,1308.5,0.0,0
17,hard-only,4,314.33333333333337,2035.370970725018,1279.1666666666665,0.0,0
17,hard-only,5,314.33333333333337,2035.370970725018,1279.1666666666665,0.0,0
17,hard-only,6,292.33333333333337,1927.2154957399373,1289.5,0.0,0
17,hard-only,7,288.33333333333337,1964.5797413559687,1306.0000000000002,0.0,0
17,hard-only,8,314.33333333333337,2035.370970725018,1279.1666666666665,0.0,0
17,hard-only,9,288.33333333333337,1964.5797413559687,1306.0000000000002,0.0,0
17,hard-only,10,288.33333333333337,1964.5797413559687,1306.0000000000002,0.0,0
17,hard-only,11,329.3333333333333,1756.2416887202796,1316.8333333333333,0.0,0
17,hard-only,12,292.3333333333333,1833.317104005066,1314.5,0.0,0
17,hard-only,13,329.3333333333333,1756.2416887202796,1316.8333333333333,0.0,0
17,hard-only,14,293.6666666666667,1807.5409485513537,1328.1666666666665,0.0,0
17,hard-only,15,314.33333333333337,2028.5378966509438,1280.3333333333335,0.0,0
17,hard-only,16,288.33333333333337,1964.5797413559687,1306.0000000000002,0.0,0
17,hard-only,17,292.3333333333333,1829.6512521532143,1318.1666666666667,0.0,0
17,hard-only,18,288.33333333333337,1987.5783339485617,1299.6666666666665,0.0,0
17,hard-only,19,314.33333333333337,2035.370970725018,1279.1666666666665,0.0,0
17,hard-only,20,299.0,1792.5372448476498,1311.5,0.0,0
17,hard-only,21,288.33333333333337,1935.9036944777167,1307.0000000000002,0.0,0
17,hard-only,22,332.99999999999994,2030.4933424267451,1271.6666666666667,0.0,1
17,hard-only,23,276.33333333333337,1966.1896231234855,1304.3333333333335,0.0,0
17,hard-only,24,292.3333333333333,1829.6512521532143,1318.1666666666667,0.0,0
17,hard-only,25,291.66666666666663,1888.9133355523284,1302.1666666666665,0.0,0
17,hard-only,26,291.66666666666663,1888.9133355523284,1302.1666666666665,0.0,0
17,hard-only,27,299.0,1788.163528060219,1323.5,0.0,0
17,hard-only,28,288.33333333333337,1964.5797413559687,1306.0000000000002,0.0,0
17,hard-only,29,296.66666666666663,1793.5427263291313,1336.1666666666667,0.0,0
17,hard-only,30,329.3333333333333,1761.9066516832424,1309.1666666666665,0.0,0
17,hard-only,31,292.33333333333337,1921.383532776974,1295.6666666666667,0.0,0
17,hard-only,32,299.0,1782.4981206528116,1329.1666666666665,0.0,0
17,hard-only,33,293.6666666666667,1799.2336534982073,1332.3333333333333,0.0,0
17,hard-only,34,297.0,1911.9897083963692,1298.1666666666667,0.0,0
17,hard-only,35,293.6666666666667,1807.5409485513537,1328.1666666666665,0.0,0
17,hard-only,36,293.6666666666667,1799.2336534982073,1332.3333333333333,0.0,0
17,hard-only,37,291.66666666666663,1888.9133355523284,1302.1666666666665,0.0,0
17,hard-only,38,314.33333333333337,2035.370970725018,1279.1666666666665,0.0,0
17,hard-only,39,293.0,1802.9000238685778,1331.0,0.0,0
17,hard-only,40,283.66666666666663,1851.2701127020316,1308.5,0.0,0
17,hard-only,41,289.33333333333337,1952.0793339485615,1304.1666666666665,0.0,0
17,hard-only,42,276.33333333333337,1966.1896231234855,1304.3333333333335,0.0,0
17,hard-only,43,283.66666666666663,1851.2701127020316,1308.5,0.0,0
17,hard-only,44,297.6666666666667,1816.4374072198289,1304.5000000000002,0.0,0
17,hard-only,45,319.3333333333333,1765.4058813875736,1297.8333333333333,0.0,0
17,hard-only,46,307.6666666666667,1888.8297783815983,1281.1666666666667,0.0,0
17,hard-only,47,283.66666666666663,1851.2701127020316,1308.5,0.0,0
17,hard-only,48,298.6666666666667,1820.2322492313276,1284.6666666666667,0.0,0
17,hard-only,49,334.6666666666667,1756.660762350998,1312.1666666666667,0.0,0
17,hard-only,50,302.6666666666667,1786.1330297672457,1296.0,0.0,0
17,hard-only,51,299.0,1782.4981206528116,1329.1666666666665,0.0,0
17,hard-only,52,291.0,1843.7289678689503,1322.0,0.0,0
17,hard-only,53,335.3333333333333,1849.983770375611,1278.8333333333333,0.0,0
17,hard-only,54,314.33333333333337,2069.6807477426178,1274.8333333333333,0.0,0
17,hard-only,55,293.6666666666667,1799.2336534982073,1332.3333333333333,0.0,0
17,hard-only,56,329.3333333333333,1761.9066516832424,1309.1666666666665,0.0,0
17,hard-only,57,299.0,1778.4990095417002,1333.1666666666665,0.0,0
17,hard-only,58,291.0,1813.5396152180203,1322.1666666666667,0.0,0
17,hard-only,59,307.6666666666667,1888.8297783815983,1281.1666666666667,0.0,0
17,hard-only,60,291.66666666666663,1890.5796318486248,1300.5,0.0,0
17,hard-only,61,302.6666666666667,1799.7131755097435,1289.1666666666667,0.0,0
17,hard-only,62,329.3333333333333,1761.4083183499095,1316.6666666666665,0.0,0
17,hard-only,63,292.3333333333333,1829.6512521532143,1318.1666666666667,0.0,0
17,hard-only,64,291.66666666666663,1888.9133355523284,1302.1666666666665,0.0,0
17,hard-only,65,283.66666666666663,1851.2701127020316,1308.5,0.0,0
17,hard-only,66,276.33333333333337,1968.8556971975595,1301.666666666667,0.0,0
17,hard-only,67,288.33333333333337,1987.5783339485617,1299.6666666666665,0.0,0
17,hard-only,68,288.33333333333337,1971.57848209671,1300.3333333333333,0.0,0
17,hard-only,69,329.66666666666663,1734.4077998313905,1314.3333333333333,0.0,0
17,GA-SA-multiSoH,4,283.3333333333333,2057.0900718450453,1252.1666666666667,0.0,1
18,Full,0,326.0,2151.752661336661,1382.8333333333335,0.0,0
18,Full,1,311.0,2170.723323277171,1386.1666666666665,0.0,0
18,Full,2,326.0,2143.7535502255496,1386.8333333333333,0.0,0
18,Full,3,326.66666666666663,2167.7415357641507,1377.3333333333335,0.0,0
18,Full,4,311.66666666666663,2161.9586078224092,1395.3333333333333,0.0,0
18,Full,5,326.0,2146.586624299624,1385.6666666666667,0.0,0
18,Full,6,321.3333333333333,2268.3055302325224,1382.333333333333,0.0,0
18,Full,7,422.00000000000006,2407.558548882362,1367.3333333333333,0.0,0
18,Full,8,326.0,2151.752661336661,1382.8333333333335,0.0,0
18,Full,9,354.6666666666667,2100.357012002833,1434.3333333333335,0.0,0
18,Full,10,326.0,2119.8494299776467,1392.0,0.0,0
18,Full,11,323.3333333333333,2156.367557450836,1395.0,0.0,0
18,Full,12,311.0,2201.8452565686625,1383.1666666666665,0.0,0
18,Full,13,326.66666666666663,2140.9595979864994,1379.0,0.0,0
18,Full,14,354.6666666666667,2100.357012002833,1434.3333333333335,0.0,0
18,Full,15,337.3333333333333,2139.884653032467,1391.0,0.0,0
18,Full,16,323.3333333333333,2156.367557450836,1395.0,0.0,0
18,Full,17,326.66666666666663,2167.7415357641507,1377.3333333333335,0.0,0
18,Full,18,315.0,2158.314015846428,1392.0,0.0,0
18,Full,19,323.33333333333337,2153.0635389138106,1377.5,0.0,0
18,Full,20,326.66666666666663,2170.195707003508,1368.6666666666665,0.0,0
18,Full,21,326.0,2151.752661336661,1382.8333333333335,0.0,0
18,Full,22,315.6666666666667,2160.8111980184053,1383.6666666666665,0.0,0
18,Full,23,311.66666666666663,2137.1455849263666,1396.0,0.0,0
18,Full,24,310.0,2267.7543232899734,1398.1666666666667,0.0,0
18,Full,25,352.6666666666667,2128.5758320604473,1381.6666666666665,0.0,0
18,-health,0,362.6666666666667,2022.609160355112,1371.1666666666667,0.0,0
18,-health,1,350.6666666666667,1964.6856988514498,1373.6666666666667,0.0,0
18,-health,2,322.0,1921.3010784567239,1389.3333333333333,0.0,0
18,-health,3,307.0,2027.8177247235262,1389.166666666667,0.0,0
18,-health,4,356.3333333333333,2074.397368748682,1372.1666666666667,0.0,1
18,-health,5,303.3333333333333,2035.861603780971,1402.5000000000002,0.0,0
18,-health,6,302.0,2057.835869243156,1398.0000000000002,0.0,0
18,-health,7,331.33333333333337,1924.5223032175602,1388.8333333333333,0.0,0
18,-health,8,356.3333333333333,2075.053101351253,1371.6666666666667,0.0,0
18,-health,9,307.0,2035.4838728716745,1386.8333333333335,0.0,0
18,-health,10,303.3333333333333,2065.4275070206504,1389.5,0.0,0
18,-health,11,302.0,2033.5881198861196,1405.6666666666667,0.0,0
18,-health,12,303.3333333333333,2038.594136472422,1394.3333333333335,0.0,0
18,-health,13,303.3333333333333,2065.4275070206504,1389.5,0.0,0
18,-health,14,320.66666666666663,1906.1348932715387,1391.5000000000002,0.0,0
18,-health,15,313.66666666666663,1932.2525667710972,1383.666666666667,0.0,0
18,-health,16,331.33333333333337,1924.5223032175602,1388.8333333333333,0.0,0
18,-health,17,302.0,2057.835869243156,1398.0000000000002,0.0,0
18,-health,18,356.3333333333333,2053.053323573475,1372.6666666666665,0.0,0
18,-health,19,313.66666666666663,1932.2525667710972,1383.666666666667,0.0,0
18,-health,20,313.66666666666663,1932.2525667710972,1383.666666666667,0.0,0
18,-health,21,303.3333333333333,2035.861603780971,1402.5000000000002,0.0,0
18,-health,22,303.3333333333333,2065.4275070206504,1389.5,0.0,0
18,-health,23,371.00000000000006,1915.578967593042,1373.0,0.0,0
18,-health,24,350.6666666666667,1974.8522544070054,1373.1666666666665,0.0,0
18,-health,25,313.66666666666663,1982.4927201312867,1378.166666666667,0.0,0
18,-health,26,330.99999999999994,1904.0335460911353,1393.1666666666667,0.0,0
18,-health,27,313.66666666666663,1932.5858260303567,1383.3333333333335,0.0,0
18,-health,28,323.33333333333326,1935.9959377734308,1374.1666666666665,0.0,0
18,-health,29,355.0,1886.1994394665041,1385.8333333333333,0.0,0
18,-health,30,308.33333333333337,1929.871039583777,1403.5,0.0,0
18,-health,31,317.6666666666667,1924.7742497141032,1383.8333333333335,0.0,0
18,-health,32,307.0,2027.8177247235262,1389.166666666667,0.0,0
18,-health,33,308.33333333333337,1955.8672247689622,1386.3333333333335,0.0,0
18,-health,34,308.33333333333337,1955.8672247689622,1386.3333333333335,0.0,0
18,-health,35,350.6666666666667,1974.8522544070054,1373.1666666666665,0.0,0
18,-health,36,308.33333333333337,1931.0024112345322,1391.0000000000002,0.0,0
18,-health,37,308.33333333333337,1955.8672247689622,1386.3333333333335,0.0,0
18,-health,38,317.6666666666667,1922.6096200844738,1393.0,0.0,0
18,-health,39,361.6666666666667,1886.532698725763,1385.5,0.0,0
18,-health,40,330.99999999999994,1905.0326572022466,1389.166666666667,0.0,0
18,-health,41,313.66666666666663,1935.7047756613078,1382.6666666666667,0.0,0
18,-health,42,311.3333333333333,1955.3041490720402,1384.666666666667,0.0,0
18,-health,43,307.0,1994.957480334142,1399.1666666666667,0.0,0
18,-health,44,308.6666666666667,1853.7227035943074,1394.0,0.0,0
18,-health,45,355.0,1886.1994394665041,1385.8333333333333,0.0,0
18,-adaptW,0,418.6666666666667,2470.6487018937155,1360.0,0.0,1
18,-adaptW,1,320.0,2099.0966232795367,1389.0000000000002,0.0,0
18,-adaptW,2,320.33333333333337,2165.400944991936,1370.3333333333335,0.0,0
18,-adaptW,3,321.33333333333337,2119.391768730168,1387.8333333333333,0.0,0
18,-adaptW,4,320.0,2099.0966232795367,1389.0000000000002,0.0,0
18,-adaptW,5,418.6666666666667,2470.6487018937155,1360.0,0.0,0
18,-adaptW,6,319.66666666666663,2135.9750439244776,1378.8333333333335,0.0,0
18,-adaptW,7,319.66666666666663,2135.9750439244776,1378.8333333333335,0.0,0
18,-adaptW,8,320.0,2099.0966232795367,1389.0000000000002,0.0,0
18,-adaptW,9,311.0,2166.14063651707,1374.0,0.0,0
18,-adaptW,10,311.0,2166.723043924477,1369.8333333333333,0.0,0
18,-adaptW,11,311.0,2166.723043924477,1369.8333333333333,0.0,0
18,-adaptW,12,311.0,2152.701976343934,1379.0,0.0,0
18,-adaptW,13,321.33333333333337,2126.056953915354,1381.1666666666665,0.0,0
18,-adaptW,14,346.6666666666667,2081.098030686944,1395.3333333333335,0.0,0
18,-adaptW,15,305.6666666666667,2140.7379559735764,1399.1666666666667,0.0,0
18,-adaptW,16,311.0,2159.8908587392925,1375.0,0.0,0
18,-adaptW,17,320.0,2132.356112908883,1385.8333333333333,0.0,0
18,-adaptW,18,321.33333333333337,2119.391768730168,1387.8333333333333,0.0,0
18,-adaptW,19,418.6666666666667,2470.6487018937155,1360.0,0.0,0
18,-adaptW,20,311.0,2156.3844257990163,1375.8333333333335,0.0,0
18,-adaptW,21,346.6666666666667,2081.098030686944,1395.3333333333335,0.0,0
18,-adaptW,22,301.0,2172.1188838434996,1361.0,0.0,0
18,-adaptW,23,328.99999999999994,2146.474821702255,1377.8333333333333,0.0,0
18,-adaptW,24,311.0,2166.14063651707,1374.0,0.0,0
18,-adaptW,25,324.0,2112.20754562037,1379.3333333333335,0.0,0
18,-adaptW,26,316.6666666666667,2092.889293191899,1391.666666666667,0.0,0
18,-adaptW,27,311.0,2166.14063651707,1374.0,0.0,0
18,-adaptW,28,309.3333333333333,2140.2079900648146,1381.3333333333333,0.0,0
18,-adaptW,29,301.0,2167.787328287944,1369.0,0.0,0
18,-adaptW,30,320.0,2099.0966232795367,1389.0000000000002,0.0,0
18,-adaptW,31,321.33333333333337,2126.056953915354,1381.1666666666665,0.0,0
18,-adaptW,32,311.0,2166.723043924477,1369.8333333333333,0.0,0
18,-adaptW,33,316.33333333333337,2140.0885313357294,1397.8333333333333,0.0,0
18,-adaptW,34,313.66666666666663,2164.724080961514,1374.5000000000002,0.0,0
18,-adaptW,35,303.6666666666667,2161.1245134731294,1386.3333333333333,0.0,0
18,-adaptW,36,311.0,2146.1567640008934,1379.8333333333335,0.0,0
18,-adaptW,37,311.0,2145.80863651707,1380.0,0.0,0
18,-impAstar,0,326.0,2151.752661336661,1382.8333333333335,0.0,0
18,-impAstar,1,311.0,2170.723323277171,1386.1666666666665,0.0,0
18,-impAstar,2,326.0,2143.7535502255496,1386.8333333333333,0.0,0
18,-impAstar,3,326.66666666666663,2167.7415357641507,1377.3333333333335,0.0,0
18,-impAstar,4,311.66666666666663,2161.9586078224092,1395.3333333333333,0.0,0
18,-impAstar,5,326.0,2146.586624299624,1385.6666666666667,0.0,0
18,-impAstar,6,321.3333333333333,2268.3055302325224,1382.333333333333,0.0,0
18,-impAstar,7,422.00000000000006,2407.558548882362,1367.3333333333333,0.0,1
18,-impAstar,8,326.0,2151.752661336661,1382.8333333333335,0.0,0
18,-impAstar,9,354.6666666666667,2100.357012002833,1434.3333333333335,0.0,0
18,-impAstar,10,326.0,2119.8494299776467,1392.0,0.0,0
18,-impAstar,11,323.3333333333333,2156.367557450836,1395.0,0.0,0
18,-impAstar,12,311.0,2201.8452565686625,1383.1666666666665,0.0,0
18,-impAstar,13,326.66666666666663,2140.9595979864994,1379.0,0.0,0
18,-impAstar,14,354.6666666666667,2100.357012002833,1434.3333333333335,0.0,0
18,-impAstar,15,337.3333333333333,2139.884653032467,1391.0,0.0,0
18,-impAstar,16,323.3333333333333,2156.367557450836,1395.0,0.0,0
18,-impAstar,17,326.66666666666663,2167.7415357641507,1377.3333333333335,0.0,0
18,-impAstar,18,315.0,2158.314015846428,1392.0,0.0,0
18,-impAstar,19,323.33333333333337,2153.0635389138106,1377.5,0.0,0
18,-impAstar,20,326.66666666666663,2170.195707003508,1368.6666666666665,0.0,0
18,-impAstar,21,326.0,2151.752661336661,1382.8333333333335,0.0,0
18,-impAstar,22,315.6666666666667,2160.8111980184053,1383.6666666666665,0.0,0
18,-impAstar,23,311.66666666666663,2137.1455849263666,1396.0,0.0,0
18,-impAstar,24,310.0,2267.7543232899734,1398.1666666666667,0.0,0
18,-impAstar,25,352.6666666666667,2128.5758320604473,1381.6666666666665,0.0,0
18,-closedLoop,0,326.0,2151.752661336661,1382.8333333333335,0.0,0
18,-closedLoop,1,311.0,2170.723323277171,1386.1666666666665,0.0,0
18,-closedLoop,2,326.0,2143.7535502255496,1386.8333333333333,0.0,0
18,-closedLoop,3,326.66666666666663,2167.7415357641507,1377.3333333333335,0.0,0
18,-closedLoop,4,311.66666666666663,2161.9586078224092,1395.3333333333333,0.0,0
18,-closedLoop,5,326.0,2146.586624299624,1385.6666666666667,0.0,0
18,-closedLoop,6,321.3333333333333,2268.3055302325224,1382.333333333333,0.0,0
18,-closedLoop,7,422.00000000000006,2407.558548882362,1367.3333333333333,0.0,0
18,-closedLoop,8,326.0,2151.752661336661,1382.8333333333335,0.0,0
18,-closedLoop,9,354.6666666666667,2100.357012002833,1434.3333333333335,0.0,0
18,-closedLoop,10,326.0,2119.8494299776467,1392.0,0.0,0
18,-closedLoop,11,323.3333333333333,2156.367557450836,1395.0,0.0,0
18,-closedLoop,12,311.0,2201.8452565686625,1383.1666666666665,0.0,0
18,-closedLoop,13,326.66666666666663,2140.9595979864994,1379.0,0.0,0
18,-closedLoop,14,354.6666666666667,2100.357012002833,1434.3333333333335,0.0,0
18,-closedLoop,15,337.3333333333333,2139.884653032467,1391.0,0.0,0
18,-closedLoop,16,323.3333333333333,2156.367557450836,1395.0,0.0,0
18,-closedLoop,17,326.66666666666663,2167.7415357641507,1377.3333333333335,0.0,0
18,-closedLoop,18,315.0,2158.314015846428,1392.0,0.0,0
18,-closedLoop,19,323.33333333333337,2153.0635389138106,1377.5,0.0,0
18,-closedLoop,20,326.66666666666663,2170.195707003508,1368.6666666666665,0.0,0
18,-closedLoop,21,326.0,2151.752661336661,1382.8333333333335,0.0,0
18,-closedLoop,22,315.6666666666667,2160.8111980184053,1383.6666666666665,0.0,0
18,-closedLoop,23,311.66666666666663,2137.1455849263666,1396.0,0.0,0
18,-closedLoop,24,310.0,2267.7543232899734,1398.1666666666667,0.0,0
18,-closedLoop,25,352.6666666666667,2128.5758320604473,1381.6666666666665,0.0,0
18,hard-only,0,362.6666666666667,2022.609160355112,1371.1666666666667,0.0,0
18,hard-only,1,350.6666666666667,1964.6856988514498,1373.6666666666667,0.0,0
18,hard-only,2,322.0,1921.3010784567239,1389.3333333333333,0.0,0
18,hard-only,3,307.0,2027.8177247235262,1389.166666666667,0.0,0
18,hard-only,4,356.3333333333333,2074.397368748682,1372.1666666666667,0.0,1
18,hard-only,5,303.3333333333333,2035.861603780971,1402.5000000000002,0.0,0
18,hard-only,6,302.0,2057.835869243156,1398.0000000000002,0.0,0
18,hard-only,7,331.33333333333337,1924.5223032175602,1388.8333333333333,0.0,0
18,hard-only,8,356.3333333333333,2075.053101351253,1371.6666666666667,0.0,0
18,hard-only,9,307.0,2035.4838728716745,1386.8333333333335,0.0,0
18,hard-only,10,303.3333333333333,2065.4275070206504,1389.5,0.0,0
18,hard-only,11,302.0,2033.5881198861196,1405.6666666666667,0.0,0
18,hard-only,12,303.3333333333333,2038.594136472422,1394.3333333333335,0.0,0
18,hard-only,13,303.3333333333333,2065.4275070206504,1389.5,0.0,0
18,hard-only,14,320.66666666666663,1906.1348932715387,1391.5000000000002,0.0,0
18,hard-only,15,313.66666666666663,1932.2525667710972,1383.666666666667,0.0,0
18,hard-only,16,331.33333333333337,1924.5223032175602,1388.8333333333333,0.0,0
18,hard-only,17,302.0,2057.835869243156,1398.0000000000002,0.0,0
18,hard-only,18,356.3333333333333,2053.053323573475,1372.6666666666665,0.0,0
18,hard-only,19,313.66666666666663,1932.2525667710972,1383.666666666667,0.0,0
18,hard-only,20,313.66666666666663,1932.2525667710972,1383.666666666667,0.0,0
18,hard-only,21,303.3333333333333,2035.861603780971,1402.5000000000002,0.0,0
18,hard-only,22,303.3333333333333,2065.4275070206504,1389.5,0.0,0
18,hard-only,23,371.00000000000006,1915.578967593042,1373.0,0.0,0
18,hard-only,24,350.6666666666667,1974.8522544070054,1373.1666666666665,0.0,0
18,hard-only,25,313.66666666666663,1982.4927201312867,1378.166666666667,0.0,0
18,hard-only,26,330.99999999999994,1904.0335460911353,1393.1666666666667,0.0,0
18,hard-only,27,313.66666666666663,1932.5858260303567,1383.3333333333335,0.0,0
18,hard-only,28,323.33333333333326,1935.9959377734308,1374.1666666666665,0.0,0
18,hard-only,29,355.0,1886.1994394665041,1385.8333333333333,0.0,0
18,hard-only,30,308.33333333333337,1929.871039583777,1403.5,0.0,0
18,hard-only,31,317.6666666666667,1924.7742497141032,1383.8333333333335,0.0,0
18,hard-only,32,307.0,2027.8177247235262,1389.166666666667,0.0,0
18,hard-only,33,308.33333333333337,1955.8672247689622,1386.3333333333335,0.0,0
18,hard-only,34,308.33333333333337,1955.8672247689622,1386.3333333333335,0.0,0
18,hard-only,35,350.6666666666667,1974.8522544070054,1373.1666666666665,0.0,0
18,hard-only,36,308.33333333333337,1931.0024112345322,1391.0000000000002,0.0,0
18,hard-only,37,308.33333333333337,1955.8672247689622,1386.3333333333335,0.0,0
18,hard-only,38,317.6666666666667,1922.6096200844738,1393.0,0.0,0
18,hard-only,39,361.6666666666667,1886.532698725763,1385.5,0.0,0
18,hard-only,40,330.99999999999994,1905.0326572022466,1389.166666666667,0.0,0
18,hard-only,41,313.66666666666663,1935.7047756613078,1382.6666666666667,0.0,0
18,hard-only,42,311.3333333333333,1955.3041490720402,1384.666666666667,0.0,0
18,hard-only,43,307.0,1994.957480334142,1399.1666666666667,0.0,0
18,hard-only,44,308.6666666666667,1853.7227035943074,1394.0,0.0,0
18,hard-only,45,355.0,1886.1994394665041,1385.8333333333333,0.0,0
18,GA-SA-multiSoH,0,283.0,2235.3620568282577,1344.8333333333335,0.0,1
19,Full,0,303.0,2268.300736184371,1238.8333333333333,0.0,0
19,Full,1,281.6666666666667,2238.8790785940123,1244.3333333333335,0.0,0
19,Full,2,308.3333333333333,2202.2508284493406,1249.5000000000002,0.0,0
19,Full,3,308.3333333333333,2240.603125524832,1241.6666666666667,0.0,0
19,Full,4,333.99999999999994,2330.1817434378627,1237.8333333333335,0.0,0
19,Full,5,330.3333333333333,2169.79544647475,1270.1666666666667,0.0,0
19,Full,6,293.3333333333333,2154.5778808359787,1271.6666666666667,0.0,0
19,Full,7,308.3333333333333,2182.6325659754907,1251.0,0.0,0
19,Full,8,269.6666666666667,2266.424077542498,1255.8333333333333,0.0,0
19,Full,9,309.66666666666663,2225.087135307376,1242.8333333333333,0.0,0
19,Full,10,271.6666666666667,2223.716004519938,1260.5000000000002,0.0,0
19,Full,11,309.66666666666663,2225.087135307376,1242.8333333333333,0.0,0
19,Full,12,288.0,2169.884339703943,1261.6666666666665,0.0,0
19,Full,13,293.3333333333333,2154.5778808359787,1271.6666666666667,0.0,0
19,Full,14,269.6666666666667,2266.424077542498,1255.8333333333333,0.0,0
19,Full,15,275.3333333333333,2179.7892504062056,1260.5000000000002,0.0,0
19,Full,16,290.0,2197.718629435515,1251.5000000000002,0.0,0
19,Full,17,281.6666666666667,2238.8790785940123,1244.3333333333335,0.0,0
19,Full,18,309.66666666666663,2225.087135307376,1242.8333333333333,0.0,0
19,Full,19,269.33333333333337,2259.2575960610166,1256.6666666666665,0.0,0
19,Full,20,293.3333333333333,2154.5778808359787,1271.6666666666667,0.0,0
19,Full,21,269.6666666666667,2266.424077542498,1255.8333333333333,0.0,0
19,Full,22,309.66666666666663,2225.087135307376,1242.8333333333333,0.0,0
19,Full,23,269.33333333333337,2209.677774207641,1260.6666666666665,0.0,0
19,Full,24,296.6666666666667,2150.282312685886,1276.1666666666667,0.0,0
19,Full,25,291.6666666666667,2259.3626315956026,1242.1666666666665,0.0,0
19,Full,26,309.66666666666663,2225.087135307376,1242.8333333333333,0.0,0
19,Full,27,290.0,2197.718629435515,1251.5000000000002,0.0,0
19,Full,28,269.33333333333337,2293.423559023979,1253.4999999999998,0.0,0
19,Full,29,303.0,2254.5071622751043,1240.3333333333335,0.0,0
19,Full,30,281.6666666666667,2202.1545279175743,1254.5,0.0,0
19,Full,31,300.0,2292.0291130770843,1241.3333333333333,0.0,0
19,Full,32,280.0,2199.933217845754,1254.8333333333333,0.0,0
19,Full,33,291.6666666666667,2259.3626315956026,1242.1666666666665,0.0,0
19,Full,34,269.33333333333337,2209.677774207641,1260.6666666666665,0.0,0
19,Full,35,309.66666666666663,2225.087135307376,1242.8333333333333,0.0,0
19,Full,36,281.6666666666667,2192.5482637791974,1255.6666666666667,0.0,0
19,Full,37,269.33333333333337,2209.677774207641,1260.6666666666665,0.0,0
19,Full,38,305.66666666666663,2138.0788067619046,1275.8333333333333,0.0,0
19,Full,39,331.33333333333337,2164.5378051507855,1268.6666666666667,0.0,0
19,Full,40,281.6666666666667,2179.7150045199382,1256.0000000000002,0.0,0
19,Full,41,309.66666666666663,2225.087135307376,1242.8333333333333,0.0,0
19,Full,42,280.0,2242.5670503398455,1242.6666666666665,0.0,0
19,Full,43,369.3333333333333,2425.9007767963762,1232.0000000000002,0.0,0
19,Full,44,334.99999999999994,2205.9169765974884,1247.1666666666667,0.0,0
19,Full,45,331.33333333333337,2164.5378051507855,1268.6666666666667,0.0,0
19,Full,46,308.3333333333333,2182.6325659754907,1251.0,0.0,0
19,Full,47,290.0,2197.718629435515,1251.5000000000002,0.0,0
19,Full,48,288.0,2169.884339703943,1261.6666666666665,0.0,0
19,Full,49,280.0,2199.933217845754,1254.8333333333333,0.0,0
19,Full,50,305.66666666666663,2138.0788067619046,1275.8333333333333,0.0,0
19,Full,51,272.3333333333333,2216.3193056953523,1246.0000000000002,0.0,0
19,Full,52,309.66666666666663,2225.087135307376,1242.8333333333333,0.0,0
19,Full,53,369.3333333333333,2425.9007767963762,1232.0000000000002,0.0,0
19,Full,54,275.3333333333333,2179.7892504062056,1260.5000000000002,0.0,0
19,Full,55,269.33333333333337,2293.423559023979,1253.4999999999998,0.0,0
19,Full,56,286.66666666666663,2179.0662167348414,1266.6666666666667,0.0,0
19,Full,57,274.0,2205.265365993902,1249.5000000000002,0.0,0
19,Full,58,286.0,2236.1102123338783,1242.5,0.0,0
19,Full,59,287.6666666666667,2199.0475600754935,1252.5,0.0,0
19,Full,60,276.33333333333337,2221.5460415569755,1245.6666666666665,0.0,0
19,Full,61,275.3333333333333,2179.7892504062056,1260.5000000000002,0.0,0
19,Full,62,274.0,2205.265365993902,1249.5000000000002,0.0,0
19,-health,0,291.6666666666667,2029.8444431749115,1250.8333333333333,0.0,0
19,-health,1,294.0,2036.3094158010651,1240.3333333333335,0.0,0
19,-health,2,280.6666666666667,2057.841758223999,1252.0,0.0,0
19,-health,3,271.33333333333337,2044.3685182782538,1254.6666666666667,0.0,0
19,-health,4,280.0,2060.677836391757,1237.5000000000002,0.0,0
19,-health,5,288.66666666666663,1969.6877167895864,1273.3333333333333,0.0,0
19,-health,6,291.6666666666667,2029.8444431749115,1250.8333333333333,0.0,0
19,-health,7,291.6666666666667,2029.8444431749115,1250.8333333333333,0.0,0
19,-health,8,310.0,1962.6129079811808,1284.8333333333335,0.0,0
19,-health,9,288.66666666666663,1969.6877167895864,1273.3333333333333,0.0,0
19,-health,10,311.3333333333333,1968.7846543353628,1271.3333333333335,0.0,0
19,-health,11,311.3333333333333,1957.5367239005757,1278.8333333333333,0.0,0
19,-health,12,341.0,1986.157756054744,1255.5,0.0,0
19,-health,13,294.33333333333337,1980.2022143057072,1272.1666666666667,0.0,0
19,-health,14,288.66666666666663,1967.9753277618338,1275.5,0.0,0
19,-health,15,294.0,1982.7286609595992,1264.5,0.0,0
19,-health,16,310.0,1962.6129079811808,1284.8333333333335,0.0,0
19,-health,17,314.6666666666667,2098.4963171618474,1227.6666666666665,0.0,0
19,-health,18,291.6666666666667,2029.8444431749115,1250.8333333333333,0.0,0
19,-health,19,288.66666666666663,1993.1381313776376,1258.3333333333335,0.0,0
19,-health,20,288.66666666666663,1984.473390636897,1267.0,0.0,0
19,-health,21,288.66666666666663,1993.1381313776376,1258.3333333333335,0.0,0
19,-health,22,288.66666666666663,1993.436812098456,1257.3333333333335,0.0,0
19,-health,23,299.0,2044.0248223610292,1238.5,0.0,0
19,-health,24,288.66666666666663,1993.1381313776376,1258.3333333333335,0.0,0
19,-health,25,288.66666666666663,1969.6877167895864,1273.3333333333333,0.0,0
19,-health,26,291.6666666666667,2029.8444431749115,1250.8333333333333,0.0,0
19,-health,27,281.3333333333333,1999.4700573035636,1252.0000000000002,0.0,1
19,-health,28,288.66666666666663,1985.7818870101512,1263.0000000000002,0.0,0
19,-health,29,311.3333333333333,1968.7846543353628,1271.3333333333335,0.0,0
19,-health,30,310.0,1962.6129079811808,1284.8333333333335,0.0,0
19,-health,31,292.66666666666663,1990.471761007267,1259.6666666666667,0.0,0
19,-health,32,304.3333333333333,2015.5605146690523,1239.0,0.0,0
19,-health,33,299.0,2069.737758208176,1231.1666666666667,0.0,0
19,-health,34,281.3333333333333,1999.4700573035636,1252.0000000000002,0.0,0
19,-health,35,282.3333333333333,1989.0219390118084,1277.3333333333333,0.0,0
19,-health,36,311.3333333333333,1968.7846543353628,1271.3333333333335,0.0,0
19,-health,37,284.0,2063.8432808362013,1232.0,0.0,0
19,-health,38,288.66666666666663,1990.4374787651225,1260.3333333333335,0.0,0
19,-health,39,288.66666666666663,1985.7818870101512,1263.0000000000002,0.0,0
19,-health,40,280.6666666666667,2057.841758223999,1252.0,0.0,0
19,-health,41,311.3333333333333,1957.5367239005757,1278.8333333333333,0.0,0
19,-health,42,288.66666666666663,1985.7818870101512,1263.0000000000002,0.0,0
19,-health,43,281.3333333333333,1999.4700573035636,1252.0000000000002,0.0,0
19,-health,44,288.66666666666663,1976.450627750892,1272.3333333333335,0.0,0
19,-health,45,288.66666666666663,1993.1381313776376,1258.3333333333335,0.0,0
19,-health,46,294.0,1988.2062007946352,1253.5,0.0,0
19,-health,47,277.0,2081.1623312507477,1244.1666666666667,0.0,0
19,-health,48,280.6666666666667,2057.841758223999,1252.0,0.0,0
19,-health,49,275.66666666666663,2023.3730466099698,1262.8333333333335,0.0,0
19,-health,50,281.3333333333333,1999.4700573035636,1252.0000000000002,0.0,0
19,-health,51,294.0,2018.6630376663888,1241.3333333333335,0.0,0
19,-health,52,288.66666666666663,1990.4374787651225,1260.3333333333335,0.0,0
19,-health,53,280.6666666666667,2034.7210283997586,1255.0000000000002,0.0,0
19,-health,54,280.6666666666667,2057.841758223999,1252.0,0.0,0
19,-health,55,311.3333333333333,1968.7846543353628,1271.3333333333335,0.0,0
19,-health,56,288.66666666666663,1965.4367969014377,1276.5000000000002,0.0,0
19,-health,57,288.66666666666663,1990.4374787651225,1260.3333333333335,0.0,0
19,-health,58,280.0,2042.681614169535,1254.5,0.0,0
19,-health,59,291.6666666666667,2029.8444431749115,1250.8333333333333,0.0,0
19,-health,60,288.66666666666663,1965.4367969014377,1276.5000000000002,0.0,0
19,-health,61,280.66666666666663,2014.6556668051767,1271.6666666666667,0.0,0
19,-health,62,281.3333333333333,1999.4700573035636,1252.0000000000002,0.0,0
19,-health,63,280.6666666666667,2057.841758223999,1252.0,0.0,0
19,-health,64,294.0,2018.6630376663888,1241.3333333333335,0.0,0
19,-health,65,280.6666666666667,2057.841758223999,1252.0,0.0,0
19,-health,66,293.0,2025.841628570806,1246.1666666666667,0.0,0
19,-health,67,294.0,1982.7286609595992,1264.5,0.0,0
19,-health,68,294.0,2000.8307784071296,1246.1666666666667,0.0,0
19,-health,69,288.66666666666663,1990.4374787651225,1260.3333333333335,0.0,0
19,-health,70,287.3333333333333,1998.3934215677687,1253.5,0.0,0
19,-health,71,288.66666666666663,1983.7523000667666,1269.5000000000002,0.0,0
19,-health,72,306.3333333333333,1964.839607059176,1278.0,0.0,0
19,-health,73,284.0,2054.378192707976,1234.1666666666665,0.0,0
19,-adaptW,0,328.3333333333333,2317.040750793233,1252.5,0.0,0
19,-adaptW,1,324.66666666666663,2458.684040808849,1250.8333333333333,0.0,0
19,-adaptW,2,328.3333333333333,2317.040750793233,1252.5,0.0,0
19,-adaptW,3,291.6666666666667,2319.48702754608,1271.1666666666667,0.0,0
19,-adaptW,4,351.3333333333333,2290.9655435460763,1252.8333333333333,0.0,0
19,-adaptW,5,367.0,2472.8710934975006,1244.3333333333335,0.0,1
19,-adaptW,6,293.3333333333333,2287.054693745607,1286.5000000000002,0.0,0
19,-adaptW,7,291.6666666666667,2319.48702754608,1271.1666666666667,0.0,0
19,-adaptW,8,311.0,2248.0842753061065,1261.6666666666665,0.0,0
19,-adaptW,9,311.3333333333333,2210.707737735116,1286.0,0.0,0
19,-adaptW,10,324.0,2278.4379781408725,1254.8333333333335,0.0,0
19,-adaptW,11,309.0,2183.0970866088596,1296.5000000000002,0.0,0
19,-adaptW,12,324.0,2479.0350527212786,1250.6666666666667,0.0,0
19,-adaptW,13,328.3333333333333,2207.8693699263463,1290.6666666666665,0.0,0
19,-adaptW,14,300.3333333333333,2360.550969113068,1251.8333333333335,0.0,0
19,-adaptW,15,309.0,2185.473429769402,1294.1666666666667,0.0,0
19,-adaptW,16,352.0,2301.660011367662,1247.3333333333333,0.0,0
19,-adaptW,17,289.66666666666663,2411.3319560855493,1289.8333333333335,0.0,0
19,-adaptW,18,300.3333333333333,2334.934902338001,1259.8333333333333,0.0,0
19,-adaptW,19,325.6666666666667,2323.2896794229687,1251.6666666666667,0.0,0
19,-adaptW,20,328.3333333333333,2317.040750793233,1252.5,0.0,0
19,-adaptW,21,298.66666666666663,2283.7577981213785,1265.6666666666667,0.0,0
19,-adaptW,22,328.3333333333333,2341.0394174598996,1246.5,0.0,0
19,-adaptW,23,291.6666666666667,2348.2722806215593,1269.1666666666667,0.0,0
19,-adaptW,24,311.0,2248.0842753061065,1261.6666666666665,0.0,0
19,-adaptW,25,298.66666666666663,2283.7577981213785,1265.6666666666667,0.0,0
19,-adaptW,26,309.0,2299.9134849863663,1254.8333333333335,0.0,0
19,-adaptW,27,296.6666666666667,2229.8329928327994,1285.0,0.0,0
19,-adaptW,28,324.0,2479.0350527212786,1250.6666666666667,0.0,0
19,-adaptW,29,304.33333333333337,2258.700285262409,1275.5,0.0,0
19,-adaptW,30,311.66666666666663,2237.751164194996,1262.6666666666665,0.0,0
19,-adaptW,31,296.6666666666667,2271.7097913174853,1280.6666666666665,0.0,0
19,-adaptW,32,324.0,2275.459614880893,1255.6666666666665,0.0,0
19,-adaptW,33,311.3333333333333,2223.7060340314124,1278.3333333333335,0.0,0
19,-adaptW,34,311.3333333333333,2215.5582423765086,1282.3333333333333,0.0,0
19,-adaptW,35,311.0,2248.0842753061065,1261.6666666666665,0.0,0
19,-adaptW,36,298.66666666666663,2266.2644480909103,1270.5000000000002,0.0,0
19,-adaptW,37,293.3333333333333,2287.054693745607,1286.5000000000002,0.0,0
19,-adaptW,38,300.3333333333333,2337.644280500282,1257.8333333333335,0.0,0
19,-adaptW,39,311.0,2248.0842753061065,1261.6666666666665,0.0,0
19,-adaptW,40,311.0,2248.0842753061065,1261.6666666666665,0.0,0
19,-adaptW,41,324.0,2479.0350527212786,1250.6666666666667,0.0,0
19,-adaptW,42,298.33333333333337,2397.370804486106,1257.3333333333335,0.0,0
19,-adaptW,43,301.33333333333337,2262.6293946720302,1281.0000000000002,0.0,0
19,-adaptW,44,311.3333333333333,2215.5582423765086,1282.3333333333333,0.0,0
19,-adaptW,45,309.0,2299.9134849863663,1254.8333333333335,0.0,0
19,-adaptW,46,296.6666666666667,2266.13122496861,1280.8333333333333,0.0,0
19,-adaptW,47,304.3333333333333,2260.9954558121067,1256.8333333333335,0.0,0
19,-adaptW,48,297.66666666666663,2286.731871028094,1277.3333333333333,0.0,0
19,-adaptW,49,296.6666666666667,2233.2205387160852,1282.0000000000002,0.0,0
19,-adaptW,50,300.3333333333333,2337.644280500282,1257.8333333333335,0.0,0
19,-adaptW,51,328.3333333333333,2317.040750793233,1252.5,0.0,0
19,-adaptW,52,311.3333333333333,2221.5400710684494,1281.5,0.0,0
19,-adaptW,53,298.66666666666663,2283.7577981213785,1265.6666666666667,0.0,0
19,-adaptW,54,311.0,2232.918386417218,1265.1666666666665,0.0,0
19,-adaptW,55,325.3333333333333,2250.3064550032686,1257.1666666666667,0.0,0
19,-impAstar,0,303.0,2268.300736184371,1238.8333333333333,0.0,0
19,-impAstar,1,281.6666666666667,2238.8790785940123,1244.3333333333335,0.0,0
19,-impAstar,2,308.3333333333333,2202.2508284493406,1249.5000000000002,0.0,0
19,-impAstar,3,308.3333333333333,2240.603125524832,1241.6666666666667,0.0,0
19,-impAstar,4,333.99999999999994,2330.1817434378627,1237.8333333333335,0.0,0
19,-impAstar,5,330.3333333333333,2169.79544647475,1270.1666666666667,0.0,0
19,-impAstar,6,293.3333333333333,2154.5778808359787,1271.6666666666667,0.0,0
19,-impAstar,7,308.3333333333333,2182.6325659754907,1251.0,0.0,0
19,-impAstar,8,269.6666666666667,2266.424077542498,1255.8333333333333,0.0,0
19,-impAstar,9,309.66666666666663,2225.087135307376,1242.8333333333333,0.0,0
19,-impAstar,10,271.6666666666667,2223.716004519938,1260.5000000000002,0.0,0
19,-impAstar,11,309.66666666666663,2225.087135307376,1242.8333333333333,0.0,0
19,-impAstar,12,288.0,2169.884339703943,1261.6666666666665,0.0,0
19,-impAstar,13,293.3333333333333,2154.5778808359787,1271.6666666666667,0.0,0
19,-impAstar,14,269.6666666666667,2266.424077542498,1255.8333333333333,0.0,0
19,-impAstar,15,275.3333333333333,2179.7892504062056,1260.5000000000002,0.0,0
19,-impAstar,16,290.0,2197.718629435515,1251.5000000000002,0.0,0
19,-impAstar,17,281.6666666666667,2238.8790785940123,1244.3333333333335,0.0,0
19,-impAstar,18,309.66666666666663,2225.087135307376,1242.8333333333333,0.0,0
19,-impAstar,19,269.33333333333337,2259.2575960610166,1256.6666666666665,0.0,0
19,-impAstar,20,293.3333333333333,2154.5778808359787,1271.6666666666667,0.0,0
19,-impAstar,21,269.6666666666667,2266.424077542498,1255.8333333333333,0.0,0
19,-impAstar,22,309.66666666666663,2225.087135307376,1242.8333333333333,0.0,0
19,-impAstar,23,269.33333333333337,2209.677774207641,1260.6666666666665,0.0,0
19,-impAstar,24,296.6666666666667,2150.282312685886,1276.1666666666667,0.0,0
19,-impAstar,25,291.6666666666667,2259.3626315956026,1242.1666666666665,0.0,0
19,-impAstar,26,309.66666666666663,2225.087135307376,1242.8333333333333,0.0,0
19,-impAstar,27,290.0,2197.718629435515,1251.5000000000002,0.0,0
19,-impAstar,28,269.33333333333337,2293.423559023979,1253.4999999999998,0.0,0
19,-impAstar,29,303.0,2254.5071622751043,1240.3333333333335,0.0,0
19,-impAstar,30,281.6666666666667,2202.1545279175743,1254.5,0.0,0
19,-impAstar,31,300.0,2292.0291130770843,1241.3333333333333,0.0,0
19,-impAstar,32,280.0,2199.933217845754,1254.8333333333333,0.0,0
19,-impAstar,33,291.6666666666667,2259.3626315956026,1242.1666666666665,0.0,0
19,-impAstar,34,269.33333333333337,2209.677774207641,1260.6666666666665,0.0,0
19,-impAstar,35,309.66666666666663,2225.087135307376,1242.8333333333333,0.0,0
19,-impAstar,36,281.6666666666667,2192.5482637791974,1255.6666666666667,0.0,0
19,-impAstar,37,269.33333333333337,2209.677774207641,1260.6666666666665,0.0,0
19,-impAstar,38,305.66666666666663,2138.0788067619046,1275.8333333333333,0.0,1
19,-impAstar,39,331.33333333333337,2164.5378051507855,1268.6666666666667,0.0,0
19,-impAstar,40,281.6666666666667,2179.7150045199382,1256.0000000000002,0.0,0
19,-impAstar,41,309.66666666666663,2225.087135307376,1242.8333333333333,0.0,0
19,-impAstar,42,280.0,2242.5670503398455,1242.6666666666665,0.0,0
19,-impAstar,43,369.3333333333333,2425.9007767963762,1232.0000000000002,0.0,0
19,-impAstar,44,334.99999999999994,2205.9169765974884,1247.1666666666667,0.0,0
19,-impAstar,45,331.33333333333337,2164.5378051507855,1268.6666666666667,0.0,0
19,-impAstar,46,308.3333333333333,2182.6325659754907,1251.0,0.0,0
19,-impAstar,47,290.0,2197.718629435515,1251.5000000000002,0.0,0
19,-impAstar,48,288.0,2169.884339703943,1261.6666666666665,0.0,0
19,-impAstar,49,280.0,2199.933217845754,1254.8333333333333,0.0,0
19,-impAstar,50,305.66666666666663,2138.0788067619046,1275.8333333333333,0.0,0
19,-impAstar,51,272.3333333333333,2216.3193056953523,1246.0000000000002,0.0,0
19,-impAstar,52,309.66666666666663,2225.087135307376,1242.8333333333333,0.0,0
19,-impAstar,53,369.3333333333333,2425.9007767963762,1232.0000000000002,0.0,0
19,-impAstar,54,275.3333333333333,2179.7892504062056,1260.5000000000002,0.0,0
19,-impAstar,55,269.33333333333337,2293.423559023979,1253.4999999999998,0.0,0
19,-impAstar,56,286.66666666666663,2179.0662167348414,1266.6666666666667,0.0,0
19,-impAstar,57,274.0,2205.265365993902,1249.5000000000002,0.0,0
19,-impAstar,58,286.0,2236.1102123338783,1242.5,0.0,0
19,-impAstar,59,287.6666666666667,2199.0475600754935,1252.5,0.0,0
19,-impAstar,60,276.33333333333337,2221.5460415569755,1245.6666666666665,0.0,0
19,-impAstar,61,275.3333333333333,2179.7892504062056,1260.5000000000002,0.0,0
19,-impAstar,62,274.0,2205.265365993902,1249.5000000000002,0.0,0
19,-closedLoop,0,303.0,2268.300736184371,1238.8333333333333,0.0,0
19,-closedLoop,1,281.6666666666667,2238.8790785940123,1244.3333333333335,0.0,0
19,-closedLoop,2,308.3333333333333,2202.2508284493406,1249.5000000000002,0.0,0
19,-closedLoop,3,308.3333333333333,2240.603125524832,1241.6666666666667,0.0,0
19,-closedLoop,4,333.99999999999994,2330.1817434378627,1237.8333333333335,0.0,0
19,-closedLoop,5,330.3333333333333,2169.79544647475,1270.1666666666667,0.0,0
19,-closedLoop,6,293.3333333333333,2154.5778808359787,1271.6666666666667,0.0,0
19,-closedLoop,7,308.3333333333333,2182.6325659754907,1251.0,0.0,0
19,-closedLoop,8,269.6666666666667,2266.424077542498,1255.8333333333333,0.0,0
19,-closedLoop,9,309.66666666666663,2225.087135307376,1242.8333333333333,0.0,0
19,-closedLoop,10,271.6666666666667,2223.716004519938,1260.5000000000002,0.0,0
19,-closedLoop,11,309.66666666666663,2225.087135307376,1242.8333333333333,0.0,0
19,-closedLoop,12,288.0,2169.884339703943,1261.6666666666665,0.0,0
19,-closedLoop,13,293.3333333333333,2154.5778808359787,1271.6666666666667,0.0,0
19,-closedLoop,14,269.6666666666667,2266.424077542498,1255.8333333333333,0.0,0
19,-closedLoop,15,275.3333333333333,2179.7892504062056,1260.5000000000002,0.0,0
19,-closedLoop,16,290.0,2197.718629435515,1251.5000000000002,0.0,0
19,-closedLoop,17,281.6666666666667,2238.8790785940123,1244.3333333333335,0.0,0
19,-closedLoop,18,309.66666666666663,2225.087135307376,1242.8333333333333,0.0,0
19,-closedLoop,19,269.33333333333337,2259.2575960610166,1256.6666666666665,0.0,0
19,-closedLoop,20,293.3333333333333,2154.5778808359787,1271.6666666666667,0.0,0
19,-closedLoop,21,269.6666666666667,2266.424077542498,1255.8333333333333,0.0,0
19,-closedLoop,22,309.66666666666663,2225.087135307376,1242.8333333333333,0.0,0
19,-closedLoop,23,269.33333333333337,2209.677774207641,1260.6666666666665,0.0,0
19,-closedLoop,24,296.6666666666667,2150.282312685886,1276.1666666666667,0.0,0
19,-closedLoop,25,291.6666666666667,2259.3626315956026,1242.1666666666665,0.0,0
19,-closedLoop,26,309.66666666666663,2225.087135307376,1242.8333333333333,0.0,0
19,-closedLoop,27,290.0,2197.718629435515,1251.5000000000002,0.0,0
19,-closedLoop,28,269.33333333333337,2293.423559023979,1253.4999999999998,0.0,0
19,-closedLoop,29,303.0,2254.5071622751043,1240.3333333333335,0.0,0
19,-closedLoop,30,281.6666666666667,2202.1545279175743,1254.5,0.0,0
19,-closedLoop,31,300.0,2292.0291130770843,1241.3333333333333,0.0,0
19,-closedLoop,32,280.0,2199.933217845754,1254.8333333333333,0.0,0
19,-closedLoop,33,291.6666666666667,2259.3626315956026,1242.1666666666665,0.0,0
19,-closedLoop,34,269.33333333333337,2209.677774207641,1260.6666666666665,0.0,0
19,-closedLoop,35,309.66666666666663,2225.087135307376,1242.8333333333333,0.0,0
19,-closedLoop,36,281.6666666666667,2192.5482637791974,1255.6666666666667,0.0,0
19,-closedLoop,37,269.33333333333337,2209.677774207641,1260.6666666666665,0.0,0
19,-closedLoop,38,305.66666666666663,2138.0788067619046,1275.8333333333333,0.0,0
19,-closedLoop,39,331.33333333333337,2164.5378051507855,1268.6666666666667,0.0,0
19,-closedLoop,40,281.6666666666667,2179.7150045199382,1256.0000000000002,0.0,0
19,-closedLoop,41,309.66666666666663,2225.087135307376,1242.8333333333333,0.0,0
19,-closedLoop,42,280.0,2242.5670503398455,1242.6666666666665,0.0,0
19,-closedLoop,43,369.3333333333333,2425.9007767963762,1232.0000000000002,0.0,0
19,-closedLoop,44,334.99999999999994,2205.9169765974884,1247.1666666666667,0.0,0
19,-closedLoop,45,331.33333333333337,2164.5378051507855,1268.6666666666667,0.0,0
19,-closedLoop,46,308.3333333333333,2182.6325659754907,1251.0,0.0,0
19,-closedLoop,47,290.0,2197.718629435515,1251.5000000000002,0.0,0
19,-closedLoop,48,288.0,2169.884339703943,1261.6666666666665,0.0,0
19,-closedLoop,49,280.0,2199.933217845754,1254.8333333333333,0.0,0
19,-closedLoop,50,305.66666666666663,2138.0788067619046,1275.8333333333333,0.0,0
19,-closedLoop,51,272.3333333333333,2216.3193056953523,1246.0000000000002,0.0,0
19,-closedLoop,52,309.66666666666663,2225.087135307376,1242.8333333333333,0.0,0
19,-closedLoop,53,369.3333333333333,2425.9007767963762,1232.0000000000002,0.0,0
19,-closedLoop,54,275.3333333333333,2179.7892504062056,1260.5000000000002,0.0,0
19,-closedLoop,55,269.33333333333337,2293.423559023979,1253.4999999999998,0.0,0
19,-closedLoop,56,286.66666666666663,2179.0662167348414,1266.6666666666667,0.0,0
19,-closedLoop,57,274.0,2205.265365993902,1249.5000000000002,0.0,0
19,-closedLoop,58,286.0,2236.1102123338783,1242.5,0.0,0
19,-closedLoop,59,287.6666666666667,2199.0475600754935,1252.5,0.0,0
19,-closedLoop,60,276.33333333333337,2221.5460415569755,1245.6666666666665,0.0,0
19,-closedLoop,61,275.3333333333333,2179.7892504062056,1260.5000000000002,0.0,0
19,-closedLoop,62,274.0,2205.265365993902,1249.5000000000002,0.0,0
19,hard-only,0,291.6666666666667,2029.8444431749115,1250.8333333333333,0.0,0
19,hard-only,1,294.0,2036.3094158010651,1240.3333333333335,0.0,0
19,hard-only,2,280.6666666666667,2057.841758223999,1252.0,0.0,0
19,hard-only,3,271.33333333333337,2044.3685182782538,1254.6666666666667,0.0,0
19,hard-only,4,280.0,2060.677836391757,1237.5000000000002,0.0,0
19,hard-only,5,288.66666666666663,1969.6877167895864,1273.3333333333333,0.0,0
19,hard-only,6,291.6666666666667,2029.8444431749115,1250.8333333333333,0.0,0
19,hard-only,7,291.6666666666667,2029.8444431749115,1250.8333333333333,0.0,0
19,hard-only,8,310.0,1962.6129079811808,1284.8333333333335,0.0,0
19,hard-only,9,288.66666666666663,1969.6877167895864,1273.3333333333333,0.0,0
19,hard-only,10,311.3333333333333,1968.7846543353628,1271.3333333333335,0.0,0
19,hard-only,11,311.3333333333333,1957.5367239005757,1278.8333333333333,0.0,0
19,hard-only,12,341.0,1986.157756054744,1255.5,0.0,0
19,hard-only,13,294.33333333333337,1980.2022143057072,1272.1666666666667,0.0,0
19,hard-only,14,288.66666666666663,1967.9753277618338,1275.5,0.0,0
19,hard-only,15,294.0,1982.7286609595992,1264.5,0.0,0
19,hard-only,16,310.0,1962.6129079811808,1284.8333333333335,0.0,0
19,hard-only,17,314.6666666666667,2098.4963171618474,1227.6666666666665,0.0,0
19,hard-only,18,291.6666666666667,2029.8444431749115,1250.8333333333333,0.0,0
19,hard-only,19,288.66666666666663,1993.1381313776376,1258.3333333333335,0.0,0
19,hard-only,20,288.66666666666663,1984.473390636897,1267.0,0.0,0
19,hard-only,21,288.66666666666663,1993.1381313776376,1258.3333333333335,0.0,0
19,hard-only,22,288.66666666666663,1993.436812098456,1257.3333333333335,0.0,0
19,hard-only,23,299.0,2044.0248223610292,1238.5,0.0,0
19,hard-only,24,288.66666666666663,1993.1381313776376,1258.3333333333335,0.0,0
19,hard-only,25,288.66666666666663,1969.6877167895864,1273.3333333333333,0.0,0
19,hard-only,26,291.6666666666667,2029.8444431749115,1250.8333333333333,0.0,0
19,hard-only,27,281.3333333333333,1999.4700573035636,1252.0000000000002,0.0,1
19,hard-only,28,288.66666666666663,1985.7818870101512,1263.0000000000002,0.0,0
19,hard-only,29,311.3333333333333,1968.7846543353628,1271.3333333333335,0.0,0
19,hard-only,30,310.0,1962.6129079811808,1284.8333333333335,0.0,0
19,hard-only,31,292.66666666666663,1990.471761007267,1259.6666666666667,0.0,0
19,hard-only,32,304.3333333333333,2015.5605146690523,1239.0,0.0,0
19,hard-only,33,299.0,2069.737758208176,1231.1666666666667,0.0,0
19,hard-only,34,281.3333333333333,1999.4700573035636,1252.0000000000002,0.0,0
19,hard-only,35,282.3333333333333,1989.0219390118084,1277.3333333333333,0.0,0
19,hard-only,36,311.3333333333333,1968.7846543353628,1271.3333333333335,0.0,0
19,hard-only,37,284.0,2063.8432808362013,1232.0,0.0,0
19,hard-only,38,288.66666666666663,1990.4374787651225,1260.3333333333335,0.0,0
19,hard-only,39,288.66666666666663,1985.7818870101512,1263.0000000000002,0.0,0
19,hard-only,40,280.6666666666667,2057.841758223999,1252.0,0.0,0
19,hard-only,41,311.3333333333333,1957.5367239005757,1278.8333333333333,0.0,0
19,hard-only,42,288.66666666666663,1985.7818870101512,1263.0000000000002,0.0,0
19,hard-only,43,281.3333333333333,1999.4700573035636,1252.0000000000002,0.0,0
19,hard-only,44,288.66666666666663,1976.450627750892,1272.3333333333335,0.0,0
19,hard-only,45,288.66666666666663,1993.1381313776376,1258.3333333333335,0.0,0
19,hard-only,46,294.0,1988.2062007946352,1253.5,0.0,0
19,hard-only,47,277.0,2081.1623312507477,1244.1666666666667,0.0,0
19,hard-only,48,280.6666666666667,2057.841758223999,1252.0,0.0,0
19,hard-only,49,275.66666666666663,2023.3730466099698,1262.8333333333335,0.0,0
19,hard-only,50,281.3333333333333,1999.4700573035636,1252.0000000000002,0.0,0
19,hard-only,51,294.0,2018.6630376663888,1241.3333333333335,0.0,0
19,hard-only,52,288.66666666666663,1990.4374787651225,1260.3333333333335,0.0,0
19,hard-only,53,280.6666666666667,2034.7210283997586,1255.0000000000002,0.0,0
19,hard-only,54,280.6666666666667,2057.841758223999,1252.0,0.0,0
19,hard-only,55,311.3333333333333,1968.7846543353628,1271.3333333333335,0.0,0
19,hard-only,56,288.66666666666663,1965.4367969014377,1276.5000000000002,0.0,0
19,hard-only,57,288.66666666666663,1990.4374787651225,1260.3333333333335,0.0,0
19,hard-only,58,280.0,2042.681614169535,1254.5,0.0,0
19,hard-only,59,291.6666666666667,2029.8444431749115,1250.8333333333333,0.0,0
19,hard-only,60,288.66666666666663,1965.4367969014377,1276.5000000000002,0.0,0
19,hard-only,61,280.66666666666663,2014.6556668051767,1271.6666666666667,0.0,0
19,hard-only,62,281.3333333333333,1999.4700573035636,1252.0000000000002,0.0,0
19,hard-only,63,280.6666666666667,2057.841758223999,1252.0,0.0,0
19,hard-only,64,294.0,2018.6630376663888,1241.3333333333335,0.0,0
19,hard-only,65,280.6666666666667,2057.841758223999,1252.0,0.0,0
19,hard-only,66,293.0,2025.841628570806,1246.1666666666667,0.0,0
19,hard-only,67,294.0,1982.7286609595992,1264.5,0.0,0
19,hard-only,68,294.0,2000.8307784071296,1246.1666666666667,0.0,0
19,hard-only,69,288.66666666666663,1990.4374787651225,1260.3333333333335,0.0,0
19,hard-only,70,287.3333333333333,1998.3934215677687,1253.5,0.0,0
19,hard-only,71,288.66666666666663,1983.7523000667666,1269.5000000000002,0.0,0
19,hard-only,72,306.3333333333333,1964.839607059176,1278.0,0.0,0
19,hard-only,73,284.0,2054.378192707976,1234.1666666666665,0.0,0
19,GA-SA-multiSoH,0,270.3333333333333,2174.5072501309755,1213.4999999999998,0.0,1
20,Full,0,285.0,2484.9954083124694,1339.9999999999998,0.0,0
20,Full,1,395.6666666666667,2612.9862687640957,1306.1666666666665,0.0,0
20,Full,2,307.0,2247.484915029555,1339.666666666667,0.0,0
20,Full,3,304.3333333333333,2267.201505655041,1358.8333333333333,0.0,0
20,Full,4,304.3333333333333,2277.3863184625343,1353.3333333333333,0.0,0
20,Full,5,316.33333333333337,2196.337379128894,1346.5,0.0,0
20,Full,6,294.33333333333337,2332.3174216837747,1355.4999999999998,0.0,0
20,Full,7,296.99999999999994,2290.149273535627,1348.8333333333333,0.0,0
20,Full,8,385.0,2620.577538694865,1308.4999999999998,0.0,0
20,Full,9,296.99999999999994,2290.149273535627,1348.8333333333333,0.0,0
20,Full,10,307.0,2247.484915029555,1339.666666666667,0.0,0
20,Full,11,341.3333333333333,2303.3150240724744,1330.1666666666667,0.0,0
20,Full,12,298.3333333333333,2335.6180578401168,1347.333333333333,0.0,0
20,Full,13,314.6666666666667,2557.127710933913,1309.5,0.0,0
20,Full,14,365.3333333333333,2316.147424788718,1328.1666666666667,0.0,0
20,Full,15,306.33333333333337,2327.6249408848967,1341.0,0.0,0
20,Full,16,294.3333333333333,2352.4510003002224,1313.3333333333333,0.0,0
20,Full,17,287.6666666666667,2402.2858151150376,1320.0,0.0,0
20,Full,18,296.99999999999994,2278.0865673249627,1356.0,0.0,0
20,Full,19,302.33333333333337,2277.7531599175554,1355.6666666666665,0.0,0
20,Full,20,305.0,2323.9652849939484,1342.0,0.0,0
20,Full,21,294.3333333333333,2337.307064154008,1328.8333333333333,0.0,0
20,Full,22,296.99999999999994,2278.0865673249627,1356.0,0.0,0
20,Full,23,304.3333333333333,2287.051022166238,1344.5,0.0,0
20,Full,24,366.6666666666667,2293.241019682258,1325.1666666666667,0.0,0
20,Full,25,308.33333333333337,2224.5169972656313,1334.8333333333333,0.0,0
20,Full,26,346.66666666666663,2267.450575891564,1330.666666666667,0.0,0
20,-health,0,296.66666666666663,2159.6052903985205,1365.6666666666667,0.0,0
20,-health,1,326.6666666666667,2023.769202118665,1331.0,0.0,0
20,-health,2,297.6666666666667,2170.0921055845088,1356.6666666666667,0.0,0
20,-health,3,362.3333333333333,1920.0851033368012,1333.1666666666665,0.0,0
20,-health,4,314.6666666666667,1935.882198459734,1343.4999999999998,0.0,0
20,-health,5,297.66666666666663,2058.088302774645,1376.6666666666667,0.0,0
20,-health,6,302.6666666666667,1977.282990471084,1365.3333333333335,0.0,0
20,-health,7,362.3333333333333,1922.0830292627272,1323.8333333333333,0.0,0
20,-health,8,326.6666666666667,1987.7862560260726,1336.0,0.0,0
20,-health,9,361.33333333333337,1982.8013558782056,1332.9999999999998,0.0,0
20,-health,10,362.3333333333333,1922.0830292627272,1323.8333333333333,0.0,0
20,-health,11,330.66666666666663,1901.4832218523968,1340.0,0.0,0
20,-health,12,304.3333333333333,2115.041258920038,1344.666666666667,0.0,0
20,-health,13,300.6666666666667,2067.4271414885047,1351.166666666667,0.0,0
20,-health,14,333.0,1848.3712913567256,1358.6666666666665,0.0,0
20,-health,15,335.3333333333333,1848.4886394156356,1347.1666666666667,0.0,0
20,-health,16,326.6666666666667,1987.7862560260726,1336.0,0.0,0
20,-health,17,300.6666666666667,2067.4271414885047,1351.166666666667,0.0,0
20,-health,18,336.0,1869.4838651064383,1333.3333333333335,0.0,0
20,-health,19,362.3333333333333,1922.0830292627272,1323.8333333333333,0.0,0
20,-health,20,333.0,1845.5401432085775,1368.4999999999998,0.0,0
20,-health,21,322.6666666666667,1994.7180117558892,1332.8333333333333,0.0,0
20,-health,22,302.6666666666667,1976.450064545158,1367.1666666666667,0.0,0
20,-health,23,314.6666666666667,1935.882198459734,1343.4999999999998,0.0,0
20,-health,24,336.0,1846.8506166766244,1352.166666666667,0.0,0
20,-health,25,336.0,1858.8195688101418,1344.0000000000002,0.0,0
20,-health,26,303.0,2141.315498155733,1333.5000000000002,0.0,0
20,-health,27,336.0,1858.8195688101418,1344.0000000000002,0.0,0
20,-health,28,297.6666666666667,2137.0934389178424,1362.6666666666665,0.0,0
20,-health,29,325.0,1860.2677751024607,1348.6666666666667,0.0,0
20,-health,30,324.6666666666667,1854.4305007640412,1358.5,0.0,0
20,-health,31,309.0,1933.7823238044173,1362.3333333333335,0.0,0
20,-health,32,334.6666666666667,1979.700650631724,1335.4999999999998,0.0,0
20,-health,33,301.33333333333337,2019.334947491286,1348.3333333333335,0.0,0
20,-health,34,297.66666666666663,2058.088302774645,1376.6666666666667,0.0,0
20,-health,35,362.3333333333333,1922.0830292627272,1323.8333333333333,0.0,0
20,-health,36,311.3333333333333,1990.6564402512834,1341.6666666666667,0.0,0
20,-health,37,315.0,1856.6020713987573,1353.0000000000002,0.0,0
20,-health,38,309.33333333333337,2013.001214963512,1346.1666666666667,0.0,0
20,-health,39,316.66666666666674,2016.9101677543001,1340.166666666667,0.0,0
20,-health,40,322.6666666666667,1960.1294411211732,1336.8333333333333,0.0,0
20,-health,41,302.6666666666667,1973.783990471084,1369.8333333333333,0.0,0
20,-health,42,336.0,1869.3177910323639,1336.0,0.0,0
20,-health,43,328.0,1871.3737345396792,1343.1666666666667,0.0,0
20,-health,44,375.6666666666667,1950.8561529395818,1318.6666666666667,0.0,1
20,-health,45,335.33333333333337,1992.1252784583946,1328.1666666666667,0.0,0
20,-health,46,300.6666666666667,2067.4271414885047,1351.166666666667,0.0,0
20,-health,47,297.66666666666663,2054.090376848719,1386.0,0.0,0
20,-health,48,330.66666666666663,1906.8650353534374,1339.6666666666665,0.0,0
20,-health,49,311.3333333333333,1979.7463442193325,1343.6666666666667,0.0,0
20,-health,50,333.0,1828.0666242880068,1372.833333333333,0.0,0
20,-health,51,334.6666666666667,1815.9543867622929,1355.3333333333335,0.0,0
20,-health,52,310.0,1861.3018636451798,1343.8333333333333,0.0,0
20,-health,53,305.33333333333337,2024.5728474624486,1334.166666666667,0.0,0
20,-health,54,306.00000000000006,1997.3042214818151,1347.0,0.0,0
20,-health,55,335.3333333333333,1848.4886394156356,1347.1666666666667,0.0,0
20,-health,56,298.33333333333337,1980.1272305095738,1356.6666666666667,0.0,0
20,-health,57,322.6666666666667,1959.0235370341886,1339.5,0.0,0
20,-adaptW,0,335.3333333333333,2536.7703898437153,1311.6666666666667,0.0,0
20,-adaptW,1,299.6666666666667,2315.0361703665676,1329.1666666666667,0.0,0
20,-adaptW,2,320.6666666666667,2342.2280305294553,1323.5000000000002,0.0,0
20,-adaptW,3,295.33333333333337,2356.2198020677024,1342.166666666667,0.0,0
20,-adaptW,4,295.33333333333337,2356.2198020677024,1342.166666666667,0.0,0
20,-adaptW,5,299.6666666666667,2315.0361703665676,1329.1666666666667,0.0,0
20,-adaptW,6,299.6666666666667,2315.0361703665676,1329.1666666666667,0.0,0
20,-adaptW,7,318.0,2380.861708911606,1314.0,0.0,0
20,-adaptW,8,295.33333333333337,2356.2198020677024,1342.166666666667,0.0,0
20,-adaptW,9,299.6666666666667,2344.4376740295843,1324.0,0.0,0
20,-adaptW,10,298.3333333333333,2344.8072349047097,1331.1666666666665,0.0,0
20,-adaptW,11,299.6666666666667,2315.0361703665676,1329.1666666666667,0.0,0
20,-adaptW,12,298.3333333333333,2344.8072349047097,1331.1666666666665,0.0,0
20,-adaptW,13,295.33333333333337,2355.5305648698445,1344.666666666667,0.0,0
20,-adaptW,14,320.6666666666667,2342.2280305294553,1323.5000000000002,0.0,0
20,-adaptW,15,318.0,2365.357313105831,1319.5,0.0,0
20,-adaptW,16,320.6666666666667,2342.2280305294553,1323.5000000000002,0.0,0
20,-adaptW,17,299.6666666666667,2315.0361703665676,1329.1666666666667,0.0,0
20,-adaptW,18,299.6666666666667,2359.079119393771,1321.666666666667,0.0,0
20,-adaptW,19,339.3333333333333,2440.140339713016,1312.3333333333333,0.0,0
20,-adaptW,20,295.66666666666663,2329.80530556554,1336.1666666666667,0.0,0
20,-adaptW,21,323.0,2252.868232942499,1354.0,0.0,0
20,-adaptW,22,299.6666666666667,2316.823905771553,1328.1666666666667,0.0,0
20,-adaptW,23,295.33333333333337,2356.2198020677024,1342.166666666667,0.0,0
20,-adaptW,24,299.0,2388.4479437144796,1318.8333333333335,0.0,0
20,-adaptW,25,298.3333333333333,2344.8072349047097,1331.1666666666665,0.0,0
20,-adaptW,26,299.6666666666667,2344.4376740295843,1324.0,0.0,0
20,-adaptW,27,295.66666666666663,2301.332330805927,1342.166666666667,0.0,0
20,-adaptW,28,354.66666666666674,2376.309505376782,1312.5,0.0,1
20,-adaptW,29,308.6666666666667,2294.2909481066945,1331.5000000000005,0.0,0
20,-adaptW,30,295.33333333333337,2355.025140580167,1351.666666666667,0.0,0
20,-adaptW,31,295.33333333333337,2356.2198020677024,1342.166666666667,0.0,0
20,-adaptW,32,295.33333333333337,2356.2198020677024,1342.166666666667,0.0,0
20,-adaptW,33,299.0,2388.4479437144796,1318.8333333333335,0.0,0
20,-adaptW,34,299.6666666666667,2315.0361703665676,1329.1666666666667,0.0,0
20,-adaptW,35,295.33333333333337,2356.5530613269616,1341.8333333333335,0.0,0
20,-adaptW,36,292.66666666666663,2380.4761174907935,1323.3333333333335,0.0,0
20,-adaptW,37,295.66666666666663,2329.80530556554,1336.1666666666667,0.0,0
20,-adaptW,38,335.3333333333333,2537.7676491029747,1299.3333333333333,0.0,0
20,-adaptW,39,295.33333333333337,2356.2198020677024,1342.166666666667,0.0,0
20,-adaptW,40,299.0,2392.911913798336,1314.6666666666667,0.0,0
20,-adaptW,41,299.6666666666667,2315.0361703665676,1329.1666666666667,0.0,0
20,-adaptW,42,312.66666666666663,2314.4159056795793,1327.5000000000002,0.0,0
20,-adaptW,43,323.0,2267.3428180568435,1343.9999999999998,0.0,0
20,-adaptW,44,295.33333333333337,2355.025140580167,1351.666666666667,0.0,0
20,-adaptW,45,299.6666666666667,2289.24998040588,1332.1666666666667,0.0,0
20,-adaptW,46,299.0,2366.39930204092,1327.0000000000002,0.0,0
20,-adaptW,47,295.33333333333337,2356.2198020677024,1342.166666666667,0.0,0
20,-impAstar,0,285.0,2484.9954083124694,1339.9999999999998,0.0,0
20,-impAstar,1,395.6666666666667,2612.9862687640957,1306.1666666666665,0.0,1
20,-impAstar,2,307.0,2247.484915029555,1339.666666666667,0.0,0
20,-impAstar,3,304.3333333333333,2267.201505655041,1358.8333333333333,0.0,0
20,-impAstar,4,304.3333333333333,2277.3863184625343,1353.3333333333333,0.0,0
20,-impAstar,5,316.33333333333337,2196.337379128894,1346.5,0.0,0
20,-impAstar,6,294.33333333333337,2332.3174216837747,1355.4999999999998,0.0,0
20,-impAstar,7,296.99999999999994,2290.149273535627,1348.8333333333333,0.0,0
20,-impAstar,8,385.0,2620.577538694865,1308.4999999999998,0.0,0
20,-impAstar,9,296.99999999999994,2290.149273535627,1348.8333333333333,0.0,0
20,-impAstar,10,307.0,2247.484915029555,1339.666666666667,0.0,0
20,-impAstar,11,341.3333333333333,2303.3150240724744,1330.1666666666667,0.0,0
20,-impAstar,12,298.3333333333333,2335.6180578401168,1347.333333333333,0.0,0
20,-impAstar,13,314.6666666666667,2557.127710933913,1309.5,0.0,0
20,-impAstar,14,365.3333333333333,2316.147424788718,1328.1666666666667,0.0,0
20,-impAstar,15,306.33333333333337,2327.6249408848967,1341.0,0.0,0
20,-impAstar,16,294.3333333333333,2352.4510003002224,1313.3333333333333,0.0,0
20,-impAstar,17,287.6666666666667,2402.2858151150376,1320.0,0.0,0
20,-impAstar,18,296.99999999999994,2278.0865673249627,1356.0,0.0,0
20,-impAstar,19,302.33333333333337,2277.7531599175554,1355.6666666666665,0.0,0
20,-impAstar,20,305.0,2323.9652849939484,1342.0,0.0,0
20,-impAstar,21,294.3333333333333,2337.307064154008,1328.8333333333333,0.0,0
20,-impAstar,22,296.99999999999994,2278.0865673249627,1356.0,0.0,0
20,-impAstar,23,304.3333333333333,2287.051022166238,1344.5,0.0,0
20,-impAstar,24,366.6666666666667,2293.241019682258,1325.1666666666667,0.0,0
20,-impAstar,25,308.33333333333337,2224.5169972656313,1334.8333333333333,0.0,0
20,-impAstar,26,346.66666666666663,2267.450575891564,1330.666666666667,0.0,0
20,-closedLoop,0,285.0,2484.9954083124694,1339.9999999999998,0.0,0
20,-closedLoop,1,395.6666666666667,2612.9862687640957,1306.1666666666665,0.0,0
20,-closedLoop,2,307.0,2247.484915029555,1339.666666666667,0.0,0
20,-closedLoop,3,304.3333333333333,2267.201505655041,1358.8333333333333,0.0,0
20,-closedLoop,4,304.3333333333333,2277.3863184625343,1353.3333333333333,0.0,0
20,-closedLoop,5,316.33333333333337,2196.337379128894,1346.5,0.0,0
20,-closedLoop,6,294.33333333333337,2332.3174216837747,1355.4999999999998,0.0,0
20,-closedLoop,7,296.99999999999994,2290.149273535627,1348.8333333333333,0.0,0
20,-closedLoop,8,385.0,2620.577538694865,1308.4999999999998,0.0,0
20,-closedLoop,9,296.99999999999994,2290.149273535627,1348.8333333333333,0.0,0
20,-closedLoop,10,307.0,2247.484915029555,1339.666666666667,0.0,0
20,-closedLoop,11,341.3333333333333,2303.3150240724744,1330.1666666666667,0.0,0
20,-closedLoop,12,298.3333333333333,2335.6180578401168,1347.333333333333,0.0,0
20,-closedLoop,13,314.6666666666667,2557.127710933913,1309.5,0.0,0
20,-closedLoop,14,365.3333333333333,2316.147424788718,1328.1666666666667,0.0,0
20,-closedLoop,15,306.33333333333337,2327.6249408848967,1341.0,0.0,0
20,-closedLoop,16,294.3333333333333,2352.4510003002224,1313.3333333333333,0.0,0
20,-closedLoop,17,287.6666666666667,2402.2858151150376,1320.0,0.0,0
20,-closedLoop,18,296.99999999999994,2278.0865673249627,1356.0,0.0,0
20,-closedLoop,19,302.33333333333337,2277.7531599175554,1355.6666666666665,0.0,0
20,-closedLoop,20,305.0,2323.9652849939484,1342.0,0.0,0
20,-closedLoop,21,294.3333333333333,2337.307064154008,1328.8333333333333,0.0,0
20,-closedLoop,22,296.99999999999994,2278.0865673249627,1356.0,0.0,0
20,-closedLoop,23,304.3333333333333,2287.051022166238,1344.5,0.0,0
20,-closedLoop,24,366.6666666666667,2293.241019682258,1325.1666666666667,0.0,0
20,-closedLoop,25,308.33333333333337,2224.5169972656313,1334.8333333333333,0.0,0
20,-closedLoop,26,346.66666666666663,2267.450575891564,1330.666666666667,0.0,0
20,hard-only,0,296.66666666666663,2159.6052903985205,1365.6666666666667,0.0,0
20,hard-only,1,326.6666666666667,2023.769202118665,1331.0,0.0,0
20,hard-only,2,297.6666666666667,2170.0921055845088,1356.6666666666667,0.0,0
20,hard-only,3,362.3333333333333,1920.0851033368012,1333.1666666666665,0.0,0
20,hard-only,4,314.6666666666667,1935.882198459734,1343.4999999999998,0.0,0
20,hard-only,5,297.66666666666663,2058.088302774645,1376.6666666666667,0.0,0
20,hard-only,6,302.6666666666667,1977.282990471084,1365.3333333333335,0.0,0
20,hard-only,7,362.3333333333333,1922.0830292627272,1323.8333333333333,0.0,0
20,hard-only,8,326.6666666666667,1987.7862560260726,1336.0,0.0,0
20,hard-only,9,361.33333333333337,1982.8013558782056,1332.9999999999998,0.0,0
20,hard-only,10,362.3333333333333,1922.0830292627272,1323.8333333333333,0.0,0
20,hard-only,11,330.66666666666663,1901.4832218523968,1340.0,0.0,0
20,hard-only,12,304.3333333333333,2115.041258920038,1344.666666666667,0.0,0
20,hard-only,13,300.6666666666667,2067.4271414885047,1351.166666666667,0.0,0
20,hard-only,14,333.0,1848.3712913567256,1358.6666666666665,0.0,0
20,hard-only,15,335.3333333333333,1848.4886394156356,1347.1666666666667,0.0,0
20,hard-only,16,326.6666666666667,1987.7862560260726,1336.0,0.0,0
20,hard-only,17,300.6666666666667,2067.4271414885047,1351.166666666667,0.0,0
20,hard-only,18,336.0,1869.4838651064383,1333.3333333333335,0.0,0
20,hard-only,19,362.3333333333333,1922.0830292627272,1323.8333333333333,0.0,0
20,hard-only,20,333.0,1845.5401432085775,1368.4999999999998,0.0,0
20,hard-only,21,322.6666666666667,1994.7180117558892,1332.8333333333333,0.0,0
20,hard-only,22,302.6666666666667,1976.450064545158,1367.1666666666667,0.0,0
20,hard-only,23,314.6666666666667,1935.882198459734,1343.4999999999998,0.0,0
20,hard-only,24,336.0,1846.8506166766244,1352.166666666667,0.0,0
20,hard-only,25,336.0,1858.8195688101418,1344.0000000000002,0.0,0
20,hard-only,26,303.0,2141.315498155733,1333.5000000000002,0.0,0
20,hard-only,27,336.0,1858.8195688101418,1344.0000000000002,0.0,0
20,hard-only,28,297.6666666666667,2137.0934389178424,1362.6666666666665,0.0,0
20,hard-only,29,325.0,1860.2677751024607,1348.6666666666667,0.0,0
20,hard-only,30,324.6666666666667,1854.4305007640412,1358.5,0.0,0
20,hard-only,31,309.0,1933.7823238044173,1362.3333333333335,0.0,0
20,hard-only,32,334.6666666666667,1979.700650631724,1335.4999999999998,0.0,0
20,hard-only,33,301.33333333333337,2019.334947491286,1348.3333333333335,0.0,0
20,hard-only,34,297.66666666666663,2058.088302774645,1376.6666666666667,0.0,0
20,hard-only,35,362.3333333333333,1922.0830292627272,1323.8333333333333,0.0,0
20,hard-only,36,311.3333333333333,1990.6564402512834,1341.6666666666667,0.0,0
20,hard-only,37,315.0,1856.6020713987573,1353.0000000000002,0.0,0
20,hard-only,38,309.33333333333337,2013.001214963512,1346.1666666666667,0.0,0
20,hard-only,39,316.66666666666674,2016.9101677543001,1340.166666666667,0.0,0
20,hard-only,40,322.6666666666667,1960.1294411211732,1336.8333333333333,0.0,0
20,hard-only,41,302.6666666666667,1973.783990471084,1369.8333333333333,0.0,0
20,hard-only,42,336.0,1869.3177910323639,1336.0,0.0,0
20,hard-only,43,328.0,1871.3737345396792,1343.1666666666667,0.0,0
20,hard-only,44,375.6666666666667,1950.8561529395818,1318.6666666666667,0.0,1
20,hard-only,45,335.33333333333337,1992.1252784583946,1328.1666666666667,0.0,0
20,hard-only,46,300.6666666666667,2067.4271414885047,1351.166666666667,0.0,0
20,hard-only,47,297.66666666666663,2054.090376848719,1386.0,0.0,0
20,hard-only,48,330.66666666666663,1906.8650353534374,1339.6666666666665,0.0,0
20,hard-only,49,311.3333333333333,1979.7463442193325,1343.6666666666667,0.0,0
20,hard-only,50,333.0,1828.0666242880068,1372.833333333333,0.0,0
20,hard-only,51,334.6666666666667,1815.9543867622929,1355.3333333333335,0.0,0
20,hard-only,52,310.0,1861.3018636451798,1343.8333333333333,0.0,0
20,hard-only,53,305.33333333333337,2024.5728474624486,1334.166666666667,0.0,0
20,hard-only,54,306.00000000000006,1997.3042214818151,1347.0,0.0,0
20,hard-only,55,335.3333333333333,1848.4886394156356,1347.1666666666667,0.0,0
20,hard-only,56,298.33333333333337,1980.1272305095738,1356.6666666666667,0.0,0
20,hard-only,57,322.6666666666667,1959.0235370341886,1339.5,0.0,0
20,GA-SA-multiSoH,0,266.6666666666667,2303.9602361992306,1283.1666666666665,0.0,1
21,Full,0,302.0,2105.8976050366323,1357.6666666666667,0.0,0
21,Full,1,291.0,2259.5829126618405,1321.6666666666667,0.0,0
21,Full,2,295.0,2194.443235427073,1340.5000000000002,0.0,0
21,Full,3,295.0,2199.6128964951754,1328.3333333333333,0.0,0
21,Full,4,333.33333333333337,2109.0712123660933,1352.0000000000002,0.0,0
21,Full,5,333.33333333333337,2109.0712123660933,1352.0000000000002,0.0,0
21,Full,6,301.66666666666663,2131.73001244404,1353.5,0.0,0
21,Full,7,322.3333333333333,2231.1590841534876,1320.8333333333335,0.0,0
21,Full,8,301.66666666666663,2131.73001244404,1353.5,0.0,0
21,Full,9,296.0,2177.1137539455917,1357.8333333333333,0.0,0
21,Full,10,322.3333333333333,2231.1590841534876,1320.8333333333335,0.0,0
21,Full,11,295.0,2199.6128964951754,1328.3333333333333,0.0,0
21,Full,12,295.0,2199.6128964951754,1328.3333333333333,0.0,0
21,Full,13,291.0,2259.5829126618405,1321.6666666666667,0.0,0
21,Full,14,303.6666666666667,2113.6020748453557,1339.1666666666667,0.0,0
21,Full,15,333.33333333333337,2109.0712123660933,1352.0000000000002,0.0,0
21,Full,16,301.6666666666667,2155.6214491183,1330.1666666666667,0.0,0
21,Full,17,300.3333333333333,2144.4394264579023,1334.166666666667,0.0,0
21,Full,18,300.3333333333333,2144.4394264579023,1334.166666666667,0.0,0
21,Full,19,303.6666666666667,2113.6020748453557,1339.1666666666667,0.0,0
21,Full,20,301.66666666666663,2131.73001244404,1353.5,0.0,0
21,Full,21,317.0,2188.6194951601233,1327.8333333333335,0.0,0
21,Full,22,302.0,2123.395271703299,1347.1666666666667,0.0,0
21,Full,23,340.6666666666667,2284.1750482191787,1317.166666666667,0.0,0
21,Full,24,334.6666666666667,2189.097334897543,1327.6666666666667,0.0,0
21,Full,25,291.0,2259.5829126618405,1321.6666666666667,0.0,0
21,Full,26,291.0,2201.2932950622835,1330.1666666666667,0.0,0
21,Full,27,314.0,2133.623375044226,1338.8333333333335,0.0,0
21,Full,28,313.3333333333333,2097.3149557267616,1352.6666666666665,0.0,0
21,Full,29,340.6666666666667,2279.2477422208403,1317.6666666666667,0.0,0
21,Full,30,295.0,2178.539968158081,1343.0,0.0,0
21,Full,31,321.66666666666663,2142.1130639445305,1334.5,0.0,0
21,Full,32,300.3333333333333,2152.9386486801245,1330.666666666667,0.0,0
21,Full,33,285.6666666666667,2216.1289189567406,1339.8333333333333,0.0,0
21,Full,34,291.0,2259.5829126618405,1321.6666666666667,0.0,0
21,Full,35,301.6666666666667,2251.008714885845,1318.6666666666667,0.0,0
21,Full,36,301.6666666666667,2204.659787857191,1324.0,0.0,0
21,Full,37,327.66666666666663,2159.5976311938393,1329.0,0.0,0
21,Full,38,285.6666666666667,2236.0916337782214,1329.5,0.0,0
21,Full,39,291.0,2259.5829126618405,1321.6666666666667,0.0,0
21,Full,40,288.3333333333333,2208.6981186379685,1321.8333333333333,0.0,0
21,Full,41,285.6666666666667,2223.833487676121,1337.8333333333333,0.0,0
21,Full,42,309.0,2240.881957772757,1320.6666666666667,0.0,0
21,Full,43,322.3333333333333,2231.1590841534876,1320.8333333333335,0.0,0
21,Full,44,301.6666666666667,2204.0940852562157,1327.8333333333333,0.0,0
21,Full,45,303.6666666666667,2113.6020748453557,1339.1666666666667,0.0,0
21,Full,46,285.6666666666667,2236.0916337782214,1329.5,0.0,0
21,Full,47,285.0,2236.7520760627885,1324.9999999999998,0.0,0
21,-health,0,306.0,1987.0499833610638,1330.666666666667,0.0,0
21,-health,1,324.66666666666663,1961.3893823667431,1337.1666666666667,0.0,0
21,-health,2,307.3333333333333,1983.0404630786857,1335.3333333333335,0.0,0
21,-health,3,295.6666666666667,1905.0940680949423,1362.6666666666665,0.0,0
21,-health,4,296.0,1889.4138310693206,1343.6666666666667,0.0,0
21,-health,5,288.33333333333337,1953.5968125517588,1346.6666666666667,0.0,0
21,-health,6,307.3333333333333,1865.1273861864313,1348.8333333333333,0.0,0
21,-health,7,307.3333333333333,1865.1273861864313,1348.8333333333333,0.0,0
21,-health,8,297.3333333333333,1876.1298306308759,1359.8333333333333,0.0,0
21,-health,9,356.6666666666667,1838.9363134206571,1346.3333333333333,0.0,0
21,-health,10,305.6666666666667,1927.6974346221064,1337.6666666666665,0.0,0
21,-health,11,304.6666666666667,1991.9199377780817,1325.3333333333335,0.0,0
21,-health,12,296.66666666666663,1981.0570328257697,1336.8333333333335,0.0,0
21,-health,13,333.3333333333333,1913.1844878990485,1338.5,0.0,0
21,-health,14,329.0,1802.279772668501,1349.8333333333333,0.0,0
21,-health,15,307.3333333333333,1983.0404630786857,1335.3333333333335,0.0,0
21,-health,16,307.3333333333333,1905.7487260486996,1342.1666666666667,0.0,0
21,-health,17,305.6666666666667,1927.6974346221064,1337.6666666666665,0.0,0
21,-health,18,287.66666666666663,1997.5148186475453,1345.5,0.0,0
21,-health,19,295.3333333333333,1909.4145779005514,1338.5000000000002,0.0,0
21,-health,20,356.6666666666667,1838.9363134206571,1346.3333333333333,0.0,0
21,-health,21,296.66666666666663,1981.0570328257697,1336.8333333333335,0.0,0
21,-health,22,288.33333333333337,1958.570434993322,1339.5000000000002,0.0,0
21,-health,23,309.66666666666663,1862.3375027594657,1351.6666666666667,0.0,0
21,-health,24,309.66666666666663,1862.3375027594657,1351.6666666666667,0.0,0
21,-health,25,297.3333333333333,2000.3401772995644,1332.6666666666667,0.0,0
21,-health,26,314.0,2107.156031882867,1323.3333333333335,0.0,0
21,-health,27,295.6666666666667,1906.6676829211726,1361.0,0.0,0
21,-health,28,307.3333333333333,1905.7487260486996,1342.1666666666667,0.0,0
21,-health,29,297.3333333333333,1881.1285713716165,1354.1666666666667,0.0,0
21,-health,30,295.6666666666667,1905.0940680949423,1362.6666666666665,0.0,0
21,-health,31,309.66666666666663,1862.3375027594657,1351.6666666666667,0.0,0
21,-health,32,317.33333333333337,1976.926794944297,1336.0,0.0,0
21,-health,33,302.33333333333337,1867.953102512736,1342.6666666666665,0.0,0
21,-health,34,296.66666666666663,1980.057255047992,1337.8333333333333,0.0,0
21,-health,35,305.6666666666667,1927.6974346221064,1337.6666666666665,0.0,0
21,-health,36,307.3333333333333,1983.0404630786857,1335.3333333333335,0.0,0
21,-health,37,296.66666666666663,1981.0570328257697,1336.8333333333335,0.0,0
21,-health,38,288.0,1979.0723238822109,1348.0,0.0,0
21,-health,39,368.66666666666663,2067.576164089494,1319.8333333333333,0.0,1
21,-health,40,309.66666666666663,1862.3375027594657,1351.6666666666667,0.0,0
21,-health,41,289.6666666666667,2022.9557963038906,1337.666666666667,0.0,0
21,-health,42,288.33333333333337,1945.097108848055,1348.0,0.0,0
21,-health,43,288.0,1959.5123984333761,1357.0,0.0,0
21,-health,44,282.99999999999994,2053.8586253936205,1351.3333333333335,0.0,0
21,-adaptW,0,298.33333333333337,2177.307662243094,1350.6666666666667,0.0,0
21,-adaptW,1,320.6666666666667,2226.529280160717,1309.5,0.0,0
21,-adaptW,2,286.3333333333333,2253.0781271746573,1338.5000000000002,0.0,0
21,-adaptW,3,308.66666666666663,2432.413594254641,1314.0000000000002,0.0,0
21,-adaptW,4,295.3333333333333,2180.239631742307,1330.5000000000002,0.0,0
21,-adaptW,5,303.3333333333333,2184.710211207147,1315.8333333333333,0.0,1
21,-adaptW,6,343.0,2300.638144622095,1308.3333333333333,0.0,0
21,-adaptW,7,302.66666666666663,2173.6729339553117,1344.0000000000002,0.0,0
21,-adaptW,8,286.3333333333333,2261.16663399237,1337.5000000000002,0.0,0
21,-adaptW,9,320.6666666666667,2226.529280160717,1309.5,0.0,0
21,-adaptW,10,332.6666666666667,2150.020374482887,1316.0,0.0,0
21,-adaptW,11,302.66666666666663,2173.6729339553117,1344.0000000000002,0.0,0
21,-adaptW,12,303.3333333333333,2164.1059755068127,1320.8333333333335,0.0,0
21,-adaptW,13,382.66666666666663,2326.431135273516,1306.6666666666665,0.0,0
21,-adaptW,14,343.0,2300.638144622095,1308.3333333333333,0.0,0
21,-adaptW,15,303.3333333333333,2132.7454691063795,1322.5000000000002,0.0,0
21,-adaptW,16,334.0,2144.5944477285434,1309.8333333333335,0.0,0
21,-adaptW,17,292.33333333333337,2185.792439783993,1338.4999999999998,0.0,0
21,-adaptW,18,305.3333333333333,2163.046977204078,1318.1666666666667,0.0,0
21,-adaptW,19,368.6666666666667,2225.9984100679285,1309.5,0.0,0
21,-adaptW,20,308.66666666666663,2432.413594254641,1314.0000000000002,0.0,0
21,-adaptW,21,334.0,2144.5944477285434,1309.8333333333335,0.0,0
21,-adaptW,22,384.6666666666667,2206.3174287329625,1306.5,0.0,0
21,-adaptW,23,299.3333333333333,2253.2817171983766,1316.0,0.0,0
21,-adaptW,24,287.66666666666663,2229.548211207147,1336.8333333333335,0.0,0
21,-adaptW,25,343.0,2300.638144622095,1308.3333333333333,0.0,0
21,-adaptW,26,320.6666666666667,2153.6189278789525,1311.5,0.0,0
21,-adaptW,27,348.3333333333333,2129.825290402522,1315.1666666666667,0.0,0
21,-adaptW,28,370.0,2339.0483077024046,1307.8333333333333,0.0,0
21,-adaptW,29,320.6666666666667,2226.529280160717,1309.5,0.0,0
21,-adaptW,30,343.0,2300.638144622095,1308.3333333333333,0.0,0
21,-adaptW,31,299.3333333333333,2200.281939420599,1317.0,0.0,0
21,-adaptW,32,334.0,2121.1373083337103,1323.8333333333333,0.0,0
21,-adaptW,33,292.33333333333337,2185.792439783993,1338.4999999999998,0.0,0
21,-adaptW,34,320.6666666666667,2226.529280160717,1309.5,0.0,0
21,-adaptW,35,308.66666666666663,2432.413594254641,1314.0000000000002,0.0,0
21,-adaptW,36,302.66666666666663,2141.6735265479047,1346.666666666667,0.0,0
21,-adaptW,37,320.3333333333333,2308.1924177529418,1312.3333333333333,0.0,0
21,-adaptW,38,299.3333333333333,2253.2817171983766,1316.0,0.0,0
21,-adaptW,39,299.3333333333333,2200.281939420599,1317.0,0.0,0
21,-adaptW,40,384.6666666666667,2205.317650955185,1307.5,0.0,0
21,-adaptW,41,320.6666666666667,2130.5390980153743,1332.0,0.0,0
21,-adaptW,42,320.6666666666667,2226.529280160717,1309.5,0.0,0
21,-adaptW,43,292.33333333333337,2185.792439783993,1338.4999999999998,0.0,0
21,-adaptW,44,299.3333333333333,2253.2817171983766,1316.0,0.0,0
21,-adaptW,45,289.0,2209.9857865521562,1319.8333333333337,0.0,0
21,-adaptW,46,384.6666666666667,2206.3174287329625,1306.5,0.0,0
21,-adaptW,47,343.0,2300.638144622095,1308.3333333333333,0.0,0
21,-adaptW,48,303.3333333333333,2184.710211207147,1315.8333333333333,0.0,0
21,-adaptW,49,313.66666666666663,2166.341297289313,1312.5,0.0,0
21,-adaptW,50,305.3333333333333,2163.046977204078,1318.1666666666667,0.0,0
21,-adaptW,51,303.3333333333333,2184.710211207147,1315.8333333333333,0.0,0
21,-adaptW,52,348.3333333333333,2133.9915496617814,1313.3333333333335,0.0,0
21,-adaptW,53,303.3333333333333,2184.710211207147,1315.8333333333333,0.0,0
21,-impAstar,0,302.0,2105.8976050366323,1357.6666666666667,0.0,0
21,-impAstar,1,291.0,2259.5829126618405,1321.6666666666667,0.0,0
21,-impAstar,2,295.0,2194.443235427073,1340.5000000000002,0.0,0
21,-impAstar,3,295.0,2199.6128964951754,1328.3333333333333,0.0,0
21,-impAstar,4,333.33333333333337,2109.0712123660933,1352.0000000000002,0.0,1
21,-impAstar,5,333.33333333333337,2109.0712123660933,1352.0000000000002,0.0,0
21,-impAstar,6,301.66666666666663,2131.73001244404,1353.5,0.0,0
21,-impAstar,7,322.3333333333333,2231.1590841534876,1320.8333333333335,0.0,0
21,-impAstar,8,301.66666666666663,2131.73001244404,1353.5,0.0,0
21,-impAstar,9,296.0,2177.1137539455917,1357.8333333333333,0.0,0
21,-impAstar,10,322.3333333333333,2231.1590841534876,1320.8333333333335,0.0,0
21,-impAstar,11,295.0,2199.6128964951754,1328.3333333333333,0.0,0
21,-impAstar,12,295.0,2199.6128964951754,1328.3333333333333,0.0,0
21,-impAstar,13,291.0,2259.5829126618405,1321.6666666666667,0.0,0
21,-impAstar,14,303.6666666666667,2113.6020748453557,1339.1666666666667,0.0,0
21,-impAstar,15,333.33333333333337,2109.0712123660933,1352.0000000000002,0.0,0
21,-impAstar,16,301.6666666666667,2155.6214491183,1330.1666666666667,0.0,0
21,-impAstar,17,300.3333333333333,2144.4394264579023,1334.166666666667,0.0,0
21,-impAstar,18,300.3333333333333,2144.4394264579023,1334.166666666667,0.0,0
21,-impAstar,19,303.6666666666667,2113.6020748453557,1339.1666666666667,0.0,0
21,-impAstar,20,301.66666666666663,2131.73001244404,1353.5,0.0,0
21,-impAstar,21,317.0,2188.6194951601233,1327.8333333333335,0.0,0
21,-impAstar,22,302.0,2123.395271703299,1347.1666666666667,0.0,0
21,-impAstar,23,340.6666666666667,2284.1750482191787,1317.166666666667,0.0,0
21,-impAstar,24,334.6666666666667,2189.097334897543,1327.6666666666667,0.0,0
21,-impAstar,25,291.0,2259.5829126618405,1321.6666666666667,0.0,0
21,-impAstar,26,291.0,2201.2932950622835,1330.1666666666667,0.0,0
21,-impAstar,27,314.0,2133.623375044226,1338.8333333333335,0.0,0
21,-impAstar,28,313.3333333333333,2097.3149557267616,1352.6666666666665,0.0,0
21,-impAstar,29,340.6666666666667,2279.2477422208403,1317.6666666666667,0.0,0
21,-impAstar,30,295.0,2178.539968158081,1343.0,0.0,0
21,-impAstar,31,321.66666666666663,2142.1130639445305,1334.5,0.0,0
21,-impAstar,32,300.3333333333333,2152.9386486801245,1330.666666666667,0.0,0
21,-impAstar,33,285.6666666666667,2216.1289189567406,1339.8333333333333,0.0,0
21,-impAstar,34,291.0,2259.5829126618405,1321.6666666666667,0.0,0
21,-impAstar,35,301.6666666666667,2251.008714885845,1318.6666666666667,0.0,0
21,-impAstar,36,301.6666666666667,2204.659787857191,1324.0,0.0,0
21,-impAstar,37,327.66666666666663,2159.5976311938393,1329.0,0.0,0
21,-impAstar,38,285.6666666666667,2236.0916337782214,1329.5,0.0,0
21,-impAstar,39,291.0,2259.5829126618405,1321.6666666666667,0.0,0
21,-impAstar,40,288.3333333333333,2208.6981186379685,1321.8333333333333,0.0,0
21,-impAstar,41,285.6666666666667,2223.833487676121,1337.8333333333333,0.0,0
21,-impAstar,42,309.0,2240.881957772757,1320.6666666666667,0.0,0
21,-impAstar,43,322.3333333333333,2231.1590841534876,1320.8333333333335,0.0,0
21,-impAstar,44,301.6666666666667,2204.0940852562157,1327.8333333333333,0.0,0
21,-impAstar,45,303.6666666666667,2113.6020748453557,1339.1666666666667,0.0,0
21,-impAstar,46,285.6666666666667,2236.0916337782214,1329.5,0.0,0
21,-impAstar,47,285.0,2236.7520760627885,1324.9999999999998,0.0,0
21,-closedLoop,0,302.0,2105.8976050366323,1357.6666666666667,0.0,0
21,-closedLoop,1,291.0,2259.5829126618405,1321.6666666666667,0.0,0
21,-closedLoop,2,295.0,2194.443235427073,1340.5000000000002,0.0,0
21,-closedLoop,3,295.0,2199.6128964951754,1328.3333333333333,0.0,0
21,-closedLoop,4,333.33333333333337,2109.0712123660933,1352.0000000000002,0.0,0
21,-closedLoop,5,333.33333333333337,2109.0712123660933,1352.0000000000002,0.0,0
21,-closedLoop,6,301.66666666666663,2131.73001244404,1353.5,0.0,0
21,-closedLoop,7,322.3333333333333,2231.1590841534876,1320.8333333333335,0.0,0
21,-closedLoop,8,301.66666666666663,2131.73001244404,1353.5,0.0,0
21,-closedLoop,9,296.0,2177.1137539455917,1357.8333333333333,0.0,0
21,-closedLoop,10,322.3333333333333,2231.1590841534876,1320.8333333333335,0.0,0
21,-closedLoop,11,295.0,2199.6128964951754,1328.3333333333333,0.0,0
21,-closedLoop,12,295.0,2199.6128964951754,1328.3333333333333,0.0,0
21,-closedLoop,13,291.0,2259.5829126618405,1321.6666666666667,0.0,0
21,-closedLoop,14,303.6666666666667,2113.6020748453557,1339.1666666666667,0.0,0
21,-closedLoop,15,333.33333333333337,2109.0712123660933,1352.0000000000002,0.0,0
21,-closedLoop,16,301.6666666666667,2155.6214491183,1330.1666666666667,0.0,0
21,-closedLoop,17,300.3333333333333,2144.4394264579023,1334.166666666667,0.0,0
21,-closedLoop,18,300.3333333333333,2144.4394264579023,1334.166666666667,0.0,0
21,-closedLoop,19,303.6666666666667,2113.6020748453557,1339.1666666666667,0.0,0
21,-closedLoop,20,301.66666666666663,2131.73001244404,1353.5,0.0,0
21,-closedLoop,21,317.0,2188.6194951601233,1327.8333333333335,0.0,0
21,-closedLoop,22,302.0,2123.395271703299,1347.1666666666667,0.0,0
21,-closedLoop,23,340.6666666666667,2284.1750482191787,1317.166666666667,0.0,0
21,-closedLoop,24,334.6666666666667,2189.097334897543,1327.6666666666667,0.0,0
21,-closedLoop,25,291.0,2259.5829126618405,1321.6666666666667,0.0,0
21,-closedLoop,26,291.0,2201.2932950622835,1330.1666666666667,0.0,0
21,-closedLoop,27,314.0,2133.623375044226,1338.8333333333335,0.0,0
21,-closedLoop,28,313.3333333333333,2097.3149557267616,1352.6666666666665,0.0,0
21,-closedLoop,29,340.6666666666667,2279.2477422208403,1317.6666666666667,0.0,0
21,-closedLoop,30,295.0,2178.539968158081,1343.0,0.0,0
21,-closedLoop,31,321.66666666666663,2142.1130639445305,1334.5,0.0,0
21,-closedLoop,32,300.3333333333333,2152.9386486801245,1330.666666666667,0.0,0
21,-closedLoop,33,285.6666666666667,2216.1289189567406,1339.8333333333333,0.0,0
21,-closedLoop,34,291.0,2259.5829126618405,1321.6666666666667,0.0,0
21,-closedLoop,35,301.6666666666667,2251.008714885845,1318.6666666666667,0.0,0
21,-closedLoop,36,301.6666666666667,2204.659787857191,1324.0,0.0,0
21,-closedLoop,37,327.66666666666663,2159.5976311938393,1329.0,0.0,0
21,-closedLoop,38,285.6666666666667,2236.0916337782214,1329.5,0.0,0
21,-closedLoop,39,291.0,2259.5829126618405,1321.6666666666667,0.0,0
21,-closedLoop,40,288.3333333333333,2208.6981186379685,1321.8333333333333,0.0,0
21,-closedLoop,41,285.6666666666667,2223.833487676121,1337.8333333333333,0.0,0
21,-closedLoop,42,309.0,2240.881957772757,1320.6666666666667,0.0,0
21,-closedLoop,43,322.3333333333333,2231.1590841534876,1320.8333333333335,0.0,0
21,-closedLoop,44,301.6666666666667,2204.0940852562157,1327.8333333333333,0.0,0
21,-closedLoop,45,303.6666666666667,2113.6020748453557,1339.1666666666667,0.0,0
21,-closedLoop,46,285.6666666666667,2236.0916337782214,1329.5,0.0,0
21,-closedLoop,47,285.0,2236.7520760627885,1324.9999999999998,0.0,0
21,hard-only,0,306.0,1987.0499833610638,1330.666666666667,0.0,0
21,hard-only,1,324.66666666666663,1961.3893823667431,1337.1666666666667,0.0,0
21,hard-only,2,307.3333333333333,1983.0404630786857,1335.3333333333335,0.0,0
21,hard-only,3,295.6666666666667,1905.0940680949423,1362.6666666666665,0.0,0
21,hard-only,4,296.0,1889.4138310693206,1343.6666666666667,0.0,0
21,hard-only,5,288.33333333333337,1953.5968125517588,1346.6666666666667,0.0,0
21,hard-only,6,307.3333333333333,1865.1273861864313,1348.8333333333333,0.0,0
21,hard-only,7,307.3333333333333,1865.1273861864313,1348.8333333333333,0.0,0
21,hard-only,8,297.3333333333333,1876.1298306308759,1359.8333333333333,0.0,0
21,hard-only,9,356.6666666666667,1838.9363134206571,1346.3333333333333,0.0,0
21,hard-only,10,305.6666666666667,1927.6974346221064,1337.6666666666665,0.0,0
21,hard-only,11,304.6666666666667,1991.9199377780817,1325.3333333333335,0.0,0
21,hard-only,12,296.66666666666663,1981.0570328257697,1336.8333333333335,0.0,0
21,hard-only,13,333.3333333333333,1913.1844878990485,1338.5,0.0,0
21,hard-only,14,329.0,1802.279772668501,1349.8333333333333,0.0,0
21,hard-only,15,307.3333333333333,1983.0404630786857,1335.3333333333335,0.0,0
21,hard-only,16,307.3333333333333,1905.7487260486996,1342.1666666666667,0.0,0
21,hard-only,17,305.6666666666667,1927.6974346221064,1337.6666666666665,0.0,0
21,hard-only,18,287.66666666666663,1997.5148186475453,1345.5,0.0,0
21,hard-only,19,295.3333333333333,1909.4145779005514,1338.5000000000002,0.0,0
21,hard-only,20,356.6666666666667,1838.9363134206571,1346.3333333333333,0.0,0
21,hard-only,21,296.66666666666663,1981.0570328257697,1336.8333333333335,0.0,0
21,hard-only,22,288.33333333333337,1958.570434993322,1339.5000000000002,0.0,0
21,hard-only,23,309.66666666666663,1862.3375027594657,1351.6666666666667,0.0,0
21,hard-only,24,309.66666666666663,1862.3375027594657,1351.6666666666667,0.0,0
21,hard-only,25,297.3333333333333,2000.3401772995644,1332.6666666666667,0.0,0
21,hard-only,26,314.0,2107.156031882867,1323.3333333333335,0.0,0
21,hard-only,27,295.6666666666667,1906.6676829211726,1361.0,0.0,0
21,hard-only,28,307.3333333333333,1905.7487260486996,1342.1666666666667,0.0,0
21,hard-only,29,297.3333333333333,1881.1285713716165,1354.1666666666667,0.0,0
21,hard-only,30,295.6666666666667,1905.0940680949423,1362.6666666666665,0.0,0
21,hard-only,31,309.66666666666663,1862.3375027594657,1351.6666666666667,0.0,0
21,hard-only,32,317.33333333333337,1976.926794944297,1336.0,0.0,0
21,hard-only,33,302.33333333333337,1867.953102512736,1342.6666666666665,0.0,0
21,hard-only,34,296.66666666666663,1980.057255047992,1337.8333333333333,0.0,0
21,hard-only,35,305.6666666666667,1927.6974346221064,1337.6666666666665,0.0,0
21,hard-only,36,307.3333333333333,1983.0404630786857,1335.3333333333335,0.0,0
21,hard-only,37,296.66666666666663,1981.0570328257697,1336.8333333333335,0.0,0
21,hard-only,38,288.0,1979.0723238822109,1348.0,0.0,0
21,hard-only,39,368.66666666666663,2067.576164089494,1319.8333333333333,0.0,1
21,hard-only,40,309.66666666666663,1862.3375027594657,1351.6666666666667,0.0,0
21,hard-only,41,289.6666666666667,2022.9557963038906,1337.666666666667,0.0,0
21,hard-only,42,288.33333333333337,1945.097108848055,1348.0,0.0,0
21,hard-only,43,288.0,1959.5123984333761,1357.0,0.0,0
21,hard-only,44,282.99999999999994,2053.8586253936205,1351.3333333333335,0.0,0
21,GA-SA-multiSoH,0,307.0,2342.1851802816896,1310.8333333333333,0.0,1
22,Full,0,322.66666666666663,2351.575492754325,1299.6666666666665,0.0,0
22,Full,1,331.0,2154.8923511384664,1348.5,0.0,0
22,Full,2,303.66666666666663,2192.0687926398145,1339.0,0.0,0
22,Full,3,322.66666666666663,2351.575492754325,1299.6666666666665,0.0,0
22,Full,4,302.33333333333337,2184.472378929413,1339.5,0.0,0
22,Full,5,341.66666666666663,2131.2881617295157,1350.833333333333,0.0,0
22,Full,6,301.3333333333333,2181.6354904351874,1347.5,0.0,0
22,Full,7,295.33333333333337,2232.1132283516836,1327.1666666666667,0.0,0
22,Full,8,290.66666666666663,2367.067551333691,1328.1666666666667,0.0,0
22,Full,9,295.33333333333337,2236.610672796128,1315.6666666666665,0.0,0
22,Full,10,328.66666666666663,2318.2415668283984,1297.0,0.0,0
22,Full,11,339.33333333333337,2148.1755200332445,1342.1666666666667,0.0,0
22,Full,12,331.0,2154.8923511384664,1348.5,0.0,0
22,Full,13,295.33333333333337,2232.1132283516836,1327.1666666666667,0.0,0
22,Full,14,305.0,2194.470823373857,1332.5,0.0,0
22,Full,15,331.0,2154.8923511384664,1348.5,0.0,0
22,Full,16,339.3333333333333,2205.169946327791,1324.8333333333333,0.0,0
22,Full,17,322.66666666666663,2350.2485365175526,1300.0,0.0,0
22,Full,18,320.33333333333337,2324.564322994784,1301.1666666666667,0.0,0
22,Full,19,290.66666666666663,2367.067551333691,1328.1666666666667,0.0,0
22,Full,20,328.66666666666663,2297.8099285753738,1301.6666666666667,0.0,0
22,Full,21,339.3333333333333,2205.169946327791,1324.8333333333333,0.0,0
22,Full,22,290.66666666666663,2362.401773555913,1332.1666666666667,0.0,0
22,Full,23,301.0,2206.8604722334576,1335.1666666666667,0.0,0
22,Full,24,331.0,2154.8923511384664,1348.5,0.0,0
22,Full,25,299.33333333333337,2216.1013466632867,1328.1666666666667,0.0,0
22,Full,26,302.3333333333333,2169.350691740762,1340.8333333333333,0.0,0
22,Full,27,336.0,2284.208335077511,1300.5,0.0,0
22,Full,28,301.3333333333333,2178.5265980846834,1352.3333333333333,0.0,0
22,Full,29,295.66666666666663,2182.0003619679314,1350.3333333333335,0.0,0
22,Full,30,295.33333333333337,2232.1132283516836,1327.1666666666667,0.0,0
22,Full,31,294.66666666666663,2287.3478388848393,1311.8333333333335,0.0,0
22,Full,32,328.66666666666663,2318.2415668283984,1297.0,0.0,0
22,Full,33,331.0,2160.224499286614,1343.1666666666667,0.0,0
22,Full,34,295.33333333333337,2232.1132283516836,1327.1666666666667,0.0,0
22,Full,35,322.66666666666663,2364.536119063846,1292.6666666666665,0.0,0
22,Full,36,307.6666666666667,2156.893165953281,1352.1666666666667,0.0,0
22,Full,37,322.66666666666663,2351.575492754325,1299.6666666666665,0.0,0
22,Full,38,306.3333333333333,2169.187247296318,1355.333333333333,0.0,0
22,Full,39,331.0,2160.224499286614,1343.1666666666667,0.0,0
22,Full,40,322.66666666666663,2351.575492754325,1299.6666666666665,0.0,0
22,Full,41,354.00000000000006,2205.055563062948,1332.1666666666667,0.0,0
22,Full,42,295.33333333333337,2232.1132283516836,1327.1666666666667,0.0,0
22,Full,43,306.3333333333333,2142.815165956423,1355.6666666666667,0.0,0
22,Full,44,295.33333333333337,2232.1132283516836,1327.1666666666667,0.0,0
22,Full,45,295.33333333333337,2232.1132283516836,1327.1666666666667,0.0,0
22,Full,46,299.33333333333337,2267.9449610788356,1310.6666666666667,0.0,0
22,Full,47,295.33333333333337,2232.1132283516836,1327.1666666666667,0.0,0
22,Full,48,305.3333333333333,2250.4469449475305,1307.8333333333333,0.0,0
22,Full,49,326.0,2205.7535399105773,1325.0,0.0,0
22,Full,50,315.0,2126.50318890136,1357.8333333333333,0.0,0
22,Full,51,338.0,2220.069464698574,1304.6666666666667,0.0,0
22,Full,52,290.66666666666663,2367.067551333691,1328.1666666666667,0.0,0
22,Full,53,339.3333333333333,2191.610850275408,1334.3333333333335,0.0,0
22,Full,54,293.66666666666663,2210.440342815609,1335.3333333333333,0.0,0
22,Full,55,301.0,2206.8604722334576,1335.1666666666667,0.0,0
22,Full,56,336.0,2284.208335077511,1300.5,0.0,0
22,Full,57,306.3333333333333,2169.187247296318,1355.333333333333,0.0,0
22,Full,58,292.33333333333337,2184.105325462349,1339.8333333333333,0.0,0
22,Full,59,339.3333333333333,2205.169946327791,1324.8333333333333,0.0,0
22,Full,60,303.66666666666663,2192.0687926398145,1339.0,0.0,0
22,Full,61,328.66666666666663,2318.2415668283984,1297.0,0.0,0
22,Full,62,314.3333333333333,2231.3229736528206,1326.5,0.0,0
22,Full,63,294.66666666666663,2287.3478388848393,1311.8333333333335,0.0,0
22,Full,64,316.6666666666667,2170.630162870977,1338.1666666666667,0.0,0
22,Full,65,305.0,2186.6543803568916,1334.8333333333335,0.0,0
22,Full,66,307.6666666666667,2135.6435993682617,1352.6666666666667,0.0,0
22,Full,67,292.33333333333337,2212.238218430563,1338.5,0.0,0
22,Full,68,295.33333333333337,2232.1132283516836,1327.1666666666667,0.0,0
22,Full,69,295.33333333333337,2231.7799690924244,1327.5,0.0,0
22,Full,70,354.00000000000006,2205.055563062948,1332.1666666666667,0.0,0
22,Full,71,302.3333333333333,2168.1490918823483,1358.3333333333333,0.0,0
22,Full,72,312.0,2175.271955049739,1335.166666666667,0.0,0
22,-health,0,291.0,1873.4336114161404,1320.5,0.0,0
22,-health,1,291.0,1873.4336114161404,1320.5,0.0,0
22,-health,2,294.33333333333337,1865.7686484531773,1328.1666666666667,0.0,0
22,-health,3,300.0,1761.0782811959173,1318.5,0.0,0
22,-health,4,311.33333333333337,1753.932086236661,1331.0000000000002,0.0,0
22,-health,5,341.33333333333337,1849.1482061606318,1303.8333333333335,0.0,0
22,-health,6,291.0,1873.4336114161404,1320.5,0.0,0
22,-health,7,341.33333333333337,1864.5214113307882,1294.8333333333333,0.0,0
22,-health,8,289.99999999999994,1864.102352156881,1329.8333333333335,0.0,0
22,-health,9,306.66666666666663,1760.2185418061,1337.1666666666667,0.0,0
22,-health,10,291.0,1890.655477336686,1316.5,0.0,0
22,-health,11,306.66666666666663,1760.912762677399,1323.6666666666667,0.0,0
22,-health,12,341.33333333333337,1856.1899298493067,1303.1666666666665,0.0,0
22,-health,13,306.66666666666663,1799.646960143832,1317.666666666667,0.0,0
22,-health,14,311.33333333333337,1753.932086236661,1331.0000000000002,0.0,0
22,-health,15,357.00000000000006,1805.216515429844,1311.8333333333335,0.0,1
22,-health,16,341.33333333333337,1849.1482061606318,1303.8333333333335,0.0,0
22,-health,17,306.66666666666663,1799.646960143832,1317.666666666667,0.0,0
22,-health,18,311.33333333333337,1751.599271421846,1333.3333333333337,0.0,0
22,-health,19,341.33333333333337,1839.0942616372126,1307.0000000000002,0.0,0
22,-health,20,289.99999999999994,1864.102352156881,1329.8333333333335,0.0,0
22,-health,21,291.0,1873.4336114161404,1320.5,0.0,0
22,-health,22,300.3333333333333,1860.3698963534246,1314.0,0.0,0
22,-health,23,311.33333333333337,1751.599271421846,1333.3333333333337,0.0,0
22,-health,24,341.33333333333337,1897.6878928122696,1293.9999999999998,0.0,0
22,-health,25,306.66666666666663,1799.646960143832,1317.666666666667,0.0,0
22,-health,26,300.0,1861.9619023947853,1312.5,0.0,0
22,-health,27,299.6666666666667,1817.145577132252,1319.1666666666667,0.0,0
22,-health,28,306.66666666666663,1799.646960143832,1317.666666666667,0.0,0
22,-health,29,289.99999999999994,1871.123791298038,1328.1666666666665,0.0,0
22,-health,30,317.0,1746.9336417922166,1338.0,0.0,0
22,-health,31,295.6666666666667,1792.636135797249,1336.3333333333333,0.0,0
22,-health,32,324.0,1857.1319363720552,1308.1666666666667,0.0,0
22,-health,33,293.6666666666667,1864.0432357424825,1340.6666666666667,0.0,0
22,-health,34,291.0,1871.4340558605847,1322.5,0.0,0
22,-health,35,311.33333333333337,1751.599271421846,1333.3333333333337,0.0,0
22,-health,36,341.33333333333337,1849.1482061606318,1303.8333333333335,0.0,0
22,-health,37,279.0,1865.2382907020758,1328.8333333333333,0.0,0
22,-health,38,291.0,1866.7684262309551,1327.1666666666667,0.0,0
22,-health,39,295.6666666666667,1819.7431459881948,1323.6666666666667,0.0,0
22,-health,40,309.6666666666667,1820.0881267832701,1310.3333333333335,0.0,0
22,-health,41,311.33333333333337,1753.932086236661,1331.0000000000002,0.0,0
22,-health,42,291.6666666666667,1872.4338336383626,1321.5000000000002,0.0,0
22,-health,43,289.99999999999994,1873.0931567630419,1322.1666666666665,0.0,0
22,-health,44,295.6666666666667,1869.306166279589,1296.3333333333335,0.0,0
22,-health,45,291.0,1873.4336114161404,1320.5,0.0,0
22,-health,46,311.33333333333337,1753.932086236661,1331.0000000000002,0.0,0
22,-health,47,341.33333333333337,1897.6878928122696,1293.9999999999998,0.0,0
22,-adaptW,0,296.6666666666667,2215.3874977322116,1293.5,0.0,0
22,-adaptW,1,318.3333333333333,2089.901260942815,1332.8333333333335,0.0,0
22,-adaptW,2,307.0,2237.719942176656,1289.5,0.0,1
22,-adaptW,3,312.66666666666663,2116.6316971329397,1307.3333333333335,0.0,0
22,-adaptW,4,301.0,2133.040198716867,1311.5000000000002,0.0,0
22,-adaptW,5,296.6666666666667,2215.3874977322116,1293.5,0.0,0
22,-adaptW,6,307.6666666666667,2125.207538462102,1311.5000000000002,0.0,0
22,-adaptW,7,312.66666666666663,2116.6316971329397,1307.3333333333335,0.0,0
22,-adaptW,8,296.6666666666667,2226.220571806286,1292.3333333333333,0.0,0
22,-adaptW,9,310.0,2093.941684101312,1342.5,0.0,0
22,-adaptW,10,299.0,2111.7174347908417,1312.1666666666667,0.0,0
22,-adaptW,11,318.3333333333333,2101.811201544604,1325.5,0.0,0
22,-adaptW,12,321.3333333333333,2182.2476053164523,1294.9999999999998,0.0,0
22,-adaptW,13,286.6666666666667,2243.74348740233,1296.1666666666667,0.0,0
22,-adaptW,14,296.6666666666667,2226.220571806286,1292.3333333333333,0.0,0
22,-adaptW,15,318.3333333333333,2074.3136830260855,1336.6666666666667,0.0,0
22,-adaptW,16,288.66666666666663,2184.78726641757,1297.6666666666667,0.0,0
22,-adaptW,17,295.3333333333333,2095.4041561076756,1326.0,0.0,0
22,-adaptW,18,288.66666666666663,2184.78726641757,1297.6666666666667,0.0,0
22,-adaptW,19,313.6666666666667,2094.9678740962527,1333.3333333333335,0.0,0
22,-adaptW,20,295.3333333333333,2095.4041561076756,1326.0,0.0,0
22,-adaptW,21,288.66666666666663,2184.78726641757,1297.6666666666667,0.0,0
22,-adaptW,22,296.6666666666667,2215.3874977322116,1293.5,0.0,0
22,-adaptW,23,283.6666666666667,2142.5331480934706,1300.5,0.0,0
22,-adaptW,24,307.0,2237.719942176656,1289.5,0.0,0
22,-adaptW,25,299.0,2111.7174347908417,1312.1666666666667,0.0,0
22,-adaptW,26,311.3333333333333,2127.6554378549013,1307.1666666666667,0.0,0
22,-adaptW,27,283.6666666666667,2127.4410161544965,1321.8333333333333,0.0,0
22,-adaptW,28,321.3333333333333,2087.9208316242716,1302.666666666667,0.0,0
22,-adaptW,29,296.6666666666667,2215.3874977322116,1293.5,0.0,0
22,-adaptW,30,286.6666666666667,2189.244265180108,1299.6666666666665,0.0,0
22,-adaptW,31,296.6666666666667,2215.3874977322116,1293.5,0.0,0
22,-adaptW,32,304.66666666666663,2142.1234145657186,1310.3333333333333,0.0,0
22,-adaptW,33,299.0,2111.7174347908417,1312.1666666666667,0.0,0
22,-adaptW,34,350.6666666666667,2077.8671531617374,1319.3333333333335,0.0,0
22,-adaptW,35,307.0,2237.719942176656,1289.5,0.0,0
22,-adaptW,36,307.0,2211.687006722065,1294.3333333333333,0.0,0
22,-adaptW,37,296.6666666666667,2215.3874977322116,1293.5,0.0,0
22,-adaptW,38,287.3333333333333,2201.0767466615894,1295.833333333333,0.0,0
22,-adaptW,39,286.6666666666667,2189.7441540689965,1299.1666666666667,0.0,0
22,-adaptW,40,286.6666666666667,2203.910191106034,1296.3333333333335,0.0,0
22,-adaptW,41,307.6666666666667,2125.207538462102,1311.5000000000002,0.0,0
22,-adaptW,42,286.6666666666667,2189.244265180108,1299.6666666666665,0.0,0
22,-adaptW,43,296.6666666666667,2226.220571806286,1292.3333333333333,0.0,0
22,-adaptW,44,311.3333333333333,2133.4044201239612,1300.8333333333333,0.0,0
22,-adaptW,45,319.3333333333333,2106.6243034546073,1314.3333333333335,0.0,0
22,-adaptW,46,321.3333333333333,2087.9208316242716,1302.666666666667,0.0,0
22,-impAstar,0,322.66666666666663,2351.575492754325,1299.6666666666665,0.0,0
22,-impAstar,1,331.0,2154.8923511384664,1348.5,0.0,0
22,-impAstar,2,303.66666666666663,2192.0687926398145,1339.0,0.0,0
22,-impAstar,3,322.66666666666663,2351.575492754325,1299.6666666666665,0.0,0
22,-impAstar,4,302.33333333333337,2184.472378929413,1339.5,0.0,0
22,-impAstar,5,341.66666666666663,2131.2881617295157,1350.833333333333,0.0,1
22,-impAstar,6,301.3333333333333,2181.6354904351874,1347.5,0.0,0
22,-impAstar,7,295.33333333333337,2232.1132283516836,1327.1666666666667,0.0,0
22,-impAstar,8,290.66666666666663,2367.067551333691,1328.1666666666667,0.0,0
22,-impAstar,9,295.33333333333337,2236.610672796128,1315.6666666666665,0.0,0
22,-impAstar,10,328.66666666666663,2318.2415668283984,1297.0,0.0,0
22,-impAstar,11,339.33333333333337,2148.1755200332445,1342.1666666666667,0.0,0
22,-impAstar,12,331.0,2154.8923511384664,1348.5,0.0,0
22,-impAstar,13,295.33333333333337,2232.1132283516836,1327.1666666666667,0.0,0
22,-impAstar,14,305.0,2194.470823373857,1332.5,0.0,0
22,-impAstar,15,331.0,2154.8923511384664,1348.5,0.0,0
22,-impAstar,16,339.3333333333333,2205.169946327791,1324.8333333333333,0.0,0
22,-impAstar,17,322.66666666666663,2350.2485365175526,1300.0,0.0,0
22,-impAstar,18,320.33333333333337,2324.564322994784,1301.1666666666667,0.0,0
22,-impAstar,19,290.66666666666663,2367.067551333691,1328.1666666666667,0.0,0
22,-impAstar,20,328.66666666666663,2297.8099285753738,1301.6666666666667,0.0,0
22,-impAstar,21,339.3333333333333,2205.169946327791,1324.8333333333333,0.0,0
22,-impAstar,22,290.66666666666663,2362.401773555913,1332.1666666666667,0.0,0
22,-impAstar,23,301.0,2206.8604722334576,1335.1666666666667,0.0,0
22,-impAstar,24,331.0,2154.8923511384664,1348.5,0.0,0
22,-impAstar,25,299.33333333333337,2216.1013466632867,1328.1666666666667,0.0,0
22,-impAstar,26,302.3333333333333,2169.350691740762,1340.8333333333333,0.0,0
22,-impAstar,27,336.0,2284.208335077511,1300.5,0.0,0
22,-impAstar,28,301.3333333333333,2178.5265980846834,1352.3333333333333,0.0,0
22,-impAstar,29,295.66666666666663,2182.0003619679314,1350.3333333333335,0.0,0
22,-impAstar,30,295.33333333333337,2232.1132283516836,1327.1666666666667,0.0,0
22,-impAstar,31,294.66666666666663,2287.3478388848393,1311.8333333333335,0.0,0
22,-impAstar,32,328.66666666666663,2318.2415668283984,1297.0,0.0,0
22,-impAstar,33,331.0,2160.224499286614,1343.1666666666667,0.0,0
22,-impAstar,34,295.33333333333337,2232.1132283516836,1327.1666666666667,0.0,0
22,-impAstar,35,322.66666666666663,2364.536119063846,1292.6666666666665,0.0,0
22,-impAstar,36,307.6666666666667,2156.893165953281,1352.1666666666667,0.0,0
22,-impAstar,37,322.66666666666663,2351.575492754325,1299.6666666666665,0.0,0
22,-impAstar,38,306.3333333333333,2169.187247296318,1355.333333333333,0.0,0
22,-impAstar,39,331.0,2160.224499286614,1343.1666666666667,0.0,0
22,-impAstar,40,322.66666666666663,2351.575492754325,1299.6666666666665,0.0,0
22,-impAstar,41,354.00000000000006,2205.055563062948,1332.1666666666667,0.0,0
22,-impAstar,42,295.33333333333337,2232.1132283516836,1327.1666666666667,0.0,0
22,-impAstar,43,306.3333333333333,2142.815165956423,1355.6666666666667,0.0,0
22,-impAstar,44,295.33333333333337,2232.1132283516836,1327.1666666666667,0.0,0
22,-impAstar,45,295.33333333333337,2232.1132283516836,1327.1666666666667,0.0,0
22,-impAstar,46,299.33333333333337,2267.9449610788356,1310.6666666666667,0.0,0
22,-impAstar,47,295.33333333333337,2232.1132283516836,1327.1666666666667,0.0,0
22,-impAstar,48,305.3333333333333,2250.4469449475305,1307.8333333333333,0.0,0
22,-impAstar,49,326.0,2205.7535399105773,1325.0,0.0,0
22,-impAstar,50,315.0,2126.50318890136,1357.8333333333333,0.0,0
22,-impAstar,51,338.0,2220.069464698574,1304.6666666666667,0.0,0
22,-impAstar,52,290.66666666666663,2367.067551333691,1328.1666666666667,0.0,0
22,-impAstar,53,339.3333333333333,2191.610850275408,1334.3333333333335,0.0,0
22,-impAstar,54,293.66666666666663,2210.440342815609,1335.3333333333333,0.0,0
22,-impAstar,55,301.0,2206.8604722334576,1335.1666666666667,0.0,0
22,-impAstar,56,336.0,2284.208335077511,1300.5,0.0,0
22,-impAstar,57,306.3333333333333,2169.187247296318,1355.333333333333,0.0,0
22,-impAstar,58,292.33333333333337,2184.105325462349,1339.8333333333333,0.0,0
22,-impAstar,59,339.3333333333333,2205.169946327791,1324.8333333333333,0.0,0
22,-impAstar,60,303.66666666666663,2192.0687926398145,1339.0,0.0,0
22,-impAstar,61,328.66666666666663,2318.2415668283984,1297.0,0.0,0
22,-impAstar,62,314.3333333333333,2231.3229736528206,1326.5,0.0,0
22,-impAstar,63,294.66666666666663,2287.3478388848393,1311.8333333333335,0.0,0
22,-impAstar,64,316.6666666666667,2170.630162870977,1338.1666666666667,0.0,0
22,-impAstar,65,305.0,2186.6543803568916,1334.8333333333335,0.0,0
22,-impAstar,66,307.6666666666667,2135.6435993682617,1352.6666666666667,0.0,0
22,-impAstar,67,292.33333333333337,2212.238218430563,1338.5,0.0,0
22,-impAstar,68,295.33333333333337,2232.1132283516836,1327.1666666666667,0.0,0
22,-impAstar,69,295.33333333333337,2231.7799690924244,1327.5,0.0,0
22,-impAstar,70,354.00000000000006,2205.055563062948,1332.1666666666667,0.0,0
22,-impAstar,71,302.3333333333333,2168.1490918823483,1358.3333333333333,0.0,0
22,-impAstar,72,312.0,2175.271955049739,1335.166666666667,0.0,0
22,-closedLoop,0,322.66666666666663,2351.575492754325,1299.6666666666665,0.0,0
22,-closedLoop,1,331.0,2154.8923511384664,1348.5,0.0,0
22,-closedLoop,2,303.66666666666663,2192.0687926398145,1339.0,0.0,0
22,-closedLoop,3,322.66666666666663,2351.575492754325,1299.6666666666665,0.0,0
22,-closedLoop,4,302.33333333333337,2184.472378929413,1339.5,0.0,0
22,-closedLoop,5,341.66666666666663,2131.2881617295157,1350.833333333333,0.0,0
22,-closedLoop,6,301.3333333333333,2181.6354904351874,1347.5,0.0,0
22,-closedLoop,7,295.33333333333337,2232.1132283516836,1327.1666666666667,0.0,0
22,-closedLoop,8,290.66666666666663,2367.067551333691,1328.1666666666667,0.0,0
22,-closedLoop,9,295.33333333333337,2236.610672796128,1315.6666666666665,0.0,0
22,-closedLoop,10,328.66666666666663,2318.2415668283984,1297.0,0.0,0
22,-closedLoop,11,339.33333333333337,2148.1755200332445,1342.1666666666667,0.0,0
22,-closedLoop,12,331.0,2154.8923511384664,1348.5,0.0,0
22,-closedLoop,13,295.33333333333337,2232.1132283516836,1327.1666666666667,0.0,0
22,-closedLoop,14,305.0,2194.470823373857,1332.5,0.0,0
22,-closedLoop,15,331.0,2154.8923511384664,1348.5,0.0,0
22,-closedLoop,16,339.3333333333333,2205.169946327791,1324.8333333333333,0.0,0
22,-closedLoop,17,322.66666666666663,2350.2485365175526,1300.0,0.0,0
22,-closedLoop,18,320.33333333333337,2324.564322994784,1301.1666666666667,0.0,0
22,-closedLoop,19,290.66666666666663,2367.067551333691,1328.1666666666667,0.0,0
22,-closedLoop,20,328.66666666666663,2297.8099285753738,1301.6666666666667,0.0,0
22,-closedLoop,21,339.3333333333333,2205.169946327791,1324.8333333333333,0.0,0
22,-closedLoop,22,290.66666666666663,2362.401773555913,1332.1666666666667,0.0,0
22,-closedLoop,23,301.0,2206.8604722334576,1335.1666666666667,0.0,0
22,-closedLoop,24,331.0,2154.8923511384664,1348.5,0.0,0
22,-closedLoop,25,299.33333333333337,2216.1013466632867,1328.1666666666667,0.0,0
22,-closedLoop,26,302.3333333333333,2169.350691740762,1340.8333333333333,0.0,0
22,-closedLoop,27,336.0,2284.208335077511,1300.5,0.0,0
22,-closedLoop,28,301.3333333333333,2178.5265980846834,1352.3333333333333,0.0,0
22,-closedLoop,29,295.66666666666663,2182.0003619679314,1350.3333333333335,0.0,0
22,-closedLoop,30,295.33333333333337,2232.1132283516836,1327.1666666666667,0.0,0
22,-closedLoop,31,294.66666666666663,2287.3478388848393,1311.8333333333335,0.0,0
22,-closedLoop,32,328.66666666666663,2318.2415668283984,1297.0,0.0,0
22,-closedLoop,33,331.0,2160.224499286614,1343.1666666666667,0.0,0
22,-closedLoop,34,295.33333333333337,2232.1132283516836,1327.1666666666667,0.0,0
22,-closedLoop,35,322.66666666666663,2364.536119063846,1292.6666666666665,0.0,0
22,-closedLoop,36,307.6666666666667,2156.893165953281,1352.1666666666667,0.0,0
22,-closedLoop,37,322.66666666666663,2351.575492754325,1299.6666666666665,0.0,0
22,-closedLoop,38,306.3333333333333,2169.187247296318,1355.333333333333,0.0,0
22,-closedLoop,39,331.0,2160.224499286614,1343.1666666666667,0.0,0
22,-closedLoop,40,322.66666666666663,2351.575492754325,1299.6666666666665,0.0,0
22,-closedLoop,41,354.00000000000006,2205.055563062948,1332.1666666666667,0.0,0
22,-closedLoop,42,295.33333333333337,2232.1132283516836,1327.1666666666667,0.0,0
22,-closedLoop,43,306.3333333333333,2142.815165956423,1355.6666666666667,0.0,0
22,-closedLoop,44,295.33333333333337,2232.1132283516836,1327.1666666666667,0.0,0
22,-closedLoop,45,295.33333333333337,2232.1132283516836,1327.1666666666667,0.0,0
22,-closedLoop,46,299.33333333333337,2267.9449610788356,1310.6666666666667,0.0,0
22,-closedLoop,47,295.33333333333337,2232.1132283516836,1327.1666666666667,0.0,0
22,-closedLoop,48,305.3333333333333,2250.4469449475305,1307.8333333333333,0.0,0
22,-closedLoop,49,326.0,2205.7535399105773,1325.0,0.0,0
22,-closedLoop,50,315.0,2126.50318890136,1357.8333333333333,0.0,0
22,-closedLoop,51,338.0,2220.069464698574,1304.6666666666667,0.0,0
22,-closedLoop,52,290.66666666666663,2367.067551333691,1328.1666666666667,0.0,0
22,-closedLoop,53,339.3333333333333,2191.610850275408,1334.3333333333335,0.0,0
22,-closedLoop,54,293.66666666666663,2210.440342815609,1335.3333333333333,0.0,0
22,-closedLoop,55,301.0,2206.8604722334576,1335.1666666666667,0.0,0
22,-closedLoop,56,336.0,2284.208335077511,1300.5,0.0,0
22,-closedLoop,57,306.3333333333333,2169.187247296318,1355.333333333333,0.0,0
22,-closedLoop,58,292.33333333333337,2184.105325462349,1339.8333333333333,0.0,0
22,-closedLoop,59,339.3333333333333,2205.169946327791,1324.8333333333333,0.0,0
22,-closedLoop,60,303.66666666666663,2192.0687926398145,1339.0,0.0,0
22,-closedLoop,61,328.66666666666663,2318.2415668283984,1297.0,0.0,0
22,-closedLoop,62,314.3333333333333,2231.3229736528206,1326.5,0.0,0
22,-closedLoop,63,294.66666666666663,2287.3478388848393,1311.8333333333335,0.0,0
22,-closedLoop,64,316.6666666666667,2170.630162870977,1338.1666666666667,0.0,0
22,-closedLoop,65,305.0,2186.6543803568916,1334.8333333333335,0.0,0
22,-closedLoop,66,307.6666666666667,2135.6435993682617,1352.6666666666667,0.0,0
22,-closedLoop,67,292.33333333333337,2212.238218430563,1338.5,0.0,0
22,-closedLoop,68,295.33333333333337,2232.1132283516836,1327.1666666666667,0.0,0
22,-closedLoop,69,295.33333333333337,2231.7799690924244,1327.5,0.0,0
22,-closedLoop,70,354.00000000000006,2205.055563062948,1332.1666666666667,0.0,0
22,-closedLoop,71,302.3333333333333,2168.1490918823483,1358.3333333333333,0.0,0
22,-closedLoop,72,312.0,2175.271955049739,1335.166666666667,0.0,0
22,hard-only,0,291.0,1873.4336114161404,1320.5,0.0,0
22,hard-only,1,291.0,1873.4336114161404,1320.5,0.0,0
22,hard-only,2,294.33333333333337,1865.7686484531773,1328.1666666666667,0.0,0
22,hard-only,3,300.0,1761.0782811959173,1318.5,0.0,0
22,hard-only,4,311.33333333333337,1753.932086236661,1331.0000000000002,0.0,0
22,hard-only,5,341.33333333333337,1849.1482061606318,1303.8333333333335,0.0,0
22,hard-only,6,291.0,1873.4336114161404,1320.5,0.0,0
22,hard-only,7,341.33333333333337,1864.5214113307882,1294.8333333333333,0.0,0
22,hard-only,8,289.99999999999994,1864.102352156881,1329.8333333333335,0.0,0
22,hard-only,9,306.66666666666663,1760.2185418061,1337.1666666666667,0.0,0
22,hard-only,10,291.0,1890.655477336686,1316.5,0.0,0
22,hard-only,11,306.66666666666663,1760.912762677399,1323.6666666666667,0.0,0
22,hard-only,12,341.33333333333337,1856.1899298493067,1303.1666666666665,0.0,0
22,hard-only,13,306.66666666666663,1799.646960143832,1317.666666666667,0.0,0
22,hard-only,14,311.33333333333337,1753.932086236661,1331.0000000000002,0.0,0
22,hard-only,15,357.00000000000006,1805.216515429844,1311.8333333333335,0.0,1
22,hard-only,16,341.33333333333337,1849.1482061606318,1303.8333333333335,0.0,0
22,hard-only,17,306.66666666666663,1799.646960143832,1317.666666666667,0.0,0
22,hard-only,18,311.33333333333337,1751.599271421846,1333.3333333333337,0.0,0
22,hard-only,19,341.33333333333337,1839.0942616372126,1307.0000000000002,0.0,0
22,hard-only,20,289.99999999999994,1864.102352156881,1329.8333333333335,0.0,0
22,hard-only,21,291.0,1873.4336114161404,1320.5,0.0,0
22,hard-only,22,300.3333333333333,1860.3698963534246,1314.0,0.0,0
22,hard-only,23,311.33333333333337,1751.599271421846,1333.3333333333337,0.0,0
22,hard-only,24,341.33333333333337,1897.6878928122696,1293.9999999999998,0.0,0
22,hard-only,25,306.66666666666663,1799.646960143832,1317.666666666667,0.0,0
22,hard-only,26,300.0,1861.9619023947853,1312.5,0.0,0
22,hard-only,27,299.6666666666667,1817.145577132252,1319.1666666666667,0.0,0
22,hard-only,28,306.66666666666663,1799.646960143832,1317.666666666667,0.0,0
22,hard-only,29,289.99999999999994,1871.123791298038,1328.1666666666665,0.0,0
22,hard-only,30,317.0,1746.9336417922166,1338.0,0.0,0
22,hard-only,31,295.6666666666667,1792.636135797249,1336.3333333333333,0.0,0
22,hard-only,32,324.0,1857.1319363720552,1308.1666666666667,0.0,0
22,hard-only,33,293.6666666666667,1864.0432357424825,1340.6666666666667,0.0,0
22,hard-only,34,291.0,1871.4340558605847,1322.5,0.0,0
22,hard-only,35,311.33333333333337,1751.599271421846,1333.3333333333337,0.0,0
22,hard-only,36,341.33333333333337,1849.1482061606318,1303.8333333333335,0.0,0
22,hard-only,37,279.0,1865.2382907020758,1328.8333333333333,0.0,0
22,hard-only,38,291.0,1866.7684262309551,1327.1666666666667,0.0,0
22,hard-only,39,295.6666666666667,1819.7431459881948,1323.6666666666667,0.0,0
22,hard-only,40,309.6666666666667,1820.0881267832701,1310.3333333333335,0.0,0
22,hard-only,41,311.33333333333337,1753.932086236661,1331.0000000000002,0.0,0
22,hard-only,42,291.6666666666667,1872.4338336383626,1321.5000000000002,0.0,0
22,hard-only,43,289.99999999999994,1873.0931567630419,1322.1666666666665,0.0,0
22,hard-only,44,295.6666666666667,1869.306166279589,1296.3333333333335,0.0,0
22,hard-only,45,291.0,1873.4336114161404,1320.5,0.0,0
22,hard-only,46,311.33333333333337,1753.932086236661,1331.0000000000002,0.0,0
22,hard-only,47,341.33333333333337,1897.6878928122696,1293.9999999999998,0.0,0
22,GA-SA-multiSoH,0,291.6666666666667,2189.176738769731,1291.8333333333333,0.0,1
23,Full,0,334.0,2318.2739264193174,1426.1666666666667,0.0,0
23,Full,1,319.33333333333337,2333.4342637640993,1451.8333333333333,0.0,0
23,Full,2,329.0,2341.4564974255163,1444.5,0.0,0
23,Full,3,319.33333333333337,2333.4342637640993,1451.8333333333333,0.0,0
23,Full,4,311.0,2480.783089588695,1439.8333333333337,0.0,0
23,Full,5,319.3333333333333,2356.7596593159365,1457.1666666666665,0.0,0
23,Full,6,345.3333333333333,2435.668307023615,1410.0,0.0,0
23,Full,7,311.0,2442.6176081072135,1445.1666666666667,0.0,0
23,Full,8,345.3333333333333,2435.668307023615,1410.0,0.0,0
23,Full,9,323.0,2372.4186694934974,1446.1666666666665,0.0,0
23,Full,10,311.0,2518.115830329436,1437.166666666667,0.0,0
23,Full,11,334.0,2368.7260467407214,1414.1666666666667,0.0,0
23,Full,12,325.6666666666667,2345.5131151086607,1420.1666666666665,0.0,0
23,Full,13,319.33333333333337,2346.651915303504,1448.8333333333333,0.0,0
23,Full,14,334.0,2368.7260467407214,1414.1666666666667,0.0,0
23,Full,15,352.66666666666663,2360.8735204441473,1419.8333333333335,0.0,0
23,Full,16,333.66666666666663,2320.8997947361404,1455.0000000000002,0.0,0
23,Full,17,319.3333333333333,2356.7596593159365,1457.1666666666665,0.0,0
23,Full,18,345.3333333333333,2435.668307023615,1410.0,0.0,0
23,Full,19,329.0,2341.4564974255163,1444.5,0.0,0
23,Full,20,333.66666666666663,2328.2665217336757,1454.0000000000002,0.0,0
23,Full,21,325.3333333333333,2399.6511547119876,1425.6666666666665,0.0,0
23,Full,22,334.0,2361.136081397437,1414.8333333333333,0.0,0
23,Full,23,319.3333333333333,2356.7596593159365,1457.1666666666665,0.0,0
23,Full,24,324.6666666666667,2375.2389950197594,1437.8333333333335,0.0,0
23,Full,25,334.0,2361.003269986578,1417.3333333333333,0.0,0
23,Full,26,334.0,2318.2739264193174,1426.1666666666667,0.0,0
23,Full,27,347.6666666666667,2406.203561414749,1401.3333333333335,0.0,0
23,Full,28,323.0,2355.813736104042,1447.8333333333333,0.0,0
23,Full,29,322.6666666666667,2382.707811798928,1436.5,0.0,0
23,Full,30,323.0,2454.7299989823396,1435.5,0.0,0
23,Full,31,333.66666666666663,2320.8997947361404,1455.0000000000002,0.0,0
23,Full,32,334.0,2309.9411856785764,1428.8333333333333,0.0,0
23,Full,33,353.0,2284.430245545294,1456.3333333333335,0.0,0
23,Full,34,319.3333333333333,2356.7596593159365,1457.1666666666665,0.0,0
23,Full,35,334.0,2415.7060058591933,1412.3333333333333,0.0,0
23,Full,36,334.0,2321.273259752651,1423.1666666666667,0.0,0
23,Full,37,340.33333333333337,2301.107593085984,1427.6666666666667,0.0,0
23,Full,38,345.3333333333333,2455.334751468059,1409.0000000000002,0.0,0
23,-health,0,314.0,2069.8185205381446,1425.5,0.0,0
23,-health,1,310.3333333333333,1982.4010683710067,1435.1666666666667,0.0,0
23,-health,2,329.3333333333333,2004.1976635182095,1424.8333333333335,0.0,0
23,-health,3,304.0,2115.042113965604,1421.1666666666665,0.0,0
23,-health,4,313.3333333333333,2111.043002854493,1425.1666666666665,0.0,0
23,-health,5,313.3333333333333,2111.043002854493,1425.1666666666665,0.0,0
23,-health,6,302.3333333333333,2121.209336187826,1423.6666666666665,0.0,0
23,-health,7,329.6666666666667,2075.753337421031,1415.0,0.0,1
23,-health,8,310.3333333333333,1982.4010683710067,1435.1666666666667,0.0,0
23,-health,9,318.6666666666667,2000.1503244787407,1426.0,0.0,0
23,-health,10,300.33333333333337,2022.18400988093,1437.666666666667,0.0,0
23,-health,11,329.3333333333333,2004.1976635182095,1424.8333333333335,0.0,0
23,-health,12,329.6666666666667,2075.753337421031,1415.0,0.0,0
23,-health,13,293.0,2024.5343064633535,1426.8333333333335,0.0,0
23,-health,14,318.6666666666667,2017.706813196378,1419.8333333333335,0.0,0
23,-health,15,300.33333333333337,2022.18400988093,1437.666666666667,0.0,0
23,-health,16,310.3333333333333,1982.4010683710067,1435.1666666666667,0.0,0
23,-health,17,313.3333333333333,2111.043002854493,1425.1666666666665,0.0,0
23,-health,18,310.3333333333333,1982.4010683710067,1435.1666666666667,0.0,0
23,-health,19,310.3333333333333,1982.4010683710067,1435.1666666666667,0.0,0
23,-health,20,329.3333333333333,2004.1976635182095,1424.8333333333335,0.0,0
23,-health,21,325.0,1964.4552089526806,1442.6666666666667,0.0,0
23,-health,22,330.3333333333333,1969.1517381461322,1434.1666666666665,0.0,0
23,-health,23,314.0,1917.172166238981,1443.0,0.0,0
23,-health,24,310.3333333333333,1982.4010683710067,1435.1666666666667,0.0,0
23,-health,25,328.6666666666667,1982.21772547588,1431.8333333333333,0.0,0
23,-health,26,318.3333333333333,1968.494426003064,1438.1666666666667,0.0,0
23,-health,27,301.3333333333333,1986.248869777436,1426.8333333333335,0.0,0
23,-health,28,335.0,1961.3684402849935,1438.1666666666667,0.0,0
23,-health,29,310.3333333333333,1981.4012905932289,1436.1666666666665,0.0,0
23,-adaptW,0,306.0,2376.9064876834855,1426.333333333333,0.0,0
23,-adaptW,1,303.0,2288.422441028073,1436.8333333333335,0.0,0
23,-adaptW,2,303.0,2288.422441028073,1436.8333333333335,0.0,0
23,-adaptW,3,313.3333333333333,2305.4518881137396,1427.1666666666665,0.0,0
23,-adaptW,4,313.0,2243.143836757186,1442.1666666666667,0.0,0
23,-adaptW,5,317.3333333333333,2306.8491091704946,1424.8333333333333,0.0,0
23,-adaptW,6,307.0,2341.3172222356966,1424.8333333333333,0.0,0
23,-adaptW,7,333.0,2354.9874044431567,1416.5,0.0,0
23,-adaptW,8,332.66666666666663,2311.468721512219,1421.6666666666667,0.0,0
23,-adaptW,9,324.66666666666663,2256.2718833561894,1431.1666666666667,0.0,0
23,-adaptW,10,359.3333333333333,2256.075385557062,1423.1666666666667,0.0,0
23,-adaptW,11,306.0,2354.2398210168185,1426.3333333333333,0.0,0
23,-adaptW,12,305.66666666666663,2387.758035238254,1424.1666666666667,0.0,0
23,-adaptW,13,313.0,2243.143836757186,1442.1666666666667,0.0,0
23,-adaptW,14,324.00000000000006,2418.61253070123,1415.8333333333333,0.0,0
23,-adaptW,15,362.33333333333337,2404.0939171462533,1405.1666666666665,0.0,1
23,-adaptW,16,340.0,2328.4873303690824,1416.166666666667,0.0,0
23,-adaptW,17,359.3333333333333,2254.5988165760527,1423.8333333333335,0.0,0
23,-adaptW,18,315.6666666666667,2422.8161851986592,1420.1666666666665,0.0,0
23,-adaptW,19,328.3333333333333,2396.9325197862104,1415.4999999999998,0.0,0
23,-adaptW,20,340.0,2363.4854044431568,1407.4999999999998,0.0,0
23,-adaptW,21,313.0,2243.143836757186,1442.1666666666667,0.0,0
23,-adaptW,22,313.0,2256.292161660989,1429.9999999999998,0.0,0
23,-adaptW,23,328.6666666666667,2359.087528706409,1407.8333333333335,0.0,0
23,-adaptW,24,341.3333333333333,2320.726020976371,1408.5,0.0,0
23,-adaptW,25,301.66666666666663,2406.968471155706,1429.3333333333333,0.0,0
23,-adaptW,26,313.0,2240.412842678479,1444.1666666666667,0.0,0
23,-adaptW,27,302.33333333333337,2279.12771761569,1438.3333333333333,0.0,0
23,-adaptW,28,359.3333333333333,2254.5988165760527,1423.8333333333335,0.0,0
23,-adaptW,29,328.6666666666667,2318.151504838174,1417.6666666666667,0.0,0
23,-adaptW,30,313.0,2243.143836757186,1442.1666666666667,0.0,0
23,-adaptW,31,307.0,2341.3172222356966,1424.8333333333333,0.0,0
23,-adaptW,32,309.0,2307.384454337896,1428.8333333333335,0.0,0
23,-adaptW,33,305.66666666666663,2383.186367496593,1432.3333333333333,0.0,0
23,-adaptW,34,313.0,2251.3039169485905,1440.3333333333335,0.0,0
23,-adaptW,35,310.66666666666663,2292.051477383218,1427.3333333333333,0.0,0
23,-adaptW,36,359.3333333333333,2248.5407237620225,1430.0,0.0,0
23,-adaptW,37,313.0,2251.3039169485905,1440.3333333333335,0.0,0
23,-adaptW,38,327.66666666666663,2233.962073850638,1432.3333333333335,0.0,0
23,-adaptW,39,309.0,2288.385269152711,1432.5,0.0,0
23,-adaptW,40,340.6666666666667,2298.116104259639,1412.1666666666665,0.0,0
23,-adaptW,41,359.3333333333333,2254.9320758353124,1423.5,0.0,0
23,-adaptW,42,359.3333333333333,2253.077501872853,1428.6666666666667,0.0,0
23,-adaptW,43,310.33333333333337,2271.3699877977665,1448.6666666666667,0.0,0
23,-adaptW,44,359.3333333333333,2254.9320758353124,1423.5,0.0,0
23,-impAstar,0,334.0,2318.2739264193174,1426.1666666666667,0.0,0
23,-impAstar,1,319.33333333333337,2333.4342637640993,1451.8333333333333,0.0,0
23,-impAstar,2,329.0,2341.4564974255163,1444.5,0.0,0
23,-impAstar,3,319.33333333333337,2333.4342637640993,1451.8333333333333,0.0,0
23,-impAstar,4,311.0,2480.783089588695,1439.8333333333337,0.0,0
23,-impAstar,5,319.3333333333333,2356.7596593159365,1457.1666666666665,0.0,0
23,-impAstar,6,345.3333333333333,2435.668307023615,1410.0,0.0,0
23,-impAstar,7,311.0,2442.6176081072135,1445.1666666666667,0.0,0
23,-impAstar,8,345.3333333333333,2435.668307023615,1410.0,0.0,0
23,-impAstar,9,323.0,2372.4186694934974,1446.1666666666665,0.0,0
23,-impAstar,10,311.0,2518.115830329436,1437.166666666667,0.0,0
23,-impAstar,11,334.0,2368.7260467407214,1414.1666666666667,0.0,0
23,-impAstar,12,325.6666666666667,2345.5131151086607,1420.1666666666665,0.0,0
23,-impAstar,13,319.33333333333337,2346.651915303504,1448.8333333333333,0.0,0
23,-impAstar,14,334.0,2368.7260467407214,1414.1666666666667,0.0,0
23,-impAstar,15,352.66666666666663,2360.8735204441473,1419.8333333333335,0.0,0
23,-impAstar,16,333.66666666666663,2320.8997947361404,1455.0000000000002,0.0,0
23,-impAstar,17,319.3333333333333,2356.7596593159365,1457.1666666666665,0.0,0
23,-impAstar,18,345.3333333333333,2435.668307023615,1410.0,0.0,0
23,-impAstar,19,329.0,2341.4564974255163,1444.5,0.0,0
23,-impAstar,20,333.66666666666663,2328.2665217336757,1454.0000000000002,0.0,0
23,-impAstar,21,325.3333333333333,2399.6511547119876,1425.6666666666665,0.0,0
23,-impAstar,22,334.0,2361.136081397437,1414.8333333333333,0.0,0
23,-impAstar,23,319.3333333333333,2356.7596593159365,1457.1666666666665,0.0,0
23,-impAstar,24,324.6666666666667,2375.2389950197594,1437.8333333333335,0.0,0
23,-impAstar,25,334.0,2361.003269986578,1417.3333333333333,0.0,0
23,-impAstar,26,334.0,2318.2739264193174,1426.1666666666667,0.0,0
23,-impAstar,27,347.6666666666667,2406.203561414749,1401.3333333333335,0.0,0
23,-impAstar,28,323.0,2355.813736104042,1447.8333333333333,0.0,0
23,-impAstar,29,322.6666666666667,2382.707811798928,1436.5,0.0,0
23,-impAstar,30,323.0,2454.7299989823396,1435.5,0.0,0
23,-impAstar,31,333.66666666666663,2320.8997947361404,1455.0000000000002,0.0,0
23,-impAstar,32,334.0,2309.9411856785764,1428.8333333333333,0.0,0
23,-impAstar,33,353.0,2284.430245545294,1456.3333333333335,0.0,1
23,-impAstar,34,319.3333333333333,2356.7596593159365,1457.1666666666665,0.0,0
23,-impAstar,35,334.0,2415.7060058591933,1412.3333333333333,0.0,0
23,-impAstar,36,334.0,2321.273259752651,1423.1666666666667,0.0,0
23,-impAstar,37,340.33333333333337,2301.107593085984,1427.6666666666667,0.0,0
23,-impAstar,38,345.3333333333333,2455.334751468059,1409.0000000000002,0.0,0
23,-closedLoop,0,334.0,2318.2739264193174,1426.1666666666667,0.0,0
23,-closedLoop,1,319.33333333333337,2333.4342637640993,1451.8333333333333,0.0,0
23,-closedLoop,2,329.0,2341.4564974255163,1444.5,0.0,0
23,-closedLoop,3,319.33333333333337,2333.4342637640993,1451.8333333333333,0.0,0
23,-closedLoop,4,311.0,2480.783089588695,1439.8333333333337,0.0,0
23,-closedLoop,5,319.3333333333333,2356.7596593159365,1457.1666666666665,0.0,0
23,-closedLoop,6,345.3333333333333,2435.668307023615,1410.0,0.0,0
23,-closedLoop,7,311.0,2442.6176081072135,1445.1666666666667,0.0,0
23,-closedLoop,8,345.3333333333333,2435.668307023615,1410.0,0.0,0
23,-closedLoop,9,323.0,2372.4186694934974,1446.1666666666665,0.0,0
23,-closedLoop,10,311.0,2518.115830329436,1437.166666666667,0.0,0
23,-closedLoop,11,334.0,2368.7260467407214,1414.1666666666667,0.0,0
23,-closedLoop,12,325.6666666666667,2345.5131151086607,1420.1666666666665,0.0,0
23,-closedLoop,13,319.33333333333337,2346.651915303504,1448.8333333333333,0.0,0
23,-closedLoop,14,334.0,2368.7260467407214,1414.1666666666667,0.0,0
23,-closedLoop,15,352.66666666666663,2360.8735204441473,1419.8333333333335,0.0,0
23,-closedLoop,16,333.66666666666663,2320.8997947361404,1455.0000000000002,0.0,0
23,-closedLoop,17,319.3333333333333,2356.7596593159365,1457.1666666666665,0.0,0
23,-closedLoop,18,345.3333333333333,2435.668307023615,1410.0,0.0,0
23,-closedLoop,19,329.0,2341.4564974255163,1444.5,0.0,0
23,-closedLoop,20,333.66666666666663,2328.2665217336757,1454.0000000000002,0.0,0
23,-closedLoop,21,325.3333333333333,2399.6511547119876,1425.6666666666665,0.0,0
23,-closedLoop,22,334.0,2361.136081397437,1414.8333333333333,0.0,0
23,-closedLoop,23,319.3333333333333,2356.7596593159365,1457.1666666666665,0.0,0
23,-closedLoop,24,324.6666666666667,2375.2389950197594,1437.8333333333335,0.0,0
23,-closedLoop,25,334.0,2361.003269986578,1417.3333333333333,0.0,0
23,-closedLoop,26,334.0,2318.2739264193174,1426.1666666666667,0.0,0
23,-closedLoop,27,347.6666666666667,2406.203561414749,1401.3333333333335,0.0,0
23,-closedLoop,28,323.0,2355.813736104042,1447.8333333333333,0.0,0
23,-closedLoop,29,322.6666666666667,2382.707811798928,1436.5,0.0,0
23,-closedLoop,30,323.0,2454.7299989823396,1435.5,0.0,0
23,-closedLoop,31,333.66666666666663,2320.8997947361404,1455.0000000000002,0.0,0
23,-closedLoop,32,334.0,2309.9411856785764,1428.8333333333333,0.0,0
23,-closedLoop,33,353.0,2284.430245545294,1456.3333333333335,0.0,0
23,-closedLoop,34,319.3333333333333,2356.7596593159365,1457.1666666666665,0.0,0
23,-closedLoop,35,334.0,2415.7060058591933,1412.3333333333333,0.0,0
23,-closedLoop,36,334.0,2321.273259752651,1423.1666666666667,0.0,0
23,-closedLoop,37,340.33333333333337,2301.107593085984,1427.6666666666667,0.0,0
23,-closedLoop,38,345.3333333333333,2455.334751468059,1409.0000000000002,0.0,0
23,hard-only,0,314.0,2069.8185205381446,1425.5,0.0,0
23,hard-only,1,310.3333333333333,1982.4010683710067,1435.1666666666667,0.0,0
23,hard-only,2,329.3333333333333,2004.1976635182095,1424.8333333333335,0.0,0
23,hard-only,3,304.0,2115.042113965604,1421.1666666666665,0.0,0
23,hard-only,4,313.3333333333333,2111.043002854493,1425.1666666666665,0.0,0
23,hard-only,5,313.3333333333333,2111.043002854493,1425.1666666666665,0.0,0
23,hard-only,6,302.3333333333333,2121.209336187826,1423.6666666666665,0.0,0
23,hard-only,7,329.6666666666667,2075.753337421031,1415.0,0.0,1
23,hard-only,8,310.3333333333333,1982.4010683710067,1435.1666666666667,0.0,0
23,hard-only,9,318.6666666666667,2000.1503244787407,1426.0,0.0,0
23,hard-only,10,300.33333333333337,2022.18400988093,1437.666666666667,0.0,0
23,hard-only,11,329.3333333333333,2004.1976635182095,1424.8333333333335,0.0,0
23,hard-only,12,329.6666666666667,2075.753337421031,1415.0,0.0,0
23,hard-only,13,293.0,2024.5343064633535,1426.8333333333335,0.0,0
23,hard-only,14,318.6666666666667,2017.706813196378,1419.8333333333335,0.0,0
23,hard-only,15,300.33333333333337,2022.18400988093,1437.666666666667,0.0,0
23,hard-only,16,310.3333333333333,1982.4010683710067,1435.1666666666667,0.0,0
23,hard-only,17,313.3333333333333,2111.043002854493,1425.1666666666665,0.0,0
23,hard-only,18,310.3333333333333,1982.4010683710067,1435.1666666666667,0.0,0
23,hard-only,19,310.3333333333333,1982.4010683710067,1435.1666666666667,0.0,0
23,hard-only,20,329.3333333333333,2004.1976635182095,1424.8333333333335,0.0,0
23,hard-only,21,325.0,1964.4552089526806,1442.6666666666667,0.0,0
23,hard-only,22,330.3333333333333,1969.1517381461322,1434.1666666666665,0.0,0
23,hard-only,23,314.0,1917.172166238981,1443.0,0.0,0
23,hard-only,24,310.3333333333333,1982.4010683710067,1435.1666666666667,0.0,0
23,hard-only,25,328.6666666666667,1982.21772547588,1431.8333333333333,0.0,0
23,hard-only,26,318.3333333333333,1968.494426003064,1438.1666666666667,0.0,0
23,hard-only,27,301.3333333333333,1986.248869777436,1426.8333333333335,0.0,0
23,hard-only,28,335.0,1961.3684402849935,1438.1666666666667,0.0,0
23,hard-only,29,310.3333333333333,1981.4012905932289,1436.1666666666665,0.0,0
23,GA-SA-multiSoH,0,314.66666666666663,2285.354235793132,1392.0000000000002,0.0,1
24,Full,0,276.33333333333337,2006.2667602700956,1290.6666666666667,0.0,0
24,Full,1,288.6666666666667,1936.1230740896115,1274.9999999999998,0.0,0
24,Full,2,276.33333333333337,2006.2667602700956,1290.6666666666667,0.0,0
24,Full,3,288.6666666666667,1922.386574403307,1279.8333333333333,0.0,0
24,Full,4,288.6666666666667,1875.2539897379834,1284.5,0.0,0
24,Full,5,276.33333333333337,2006.2667602700956,1290.6666666666667,0.0,0
24,Full,6,276.33333333333337,2006.2667602700956,1290.6666666666667,0.0,0
24,Full,7,288.6666666666667,1922.386574403307,1279.8333333333333,0.0,0
24,Full,8,288.6666666666667,1914.386870699603,1281.166666666667,0.0,0
24,Full,9,276.33333333333337,2006.2667602700956,1290.6666666666667,0.0,0
24,Full,10,276.33333333333337,2006.2667602700956,1290.6666666666667,0.0,0
24,Full,11,288.6666666666667,1914.386870699603,1281.166666666667,0.0,0
24,Full,12,278.66666666666663,1968.871267620201,1273.0,0.0,0
24,Full,13,292.0,1922.7642492375544,1275.8333333333333,0.0,0
24,Full,14,309.3333333333333,1933.11476138716,1273.8333333333333,0.0,0
24,Full,15,288.6666666666667,1914.386870699603,1281.166666666667,0.0,0
24,Full,16,292.0,1922.7642492375544,1275.8333333333333,0.0,0
24,Full,17,276.33333333333337,2006.2667602700956,1290.6666666666667,0.0,0
24,Full,18,282.0,1962.482905103936,1278.5000000000002,0.0,0
24,Full,19,274.3333333333333,1980.876034788947,1292.3333333333333,0.0,0
24,Full,20,289.0,1916.4236021758572,1279.0,0.0,0
24,Full,21,288.6666666666667,1896.3311322208176,1283.6666666666665,0.0,0
24,Full,22,288.6666666666667,1914.386870699603,1281.166666666667,0.0,0
24,Full,23,288.6666666666667,1896.3311322208176,1283.6666666666665,0.0,0
24,Full,24,288.6666666666667,1874.6803547963787,1285.5,0.0,0
24,Full,25,276.33333333333337,2006.2667602700956,1290.6666666666667,0.0,0
24,Full,26,288.6666666666667,1908.934359297245,1282.1666666666667,0.0,0
24,Full,27,270.3333333333333,2031.1522206504646,1278.1666666666665,0.0,0
24,Full,28,288.6666666666667,1929.789814830352,1275.333333333333,0.0,0
24,Full,29,270.3333333333333,2031.1522206504646,1278.1666666666665,0.0,0
24,Full,30,288.6666666666667,1929.789814830352,1275.333333333333,0.0,0
24,Full,31,288.6666666666667,1860.0265023991408,1291.3333333333333,0.0,0
24,Full,32,274.3333333333333,1980.876034788947,1292.3333333333333,0.0,0
24,Full,33,276.33333333333337,2006.2667602700956,1290.6666666666667,0.0,0
24,Full,34,285.6666666666667,1952.8859881217616,1277.3333333333335,0.0,0
24,Full,35,276.33333333333337,2006.2667602700956,1290.6666666666667,0.0,0
24,Full,36,278.66666666666663,1968.871267620201,1273.0,0.0,0
24,Full,37,282.0,2005.6195675755846,1272.3333333333333,0.0,0
24,Full,38,271.0,2026.8812263728119,1281.1666666666667,0.0,0
24,Full,39,288.6666666666667,1874.6803547963787,1285.5,0.0,0
24,Full,40,288.6666666666667,1940.7887037192409,1270.3333333333333,0.0,0
24,Full,41,288.6666666666667,1948.5305130752936,1267.3333333333333,0.0,0
24,Full,42,288.6666666666667,1896.3311322208176,1283.6666666666665,0.0,0
24,Full,43,278.66666666666663,1963.277894590655,1276.9999999999998,0.0,0
24,Full,44,292.0,1922.7642492375544,1275.8333333333333,0.0,0
24,Full,45,282.0,1949.3873892181214,1283.5000000000002,0.0,0
24,-health,0,324.0,1570.7221520133917,1280.6666666666667,0.0,0
24,-health,1,270.66666666666663,1606.497321248036,1280.5,0.0,0
24,-health,2,290.66666666666663,1641.7134250894278,1252.8333333333333,0.0,0
24,-health,3,292.3333333333333,1562.1288301868435,1288.3333333333337,0.0,0
24,-health,4,327.3333333333333,1577.6281943624037,1275.5,0.0,0
24,-health,5,292.3333333333333,1562.1288301868435,1288.3333333333337,0.0,0
24,-health,6,312.0,1738.9818841536612,1240.9999999999998,0.0,0
24,-health,7,290.66666666666663,1590.7230359500945,1263.6666666666667,0.0,0
24,-health,8,274.33333333333337,1614.536672318554,1261.6666666666665,0.0,0
24,-health,9,292.3333333333333,1562.1288301868435,1288.3333333333337,0.0,0
24,-health,10,290.66666666666663,1570.5863599564111,1286.8333333333335,0.0,0
24,-health,11,292.3333333333333,1548.1306079646213,1296.3333333333335,0.0,0
24,-health,12,282.66666666666663,1591.1934463832008,1273.5,0.0,0
24,-health,13,285.0,1602.293675053712,1267.1666666666667,0.0,0
24,-health,14,265.0,1615.062383345717,1267.0,0.0,0
24,-health,15,274.33333333333337,1604.537561207443,1265.6666666666667,0.0,0
24,-health,16,292.3333333333333,1562.1288301868435,1288.3333333333337,0.0,0
24,-health,17,290.66666666666663,1641.7134250894278,1252.8333333333333,0.0,0
24,-health,18,292.3333333333333,1548.1306079646213,1296.3333333333335,0.0,0
24,-health,19,278.6666666666667,1598.7274197606002,1279.6666666666665,0.0,0
24,-health,20,335.3333333333333,1577.956908289208,1269.0,0.0,0
24,-health,21,324.0,1544.5661312058537,1303.5,0.0,0
24,-health,22,303.3333333333333,1605.6055685808556,1252.3333333333335,0.0,0
24,-health,23,285.0,1594.4407344884096,1267.5,0.0,0
24,-health,24,290.66666666666663,1641.7134250894278,1252.8333333333333,0.0,0
24,-health,25,292.3333333333333,1548.1306079646213,1296.3333333333335,0.0,0
24,-health,26,292.3333333333333,1548.1306079646213,1296.3333333333335,0.0,0
24,-health,27,290.66666666666663,1679.8863466626037,1252.5,0.0,0
24,-health,28,290.66666666666663,1570.5863599564111,1286.8333333333335,0.0,0
24,-health,29,303.3333333333333,1718.7771958165142,1242.8333333333335,0.0,0
24,-health,30,274.33333333333337,1604.537561207443,1265.6666666666667,0.0,0
24,-health,31,292.3333333333333,1548.1306079646213,1296.3333333333335,0.0,0
24,-health,32,285.0,1602.293675053712,1267.1666666666667,0.0,0
24,-health,33,355.33333333333337,1563.228532075756,1268.8333333333333,0.0,0
24,-health,34,303.3333333333333,1552.2504004293592,1284.8333333333335,0.0,0
24,-health,35,290.66666666666663,1570.5863599564111,1286.8333333333335,0.0,0
24,-health,36,284.6666666666667,1605.2594048392864,1263.1666666666667,0.0,0
24,-health,37,265.0,1615.062383345717,1267.0,0.0,0
24,-health,38,329.99999999999994,1520.1777805557917,1310.5000000000002,0.0,1
24,-health,39,318.66666666666663,1583.4504796910292,1273.3333333333333,0.0,0
24,-health,40,335.3333333333333,1570.625056437356,1275.6666666666667,0.0,0
24,-health,41,265.0,1615.062383345717,1267.0,0.0,0
24,-health,42,278.6666666666667,1598.7274197606002,1279.6666666666665,0.0,0
24,-health,43,303.3333333333333,1605.6055685808556,1252.3333333333335,0.0,0
24,-health,44,292.3333333333333,1576.711600898652,1278.3333333333335,0.0,0
24,-health,45,284.6666666666667,1605.2594048392864,1263.1666666666667,0.0,0
24,-health,46,285.0,1602.293675053712,1267.1666666666667,0.0,0
24,-health,47,315.3333333333333,1522.012113889125,1315.0000000000002,0.0,0
24,-health,48,309.6666666666667,1575.9262623471925,1282.6666666666667,0.0,0
24,-health,49,303.3333333333333,1564.9169189478775,1284.1666666666667,0.0,0
24,-health,50,309.3333333333333,1646.83219332996,1249.8333333333333,0.0,0
24,-health,51,262.66666666666663,1623.884476139825,1274.3333333333333,0.0,0
24,-health,52,286.66666666666663,1601.376611303234,1254.0000000000002,0.0,0
24,-health,53,278.6666666666667,1598.7274197606002,1279.6666666666665,0.0,0
24,-health,54,292.3333333333333,1548.1306079646213,1296.3333333333335,0.0,0
24,-health,55,335.3333333333333,1570.625056437356,1275.6666666666667,0.0,0
24,-health,56,312.0,1738.9818841536612,1240.9999999999998,0.0,0
24,-health,57,278.6666666666667,1580.7044099806246,1283.333333333333,0.0,0
24,-health,58,303.3333333333333,1581.9396622287127,1276.5,0.0,0
24,-health,59,284.6666666666667,1585.827100064574,1275.5,0.0,0
24,-health,60,292.3333333333333,1548.9094476192647,1295.6666666666667,0.0,0
24,-adaptW,0,275.0,1992.8302900193792,1280.3333333333335,0.0,0
24,-adaptW,1,275.3333333333333,1998.3198195271552,1277.1666666666665,0.0,0
24,-adaptW,2,287.66666666666663,1922.9702450202337,1266.4999999999998,0.0,0
24,-adaptW,3,275.0,1936.6083537344714,1298.1666666666667,0.0,0
24,-adaptW,4,309.0,2005.9711645558905,1250.0,0.0,0
24,-adaptW,5,275.0,1992.8302900193792,1280.3333333333335,0.0,0
24,-adaptW,6,275.0,1992.8302900193792,1280.3333333333335,0.0,0
24,-adaptW,7,286.0,1977.3245122416013,1254.3333333333333,0.0,0
24,-adaptW,8,290.66666666666663,1897.8113721565533,1265.1666666666665,0.0,0
24,-adaptW,9,286.0,1884.181698162516,1275.8333333333333,0.0,0
24,-adaptW,10,274.6666666666667,1997.8839808633747,1287.9999999999998,0.0,0
24,-adaptW,11,287.66666666666663,1922.9702450202337,1266.4999999999998,0.0,0
24,-adaptW,12,275.0,1992.8302900193792,1280.3333333333335,0.0,0
24,-adaptW,13,275.0,1992.8302900193792,1280.3333333333335,0.0,0
24,-adaptW,14,275.3333333333333,1998.3198195271552,1277.1666666666665,0.0,0
24,-adaptW,15,290.66666666666663,1897.8113721565533,1265.1666666666665,0.0,0
24,-adaptW,16,276.0,1915.6059666758933,1269.0,0.0,0
24,-adaptW,17,301.33333333333337,1882.9062801199327,1267.1666666666665,0.0,0
24,-adaptW,18,276.0,1915.6059666758933,1269.0,0.0,0
24,-adaptW,19,322.0,2003.6574752045644,1252.6666666666667,0.0,0
24,-adaptW,20,275.0,1992.8302900193792,1280.3333333333335,0.0,0
24,-adaptW,21,288.3333333333333,1917.6416830744092,1267.3333333333333,0.0,0
24,-adaptW,22,275.0,1992.8302900193792,1280.3333333333335,0.0,0
24,-adaptW,23,287.66666666666663,1945.3018746498633,1258.8333333333333,0.0,0
24,-adaptW,24,275.0,1947.866745059167,1284.5,0.0,0
24,-adaptW,25,322.0,2003.6574752045644,1252.6666666666667,0.0,0
24,-adaptW,26,286.0,1929.8178984152337,1260.8333333333333,0.0,0
24,-adaptW,27,276.0,1915.6059666758933,1269.0,0.0,0
24,-adaptW,28,275.0,1936.6083537344714,1298.1666666666667,0.0,0
24,-adaptW,29,286.0,1884.181698162516,1275.8333333333333,0.0,0
24,-adaptW,30,287.66666666666663,1945.3018746498633,1258.8333333333333,0.0,0
24,-adaptW,31,290.66666666666663,1917.1260757134696,1257.8333333333335,0.0,0
24,-adaptW,32,286.0,1890.9000677171907,1273.333333333333,0.0,0
24,-adaptW,33,286.0,1977.3245122416013,1254.3333333333333,0.0,0
24,-adaptW,34,268.6666666666667,2058.209458076966,1279.1666666666667,0.0,0
24,-adaptW,35,290.66666666666663,1906.4640463277583,1258.6666666666667,0.0,0
24,-adaptW,36,274.6666666666667,1997.8839808633747,1287.9999999999998,0.0,0
24,-adaptW,37,287.66666666666663,1946.301652427641,1257.8333333333335,0.0,0
24,-adaptW,38,275.0,1947.866745059167,1284.5,0.0,0
24,-adaptW,39,281.3333333333333,2083.3323483694,1264.1666666666667,0.0,1
24,-adaptW,40,275.0,1992.8302900193792,1280.3333333333335,0.0,0
24,-adaptW,41,276.0,1915.6059666758933,1269.0,0.0,0
24,-adaptW,42,276.0,1915.6059666758933,1269.0,0.0,0
24,-adaptW,43,290.66666666666663,1887.6570059396968,1274.8333333333335,0.0,0
24,-adaptW,44,322.0,2003.6574752045644,1252.6666666666667,0.0,0
24,-adaptW,45,325.3333333333333,1942.4486682866197,1257.0,0.0,0
24,-adaptW,46,288.3333333333333,1917.6416830744092,1267.3333333333333,0.0,0
24,-adaptW,47,306.0,1870.923616621657,1281.8333333333335,0.0,0
24,-adaptW,48,276.0,1899.273596305523,1273.3333333333333,0.0,0
24,-adaptW,49,287.66666666666663,1938.7186894646782,1259.5,0.0,0
24,-impAstar,0,276.33333333333337,2006.2667602700956,1290.6666666666667,0.0,0
24,-impAstar,1,288.6666666666667,1936.1230740896115,1274.9999999999998,0.0,0
24,-impAstar,2,276.33333333333337,2006.2667602700956,1290.6666666666667,0.0,0
24,-impAstar,3,288.6666666666667,1922.386574403307,1279.8333333333333,0.0,0
24,-impAstar,4,288.6666666666667,1875.2539897379834,1284.5,0.0,0
24,-impAstar,5,276.33333333333337,2006.2667602700956,1290.6666666666667,0.0,0
24,-impAstar,6,276.33333333333337,2006.2667602700956,1290.6666666666667,0.0,0
24,-impAstar,7,288.6666666666667,1922.386574403307,1279.8333333333333,0.0,0
24,-impAstar,8,288.6666666666667,1914.386870699603,1281.166666666667,0.0,0
24,-impAstar,9,276.33333333333337,2006.2667602700956,1290.6666666666667,0.0,0
24,-impAstar,10,276.33333333333337,2006.2667602700956,1290.6666666666667,0.0,0
24,-impAstar,11,288.6666666666667,1914.386870699603,1281.166666666667,0.0,0
24,-impAstar,12,278.66666666666663,1968.871267620201,1273.0,0.0,0
24,-impAstar,13,292.0,1922.7642492375544,1275.8333333333333,0.0,0
24,-impAstar,14,309.3333333333333,1933.11476138716,1273.8333333333333,0.0,0
24,-impAstar,15,288.6666666666667,1914.386870699603,1281.166666666667,0.0,0
24,-impAstar,16,292.0,1922.7642492375544,1275.8333333333333,0.0,0
24,-impAstar,17,276.33333333333337,2006.2667602700956,1290.6666666666667,0.0,0
24,-impAstar,18,282.0,1962.482905103936,1278.5000000000002,0.0,0
24,-impAstar,19,274.3333333333333,1980.876034788947,1292.3333333333333,0.0,0
24,-impAstar,20,289.0,1916.4236021758572,1279.0,0.0,0
24,-impAstar,21,288.6666666666667,1896.3311322208176,1283.6666666666665,0.0,0
24,-impAstar,22,288.6666666666667,1914.386870699603,1281.166666666667,0.0,0
24,-impAstar,23,288.6666666666667,1896.3311322208176,1283.6666666666665,0.0,0
24,-impAstar,24,288.6666666666667,1874.6803547963787,1285.5,0.0,0
24,-impAstar,25,276.33333333333337,2006.2667602700956,1290.6666666666667,0.0,0
24,-impAstar,26,288.6666666666667,1908.934359297245,1282.1666666666667,0.0,0
24,-impAstar,27,270.3333333333333,2031.1522206504646,1278.1666666666665,0.0,0
24,-impAstar,28,288.6666666666667,1929.789814830352,1275.333333333333,0.0,0
24,-impAstar,29,270.3333333333333,2031.1522206504646,1278.1666666666665,0.0,0
24,-impAstar,30,288.6666666666667,1929.789814830352,1275.333333333333,0.0,0
24,-impAstar,31,288.6666666666667,1860.0265023991408,1291.3333333333333,0.0,0
24,-impAstar,32,274.3333333333333,1980.876034788947,1292.3333333333333,0.0,0
24,-impAstar,33,276.33333333333337,2006.2667602700956,1290.6666666666667,0.0,0
24,-impAstar,34,285.6666666666667,1952.8859881217616,1277.3333333333335,0.0,0
24,-impAstar,35,276.33333333333337,2006.2667602700956,1290.6666666666667,0.0,0
24,-impAstar,36,278.66666666666663,1968.871267620201,1273.0,0.0,0
24,-impAstar,37,282.0,2005.6195675755846,1272.3333333333333,0.0,0
24,-impAstar,38,271.0,2026.8812263728119,1281.1666666666667,0.0,1
24,-impAstar,39,288.6666666666667,1874.6803547963787,1285.5,0.0,0
24,-impAstar,40,288.6666666666667,1940.7887037192409,1270.3333333333333,0.0,0
24,-impAstar,41,288.6666666666667,1948.5305130752936,1267.3333333333333,0.0,0
24,-impAstar,42,288.6666666666667,1896.3311322208176,1283.6666666666665,0.0,0
24,-impAstar,43,278.66666666666663,1963.277894590655,1276.9999999999998,0.0,0
24,-impAstar,44,292.0,1922.7642492375544,1275.8333333333333,0.0,0
24,-impAstar,45,282.0,1949.3873892181214,1283.5000000000002,0.0,0
24,-closedLoop,0,276.33333333333337,2006.2667602700956,1290.6666666666667,0.0,0
24,-closedLoop,1,288.6666666666667,1936.1230740896115,1274.9999999999998,0.0,0
24,-closedLoop,2,276.33333333333337,2006.2667602700956,1290.6666666666667,0.0,0
24,-closedLoop,3,288.6666666666667,1922.386574403307,1279.8333333333333,0.0,0
24,-closedLoop,4,288.6666666666667,1875.2539897379834,1284.5,0.0,0
24,-closedLoop,5,276.33333333333337,2006.2667602700956,1290.6666666666667,0.0,0
24,-closedLoop,6,276.33333333333337,2006.2667602700956,1290.6666666666667,0.0,0
24,-closedLoop,7,288.6666666666667,1922.386574403307,1279.8333333333333,0.0,0
24,-closedLoop,8,288.6666666666667,1914.386870699603,1281.166666666667,0.0,0
24,-closedLoop,9,276.33333333333337,2006.2667602700956,1290.6666666666667,0.0,0
24,-closedLoop,10,276.33333333333337,2006.2667602700956,1290.6666666666667,0.0,0
24,-closedLoop,11,288.6666666666667,1914.386870699603,1281.166666666667,0.0,0
24,-closedLoop,12,278.66666666666663,1968.871267620201,1273.0,0.0,0
24,-closedLoop,13,292.0,1922.7642492375544,1275.8333333333333,0.0,0
24,-closedLoop,14,309.3333333333333,1933.11476138716,1273.8333333333333,0.0,0
24,-closedLoop,15,288.6666666666667,1914.386870699603,1281.166666666667,0.0,0
24,-closedLoop,16,292.0,1922.7642492375544,1275.8333333333333,0.0,0
24,-closedLoop,17,276.33333333333337,2006.2667602700956,1290.6666666666667,0.0,0
24,-closedLoop,18,282.0,1962.482905103936,1278.5000000000002,0.0,0
24,-closedLoop,19,274.3333333333333,1980.876034788947,1292.3333333333333,0.0,0
24,-closedLoop,20,289.0,1916.4236021758572,1279.0,0.0,0
24,-closedLoop,21,288.6666666666667,1896.3311322208176,1283.6666666666665,0.0,0
24,-closedLoop,22,288.6666666666667,1914.386870699603,1281.166666666667,0.0,0
24,-closedLoop,23,288.6666666666667,1896.3311322208176,1283.6666666666665,0.0,0
24,-closedLoop,24,288.6666666666667,1874.6803547963787,1285.5,0.0,0
24,-closedLoop,25,276.33333333333337,2006.2667602700956,1290.6666666666667,0.0,0
24,-closedLoop,26,288.6666666666667,1908.934359297245,1282.1666666666667,0.0,0
24,-closedLoop,27,270.3333333333333,2031.1522206504646,1278.1666666666665,0.0,0
24,-closedLoop,28,288.6666666666667,1929.789814830352,1275.333333333333,0.0,0
24,-closedLoop,29,270.3333333333333,2031.1522206504646,1278.1666666666665,0.0,0
24,-closedLoop,30,288.6666666666667,1929.789814830352,1275.333333333333,0.0,0
24,-closedLoop,31,288.6666666666667,1860.0265023991408,1291.3333333333333,0.0,0
24,-closedLoop,32,274.3333333333333,1980.876034788947,1292.3333333333333,0.0,0
24,-closedLoop,33,276.33333333333337,2006.2667602700956,1290.6666666666667,0.0,0
24,-closedLoop,34,285.6666666666667,1952.8859881217616,1277.3333333333335,0.0,0
24,-closedLoop,35,276.33333333333337,2006.2667602700956,1290.6666666666667,0.0,0
24,-closedLoop,36,278.66666666666663,1968.871267620201,1273.0,0.0,0
24,-closedLoop,37,282.0,2005.6195675755846,1272.3333333333333,0.0,0
24,-closedLoop,38,271.0,2026.8812263728119,1281.1666666666667,0.0,0
24,-closedLoop,39,288.6666666666667,1874.6803547963787,1285.5,0.0,0
24,-closedLoop,40,288.6666666666667,1940.7887037192409,1270.3333333333333,0.0,0
24,-closedLoop,41,288.6666666666667,1948.5305130752936,1267.3333333333333,0.0,0
24,-closedLoop,42,288.6666666666667,1896.3311322208176,1283.6666666666665,0.0,0
24,-closedLoop,43,278.66666666666663,1963.277894590655,1276.9999999999998,0.0,0
24,-closedLoop,44,292.0,1922.7642492375544,1275.8333333333333,0.0,0
24,-closedLoop,45,282.0,1949.3873892181214,1283.5000000000002,0.0,0
24,hard-only,0,324.0,1570.7221520133917,1280.6666666666667,0.0,0
24,hard-only,1,270.66666666666663,1606.497321248036,1280.5,0.0,0
24,hard-only,2,290.66666666666663,1641.7134250894278,1252.8333333333333,0.0,0
24,hard-only,3,292.3333333333333,1562.1288301868435,1288.3333333333337,0.0,0
24,hard-only,4,327.3333333333333,1577.6281943624037,1275.5,0.0,0
24,hard-only,5,292.3333333333333,1562.1288301868435,1288.3333333333337,0.0,0
24,hard-only,6,312.0,1738.9818841536612,1240.9999999999998,0.0,0
24,hard-only,7,290.66666666666663,1590.7230359500945,1263.6666666666667,0.0,0
24,hard-only,8,274.33333333333337,1614.536672318554,1261.6666666666665,0.0,0
24,hard-only,9,292.3333333333333,1562.1288301868435,1288.3333333333337,0.0,0
24,hard-only,10,290.66666666666663,1570.5863599564111,1286.8333333333335,0.0,0
24,hard-only,11,292.3333333333333,1548.1306079646213,1296.3333333333335,0.0,0
24,hard-only,12,282.66666666666663,1591.1934463832008,1273.5,0.0,0
24,hard-only,13,285.0,1602.293675053712,1267.1666666666667,0.0,0
24,hard-only,14,265.0,1615.062383345717,1267.0,0.0,0
24,hard-only,15,274.33333333333337,1604.537561207443,1265.6666666666667,0.0,0
24,hard-only,16,292.3333333333333,1562.1288301868435,1288.3333333333337,0.0,0
24,hard-only,17,290.66666666666663,1641.7134250894278,1252.8333333333333,0.0,0
24,hard-only,18,292.3333333333333,1548.1306079646213,1296.3333333333335,0.0,0
24,hard-only,19,278.6666666666667,1598.7274197606002,1279.6666666666665,0.0,0
24,hard-only,20,335.3333333333333,1577.956908289208,1269.0,0.0,0
24,hard-only,21,324.0,1544.5661312058537,1303.5,0.0,0
24,hard-only,22,303.3333333333333,1605.6055685808556,1252.3333333333335,0.0,0
24,hard-only,23,285.0,1594.4407344884096,1267.5,0.0,0
24,hard-only,24,290.66666666666663,1641.7134250894278,1252.8333333333333,0.0,0
24,hard-only,25,292.3333333333333,1548.1306079646213,1296.3333333333335,0.0,0
24,hard-only,26,292.3333333333333,1548.1306079646213,1296.3333333333335,0.0,0
24,hard-only,27,290.66666666666663,1679.8863466626037,1252.5,0.0,0
24,hard-only,28,290.66666666666663,1570.5863599564111,1286.8333333333335,0.0,0
24,hard-only,29,303.3333333333333,1718.7771958165142,1242.8333333333335,0.0,0
24,hard-only,30,274.33333333333337,1604.537561207443,1265.6666666666667,0.0,0
24,hard-only,31,292.3333333333333,1548.1306079646213,1296.3333333333335,0.0,0
24,hard-only,32,285.0,1602.293675053712,1267.1666666666667,0.0,0
24,hard-only,33,355.33333333333337,1563.228532075756,1268.8333333333333,0.0,0
24,hard-only,34,303.3333333333333,1552.2504004293592,1284.8333333333335,0.0,0
24,hard-only,35,290.66666666666663,1570.5863599564111,1286.8333333333335,0.0,0
24,hard-only,36,284.6666666666667,1605.2594048392864,1263.1666666666667,0.0,0
24,hard-only,37,265.0,1615.062383345717,1267.0,0.0,0
24,hard-only,38,329.99999999999994,1520.1777805557917,1310.5000000000002,0.0,1
24,hard-only,39,318.66666666666663,1583.4504796910292,1273.3333333333333,0.0,0
24,hard-only,40,335.3333333333333,1570.625056437356,1275.6666666666667,0.0,0
24,hard-only,41,265.0,1615.062383345717,1267.0,0.0,0
24,hard-only,42,278.6666666666667,1598.7274197606002,1279.6666666666665,0.0,0
24,hard-only,43,303.3333333333333,1605.6055685808556,1252.3333333333335,0.0,0
24,hard-only,44,292.3333333333333,1576.711600898652,1278.3333333333335,0.0,0
24,hard-only,45,284.6666666666667,1605.2594048392864,1263.1666666666667,0.0,0
24,hard-only,46,285.0,1602.293675053712,1267.1666666666667,0.0,0
24,hard-only,47,315.3333333333333,1522.012113889125,1315.0000000000002,0.0,0
24,hard-only,48,309.6666666666667,1575.9262623471925,1282.6666666666667,0.0,0
24,hard-only,49,303.3333333333333,1564.9169189478775,1284.1666666666667,0.0,0
24,hard-only,50,309.3333333333333,1646.83219332996,1249.8333333333333,0.0,0
24,hard-only,51,262.66666666666663,1623.884476139825,1274.3333333333333,0.0,0
24,hard-only,52,286.66666666666663,1601.376611303234,1254.0000000000002,0.0,0
24,hard-only,53,278.6666666666667,1598.7274197606002,1279.6666666666665,0.0,0
24,hard-only,54,292.3333333333333,1548.1306079646213,1296.3333333333335,0.0,0
24,hard-only,55,335.3333333333333,1570.625056437356,1275.6666666666667,0.0,0
24,hard-only,56,312.0,1738.9818841536612,1240.9999999999998,0.0,0
24,hard-only,57,278.6666666666667,1580.7044099806246,1283.333333333333,0.0,0
24,hard-only,58,303.3333333333333,1581.9396622287127,1276.5,0.0,0
24,hard-only,59,284.6666666666667,1585.827100064574,1275.5,0.0,0
24,hard-only,60,292.3333333333333,1548.9094476192647,1295.6666666666667,0.0,0
24,GA-SA-multiSoH,1,296.66666666666663,2021.6788899037813,1256.6666666666667,0.0,1
25,Full,0,282.3333333333333,2197.5071685250005,1251.0,0.0,0
25,Full,1,306.6666666666667,2254.0996842460468,1238.0,0.0,0
25,Full,2,302.6666666666667,2312.1969175428753,1238.1666666666665,0.0,0
25,Full,3,306.6666666666667,2156.9701320482845,1241.4999999999998,0.0,0
25,Full,4,287.6666666666667,2126.8499149494633,1264.1666666666667,0.0,0
25,Full,5,291.6666666666667,2130.179693085346,1257.3333333333333,0.0,0
25,Full,6,287.6666666666667,2126.8499149494633,1264.1666666666667,0.0,0
25,Full,7,287.6666666666667,2126.8499149494633,1264.1666666666667,0.0,0
25,Full,8,282.0,2222.0374896741896,1245.6666666666667,0.0,0
25,Full,9,287.6666666666667,2146.0148408753894,1256.333333333333,0.0,0
25,Full,10,302.0,2114.153143158795,1244.8333333333333,0.0,0
25,Full,11,295.66666666666663,2140.39351083227,1250.3333333333333,0.0,0
25,Full,12,282.0,2163.385087315638,1251.1666666666667,0.0,0
25,Full,13,291.6666666666667,2195.2893373179163,1243.5,0.0,0
25,Full,14,287.6666666666667,2126.8499149494633,1264.1666666666667,0.0,0
25,Full,15,352.6666666666667,2188.5754532129304,1237.0,0.0,0
25,Full,16,295.66666666666663,2140.39351083227,1250.3333333333333,0.0,0
25,Full,17,291.6666666666667,2294.0652299700323,1238.5,0.0,0
25,Full,18,351.6666666666667,2100.5593347840627,1251.1666666666667,0.0,0
25,Full,19,291.6666666666667,2195.2893373179163,1243.5,0.0,0
25,Full,20,313.0,2238.620948654716,1233.5,0.0,0
25,Full,21,302.0,2167.486254269906,1243.8333333333333,0.0,0
25,Full,22,278.0,2250.443695384125,1239.166666666667,0.0,0
25,Full,23,278.0,2250.443695384125,1239.166666666667,0.0,0
25,Full,24,295.66666666666663,2140.39351083227,1250.3333333333333,0.0,0
25,Full,25,291.6666666666667,2150.408521941373,1247.1666666666665,0.0,0
25,Full,26,295.66666666666663,2132.060547869307,1252.0,0.0,0
25,Full,27,302.0,2194.3188098254614,1240.3333333333333,0.0,0
25,Full,28,316.0,2204.87141139199,1237.8333333333335,0.0,0
25,Full,29,291.6666666666667,2195.2893373179163,1243.5,0.0,0
25,Full,30,273.0,2216.2232039058586,1250.6666666666667,0.0,0
25,Full,31,295.66666666666663,2140.39351083227,1250.3333333333333,0.0,0
25,Full,32,282.3333333333333,2197.5071685250005,1251.0,0.0,0
25,Full,33,269.6666666666667,2173.035362006194,1254.1666666666667,0.0,0
25,Full,34,351.66666666666663,2208.222927376655,1237.333333333333,0.0,0
25,Full,35,287.6666666666667,2126.8499149494633,1264.1666666666667,0.0,0
25,Full,36,295.66666666666663,2140.39351083227,1250.3333333333333,0.0,0
25,Full,37,287.6666666666667,2110.521108777978,1275.8333333333333,0.0,0
25,Full,38,293.66666666666663,2092.4285855585113,1258.5000000000002,0.0,0
25,Full,39,295.66666666666663,2140.39351083227,1250.3333333333333,0.0,0
25,Full,40,332.66666666666663,2202.2393426167055,1240.1666666666667,0.0,0
25,-health,0,281.0,1953.2152417029163,1244.0,0.0,0
25,-health,1,309.66666666666663,1871.5309288422338,1271.6666666666665,0.0,0
25,-health,2,281.0,1965.7151676288418,1243.6666666666665,0.0,0
25,-health,3,281.0,1980.3999596528497,1243.5,0.0,0
25,-health,4,294.6666666666667,1880.0682198291677,1303.0,0.0,0
25,-health,5,281.0,1928.5964610404662,1245.4999999999998,0.0,0
25,-health,6,281.0,1965.7151676288418,1243.6666666666665,0.0,0
25,-health,7,279.66666666666663,1950.0507972584714,1254.0,0.0,0
25,-health,8,281.0,1910.7362994595371,1255.5,0.0,0
25,-health,9,305.66666666666663,1876.539517434322,1281.3333333333333,0.0,0
25,-health,10,292.3333333333333,1919.265201781207,1254.8333333333333,0.0,0
25,-health,11,281.0,1953.2152417029163,1244.0,0.0,0
25,-health,12,281.0,1928.5964610404662,1245.4999999999998,0.0,0
25,-health,13,281.0,1880.117222500791,1255.6666666666667,0.0,0
25,-health,14,281.0,1965.7151676288418,1243.6666666666665,0.0,0
25,-health,15,281.0,1965.7151676288418,1243.6666666666665,0.0,0
25,-health,16,281.0,1910.7362994595371,1255.5,0.0,0
25,-health,17,281.0,1910.7362994595371,1255.5,0.0,0
25,-health,18,279.66666666666663,1950.0507972584714,1254.0,0.0,0
25,-health,19,306.3333333333333,1872.236078696277,1271.3333333333335,0.0,0
25,-health,20,281.0,1965.7151676288418,1243.6666666666665,0.0,0
25,-health,21,309.66666666666663,1855.1990029163078,1278.0,0.0,1
25,-adaptW,0,286.3333333333333,2153.741601257221,1255.3333333333335,0.0,0
25,-adaptW,1,336.66666666666663,2172.0485443398434,1241.6666666666667,0.0,0
25,-adaptW,2,297.66666666666663,2040.704918423841,1276.0,0.0,0
25,-adaptW,3,282.33333333333337,2211.217836770125,1256.3333333333335,0.0,0
25,-adaptW,4,281.0,2100.384536839309,1261.666666666667,0.0,0
25,-adaptW,5,333.3333333333333,2082.362862999597,1273.3333333333333,0.0,0
25,-adaptW,6,286.3333333333333,2290.82478496881,1249.6666666666667,0.0,0
25,-adaptW,7,282.33333333333337,2211.217836770125,1256.3333333333335,0.0,0
25,-adaptW,8,286.3333333333333,2277.3527932648185,1252.0,0.0,0
25,-adaptW,9,358.6666666666667,2158.6601897809533,1240.4999999999998,0.0,1
25,-adaptW,10,290.0,2110.4287103207866,1243.6666666666665,0.0,0
25,-adaptW,11,282.33333333333337,2211.217836770125,1256.3333333333335,0.0,0
25,-adaptW,12,281.0,2100.384536839309,1261.666666666667,0.0,0
25,-adaptW,13,281.0,2100.384536839309,1261.666666666667,0.0,0
25,-adaptW,14,281.0,2101.520916183615,1261.166666666667,0.0,0
25,-adaptW,15,287.6666666666667,2096.468603802525,1253.0,0.0,0
25,-adaptW,16,297.66666666666663,2023.7955991688273,1289.3333333333335,0.0,0
25,-adaptW,17,336.66666666666663,2172.0485443398434,1241.6666666666667,0.0,0
25,-adaptW,18,290.0,2184.774257995734,1231.1666666666667,0.0,0
25,-adaptW,19,282.33333333333337,2211.217836770125,1256.3333333333335,0.0,0
25,-adaptW,20,290.0,2174.667141217011,1238.4999999999998,0.0,0
25,-adaptW,21,297.66666666666663,2040.704918423841,1276.0,0.0,0
25,-adaptW,22,279.6666666666667,2129.3775812238614,1271.8333333333335,0.0,0
25,-adaptW,23,290.0,2227.9617665620653,1226.1666666666667,0.0,0
25,-adaptW,24,289.3333333333333,2169.8405531206936,1251.0,0.0,0
25,-adaptW,25,340.6666666666667,2154.6602638550276,1240.8333333333333,0.0,0
25,-adaptW,26,329.33333333333337,2082.9283659508055,1275.8333333333335,0.0,0
25,-adaptW,27,336.66666666666663,2172.0485443398434,1241.6666666666667,0.0,0
25,-adaptW,28,340.6666666666667,2167.4700724609047,1240.1666666666667,0.0,0
25,-adaptW,29,281.0,2100.384536839309,1261.666666666667,0.0,0
25,-adaptW,30,281.0,2094.8849812837534,1263.666666666667,0.0,0
25,-adaptW,31,297.66666666666663,2040.704918423841,1276.0,0.0,0
25,-adaptW,32,290.0,2161.4517636005635,1242.3333333333335,0.0,0
25,-adaptW,33,290.0,2184.774257995734,1231.1666666666667,0.0,0
25,-adaptW,34,281.0,2100.384536839309,1261.666666666667,0.0,0
25,-adaptW,35,285.3333333333333,2101.7894512241965,1256.5,0.0,0
25,-adaptW,36,286.6666666666667,2162.5627178608574,1253.3333333333335,0.0,0
25,-adaptW,37,290.3333333333333,2087.9331516510556,1254.6666666666667,0.0,0
25,-adaptW,38,290.0,2184.774257995734,1231.1666666666667,0.0,0
25,-adaptW,39,290.0,2184.774257995734,1231.1666666666667,0.0,0
25,-adaptW,40,285.0,2256.18669493986,1255.3333333333333,0.0,0
25,-adaptW,41,290.3333333333333,2087.9331516510556,1254.6666666666667,0.0,0
25,-adaptW,42,285.3333333333333,2092.792121841905,1273.0,0.0,0
25,-adaptW,43,290.0,2184.774257995734,1231.1666666666667,0.0,0
25,-adaptW,44,281.0,2117.875461786983,1257.8333333333335,0.0,0
25,-impAstar,0,282.3333333333333,2197.5071685250005,1251.0,0.0,0
25,-impAstar,1,306.6666666666667,2254.0996842460468,1238.0,0.0,0
25,-impAstar,2,302.6666666666667,2312.1969175428753,1238.1666666666665,0.0,0
25,-impAstar,3,306.6666666666667,2156.9701320482845,1241.4999999999998,0.0,0
25,-impAstar,4,287.6666666666667,2126.8499149494633,1264.1666666666667,0.0,0
25,-impAstar,5,291.6666666666667,2130.179693085346,1257.3333333333333,0.0,0
25,-impAstar,6,287.6666666666667,2126.8499149494633,1264.1666666666667,0.0,0
25,-impAstar,7,287.6666666666667,2126.8499149494633,1264.1666666666667,0.0,0
25,-impAstar,8,282.0,2222.0374896741896,1245.6666666666667,0.0,0
25,-impAstar,9,287.6666666666667,2146.0148408753894,1256.333333333333,0.0,0
25,-impAstar,10,302.0,2114.153143158795,1244.8333333333333,0.0,0
25,-impAstar,11,295.66666666666663,2140.39351083227,1250.3333333333333,0.0,0
25,-impAstar,12,282.0,2163.385087315638,1251.1666666666667,0.0,0
25,-impAstar,13,291.6666666666667,2195.2893373179163,1243.5,0.0,0
25,-impAstar,14,287.6666666666667,2126.8499149494633,1264.1666666666667,0.0,0
25,-impAstar,15,352.6666666666667,2188.5754532129304,1237.0,0.0,0
25,-impAstar,16,295.66666666666663,2140.39351083227,1250.3333333333333,0.0,0
25,-impAstar,17,291.6666666666667,2294.0652299700323,1238.5,0.0,0
25,-impAstar,18,351.6666666666667,2100.5593347840627,1251.1666666666667,0.0,0
25,-impAstar,19,291.6666666666667,2195.2893373179163,1243.5,0.0,0
25,-impAstar,20,313.0,2238.620948654716,1233.5,0.0,0
25,-impAstar,21,302.0,2167.486254269906,1243.8333333333333,0.0,0
25,-impAstar,22,278.0,2250.443695384125,1239.166666666667,0.0,0
25,-impAstar,23,278.0,2250.443695384125,1239.166666666667,0.0,0
25,-impAstar,24,295.66666666666663,2140.39351083227,1250.3333333333333,0.0,0
25,-impAstar,25,291.6666666666667,2150.408521941373,1247.1666666666665,0.0,0
25,-impAstar,26,295.66666666666663,2132.060547869307,1252.0,0.0,0
25,-impAstar,27,302.0,2194.3188098254614,1240.3333333333333,0.0,0
25,-impAstar,28,316.0,2204.87141139199,1237.8333333333335,0.0,0
25,-impAstar,29,291.6666666666667,2195.2893373179163,1243.5,0.0,0
25,-impAstar,30,273.0,2216.2232039058586,1250.6666666666667,0.0,0
25,-impAstar,31,295.66666666666663,2140.39351083227,1250.3333333333333,0.0,0
25,-impAstar,32,282.3333333333333,2197.5071685250005,1251.0,0.0,0
25,-impAstar,33,269.6666666666667,2173.035362006194,1254.1666666666667,0.0,0
25,-impAstar,34,351.66666666666663,2208.222927376655,1237.333333333333,0.0,1
25,-impAstar,35,287.6666666666667,2126.8499149494633,1264.1666666666667,0.0,0
25,-impAstar,36,295.66666666666663,2140.39351083227,1250.3333333333333,0.0,0
25,-impAstar,37,287.6666666666667,2110.521108777978,1275.8333333333333,0.0,0
25,-impAstar,38,293.66666666666663,2092.4285855585113,1258.5000000000002,0.0,0
25,-impAstar,39,295.66666666666663,2140.39351083227,1250.3333333333333,0.0,0
25,-impAstar,40,332.66666666666663,2202.2393426167055,1240.1666666666667,0.0,0
25,-closedLoop,0,282.3333333333333,2197.5071685250005,1251.0,0.0,0
25,-closedLoop,1,306.6666666666667,2254.0996842460468,1238.0,0.0,0
25,-closedLoop,2,302.6666666666667,2312.1969175428753,1238.1666666666665,0.0,0
25,-closedLoop,3,306.6666666666667,2156.9701320482845,1241.4999999999998,0.0,0
25,-closedLoop,4,287.6666666666667,2126.8499149494633,1264.1666666666667,0.0,0
25,-closedLoop,5,291.6666666666667,2130.179693085346,1257.3333333333333,0.0,0
25,-closedLoop,6,287.6666666666667,2126.8499149494633,1264.1666666666667,0.0,0
25,-closedLoop,7,287.6666666666667,2126.8499149494633,1264.1666666666667,0.0,0
25,-closedLoop,8,282.0,2222.0374896741896,1245.6666666666667,0.0,0
25,-closedLoop,9,287.6666666666667,2146.0148408753894,1256.333333333333,0.0,0
25,-closedLoop,10,302.0,2114.153143158795,1244.8333333333333,0.0,0
25,-closedLoop,11,295.66666666666663,2140.39351083227,1250.3333333333333,0.0,0
25,-closedLoop,12,282.0,2163.385087315638,1251.1666666666667,0.0,0
25,-closedLoop,13,291.6666666666667,2195.2893373179163,1243.5,0.0,0
25,-closedLoop,14,287.6666666666667,2126.8499149494633,1264.1666666666667,0.0,0
25,-closedLoop,15,352.6666666666667,2188.5754532129304,1237.0,0.0,0
25,-closedLoop,16,295.66666666666663,2140.39351083227,1250.3333333333333,0.0,0
25,-closedLoop,17,291.6666666666667,2294.0652299700323,1238.5,0.0,0
25,-closedLoop,18,351.6666666666667,2100.5593347840627,1251.1666666666667,0.0,0
25,-closedLoop,19,291.6666666666667,2195.2893373179163,1243.5,0.0,0
25,-closedLoop,20,313.0,2238.620948654716,1233.5,0.0,0
25,-closedLoop,21,302.0,2167.486254269906,1243.8333333333333,0.0,0
25,-closedLoop,22,278.0,2250.443695384125,1239.166666666667,0.0,0
25,-closedLoop,23,278.0,2250.443695384125,1239.166666666667,0.0,0
25,-closedLoop,24,295.66666666666663,2140.39351083227,1250.3333333333333,0.0,0
25,-closedLoop,25,291.6666666666667,2150.408521941373,1247.1666666666665,0.0,0
25,-closedLoop,26,295.66666666666663,2132.060547869307,1252.0,0.0,0
25,-closedLoop,27,302.0,2194.3188098254614,1240.3333333333333,0.0,0
25,-closedLoop,28,316.0,2204.87141139199,1237.8333333333335,0.0,0
25,-closedLoop,29,291.6666666666667,2195.2893373179163,1243.5,0.0,0
25,-closedLoop,30,273.0,2216.2232039058586,1250.6666666666667,0.0,0
25,-closedLoop,31,295.66666666666663,2140.39351083227,1250.3333333333333,0.0,0
25,-closedLoop,32,282.3333333333333,2197.5071685250005,1251.0,0.0,0
25,-closedLoop,33,269.6666666666667,2173.035362006194,1254.1666666666667,0.0,0
25,-closedLoop,34,351.66666666666663,2208.222927376655,1237.333333333333,0.0,0
25,-closedLoop,35,287.6666666666667,2126.8499149494633,1264.1666666666667,0.0,0
25,-closedLoop,36,295.66666666666663,2140.39351083227,1250.3333333333333,0.0,0
25,-closedLoop,37,287.6666666666667,2110.521108777978,1275.8333333333333,0.0,0
25,-closedLoop,38,293.66666666666663,2092.4285855585113,1258.5000000000002,0.0,0
25,-closedLoop,39,295.66666666666663,2140.39351083227,1250.3333333333333,0.0,0
25,-closedLoop,40,332.66666666666663,2202.2393426167055,1240.1666666666667,0.0,0
25,hard-only,0,281.0,1953.2152417029163,1244.0,0.0,0
25,hard-only,1,309.66666666666663,1871.5309288422338,1271.6666666666665,0.0,0
25,hard-only,2,281.0,1965.7151676288418,1243.6666666666665,0.0,0
25,hard-only,3,281.0,1980.3999596528497,1243.5,0.0,0
25,hard-only,4,294.6666666666667,1880.0682198291677,1303.0,0.0,0
25,hard-only,5,281.0,1928.5964610404662,1245.4999999999998,0.0,0
25,hard-only,6,281.0,1965.7151676288418,1243.6666666666665,0.0,0
25,hard-only,7,279.66666666666663,1950.0507972584714,1254.0,0.0,0
25,hard-only,8,281.0,1910.7362994595371,1255.5,0.0,0
25,hard-only,9,305.66666666666663,1876.539517434322,1281.3333333333333,0.0,0
25,hard-only,10,292.3333333333333,1919.265201781207,1254.8333333333333,0.0,0
25,hard-only,11,281.0,1953.2152417029163,1244.0,0.0,0
25,hard-only,12,281.0,1928.5964610404662,1245.4999999999998,0.0,0
25,hard-only,13,281.0,1880.117222500791,1255.6666666666667,0.0,0
25,hard-only,14,281.0,1965.7151676288418,1243.6666666666665,0.0,0
25,hard-only,15,281.0,1965.7151676288418,1243.6666666666665,0.0,0
25,hard-only,16,281.0,1910.7362994595371,1255.5,0.0,0
25,hard-only,17,281.0,1910.7362994595371,1255.5,0.0,0
25,hard-only,18,279.66666666666663,1950.0507972584714,1254.0,0.0,0
25,hard-only,19,306.3333333333333,1872.236078696277,1271.3333333333335,0.0,0
25,hard-only,20,281.0,1965.7151676288418,1243.6666666666665,0.0,0
25,hard-only,21,309.66666666666663,1855.1990029163078,1278.0,0.0,1
25,GA-SA-multiSoH,0,290.0,2107.1845515325904,1233.8333333333333,0.0,1
26,Full,0,259.66666666666663,2088.521758589899,1174.5000000000002,0.0,0
26,Full,1,267.6666666666667,2000.768083107015,1195.6666666666667,0.0,0
26,Full,2,267.6666666666667,2000.768083107015,1195.6666666666667,0.0,0
26,Full,3,268.3333333333333,2083.911212421897,1164.5,0.0,0
26,Full,4,267.6666666666667,2000.768083107015,1195.6666666666667,0.0,0
26,Full,5,286.0,1952.1256429098923,1183.6666666666667,0.0,0
26,Full,6,259.66666666666663,2088.521758589899,1174.5000000000002,0.0,0
26,Full,7,267.33333333333337,2025.6541750357464,1188.0,0.0,0
26,Full,8,295.6666666666667,2012.9692964318756,1174.1666666666667,0.0,0
26,Full,9,259.66666666666663,2088.521758589899,1174.5000000000002,0.0,0
26,Full,10,272.66666666666663,2047.3771970225494,1169.6666666666667,0.0,0
26,Full,11,262.6666666666667,2065.5780272367115,1165.1666666666667,0.0,0
26,Full,12,286.0,1948.0134573262546,1217.0000000000002,0.0,0
26,Full,13,262.6666666666667,2065.5780272367115,1165.1666666666667,0.0,0
26,Full,14,259.66666666666663,2147.981194292908,1166.1666666666665,0.0,0
26,Full,15,259.66666666666663,2088.521758589899,1174.5000000000002,0.0,0
26,Full,16,262.6666666666667,2065.5780272367115,1165.1666666666667,0.0,0
26,Full,17,294.3333333333333,2035.4586977182507,1176.1666666666667,0.0,0
26,Full,18,288.3333333333333,1924.2300401933878,1207.5,0.0,0
26,Full,19,286.0,1976.470814950394,1181.0,0.0,0
26,Full,20,286.0,1952.1256429098923,1183.6666666666667,0.0,0
26,Full,21,267.6666666666667,2000.768083107015,1195.6666666666667,0.0,0
26,Full,22,290.3333333333333,1944.6331816144639,1187.3333333333333,0.0,0
26,Full,23,294.3333333333333,2035.4586977182507,1176.1666666666667,0.0,0
26,Full,24,267.6666666666667,2000.768083107015,1195.6666666666667,0.0,0
26,Full,25,275.0,2002.5831347419503,1188.1666666666667,0.0,0
26,Full,26,267.33333333333337,2025.6541750357464,1188.0,0.0,0
26,Full,27,286.0,1952.1256429098923,1183.6666666666667,0.0,0
26,Full,28,285.0,2001.4541746536152,1180.3333333333333,0.0,0
26,Full,29,267.33333333333337,2008.9599559002681,1189.0,0.0,0
26,Full,30,290.3333333333333,1947.4110393227788,1186.666666666667,0.0,0
26,Full,31,294.3333333333333,2035.4586977182507,1176.1666666666667,0.0,0
26,Full,32,280.0,1992.4663969725707,1180.5,0.0,0
26,Full,33,272.66666666666663,2047.3771970225494,1169.6666666666667,0.0,0
26,Full,34,316.3333333333333,1918.4063393877855,1216.6666666666665,0.0,0
26,Full,35,262.6666666666667,2065.5780272367115,1165.1666666666667,0.0,0
26,Full,36,267.33333333333337,2047.8192120727836,1180.6666666666667,0.0,0
26,Full,37,321.3333333333333,1934.5006180694854,1201.3333333333333,0.0,0
26,Full,38,295.6666666666667,2008.4574947617443,1176.9999999999998,0.0,0
26,Full,39,288.3333333333333,1945.871432640236,1195.1666666666667,0.0,0
26,Full,40,280.0,1983.3531201440521,1203.3333333333335,0.0,0
26,Full,41,292.0,1926.8886496369646,1201.4999999999998,0.0,0
26,Full,42,272.66666666666663,2047.3771970225494,1169.6666666666667,0.0,0
26,Full,43,268.3333333333333,2054.5248652807095,1172.5,0.0,0
26,Full,44,279.6666666666667,2093.367902407351,1158.9999999999998,0.0,0
26,Full,45,294.6666666666667,1942.8662604148487,1195.9999999999998,0.0,0
26,Full,46,272.66666666666663,2047.3771970225494,1169.6666666666667,0.0,0
26,Full,47,286.0,1948.2768571942618,1195.0,0.0,0
26,Full,48,306.0,1953.22157236748,1178.0,0.0,0
26,Full,49,259.66666666666663,2087.188721552862,1175.8333333333335,0.0,0
26,Full,50,288.3333333333333,1924.2300401933878,1207.5,0.0,0
26,Full,51,267.6666666666667,2000.768083107015,1195.6666666666667,0.0,0
26,Full,52,259.66666666666663,2088.521758589899,1174.5000000000002,0.0,0
26,Full,53,280.0,1992.4663969725707,1180.5,0.0,0
26,Full,54,271.3333333333333,2050.360922358086,1176.1666666666667,0.0,0
26,Full,55,259.66666666666663,2107.2452864959705,1167.8333333333335,0.0,0
26,-health,0,276.3333333333333,1789.0771356229682,1185.5,0.0,0
26,-health,1,280.66666666666663,1759.9585665528336,1204.8333333333335,0.0,0
26,-health,2,289.0,1750.514543238085,1188.1666666666667,0.0,0
26,-health,3,286.33333333333337,1806.7705214354087,1178.1666666666667,0.0,0
26,-health,4,289.0,1753.0141728677147,1186.5000000000002,0.0,0
26,-health,5,280.66666666666663,1765.0993508486672,1204.5000000000002,0.0,0
26,-health,6,283.33333333333337,1751.0620844882906,1204.3333333333333,0.0,0
26,-health,7,289.0,1748.4454450625815,1195.5000000000002,0.0,0
26,-health,8,289.0,1750.514543238085,1188.1666666666667,0.0,0
26,-health,9,301.33333333333337,1761.3466543491961,1182.666666666667,0.0,0
26,-health,10,289.0,1788.6098673501795,1182.8333333333335,0.0,0
26,-health,11,286.33333333333337,1806.7705214354087,1178.1666666666667,0.0,0
26,-health,12,289.0,1778.6801728677144,1183.5000000000002,0.0,0
26,-health,13,280.66666666666663,1759.9585665528336,1204.8333333333335,0.0,0
26,-health,14,276.3333333333333,1805.9102096970423,1184.3333333333333,0.0,0
26,-health,15,276.0,1854.7797854399869,1210.8333333333335,0.0,0
26,-health,16,279.33333333333337,1785.606489838568,1221.1666666666667,0.0,0
26,-health,17,286.33333333333337,1749.0586750485843,1201.8333333333335,0.0,0
26,-health,18,293.33333333333337,1715.2231334640169,1187.6666666666667,0.0,0
26,-health,19,276.3333333333333,1789.0771356229682,1185.5,0.0,0
26,-health,20,286.33333333333337,1807.2991537873606,1176.1666666666667,0.0,0
26,-health,21,280.66666666666663,1759.9585665528336,1204.8333333333335,0.0,0
26,-health,22,289.0,1668.4775435440235,1205.6666666666667,0.0,0
26,-health,23,286.33333333333337,1806.7705214354087,1178.1666666666667,0.0,0
26,-health,24,280.66666666666663,1732.9225701404628,1206.1666666666667,0.0,0
26,-health,25,289.0,1678.3950844882904,1202.8333333333337,0.0,0
26,-health,26,289.0,1662.8127287292086,1214.0000000000002,0.0,0
26,-health,27,274.6666666666667,1840.6112445291005,1218.8333333333335,0.0,0
26,-health,28,283.33333333333337,1754.0614178216238,1201.3333333333333,0.0,0
26,-health,29,289.0,1683.5046502816408,1198.8333333333333,0.0,0
26,-health,30,283.33333333333337,1755.143320723905,1183.8333333333335,0.0,0
26,-health,31,286.33333333333337,1807.2991537873606,1176.1666666666667,0.0,0
26,-health,32,289.0,1788.6098673501795,1182.8333333333335,0.0,0
26,-health,33,289.0,1644.842353156276,1216.8333333333335,0.0,1
26,-health,34,289.0,1740.6337750473915,1196.0000000000002,0.0,0
26,-health,35,289.0,1740.6337750473915,1196.0000000000002,0.0,0
26,-health,36,282.6666666666667,1758.4296259024945,1191.5,0.0,0
26,-health,37,289.0,1720.778926544063,1196.1666666666667,0.0,0
26,-health,38,283.33333333333337,1751.0620844882906,1204.3333333333333,0.0,0
26,-health,39,280.66666666666663,1759.9585665528336,1204.8333333333335,0.0,0
26,-health,40,285.3333333333333,1730.878235560669,1229.666666666667,0.0,0
26,-adaptW,0,308.6666666666667,2015.942846274977,1234.1666666666667,0.0,0
26,-adaptW,1,264.0,2204.212853748803,1218.166666666667,0.0,0
26,-adaptW,2,317.6666666666667,2156.9597637580778,1185.0,0.0,0
26,-adaptW,3,317.6666666666667,2156.9597637580778,1185.0,0.0,0
26,-adaptW,4,304.6666666666667,2025.4210945363693,1245.0,0.0,0
26,-adaptW,5,277.33333333333337,2077.3165780086056,1219.5,0.0,0
26,-adaptW,6,308.6666666666667,2009.4430684971992,1235.1666666666667,0.0,0
26,-adaptW,7,304.6666666666667,2134.74782836564,1189.5,0.0,0
26,-adaptW,8,280.6666666666667,2081.3078300504953,1193.0000000000002,0.0,0
26,-adaptW,9,264.0,2215.376816711766,1206.0,0.0,0
26,-adaptW,10,268.6666666666667,2147.050118007115,1213.0,0.0,0
26,-adaptW,11,317.6666666666667,2156.9597637580778,1185.0,0.0,0
26,-adaptW,12,317.6666666666667,2156.9597637580778,1185.0,0.0,0
26,-adaptW,13,268.6666666666667,2163.8104889218366,1206.6666666666665,0.0,0
26,-adaptW,14,353.66666666666663,2161.4133742343856,1182.0,0.0,1
26,-adaptW,15,304.6666666666667,2134.74782836564,1189.5,0.0,0
26,-adaptW,16,317.6666666666667,2156.9597637580778,1185.0,0.0,0
26,-adaptW,17,317.6666666666667,2156.9597637580778,1185.0,0.0,0
26,-adaptW,18,264.0,2205.2121870821366,1215.1666666666667,0.0,0
26,-adaptW,19,336.3333333333333,2156.1644209582328,1189.1666666666667,0.0,0
26,-adaptW,20,268.6666666666667,2163.8104889218366,1206.6666666666665,0.0,0
26,-adaptW,21,350.0,2279.3150373818457,1177.5,0.0,0
26,-adaptW,22,308.6666666666667,2015.942846274977,1234.1666666666667,0.0,0
26,-adaptW,23,317.6666666666667,2125.2948378321516,1192.8333333333333,0.0,0
26,-adaptW,24,317.6666666666667,2156.9597637580778,1185.0,0.0,0
26,-adaptW,25,317.6666666666667,2156.9597637580778,1185.0,0.0,0
26,-adaptW,26,317.6666666666667,2156.9597637580778,1185.0,0.0,0
26,-adaptW,27,297.0,2171.8389068673227,1182.5,0.0,0
26,-adaptW,28,265.0,2198.7148788471504,1218.6666666666667,0.0,0
26,-adaptW,29,317.6666666666667,2156.9597637580778,1185.0,0.0,0
26,-adaptW,30,317.6666666666667,2156.9597637580778,1185.0,0.0,0
26,-adaptW,31,280.6666666666667,2081.3078300504953,1193.0000000000002,0.0,0
26,-adaptW,32,261.3333333333333,2217.8272993049372,1213.0,0.0,0
26,-adaptW,33,311.66666666666663,2283.22021435909,1174.5,0.0,0
26,-adaptW,34,317.6666666666667,2125.2948378321516,1192.8333333333333,0.0,0
26,-adaptW,35,277.0,2106.534344703434,1225.5,0.0,0
26,-adaptW,36,317.6666666666667,2125.2948378321516,1192.8333333333333,0.0,0
26,-adaptW,37,308.6666666666667,2015.942846274977,1234.1666666666667,0.0,0
26,-adaptW,38,311.66666666666663,2123.948795115519,1192.8333333333335,0.0,0
26,-adaptW,39,304.6666666666667,2134.74782836564,1189.5,0.0,0
26,-adaptW,40,317.6666666666667,2156.9597637580778,1185.0,0.0,0
26,-adaptW,41,272.6666666666667,2130.8149973276463,1212.3333333333333,0.0,0
26,-adaptW,42,297.0,2171.8389068673227,1182.5,0.0,0
26,-adaptW,43,280.6666666666667,2061.745617671828,1193.1666666666665,0.0,0
26,-adaptW,44,304.6666666666667,2025.4210945363693,1245.0,0.0,0
26,-adaptW,45,264.0,2215.376816711766,1206.0,0.0,0
26,-adaptW,46,278.0,2027.0827831068223,1200.3333333333333,0.0,0
26,-impAstar,0,259.66666666666663,2088.521758589899,1174.5000000000002,0.0,0
26,-impAstar,1,267.6666666666667,2000.768083107015,1195.6666666666667,0.0,0
26,-impAstar,2,267.6666666666667,2000.768083107015,1195.6666666666667,0.0,0
26,-impAstar,3,268.3333333333333,2083.911212421897,1164.5,0.0,0
26,-impAstar,4,267.6666666666667,2000.768083107015,1195.6666666666667,0.0,0
26,-impAstar,5,286.0,1952.1256429098923,1183.6666666666667,0.0,0
26,-impAstar,6,259.66666666666663,2088.521758589899,1174.5000000000002,0.0,0
26,-impAstar,7,267.33333333333337,2025.6541750357464,1188.0,0.0,0
26,-impAstar,8,295.6666666666667,2012.9692964318756,1174.1666666666667,0.0,0
26,-impAstar,9,259.66666666666663,2088.521758589899,1174.5000000000002,0.0,0
26,-impAstar,10,272.66666666666663,2047.3771970225494,1169.6666666666667,0.0,0
26,-impAstar,11,262.6666666666667,2065.5780272367115,1165.1666666666667,0.0,0
26,-impAstar,12,286.0,1948.0134573262546,1217.0000000000002,0.0,0
26,-impAstar,13,262.6666666666667,2065.5780272367115,1165.1666666666667,0.0,0
26,-impAstar,14,259.66666666666663,2147.981194292908,1166.1666666666665,0.0,0
26,-impAstar,15,259.66666666666663,2088.521758589899,1174.5000000000002,0.0,0
26,-impAstar,16,262.6666666666667,2065.5780272367115,1165.1666666666667,0.0,0
26,-impAstar,17,294.3333333333333,2035.4586977182507,1176.1666666666667,0.0,0
26,-impAstar,18,288.3333333333333,1924.2300401933878,1207.5,0.0,0
26,-impAstar,19,286.0,1976.470814950394,1181.0,0.0,0
26,-impAstar,20,286.0,1952.1256429098923,1183.6666666666667,0.0,0
26,-impAstar,21,267.6666666666667,2000.768083107015,1195.6666666666667,0.0,0
26,-impAstar,22,290.3333333333333,1944.6331816144639,1187.3333333333333,0.0,0
26,-impAstar,23,294.3333333333333,2035.4586977182507,1176.1666666666667,0.0,0
26,-impAstar,24,267.6666666666667,2000.768083107015,1195.6666666666667,0.0,0
26,-impAstar,25,275.0,2002.5831347419503,1188.1666666666667,0.0,0
26,-impAstar,26,267.33333333333337,2025.6541750357464,1188.0,0.0,0
26,-impAstar,27,286.0,1952.1256429098923,1183.6666666666667,0.0,0
26,-impAstar,28,285.0,2001.4541746536152,1180.3333333333333,0.0,0
26,-impAstar,29,267.33333333333337,2008.9599559002681,1189.0,0.0,0
26,-impAstar,30,290.3333333333333,1947.4110393227788,1186.666666666667,0.0,0
26,-impAstar,31,294.3333333333333,2035.4586977182507,1176.1666666666667,0.0,0
26,-impAstar,32,280.0,1992.4663969725707,1180.5,0.0,0
26,-impAstar,33,272.66666666666663,2047.3771970225494,1169.6666666666667,0.0,0
26,-impAstar,34,316.3333333333333,1918.4063393877855,1216.6666666666665,0.0,0
26,-impAstar,35,262.6666666666667,2065.5780272367115,1165.1666666666667,0.0,0
26,-impAstar,36,267.33333333333337,2047.8192120727836,1180.6666666666667,0.0,0
26,-impAstar,37,321.3333333333333,1934.5006180694854,1201.3333333333333,0.0,0
26,-impAstar,38,295.6666666666667,2008.4574947617443,1176.9999999999998,0.0,0
26,-impAstar,39,288.3333333333333,1945.871432640236,1195.1666666666667,0.0,0
26,-impAstar,40,280.0,1983.3531201440521,1203.3333333333335,0.0,0
26,-impAstar,41,292.0,1926.8886496369646,1201.4999999999998,0.0,0
26,-impAstar,42,272.66666666666663,2047.3771970225494,1169.6666666666667,0.0,0
26,-impAstar,43,268.3333333333333,2054.5248652807095,1172.5,0.0,0
26,-impAstar,44,279.6666666666667,2093.367902407351,1158.9999999999998,0.0,0
26,-impAstar,45,294.6666666666667,1942.8662604148487,1195.9999999999998,0.0,0
26,-impAstar,46,272.66666666666663,2047.3771970225494,1169.6666666666667,0.0,0
26,-impAstar,47,286.0,1948.2768571942618,1195.0,0.0,0
26,-impAstar,48,306.0,1953.22157236748,1178.0,0.0,0
26,-impAstar,49,259.66666666666663,2087.188721552862,1175.8333333333335,0.0,0
26,-impAstar,50,288.3333333333333,1924.2300401933878,1207.5,0.0,0
26,-impAstar,51,267.6666666666667,2000.768083107015,1195.6666666666667,0.0,0
26,-impAstar,52,259.66666666666663,2088.521758589899,1174.5000000000002,0.0,0
26,-impAstar,53,280.0,1992.4663969725707,1180.5,0.0,1
26,-impAstar,54,271.3333333333333,2050.360922358086,1176.1666666666667,0.0,0
26,-impAstar,55,259.66666666666663,2107.2452864959705,1167.8333333333335,0.0,0
26,-closedLoop,0,259.66666666666663,2088.521758589899,1174.5000000000002,0.0,0
26,-closedLoop,1,267.6666666666667,2000.768083107015,1195.6666666666667,0.0,0
26,-closedLoop,2,267.6666666666667,2000.768083107015,1195.6666666666667,0.0,0
26,-closedLoop,3,268.3333333333333,2083.911212421897,1164.5,0.0,0
26,-closedLoop,4,267.6666666666667,2000.768083107015,1195.6666666666667,0.0,0
26,-closedLoop,5,286.0,1952.1256429098923,1183.6666666666667,0.0,0
26,-closedLoop,6,259.66666666666663,2088.521758589899,1174.5000000000002,0.0,0
26,-closedLoop,7,267.33333333333337,2025.6541750357464,1188.0,0.0,0
26,-closedLoop,8,295.6666666666667,2012.9692964318756,1174.1666666666667,0.0,0
26,-closedLoop,9,259.66666666666663,2088.521758589899,1174.5000000000002,0.0,0
26,-closedLoop,10,272.66666666666663,2047.3771970225494,1169.6666666666667,0.0,0
26,-closedLoop,11,262.6666666666667,2065.5780272367115,1165.1666666666667,0.0,0
26,-closedLoop,12,286.0,1948.0134573262546,1217.0000000000002,0.0,0
26,-closedLoop,13,262.6666666666667,2065.5780272367115,1165.1666666666667,0.0,0
26,-closedLoop,14,259.66666666666663,2147.981194292908,1166.1666666666665,0.0,0
26,-closedLoop,15,259.66666666666663,2088.521758589899,1174.5000000000002,0.0,0
26,-closedLoop,16,262.6666666666667,2065.5780272367115,1165.1666666666667,0.0,0
26,-closedLoop,17,294.3333333333333,2035.4586977182507,1176.1666666666667,0.0,0
26,-closedLoop,18,288.3333333333333,1924.2300401933878,1207.5,0.0,0
26,-closedLoop,19,286.0,1976.470814950394,1181.0,0.0,0
26,-closedLoop,20,286.0,1952.1256429098923,1183.6666666666667,0.0,0
26,-closedLoop,21,267.6666666666667,2000.768083107015,1195.6666666666667,0.0,0
26,-closedLoop,22,290.3333333333333,1944.6331816144639,1187.3333333333333,0.0,0
26,-closedLoop,23,294.3333333333333,2035.4586977182507,1176.1666666666667,0.0,0
26,-closedLoop,24,267.6666666666667,2000.768083107015,1195.6666666666667,0.0,0
26,-closedLoop,25,275.0,2002.5831347419503,1188.1666666666667,0.0,0
26,-closedLoop,26,267.33333333333337,2025.6541750357464,1188.0,0.0,0
26,-closedLoop,27,286.0,1952.1256429098923,1183.6666666666667,0.0,0
26,-closedLoop,28,285.0,2001.4541746536152,1180.3333333333333,0.0,0
26,-closedLoop,29,267.33333333333337,2008.9599559002681,1189.0,0.0,0
26,-closedLoop,30,290.3333333333333,1947.4110393227788,1186.666666666667,0.0,0
26,-closedLoop,31,294.3333333333333,2035.4586977182507,1176.1666666666667,0.0,0
26,-closedLoop,32,280.0,1992.4663969725707,1180.5,0.0,0
26,-closedLoop,33,272.66666666666663,2047.3771970225494,1169.6666666666667,0.0,0
26,-closedLoop,34,316.3333333333333,1918.4063393877855,1216.6666666666665,0.0,0
26,-closedLoop,35,262.6666666666667,2065.5780272367115,1165.1666666666667,0.0,0
26,-closedLoop,36,267.33333333333337,2047.8192120727836,1180.6666666666667,0.0,0
26,-closedLoop,37,321.3333333333333,1934.5006180694854,1201.3333333333333,0.0,0
26,-closedLoop,38,295.6666666666667,2008.4574947617443,1176.9999999999998,0.0,0
26,-closedLoop,39,288.3333333333333,1945.871432640236,1195.1666666666667,0.0,0
26,-closedLoop,40,280.0,1983.3531201440521,1203.3333333333335,0.0,0
26,-closedLoop,41,292.0,1926.8886496369646,1201.4999999999998,0.0,0
26,-closedLoop,42,272.66666666666663,2047.3771970225494,1169.6666666666667,0.0,0
26,-closedLoop,43,268.3333333333333,2054.5248652807095,1172.5,0.0,0
26,-closedLoop,44,279.6666666666667,2093.367902407351,1158.9999999999998,0.0,0
26,-closedLoop,45,294.6666666666667,1942.8662604148487,1195.9999999999998,0.0,0
26,-closedLoop,46,272.66666666666663,2047.3771970225494,1169.6666666666667,0.0,0
26,-closedLoop,47,286.0,1948.2768571942618,1195.0,0.0,0
26,-closedLoop,48,306.0,1953.22157236748,1178.0,0.0,0
26,-closedLoop,49,259.66666666666663,2087.188721552862,1175.8333333333335,0.0,0
26,-closedLoop,50,288.3333333333333,1924.2300401933878,1207.5,0.0,0
26,-closedLoop,51,267.6666666666667,2000.768083107015,1195.6666666666667,0.0,0
26,-closedLoop,52,259.66666666666663,2088.521758589899,1174.5000000000002,0.0,0
26,-closedLoop,53,280.0,1992.4663969725707,1180.5,0.0,0
26,-closedLoop,54,271.3333333333333,2050.360922358086,1176.1666666666667,0.0,0
26,-closedLoop,55,259.66666666666663,2107.2452864959705,1167.8333333333335,0.0,0
26,hard-only,0,276.3333333333333,1789.0771356229682,1185.5,0.0,0
26,hard-only,1,280.66666666666663,1759.9585665528336,1204.8333333333335,0.0,0
26,hard-only,2,289.0,1750.514543238085,1188.1666666666667,0.0,0
26,hard-only,3,286.33333333333337,1806.7705214354087,1178.1666666666667,0.0,0
26,hard-only,4,289.0,1753.0141728677147,1186.5000000000002,0.0,0
26,hard-only,5,280.66666666666663,1765.0993508486672,1204.5000000000002,0.0,0
26,hard-only,6,283.33333333333337,1751.0620844882906,1204.3333333333333,0.0,0
26,hard-only,7,289.0,1748.4454450625815,1195.5000000000002,0.0,0
26,hard-only,8,289.0,1750.514543238085,1188.1666666666667,0.0,0
26,hard-only,9,301.33333333333337,1761.3466543491961,1182.666666666667,0.0,0
26,hard-only,10,289.0,1788.6098673501795,1182.8333333333335,0.0,0
26,hard-only,11,286.33333333333337,1806.7705214354087,1178.1666666666667,0.0,0
26,hard-only,12,289.0,1778.6801728677144,1183.5000000000002,0.0,0
26,hard-only,13,280.66666666666663,1759.9585665528336,1204.8333333333335,0.0,0
26,hard-only,14,276.3333333333333,1805.9102096970423,1184.3333333333333,0.0,0
26,hard-only,15,276.0,1854.7797854399869,1210.8333333333335,0.0,0
26,hard-only,16,279.33333333333337,1785.606489838568,1221.1666666666667,0.0,0
26,hard-only,17,286.33333333333337,1749.0586750485843,1201.8333333333335,0.0,0
26,hard-only,18,293.33333333333337,1715.2231334640169,1187.6666666666667,0.0,0
26,hard-only,19,276.3333333333333,1789.0771356229682,1185.5,0.0,0
26,hard-only,20,286.33333333333337,1807.2991537873606,1176.1666666666667,0.0,0
26,hard-only,21,280.66666666666663,1759.9585665528336,1204.8333333333335,0.0,0
26,hard-only,22,289.0,1668.4775435440235,1205.6666666666667,0.0,0
26,hard-only,23,286.33333333333337,1806.7705214354087,1178.1666666666667,0.0,0
26,hard-only,24,280.66666666666663,1732.9225701404628,1206.1666666666667,0.0,0
26,hard-only,25,289.0,1678.3950844882904,1202.8333333333337,0.0,0
26,hard-only,26,289.0,1662.8127287292086,1214.0000000000002,0.0,0
26,hard-only,27,274.6666666666667,1840.6112445291005,1218.8333333333335,0.0,0
26,hard-only,28,283.33333333333337,1754.0614178216238,1201.3333333333333,0.0,0
26,hard-only,29,289.0,1683.5046502816408,1198.8333333333333,0.0,0
26,hard-only,30,283.33333333333337,1755.143320723905,1183.8333333333335,0.0,0
26,hard-only,31,286.33333333333337,1807.2991537873606,1176.1666666666667,0.0,0
26,hard-only,32,289.0,1788.6098673501795,1182.8333333333335,0.0,0
26,hard-only,33,289.0,1644.842353156276,1216.8333333333335,0.0,1
26,hard-only,34,289.0,1740.6337750473915,1196.0000000000002,0.0,0
26,hard-only,35,289.0,1740.6337750473915,1196.0000000000002,0.0,0
26,hard-only,36,282.6666666666667,1758.4296259024945,1191.5,0.0,0
26,hard-only,37,289.0,1720.778926544063,1196.1666666666667,0.0,0
26,hard-only,38,283.33333333333337,1751.0620844882906,1204.3333333333333,0.0,0
26,hard-only,39,280.66666666666663,1759.9585665528336,1204.8333333333335,0.0,0
26,hard-only,40,285.3333333333333,1730.878235560669,1229.666666666667,0.0,0
26,GA-SA-multiSoH,0,272.3333333333333,1981.2115501898052,1155.8333333333335,0.0,1
27,Full,0,394.66666666666663,2472.3745922844278,1349.9999999999998,0.0,0
27,Full,1,394.66666666666663,2472.3745922844278,1349.9999999999998,0.0,0
27,Full,2,300.33333333333337,2414.1156870235914,1373.0000000000002,0.0,0
27,Full,3,305.3333333333333,2290.6349045089833,1373.5,0.0,0
27,Full,4,302.33333333333337,2354.977902569582,1376.3333333333335,0.0,0
27,Full,5,427.0,2711.827767077693,1338.1666666666667,0.0,0
27,Full,6,349.33333333333337,2578.0002061664954,1352.0,0.0,0
27,Full,7,370.0,2450.3144142440015,1351.3333333333335,0.0,0
27,Full,8,352.0,2467.6593735730135,1350.1666666666667,0.0,0
27,Full,9,378.3333333333334,2504.2348644765057,1348.0,0.0,0
27,Full,10,328.3333333333333,2176.859704194204,1407.0000000000002,0.0,0
27,Full,11,328.3333333333333,2179.143773140535,1382.0000000000002,0.0,0
27,Full,12,351.6666666666667,2721.1790574633133,1349.0,0.0,0
27,Full,13,369.0,2585.8230272335677,1350.1666666666665,0.0,0
27,Full,14,370.0,2450.3144142440015,1351.3333333333335,0.0,0
27,Full,15,336.3333333333333,2182.8859002309973,1358.3333333333335,0.0,0
27,Full,16,470.33333333333337,2693.8020685651472,1345.8333333333333,0.0,0
27,Full,17,352.0,2467.6593735730135,1350.1666666666667,0.0,0
27,Full,18,326.33333333333337,2185.8333013652223,1379.8333333333333,0.0,0
27,Full,19,305.3333333333333,2290.6349045089833,1373.5,0.0,0
27,Full,20,340.33333333333337,2167.114381871734,1402.8333333333335,0.0,0
27,Full,21,333.0,2188.367035425883,1379.1666666666667,0.0,0
27,Full,22,302.33333333333337,2330.304237842317,1385.5000000000002,0.0,0
27,Full,23,307.0,2190.2949242184804,1366.8333333333335,0.0,0
27,Full,24,328.3333333333333,2179.143773140535,1382.0000000000002,0.0,0
27,Full,25,300.33333333333337,2415.449020356925,1373.0,0.0,0
27,Full,26,326.33333333333337,2185.8333013652223,1379.8333333333333,0.0,0
27,Full,27,325.0,2178.049305724274,1384.1666666666667,0.0,0
27,Full,28,325.0,2178.049305724274,1384.1666666666667,0.0,0
27,Full,29,305.3333333333333,2290.6349045089833,1373.5,0.0,0
27,Full,30,340.33333333333337,2167.114381871734,1402.8333333333335,0.0,0
27,Full,31,305.3333333333333,2290.6349045089833,1373.5,0.0,0
27,Full,32,303.0,2307.051881468192,1364.0000000000002,0.0,0
27,Full,33,335.0,2176.711291518859,1401.3333333333333,0.0,0
27,Full,34,378.3333333333334,2504.2348644765057,1348.0,0.0,0
27,Full,35,336.3333333333333,2167.386752082849,1362.1666666666667,0.0,0
27,Full,36,349.33333333333337,2578.0002061664954,1352.0,0.0,0
27,Full,37,328.3333333333333,2179.143773140535,1382.0000000000002,0.0,0
27,Full,38,303.0,2307.051881468192,1364.0000000000002,0.0,0
27,Full,39,336.3333333333333,2182.8859002309973,1358.3333333333335,0.0,0
27,Full,40,328.3333333333333,2179.143773140535,1382.0000000000002,0.0,0
27,Full,41,305.3333333333333,2290.6349045089833,1373.5,0.0,0
27,Full,42,318.3333333333333,2193.286096213881,1366.1666666666667,0.0,0
27,Full,43,335.0,2176.711291518859,1401.3333333333333,0.0,0
27,Full,44,300.0,2375.915853314705,1388.1666666666667,0.0,0
27,Full,45,335.0,2166.5309698548563,1405.5,0.0,0
27,Full,46,326.33333333333337,2183.8337458096667,1381.8333333333333,0.0,0
27,Full,47,300.33333333333337,2334.4937460452074,1380.9999999999998,0.0,0
27,Full,48,328.3333333333333,2179.143773140535,1382.0000000000002,0.0,0
27,Full,49,306.33333333333337,2197.4942127997,1352.5000000000002,0.0,0
27,Full,50,305.3333333333333,2280.8658767891225,1383.3333333333335,0.0,0
27,-health,0,293.0,1988.250407083696,1362.4999999999998,0.0,0
27,-health,1,318.3333333333333,1916.7353906247588,1360.5,0.0,0
27,-health,2,307.3333333333333,1912.9133262901735,1378.6666666666665,0.0,0
27,-health,3,299.33333333333337,1975.0647135717654,1358.6666666666667,0.0,0
27,-health,4,293.0,1988.250407083696,1362.4999999999998,0.0,0
27,-health,5,307.3333333333333,1917.9122151790623,1373.6666666666665,0.0,0
27,-health,6,318.3333333333333,1912.069760995129,1365.1666666666665,0.0,0
27,-health,7,297.6666666666667,1918.7441411049883,1367.3333333333333,0.0,0
27,-health,8,307.3333333333333,1912.9133262901735,1378.6666666666665,0.0,0
27,-health,9,307.3333333333333,1917.9122151790623,1373.6666666666665,0.0,0
27,-health,10,299.6666666666667,1963.2502717827683,1343.0,0.0,1
27,-health,11,303.0,1948.2931687303465,1350.1666666666665,0.0,0
27,-health,12,293.0,1988.250407083696,1362.4999999999998,0.0,0
27,-health,13,297.6666666666667,1929.1455243554944,1359.3333333333335,0.0,0
27,-health,14,307.3333333333333,1917.9122151790623,1373.6666666666665,0.0,0
27,-health,15,293.0,1988.250407083696,1362.4999999999998,0.0,0
27,-health,16,292.66666666666674,2024.5623471028985,1368.5000000000002,0.0,0
27,-health,17,293.0,1988.250407083696,1362.4999999999998,0.0,0
27,-health,18,298.0,2073.1025198458988,1355.6666666666667,0.0,0
27,-health,19,295.6666666666667,2045.7960119239347,1361.6666666666667,0.0,0
27,-health,20,293.0,1988.250407083696,1362.4999999999998,0.0,0
27,-health,21,296.33333333333337,1991.5832959725851,1360.5,0.0,0
27,-health,22,307.3333333333333,1912.9133262901735,1378.6666666666665,0.0,0
27,-health,23,332.6666666666667,1908.219486346944,1377.833333333333,0.0,0
27,-health,24,293.0,1988.250407083696,1362.4999999999998,0.0,0
27,-health,25,307.3333333333333,1917.9122151790623,1373.6666666666665,0.0,0
27,-health,26,332.6666666666667,1908.219486346944,1377.833333333333,0.0,0
27,-health,27,303.0,1962.600435177962,1346.4999999999998,0.0,0
27,-health,28,297.3333333333333,2094.326985054974,1359.0000000000002,0.0,0
27,-health,29,299.6666666666667,1963.2502717827683,1343.0,0.0,0
27,-health,30,293.0,1988.250407083696,1362.4999999999998,0.0,0
27,-health,31,331.3333333333333,1905.6983675638173,1384.0,0.0,0
27,-health,32,303.0,2004.952108815357,1333.5,0.0,0
27,-adaptW,0,315.0,2481.884681523494,1354.3333333333333,0.0,0
27,-adaptW,1,309.0,2462.2927032280813,1354.5000000000002,0.0,0
27,-adaptW,2,330.6666666666667,2403.93355191455,1352.5,0.0,0
27,-adaptW,3,288.66666666666663,2366.6007394299113,1364.1666666666667,0.0,0
27,-adaptW,4,333.3333333333333,2310.3525237983336,1354.1666666666667,0.0,0
27,-adaptW,5,306.3333333333333,2338.259198783928,1366.3333333333333,0.0,0
27,-adaptW,6,315.0,2481.884681523494,1354.3333333333333,0.0,0
27,-adaptW,7,309.0,2462.2927032280813,1354.5000000000002,0.0,0
27,-adaptW,8,315.0,2481.884681523494,1354.3333333333333,0.0,0
27,-adaptW,9,315.0,2481.884681523494,1354.3333333333333,0.0,0
27,-adaptW,10,300.33333333333337,2367.1708135898484,1357.5,0.0,0
27,-adaptW,11,309.0,2462.2927032280813,1354.5000000000002,0.0,0
27,-adaptW,12,307.6666666666667,2498.1443539301667,1355.6666666666667,0.0,1
27,-adaptW,13,306.3333333333333,2338.259198783928,1366.3333333333333,0.0,0
27,-adaptW,14,322.0,2463.8504738958686,1348.5000000000002,0.0,0
27,-adaptW,15,330.6666666666667,2403.93355191455,1352.5,0.0,0
27,-adaptW,16,333.3333333333333,2310.3525237983336,1354.1666666666667,0.0,0
27,-adaptW,17,338.6666666666667,2535.5832787650825,1338.3333333333333,0.0,0
27,-adaptW,18,315.0,2481.884681523494,1354.3333333333333,0.0,0
27,-adaptW,19,315.0,2481.884681523494,1354.3333333333333,0.0,0
27,-adaptW,20,294.0,2340.19803010831,1367.3333333333335,0.0,0
27,-adaptW,21,315.0,2481.884681523494,1354.3333333333333,0.0,0
27,-adaptW,22,333.3333333333333,2330.685634909444,1353.1666666666667,0.0,0
27,-adaptW,23,288.66666666666663,2366.6007394299113,1364.1666666666667,0.0,0
27,-adaptW,24,315.0,2481.884681523494,1354.3333333333333,0.0,0
27,-adaptW,25,335.33333333333337,2378.780329759441,1352.3333333333335,0.0,0
27,-adaptW,26,315.0,2481.884681523494,1354.3333333333333,0.0,0
27,-adaptW,27,338.6666666666667,2495.8193136551545,1339.666666666667,0.0,0
27,-adaptW,28,385.6666666666667,2494.617841501913,1342.1666666666665,0.0,0
27,-adaptW,29,322.0,2463.8504738958686,1348.5000000000002,0.0,0
27,-adaptW,30,311.0,2350.292282027951,1363.0000000000002,0.0,0
27,-adaptW,31,317.0,2286.457319064988,1355.666666666667,0.0,0
27,-adaptW,32,333.3333333333333,2310.3525237983336,1354.1666666666667,0.0,0
27,-adaptW,33,314.6666666666667,2356.350732974515,1354.3333333333335,0.0,0
27,-adaptW,34,335.33333333333337,2385.3462767978085,1342.8333333333335,0.0,0
27,-adaptW,35,330.6666666666667,2403.93355191455,1352.5,0.0,0
27,-adaptW,36,334.00000000000006,2417.119730390802,1350.6666666666665,0.0,0
27,-impAstar,0,394.66666666666663,2472.3745922844278,1349.9999999999998,0.0,0
27,-impAstar,1,394.66666666666663,2472.3745922844278,1349.9999999999998,0.0,0
27,-impAstar,2,300.33333333333337,2414.1156870235914,1373.0000000000002,0.0,0
27,-impAstar,3,305.3333333333333,2290.6349045089833,1373.5,0.0,0
27,-impAstar,4,302.33333333333337,2354.977902569582,1376.3333333333335,0.0,0
27,-impAstar,5,427.0,2711.827767077693,1338.1666666666667,0.0,0
27,-impAstar,6,349.33333333333337,2578.0002061664954,1352.0,0.0,0
27,-impAstar,7,370.0,2450.3144142440015,1351.3333333333335,0.0,0
27,-impAstar,8,352.0,2467.6593735730135,1350.1666666666667,0.0,0
27,-impAstar,9,378.3333333333334,2504.2348644765057,1348.0,0.0,0
27,-impAstar,10,328.3333333333333,2176.859704194204,1407.0000000000002,0.0,0
27,-impAstar,11,328.3333333333333,2179.143773140535,1382.0000000000002,0.0,0
27,-impAstar,12,351.6666666666667,2721.1790574633133,1349.0,0.0,0
27,-impAstar,13,369.0,2585.8230272335677,1350.1666666666665,0.0,0
27,-impAstar,14,370.0,2450.3144142440015,1351.3333333333335,0.0,0
27,-impAstar,15,336.3333333333333,2182.8859002309973,1358.3333333333335,0.0,0
27,-impAstar,16,470.33333333333337,2693.8020685651472,1345.8333333333333,0.0,1
27,-impAstar,17,352.0,2467.6593735730135,1350.1666666666667,0.0,0
27,-impAstar,18,326.33333333333337,2185.8333013652223,1379.8333333333333,0.0,0
27,-impAstar,19,305.3333333333333,2290.6349045089833,1373.5,0.0,0
27,-impAstar,20,340.33333333333337,2167.114381871734,1402.8333333333335,0.0,0
27,-impAstar,21,333.0,2188.367035425883,1379.1666666666667,0.0,0
27,-impAstar,22,302.33333333333337,2330.304237842317,1385.5000000000002,0.0,0
27,-impAstar,23,307.0,2190.2949242184804,1366.8333333333335,0.0,0
27,-impAstar,24,328.3333333333333,2179.143773140535,1382.0000000000002,0.0,0
27,-impAstar,25,300.33333333333337,2415.449020356925,1373.0,0.0,0
27,-impAstar,26,326.33333333333337,2185.8333013652223,1379.8333333333333,0.0,0
27,-impAstar,27,325.0,2178.049305724274,1384.1666666666667,0.0,0
27,-impAstar,28,325.0,2178.049305724274,1384.1666666666667,0.0,0
27,-impAstar,29,305.3333333333333,2290.6349045089833,1373.5,0.0,0
27,-impAstar,30,340.33333333333337,2167.114381871734,1402.8333333333335,0.0,0
27,-impAstar,31,305.3333333333333,2290.6349045089833,1373.5,0.0,0
27,-impAstar,32,303.0,2307.051881468192,1364.0000000000002,0.0,0
27,-impAstar,33,335.0,2176.711291518859,1401.3333333333333,0.0,0
27,-impAstar,34,378.3333333333334,2504.2348644765057,1348.0,0.0,0
27,-impAstar,35,336.3333333333333,2167.386752082849,1362.1666666666667,0.0,0
27,-impAstar,36,349.33333333333337,2578.0002061664954,1352.0,0.0,0
27,-impAstar,37,328.3333333333333,2179.143773140535,1382.0000000000002,0.0,0
27,-impAstar,38,303.0,2307.051881468192,1364.0000000000002,0.0,0
27,-impAstar,39,336.3333333333333,2182.8859002309973,1358.3333333333335,0.0,0
27,-impAstar,40,328.3333333333333,2179.143773140535,1382.0000000000002,0.0,0
27,-impAstar,41,305.3333333333333,2290.6349045089833,1373.5,0.0,0
27,-impAstar,42,318.3333333333333,2193.286096213881,1366.1666666666667,0.0,0
27,-impAstar,43,335.0,2176.711291518859,1401.3333333333333,0.0,0
27,-impAstar,44,300.0,2375.915853314705,1388.1666666666667,0.0,0
27,-impAstar,45,335.0,2166.5309698548563,1405.5,0.0,0
27,-impAstar,46,326.33333333333337,2183.8337458096667,1381.8333333333333,0.0,0
27,-impAstar,47,300.33333333333337,2334.4937460452074,1380.9999999999998,0.0,0
27,-impAstar,48,328.3333333333333,2179.143773140535,1382.0000000000002,0.0,0
27,-impAstar,49,306.33333333333337,2197.4942127997,1352.5000000000002,0.0,0
27,-impAstar,50,305.3333333333333,2280.8658767891225,1383.3333333333335,0.0,0
27,-closedLoop,0,394.66666666666663,2472.3745922844278,1349.9999999999998,0.0,0
27,-closedLoop,1,394.66666666666663,2472.3745922844278,1349.9999999999998,0.0,0
27,-closedLoop,2,300.33333333333337,2414.1156870235914,1373.0000000000002,0.0,0
27,-closedLoop,3,305.3333333333333,2290.6349045089833,1373.5,0.0,0
27,-closedLoop,4,302.33333333333337,2354.977902569582,1376.3333333333335,0.0,0
27,-closedLoop,5,427.0,2711.827767077693,1338.1666666666667,0.0,0
27,-closedLoop,6,349.33333333333337,2578.0002061664954,1352.0,0.0,0
27,-closedLoop,7,370.0,2450.3144142440015,1351.3333333333335,0.0,0
27,-closedLoop,8,352.0,2467.6593735730135,1350.1666666666667,0.0,0
27,-closedLoop,9,378.3333333333334,2504.2348644765057,1348.0,0.0,0
27,-closedLoop,10,328.3333333333333,2176.859704194204,1407.0000000000002,0.0,0
27,-closedLoop,11,328.3333333333333,2179.143773140535,1382.0000000000002,0.0,0
27,-closedLoop,12,351.6666666666667,2721.1790574633133,1349.0,0.0,0
27,-closedLoop,13,369.0,2585.8230272335677,1350.1666666666665,0.0,0
27,-closedLoop,14,370.0,2450.3144142440015,1351.3333333333335,0.0,0
27,-closedLoop,15,336.3333333333333,2182.8859002309973,1358.3333333333335,0.0,0
27,-closedLoop,16,470.33333333333337,2693.8020685651472,1345.8333333333333,0.0,0
27,-closedLoop,17,352.0,2467.6593735730135,1350.1666666666667,0.0,0
27,-closedLoop,18,326.33333333333337,2185.8333013652223,1379.8333333333333,0.0,0
27,-closedLoop,19,305.3333333333333,2290.6349045089833,1373.5,0.0,0
27,-closedLoop,20,340.33333333333337,2167.114381871734,1402.8333333333335,0.0,0
27,-closedLoop,21,333.0,2188.367035425883,1379.1666666666667,0.0,0
27,-closedLoop,22,302.33333333333337,2330.304237842317,1385.5000000000002,0.0,0
27,-closedLoop,23,307.0,2190.2949242184804,1366.8333333333335,0.0,0
27,-closedLoop,24,328.3333333333333,2179.143773140535,1382.0000000000002,0.0,0
27,-closedLoop,25,300.33333333333337,2415.449020356925,1373.0,0.0,0
27,-closedLoop,26,326.33333333333337,2185.8333013652223,1379.8333333333333,0.0,0
27,-closedLoop,27,325.0,2178.049305724274,1384.1666666666667,0.0,0
27,-closedLoop,28,325.0,2178.049305724274,1384.1666666666667,0.0,0
27,-closedLoop,29,305.3333333333333,2290.6349045089833,1373.5,0.0,0
27,-closedLoop,30,340.33333333333337,2167.114381871734,1402.8333333333335,0.0,0
27,-closedLoop,31,305.3333333333333,2290.6349045089833,1373.5,0.0,0
27,-closedLoop,32,303.0,2307.051881468192,1364.0000000000002,0.0,0
27,-closedLoop,33,335.0,2176.711291518859,1401.3333333333333,0.0,0
27,-closedLoop,34,378.3333333333334,2504.2348644765057,1348.0,0.0,0
27,-closedLoop,35,336.3333333333333,2167.386752082849,1362.1666666666667,0.0,0
27,-closedLoop,36,349.33333333333337,2578.0002061664954,1352.0,0.0,0
27,-closedLoop,37,328.3333333333333,2179.143773140535,1382.0000000000002,0.0,0
27,-closedLoop,38,303.0,2307.051881468192,1364.0000000000002,0.0,0
27,-closedLoop,39,336.3333333333333,2182.8859002309973,1358.3333333333335,0.0,0
27,-closedLoop,40,328.3333333333333,2179.143773140535,1382.0000000000002,0.0,0
27,-closedLoop,41,305.3333333333333,2290.6349045089833,1373.5,0.0,0
27,-closedLoop,42,318.3333333333333,2193.286096213881,1366.1666666666667,0.0,0
27,-closedLoop,43,335.0,2176.711291518859,1401.3333333333333,0.0,0
27,-closedLoop,44,300.0,2375.915853314705,1388.1666666666667,0.0,0
27,-closedLoop,45,335.0,2166.5309698548563,1405.5,0.0,0
27,-closedLoop,46,326.33333333333337,2183.8337458096667,1381.8333333333333,0.0,0
27,-closedLoop,47,300.33333333333337,2334.4937460452074,1380.9999999999998,0.0,0
27,-closedLoop,48,328.3333333333333,2179.143773140535,1382.0000000000002,0.0,0
27,-closedLoop,49,306.33333333333337,2197.4942127997,1352.5000000000002,0.0,0
27,-closedLoop,50,305.3333333333333,2280.8658767891225,1383.3333333333335,0.0,0
27,hard-only,0,293.0,1988.250407083696,1362.4999999999998,0.0,0
27,hard-only,1,318.3333333333333,1916.7353906247588,1360.5,0.0,0
27,hard-only,2,307.3333333333333,1912.9133262901735,1378.6666666666665,0.0,0
27,hard-only,3,299.33333333333337,1975.0647135717654,1358.6666666666667,0.0,0
27,hard-only,4,293.0,1988.250407083696,1362.4999999999998,0.0,0
27,hard-only,5,307.3333333333333,1917.9122151790623,1373.6666666666665,0.0,0
27,hard-only,6,318.3333333333333,1912.069760995129,1365.1666666666665,0.0,0
27,hard-only,7,297.6666666666667,1918.7441411049883,1367.3333333333333,0.0,0
27,hard-only,8,307.3333333333333,1912.9133262901735,1378.6666666666665,0.0,0
27,hard-only,9,307.3333333333333,1917.9122151790623,1373.6666666666665,0.0,0
27,hard-only,10,299.6666666666667,1963.2502717827683,1343.0,0.0,1
27,hard-only,11,303.0,1948.2931687303465,1350.1666666666665,0.0,0
27,hard-only,12,293.0,1988.250407083696,1362.4999999999998,0.0,0
27,hard-only,13,297.6666666666667,1929.1455243554944,1359.3333333333335,0.0,0
27,hard-only,14,307.3333333333333,1917.9122151790623,1373.6666666666665,0.0,0
27,hard-only,15,293.0,1988.250407083696,1362.4999999999998,0.0,0
27,hard-only,16,292.66666666666674,2024.5623471028985,1368.5000000000002,0.0,0
27,hard-only,17,293.0,1988.250407083696,1362.4999999999998,0.0,0
27,hard-only,18,298.0,2073.1025198458988,1355.6666666666667,0.0,0
27,hard-only,19,295.6666666666667,2045.7960119239347,1361.6666666666667,0.0,0
27,hard-only,20,293.0,1988.250407083696,1362.4999999999998,0.0,0
27,hard-only,21,296.33333333333337,1991.5832959725851,1360.5,0.0,0
27,hard-only,22,307.3333333333333,1912.9133262901735,1378.6666666666665,0.0,0
27,hard-only,23,332.6666666666667,1908.219486346944,1377.833333333333,0.0,0
27,hard-only,24,293.0,1988.250407083696,1362.4999999999998,0.0,0
27,hard-only,25,307.3333333333333,1917.9122151790623,1373.6666666666665,0.0,0
27,hard-only,26,332.6666666666667,1908.219486346944,1377.833333333333,0.0,0
27,hard-only,27,303.0,1962.600435177962,1346.4999999999998,0.0,0
27,hard-only,28,297.3333333333333,2094.326985054974,1359.0000000000002,0.0,0
27,hard-only,29,299.6666666666667,1963.2502717827683,1343.0,0.0,0
27,hard-only,30,293.0,1988.250407083696,1362.4999999999998,0.0,0
27,hard-only,31,331.3333333333333,1905.6983675638173,1384.0,0.0,0
27,hard-only,32,303.0,2004.952108815357,1333.5,0.0,0
27,GA-SA-multiSoH,3,278.6666666666667,2174.8956453014985,1314.8333333333335,0.0,1
28,Full,0,332.33333333333337,2512.1650186536467,1389.166666666667,0.0,0
28,Full,1,398.3333333333333,2392.9349395440036,1384.0,0.0,0
28,Full,2,315.3333333333333,2289.963527460725,1403.8333333333335,0.0,0
28,Full,3,315.3333333333333,2297.796638571836,1402.8333333333333,0.0,0
28,Full,4,315.3333333333333,2283.705631008183,1404.3333333333335,0.0,0
28,Full,5,297.33333333333337,2326.171796528348,1408.1666666666667,0.0,0
28,Full,6,327.0,2358.2366980867528,1391.3333333333335,0.0,0
28,Full,7,315.3333333333333,2283.705631008183,1404.3333333333335,0.0,0
28,Full,8,324.6666666666667,2358.2772691350133,1391.3333333333335,0.0,0
28,Full,9,315.3333333333333,2289.963527460725,1403.8333333333335,0.0,0
28,Full,10,315.3333333333333,2283.705631008183,1404.3333333333335,0.0,0
28,Full,11,315.3333333333333,2283.705631008183,1404.3333333333335,0.0,0
28,Full,12,327.0,2358.2366980867528,1391.3333333333335,0.0,0
28,Full,13,302.0,2328.7352844043085,1398.0,0.0,0
28,Full,14,327.0,2358.2366980867528,1391.3333333333335,0.0,0
28,Full,15,317.3333333333333,2279.2897791563314,1408.0,0.0,0
28,Full,16,315.3333333333333,2283.705631008183,1404.3333333333335,0.0,0
28,Full,17,315.3333333333333,2283.705631008183,1404.3333333333335,0.0,0
28,Full,18,327.0,2358.2366980867528,1391.3333333333335,0.0,0
28,Full,19,315.3333333333333,2283.705631008183,1404.3333333333335,0.0,0
28,Full,20,398.3333333333333,2437.9341247291886,1380.3333333333333,0.0,0
28,Full,21,315.3333333333333,2364.884515938784,1392.1666666666667,0.0,0
28,Full,22,315.3333333333333,2283.705631008183,1404.3333333333335,0.0,0
28,Full,23,315.3333333333333,2297.796638571836,1402.8333333333333,0.0,0
28,Full,24,370.33333333333337,2346.3139263410176,1384.6666666666667,0.0,0
28,Full,25,358.0,2256.2125528975334,1430.0,0.0,0
28,Full,26,315.3333333333333,2283.705631008183,1404.3333333333335,0.0,0
28,Full,27,315.3333333333333,2283.705631008183,1404.3333333333335,0.0,0
28,Full,28,306.0,2277.7656391002347,1409.0000000000002,0.0,0
28,Full,29,315.3333333333333,2283.705631008183,1404.3333333333335,0.0,0
28,Full,30,315.3333333333333,2283.705631008183,1404.3333333333335,0.0,0
28,Full,31,315.3333333333333,2274.5401865637386,1409.8333333333333,0.0,0
28,Full,32,310.6666666666667,2285.7060754526274,1406.3333333333335,0.0,0
28,Full,33,317.3333333333333,2279.2897791563314,1408.0,0.0,0
28,Full,34,315.3333333333333,2297.796638571836,1402.8333333333333,0.0,0
28,Full,35,327.0,2358.2366980867528,1391.3333333333335,0.0,0
28,Full,36,310.6666666666667,2288.8727050822577,1406.1666666666667,0.0,0
28,Full,37,315.3333333333333,2279.9925434416355,1406.5,0.0,0
28,Full,38,315.3333333333333,2283.705631008183,1404.3333333333335,0.0,0
28,Full,39,315.3333333333333,2283.705631008183,1404.3333333333335,0.0,0
28,Full,40,315.3333333333333,2283.705631008183,1404.3333333333335,0.0,0
28,Full,41,308.6666666666667,2320.392437403774,1404.0,0.0,0
28,Full,42,315.3333333333333,2283.705631008183,1404.3333333333335,0.0,0
28,Full,43,310.6666666666667,2288.8727050822577,1406.1666666666667,0.0,0
28,Full,44,360.6666666666667,2363.7311115262028,1386.9999999999998,0.0,0
28,Full,45,315.3333333333333,2261.244106259912,1410.1666666666665,0.0,0
28,Full,46,315.3333333333333,2283.705631008183,1404.3333333333335,0.0,0
28,Full,47,315.3333333333333,2304.8272022032074,1395.8333333333335,0.0,0
28,Full,48,306.0,2278.432157618753,1408.3333333333333,0.0,0
28,Full,49,315.3333333333333,2283.705631008183,1404.3333333333335,0.0,0
28,Full,50,315.3333333333333,2283.705631008183,1404.3333333333335,0.0,0
28,Full,51,315.3333333333333,2279.45596189359,1408.0,0.0,0
28,Full,52,325.3333333333333,2286.8722606378133,1404.1666666666665,0.0,0
28,Full,53,305.3333333333333,2290.3659054587797,1415.1666666666667,0.0,0
28,Full,54,304.3333333333333,2321.0703214413456,1405.6666666666667,0.0,0
28,Full,55,315.3333333333333,2283.705631008183,1404.3333333333335,0.0,0
28,Full,56,310.6666666666667,2288.8727050822577,1406.1666666666667,0.0,0
28,Full,57,329.33333333333337,2298.3648651284875,1391.0000000000002,0.0,0
28,-health,0,329.0,2138.5033740701188,1406.5,0.0,0
28,-health,1,319.66666666666663,2089.1189275240035,1423.3333333333333,0.0,0
28,-health,2,319.66666666666663,2176.219210837392,1407.0,0.0,0
28,-health,3,329.0,2145.3772134086594,1399.5,0.0,0
28,-health,4,315.66666666666663,2174.5529145410956,1408.6666666666667,0.0,0
28,-health,5,313.6666666666667,2107.913329598756,1435.0000000000002,0.0,0
28,-health,6,329.0,2138.5033740701188,1406.5,0.0,0
28,-health,7,327.99999999999994,2094.275121950579,1407.3333333333335,0.0,0
28,-health,8,319.66666666666663,2089.1189275240035,1423.3333333333333,0.0,0
28,-health,9,320.66666666666663,2073.175397599109,1417.1666666666667,0.0,0
28,-health,10,327.0,2110.973730392502,1411.8333333333333,0.0,0
28,-health,11,320.66666666666663,2069.5099901917015,1422.833333333333,0.0,0
28,-health,12,319.66666666666663,2089.1189275240035,1423.3333333333333,0.0,0
28,-health,13,327.0,2110.973730392502,1411.8333333333333,0.0,0
28,-health,14,319.66666666666663,2089.1189275240035,1423.3333333333333,0.0,0
28,-health,15,318.3333333333333,2103.4414339435525,1416.5,0.0,0
28,-health,16,317.3333333333333,2089.9048838732597,1420.8333333333335,0.0,0
28,-health,17,297.6666666666667,2131.3788248735727,1409.3333333333333,0.0,0
28,-health,18,305.66666666666663,2175.4413323314216,1408.8333333333333,0.0,0
28,-health,19,310.99999999999994,2228.4369241850823,1406.5,0.0,0
28,-health,20,321.33333333333337,2062.277611200145,1425.3333333333333,0.0,0
28,-health,21,319.66666666666663,2089.1189275240035,1423.3333333333333,0.0,0
28,-health,22,310.99999999999994,2228.4369241850823,1406.5,0.0,0
28,-health,23,319.66666666666663,2089.1189275240035,1423.3333333333333,0.0,0
28,-health,24,329.0,2138.5033740701188,1406.5,0.0,0
28,-health,25,341.33333333333337,2139.5453985938443,1406.3333333333335,0.0,0
28,-health,26,327.99999999999994,2036.4940242438252,1414.5,0.0,0
28,-health,27,297.6666666666667,2131.3788248735727,1409.3333333333333,0.0,0
28,-health,28,320.66666666666663,2073.175397599109,1417.1666666666667,0.0,0
28,-health,29,297.6666666666667,2131.3788248735727,1409.3333333333333,0.0,0
28,-health,30,314.3333333333333,2078.337270501323,1425.6666666666665,0.0,0
28,-health,31,329.0,2145.3772134086594,1399.5,0.0,0
28,-health,32,329.0,2138.5033740701188,1406.5,0.0,0
28,-health,33,320.66666666666663,2056.693597911599,1427.0,0.0,0
28,-health,34,330.0,2077.164738425512,1408.6666666666665,0.0,0
28,-health,35,297.6666666666667,2131.3788248735727,1409.3333333333333,0.0,0
28,-health,36,327.99999999999994,2141.40496897966,1405.8333333333333,0.0,0
28,-health,37,320.66666666666663,2073.175397599109,1417.1666666666667,0.0,0
28,-health,38,338.66666666666663,2071.1653310181046,1411.3333333333333,0.0,0
28,-health,39,314.3333333333333,2078.337270501323,1425.6666666666665,0.0,0
28,-health,40,319.3333333333333,2057.690453757342,1430.3333333333333,0.0,0
28,-health,41,325.0,2072.166991155313,1416.3333333333333,0.0,0
28,-health,42,331.66666666666663,2214.2907078169515,1395.3333333333335,0.0,0
28,-health,43,329.0,2138.5033740701188,1406.5,0.0,0
28,-health,44,314.3333333333333,2090.8036283534884,1422.3333333333335,0.0,0
28,-health,45,297.6666666666667,2131.3788248735727,1409.3333333333333,0.0,0
28,-health,46,305.66666666666663,2175.4413323314216,1408.8333333333333,0.0,0
28,-health,47,319.3333333333333,2057.690453757342,1430.3333333333333,0.0,0
28,-health,48,320.66666666666663,2089.514912233227,1415.1666666666667,0.0,0
28,-health,49,320.66666666666663,2073.175397599109,1417.1666666666667,0.0,0
28,-health,50,327.99999999999994,2141.40496897966,1405.8333333333333,0.0,0
28,-health,51,320.66666666666663,2056.693597911599,1427.0,0.0,0
28,-health,52,331.3333333333333,2196.2579732055015,1396.1666666666667,0.0,0
28,-health,53,326.33333333333337,2045.5882705013225,1430.1666666666667,0.0,0
28,-health,54,327.6666666666667,2053.886665390525,1421.0,0.0,0
28,-health,55,327.99999999999994,2144.044176371622,1400.8333333333333,0.0,0
28,-health,56,308.0,2112.3615477159697,1409.5,0.0,0
28,-health,57,327.99999999999994,2036.4940242438252,1414.5,0.0,0
28,-health,58,319.66666666666663,2178.2187663929476,1404.9999999999998,0.0,0
28,-health,59,325.0,2072.166991155313,1416.3333333333333,0.0,0
28,-health,60,308.0,2112.3615477159697,1409.5,0.0,1
28,-health,61,310.99999999999994,2228.4369241850823,1406.5,0.0,0
28,-health,62,327.99999999999994,2036.4940242438252,1414.5,0.0,0
28,-health,63,327.99999999999994,2141.40496897966,1405.8333333333333,0.0,0
28,-health,64,319.6666666666667,2066.525966814174,1423.8333333333333,0.0,0
28,-health,65,320.66666666666663,2114.5925514713495,1407.166666666667,0.0,0
28,-health,66,319.6666666666667,2066.525966814174,1423.8333333333333,0.0,0
28,-health,67,317.3333333333333,2089.9048838732597,1420.8333333333335,0.0,0
28,-health,68,325.0,2071.333917081239,1417.5,0.0,0
28,-health,69,329.0,2145.3772134086594,1399.5,0.0,0
28,-health,70,319.0,2128.0928477676457,1408.5,0.0,0
28,-health,71,330.0,2077.164738425512,1408.6666666666665,0.0,0
28,-health,72,348.33333333333337,2027.5258927400998,1423.5,0.0,0
28,-health,73,319.66666666666663,2087.119371968448,1425.3333333333333,0.0,0
28,-health,74,320.66666666666663,2114.5925514713495,1407.166666666667,0.0,0
28,-health,75,329.0,2138.5033740701188,1406.5,0.0,0
28,-health,76,320.66666666666663,2073.175397599109,1417.1666666666667,0.0,0
28,-health,77,314.3333333333333,2066.6717149457672,1430.6666666666667,0.0,0
28,-adaptW,0,304.0,2345.4079803460468,1412.3333333333335,0.0,0
28,-adaptW,1,312.33333333333337,2482.3770756244903,1403.5,0.0,0
28,-adaptW,2,304.0,2345.4079803460468,1412.3333333333335,0.0,0
28,-adaptW,3,332.6666666666667,2406.48546822827,1402.1666666666663,0.0,0
28,-adaptW,4,332.6666666666667,2406.48546822827,1402.1666666666663,0.0,0
28,-adaptW,5,331.0,2525.7398793699804,1390.6666666666667,0.0,0
28,-adaptW,6,312.33333333333337,2525.6896758296602,1397.8333333333335,0.0,0
28,-adaptW,7,312.33333333333337,2482.3770756244903,1403.5,0.0,0
28,-adaptW,8,346.0,2384.4170567684146,1401.5,0.0,0
28,-adaptW,9,332.6666666666667,2406.48546822827,1402.1666666666663,0.0,0
28,-adaptW,10,312.33333333333337,2525.6896758296602,1397.8333333333335,0.0,0
28,-adaptW,11,332.6666666666667,2406.48546822827,1402.1666666666663,0.0,0
28,-adaptW,12,316.0,2456.8767052541198,1401.8333333333335,0.0,0
28,-adaptW,13,330.0,2460.9123008969973,1397.5,0.0,0
28,-adaptW,14,331.0,2525.7398793699804,1390.6666666666667,0.0,0
28,-adaptW,15,330.0,2483.5778194155155,1392.3333333333333,0.0,0
28,-adaptW,16,330.0,2544.697785405632,1385.6666666666667,0.0,0
28,-adaptW,17,312.33333333333337,2482.3770756244903,1403.5,0.0,0
28,-adaptW,18,304.0,2345.4079803460468,1412.3333333333335,0.0,0
28,-adaptW,19,316.0,2456.8767052541198,1401.8333333333335,0.0,0
28,-adaptW,20,332.6666666666667,2406.48546822827,1402.1666666666663,0.0,0
28,-adaptW,21,346.0,2384.4170567684146,1401.5,0.0,0
28,-adaptW,22,332.6666666666667,2423.8326123239704,1396.5,0.0,0
28,-adaptW,23,306.33333333333337,2488.99589348959,1398.666666666667,0.0,0
28,-adaptW,24,304.0,2351.720618850163,1410.6666666666667,0.0,0
28,-adaptW,25,330.0,2447.3510691405895,1400.1666666666667,0.0,0
28,-adaptW,26,316.6666666666667,2345.4073877534543,1409.6666666666667,0.0,0
28,-adaptW,27,312.33333333333337,2525.6896758296602,1397.8333333333335,0.0,0
28,-adaptW,28,306.33333333333337,2487.1631897858865,1401.5000000000005,0.0,0
28,-adaptW,29,317.0,2445.876668217083,1401.6666666666667,0.0,0
28,-adaptW,30,312.33333333333337,2487.2914796022606,1399.3333333333333,0.0,0
28,-adaptW,31,304.0,2304.284130470469,1421.6666666666667,0.0,0
28,-adaptW,32,318.33333333333337,2303.3509094062174,1415.6666666666667,0.0,0
28,-adaptW,33,332.6666666666667,2414.0829086202666,1397.8333333333333,0.0,0
28,-adaptW,34,332.6666666666667,2453.7056961005874,1395.5,0.0,0
28,-adaptW,35,304.0,2285.121892676478,1423.0000000000002,0.0,0
28,-adaptW,36,332.6666666666667,2406.48546822827,1402.1666666666663,0.0,0
28,-adaptW,37,312.33333333333337,2482.3770756244903,1403.5,0.0,0
28,-adaptW,38,316.6666666666667,2345.4073877534543,1409.6666666666667,0.0,0
28,-adaptW,39,318.66666666666663,2319.0782240335375,1409.8333333333335,0.0,0
28,-adaptW,40,332.6666666666667,2423.8326123239704,1396.5,0.0,0
28,-adaptW,41,316.0,2456.8767052541198,1401.8333333333335,0.0,0
28,-adaptW,42,304.0,2366.684125203881,1407.6666666666667,0.0,0
28,-adaptW,43,332.6666666666667,2406.48546822827,1402.1666666666663,0.0,0
28,-adaptW,44,306.0,2306.3280433934315,1416.3333333333335,0.0,0
28,-adaptW,45,332.6666666666667,2406.48546822827,1402.1666666666663,0.0,0
28,-adaptW,46,403.33333333333337,2544.406175666277,1389.0,0.0,1
28,-adaptW,47,316.0,2456.8767052541198,1401.8333333333335,0.0,0
28,-adaptW,48,304.0,2345.4079803460468,1412.3333333333335,0.0,0
28,-adaptW,49,332.6666666666667,2423.8326123239704,1396.5,0.0,0
28,-adaptW,50,332.6666666666667,2453.7056961005874,1395.5,0.0,0
28,-adaptW,51,332.6666666666667,2408.1517645245663,1400.4999999999998,0.0,0
28,-adaptW,52,330.0,2483.5778194155155,1392.3333333333333,0.0,0
28,-adaptW,53,313.6666666666667,2296.120781565367,1418.0,0.0,0
28,-adaptW,54,304.0,2304.8714051984753,1420.0,0.0,0
28,-adaptW,55,316.6666666666667,2345.4073877534543,1409.6666666666667,0.0,0
28,-adaptW,56,304.0,2345.4079803460468,1412.3333333333335,0.0,0
28,-adaptW,57,308.6666666666667,2305.781945285283,1411.8333333333333,0.0,0
28,-adaptW,58,317.0,2445.876668217083,1401.6666666666667,0.0,0
28,-adaptW,59,304.0,2354.8511252038816,1409.1666666666667,0.0,0
28,-adaptW,60,304.0,2366.684125203881,1407.6666666666667,0.0,0
28,-adaptW,61,343.3333333333333,2355.96404325269,1404.6666666666667,0.0,0
28,-adaptW,62,304.0,2345.4079803460468,1412.3333333333335,0.0,0
28,-adaptW,63,304.0,2367.0173844631404,1407.3333333333333,0.0,0
28,-adaptW,64,304.0,2304.284130470469,1421.6666666666667,0.0,0
28,-adaptW,65,306.0,2306.3280433934315,1416.3333333333335,0.0,0
28,-adaptW,66,308.0,2353.985520432855,1405.6666666666667,0.0,0
28,-adaptW,67,318.66666666666663,2324.5395760216634,1405.1666666666667,0.0,0
28,-adaptW,68,304.0,2308.1156489889872,1413.5000000000002,0.0,0
28,-adaptW,69,315.0,2403.54163588954,1405.0,0.0,0
28,-adaptW,70,318.6666666666667,2458.7463379340343,1400.666666666667,0.0,0
28,-adaptW,71,332.6666666666667,2406.48546822827,1402.1666666666663,0.0,0
28,-adaptW,72,332.6666666666667,2453.7056961005874,1395.5,0.0,0
28,-adaptW,73,302.3333333333333,2352.1173156556542,1421.0000000000002,0.0,0
28,-impAstar,0,332.33333333333337,2512.1650186536467,1389.166666666667,0.0,1
28,-impAstar,1,398.3333333333333,2392.9349395440036,1384.0,0.0,0
28,-impAstar,2,315.3333333333333,2289.963527460725,1403.8333333333335,0.0,0
28,-impAstar,3,315.3333333333333,2297.796638571836,1402.8333333333333,0.0,0
28,-impAstar,4,315.3333333333333,2283.705631008183,1404.3333333333335,0.0,0
28,-impAstar,5,297.33333333333337,2326.171796528348,1408.1666666666667,0.0,0
28,-impAstar,6,327.0,2358.2366980867528,1391.3333333333335,0.0,0
28,-impAstar,7,315.3333333333333,2283.705631008183,1404.3333333333335,0.0,0
28,-impAstar,8,324.6666666666667,2358.2772691350133,1391.3333333333335,0.0,0
28,-impAstar,9,315.3333333333333,2289.963527460725,1403.8333333333335,0.0,0
28,-impAstar,10,315.3333333333333,2283.705631008183,1404.3333333333335,0.0,0
28,-impAstar,11,315.3333333333333,2283.705631008183,1404.3333333333335,0.0,0
28,-impAstar,12,327.0,2358.2366980867528,1391.3333333333335,0.0,0
28,-impAstar,13,302.0,2328.7352844043085,1398.0,0.0,0
28,-impAstar,14,327.0,2358.2366980867528,1391.3333333333335,0.0,0
28,-impAstar,15,317.3333333333333,2279.2897791563314,1408.0,0.0,0
28,-impAstar,16,315.3333333333333,2283.705631008183,1404.3333333333335,0.0,0
28,-impAstar,17,315.3333333333333,2283.705631008183,1404.3333333333335,0.0,0
28,-impAstar,18,327.0,2358.2366980867528,1391.3333333333335,0.0,0
28,-impAstar,19,315.3333333333333,2283.705631008183,1404.3333333333335,0.0,0
28,-impAstar,20,398.3333333333333,2437.9341247291886,1380.3333333333333,0.0,0
28,-impAstar,21,315.3333333333333,2364.884515938784,1392.1666666666667,0.0,0
28,-impAstar,22,315.3333333333333,2283.705631008183,1404.3333333333335,0.0,0
28,-impAstar,23,315.3333333333333,2297.796638571836,1402.8333333333333,0.0,0
28,-impAstar,24,370.33333333333337,2346.3139263410176,1384.6666666666667,0.0,0
28,-impAstar,25,358.0,2256.2125528975334,1430.0,0.0,0
28,-impAstar,26,315.3333333333333,2283.705631008183,1404.3333333333335,0.0,0
28,-impAstar,27,315.3333333333333,2283.705631008183,1404.3333333333335,0.0,0
28,-impAstar,28,306.0,2277.7656391002347,1409.0000000000002,0.0,0
28,-impAstar,29,315.3333333333333,2283.705631008183,1404.3333333333335,0.0,0
28,-impAstar,30,315.3333333333333,2283.705631008183,1404.3333333333335,0.0,0
28,-impAstar,31,315.3333333333333,2274.5401865637386,1409.8333333333333,0.0,0
28,-impAstar,32,310.6666666666667,2285.7060754526274,1406.3333333333335,0.0,0
28,-impAstar,33,317.3333333333333,2279.2897791563314,1408.0,0.0,0
28,-impAstar,34,315.3333333333333,2297.796638571836,1402.8333333333333,0.0,0
28,-impAstar,35,327.0,2358.2366980867528,1391.3333333333335,0.0,0
28,-impAstar,36,310.6666666666667,2288.8727050822577,1406.1666666666667,0.0,0
28,-impAstar,37,315.3333333333333,2279.9925434416355,1406.5,0.0,0
28,-impAstar,38,315.3333333333333,2283.705631008183,1404.3333333333335,0.0,0
28,-impAstar,39,315.3333333333333,2283.705631008183,1404.3333333333335,0.0,0
28,-impAstar,40,315.3333333333333,2283.705631008183,1404.3333333333335,0.0,0
28,-impAstar,41,308.6666666666667,2320.392437403774,1404.0,0.0,0
28,-impAstar,42,315.3333333333333,2283.705631008183,1404.3333333333335,0.0,0
28,-impAstar,43,310.6666666666667,2288.8727050822577,1406.1666666666667,0.0,0
28,-impAstar,44,360.6666666666667,2363.7311115262028,1386.9999999999998,0.0,0
28,-impAstar,45,315.3333333333333,2261.244106259912,1410.1666666666665,0.0,0
28,-impAstar,46,315.3333333333333,2283.705631008183,1404.3333333333335,0.0,0
28,-impAstar,47,315.3333333333333,2304.8272022032074,1395.8333333333335,0.0,0
28,-impAstar,48,306.0,2278.432157618753,1408.3333333333333,0.0,0
28,-impAstar,49,315.3333333333333,2283.705631008183,1404.3333333333335,0.0,0
28,-impAstar,50,315.3333333333333,2283.705631008183,1404.3333333333335,0.0,0
28,-impAstar,51,315.3333333333333,2279.45596189359,1408.0,0.0,0
28,-impAstar,52,325.3333333333333,2286.8722606378133,1404.1666666666665,0.0,0
28,-impAstar,53,305.3333333333333,2290.3659054587797,1415.1666666666667,0.0,0
28,-impAstar,54,304.3333333333333,2321.0703214413456,1405.6666666666667,0.0,0
28,-impAstar,55,315.3333333333333,2283.705631008183,1404.3333333333335,0.0,0
28,-impAstar,56,310.6666666666667,2288.8727050822577,1406.1666666666667,0.0,0
28,-impAstar,57,329.33333333333337,2298.3648651284875,1391.0000000000002,0.0,0
28,-closedLoop,0,332.33333333333337,2512.1650186536467,1389.166666666667,0.0,0
28,-closedLoop,1,398.3333333333333,2392.9349395440036,1384.0,0.0,0
28,-closedLoop,2,315.3333333333333,2289.963527460725,1403.8333333333335,0.0,0
28,-closedLoop,3,315.3333333333333,2297.796638571836,1402.8333333333333,0.0,0
28,-closedLoop,4,315.3333333333333,2283.705631008183,1404.3333333333335,0.0,0
28,-closedLoop,5,297.33333333333337,2326.171796528348,1408.1666666666667,0.0,0
28,-closedLoop,6,327.0,2358.2366980867528,1391.3333333333335,0.0,0
28,-closedLoop,7,315.3333333333333,2283.705631008183,1404.3333333333335,0.0,0
28,-closedLoop,8,324.6666666666667,2358.2772691350133,1391.3333333333335,0.0,0
28,-closedLoop,9,315.3333333333333,2289.963527460725,1403.8333333333335,0.0,0
28,-closedLoop,10,315.3333333333333,2283.705631008183,1404.3333333333335,0.0,0
28,-closedLoop,11,315.3333333333333,2283.705631008183,1404.3333333333335,0.0,0
28,-closedLoop,12,327.0,2358.2366980867528,1391.3333333333335,0.0,0
28,-closedLoop,13,302.0,2328.7352844043085,1398.0,0.0,0
28,-closedLoop,14,327.0,2358.2366980867528,1391.3333333333335,0.0,0
28,-closedLoop,15,317.3333333333333,2279.2897791563314,1408.0,0.0,0
28,-closedLoop,16,315.3333333333333,2283.705631008183,1404.3333333333335,0.0,0
28,-closedLoop,17,315.3333333333333,2283.705631008183,1404.3333333333335,0.0,0
28,-closedLoop,18,327.0,2358.2366980867528,1391.3333333333335,0.0,0
28,-closedLoop,19,315.3333333333333,2283.705631008183,1404.3333333333335,0.0,0
28,-closedLoop,20,398.3333333333333,2437.9341247291886,1380.3333333333333,0.0,0
28,-closedLoop,21,315.3333333333333,2364.884515938784,1392.1666666666667,0.0,0
28,-closedLoop,22,315.3333333333333,2283.705631008183,1404.3333333333335,0.0,0
28,-closedLoop,23,315.3333333333333,2297.796638571836,1402.8333333333333,0.0,0
28,-closedLoop,24,370.33333333333337,2346.3139263410176,1384.6666666666667,0.0,0
28,-closedLoop,25,358.0,2256.2125528975334,1430.0,0.0,0
28,-closedLoop,26,315.3333333333333,2283.705631008183,1404.3333333333335,0.0,0
28,-closedLoop,27,315.3333333333333,2283.705631008183,1404.3333333333335,0.0,0
28,-closedLoop,28,306.0,2277.7656391002347,1409.0000000000002,0.0,0
28,-closedLoop,29,315.3333333333333,2283.705631008183,1404.3333333333335,0.0,0
28,-closedLoop,30,315.3333333333333,2283.705631008183,1404.3333333333335,0.0,0
28,-closedLoop,31,315.3333333333333,2274.5401865637386,1409.8333333333333,0.0,0
28,-closedLoop,32,310.6666666666667,2285.7060754526274,1406.3333333333335,0.0,0
28,-closedLoop,33,317.3333333333333,2279.2897791563314,1408.0,0.0,0
28,-closedLoop,34,315.3333333333333,2297.796638571836,1402.8333333333333,0.0,0
28,-closedLoop,35,327.0,2358.2366980867528,1391.3333333333335,0.0,0
28,-closedLoop,36,310.6666666666667,2288.8727050822577,1406.1666666666667,0.0,0
28,-closedLoop,37,315.3333333333333,2279.9925434416355,1406.5,0.0,0
28,-closedLoop,38,315.3333333333333,2283.705631008183,1404.3333333333335,0.0,0
28,-closedLoop,39,315.3333333333333,2283.705631008183,1404.3333333333335,0.0,0
28,-closedLoop,40,315.3333333333333,2283.705631008183,1404.3333333333335,0.0,0
28,-closedLoop,41,308.6666666666667,2320.392437403774,1404.0,0.0,0
28,-closedLoop,42,315.3333333333333,2283.705631008183,1404.3333333333335,0.0,0
28,-closedLoop,43,310.6666666666667,2288.8727050822577,1406.1666666666667,0.0,0
28,-closedLoop,44,360.6666666666667,2363.7311115262028,1386.9999999999998,0.0,0
28,-closedLoop,45,315.3333333333333,2261.244106259912,1410.1666666666665,0.0,0
28,-closedLoop,46,315.3333333333333,2283.705631008183,1404.3333333333335,0.0,0
28,-closedLoop,47,315.3333333333333,2304.8272022032074,1395.8333333333335,0.0,0
28,-closedLoop,48,306.0,2278.432157618753,1408.3333333333333,0.0,0
28,-closedLoop,49,315.3333333333333,2283.705631008183,1404.3333333333335,0.0,0
28,-closedLoop,50,315.3333333333333,2283.705631008183,1404.3333333333335,0.0,0
28,-closedLoop,51,315.3333333333333,2279.45596189359,1408.0,0.0,0
28,-closedLoop,52,325.3333333333333,2286.8722606378133,1404.1666666666665,0.0,0
28,-closedLoop,53,305.3333333333333,2290.3659054587797,1415.1666666666667,0.0,0
28,-closedLoop,54,304.3333333333333,2321.0703214413456,1405.6666666666667,0.0,0
28,-closedLoop,55,315.3333333333333,2283.705631008183,1404.3333333333335,0.0,0
28,-closedLoop,56,310.6666666666667,2288.8727050822577,1406.1666666666667,0.0,0
28,-closedLoop,57,329.33333333333337,2298.3648651284875,1391.0000000000002,0.0,0
28,hard-only,0,329.0,2138.5033740701188,1406.5,0.0,0
28,hard-only,1,319.66666666666663,2089.1189275240035,1423.3333333333333,0.0,0
28,hard-only,2,319.66666666666663,2176.219210837392,1407.0,0.0,0
28,hard-only,3,329.0,2145.3772134086594,1399.5,0.0,0
28,hard-only,4,315.66666666666663,2174.5529145410956,1408.6666666666667,0.0,0
28,hard-only,5,313.6666666666667,2107.913329598756,1435.0000000000002,0.0,0
28,hard-only,6,329.0,2138.5033740701188,1406.5,0.0,0
28,hard-only,7,327.99999999999994,2094.275121950579,1407.3333333333335,0.0,0
28,hard-only,8,319.66666666666663,2089.1189275240035,1423.3333333333333,0.0,0
28,hard-only,9,320.66666666666663,2073.175397599109,1417.1666666666667,0.0,0
28,hard-only,10,327.0,2110.973730392502,1411.8333333333333,0.0,0
28,hard-only,11,320.66666666666663,2069.5099901917015,1422.833333333333,0.0,0
28,hard-only,12,319.66666666666663,2089.1189275240035,1423.3333333333333,0.0,0
28,hard-only,13,327.0,2110.973730392502,1411.8333333333333,0.0,0
28,hard-only,14,319.66666666666663,2089.1189275240035,1423.3333333333333,0.0,0
28,hard-only,15,318.3333333333333,2103.4414339435525,1416.5,0.0,0
28,hard-only,16,317.3333333333333,2089.9048838732597,1420.8333333333335,0.0,0
28,hard-only,17,297.6666666666667,2131.3788248735727,1409.3333333333333,0.0,0
28,hard-only,18,305.66666666666663,2175.4413323314216,1408.8333333333333,0.0,0
28,hard-only,19,310.99999999999994,2228.4369241850823,1406.5,0.0,0
28,hard-only,20,321.33333333333337,2062.277611200145,1425.3333333333333,0.0,0
28,hard-only,21,319.66666666666663,2089.1189275240035,1423.3333333333333,0.0,0
28,hard-only,22,310.99999999999994,2228.4369241850823,1406.5,0.0,0
28,hard-only,23,319.66666666666663,2089.1189275240035,1423.3333333333333,0.0,0
28,hard-only,24,329.0,2138.5033740701188,1406.5,0.0,0
28,hard-only,25,341.33333333333337,2139.5453985938443,1406.3333333333335,0.0,0
28,hard-only,26,327.99999999999994,2036.4940242438252,1414.5,0.0,0
28,hard-only,27,297.6666666666667,2131.3788248735727,1409.3333333333333,0.0,0
28,hard-only,28,320.66666666666663,2073.175397599109,1417.1666666666667,0.0,0
28,hard-only,29,297.6666666666667,2131.3788248735727,1409.3333333333333,0.0,0
28,hard-only,30,314.3333333333333,2078.337270501323,1425.6666666666665,0.0,0
28,hard-only,31,329.0,2145.3772134086594,1399.5,0.0,0
28,hard-only,32,329.0,2138.5033740701188,1406.5,0.0,0
28,hard-only,33,320.66666666666663,2056.693597911599,1427.0,0.0,0
28,hard-only,34,330.0,2077.164738425512,1408.6666666666665,0.0,0
28,hard-only,35,297.6666666666667,2131.3788248735727,1409.3333333333333,0.0,0
28,hard-only,36,327.99999999999994,2141.40496897966,1405.8333333333333,0.0,0
28,hard-only,37,320.66666666666663,2073.175397599109,1417.1666666666667,0.0,0
28,hard-only,38,338.66666666666663,2071.1653310181046,1411.3333333333333,0.0,0
28,hard-only,39,314.3333333333333,2078.337270501323,1425.6666666666665,0.0,0
28,hard-only,40,319.3333333333333,2057.690453757342,1430.3333333333333,0.0,0
28,hard-only,41,325.0,2072.166991155313,1416.3333333333333,0.0,0
28,hard-only,42,331.66666666666663,2214.2907078169515,1395.3333333333335,0.0,0
28,hard-only,43,329.0,2138.5033740701188,1406.5,0.0,0
28,hard-only,44,314.3333333333333,2090.8036283534884,1422.3333333333335,0.0,0
28,hard-only,45,297.6666666666667,2131.3788248735727,1409.3333333333333,0.0,0
28,hard-only,46,305.66666666666663,2175.4413323314216,1408.8333333333333,0.0,0
28,hard-only,47,319.3333333333333,2057.690453757342,1430.3333333333333,0.0,0
28,hard-only,48,320.66666666666663,2089.514912233227,1415.1666666666667,0.0,0
28,hard-only,49,320.66666666666663,2073.175397599109,1417.1666666666667,0.0,0
28,hard-only,50,327.99999999999994,2141.40496897966,1405.8333333333333,0.0,0
28,hard-only,51,320.66666666666663,2056.693597911599,1427.0,0.0,0
28,hard-only,52,331.3333333333333,2196.2579732055015,1396.1666666666667,0.0,0
28,hard-only,53,326.33333333333337,2045.5882705013225,1430.1666666666667,0.0,0
28,hard-only,54,327.6666666666667,2053.886665390525,1421.0,0.0,0
28,hard-only,55,327.99999999999994,2144.044176371622,1400.8333333333333,0.0,0
28,hard-only,56,308.0,2112.3615477159697,1409.5,0.0,0
28,hard-only,57,327.99999999999994,2036.4940242438252,1414.5,0.0,0
28,hard-only,58,319.66666666666663,2178.2187663929476,1404.9999999999998,0.0,0
28,hard-only,59,325.0,2072.166991155313,1416.3333333333333,0.0,0
28,hard-only,60,308.0,2112.3615477159697,1409.5,0.0,1
28,hard-only,61,310.99999999999994,2228.4369241850823,1406.5,0.0,0
28,hard-only,62,327.99999999999994,2036.4940242438252,1414.5,0.0,0
28,hard-only,63,327.99999999999994,2141.40496897966,1405.8333333333333,0.0,0
28,hard-only,64,319.6666666666667,2066.525966814174,1423.8333333333333,0.0,0
28,hard-only,65,320.66666666666663,2114.5925514713495,1407.166666666667,0.0,0
28,hard-only,66,319.6666666666667,2066.525966814174,1423.8333333333333,0.0,0
28,hard-only,67,317.3333333333333,2089.9048838732597,1420.8333333333335,0.0,0
28,hard-only,68,325.0,2071.333917081239,1417.5,0.0,0
28,hard-only,69,329.0,2145.3772134086594,1399.5,0.0,0
28,hard-only,70,319.0,2128.0928477676457,1408.5,0.0,0
28,hard-only,71,330.0,2077.164738425512,1408.6666666666665,0.0,0
28,hard-only,72,348.33333333333337,2027.5258927400998,1423.5,0.0,0
28,hard-only,73,319.66666666666663,2087.119371968448,1425.3333333333333,0.0,0
28,hard-only,74,320.66666666666663,2114.5925514713495,1407.166666666667,0.0,0
28,hard-only,75,329.0,2138.5033740701188,1406.5,0.0,0
28,hard-only,76,320.66666666666663,2073.175397599109,1417.1666666666667,0.0,0
28,hard-only,77,314.3333333333333,2066.6717149457672,1430.6666666666667,0.0,0
28,GA-SA-multiSoH,3,308.66666666666663,2276.369955591908,1379.5,0.0,1
29,Full,0,328.3333333333333,2222.3747394420197,1282.1666666666667,0.0,0
29,Full,1,328.3333333333333,2222.3747394420197,1282.1666666666667,0.0,0
29,Full,2,309.66666666666663,2082.469935304352,1308.4999999999998,0.0,0
29,Full,3,296.0,2109.8416815617857,1340.5,0.0,0
29,Full,4,309.66666666666663,2060.159060412536,1320.6666666666667,0.0,0
29,Full,5,290.0,2139.0863146586353,1290.8333333333333,0.0,0
29,Full,6,304.3333333333333,2093.696639348006,1310.1666666666665,0.0,0
29,Full,7,296.0,2109.8416815617857,1340.5,0.0,0
29,Full,8,309.66666666666663,2082.469935304352,1308.4999999999998,0.0,0
29,Full,9,309.33333333333337,2157.7802088067183,1288.1666666666667,0.0,0
29,Full,10,304.3333333333333,2085.033972681339,1328.1666666666665,0.0,0
29,Full,11,304.3333333333333,2093.696639348006,1310.1666666666665,0.0,0
29,Full,12,309.66666666666663,2062.1384538228704,1316.8333333333333,0.0,0
29,Full,13,280.66666666666663,2141.0264666141775,1301.0,0.0,0
29,Full,14,290.0,2139.0863146586353,1290.8333333333333,0.0,0
29,Full,15,290.0,2126.2535368808576,1293.3333333333333,0.0,0
29,Full,16,290.0,2123.9336906000494,1297.8333333333333,0.0,0
29,Full,17,344.99999999999994,2078.1668683316243,1310.333333333333,0.0,0
29,Full,18,280.66666666666663,2178.883609675088,1283.6666666666667,0.0,0
29,-health,0,319.0,1875.7824188419925,1342.5,0.0,0
29,-health,1,319.0,1872.904002802935,1352.1666666666667,0.0,0
29,-health,2,319.0,1875.7824188419925,1342.5,0.0,0
29,-health,3,307.33333333333337,2261.1640917814684,1315.1666666666665,0.0,0
29,-health,4,336.3333333333333,1875.6155669901407,1341.6666666666667,0.0,0
29,-health,5,311.0,1913.421808607883,1338.0,0.0,0
29,-health,6,319.0,1875.7824188419925,1342.5,0.0,0
29,-health,7,312.0,1896.0902530523272,1346.0000000000002,0.0,0
29,-health,8,350.3333333333333,2296.7942033634918,1305.0,0.0,0
29,-health,9,315.33333333333337,1910.892347252161,1326.0,0.0,0
29,-health,10,346.66666666666663,2124.122499438436,1307.3333333333335,0.0,0
29,-health,11,319.0,1872.904002802935,1352.1666666666667,0.0,0
29,-health,12,312.0,1900.9715559046067,1338.0000000000002,0.0,0
29,-health,13,369.33333333333337,2120.4290006916194,1312.5,0.0,1
29,-health,14,296.6666666666667,2247.1604284547634,1324.3333333333335,0.0,0
29,-health,15,307.0,1928.648893543394,1326.5,0.0,0
29,-health,16,297.0,2115.93648615836,1343.6666666666665,0.0,0
29,-health,17,294.3333333333333,2210.3983917162705,1345.3333333333333,0.0,0
29,-health,18,307.0,1916.3191898396904,1342.8333333333335,0.0,0
29,-health,19,319.0,1875.7824188419925,1342.5,0.0,0
29,-health,20,343.3333333333333,2293.133614652509,1305.5,0.0,0
29,-health,21,335.33333333333337,2011.2611971705198,1312.9999999999998,0.0,0
29,-health,22,307.0,1928.648893543394,1326.5,0.0,0
29,-health,23,319.0,1875.7824188419925,1342.5,0.0,0
29,-health,24,325.0,2192.567835492945,1310.6666666666665,0.0,0
29,-health,25,297.33333333333337,1950.9824490989497,1327.5,0.0,0
29,-health,26,336.3333333333333,1875.6155669901407,1341.6666666666667,0.0,0
29,-health,27,319.0,1877.4487151382887,1340.8333333333335,0.0,0
29,-health,28,312.0,1900.9715559046067,1338.0000000000002,0.0,0
29,-health,29,336.3333333333333,1875.6155669901407,1341.6666666666667,0.0,0
29,-health,30,315.33333333333337,1967.6427797028339,1319.5000000000002,0.0,0
29,-health,31,325.0,2173.0682429003523,1312.4999999999998,0.0,0
29,-health,32,319.0,1875.7824188419925,1342.5,0.0,0
29,-health,33,305.66666666666663,1972.232505433116,1315.3333333333335,0.0,0
29,-health,34,319.0,1882.1126796793235,1326.3333333333333,0.0,0
29,-health,35,307.0,1916.3191898396904,1342.8333333333335,0.0,0
29,-health,36,315.33333333333337,1967.6427797028339,1319.5000000000002,0.0,0
29,-health,37,319.0,1875.7824188419925,1342.5,0.0,0
29,-health,38,336.3333333333333,1876.1471654664629,1341.0,0.0,0
29,-health,39,315.33333333333337,2074.6530519769613,1314.8333333333335,0.0,0
29,-health,40,297.0,2146.2749105427524,1333.5,0.0,0
29,-health,41,309.66666666666663,1925.0936405700227,1320.666666666667,0.0,0
29,-health,42,315.33333333333337,1879.6097013327274,1342.5,0.0,0
29,-health,43,312.0,1900.9715559046067,1338.0000000000002,0.0,0
29,-health,44,307.33333333333337,2273.413239929617,1311.333333333333,0.0,0
29,-health,45,336.3333333333333,1876.1471654664629,1341.0,0.0,0
29,-health,46,312.0,1887.3073336823845,1349.0,0.0,0
29,-health,47,315.33333333333337,1883.8334658955816,1326.0000000000002,0.0,0
29,-health,48,297.33333333333337,1919.8841744363167,1335.5,0.0,0
29,-health,49,336.3333333333333,1869.2317210220185,1346.5000000000002,0.0,0
29,-adaptW,0,327.0,2398.491796743799,1282.5,0.0,0
29,-adaptW,1,363.6666666666667,2233.99088050332,1282.6666666666665,0.0,0
29,-adaptW,2,302.3333333333333,2180.341350750088,1346.166666666667,0.0,0
29,-adaptW,3,277.0,2288.7503413067216,1305.0,0.0,0
29,-adaptW,4,363.6666666666667,2253.6506363656895,1278.1666666666667,0.0,0
29,-adaptW,5,324.0,2224.7178161230145,1292.6666666666665,0.0,0
29,-adaptW,6,277.0,2288.7503413067216,1305.0,0.0,0
29,-adaptW,7,327.0,2398.491796743799,1282.5,0.0,0
29,-adaptW,8,277.0,2288.7503413067216,1305.0,0.0,0
29,-adaptW,9,317.0,2144.6913403072067,1340.1666666666667,0.0,0
29,-adaptW,10,317.0,2144.6913403072067,1340.1666666666667,0.0,0
29,-adaptW,11,346.3333333333333,2253.925762022856,1275.8333333333335,0.0,0
29,-adaptW,12,327.0,2398.491796743799,1282.5,0.0,0
29,-adaptW,13,277.0,2292.6214222861154,1304.8333333333333,0.0,0
29,-adaptW,14,327.0,2398.491796743799,1282.5,0.0,0
29,-adaptW,15,363.6666666666667,2253.6506363656895,1278.1666666666667,0.0,0
29,-adaptW,16,308.99999999999994,2145.5134835993526,1297.5,0.0,0
29,-adaptW,17,325.0,2255.0902456555755,1287.0,0.0,0
29,-adaptW,18,363.6666666666667,2222.3773722467195,1285.3333333333333,0.0,0
29,-adaptW,19,324.0,2224.7178161230145,1292.6666666666665,0.0,0
29,-adaptW,20,346.3333333333333,2253.925762022856,1275.8333333333335,0.0,0
29,-adaptW,21,289.6666666666667,2204.5545231386996,1294.0,0.0,1
29,-adaptW,22,325.0,2274.515383669867,1285.3333333333333,0.0,0
29,-adaptW,23,277.0,2292.6214222861154,1304.8333333333333,0.0,0
29,-adaptW,24,289.6666666666667,2286.090873147164,1285.6666666666667,0.0,0
29,-adaptW,25,329.3333333333333,2225.7409208815156,1287.0,0.0,0
29,-adaptW,26,327.0,2398.491796743799,1282.5,0.0,0
29,-adaptW,27,338.0,2267.66834000772,1282.333333333333,0.0,0
29,-adaptW,28,303.3333333333333,2184.990214249828,1305.8333333333333,0.0,0
29,-adaptW,29,277.0,2292.6214222861154,1304.8333333333333,0.0,0
29,-adaptW,30,310.6666666666667,2293.8562294506137,1285.0,0.0,0
29,-adaptW,31,346.3333333333333,2200.0397537002227,1289.3333333333335,0.0,0
29,-adaptW,32,325.0,2139.394198272618,1348.1666666666667,0.0,0
29,-adaptW,33,275.0,2297.359185452074,1302.8333333333335,0.0,0
29,-adaptW,34,332.6666666666667,2214.482886299053,1289.0,0.0,0
29,-adaptW,35,288.66666666666663,2262.994623912241,1289.4999999999998,0.0,0
29,-adaptW,36,317.0,2129.69467364054,1355.1666666666665,0.0,0
29,-adaptW,37,310.6666666666667,2293.8562294506137,1285.0,0.0,0
29,-adaptW,38,289.6666666666667,2204.5545231386996,1294.0,0.0,0
29,-adaptW,39,289.6666666666667,2243.5926865208003,1288.3333333333333,0.0,0
29,-adaptW,40,317.0,2144.6913403072067,1340.1666666666667,0.0,0
29,-adaptW,41,277.0,2297.0118277752194,1304.5,0.0,0
29,-adaptW,42,275.0,2302.582748714129,1300.8333333333333,0.0,0
29,-adaptW,43,323.3333333333333,2129.1851914807667,1355.6666666666667,0.0,0
29,-adaptW,44,302.3333333333333,2174.7915291972204,1346.8333333333335,0.0,0
29,-adaptW,45,291.0,2207.3875972127735,1292.8333333333333,0.0,0
29,-adaptW,46,310.6666666666667,2293.8562294506137,1285.0,0.0,0
29,-adaptW,47,302.3333333333333,2180.341350750088,1346.166666666667,0.0,0
29,-adaptW,48,333.6666666666667,2423.347156756158,1277.5,0.0,0
29,-adaptW,49,325.0,2278.536325863959,1284.3333333333335,0.0,0
29,-adaptW,50,327.0,2398.491796743799,1282.5,0.0,0
29,-adaptW,51,327.33333333333337,2190.762157790393,1294.8333333333333,0.0,0
29,-adaptW,52,278.6666666666667,2231.7331744807802,1290.1666666666667,0.0,0
29,-adaptW,53,325.0,2255.0902456555755,1287.0,0.0,0
29,-adaptW,54,284.6666666666667,2205.4058547228615,1297.833333333333,0.0,0
29,-adaptW,55,301.0,2185.006980379718,1341.5000000000002,0.0,0
29,-adaptW,56,310.6666666666667,2293.8562294506137,1285.0,0.0,0
29,-adaptW,57,304.66666666666663,2193.1575472149198,1293.8333333333335,0.0,0
29,-adaptW,58,346.3333333333333,2200.0397537002227,1289.3333333333335,0.0,0
29,-adaptW,59,289.6666666666667,2286.090873147164,1285.6666666666667,0.0,0
29,-adaptW,60,327.00000000000006,2316.754107463064,1282.0,0.0,0
29,-adaptW,61,346.6666666666667,2192.8191102957303,1292.3333333333335,0.0,0
29,-adaptW,62,346.3333333333333,2200.0397537002227,1289.3333333333335,0.0,0
29,-adaptW,63,289.6666666666667,2231.7593902245044,1288.5,0.0,0
29,-adaptW,64,354.6666666666667,2198.9832937064602,1290.8333333333333,0.0,0
29,-adaptW,65,288.66666666666663,2262.994623912241,1289.4999999999998,0.0,0
29,-adaptW,66,275.0,2297.359185452074,1302.8333333333335,0.0,0
29,-adaptW,67,289.6666666666667,2243.5926865208003,1288.3333333333333,0.0,0
29,-adaptW,68,310.6666666666667,2301.856230926326,1284.0,0.0,0
29,-adaptW,69,327.00000000000006,2354.086959314916,1279.8333333333333,0.0,0
29,-adaptW,70,346.3333333333333,2200.0397537002227,1289.3333333333335,0.0,0
29,-adaptW,71,317.0,2144.6913403072067,1340.1666666666667,0.0,0
29,-adaptW,72,303.66666666666663,2182.800484705103,1338.1666666666665,0.0,0
29,-adaptW,73,324.0,2228.383816123014,1289.6666666666665,0.0,0
29,-adaptW,74,277.0,2288.7503413067216,1305.0,0.0,0
29,-adaptW,75,308.99999999999994,2145.5134835993526,1297.5,0.0,0
29,-adaptW,76,304.66666666666663,2159.7848058454088,1305.9999999999998,0.0,0
29,-adaptW,77,327.0,2113.691858825725,1342.5,0.0,0
29,-adaptW,78,303.3333333333333,2191.5310810166507,1304.6666666666667,0.0,0
29,-impAstar,0,328.3333333333333,2222.3747394420197,1282.1666666666667,0.0,0
29,-impAstar,1,328.3333333333333,2222.3747394420197,1282.1666666666667,0.0,0
29,-impAstar,2,309.66666666666663,2082.469935304352,1308.4999999999998,0.0,0
29,-impAstar,3,296.0,2109.8416815617857,1340.5,0.0,0
29,-impAstar,4,309.66666666666663,2060.159060412536,1320.6666666666667,0.0,0
29,-impAstar,5,290.0,2139.0863146586353,1290.8333333333333,0.0,0
29,-impAstar,6,304.3333333333333,2093.696639348006,1310.1666666666665,0.0,0
29,-impAstar,7,296.0,2109.8416815617857,1340.5,0.0,0
29,-impAstar,8,309.66666666666663,2082.469935304352,1308.4999999999998,0.0,0
29,-impAstar,9,309.33333333333337,2157.7802088067183,1288.1666666666667,0.0,0
29,-impAstar,10,304.3333333333333,2085.033972681339,1328.1666666666665,0.0,0
29,-impAstar,11,304.3333333333333,2093.696639348006,1310.1666666666665,0.0,0
29,-impAstar,12,309.66666666666663,2062.1384538228704,1316.8333333333333,0.0,0
29,-impAstar,13,280.66666666666663,2141.0264666141775,1301.0,0.0,0
29,-impAstar,14,290.0,2139.0863146586353,1290.8333333333333,0.0,0
29,-impAstar,15,290.0,2126.2535368808576,1293.3333333333333,0.0,0
29,-impAstar,16,290.0,2123.9336906000494,1297.8333333333333,0.0,0
29,-impAstar,17,344.99999999999994,2078.1668683316243,1310.333333333333,0.0,1
29,-impAstar,18,280.66666666666663,2178.883609675088,1283.6666666666667,0.0,0
29,-closedLoop,0,328.3333333333333,2222.3747394420197,1282.1666666666667,0.0,0
29,-closedLoop,1,328.3333333333333,2222.3747394420197,1282.1666666666667,0.0,0
29,-closedLoop,2,309.66666666666663,2082.469935304352,1308.4999999999998,0.0,0
29,-closedLoop,3,296.0,2109.8416815617857,1340.5,0.0,0
29,-closedLoop,4,309.66666666666663,2060.159060412536,1320.6666666666667,0.0,0
29,-closedLoop,5,290.0,2139.0863146586353,1290.8333333333333,0.0,0
29,-closedLoop,6,304.3333333333333,2093.696639348006,1310.1666666666665,0.0,0
29,-closedLoop,7,296.0,2109.8416815617857,1340.5,0.0,0
29,-closedLoop,8,309.66666666666663,2082.469935304352,1308.4999999999998,0.0,0
29,-closedLoop,9,309.33333333333337,2157.7802088067183,1288.1666666666667,0.0,0
29,-closedLoop,10,304.3333333333333,2085.033972681339,1328.1666666666665,0.0,0
29,-closedLoop,11,304.3333333333333,2093.696639348006,1310.1666666666665,0.0,0
29,-closedLoop,12,309.66666666666663,2062.1384538228704,1316.8333333333333,0.0,0
29,-closedLoop,13,280.66666666666663,2141.0264666141775,1301.0,0.0,0
29,-closedLoop,14,290.0,2139.0863146586353,1290.8333333333333,0.0,0
29,-closedLoop,15,290.0,2126.2535368808576,1293.3333333333333,0.0,0
29,-closedLoop,16,290.0,2123.9336906000494,1297.8333333333333,0.0,0
29,-closedLoop,17,344.99999999999994,2078.1668683316243,1310.333333333333,0.0,0
29,-closedLoop,18,280.66666666666663,2178.883609675088,1283.6666666666667,0.0,0
29,hard-only,0,319.0,1875.7824188419925,1342.5,0.0,0
29,hard-only,1,319.0,1872.904002802935,1352.1666666666667,0.0,0
29,hard-only,2,319.0,1875.7824188419925,1342.5,0.0,0
29,hard-only,3,307.33333333333337,2261.1640917814684,1315.1666666666665,0.0,0
29,hard-only,4,336.3333333333333,1875.6155669901407,1341.6666666666667,0.0,0
29,hard-only,5,311.0,1913.421808607883,1338.0,0.0,0
29,hard-only,6,319.0,1875.7824188419925,1342.5,0.0,0
29,hard-only,7,312.0,1896.0902530523272,1346.0000000000002,0.0,0
29,hard-only,8,350.3333333333333,2296.7942033634918,1305.0,0.0,0
29,hard-only,9,315.33333333333337,1910.892347252161,1326.0,0.0,0
29,hard-only,10,346.66666666666663,2124.122499438436,1307.3333333333335,0.0,0
29,hard-only,11,319.0,1872.904002802935,1352.1666666666667,0.0,0
29,hard-only,12,312.0,1900.9715559046067,1338.0000000000002,0.0,0
29,hard-only,13,369.33333333333337,2120.4290006916194,1312.5,0.0,1
29,hard-only,14,296.6666666666667,2247.1604284547634,1324.3333333333335,0.0,0
29,hard-only,15,307.0,1928.648893543394,1326.5,0.0,0
29,hard-only,16,297.0,2115.93648615836,1343.6666666666665,0.0,0
29,hard-only,17,294.3333333333333,2210.3983917162705,1345.3333333333333,0.0,0
29,hard-only,18,307.0,1916.3191898396904,1342.8333333333335,0.0,0
29,hard-only,19,319.0,1875.7824188419925,1342.5,0.0,0
29,hard-only,20,343.3333333333333,2293.133614652509,1305.5,0.0,0
29,hard-only,21,335.33333333333337,2011.2611971705198,1312.9999999999998,0.0,0
29,hard-only,22,307.0,1928.648893543394,1326.5,0.0,0
29,hard-only,23,319.0,1875.7824188419925,1342.5,0.0,0
29,hard-only,24,325.0,2192.567835492945,1310.6666666666665,0.0,0
29,hard-only,25,297.33333333333337,1950.9824490989497,1327.5,0.0,0
29,hard-only,26,336.3333333333333,1875.6155669901407,1341.6666666666667,0.0,0
29,hard-only,27,319.0,1877.4487151382887,1340.8333333333335,0.0,0
29,hard-only,28,312.0,1900.9715559046067,1338.0000000000002,0.0,0
29,hard-only,29,336.3333333333333,1875.6155669901407,1341.6666666666667,0.0,0
29,hard-only,30,315.33333333333337,1967.6427797028339,1319.5000000000002,0.0,0
29,hard-only,31,325.0,2173.0682429003523,1312.4999999999998,0.0,0
29,hard-only,32,319.0,1875.7824188419925,1342.5,0.0,0
29,hard-only,33,305.66666666666663,1972.232505433116,1315.3333333333335,0.0,0
29,hard-only,34,319.0,1882.1126796793235,1326.3333333333333,0.0,0
29,hard-only,35,307.0,1916.3191898396904,1342.8333333333335,0.0,0
29,hard-only,36,315.33333333333337,1967.6427797028339,1319.5000000000002,0.0,0
29,hard-only,37,319.0,1875.7824188419925,1342.5,0.0,0
29,hard-only,38,336.3333333333333,1876.1471654664629,1341.0,0.0,0
29,hard-only,39,315.33333333333337,2074.6530519769613,1314.8333333333335,0.0,0
29,hard-only,40,297.0,2146.2749105427524,1333.5,0.0,0
29,hard-only,41,309.66666666666663,1925.0936405700227,1320.666666666667,0.0,0
29,hard-only,42,315.33333333333337,1879.6097013327274,1342.5,0.0,0
29,hard-only,43,312.0,1900.9715559046067,1338.0000000000002,0.0,0
29,hard-only,44,307.33333333333337,2273.413239929617,1311.333333333333,0.0,0
29,hard-only,45,336.3333333333333,1876.1471654664629,1341.0,0.0,0
29,hard-only,46,312.0,1887.3073336823845,1349.0,0.0,0
29,hard-only,47,315.33333333333337,1883.8334658955816,1326.0000000000002,0.0,0
29,hard-only,48,297.33333333333337,1919.8841744363167,1335.5,0.0,0
29,hard-only,49,336.3333333333333,1869.2317210220185,1346.5000000000002,0.0,0
29,GA-SA-multiSoH,0,285.3333333333333,2202.4469857903955,1273.0000000000002,0.0,1
30,Full,0,285.33333333333337,1945.2274282805176,1227.6666666666665,0.0,0
30,Full,1,268.3333333333333,1876.093443082598,1259.6666666666667,0.0,0
30,Full,2,268.0,2070.3680243386193,1242.3333333333333,0.0,0
30,Full,3,285.33333333333337,1866.6203605189762,1247.8333333333337,0.0,0
30,Full,4,297.33333333333337,1845.2740730129474,1261.8333333333333,0.0,0
30,Full,5,268.0,2078.701283597878,1242.0000000000002,0.0,0
30,Full,6,281.0,1888.7889133504457,1244.1666666666667,0.0,0
30,Full,7,285.33333333333337,1952.3495056249192,1223.6666666666667,0.0,0
30,Full,8,281.0,1845.3442527761613,1269.1666666666667,0.0,0
30,Full,9,268.0,2068.2823064837507,1251.1666666666665,0.0,0
30,Full,10,295.0,1849.8738369844984,1253.1666666666665,0.0,0
30,Full,11,285.33333333333337,1945.2274282805176,1227.6666666666665,0.0,0
30,Full,12,269.66666666666663,1913.0621319842217,1233.8333333333333,0.0,0
30,Full,13,268.3333333333333,1876.093443082598,1259.6666666666667,0.0,0
30,Full,14,288.00000000000006,1848.230310811638,1262.1666666666667,0.0,0
30,Full,15,285.33333333333337,1945.2274282805176,1227.6666666666665,0.0,0
30,Full,16,272.33333333333337,1899.4541726097048,1237.8333333333335,0.0,0
30,Full,17,295.0,1849.8738369844984,1253.1666666666665,0.0,0
30,Full,18,285.33333333333337,1866.6203605189762,1247.8333333333337,0.0,0
30,Full,19,288.00000000000006,1848.230310811638,1262.1666666666667,0.0,0
30,Full,20,268.0,2063.5674583148207,1258.1666666666665,0.0,0
30,Full,21,272.3333333333333,1926.8081089171465,1230.0,0.0,0
30,Full,22,272.33333333333337,1899.4541726097048,1237.8333333333335,0.0,0
30,Full,23,285.33333333333337,1946.7892397747364,1227.1666666666667,0.0,0
30,Full,24,268.0,2068.2823064837507,1251.1666666666665,0.0,0
30,Full,25,285.33333333333337,1866.6203605189762,1247.8333333333337,0.0,0
30,Full,26,281.0,1852.711509497458,1255.6666666666665,0.0,0
30,Full,27,268.3333333333333,1936.9256282677832,1254.5000000000002,0.0,0
30,-health,0,294.0,1718.246706802628,1242.5,0.0,0
30,-health,1,312.6666666666667,1763.36613619106,1241.3333333333333,0.0,0
30,-health,2,284.0,1717.911563021514,1255.1666666666665,0.0,0
30,-health,3,284.6666666666667,1794.2912824876964,1228.0,0.0,0
30,-health,4,283.6666666666667,1765.3790452683863,1249.0,0.0,0
30,-health,5,286.3333333333333,1757.3788971202382,1248.3333333333335,0.0,0
30,-health,6,284.6666666666667,1752.5222169128103,1251.8333333333333,0.0,0
30,-health,7,335.6666666666667,1664.0116180454304,1259.0,0.0,0
30,-health,8,274.6666666666667,1803.0816697655912,1249.8333333333333,0.0,0
30,-health,9,294.0,1718.246706802628,1242.5,0.0,0
30,-health,10,284.6666666666667,1794.2912824876964,1228.0,0.0,0
30,-health,11,284.0,1717.911563021514,1255.1666666666665,0.0,0
30,-health,12,284.6666666666667,1794.2912824876964,1228.0,0.0,0
30,-health,13,297.0,1684.3184878488314,1258.5,0.0,0
30,-health,14,284.6666666666667,1777.638035710317,1242.5000000000002,0.0,0
30,-health,15,284.0,1712.912525984477,1259.4999999999998,0.0,0
30,-health,16,288.0,1716.7376477445093,1254.5,0.0,0
30,-health,17,268.3333333333333,1764.8704623034969,1252.3333333333335,0.0,0
30,-health,18,294.0,1688.7484845804056,1250.5000000000002,0.0,0
30,-health,19,294.0,1688.7484845804056,1250.5000000000002,0.0,0
30,-health,20,294.0,1688.7484845804056,1250.5000000000002,0.0,0
30,-health,21,288.3333333333333,1772.2983108914714,1245.3333333333333,0.0,0
30,-health,22,304.33333333333337,1763.5709475991462,1237.0,0.0,0
30,-health,23,284.6666666666667,1794.2912824876964,1228.0,0.0,0
30,-health,24,293.33333333333337,1740.6072141464933,1243.3333333333335,0.0,0
30,-health,25,335.6666666666667,1664.0116180454304,1259.0,0.0,0
30,-health,26,312.3333333333333,1668.7751652033419,1249.5,0.0,0
30,-health,27,284.6666666666667,1794.2912824876964,1228.0,0.0,0
30,-health,28,284.6666666666667,1772.639146821428,1247.5000000000002,0.0,0
30,-health,29,274.6666666666667,1746.2878739807456,1259.3333333333335,0.0,0
30,-health,30,284.0,1717.911563021514,1255.1666666666665,0.0,0
30,-health,31,282.00000000000006,1788.2849062208427,1249.6666666666667,0.0,0
30,-health,32,268.3333333333333,1764.8704623034969,1252.3333333333335,0.0,0
30,-health,33,294.0,1696.8976031127738,1244.5,0.0,0
30,-health,34,284.6666666666667,1791.291949154363,1231.0,0.0,0
30,-health,35,284.6666666666667,1772.639146821428,1247.5000000000002,0.0,0
30,-health,36,274.6666666666667,1803.0816697655912,1249.8333333333333,0.0,0
30,-health,37,289.0,1703.1788443588005,1267.1666666666665,0.0,0
30,-health,38,293.33333333333337,1720.2120511384935,1249.666666666667,0.0,0
30,-health,39,269.33333333333337,1850.7865363775709,1249.6666666666667,0.0,0
30,-health,40,335.6666666666667,1664.0116180454304,1259.0,0.0,0
30,-health,41,282.00000000000006,1788.2849062208427,1249.6666666666667,0.0,0
30,-health,42,284.6666666666667,1791.291949154363,1231.0,0.0,0
30,-health,43,284.6666666666667,1781.4586528580667,1231.1666666666667,0.0,0
30,-health,44,274.6666666666667,1803.0816697655912,1249.8333333333333,0.0,0
30,-health,45,335.6666666666667,1653.782940515652,1277.6666666666667,0.0,1
30,-health,46,294.0,1684.3521809227825,1257.1666666666667,0.0,0
30,-health,47,289.0,1703.1788443588005,1267.1666666666665,0.0,0
30,-adaptW,0,297.0,2211.944876923106,1250.8333333333333,0.0,0
30,-adaptW,1,280.0,2145.559092710399,1261.833333333333,0.0,0
30,-adaptW,2,296.3333333333333,2020.862151217544,1266.4999999999998,0.0,0
30,-adaptW,3,310.33333333333337,2133.077564635623,1240.5000000000002,0.0,0
30,-adaptW,4,296.3333333333333,2020.862151217544,1266.4999999999998,0.0,0
30,-adaptW,5,299.0,1996.9781950014856,1249.0,0.0,0
30,-adaptW,6,296.33333333333337,2042.712332870427,1259.5,0.0,0
30,-adaptW,7,302.3333333333333,2176.495066175669,1244.8333333333333,0.0,0
30,-adaptW,8,296.3333333333333,2061.0453706048443,1253.9999999999998,0.0,0
30,-adaptW,9,279.0,2128.2795674315767,1279.0,0.0,0
30,-adaptW,10,296.3333333333333,2015.3182915136676,1282.6666666666665,0.0,0
30,-adaptW,11,296.3333333333333,2020.862151217544,1266.4999999999998,0.0,0
30,-adaptW,12,299.0,1998.8634800605782,1247.4999999999998,0.0,0
30,-adaptW,13,280.0,2044.5721210064785,1261.8333333333333,0.0,0
30,-adaptW,14,299.0,1978.5825992952327,1251.6666666666665,0.0,0
30,-adaptW,15,314.33333333333337,1951.475174970318,1242.5000000000002,0.0,0
30,-adaptW,16,286.0,2134.5113962870178,1253.6666666666665,0.0,0
30,-adaptW,17,276.0,2206.04897288796,1275.3333333333333,0.0,0
30,-adaptW,18,314.33333333333337,1951.475174970318,1242.5000000000002,0.0,0
30,-adaptW,19,283.66666666666663,2188.3868313335342,1253.8333333333335,0.0,0
30,-adaptW,20,279.0,2128.2795674315767,1279.0,0.0,0
30,-adaptW,21,291.0,2058.8794076418812,1257.1666666666665,0.0,0
30,-adaptW,22,310.33333333333337,2133.077564635623,1240.5000000000002,0.0,0
30,-adaptW,23,314.33333333333337,1951.475174970318,1242.5000000000002,0.0,0
30,-adaptW,24,305.33333333333337,1981.7124943558451,1249.166666666667,0.0,0
30,-adaptW,25,310.33333333333337,2228.2854340748713,1239.166666666667,0.0,1
30,-adaptW,26,297.0,2274.777728774958,1248.6666666666667,0.0,0
30,-adaptW,27,279.0,2147.266952817902,1275.0,0.0,0
30,-adaptW,28,285.6666666666667,2021.6677104063438,1259.6666666666667,0.0,0
30,-adaptW,29,297.0,2211.944876923106,1250.8333333333333,0.0,0
30,-adaptW,30,283.66666666666663,2188.3868313335342,1253.8333333333335,0.0,0
30,-adaptW,31,279.0,2128.2795674315767,1279.0,0.0,0
30,-adaptW,32,299.0,1973.8669601437718,1256.0,0.0,0
30,-adaptW,33,314.33333333333337,1971.1382221148895,1241.8333333333335,0.0,0
30,-adaptW,34,296.3333333333333,2020.862151217544,1266.4999999999998,0.0,0
30,-adaptW,35,277.0,2146.4456444084663,1275.1666666666665,0.0,0
30,-adaptW,36,298.00000000000006,2049.608814093796,1244.9999999999998,0.0,0
30,-adaptW,37,286.0,2134.5113962870178,1253.6666666666665,0.0,0
30,-adaptW,38,297.0,2275.614041450664,1243.1666666666665,0.0,0
30,-impAstar,0,285.33333333333337,1945.2274282805176,1227.6666666666665,0.0,0
30,-impAstar,1,268.3333333333333,1876.093443082598,1259.6666666666667,0.0,0
30,-impAstar,2,268.0,2070.3680243386193,1242.3333333333333,0.0,0
30,-impAstar,3,285.33333333333337,1866.6203605189762,1247.8333333333337,0.0,0
30,-impAstar,4,297.33333333333337,1845.2740730129474,1261.8333333333333,0.0,1
30,-impAstar,5,268.0,2078.701283597878,1242.0000000000002,0.0,0
30,-impAstar,6,281.0,1888.7889133504457,1244.1666666666667,0.0,0
30,-impAstar,7,285.33333333333337,1952.3495056249192,1223.6666666666667,0.0,0
30,-impAstar,8,281.0,1845.3442527761613,1269.1666666666667,0.0,0
30,-impAstar,9,268.0,2068.2823064837507,1251.1666666666665,0.0,0
30,-impAstar,10,295.0,1849.8738369844984,1253.1666666666665,0.0,0
30,-impAstar,11,285.33333333333337,1945.2274282805176,1227.6666666666665,0.0,0
30,-impAstar,12,269.66666666666663,1913.0621319842217,1233.8333333333333,0.0,0
30,-impAstar,13,268.3333333333333,1876.093443082598,1259.6666666666667,0.0,0
30,-impAstar,14,288.00000000000006,1848.230310811638,1262.1666666666667,0.0,0
30,-impAstar,15,285.33333333333337,1945.2274282805176,1227.6666666666665,0.0,0
30,-impAstar,16,272.33333333333337,1899.4541726097048,1237.8333333333335,0.0,0
30,-impAstar,17,295.0,1849.8738369844984,1253.1666666666665,0.0,0
30,-impAstar,18,285.33333333333337,1866.6203605189762,1247.8333333333337,0.0,0
30,-impAstar,19,288.00000000000006,1848.230310811638,1262.1666666666667,0.0,0
30,-impAstar,20,268.0,2063.5674583148207,1258.1666666666665,0.0,0
30,-impAstar,21,272.3333333333333,1926.8081089171465,1230.0,0.0,0
30,-impAstar,22,272.33333333333337,1899.4541726097048,1237.8333333333335,0.0,0
30,-impAstar,23,285.33333333333337,1946.7892397747364,1227.1666666666667,0.0,0
30,-impAstar,24,268.0,2068.2823064837507,1251.1666666666665,0.0,0
30,-impAstar,25,285.33333333333337,1866.6203605189762,1247.8333333333337,0.0,0
30,-impAstar,26,281.0,1852.711509497458,1255.6666666666665,0.0,0
30,-impAstar,27,268.3333333333333,1936.9256282677832,1254.5000000000002,0.0,0
30,-closedLoop,0,285.33333333333337,1945.2274282805176,1227.6666666666665,0.0,0
30,-closedLoop,1,268.3333333333333,1876.093443082598,1259.6666666666667,0.0,0
30,-closedLoop,2,268.0,2070.3680243386193,1242.3333333333333,0.0,0
30,-closedLoop,3,285.33333333333337,1866.6203605189762,1247.8333333333337,0.0,0
30,-closedLoop,4,297.33333333333337,1845.2740730129474,1261.8333333333333,0.0,0
30,-closedLoop,5,268.0,2078.701283597878,1242.0000000000002,0.0,0
30,-closedLoop,6,281.0,1888.7889133504457,1244.1666666666667,0.0,0
30,-closedLoop,7,285.33333333333337,1952.3495056249192,1223.6666666666667,0.0,0
30,-closedLoop,8,281.0,1845.3442527761613,1269.1666666666667,0.0,0
30,-closedLoop,9,268.0,2068.2823064837507,1251.1666666666665,0.0,0
30,-closedLoop,10,295.0,1849.8738369844984,1253.1666666666665,0.0,0
30,-closedLoop,11,285.33333333333337,1945.2274282805176,1227.6666666666665,0.0,0
30,-closedLoop,12,269.66666666666663,1913.0621319842217,1233.8333333333333,0.0,0
30,-closedLoop,13,268.3333333333333,1876.093443082598,1259.6666666666667,0.0,0
30,-closedLoop,14,288.00000000000006,1848.230310811638,1262.1666666666667,0.0,0
30,-closedLoop,15,285.33333333333337,1945.2274282805176,1227.6666666666665,0.0,0
30,-closedLoop,16,272.33333333333337,1899.4541726097048,1237.8333333333335,0.0,0
30,-closedLoop,17,295.0,1849.8738369844984,1253.1666666666665,0.0,0
30,-closedLoop,18,285.33333333333337,1866.6203605189762,1247.8333333333337,0.0,0
30,-closedLoop,19,288.00000000000006,1848.230310811638,1262.1666666666667,0.0,0
30,-closedLoop,20,268.0,2063.5674583148207,1258.1666666666665,0.0,0
30,-closedLoop,21,272.3333333333333,1926.8081089171465,1230.0,0.0,0
30,-closedLoop,22,272.33333333333337,1899.4541726097048,1237.8333333333335,0.0,0
30,-closedLoop,23,285.33333333333337,1946.7892397747364,1227.1666666666667,0.0,0
30,-closedLoop,24,268.0,2068.2823064837507,1251.1666666666665,0.0,0
30,-closedLoop,25,285.33333333333337,1866.6203605189762,1247.8333333333337,0.0,0
30,-closedLoop,26,281.0,1852.711509497458,1255.6666666666665,0.0,0
30,-closedLoop,27,268.3333333333333,1936.9256282677832,1254.5000000000002,0.0,0
30,hard-only,0,294.0,1718.246706802628,1242.5,0.0,0
30,hard-only,1,312.6666666666667,1763.36613619106,1241.3333333333333,0.0,0
30,hard-only,2,284.0,1717.911563021514,1255.1666666666665,0.0,0
30,hard-only,3,284.6666666666667,1794.2912824876964,1228.0,0.0,0
30,hard-only,4,283.6666666666667,1765.3790452683863,1249.0,0.0,0
30,hard-only,5,286.3333333333333,1757.3788971202382,1248.3333333333335,0.0,0
30,hard-only,6,284.6666666666667,1752.5222169128103,1251.8333333333333,0.0,0
30,hard-only,7,335.6666666666667,1664.0116180454304,1259.0,0.0,0
30,hard-only,8,274.6666666666667,1803.0816697655912,1249.8333333333333,0.0,0
30,hard-only,9,294.0,1718.246706802628,1242.5,0.0,0
30,hard-only,10,284.6666666666667,1794.2912824876964,1228.0,0.0,0
30,hard-only,11,284.0,1717.911563021514,1255.1666666666665,0.0,0
30,hard-only,12,284.6666666666667,1794.2912824876964,1228.0,0.0,0
30,hard-only,13,297.0,1684.3184878488314,1258.5,0.0,0
30,hard-only,14,284.6666666666667,1777.638035710317,1242.5000000000002,0.0,0
30,hard-only,15,284.0,1712.912525984477,1259.4999999999998,0.0,0
30,hard-only,16,288.0,1716.7376477445093,1254.5,0.0,0
30,hard-only,17,268.3333333333333,1764.8704623034969,1252.3333333333335,0.0,0
30,hard-only,18,294.0,1688.7484845804056,1250.5000000000002,0.0,0
30,hard-only,19,294.0,1688.7484845804056,1250.5000000000002,0.0,0
30,hard-only,20,294.0,1688.7484845804056,1250.5000000000002,0.0,0
30,hard-only,21,288.3333333333333,1772.2983108914714,1245.3333333333333,0.0,0
30,hard-only,22,304.33333333333337,1763.5709475991462,1237.0,0.0,0
30,hard-only,23,284.6666666666667,1794.2912824876964,1228.0,0.0,0
30,hard-only,24,293.33333333333337,1740.6072141464933,1243.3333333333335,0.0,0
30,hard-only,25,335.6666666666667,1664.0116180454304,1259.0,0.0,0
30,hard-only,26,312.3333333333333,1668.7751652033419,1249.5,0.0,0
30,hard-only,27,284.6666666666667,1794.2912824876964,1228.0,0.0,0
30,hard-only,28,284.6666666666667,1772.639146821428,1247.5000000000002,0.0,0
30,hard-only,29,274.6666666666667,1746.2878739807456,1259.3333333333335,0.0,0
30,hard-only,30,284.0,1717.911563021514,1255.1666666666665,0.0,0
30,hard-only,31,282.00000000000006,1788.2849062208427,1249.6666666666667,0.0,0
30,hard-only,32,268.3333333333333,1764.8704623034969,1252.3333333333335,0.0,0
30,hard-only,33,294.0,1696.8976031127738,1244.5,0.0,0
30,hard-only,34,284.6666666666667,1791.291949154363,1231.0,0.0,0
30,hard-only,35,284.6666666666667,1772.639146821428,1247.5000000000002,0.0,0
30,hard-only,36,274.6666666666667,1803.0816697655912,1249.8333333333333,0.0,0
30,hard-only,37,289.0,1703.1788443588005,1267.1666666666665,0.0,0
30,hard-only,38,293.33333333333337,1720.2120511384935,1249.666666666667,0.0,0
30,hard-only,39,269.33333333333337,1850.7865363775709,1249.6666666666667,0.0,0
30,hard-only,40,335.6666666666667,1664.0116180454304,1259.0,0.0,0
30,hard-only,41,282.00000000000006,1788.2849062208427,1249.6666666666667,0.0,0
30,hard-only,42,284.6666666666667,1791.291949154363,1231.0,0.0,0
30,hard-only,43,284.6666666666667,1781.4586528580667,1231.1666666666667,0.0,0
30,hard-only,44,274.6666666666667,1803.0816697655912,1249.8333333333333,0.0,0
30,hard-only,45,335.6666666666667,1653.782940515652,1277.6666666666667,0.0,1
30,hard-only,46,294.0,1684.3521809227825,1257.1666666666667,0.0,0
30,hard-only,47,289.0,1703.1788443588005,1267.1666666666665,0.0,0
30,GA-SA-multiSoH,4,270.6666666666667,1824.5888882528595,1223.3333333333333,0.0,1
