scenario,strategy,seed,instance,t_c,t_f,t_u,fault_type,aisle,reduction,f1_base,f1_event,deg_pct,timeout,n_done,n_total,completion_pct,n_replans,response_ms,response_ms_total,replan_evals,warn_t,warn_agv,maint_enter,detected,min_h,n_agv
compound,EHCO,31,0,150.0,180.0,220.0,thermal,6,0.7,270.0,495.0,83.33333333333334,0,53,53,100.0,3,132.02109999838285,546.7895999972825,28000,436.0,1,None,1,0.5981017756965719,10
compound,A*-GA,31,0,150.0,180.0,220.0,thermal,6,0.7,285.0,907.0,218.24561403508773,0,53,53,100.0,0,,0.0,0,447.0,1,None,1,0.5591811091002958,10
compound,noFLC,31,0,150.0,180.0,220.0,thermal,6,0.7,270.0,603.0,123.33333333333334,0,53,53,100.0,3,130.92239999969024,540.6646000010369,28000,436.0,1,504.0,1,0.5981017756965719,10
compound,moead-cl,31,0,150.0,180.0,220.0,thermal,6,0.7,270.0,503.0,86.29629629629629,0,53,53,100.0,3,554.1028000006918,3943.8355999991472,28000,436.0,1,None,1,0.5981017756965719,10
compound,EHCO,32,0,150.0,180.0,220.0,thermal,6,0.7,292.0,677.0,131.84931506849315,0,53,53,100.0,2,130.05859999975655,249.5560999996087,8000,449.0,3,None,1,0.5646425302821312,10
compound,A*-GA,32,0,150.0,180.0,220.0,thermal,6,0.7,301.0,1197.0,297.6744186046512,0,53,53,100.0,0,,0.0,0,443.0,1,None,1,0.5583028168786703,10
compound,noFLC,32,0,150.0,180.0,220.0,thermal,6,0.7,292.0,819.0,180.4794520547945,0,53,53,100.0,3,124.43079999866313,648.0980999949679,28000,449.0,3,None,1,0.5601810725382917,10
compound,moead-cl,32,0,150.0,180.0,220.0,thermal,6,0.7,292.0,677.0,131.84931506849315,0,53,53,100.0,3,551.7544000031194,3909.569700001157,28000,449.0,3,None,1,0.5646425302821312,10
compound,EHCO,33,0,150.0,180.0,220.0,thermal,6,0.7,328.0,649.0,97.86585365853658,0,53,53,100.0,3,122.44900000223424,677.0001000004413,28000,441.0,7,None,1,0.5688109113834404,10
compound,A*-GA,33,0,150.0,180.0,220.0,thermal,6,0.7,305.0,2725.0,793.4426229508197,1,52,53,98.11320754716981,0,,0.0,0,445.0,1,None,1,0.5575325929902221,10
compound,noFLC,33,0,150.0,180.0,220.0,thermal,6,0.7,328.0,826.0,151.82926829268294,0,53,53,100.0,3,131.61770000078832,704.84370000122,28000,441.0,7,None,1,0.5602125735291421,10
compound,moead-cl,33,0,150.0,180.0,220.0,thermal,6,0.7,328.0,652.0,98.78048780487805,0,53,53,100.0,3,550.3410999990592,3958.6153000018385,28000,441.0,7,None,1,0.5981657268639053,10
compound,EHCO,34,0,150.0,180.0,220.0,thermal,6,0.7,307.0,776.0,152.76872964169382,0,53,53,100.0,3,131.237699999474,704.3316000017512,28000,442.0,6,769.0,1,0.57795074965269,10
compound,A*-GA,34,0,150.0,180.0,220.0,thermal,6,0.7,320.0,1583.0,394.6875,0,53,53,100.0,0,,0.0,0,449.0,1,None,1,0.558205189884278,10
compound,noFLC,34,0,150.0,180.0,220.0,thermal,6,0.7,307.0,816.0,165.79804560260587,0,53,53,100.0,3,127.00309999854653,699.3570999984513,28000,450.0,4,712.0,1,0.5903636106963557,10
compound,moead-cl,34,0,150.0,180.0,220.0,thermal,6,0.7,307.0,732.0,138.43648208469054,0,53,53,100.0,3,595.251399998233,3984.313500001008,28000,450.0,4,712.0,1,0.5903636106963557,10
compound,EHCO,35,0,150.0,180.0,220.0,thermal,6,0.7,351.0,685.0,95.15669515669516,0,53,53,100.0,3,127.53410000004806,772.3609999993641,28000,425.0,4,660.0,1,0.5677169995608939,10
compound,A*-GA,35,0,150.0,180.0,220.0,thermal,6,0.7,299.0,895.0,199.33110367892976,0,53,53,100.0,0,,0.0,0,434.0,9,None,1,0.5591586512203591,10
compound,noFLC,35,0,150.0,180.0,220.0,thermal,6,0.7,351.0,712.0,102.84900284900284,0,53,53,100.0,3,121.94069999895873,661.2959000012779,28000,425.0,4,509.0,1,0.5929708481399946,10
compound,moead-cl,35,0,150.0,180.0,220.0,thermal,6,0.7,351.0,1041.0,196.58119658119656,0,53,53,100.0,3,555.7048999980907,3949.36499999676,28000,425.0,4,None,1,0.5586482373245583,10
compound,EHCO,36,0,150.0,180.0,220.0,thermal,6,0.7,366.0,687.0,87.70491803278688,0,53,53,100.0,3,128.98570000106702,549.4780000008177,28000,431.0,1,None,1,0.5634844981235605,10
compound,A*-GA,36,0,150.0,180.0,220.0,thermal,6,0.7,313.0,1480.0,372.84345047923324,0,53,53,100.0,0,,0.0,0,454.0,2,None,1,0.5581887183391667,10
compound,noFLC,36,0,150.0,180.0,220.0,thermal,6,0.7,366.0,1465.0,300.27322404371586,0,53,53,100.0,3,128.7497000012081,557.8110000024026,28000,430.0,8,None,1,0.5582746941902244,10
compound,moead-cl,36,0,150.0,180.0,220.0,thermal,6,0.7,366.0,565.0,54.37158469945356,0,53,53,100.0,2,580.3226000025461,1142.6550000032876,8000,431.0,1,None,1,0.5981412021121646,10
compound,EHCO,37,0,150.0,180.0,220.0,thermal,6,0.7,339.0,1113.0,228.31858407079645,0,53,53,100.0,3,127.68019999930402,540.0991000024078,28000,436.0,7,None,1,0.5585307561775541,10
compound,A*-GA,37,0,150.0,180.0,220.0,thermal,6,0.7,291.0,779.0,167.6975945017182,0,53,53,100.0,0,,0.0,0,464.0,3,None,1,0.5613364280999382,10
compound,noFLC,37,0,150.0,180.0,220.0,thermal,6,0.7,339.0,502.0,48.08259587020649,0,53,53,100.0,2,127.55950000064331,240.7905000000028,8000,441.0,1,None,1,0.5899809585388368,10
compound,moead-cl,37,0,150.0,180.0,220.0,thermal,6,0.7,339.0,656.0,93.5103244837758,0,53,53,100.0,3,548.9925000001676,3871.146299999964,28000,436.0,7,None,1,0.5650979726702633,10
compound,EHCO,38,0,150.0,180.0,220.0,thermal,6,0.7,322.0,747.0,131.98757763975155,0,53,53,100.0,3,132.927100003144,683.7132000036945,28000,451.0,1,None,1,0.5621613432929922,10
compound,A*-GA,38,0,150.0,180.0,220.0,thermal,6,0.7,334.0,1401.0,319.4610778443114,0,53,53,100.0,0,,0.0,0,450.0,3,None,1,0.5581104715915607,10
compound,noFLC,38,0,150.0,180.0,220.0,thermal,6,0.7,322.0,1244.0,286.3354037267081,0,53,53,100.0,3,139.3114999991667,710.3395000012824,28000,451.0,1,None,1,0.5583348498949429,10
compound,moead-cl,38,0,150.0,180.0,220.0,thermal,6,0.7,322.0,880.0,173.29192546583852,0,53,53,100.0,3,555.0940000030096,3900.0931000045966,28000,451.0,1,None,1,0.5595456283694655,10
compound,EHCO,39,0,150.0,180.0,220.0,thermal,6,0.7,314.0,819.0,160.828025477707,0,53,53,100.0,3,129.49569999909727,680.3078000011737,28000,449.0,9,723.0,1,0.5736517372577195,10
compound,A*-GA,39,0,150.0,180.0,220.0,thermal,6,0.7,316.0,1322.0,318.3544303797469,0,53,53,100.0,0,,0.0,0,427.0,6,None,1,0.5582126840684657,10
compound,noFLC,39,0,150.0,180.0,220.0,thermal,6,0.7,314.0,912.0,190.44585987261146,0,53,53,100.0,3,129.6887999997125,686.1755000027188,28000,440.0,0,None,1,0.5592000566230985,10
compound,moead-cl,39,0,150.0,180.0,220.0,thermal,6,0.7,314.0,884.0,181.52866242038218,0,53,53,100.0,3,554.2888999989373,3857.339399997727,28000,449.0,9,None,1,0.5594974912981543,10
compound,EHCO,40,0,150.0,180.0,220.0,thermal,6,0.7,270.0,697.0,158.14814814814815,0,53,53,100.0,3,123.07430000146269,534.3049000002793,28000,440.0,1,464.0,1,0.5713665147005458,10
compound,A*-GA,40,0,150.0,180.0,220.0,thermal,6,0.7,304.0,1484.0,388.15789473684214,0,53,53,100.0,0,,0.0,0,442.0,2,None,1,0.5582067575918681,10
compound,noFLC,40,0,150.0,180.0,220.0,thermal,6,0.7,270.0,624.0,131.11111111111111,0,53,53,100.0,2,123.55199999728939,237.3141999960353,8000,440.0,1,464.0,1,0.5808900127158894,10
compound,moead-cl,40,0,150.0,180.0,220.0,thermal,6,0.7,270.0,637.0,135.92592592592592,0,53,53,100.0,3,558.022000001074,3866.723399998591,28000,440.0,1,None,1,0.566551753443642,10
compound,EHCO,41,0,150.0,180.0,220.0,thermal,6,0.7,397.0,1137.0,186.39798488664988,0,53,53,100.0,2,125.48750000132713,237.28050000136136,8000,449.0,1,None,1,0.5584810408922646,10
compound,A*-GA,41,0,150.0,180.0,220.0,thermal,6,0.7,291.0,1567.0,438.4879725085911,0,53,53,100.0,0,,0.0,0,460.0,2,None,1,0.5582532322967314,10
compound,noFLC,41,0,150.0,180.0,220.0,thermal,6,0.7,397.0,671.0,69.0176322418136,0,53,53,100.0,3,125.25129999994533,650.3315000009025,28000,450.0,3,537.0,1,0.5898240365584679,10
compound,moead-cl,41,0,150.0,180.0,220.0,thermal,6,0.7,397.0,572.0,44.08060453400503,0,53,53,100.0,2,548.7580000008165,1094.3432000021858,8000,446.0,7,530.0,1,0.5981961002139794,10
compound,EHCO,42,0,150.0,180.0,220.0,thermal,6,0.7,371.0,663.0,78.70619946091644,0,53,53,100.0,3,127.68990000040503,691.3764000019,28000,441.0,4,554.0,1,0.5919011129087868,10
compound,A*-GA,42,0,150.0,180.0,220.0,thermal,6,0.7,302.0,1200.0,297.3509933774834,0,53,53,100.0,0,,0.0,0,455.0,7,None,1,0.5582915779176431,10
compound,noFLC,42,0,150.0,180.0,220.0,thermal,6,0.7,371.0,693.0,86.79245283018868,0,53,53,100.0,2,124.09479999769246,233.28039999614703,8000,441.0,4,554.0,1,0.5919011129087868,10
compound,moead-cl,42,0,150.0,180.0,220.0,thermal,6,0.7,371.0,636.0,71.42857142857143,0,53,53,100.0,3,548.5120000012103,3849.6110000050976,28000,441.0,4,554.0,1,0.5919011129087868,10
compound,EHCO,43,0,150.0,180.0,220.0,thermal,6,0.7,291.0,455.0,56.3573883161512,0,53,53,100.0,2,123.0305999997654,235.76710000270396,8000,474.0,6,None,1,0.5998975022755716,10
compound,A*-GA,43,0,150.0,180.0,220.0,thermal,6,0.7,280.0,765.0,173.21428571428572,0,53,53,100.0,0,,0.0,0,449.0,7,None,1,0.56138972765705,10
compound,noFLC,43,0,150.0,180.0,220.0,thermal,6,0.7,291.0,637.0,118.90034364261169,0,53,53,100.0,3,118.5457999999926,649.0296999982093,28000,474.0,6,None,1,0.5720553584507729,10
compound,moead-cl,43,0,150.0,180.0,220.0,thermal,6,0.7,291.0,965.0,231.61512027491412,0,53,53,100.0,2,549.9482999985048,1096.127199998591,8000,474.0,6,None,1,0.5592890084540415,10
compound,EHCO,44,0,150.0,180.0,220.0,thermal,6,0.7,305.0,1364.0,347.21311475409834,0,53,53,100.0,3,141.54839999901014,733.8148999988334,28000,462.0,9,None,1,0.5582657797870144,10
compound,A*-GA,44,0,150.0,180.0,220.0,thermal,6,0.7,308.0,2332.0,657.1428571428571,1,51,53,96.22641509433963,0,,0.0,0,435.0,7,None,1,0.5577987347850869,10
compound,noFLC,44,0,150.0,180.0,220.0,thermal,6,0.7,305.0,1634.0,435.73770491803276,0,53,53,100.0,2,135.06510000297567,255.25130000096397,8000,462.0,9,None,1,0.5582748513143313,10
compound,moead-cl,44,0,150.0,180.0,220.0,thermal,6,0.7,305.0,1036.0,239.67213114754097,0,53,53,100.0,3,550.8152000002156,3851.42850000193,28000,462.0,9,None,1,0.5587087880144386,10
compound,EHCO,45,0,150.0,180.0,220.0,thermal,6,0.7,342.0,1104.0,222.80701754385964,0,53,53,100.0,2,122.30990000171005,241.2854000031075,8000,450.0,1,None,1,0.5585499886956126,10
compound,A*-GA,45,0,150.0,180.0,220.0,thermal,6,0.7,304.0,840.0,176.3157894736842,0,53,53,100.0,0,,0.0,0,459.0,4,None,1,0.5600800326006709,10
compound,noFLC,45,0,150.0,180.0,220.0,thermal,6,0.7,342.0,1084.0,216.95906432748538,0,53,53,100.0,3,120.91990000044461,515.7188000011956,28000,450.0,1,None,1,0.5584845211736466,10
compound,moead-cl,45,0,150.0,180.0,220.0,thermal,6,0.7,342.0,961.0,180.99415204678363,0,53,53,100.0,2,546.4127999985067,1104.1373999978532,8000,450.0,1,None,1,0.559000551688722,10
compound,EHCO,46,0,150.0,180.0,220.0,thermal,6,0.7,300.0,670.0,123.33333333333334,0,53,53,100.0,3,125.85519999993267,723.1225000032282,28000,437.0,4,639.0,1,0.5750793924307026,10
compound,A*-GA,46,0,150.0,180.0,220.0,thermal,6,0.7,297.0,825.0,177.77777777777777,0,53,53,100.0,0,,0.0,0,456.0,3,None,1,0.5602079273595841,10
compound,noFLC,46,0,150.0,180.0,220.0,thermal,6,0.7,300.0,860.0,186.66666666666666,0,53,53,100.0,3,120.5325000009907,633.7746000026527,28000,457.0,1,None,1,0.5596413028995749,10
compound,moead-cl,46,0,150.0,180.0,220.0,thermal,6,0.7,300.0,650.0,116.66666666666667,0,53,53,100.0,3,549.6406000020215,3882.1997999984887,28000,437.0,4,587.0,1,0.585489020561992,10
compound,EHCO,47,0,150.0,180.0,220.0,thermal,6,0.7,312.0,988.0,216.66666666666666,0,53,53,100.0,3,127.32859999960056,680.8854999981122,28000,443.0,4,976.0,1,0.5614723303704388,10
compound,A*-GA,47,0,150.0,180.0,220.0,thermal,6,0.7,313.0,1744.0,457.188498402556,0,53,53,100.0,0,,0.0,0,447.0,9,None,1,0.5581404253241875,10
compound,noFLC,47,0,150.0,180.0,220.0,thermal,6,0.7,312.0,662.0,112.17948717948718,0,53,53,100.0,3,125.13810000018566,685.8152000022528,28000,443.0,4,None,1,0.5666536999567966,10
compound,moead-cl,47,0,150.0,180.0,220.0,thermal,6,0.7,312.0,1107.0,254.8076923076923,0,53,53,100.0,3,562.2335000007297,3861.9202000008954,28000,443.0,4,None,1,0.5585301909437712,10
compound,EHCO,48,0,150.0,180.0,220.0,thermal,6,0.7,315.0,620.0,96.82539682539682,0,53,53,100.0,3,131.96979999702307,536.1678999979631,28000,441.0,1,None,1,0.574020752675195,10
compound,A*-GA,48,0,150.0,180.0,220.0,thermal,6,0.7,308.0,1217.0,295.12987012987014,0,53,53,100.0,0,,0.0,0,452.0,9,None,1,0.5583307319462488,10
compound,noFLC,48,0,150.0,180.0,220.0,thermal,6,0.7,315.0,638.0,102.53968253968253,0,53,53,100.0,3,123.66339999789489,649.1249999962747,28000,441.0,1,631.0,1,0.574020752675195,10
compound,moead-cl,48,0,150.0,180.0,220.0,thermal,6,0.7,315.0,629.0,99.68253968253968,0,53,53,100.0,3,549.0700000009383,3835.9041000003344,28000,441.0,1,None,1,0.574020752675195,10
compound,EHCO,49,0,150.0,180.0,220.0,thermal,6,0.7,310.0,607.0,95.80645161290322,0,53,53,100.0,3,122.835699999996,524.6254999983648,28000,458.0,1,None,1,0.5879949302501316,10
compound,A*-GA,49,0,150.0,180.0,220.0,thermal,6,0.7,302.0,1342.0,344.3708609271523,0,53,53,100.0,0,,0.0,0,451.0,5,None,1,0.5582251360536435,10
compound,noFLC,49,0,150.0,180.0,220.0,thermal,6,0.7,310.0,579.0,86.7741935483871,0,53,53,100.0,3,118.34610000005341,528.554600001371,28000,458.0,1,None,1,0.5879949302501316,10
compound,moead-cl,49,0,150.0,180.0,220.0,thermal,6,0.7,310.0,587.0,89.35483870967742,0,53,53,100.0,3,559.3547999997099,3853.149400001712,28000,458.0,1,None,1,0.5879949302501316,10
compound,EHCO,50,0,150.0,180.0,220.0,thermal,6,0.7,348.0,1006.0,189.08045977011494,0,53,53,100.0,2,135.8749999999418,265.51459999973304,8000,440.0,5,None,1,0.5587086929886519,10
compound,A*-GA,50,0,150.0,180.0,220.0,thermal,6,0.7,299.0,1256.0,320.066889632107,0,53,53,100.0,0,,0.0,0,447.0,9,None,1,0.5583037397655265,10
compound,noFLC,50,0,150.0,180.0,220.0,thermal,6,0.7,348.0,1276.0,266.66666666666663,0,53,53,100.0,3,128.5439999992377,524.3534999972326,28000,440.0,5,None,1,0.5583410549630409,10
compound,moead-cl,50,0,150.0,180.0,220.0,thermal,6,0.7,348.0,650.0,86.7816091954023,0,53,53,100.0,3,543.6397000012221,3905.0460000071325,28000,440.0,5,None,1,0.568189628043076,10
compound,EHCO,51,0,150.0,180.0,220.0,thermal,6,0.7,282.0,531.0,88.29787234042553,0,53,53,100.0,2,123.62919999941369,238.73549999916577,8000,434.0,0,None,1,0.5771681221433113,10
compound,A*-GA,51,0,150.0,180.0,220.0,thermal,6,0.7,293.0,1460.0,398.2935153583618,0,53,53,100.0,0,,0.0,0,445.0,4,None,1,0.5582713473765224,10
compound,noFLC,51,0,150.0,180.0,220.0,thermal,6,0.7,282.0,637.0,125.88652482269505,0,53,53,100.0,3,118.86159999994561,504.0539000001445,28000,434.0,0,599.0,1,0.5768593802538288,10
compound,moead-cl,51,0,150.0,180.0,220.0,thermal,6,0.7,282.0,531.0,88.29787234042553,0,53,53,100.0,2,555.2101000030234,1113.9651000048616,8000,434.0,0,None,1,0.5771681221433113,10
compound,EHCO,52,0,150.0,180.0,220.0,thermal,6,0.7,324.0,727.0,124.38271604938271,0,53,53,100.0,3,125.67510000008042,686.4294000006339,28000,445.0,3,629.0,1,0.5982316285047621,10
compound,A*-GA,52,0,150.0,180.0,220.0,thermal,6,0.7,301.0,1518.0,404.3189368770764,0,53,53,100.0,0,,0.0,0,448.0,2,None,1,0.5582298356791968,10
compound,noFLC,52,0,150.0,180.0,220.0,thermal,6,0.7,324.0,613.0,89.19753086419753,0,53,53,100.0,2,119.20570000074804,230.86490000059712,8000,445.0,3,None,1,0.5982316285047621,10
compound,moead-cl,52,0,150.0,180.0,220.0,thermal,6,0.7,324.0,839.0,158.9506172839506,0,53,53,100.0,3,557.5229999994917,3902.725799998734,28000,445.0,3,None,1,0.5599932730987437,10
compound,EHCO,53,0,150.0,180.0,220.0,thermal,6,0.7,396.0,619.0,56.313131313131315,0,53,53,100.0,3,122.72099999972852,660.540700002457,28000,437.0,8,None,1,0.5981015984414387,10
compound,A*-GA,53,0,150.0,180.0,220.0,thermal,6,0.7,290.0,996.0,243.44827586206898,0,53,53,100.0,0,,0.0,0,457.0,5,None,1,0.5587977353353893,10
compound,noFLC,53,0,150.0,180.0,220.0,thermal,6,0.7,396.0,565.0,42.676767676767675,0,53,53,100.0,2,120.05850000059581,235.4211000019859,8000,437.0,8,None,1,0.5981015984414387,10
compound,moead-cl,53,0,150.0,180.0,220.0,thermal,6,0.7,396.0,619.0,56.313131313131315,0,53,53,100.0,3,577.8599999975995,3895.8609999972396,28000,458.0,4,None,1,0.5708305153040865,10
compound,EHCO,54,0,150.0,180.0,220.0,thermal,6,0.7,352.0,1734.0,392.6136363636364,0,53,53,100.0,3,133.21490000089398,722.2560000009253,28000,444.0,6,None,1,0.5581951946146302,10
compound,A*-GA,54,0,150.0,180.0,220.0,thermal,6,0.7,323.0,1428.0,342.10526315789474,0,53,53,100.0,0,,0.0,0,450.0,5,None,1,0.5582167767039314,10
compound,noFLC,54,0,150.0,180.0,220.0,thermal,6,0.7,352.0,1135.0,222.44318181818184,0,53,53,100.0,3,124.566299997241,688.0529000009119,28000,444.0,6,None,1,0.5584078801103081,10
compound,moead-cl,54,0,150.0,180.0,220.0,thermal,6,0.7,352.0,832.0,136.36363636363635,0,53,53,100.0,3,548.7513000007311,3894.187600002624,28000,444.0,6,525.0,1,0.5731847420145076,10
compound,EHCO,55,0,150.0,180.0,220.0,thermal,6,0.7,359.0,557.0,55.15320334261838,0,53,53,100.0,3,124.22399999923073,529.7676999980467,28000,443.0,2,None,1,0.5981449394852046,10
compound,A*-GA,55,0,150.0,180.0,220.0,thermal,6,0.7,292.0,993.0,240.06849315068496,0,53,53,100.0,0,,0.0,0,429.0,0,None,1,0.5586530047426445,10
compound,noFLC,55,0,150.0,180.0,220.0,thermal,6,0.7,359.0,764.0,112.81337047353762,0,53,53,100.0,3,126.45770000017365,534.5427000029304,28000,429.0,3,None,1,0.5608892204662685,10
compound,moead-cl,55,0,150.0,180.0,220.0,thermal,6,0.7,359.0,552.0,53.760445682451255,0,53,53,100.0,3,566.6184000001522,3888.44170000084,28000,429.0,3,None,1,0.5735287451193152,10
compound,EHCO,56,0,150.0,180.0,220.0,thermal,6,0.7,342.0,454.0,32.748538011695906,0,53,53,100.0,2,132.11470000169356,254.24410000414355,8000,451.0,4,None,1,0.5990049056253226,10
compound,A*-GA,56,0,150.0,180.0,220.0,thermal,6,0.7,296.0,1317.0,344.9324324324324,0,53,53,100.0,0,,0.0,0,445.0,6,None,1,0.5583685225843159,10
compound,noFLC,56,0,150.0,180.0,220.0,thermal,6,0.7,342.0,733.0,114.32748538011697,0,53,53,100.0,2,129.40490000255522,249.78810000175145,8000,451.0,4,629.0,1,0.5981839108862855,10
compound,moead-cl,56,0,150.0,180.0,220.0,thermal,6,0.7,342.0,654.0,91.22807017543859,0,53,53,100.0,3,561.6122000028554,3870.39640000512,28000,428.0,2,653.0,1,0.5694506075622131,10
compound,EHCO,57,0,150.0,180.0,220.0,thermal,6,0.7,277.0,986.0,255.956678700361,0,53,53,100.0,2,119.29159999999683,232.60189999928116,8000,447.0,3,None,1,0.5588652878389686,10
compound,A*-GA,57,0,150.0,180.0,220.0,thermal,6,0.7,287.0,1519.0,429.26829268292687,0,53,53,100.0,0,,0.0,0,439.0,7,None,1,0.558287713666078,10
compound,noFLC,57,0,150.0,180.0,220.0,thermal,6,0.7,277.0,546.0,97.11191335740072,0,53,53,100.0,2,118.41469999853871,225.36859999672743,8000,443.0,9,None,1,0.5982260699594433,10
compound,moead-cl,57,0,150.0,180.0,220.0,thermal,6,0.7,277.0,607.0,119.13357400722022,0,53,53,100.0,2,559.851100002561,1103.5791000031168,8000,447.0,3,None,1,0.5981971492639897,10
compound,EHCO,58,0,150.0,180.0,220.0,thermal,6,0.7,307.0,1376.0,348.2084690553746,0,53,53,100.0,3,141.10430000073393,732.9100000024482,28000,444.0,9,None,1,0.5582960888753201,10
compound,A*-GA,58,0,150.0,180.0,220.0,thermal,6,0.7,318.0,1186.0,272.95597484276726,0,53,53,100.0,0,,0.0,0,456.0,5,None,1,0.5583668367561573,10
compound,noFLC,58,0,150.0,180.0,220.0,thermal,6,0.7,307.0,687.0,123.7785016286645,0,53,53,100.0,3,139.47560000087833,723.5822000002372,28000,444.0,9,590.0,1,0.5981452644552803,10
compound,moead-cl,58,0,150.0,180.0,220.0,thermal,6,0.7,307.0,727.0,136.80781758957653,0,53,53,100.0,3,558.3168999983172,3875.8173000023817,28000,450.0,2,None,1,0.5686992523917751,10
compound,EHCO,59,0,150.0,180.0,220.0,thermal,6,0.7,292.0,700.0,139.72602739726028,0,53,53,100.0,3,120.1894000005268,662.5876000034623,28000,443.0,0,599.0,1,0.5931446701047581,10
compound,A*-GA,59,0,150.0,180.0,220.0,thermal,6,0.7,298.0,1151.0,286.2416107382551,0,53,53,100.0,0,,0.0,0,461.0,9,None,1,0.5584482852224811,10
compound,noFLC,59,0,150.0,180.0,220.0,thermal,6,0.7,292.0,679.0,132.53424657534248,0,53,53,100.0,3,117.070699998294,651.9771999955992,28000,443.0,0,599.0,1,0.5931446701047581,10
compound,moead-cl,59,0,150.0,180.0,220.0,thermal,6,0.7,292.0,853.0,192.12328767123287,0,53,53,100.0,3,566.2523999999394,3896.6779000002134,28000,443.0,0,599.0,1,0.5896421877394408,10
compound,EHCO,60,0,150.0,180.0,220.0,thermal,6,0.7,353.0,622.0,76.20396600566572,0,53,53,100.0,3,137.15600000068662,564.4237999949837,28000,459.0,5,None,1,0.571842417226647,10
compound,A*-GA,60,0,150.0,180.0,220.0,thermal,6,0.7,297.0,1380.0,364.64646464646466,0,53,53,100.0,0,,0.0,0,449.0,5,None,1,0.5583114603156826,10
compound,noFLC,60,0,150.0,180.0,220.0,thermal,6,0.7,353.0,627.0,77.62039660056658,0,53,53,100.0,2,131.48309999814956,249.62959999902523,8000,459.0,5,None,1,0.5684561956103755,10
compound,moead-cl,60,0,150.0,180.0,220.0,thermal,6,0.7,353.0,616.0,74.5042492917847,0,53,53,100.0,2,552.404200003366,1099.8279000050388,8000,459.0,5,None,1,0.5731263853783687,10
compound,EHCO,31,1,145.26057330283172,190.33207060280972,247.36476891305452,thermal,4,0.5297749810856183,270.0,440.0,62.96296296296296,0,53,53,100.0,2,123.11349999799859,221.8235000000277,8000,459.0,4,None,1,0.5998273042528709,10
compound,A*-GA,31,1,145.26057330283172,190.33207060280972,247.36476891305452,thermal,4,0.5297749810856183,285.0,717.0,151.57894736842107,0,53,53,100.0,0,,0.0,0,455.0,9,None,1,0.5630528656345215,10
compound,noFLC,31,1,145.26057330283172,190.33207060280972,247.36476891305452,thermal,4,0.5297749810856183,270.0,411.0,52.22222222222223,0,53,53,100.0,2,118.44740000015008,215.09489999880316,8000,462.0,3,None,1,0.5999201144479542,10
compound,moead-cl,31,1,145.26057330283172,190.33207060280972,247.36476891305452,thermal,4,0.5297749810856183,270.0,536.0,98.51851851851852,0,53,53,100.0,2,568.6516000023403,1122.8675000020303,8000,451.0,8,None,1,0.5789409753992125,10
compound,EHCO,32,1,145.26057330283172,190.33207060280972,247.36476891305452,thermal,4,0.5297749810856183,292.0,504.0,72.6027397260274,0,53,53,100.0,2,135.0191999990784,246.0492999998678,8000,463.0,3,None,1,0.5879343259762638,10
compound,A*-GA,32,1,145.26057330283172,190.33207060280972,247.36476891305452,thermal,4,0.5297749810856183,301.0,2094.0,595.6810631229235,0,53,53,100.0,0,,0.0,0,448.0,1,None,1,0.5574876886850958,10
compound,noFLC,32,1,145.26057330283172,190.33207060280972,247.36476891305452,thermal,4,0.5297749810856183,292.0,580.0,98.63013698630137,0,53,53,100.0,2,122.24029999924824,229.15460000149324,8000,463.0,3,538.0,1,0.598333282952671,10
compound,moead-cl,32,1,145.26057330283172,190.33207060280972,247.36476891305452,thermal,4,0.5297749810856183,292.0,658.0,125.34246575342465,0,53,53,100.0,2,551.5525999981037,1090.7705999961763,8000,463.0,3,None,1,0.5665980839627908,10
compound,EHCO,33,1,145.26057330283172,190.33207060280972,247.36476891305452,thermal,4,0.5297749810856183,328.0,708.0,115.85365853658536,0,53,53,100.0,2,125.20459999723244,231.1344999980065,8000,454.0,1,None,1,0.5633273337953326,10
compound,A*-GA,33,1,145.26057330283172,190.33207060280972,247.36476891305452,thermal,4,0.5297749810856183,305.0,1071.0,251.14754098360655,0,53,53,100.0,0,,0.0,0,441.0,5,None,1,0.5583990665313342,10
compound,noFLC,33,1,145.26057330283172,190.33207060280972,247.36476891305452,thermal,4,0.5297749810856183,328.0,645.0,96.64634146341463,0,53,53,100.0,2,119.83829999735462,225.62589999870397,8000,444.0,7,None,1,0.566241821717456,10
compound,moead-cl,33,1,145.26057330283172,190.33207060280972,247.36476891305452,thermal,4,0.5297749810856183,328.0,595.0,81.40243902439023,0,53,53,100.0,2,565.7565999972576,1119.6875999958138,8000,459.0,0,None,1,0.5718279466875837,10
compound,EHCO,34,1,145.26057330283172,190.33207060280972,247.36476891305452,thermal,4,0.5297749810856183,307.0,518.0,68.72964169381108,0,53,53,100.0,2,133.94110000081128,244.30500000016764,8000,445.0,6,None,1,0.598268921520748,10
compound,A*-GA,34,1,145.26057330283172,190.33207060280972,247.36476891305452,thermal,4,0.5297749810856183,320.0,937.0,192.8125,0,53,53,100.0,0,,0.0,0,452.0,1,None,1,0.5589484710470689,10
compound,noFLC,34,1,145.26057330283172,190.33207060280972,247.36476891305452,thermal,4,0.5297749810856183,307.0,546.0,77.85016286644951,0,53,53,100.0,2,129.283199999918,235.01820000092266,8000,445.0,6,None,1,0.598268921520748,10
compound,moead-cl,34,1,145.26057330283172,190.33207060280972,247.36476891305452,thermal,4,0.5297749810856183,307.0,575.0,87.29641693811075,0,53,53,100.0,3,558.9353999966988,3879.500499999267,28000,436.0,7,526.0,1,0.5982410467461049,10
compound,EHCO,35,1,145.26057330283172,190.33207060280972,247.36476891305452,thermal,4,0.5297749810856183,351.0,519.0,47.863247863247864,0,53,53,100.0,2,121.47929999991902,227.29679999974906,8000,446.0,7,None,1,0.5836779933494858,10
compound,A*-GA,35,1,145.26057330283172,190.33207060280972,247.36476891305452,thermal,4,0.5297749810856183,299.0,792.0,164.88294314381272,0,53,53,100.0,0,,0.0,0,437.0,5,None,1,0.5604471050777237,10
compound,noFLC,35,1,145.26057330283172,190.33207060280972,247.36476891305452,thermal,4,0.5297749810856183,351.0,525.0,49.572649572649574,0,53,53,100.0,2,120.4431999976805,232.55199999766774,8000,437.0,6,464.0,1,0.598175676546211,10
compound,moead-cl,35,1,145.26057330283172,190.33207060280972,247.36476891305452,thermal,4,0.5297749810856183,351.0,481.0,37.03703703703704,0,53,53,100.0,2,558.0282000009902,1115.6628999997338,8000,438.0,6,None,1,0.5980626978355987,10
compound,EHCO,36,1,145.26057330283172,190.33207060280972,247.36476891305452,thermal,4,0.5297749810856183,366.0,573.0,56.557377049180324,0,53,53,100.0,2,137.0296999994025,248.14259999766364,8000,462.0,6,None,1,0.5749701664320958,10
compound,A*-GA,36,1,145.26057330283172,190.33207060280972,247.36476891305452,thermal,4,0.5297749810856183,313.0,780.0,149.20127795527156,0,53,53,100.0,0,,0.0,0,472.0,4,None,1,0.5614465572695408,10
compound,noFLC,36,1,145.26057330283172,190.33207060280972,247.36476891305452,thermal,4,0.5297749810856183,366.0,518.0,41.53005464480874,0,53,53,100.0,2,134.9437000026228,242.33400000230176,8000,462.0,6,None,1,0.598227203329279,10
compound,moead-cl,36,1,145.26057330283172,190.33207060280972,247.36476891305452,thermal,4,0.5297749810856183,366.0,573.0,56.557377049180324,0,53,53,100.0,2,560.8475000008184,1096.8128999993496,8000,462.0,6,None,1,0.5749701664320958,10
compound,EHCO,37,1,145.26057330283172,190.33207060280972,247.36476891305452,thermal,4,0.5297749810856183,339.0,716.0,111.20943952802361,0,53,53,100.0,2,128.70599999951082,243.31299999903422,8000,451.0,5,None,1,0.5629692293548583,10
compound,A*-GA,37,1,145.26057330283172,190.33207060280972,247.36476891305452,thermal,4,0.5297749810856183,291.0,712.0,144.67353951890033,0,53,53,100.0,0,,0.0,0,446.0,8,None,1,0.5628658265386768,10
compound,noFLC,37,1,145.26057330283172,190.33207060280972,247.36476891305452,thermal,4,0.5297749810856183,339.0,549.0,61.94690265486725,0,53,53,100.0,3,127.93070000043372,500.9791000011319,28000,439.0,7,494.0,1,0.5982485155839797,10
compound,moead-cl,37,1,145.26057330283172,190.33207060280972,247.36476891305452,thermal,4,0.5297749810856183,339.0,435.0,28.31858407079646,0,53,53,100.0,2,565.5434000000241,1126.5287999995053,8000,463.0,1,None,1,0.5998196938232843,10
compound,EHCO,38,1,145.26057330283172,190.33207060280972,247.36476891305452,thermal,4,0.5297749810856183,322.0,832.0,158.38509316770185,0,53,53,100.0,2,137.85339999958524,255.5781000010029,8000,453.0,1,None,1,0.5599540037192005,10
compound,A*-GA,38,1,145.26057330283172,190.33207060280972,247.36476891305452,thermal,4,0.5297749810856183,334.0,1407.0,321.25748502994014,0,53,53,100.0,0,,0.0,0,468.0,8,None,1,0.5580967821392889,10
compound,noFLC,38,1,145.26057330283172,190.33207060280972,247.36476891305452,thermal,4,0.5297749810856183,322.0,1221.0,279.19254658385097,0,53,53,100.0,2,133.44239999787533,248.16399999690475,8000,453.0,1,None,1,0.5580658479819921,10
compound,moead-cl,38,1,145.26057330283172,190.33207060280972,247.36476891305452,thermal,4,0.5297749810856183,322.0,708.0,119.87577639751552,0,53,53,100.0,3,558.2978000020375,3905.3867000002356,28000,461.0,9,None,1,0.5634982292962042,10
compound,EHCO,39,1,145.26057330283172,190.33207060280972,247.36476891305452,thermal,4,0.5297749810856183,314.0,448.0,42.675159235668794,0,53,53,100.0,2,132.78060000084224,238.3345999987796,8000,447.0,2,None,1,0.5996306716786397,10
compound,A*-GA,39,1,145.26057330283172,190.33207060280972,247.36476891305452,thermal,4,0.5297749810856183,316.0,737.0,133.22784810126583,0,53,53,100.0,0,,0.0,0,451.0,1,None,1,0.5620742946433048,10
compound,noFLC,39,1,145.26057330283172,190.33207060280972,247.36476891305452,thermal,4,0.5297749810856183,314.0,448.0,42.675159235668794,0,53,53,100.0,2,130.6576999995741,237.59959999733837,8000,447.0,2,None,1,0.5996306716786397,10
compound,moead-cl,39,1,145.26057330283172,190.33207060280972,247.36476891305452,thermal,4,0.5297749810856183,314.0,497.0,58.28025477707006,0,53,53,100.0,3,557.3302999982843,3954.7058999960427,28000,456.0,6,None,1,0.5878866731335166,10
compound,EHCO,40,1,145.26057330283172,190.33207060280972,247.36476891305452,thermal,4,0.5297749810856183,270.0,441.0,63.33333333333333,0,53,53,100.0,2,125.1458000006096,232.07490000277176,8000,454.0,4,None,1,0.5997812468995454,10
compound,A*-GA,40,1,145.26057330283172,190.33207060280972,247.36476891305452,thermal,4,0.5297749810856183,304.0,773.0,154.2763157894737,0,53,53,100.0,0,,0.0,0,465.0,0,None,1,0.5614842340248452,10
compound,noFLC,40,1,145.26057330283172,190.33207060280972,247.36476891305452,thermal,4,0.5297749810856183,270.0,447.0,65.55555555555556,0,53,53,100.0,2,131.95669999913662,234.79539999971166,8000,454.0,4,None,1,0.5997812468995454,10
compound,moead-cl,40,1,145.26057330283172,190.33207060280972,247.36476891305452,thermal,4,0.5297749810856183,270.0,420.0,55.55555555555556,0,53,53,100.0,2,573.9442999984021,1124.5085999980802,8000,454.0,4,None,1,0.5997812468995454,10
compound,EHCO,41,1,145.26057330283172,190.33207060280972,247.36476891305452,thermal,4,0.5297749810856183,397.0,443.0,11.586901763224182,0,53,53,100.0,2,127.97190000128467,230.8052000007592,8000,439.0,2,None,1,0.5987045661617845,10
compound,A*-GA,41,1,145.26057330283172,190.33207060280972,247.36476891305452,thermal,4,0.5297749810856183,291.0,781.0,168.3848797250859,0,53,53,100.0,0,,0.0,0,464.0,5,None,1,0.5612832041400169,10
compound,noFLC,41,1,145.26057330283172,190.33207060280972,247.36476891305452,thermal,4,0.5297749810856183,397.0,564.0,42.0654911838791,0,53,53,100.0,2,125.24409999969066,230.66889999972773,8000,464.0,1,None,1,0.5774966465165001,10
compound,moead-cl,41,1,145.26057330283172,190.33207060280972,247.36476891305452,thermal,4,0.5297749810856183,397.0,443.0,11.586901763224182,0,53,53,100.0,2,554.9879999998666,1098.3508999997866,8000,439.0,2,None,1,0.5987045661617845,10
compound,EHCO,42,1,145.26057330283172,190.33207060280972,247.36476891305452,thermal,4,0.5297749810856183,371.0,444.0,19.67654986522911,0,53,53,100.0,2,134.5281999965664,252.48569999894244,8000,445.0,0,None,1,0.5998744488843623,10
compound,A*-GA,42,1,145.26057330283172,190.33207060280972,247.36476891305452,thermal,4,0.5297749810856183,302.0,2996.0,892.0529801324503,0,53,53,100.0,0,,0.0,0,458.0,7,None,1,0.5571725432268059,10
compound,noFLC,42,1,145.26057330283172,190.33207060280972,247.36476891305452,thermal,4,0.5297749810856183,371.0,862.0,132.34501347708897,0,53,53,100.0,2,131.50949999908335,249.01829999726033,8000,445.0,0,None,1,0.5595010846724415,10
compound,moead-cl,42,1,145.26057330283172,190.33207060280972,247.36476891305452,thermal,4,0.5297749810856183,371.0,436.0,17.52021563342318,0,53,53,100.0,2,575.5480999978317,1123.2390999975905,8000,468.0,5,None,1,0.599681540729286,10
compound,EHCO,43,1,145.26057330283172,190.33207060280972,247.36476891305452,thermal,4,0.5297749810856183,291.0,403.0,38.48797250859107,0,53,53,100.0,2,125.50740000006044,231.77600000053644,8000,452.0,0,None,1,0.5998697837622533,10
compound,A*-GA,43,1,145.26057330283172,190.33207060280972,247.36476891305452,thermal,4,0.5297749810856183,280.0,1581.0,464.6428571428571,0,53,53,100.0,0,,0.0,0,452.0,7,None,1,0.5576702590130034,10
compound,noFLC,43,1,145.26057330283172,190.33207060280972,247.36476891305452,thermal,4,0.5297749810856183,291.0,444.0,52.57731958762887,0,53,53,100.0,2,118.4858999986318,221.82889999749023,8000,483.0,6,None,1,0.599720572370563,10
compound,moead-cl,43,1,145.26057330283172,190.33207060280972,247.36476891305452,thermal,4,0.5297749810856183,291.0,375.0,28.865979381443296,0,53,53,100.0,2,552.4695000021893,1122.3955000023125,8000,456.0,5,None,1,0.5999366403630809,10
compound,EHCO,44,1,145.26057330283172,190.33207060280972,247.36476891305452,thermal,4,0.5297749810856183,305.0,563.0,84.59016393442623,0,53,53,100.0,3,141.73440000013215,583.3186999952886,28000,463.0,9,547.0,1,0.5982926383069684,10
compound,A*-GA,44,1,145.26057330283172,190.33207060280972,247.36476891305452,thermal,4,0.5297749810856183,308.0,712.0,131.1688311688312,0,53,53,100.0,0,,0.0,0,452.0,7,None,1,0.5631449860650984,10
compound,noFLC,44,1,145.26057330283172,190.33207060280972,247.36476891305452,thermal,4,0.5297749810856183,305.0,479.0,57.049180327868854,0,53,53,100.0,2,141.36710000093444,248.58140000287676,8000,463.0,9,None,1,0.5982926383069684,10
compound,moead-cl,44,1,145.26057330283172,190.33207060280972,247.36476891305452,thermal,4,0.5297749810856183,305.0,451.0,47.868852459016395,0,53,53,100.0,2,553.7659999972675,1097.2006999945734,8000,463.0,9,None,1,0.5999404209879106,10
compound,EHCO,45,1,145.26057330283172,190.33207060280972,247.36476891305452,thermal,4,0.5297749810856183,342.0,758.0,121.63742690058479,0,53,53,100.0,2,124.64779999936582,229.1077999980189,8000,458.0,2,None,1,0.5617311051704638,10
compound,A*-GA,45,1,145.26057330283172,190.33207060280972,247.36476891305452,thermal,4,0.5297749810856183,304.0,952.0,213.15789473684214,0,53,53,100.0,0,,0.0,0,462.0,7,None,1,0.5588879279019252,10
compound,noFLC,45,1,145.26057330283172,190.33207060280972,247.36476891305452,thermal,4,0.5297749810856183,342.0,705.0,106.14035087719299,0,53,53,100.0,2,119.45170000035432,221.52199999982258,8000,457.0,2,None,1,0.5636043750794035,10
compound,moead-cl,45,1,145.26057330283172,190.33207060280972,247.36476891305452,thermal,4,0.5297749810856183,342.0,465.0,35.96491228070175,0,53,53,100.0,2,556.8603000028816,1118.1617000038386,8000,458.0,2,None,1,0.5982648343264841,10
compound,EHCO,46,1,145.26057330283172,190.33207060280972,247.36476891305452,thermal,4,0.5297749810856183,300.0,744.0,148.0,0,53,53,100.0,2,136.51390000086394,252.54080000013346,8000,459.0,7,None,1,0.5621494528615414,10
compound,A*-GA,46,1,145.26057330283172,190.33207060280972,247.36476891305452,thermal,4,0.5297749810856183,297.0,756.0,154.54545454545453,0,53,53,100.0,0,,0.0,0,459.0,3,None,1,0.561803568294488,10
compound,noFLC,46,1,145.26057330283172,190.33207060280972,247.36476891305452,thermal,4,0.5297749810856183,300.0,441.0,47.0,0,53,53,100.0,2,126.47370000195224,232.90150000320864,8000,453.0,5,None,1,0.5998187877918851,10
compound,moead-cl,46,1,145.26057330283172,190.33207060280972,247.36476891305452,thermal,4,0.5297749810856183,300.0,512.0,70.66666666666667,0,53,53,100.0,2,548.7528999983624,1094.3043999977817,8000,441.0,3,None,1,0.5983447994124159,10
compound,EHCO,47,1,145.26057330283172,190.33207060280972,247.36476891305452,thermal,4,0.5297749810856183,312.0,551.0,76.6025641025641,0,53,53,100.0,3,132.67520000226796,518.7939000024926,28000,464.0,0,None,1,0.5786496266117824,10
compound,A*-GA,47,1,145.26057330283172,190.33207060280972,247.36476891305452,thermal,4,0.5297749810856183,313.0,697.0,122.68370607028754,0,53,53,100.0,0,,0.0,0,462.0,8,None,1,0.5641054372312535,10
compound,noFLC,47,1,145.26057330283172,190.33207060280972,247.36476891305452,thermal,4,0.5297749810856183,312.0,589.0,88.78205128205127,0,53,53,100.0,3,125.25999999706983,532.2990999920876,28000,464.0,0,None,1,0.5782761209839411,10
compound,moead-cl,47,1,145.26057330283172,190.33207060280972,247.36476891305452,thermal,4,0.5297749810856183,312.0,480.0,53.84615384615385,0,53,53,100.0,2,581.5910999990592,1126.7148000006273,8000,464.0,0,None,1,0.5982270244580329,10
compound,EHCO,48,1,145.26057330283172,190.33207060280972,247.36476891305452,thermal,4,0.5297749810856183,315.0,457.0,45.07936507936508,0,53,53,100.0,2,126.49389999933192,229.9983999982942,8000,444.0,1,None,1,0.5981863419530539,10
compound,A*-GA,48,1,145.26057330283172,190.33207060280972,247.36476891305452,thermal,4,0.5297749810856183,308.0,610.0,98.05194805194806,0,53,53,100.0,0,,0.0,0,454.0,9,None,1,0.5697342373098042,10
compound,noFLC,48,1,145.26057330283172,190.33207060280972,247.36476891305452,thermal,4,0.5297749810856183,315.0,496.0,57.460317460317455,0,53,53,100.0,2,127.90880000102334,230.7345000008354,8000,444.0,1,None,1,0.5981863419530539,10
compound,moead-cl,48,1,145.26057330283172,190.33207060280972,247.36476891305452,thermal,4,0.5297749810856183,315.0,478.0,51.746031746031754,0,53,53,100.0,2,554.6957000005932,1104.1398999986995,8000,444.0,1,None,1,0.5981863419530539,10
compound,EHCO,49,1,145.26057330283172,190.33207060280972,247.36476891305452,thermal,4,0.5297749810856183,310.0,510.0,64.51612903225806,0,53,53,100.0,2,130.02240000059828,249.14390000049025,8000,447.0,3,None,1,0.5980980329813596,10
compound,A*-GA,49,1,145.26057330283172,190.33207060280972,247.36476891305452,thermal,4,0.5297749810856183,302.0,813.0,169.20529801324506,0,53,53,100.0,0,,0.0,0,453.0,5,None,1,0.5603055916506952,10
compound,noFLC,49,1,145.26057330283172,190.33207060280972,247.36476891305452,thermal,4,0.5297749810856183,310.0,582.0,87.74193548387098,0,53,53,100.0,2,131.39439999940805,241.96669999946607,8000,463.0,4,578.0,1,0.5983040594861933,10
compound,moead-cl,49,1,145.26057330283172,190.33207060280972,247.36476891305452,thermal,4,0.5297749810856183,310.0,475.0,53.2258064516129,0,53,53,100.0,2,593.6316000006627,1135.2092000015546,8000,450.0,0,None,1,0.5983492187821948,10
compound,EHCO,50,1,145.26057330283172,190.33207060280972,247.36476891305452,thermal,4,0.5297749810856183,348.0,526.0,51.14942528735632,0,53,53,100.0,3,125.7729000026302,512.6438000006601,28000,428.0,6,None,1,0.5981554089866452,10
compound,A*-GA,50,1,145.26057330283172,190.33207060280972,247.36476891305452,thermal,4,0.5297749810856183,299.0,787.0,163.21070234113714,0,53,53,100.0,0,,0.0,0,446.0,5,None,1,0.5606827273480518,10
compound,noFLC,50,1,145.26057330283172,190.33207060280972,247.36476891305452,thermal,4,0.5297749810856183,348.0,530.0,52.29885057471264,0,53,53,100.0,3,124.19090000184951,520.3256999993755,28000,428.0,6,None,1,0.5981554089866452,10
compound,moead-cl,50,1,145.26057330283172,190.33207060280972,247.36476891305452,thermal,4,0.5297749810856183,348.0,475.0,36.49425287356322,0,53,53,100.0,3,559.1679999997723,3892.6983999990625,28000,428.0,6,None,1,0.5981554089866452,10
compound,EHCO,51,1,145.26057330283172,190.33207060280972,247.36476891305452,thermal,4,0.5297749810856183,282.0,424.0,50.35460992907801,0,53,53,100.0,2,129.10530000226572,242.48100000113482,8000,462.0,4,None,1,0.5998543389136544,10
compound,A*-GA,51,1,145.26057330283172,190.33207060280972,247.36476891305452,thermal,4,0.5297749810856183,293.0,731.0,149.48805460750853,0,53,53,100.0,0,,0.0,0,448.0,4,None,1,0.5622392137319038,10
compound,noFLC,51,1,145.26057330283172,190.33207060280972,247.36476891305452,thermal,4,0.5297749810856183,282.0,480.0,70.2127659574468,0,53,53,100.0,2,130.15269999959855,234.01799999919604,8000,442.0,8,None,1,0.5981057530120423,10
compound,moead-cl,51,1,145.26057330283172,190.33207060280972,247.36476891305452,thermal,4,0.5297749810856183,282.0,427.0,51.41843971631206,0,53,53,100.0,2,569.7355000011157,1114.1596999987087,8000,438.0,0,None,1,0.5997419916017737,10
compound,EHCO,52,1,145.26057330283172,190.33207060280972,247.36476891305452,thermal,4,0.5297749810856183,324.0,572.0,76.5432098765432,0,53,53,100.0,2,120.87389999942388,226.26519999903394,8000,448.0,3,None,1,0.5983188364557629,10
compound,A*-GA,52,1,145.26057330283172,190.33207060280972,247.36476891305452,thermal,4,0.5297749810856183,301.0,796.0,164.45182724252493,0,53,53,100.0,0,,0.0,0,454.0,5,None,1,0.5606530425122712,10
compound,noFLC,52,1,145.26057330283172,190.33207060280972,247.36476891305452,thermal,4,0.5297749810856183,324.0,476.0,46.913580246913575,0,53,53,100.0,2,120.42330000258517,227.06200000175158,8000,448.0,3,None,1,0.5983188364557629,10
compound,moead-cl,52,1,145.26057330283172,190.33207060280972,247.36476891305452,thermal,4,0.5297749810856183,324.0,619.0,91.0493827160494,0,53,53,100.0,2,544.7284000001673,1087.4098999993294,8000,432.0,2,None,1,0.567248966798011,10
compound,EHCO,53,1,145.26057330283172,190.33207060280972,247.36476891305452,thermal,4,0.5297749810856183,396.0,471.0,18.939393939393938,0,53,53,100.0,2,139.2440000017814,256.61480000417214,8000,443.0,1,None,1,0.598196863785345,10
compound,A*-GA,53,1,145.26057330283172,190.33207060280972,247.36476891305452,thermal,4,0.5297749810856183,290.0,2444.0,742.7586206896552,0,53,53,100.0,0,,0.0,0,457.0,5,None,1,0.5575167969480666,10
compound,noFLC,53,1,145.26057330283172,190.33207060280972,247.36476891305452,thermal,4,0.5297749810856183,396.0,542.0,36.868686868686865,0,53,53,100.0,3,127.84999999712454,563.8150999948266,28000,442.0,1,None,1,0.5829781205408814,10
compound,moead-cl,53,1,145.26057330283172,190.33207060280972,247.36476891305452,thermal,4,0.5297749810856183,396.0,706.0,78.28282828282829,0,53,53,100.0,2,562.0643000002019,1111.8427999972482,8000,479.0,5,None,1,0.5645209122429522,10
compound,EHCO,54,1,145.26057330283172,190.33207060280972,247.36476891305452,thermal,4,0.5297749810856183,352.0,870.0,147.1590909090909,0,53,53,100.0,2,132.93339999654563,254.96779999593855,8000,452.0,7,None,1,0.559521925043842,10
compound,A*-GA,54,1,145.26057330283172,190.33207060280972,247.36476891305452,thermal,4,0.5297749810856183,323.0,1100.0,240.55727554179563,0,53,53,100.0,0,,0.0,0,466.0,8,None,1,0.5583107885015937,10
compound,noFLC,54,1,145.26057330283172,190.33207060280972,247.36476891305452,thermal,4,0.5297749810856183,352.0,793.0,125.28409090909092,0,53,53,100.0,3,130.59269999939715,522.0393999989028,28000,442.0,6,None,1,0.5605467396209451,10
compound,moead-cl,54,1,145.26057330283172,190.33207060280972,247.36476891305452,thermal,4,0.5297749810856183,352.0,558.0,58.52272727272727,0,53,53,100.0,2,579.9483999981021,1169.113499996456,8000,453.0,7,None,1,0.5982603519065139,10
compound,EHCO,55,1,145.26057330283172,190.33207060280972,247.36476891305452,thermal,4,0.5297749810856183,359.0,471.0,31.197771587743734,0,53,53,100.0,2,138.85379999919678,245.684399997117,8000,451.0,5,None,1,0.5980690959539758,10
compound,A*-GA,55,1,145.26057330283172,190.33207060280972,247.36476891305452,thermal,4,0.5297749810856183,292.0,751.0,157.1917808219178,0,53,53,100.0,0,,0.0,0,433.0,0,None,1,0.5612102267322322,10
compound,noFLC,55,1,145.26057330283172,190.33207060280972,247.36476891305452,thermal,4,0.5297749810856183,359.0,493.0,37.32590529247911,0,53,53,100.0,2,128.2656000003044,240.17190000085975,8000,451.0,5,None,1,0.5980690959539758,10
compound,moead-cl,55,1,145.26057330283172,190.33207060280972,247.36476891305452,thermal,4,0.5297749810856183,359.0,430.0,19.77715877437326,0,53,53,100.0,2,558.9753999993263,1100.5308999992849,8000,432.0,3,None,1,0.5999505004746833,10
compound,EHCO,56,1,145.26057330283172,190.33207060280972,247.36476891305452,thermal,4,0.5297749810856183,342.0,410.0,19.883040935672515,0,53,53,100.0,2,123.46769999930984,228.06279999713297,8000,458.0,4,None,1,0.5998686332804501,10
compound,A*-GA,56,1,145.26057330283172,190.33207060280972,247.36476891305452,thermal,4,0.5297749810856183,296.0,716.0,141.89189189189187,0,53,53,100.0,0,,0.0,0,457.0,3,None,1,0.563063673550488,10
compound,noFLC,56,1,145.26057330283172,190.33207060280972,247.36476891305452,thermal,4,0.5297749810856183,342.0,663.0,93.85964912280701,0,53,53,100.0,3,119.71819999962463,657.398799998191,28000,455.0,8,None,1,0.5656898739051058,10
compound,moead-cl,56,1,145.26057330283172,190.33207060280972,247.36476891305452,thermal,4,0.5297749810856183,342.0,436.0,27.485380116959064,0,53,53,100.0,2,565.5150000020512,1120.702700001857,8000,448.0,6,None,1,0.5997252224841336,10
compound,EHCO,57,1,145.26057330283172,190.33207060280972,247.36476891305452,thermal,4,0.5297749810856183,277.0,418.0,50.90252707581227,0,53,53,100.0,2,121.62089999765158,223.0435999990732,8000,457.0,7,None,1,0.5996846552543207,10
compound,A*-GA,57,1,145.26057330283172,190.33207060280972,247.36476891305452,thermal,4,0.5297749810856183,287.0,766.0,166.89895470383277,0,53,53,100.0,0,,0.0,0,460.0,4,None,1,0.5615900996832848,10
compound,noFLC,57,1,145.26057330283172,190.33207060280972,247.36476891305452,thermal,4,0.5297749810856183,277.0,418.0,50.90252707581227,0,53,53,100.0,2,118.27000000266708,217.13990000353078,8000,457.0,7,None,1,0.5996846552543207,10
compound,moead-cl,57,1,145.26057330283172,190.33207060280972,247.36476891305452,thermal,4,0.5297749810856183,277.0,418.0,50.90252707581227,0,53,53,100.0,2,546.416400000453,1090.703300000314,8000,457.0,7,None,1,0.5996846552543207,10
compound,EHCO,58,1,145.26057330283172,190.33207060280972,247.36476891305452,thermal,4,0.5297749810856183,307.0,551.0,79.47882736156352,0,53,53,100.0,2,137.6425999987987,258.62639999832027,8000,459.0,1,None,1,0.5983266637613934,10
compound,A*-GA,58,1,145.26057330283172,190.33207060280972,247.36476891305452,thermal,4,0.5297749810856183,318.0,765.0,140.56603773584905,0,53,53,100.0,0,,0.0,0,445.0,2,None,1,0.561154656440652,10
compound,noFLC,58,1,145.26057330283172,190.33207060280972,247.36476891305452,thermal,4,0.5297749810856183,307.0,551.0,79.47882736156352,0,53,53,100.0,2,145.5390000010084,263.4814999983064,8000,459.0,1,None,1,0.5983266637613934,10
compound,moead-cl,58,1,145.26057330283172,190.33207060280972,247.36476891305452,thermal,4,0.5297749810856183,307.0,574.0,86.97068403908796,0,53,53,100.0,3,593.1898999988334,3919.3425999983447,28000,470.0,3,None,1,0.5762560428449439,10
compound,EHCO,59,1,145.26057330283172,190.33207060280972,247.36476891305452,thermal,4,0.5297749810856183,292.0,466.0,59.589041095890416,0,53,53,100.0,2,129.42390000171144,244.0877000008186,8000,446.0,0,None,1,0.5981863342402094,10
compound,A*-GA,59,1,145.26057330283172,190.33207060280972,247.36476891305452,thermal,4,0.5297749810856183,298.0,814.0,173.15436241610738,0,53,53,100.0,0,,0.0,0,446.0,7,None,1,0.5602427486505834,10
compound,noFLC,59,1,145.26057330283172,190.33207060280972,247.36476891305452,thermal,4,0.5297749810856183,292.0,529.0,81.16438356164383,0,53,53,100.0,2,118.62610000025597,224.6856999990996,8000,446.0,0,None,1,0.5981863342402094,10
compound,moead-cl,59,1,145.26057330283172,190.33207060280972,247.36476891305452,thermal,4,0.5297749810856183,292.0,503.0,72.26027397260275,0,53,53,100.0,2,556.9464999971387,1099.093399996491,8000,446.0,0,None,1,0.5981863342402094,10
compound,EHCO,60,1,145.26057330283172,190.33207060280972,247.36476891305452,thermal,4,0.5297749810856183,353.0,790.0,123.79603399433428,0,53,53,100.0,3,130.34200000038254,652.7615000013611,28000,462.0,9,None,1,0.5608872729412282,10
compound,A*-GA,60,1,145.26057330283172,190.33207060280972,247.36476891305452,thermal,4,0.5297749810856183,297.0,550.0,85.18518518518519,0,53,53,100.0,0,,0.0,0,459.0,3,None,1,0.577819162440145,10
compound,noFLC,60,1,145.26057330283172,190.33207060280972,247.36476891305452,thermal,4,0.5297749810856183,353.0,537.0,52.124645892351275,0,53,53,100.0,2,134.26949999848148,247.65719999777502,8000,457.0,4,507.0,1,0.5980956736834344,10
compound,moead-cl,60,1,145.26057330283172,190.33207060280972,247.36476891305452,thermal,4,0.5297749810856183,353.0,443.0,25.495750708215297,0,53,53,100.0,2,568.3474999968894,1143.6646999936784,8000,460.0,5,None,1,0.5998750893046452,10
compound,EHCO,31,2,169.54583109393644,208.77067486885085,250.92645157168,vibration,3,0.7096103235264482,270.0,635.0,135.1851851851852,0,53,53,100.0,3,120.06509999991977,664.8015000027954,28000,264.0,3,None,1,0.3438720343307633,10
compound,A*-GA,31,2,169.54583109393644,208.77067486885085,250.92645157168,vibration,3,0.7096103235264482,285.0,2815.0,887.719298245614,0,53,53,100.0,0,,0.0,0,268.0,4,None,1,0.3325096182819955,10
compound,noFLC,31,2,169.54583109393644,208.77067486885085,250.92645157168,vibration,3,0.7096103235264482,270.0,635.0,135.1851851851852,0,53,53,100.0,3,110.0393000015174,649.4485000002896,28000,264.0,3,None,1,0.3438720343307633,10
compound,moead-cl,31,2,169.54583109393644,208.77067486885085,250.92645157168,vibration,3,0.7096103235264482,270.0,635.0,135.1851851851852,0,53,53,100.0,3,555.4137999970408,3911.64629999912,28000,264.0,3,None,1,0.3438720343307633,10
compound,EHCO,32,2,169.54583109393644,208.77067486885085,250.92645157168,vibration,3,0.7096103235264482,292.0,647.0,121.57534246575344,0,53,53,100.0,3,132.08769999982906,792.5006000004942,28000,261.0,3,358.0,1,0.35188525247963603,10
compound,A*-GA,32,2,169.54583109393644,208.77067486885085,250.92645157168,vibration,3,0.7096103235264482,301.0,896.0,197.67441860465115,0,53,53,100.0,0,,0.0,0,260.0,9,None,1,0.33434609766834766,10
compound,noFLC,32,2,169.54583109393644,208.77067486885085,250.92645157168,vibration,3,0.7096103235264482,292.0,572.0,95.8904109589041,0,53,53,100.0,3,124.83609999981127,728.931100002228,28000,258.0,5,None,1,0.3959510824969721,10
compound,moead-cl,32,2,169.54583109393644,208.77067486885085,250.92645157168,vibration,3,0.7096103235264482,292.0,572.0,95.8904109589041,0,53,53,100.0,3,550.5685000025551,3964.92560000479,28000,258.0,5,None,1,0.3959510824969721,10
compound,EHCO,33,2,169.54583109393644,208.77067486885085,250.92645157168,vibration,3,0.7096103235264482,328.0,649.0,97.86585365853658,0,53,53,100.0,3,115.9817000007024,706.4496999992116,28000,262.0,6,371.0,1,0.35515406075265327,10
compound,A*-GA,33,2,169.54583109393644,208.77067486885085,250.92645157168,vibration,3,0.7096103235264482,305.0,1311.0,329.8360655737705,0,53,53,100.0,0,,0.0,0,271.0,4,None,1,0.3332158672531966,10
compound,noFLC,33,2,169.54583109393644,208.77067486885085,250.92645157168,vibration,3,0.7096103235264482,328.0,826.0,151.82926829268294,0,53,53,100.0,3,112.22650000127032,684.2254999974102,28000,262.0,6,371.0,1,0.33819413080429206,10
compound,moead-cl,33,2,169.54583109393644,208.77067486885085,250.92645157168,vibration,3,0.7096103235264482,328.0,649.0,97.86585365853658,0,53,53,100.0,3,559.1647000001103,3935.4801000008592,28000,262.0,6,371.0,1,0.35515406075265327,10
compound,EHCO,34,2,169.54583109393644,208.77067486885085,250.92645157168,vibration,3,0.7096103235264482,307.0,681.0,121.8241042345277,0,53,53,100.0,3,130.8798999998544,759.5243000032497,28000,262.0,9,578.0,1,0.36384895014041735,10
compound,A*-GA,34,2,169.54583109393644,208.77067486885085,250.92645157168,vibration,3,0.7096103235264482,320.0,1608.0,402.50000000000006,0,53,53,100.0,0,,0.0,0,260.0,1,None,1,0.3332040159962811,10
compound,noFLC,34,2,169.54583109393644,208.77067486885085,250.92645157168,vibration,3,0.7096103235264482,307.0,687.0,123.7785016286645,0,53,53,100.0,3,129.26789999983157,713.7266999998246,28000,262.0,9,578.0,1,0.36384895014041735,10
compound,moead-cl,34,2,169.54583109393644,208.77067486885085,250.92645157168,vibration,3,0.7096103235264482,307.0,604.0,96.74267100977198,0,53,53,100.0,3,552.1514000029129,3915.8787000051234,28000,257.0,6,None,1,0.3701289598376396,10
compound,EHCO,35,2,169.54583109393644,208.77067486885085,250.92645157168,vibration,3,0.7096103235264482,351.0,911.0,159.54415954415956,0,53,53,100.0,3,112.0344999981171,677.7455999981612,28000,267.0,9,None,1,0.3342786896730396,10
compound,A*-GA,35,2,169.54583109393644,208.77067486885085,250.92645157168,vibration,3,0.7096103235264482,299.0,1325.0,343.1438127090301,0,53,53,100.0,0,,0.0,0,261.0,1,None,1,0.3332493894550739,10
compound,noFLC,35,2,169.54583109393644,208.77067486885085,250.92645157168,vibration,3,0.7096103235264482,351.0,557.0,58.68945868945868,0,53,53,100.0,3,120.8303999992495,719.9366999993799,28000,268.0,0,285.0,1,0.35957987391968144,10
compound,moead-cl,35,2,169.54583109393644,208.77067486885085,250.92645157168,vibration,3,0.7096103235264482,351.0,557.0,58.68945868945868,0,53,53,100.0,3,560.7956000021659,3884.822500003793,28000,268.0,0,285.0,1,0.35957987391968144,10
compound,EHCO,36,2,169.54583109393644,208.77067486885085,250.92645157168,vibration,3,0.7096103235264482,366.0,683.0,86.6120218579235,0,53,53,100.0,3,127.28330000027199,749.7337000022526,28000,261.0,2,596.0,1,0.35619913728595426,10
compound,A*-GA,36,2,169.54583109393644,208.77067486885085,250.92645157168,vibration,3,0.7096103235264482,313.0,972.0,210.54313099041534,0,53,53,100.0,0,,0.0,0,273.0,5,None,1,0.333887009163096,10
compound,noFLC,36,2,169.54583109393644,208.77067486885085,250.92645157168,vibration,3,0.7096103235264482,366.0,630.0,72.1311475409836,0,53,53,100.0,3,119.97899999914807,718.2145999977365,28000,261.0,2,596.0,1,0.35619913728595426,10
compound,moead-cl,36,2,169.54583109393644,208.77067486885085,250.92645157168,vibration,3,0.7096103235264482,366.0,628.0,71.58469945355192,0,53,53,100.0,3,550.0595999983489,3962.022799994884,28000,261.0,2,596.0,1,0.35619913728595426,10
compound,EHCO,37,2,169.54583109393644,208.77067486885085,250.92645157168,vibration,3,0.7096103235264482,339.0,487.0,43.657817109144545,0,53,53,100.0,3,116.84219999733614,727.383399997052,28000,262.0,2,None,1,0.3694221691312615,10
compound,A*-GA,37,2,169.54583109393644,208.77067486885085,250.92645157168,vibration,3,0.7096103235264482,291.0,792.0,172.16494845360825,0,53,53,100.0,0,,0.0,0,270.0,3,None,1,0.33635843897030865,10
compound,noFLC,37,2,169.54583109393644,208.77067486885085,250.92645157168,vibration,3,0.7096103235264482,339.0,511.0,50.737463126843664,0,53,53,100.0,3,121.36639999880572,693.32029999714,28000,261.0,2,302.0,1,0.38078580254484523,10
compound,moead-cl,37,2,169.54583109393644,208.77067486885085,250.92645157168,vibration,3,0.7096103235264482,339.0,600.0,76.99115044247787,0,53,53,100.0,3,547.8078000014648,3887.88000000568,28000,268.0,3,301.0,1,0.3558550400819473,10
compound,EHCO,38,2,169.54583109393644,208.77067486885085,250.92645157168,vibration,3,0.7096103235264482,322.0,631.0,95.96273291925466,0,53,53,100.0,3,130.99870000223746,767.6057000026049,28000,260.0,7,428.0,1,0.36241404244658265,10
compound,A*-GA,38,2,169.54583109393644,208.77067486885085,250.92645157168,vibration,3,0.7096103235264482,334.0,1306.0,291.0179640718563,0,53,53,100.0,0,,0.0,0,261.0,3,None,1,0.3331303325524497,10
compound,noFLC,38,2,169.54583109393644,208.77067486885085,250.92645157168,vibration,3,0.7096103235264482,322.0,651.0,102.17391304347827,0,53,53,100.0,3,124.70009999742615,726.4799999975367,28000,260.0,1,417.0,1,0.3551603256169677,10
compound,moead-cl,38,2,169.54583109393644,208.77067486885085,250.92645157168,vibration,3,0.7096103235264482,322.0,655.0,103.41614906832297,0,53,53,100.0,3,581.029100001615,3988.7352000005194,28000,255.0,6,623.0,1,0.3842632169575847,10
compound,EHCO,39,2,169.54583109393644,208.77067486885085,250.92645157168,vibration,3,0.7096103235264482,314.0,577.0,83.7579617834395,0,53,53,100.0,3,139.10709999981918,736.255899999378,28000,263.0,3,403.0,1,0.3798129560878693,10
compound,A*-GA,39,2,169.54583109393644,208.77067486885085,250.92645157168,vibration,3,0.7096103235264482,316.0,1043.0,230.06329113924048,0,53,53,100.0,0,,0.0,0,268.0,3,None,1,0.33351230828141565,10
compound,noFLC,39,2,169.54583109393644,208.77067486885085,250.92645157168,vibration,3,0.7096103235264482,314.0,769.0,144.9044585987261,0,53,53,100.0,3,126.30120000176248,688.3051000004343,28000,265.0,4,316.0,1,0.3389246767004864,10
compound,moead-cl,39,2,169.54583109393644,208.77067486885085,250.92645157168,vibration,3,0.7096103235264482,314.0,742.0,136.30573248407643,0,53,53,100.0,3,551.4273000007961,3909.1339000005974,28000,261.0,6,618.0,1,0.3564734240217317,10
compound,EHCO,40,2,169.54583109393644,208.77067486885085,250.92645157168,vibration,3,0.7096103235264482,270.0,681.0,152.22222222222223,0,53,53,100.0,3,116.80530000012368,673.1852000011713,28000,264.0,7,594.0,1,0.40284575850364246,10
compound,A*-GA,40,2,169.54583109393644,208.77067486885085,250.92645157168,vibration,3,0.7096103235264482,304.0,1129.0,271.3815789473684,0,53,53,100.0,0,,0.0,0,258.0,0,None,1,0.3334053433209377,10
compound,noFLC,40,2,169.54583109393644,208.77067486885085,250.92645157168,vibration,3,0.7096103235264482,270.0,582.0,115.55555555555554,0,53,53,100.0,3,112.71080000005895,674.013299998478,28000,258.0,1,285.0,1,0.3546378469196614,10
compound,moead-cl,40,2,169.54583109393644,208.77067486885085,250.92645157168,vibration,3,0.7096103235264482,270.0,677.0,150.74074074074073,0,53,53,100.0,3,585.9203999971214,3940.900999998121,28000,266.0,8,None,1,0.34077982974990956,10
compound,EHCO,41,2,169.54583109393644,208.77067486885085,250.92645157168,vibration,3,0.7096103235264482,397.0,653.0,64.48362720403023,0,53,53,100.0,3,135.8819000015501,715.9981000004336,28000,259.0,8,None,1,0.3444751188226847,10
compound,A*-GA,41,2,169.54583109393644,208.77067486885085,250.92645157168,vibration,3,0.7096103235264482,291.0,820.0,181.786941580756,0,53,53,100.0,0,,0.0,0,272.0,6,None,1,0.3357308707577101,10
compound,noFLC,41,2,169.54583109393644,208.77067486885085,250.92645157168,vibration,3,0.7096103235264482,397.0,667.0,68.01007556675063,0,53,53,100.0,3,123.9531999999599,702.4459999993269,28000,261.0,9,416.0,1,0.3738324397659858,10
compound,moead-cl,41,2,169.54583109393644,208.77067486885085,250.92645157168,vibration,3,0.7096103235264482,397.0,554.0,39.54659949622166,0,53,53,100.0,3,544.9133999973128,3867.982199997641,28000,261.0,8,None,1,0.3767482174050602,10
compound,EHCO,42,2,169.54583109393644,208.77067486885085,250.92645157168,vibration,3,0.7096103235264482,371.0,666.0,79.51482479784366,0,53,53,100.0,3,116.00110000290442,684.8213999983273,28000,260.0,6,294.0,1,0.345212603749013,10
compound,A*-GA,42,2,169.54583109393644,208.77067486885085,250.92645157168,vibration,3,0.7096103235264482,302.0,1329.0,340.0662251655629,0,53,53,100.0,0,,0.0,0,264.0,3,None,1,0.33326026442934126,10
compound,noFLC,42,2,169.54583109393644,208.77067486885085,250.92645157168,vibration,3,0.7096103235264482,371.0,618.0,66.57681940700809,0,53,53,100.0,3,127.55800000013551,717.7639000001363,28000,260.0,6,294.0,1,0.3510444538759586,10
compound,moead-cl,42,2,169.54583109393644,208.77067486885085,250.92645157168,vibration,3,0.7096103235264482,371.0,636.0,71.42857142857143,0,53,53,100.0,3,557.9824000014924,3904.6182000020053,28000,265.0,2,None,1,0.36756872088429066,10
compound,EHCO,43,2,169.54583109393644,208.77067486885085,250.92645157168,vibration,3,0.7096103235264482,291.0,477.0,63.91752577319587,0,53,53,100.0,3,114.96919999990496,669.7925999978906,28000,255.0,0,346.0,1,0.39682165086154,10
compound,A*-GA,43,2,169.54583109393644,208.77067486885085,250.92645157168,vibration,3,0.7096103235264482,280.0,775.0,176.78571428571428,0,53,53,100.0,0,,0.0,0,268.0,4,None,1,0.33689134793226144,10
compound,noFLC,43,2,169.54583109393644,208.77067486885085,250.92645157168,vibration,3,0.7096103235264482,291.0,435.0,49.48453608247423,0,53,53,100.0,3,109.86110000158078,656.7352000020037,28000,260.0,5,None,1,0.3979256784269625,10
compound,moead-cl,43,2,169.54583109393644,208.77067486885085,250.92645157168,vibration,3,0.7096103235264482,291.0,399.0,37.11340206185567,0,53,53,100.0,3,548.4040000010282,3892.690600001515,28000,282.0,6,312.0,1,0.45922221270640967,10
compound,EHCO,44,2,169.54583109393644,208.77067486885085,250.92645157168,vibration,3,0.7096103235264482,305.0,634.0,107.86885245901638,0,53,53,100.0,3,118.88390000240179,703.5150000010617,28000,257.0,1,575.0,1,0.3642362698604722,10
compound,A*-GA,44,2,169.54583109393644,208.77067486885085,250.92645157168,vibration,3,0.7096103235264482,308.0,1015.0,229.54545454545453,0,53,53,100.0,0,,0.0,0,274.0,1,None,1,0.33366189239218846,10
compound,noFLC,44,2,169.54583109393644,208.77067486885085,250.92645157168,vibration,3,0.7096103235264482,305.0,833.0,173.11475409836066,0,53,53,100.0,3,120.78900000051362,703.1901000009384,28000,270.0,3,526.0,1,0.3455248399015249,10
compound,moead-cl,44,2,169.54583109393644,208.77067486885085,250.92645157168,vibration,3,0.7096103235264482,305.0,575.0,88.52459016393442,0,53,53,100.0,3,548.4670000005281,3868.866299999354,28000,270.0,3,526.0,1,0.3780703465028844,10
compound,EHCO,45,2,169.54583109393644,208.77067486885085,250.92645157168,vibration,3,0.7096103235264482,342.0,635.0,85.67251461988305,0,53,53,100.0,3,113.9731999974174,688.2908999978099,28000,263.0,2,None,1,0.34413265573821494,10
compound,A*-GA,45,2,169.54583109393644,208.77067486885085,250.92645157168,vibration,3,0.7096103235264482,304.0,828.0,172.36842105263156,0,53,53,100.0,0,,0.0,0,272.0,6,None,1,0.3356178552442093,10
compound,noFLC,45,2,169.54583109393644,208.77067486885085,250.92645157168,vibration,3,0.7096103235264482,342.0,627.0,83.33333333333334,0,53,53,100.0,3,107.14200000074925,671.8216999979632,28000,263.0,2,None,1,0.34422034955683567,10
compound,moead-cl,45,2,169.54583109393644,208.77067486885085,250.92645157168,vibration,3,0.7096103235264482,342.0,627.0,83.33333333333334,0,53,53,100.0,3,544.0586000004259,3850.834200002282,28000,263.0,2,None,1,0.34422034955683567,10
compound,EHCO,46,2,169.54583109393644,208.77067486885085,250.92645157168,vibration,3,0.7096103235264482,300.0,490.0,63.33333333333333,0,53,53,100.0,3,117.55790000097477,709.2808000015793,28000,260.0,4,None,1,0.39151381803453683,10
compound,A*-GA,46,2,169.54583109393644,208.77067486885085,250.92645157168,vibration,3,0.7096103235264482,297.0,866.0,191.5824915824916,0,53,53,100.0,0,,0.0,0,264.0,9,None,1,0.33506130742094975,10
compound,noFLC,46,2,169.54583109393644,208.77067486885085,250.92645157168,vibration,3,0.7096103235264482,300.0,490.0,63.33333333333333,0,53,53,100.0,3,118.92920000173035,694.3017999983567,28000,260.0,4,None,1,0.39151381803453683,10
compound,moead-cl,46,2,169.54583109393644,208.77067486885085,250.92645157168,vibration,3,0.7096103235264482,300.0,552.0,84.0,0,53,53,100.0,3,544.7942999999213,3856.7172000002756,28000,268.0,7,None,1,0.3628872729162934,10
compound,EHCO,47,2,169.54583109393644,208.77067486885085,250.92645157168,vibration,3,0.7096103235264482,312.0,763.0,144.55128205128204,0,53,53,100.0,3,117.62710000039078,735.5662000009033,28000,257.0,0,None,1,0.3540810344132235,10
compound,A*-GA,47,2,169.54583109393644,208.77067486885085,250.92645157168,vibration,3,0.7096103235264482,313.0,926.0,195.84664536741215,0,53,53,100.0,0,,0.0,0,260.0,9,None,1,0.3339647082498078,10
compound,noFLC,47,2,169.54583109393644,208.77067486885085,250.92645157168,vibration,3,0.7096103235264482,312.0,810.0,159.6153846153846,0,53,53,100.0,3,113.65219999788678,700.5566999978328,28000,257.0,0,766.0,1,0.3540810344132235,10
compound,moead-cl,47,2,169.54583109393644,208.77067486885085,250.92645157168,vibration,3,0.7096103235264482,312.0,637.0,104.16666666666667,0,53,53,100.0,3,552.0370999984152,3860.6870000003255,28000,257.0,0,None,1,0.3540810344132235,10
compound,EHCO,48,2,169.54583109393644,208.77067486885085,250.92645157168,vibration,3,0.7096103235264482,315.0,618.0,96.19047619047619,0,53,53,100.0,3,124.79769999845303,723.699400001351,28000,257.0,4,531.0,1,0.418315799963123,10
compound,A*-GA,48,2,169.54583109393644,208.77067486885085,250.92645157168,vibration,3,0.7096103235264482,308.0,911.0,195.7792207792208,0,53,53,100.0,0,,0.0,0,266.0,9,None,1,0.3343316031855866,10
compound,noFLC,48,2,169.54583109393644,208.77067486885085,250.92645157168,vibration,3,0.7096103235264482,315.0,576.0,82.85714285714286,0,53,53,100.0,3,127.51319999733823,696.9048999999359,28000,257.0,4,531.0,1,0.418315799963123,10
compound,moead-cl,48,2,169.54583109393644,208.77067486885085,250.92645157168,vibration,3,0.7096103235264482,315.0,553.0,75.55555555555556,0,53,53,100.0,3,548.07449999862,3856.2210999989475,28000,256.0,1,432.0,1,0.3904561971907452,10
compound,EHCO,49,2,169.54583109393644,208.77067486885085,250.92645157168,vibration,3,0.7096103235264482,310.0,519.0,67.41935483870968,0,53,53,100.0,3,114.14800000056857,672.7548000017123,28000,264.0,1,None,1,0.36804505389333286,10
compound,A*-GA,49,2,169.54583109393644,208.77067486885085,250.92645157168,vibration,3,0.7096103235264482,302.0,991.0,228.1456953642384,0,53,53,100.0,0,,0.0,0,267.0,0,None,1,0.33381846035176843,10
compound,noFLC,49,2,169.54583109393644,208.77067486885085,250.92645157168,vibration,3,0.7096103235264482,310.0,740.0,138.70967741935485,0,53,53,100.0,3,113.52940000142553,695.8522999993875,28000,265.0,4,658.0,1,0.363780593207365,10
compound,moead-cl,49,2,169.54583109393644,208.77067486885085,250.92645157168,vibration,3,0.7096103235264482,310.0,659.0,112.58064516129032,0,53,53,100.0,3,560.7643999974243,3910.182999999961,28000,264.0,1,None,1,0.36804505389333286,10
compound,EHCO,50,2,169.54583109393644,208.77067486885085,250.92645157168,vibration,3,0.7096103235264482,348.0,681.0,95.6896551724138,0,53,53,100.0,3,114.84370000107447,716.5795000037178,28000,259.0,2,None,1,0.3722284311624729,10
compound,A*-GA,50,2,169.54583109393644,208.77067486885085,250.92645157168,vibration,3,0.7096103235264482,299.0,1286.0,330.10033444816054,0,53,53,100.0,0,,0.0,0,258.0,5,None,1,0.33326162043106544,10
compound,noFLC,50,2,169.54583109393644,208.77067486885085,250.92645157168,vibration,3,0.7096103235264482,348.0,647.0,85.91954022988506,0,53,53,100.0,3,116.48950000017066,666.5609999981825,28000,268.0,7,406.0,1,0.36531018020117356,10
compound,moead-cl,50,2,169.54583109393644,208.77067486885085,250.92645157168,vibration,3,0.7096103235264482,348.0,568.0,63.2183908045977,0,53,53,100.0,3,547.131300001638,3862.814200001594,28000,280.0,4,None,1,0.36808981010432107,10
compound,EHCO,51,2,169.54583109393644,208.77067486885085,250.92645157168,vibration,3,0.7096103235264482,282.0,541.0,91.84397163120568,0,53,53,100.0,3,113.43570000099135,676.3123000018822,28000,254.0,0,463.0,1,0.39037433825738677,10
compound,A*-GA,51,2,169.54583109393644,208.77067486885085,250.92645157168,vibration,3,0.7096103235264482,293.0,577.0,96.9283276450512,0,53,53,100.0,0,,0.0,0,264.0,3,None,1,0.35033976004136047,10
compound,noFLC,51,2,169.54583109393644,208.77067486885085,250.92645157168,vibration,3,0.7096103235264482,282.0,590.0,109.21985815602837,0,53,53,100.0,3,113.23350000020582,692.7536999974109,28000,254.0,0,463.0,1,0.3843212674864182,10
compound,moead-cl,51,2,169.54583109393644,208.77067486885085,250.92645157168,vibration,3,0.7096103235264482,282.0,440.0,56.02836879432624,0,53,53,100.0,3,557.2987000014109,3855.947500003822,28000,254.0,0,None,1,0.39037433825738677,10
compound,EHCO,52,2,169.54583109393644,208.77067486885085,250.92645157168,vibration,3,0.7096103235264482,324.0,551.0,70.06172839506173,0,53,53,100.0,3,117.5705999994534,717.7597999943828,28000,262.0,4,389.0,1,0.4051453181841701,10
compound,A*-GA,52,2,169.54583109393644,208.77067486885085,250.92645157168,vibration,3,0.7096103235264482,301.0,691.0,129.56810631229237,0,53,53,100.0,0,,0.0,0,265.0,9,None,1,0.3398657919188722,10
compound,noFLC,52,2,169.54583109393644,208.77067486885085,250.92645157168,vibration,3,0.7096103235264482,324.0,638.0,96.91358024691358,0,53,53,100.0,3,105.10330000033719,648.2718000006571,28000,260.0,8,None,1,0.3429207744940047,10
compound,moead-cl,52,2,169.54583109393644,208.77067486885085,250.92645157168,vibration,3,0.7096103235264482,324.0,560.0,72.8395061728395,0,53,53,100.0,3,540.6471999995119,3872.314999996888,28000,262.0,4,389.0,1,0.40045586406655226,10
compound,EHCO,53,2,169.54583109393644,208.77067486885085,250.92645157168,vibration,3,0.7096103235264482,396.0,742.0,87.37373737373737,0,53,53,100.0,3,119.0204000013182,676.5440000017406,28000,277.0,7,474.0,1,0.34472314995193354,10
compound,A*-GA,53,2,169.54583109393644,208.77067486885085,250.92645157168,vibration,3,0.7096103235264482,290.0,1254.0,332.41379310344826,0,53,53,100.0,0,,0.0,0,259.0,4,None,1,0.3333046901459738,10
compound,noFLC,53,2,169.54583109393644,208.77067486885085,250.92645157168,vibration,3,0.7096103235264482,396.0,634.0,60.1010101010101,0,53,53,100.0,3,112.83289999846602,700.1033999949868,28000,277.0,7,474.0,1,0.3596735057733713,10
compound,moead-cl,53,2,169.54583109393644,208.77067486885085,250.92645157168,vibration,3,0.7096103235264482,396.0,573.0,44.696969696969695,0,53,53,100.0,3,564.0865000023041,3901.257400000759,28000,277.0,7,474.0,1,0.3734620381082334,10
compound,EHCO,54,2,169.54583109393644,208.77067486885085,250.92645157168,vibration,3,0.7096103235264482,352.0,661.0,87.7840909090909,0,53,53,100.0,3,118.3868000007351,751.0222000018985,28000,268.0,1,637.0,1,0.38361458938393667,10
compound,A*-GA,54,2,169.54583109393644,208.77067486885085,250.92645157168,vibration,3,0.7096103235264482,323.0,1782.0,451.70278637770895,0,53,53,100.0,0,,0.0,0,262.0,4,None,1,0.33314434852913877,10
compound,noFLC,54,2,169.54583109393644,208.77067486885085,250.92645157168,vibration,3,0.7096103235264482,352.0,809.0,129.82954545454547,0,53,53,100.0,3,114.77319999903557,711.5409999969415,28000,267.0,8,None,1,0.33575821891245233,10
compound,moead-cl,54,2,169.54583109393644,208.77067486885085,250.92645157168,vibration,3,0.7096103235264482,352.0,694.0,97.1590909090909,0,53,53,100.0,3,543.9557999998215,3894.5953999973426,28000,269.0,1,292.0,1,0.3425211722118244,10
compound,EHCO,55,2,169.54583109393644,208.77067486885085,250.92645157168,vibration,3,0.7096103235264482,359.0,575.0,60.16713091922006,0,53,53,100.0,3,122.82749999940279,733.7544999973034,28000,268.0,8,363.0,1,0.3732800767459241,10
compound,A*-GA,55,2,169.54583109393644,208.77067486885085,250.92645157168,vibration,3,0.7096103235264482,292.0,1458.0,399.3150684931507,0,53,53,100.0,0,,0.0,0,273.0,2,None,1,0.33326124297259196,10
compound,noFLC,55,2,169.54583109393644,208.77067486885085,250.92645157168,vibration,3,0.7096103235264482,359.0,500.0,39.27576601671309,0,53,53,100.0,3,126.270900000236,709.5190000036382,28000,268.0,8,363.0,1,0.40454582049646504,10
compound,moead-cl,55,2,169.54583109393644,208.77067486885085,250.92645157168,vibration,3,0.7096103235264482,359.0,411.0,14.484679665738161,0,53,53,100.0,3,547.8965000002063,3895.8044000028167,28000,268.0,8,363.0,1,0.4589216768624096,10
compound,EHCO,56,2,169.54583109393644,208.77067486885085,250.92645157168,vibration,3,0.7096103235264482,342.0,699.0,104.3859649122807,0,53,53,100.0,3,107.54330000054324,690.2564999982133,28000,262.0,3,491.0,1,0.36497420569141487,10
compound,A*-GA,56,2,169.54583109393644,208.77067486885085,250.92645157168,vibration,3,0.7096103235264482,296.0,1537.0,419.2567567567568,0,53,53,100.0,0,,0.0,0,276.0,9,None,1,0.3332091300734734,10
compound,noFLC,56,2,169.54583109393644,208.77067486885085,250.92645157168,vibration,3,0.7096103235264482,342.0,486.0,42.10526315789473,0,53,53,100.0,3,105.42020000139019,652.6162000009208,28000,265.0,8,320.0,1,0.3952902036942401,10
compound,moead-cl,56,2,169.54583109393644,208.77067486885085,250.92645157168,vibration,3,0.7096103235264482,342.0,530.0,54.97076023391813,0,53,53,100.0,3,546.896599997126,3893.728300001385,28000,262.0,3,491.0,1,0.3917667675240847,10
compound,EHCO,57,2,169.54583109393644,208.77067486885085,250.92645157168,vibration,3,0.7096103235264482,277.0,607.0,119.13357400722022,0,53,53,100.0,3,117.04100000133622,700.1173000026029,28000,261.0,9,548.0,1,0.37872868108527014,10
compound,A*-GA,57,2,169.54583109393644,208.77067486885085,250.92645157168,vibration,3,0.7096103235264482,287.0,740.0,157.8397212543554,0,53,53,100.0,0,,0.0,0,264.0,0,None,1,0.33773030542911014,10
compound,noFLC,57,2,169.54583109393644,208.77067486885085,250.92645157168,vibration,3,0.7096103235264482,277.0,497.0,79.42238267148014,0,53,53,100.0,3,123.24680000165245,671.2597000005189,28000,261.0,9,None,1,0.37872868108527014,10
compound,moead-cl,57,2,169.54583109393644,208.77067486885085,250.92645157168,vibration,3,0.7096103235264482,277.0,633.0,128.51985559566788,0,53,53,100.0,3,548.7523000010697,3892.0935000023746,28000,261.0,9,548.0,1,0.37872868108527014,10
compound,EHCO,58,2,169.54583109393644,208.77067486885085,250.92645157168,vibration,3,0.7096103235264482,307.0,641.0,108.79478827361564,0,53,53,100.0,3,134.85059999948135,761.9590999966022,28000,262.0,1,450.0,1,0.3853090157782861,10
compound,A*-GA,58,2,169.54583109393644,208.77067486885085,250.92645157168,vibration,3,0.7096103235264482,318.0,827.0,160.062893081761,0,53,53,100.0,0,,0.0,0,257.0,2,None,1,0.3350894452145981,10
compound,noFLC,58,2,169.54583109393644,208.77067486885085,250.92645157168,vibration,3,0.7096103235264482,307.0,721.0,134.85342019543972,0,53,53,100.0,3,128.25050000174087,723.9380999999412,28000,266.0,4,None,1,0.33874892498592035,10
compound,moead-cl,58,2,169.54583109393644,208.77067486885085,250.92645157168,vibration,3,0.7096103235264482,307.0,698.0,127.3615635179153,0,53,53,100.0,3,576.1970999992627,3954.4329999989714,28000,266.0,1,None,1,0.3399275241724678,10
compound,EHCO,59,2,169.54583109393644,208.77067486885085,250.92645157168,vibration,3,0.7096103235264482,292.0,544.0,86.3013698630137,0,53,53,100.0,3,118.96730000080424,675.7773000026646,28000,270.0,6,None,1,0.3655976894018553,10
compound,A*-GA,59,2,169.54583109393644,208.77067486885085,250.92645157168,vibration,3,0.7096103235264482,298.0,1038.0,248.32214765100673,0,53,53,100.0,0,,0.0,0,269.0,2,None,1,0.33366542828393947,10
compound,noFLC,59,2,169.54583109393644,208.77067486885085,250.92645157168,vibration,3,0.7096103235264482,292.0,544.0,86.3013698630137,0,53,53,100.0,3,112.19009999695118,659.9969999988389,28000,270.0,6,None,1,0.3655976894018553,10
compound,moead-cl,59,2,169.54583109393644,208.77067486885085,250.92645157168,vibration,3,0.7096103235264482,292.0,589.0,101.71232876712328,0,53,53,100.0,3,542.3966999987897,3864.8864999959187,28000,270.0,6,None,1,0.3655976894018553,10
compound,EHCO,60,2,169.54583109393644,208.77067486885085,250.92645157168,vibration,3,0.7096103235264482,353.0,665.0,88.38526912181302,0,53,53,100.0,3,123.92000000181724,728.168600006029,28000,266.0,3,None,1,0.34179427200437484,10
compound,A*-GA,60,2,169.54583109393644,208.77067486885085,250.92645157168,vibration,3,0.7096103235264482,297.0,807.0,171.7171717171717,0,53,53,100.0,0,,0.0,0,263.0,3,None,1,0.335645523376095,10
compound,noFLC,60,2,169.54583109393644,208.77067486885085,250.92645157168,vibration,3,0.7096103235264482,353.0,744.0,110.76487252124645,0,53,53,100.0,3,122.0738000010897,735.2680000003602,28000,261.0,7,None,1,0.33742160687321054,10
compound,moead-cl,60,2,169.54583109393644,208.77067486885085,250.92645157168,vibration,3,0.7096103235264482,353.0,653.0,84.98583569405099,0,53,53,100.0,3,566.736699998728,3886.5069999992556,28000,260.0,2,358.0,1,0.3497252868578848,10
compound,EHCO,31,3,115.46054122220865,155.78157460564864,193.30733624009343,thermal,9,0.7877904250463668,270.0,768.0,184.44444444444446,0,53,53,100.0,3,147.4906999974337,698.7622999986343,28000,429.0,1,None,1,0.5610935986576251,10
compound,A*-GA,31,3,115.46054122220865,155.78157460564864,193.30733624009343,thermal,9,0.7877904250463668,285.0,963.0,237.89473684210526,0,53,53,100.0,0,,0.0,0,431.0,2,None,1,0.55897385632046,10
compound,noFLC,31,3,115.46054122220865,155.78157460564864,193.30733624009343,thermal,9,0.7877904250463668,270.0,977.0,261.85185185185185,0,53,53,100.0,3,134.80170000184444,683.8427000002412,28000,429.0,1,845.0,1,0.5610935986576251,10
compound,moead-cl,31,3,115.46054122220865,155.78157460564864,193.30733624009343,thermal,9,0.7877904250463668,270.0,805.0,198.14814814814815,0,53,53,100.0,3,556.2424999989162,3911.4037999970606,28000,429.0,1,None,1,0.5610935986576251,10
compound,EHCO,32,3,115.46054122220865,155.78157460564864,193.30733624009343,thermal,9,0.7877904250463668,292.0,690.0,136.3013698630137,0,53,53,100.0,3,145.44310000201222,565.2134000010847,28000,435.0,8,None,1,0.5636374659136948,10
compound,A*-GA,32,3,115.46054122220865,155.78157460564864,193.30733624009343,thermal,9,0.7877904250463668,301.0,1998.0,563.7873754152823,0,53,53,100.0,0,,0.0,0,423.0,3,None,1,0.5582337796121806,10
compound,noFLC,32,3,115.46054122220865,155.78157460564864,193.30733624009343,thermal,9,0.7877904250463668,292.0,793.0,171.57534246575344,0,53,53,100.0,3,147.78989999831538,728.8425999977335,28000,418.0,9,None,1,0.5604532317609414,10
compound,moead-cl,32,3,115.46054122220865,155.78157460564864,193.30733624009343,thermal,9,0.7877904250463668,292.0,793.0,171.57534246575344,0,53,53,100.0,3,561.1227000008512,3895.810000001802,28000,418.0,9,None,1,0.5604532317609414,10
compound,EHCO,33,3,115.46054122220865,155.78157460564864,193.30733624009343,thermal,9,0.7877904250463668,328.0,659.0,100.91463414634146,0,53,53,100.0,3,137.59420000133105,549.7676000013598,28000,418.0,3,562.0,1,0.5981733430097986,10
compound,A*-GA,33,3,115.46054122220865,155.78157460564864,193.30733624009343,thermal,9,0.7877904250463668,305.0,1215.0,298.3606557377049,0,53,53,100.0,0,,0.0,0,432.0,1,None,1,0.5582838782970391,10
compound,noFLC,33,3,115.46054122220865,155.78157460564864,193.30733624009343,thermal,9,0.7877904250463668,328.0,1122.0,242.07317073170734,0,53,53,100.0,2,136.24949999939417,269.96780000263243,8000,418.0,3,None,1,0.5586969657715455,10
compound,moead-cl,33,3,115.46054122220865,155.78157460564864,193.30733624009343,thermal,9,0.7877904250463668,328.0,598.0,82.3170731707317,0,53,53,100.0,2,563.7630999990506,1121.8795999993745,8000,415.0,1,None,1,0.5982043806941173,10
compound,EHCO,34,3,115.46054122220865,155.78157460564864,193.30733624009343,thermal,9,0.7877904250463668,307.0,1045.0,240.39087947882737,0,53,53,100.0,3,149.2809000010311,806.8189000005077,28000,433.0,0,766.0,1,0.5691576669640547,10
compound,A*-GA,34,3,115.46054122220865,155.78157460564864,193.30733624009343,thermal,9,0.7877904250463668,320.0,2793.0,772.8125,0,53,53,100.0,0,,0.0,0,425.0,7,None,1,0.5581322845145108,10
compound,noFLC,34,3,115.46054122220865,155.78157460564864,193.30733624009343,thermal,9,0.7877904250463668,307.0,978.0,218.5667752442997,0,53,53,100.0,3,133.79819999681786,758.0973999938578,28000,416.0,3,658.0,1,0.568966725785468,10
compound,moead-cl,34,3,115.46054122220865,155.78157460564864,193.30733624009343,thermal,9,0.7877904250463668,307.0,839.0,173.2899022801303,0,53,53,100.0,3,553.7618999987899,3946.3251999986824,28000,416.0,3,658.0,1,0.568966725785468,10
compound,EHCO,35,3,115.46054122220865,155.78157460564864,193.30733624009343,thermal,9,0.7877904250463668,351.0,624.0,77.77777777777779,0,53,53,100.0,3,150.37309999752324,704.8207999978331,28000,426.0,6,None,1,0.5981224198330106,10
compound,A*-GA,35,3,115.46054122220865,155.78157460564864,193.30733624009343,thermal,9,0.7877904250463668,299.0,2006.0,570.9030100334448,0,53,53,100.0,0,,0.0,0,413.0,1,None,1,0.5582306988832495,10
compound,noFLC,35,3,115.46054122220865,155.78157460564864,193.30733624009343,thermal,9,0.7877904250463668,351.0,1003.0,185.75498575498574,0,53,53,100.0,3,147.73689999856288,734.499499998492,28000,426.0,6,None,1,0.5586960608432768,10
compound,moead-cl,35,3,115.46054122220865,155.78157460564864,193.30733624009343,thermal,9,0.7877904250463668,351.0,582.0,65.8119658119658,0,53,53,100.0,3,584.3456000002334,3933.934099997714,28000,432.0,2,None,1,0.5829827946122856,10
compound,EHCO,36,3,115.46054122220865,155.78157460564864,193.30733624009343,thermal,9,0.7877904250463668,366.0,785.0,114.48087431693989,0,53,53,100.0,3,141.6188000002876,734.5367000016267,28000,412.0,0,693.0,1,0.5786521770312443,10
compound,A*-GA,36,3,115.46054122220865,155.78157460564864,193.30733624009343,thermal,9,0.7877904250463668,313.0,2081.0,564.8562300319488,0,53,53,100.0,0,,0.0,0,437.0,1,None,1,0.558311870221031,10
compound,noFLC,36,3,115.46054122220865,155.78157460564864,193.30733624009343,thermal,9,0.7877904250463668,366.0,859.0,134.69945355191257,0,53,53,100.0,3,137.13540000026114,738.4653000008257,28000,412.0,0,693.0,1,0.5786521770312443,10
compound,moead-cl,36,3,115.46054122220865,155.78157460564864,193.30733624009343,thermal,9,0.7877904250463668,366.0,922.0,151.9125683060109,0,53,53,100.0,3,557.9682999996294,3922.152399998595,28000,412.0,0,693.0,1,0.5786521770312443,10
compound,EHCO,37,3,115.46054122220865,155.78157460564864,193.30733624009343,thermal,9,0.7877904250463668,339.0,789.0,132.7433628318584,0,53,53,100.0,3,142.9824999977427,737.6470999952289,28000,430.0,7,611.0,1,0.5882547084438658,10
compound,A*-GA,37,3,115.46054122220865,155.78157460564864,193.30733624009343,thermal,9,0.7877904250463668,291.0,1365.0,369.07216494845363,0,53,53,100.0,0,,0.0,0,433.0,4,None,1,0.5582651329776133,10
compound,noFLC,37,3,115.46054122220865,155.78157460564864,193.30733624009343,thermal,9,0.7877904250463668,339.0,872.0,157.22713864306786,0,53,53,100.0,3,141.54649999909452,733.1891999965592,28000,429.0,7,None,1,0.5596494557402266,10
compound,moead-cl,37,3,115.46054122220865,155.78157460564864,193.30733624009343,thermal,9,0.7877904250463668,339.0,897.0,164.60176991150442,0,53,53,100.0,3,574.5757000004232,3957.754200000636,28000,424.0,0,None,1,0.559414965248477,10
compound,EHCO,38,3,115.46054122220865,155.78157460564864,193.30733624009343,thermal,9,0.7877904250463668,322.0,938.0,191.30434782608697,0,53,53,100.0,3,139.19529999839142,774.0449999982957,28000,449.0,7,None,1,0.5598216953440485,10
compound,A*-GA,38,3,115.46054122220865,155.78157460564864,193.30733624009343,thermal,9,0.7877904250463668,334.0,2667.0,698.502994011976,0,53,53,100.0,0,,0.0,0,424.0,4,None,1,0.5581368820115346,10
compound,noFLC,38,3,115.46054122220865,155.78157460564864,193.30733624009343,thermal,9,0.7877904250463668,322.0,1016.0,215.52795031055902,0,53,53,100.0,3,138.19169999987935,774.2218999992474,28000,449.0,7,None,1,0.5598216953440485,10
compound,moead-cl,38,3,115.46054122220865,155.78157460564864,193.30733624009343,thermal,9,0.7877904250463668,322.0,995.0,209.0062111801242,0,53,53,100.0,3,577.2662999988825,3932.0582000000286,28000,449.0,7,None,1,0.5598216953440485,10
compound,EHCO,39,3,115.46054122220865,155.78157460564864,193.30733624009343,thermal,9,0.7877904250463668,314.0,884.0,181.52866242038218,0,53,53,100.0,3,159.40760000012233,774.5716000026732,28000,434.0,0,861.0,1,0.5612981072920041,10
compound,A*-GA,39,3,115.46054122220865,155.78157460564864,193.30733624009343,thermal,9,0.7877904250463668,316.0,1571.0,397.1518987341772,0,53,53,100.0,0,,0.0,0,427.0,1,None,1,0.5582048359193379,10
compound,noFLC,39,3,115.46054122220865,155.78157460564864,193.30733624009343,thermal,9,0.7877904250463668,314.0,854.0,171.97452229299364,0,53,53,100.0,3,145.63700000144308,762.6610000006622,28000,418.0,7,481.0,1,0.5652239555388818,10
compound,moead-cl,39,3,115.46054122220865,155.78157460564864,193.30733624009343,thermal,9,0.7877904250463668,314.0,793.0,152.54777070063693,0,53,53,100.0,3,572.9217000007338,3958.7031999981264,28000,434.0,0,None,1,0.5612981072920041,10
compound,EHCO,40,3,115.46054122220865,155.78157460564864,193.30733624009343,thermal,9,0.7877904250463668,270.0,792.0,193.33333333333334,0,53,53,100.0,3,134.41940000120667,728.8006000017049,28000,442.0,9,761.0,1,0.5625769288154152,10
compound,A*-GA,40,3,115.46054122220865,155.78157460564864,193.30733624009343,thermal,9,0.7877904250463668,304.0,1296.0,326.3157894736842,0,53,53,100.0,0,,0.0,0,429.0,4,None,1,0.5583373605005565,10
compound,noFLC,40,3,115.46054122220865,155.78157460564864,193.30733624009343,thermal,9,0.7877904250463668,270.0,795.0,194.44444444444443,0,53,53,100.0,3,131.19990000268444,715.6157000026724,28000,442.0,9,761.0,1,0.5625769288154152,10
compound,moead-cl,40,3,115.46054122220865,155.78157460564864,193.30733624009343,thermal,9,0.7877904250463668,270.0,755.0,179.62962962962962,0,53,53,100.0,3,550.4905999987386,3917.885300001217,28000,429.0,1,706.0,1,0.566407188880715,10
compound,EHCO,41,3,115.46054122220865,155.78157460564864,193.30733624009343,thermal,9,0.7877904250463668,397.0,1221.0,207.55667506297232,0,53,53,100.0,3,148.99729999888223,757.231600000523,28000,421.0,5,None,1,0.5583873684588784,10
compound,A*-GA,41,3,115.46054122220865,155.78157460564864,193.30733624009343,thermal,9,0.7877904250463668,291.0,2312.0,694.5017182130584,0,53,53,100.0,0,,0.0,0,424.0,1,None,1,0.5583621645176109,10
compound,noFLC,41,3,115.46054122220865,155.78157460564864,193.30733624009343,thermal,9,0.7877904250463668,397.0,707.0,78.08564231738035,0,53,53,100.0,3,152.82500000103028,554.7832999982347,28000,431.0,5,687.0,1,0.566841948559872,10
compound,moead-cl,41,3,115.46054122220865,155.78157460564864,193.30733624009343,thermal,9,0.7877904250463668,397.0,1173.0,195.46599496221663,0,53,53,100.0,3,584.0564000027371,3919.2319000030693,28000,464.0,6,None,1,0.5589201755929877,10
compound,EHCO,42,3,115.46054122220865,155.78157460564864,193.30733624009343,thermal,9,0.7877904250463668,371.0,907.0,144.4743935309973,0,53,53,100.0,3,141.2196999990556,750.9412999970664,28000,429.0,9,662.0,1,0.5787530969303384,10
compound,A*-GA,42,3,115.46054122220865,155.78157460564864,193.30733624009343,thermal,9,0.7877904250463668,302.0,2487.0,723.5099337748345,0,53,53,100.0,0,,0.0,0,435.0,2,None,1,0.5582036034814708,10
compound,noFLC,42,3,115.46054122220865,155.78157460564864,193.30733624009343,thermal,9,0.7877904250463668,371.0,869.0,134.23180592991915,0,53,53,100.0,3,137.5990999986243,697.3775999977079,28000,431.0,2,652.0,1,0.5884201091235465,10
compound,moead-cl,42,3,115.46054122220865,155.78157460564864,193.30733624009343,thermal,9,0.7877904250463668,371.0,899.0,142.31805929919136,0,53,53,100.0,3,561.3875000017288,3953.887900002883,28000,429.0,9,662.0,1,0.5787530969303384,10
compound,EHCO,43,3,115.46054122220865,155.78157460564864,193.30733624009343,thermal,9,0.7877904250463668,291.0,842.0,189.34707903780068,0,53,53,100.0,3,142.2578000019712,684.9697000034212,28000,419.0,1,813.0,1,0.5621190209134637,10
compound,A*-GA,43,3,115.46054122220865,155.78157460564864,193.30733624009343,thermal,9,0.7877904250463668,280.0,1787.0,538.2142857142857,0,53,53,100.0,0,,0.0,0,422.0,6,None,1,0.5583433690269584,10
compound,noFLC,43,3,115.46054122220865,155.78157460564864,193.30733624009343,thermal,9,0.7877904250463668,291.0,984.0,238.1443298969072,0,53,53,100.0,3,135.38949999929173,765.3389000006428,28000,419.0,1,813.0,1,0.5621190209134637,10
compound,moead-cl,43,3,115.46054122220865,155.78157460564864,193.30733624009343,thermal,9,0.7877904250463668,291.0,783.0,169.0721649484536,0,53,53,100.0,3,581.3327999967441,3962.692299995979,28000,419.0,1,None,1,0.5621190209134637,10
compound,EHCO,44,3,115.46054122220865,155.78157460564864,193.30733624009343,thermal,9,0.7877904250463668,305.0,793.0,160.0,0,53,53,100.0,3,153.63710000019637,587.7875999976823,28000,428.0,3,None,1,0.5605815993531125,10
compound,A*-GA,44,3,115.46054122220865,155.78157460564864,193.30733624009343,thermal,9,0.7877904250463668,308.0,2416.0,684.4155844155845,1,52,53,98.11320754716981,0,,0.0,0,415.0,4,None,1,0.5582510740675052,10
compound,noFLC,44,3,115.46054122220865,155.78157460564864,193.30733624009343,thermal,9,0.7877904250463668,305.0,857.0,180.98360655737704,0,53,53,100.0,3,145.7181000005221,681.7072999983793,28000,428.0,3,None,1,0.5605815993531125,10
compound,moead-cl,44,3,115.46054122220865,155.78157460564864,193.30733624009343,thermal,9,0.7877904250463668,305.0,696.0,128.19672131147541,0,53,53,100.0,3,556.9333999992523,3940.6201999991026,28000,426.0,8,None,1,0.5654658458577574,10
compound,EHCO,45,3,115.46054122220865,155.78157460564864,193.30733624009343,thermal,9,0.7877904250463668,342.0,771.0,125.43859649122805,0,53,53,100.0,3,142.1517999988282,721.4165999976103,28000,429.0,5,657.0,1,0.5794514491639002,10
compound,A*-GA,45,3,115.46054122220865,155.78157460564864,193.30733624009343,thermal,9,0.7877904250463668,304.0,1577.0,418.75,0,53,53,100.0,0,,0.0,0,440.0,2,None,1,0.5582575055550998,10
compound,noFLC,45,3,115.46054122220865,155.78157460564864,193.30733624009343,thermal,9,0.7877904250463668,342.0,711.0,107.89473684210526,0,53,53,100.0,3,149.36789999774192,757.1012999978848,28000,429.0,5,657.0,1,0.5794514491639002,10
compound,moead-cl,45,3,115.46054122220865,155.78157460564864,193.30733624009343,thermal,9,0.7877904250463668,342.0,540.0,57.89473684210527,0,53,53,100.0,3,571.7805999993288,3915.13529999429,28000,408.0,5,None,1,0.5763694783279788,10
compound,EHCO,46,3,115.46054122220865,155.78157460564864,193.30733624009343,thermal,9,0.7877904250463668,300.0,1815.0,505.0,0,53,53,100.0,3,140.81129999976838,687.8262999998697,28000,437.0,8,None,1,0.5582166791693565,10
compound,A*-GA,46,3,115.46054122220865,155.78157460564864,193.30733624009343,thermal,9,0.7877904250463668,297.0,2683.0,803.3670033670032,0,53,53,100.0,0,,0.0,0,447.0,6,None,1,0.5582431431923263,10
compound,noFLC,46,3,115.46054122220865,155.78157460564864,193.30733624009343,thermal,9,0.7877904250463668,300.0,2141.0,613.6666666666666,0,53,53,100.0,3,131.8234999998822,533.0376000019896,28000,437.0,8,None,1,0.5581820958389793,10
compound,moead-cl,46,3,115.46054122220865,155.78157460564864,193.30733624009343,thermal,9,0.7877904250463668,300.0,675.0,125.0,0,53,53,100.0,3,571.8859000007797,3950.7181999979366,28000,437.0,8,618.0,1,0.5981014820816919,10
compound,EHCO,47,3,115.46054122220865,155.78157460564864,193.30733624009343,thermal,9,0.7877904250463668,312.0,661.0,111.85897435897436,0,53,53,100.0,3,152.27740000045742,724.2590000023483,28000,430.0,7,None,1,0.5796611504250564,10
compound,A*-GA,47,3,115.46054122220865,155.78157460564864,193.30733624009343,thermal,9,0.7877904250463668,313.0,1916.0,512.1405750798722,0,53,53,100.0,0,,0.0,0,427.0,1,None,1,0.5582026066285761,10
compound,noFLC,47,3,115.46054122220865,155.78157460564864,193.30733624009343,thermal,9,0.7877904250463668,312.0,792.0,153.84615384615387,0,53,53,100.0,3,146.93940000142902,742.0701000010013,28000,429.0,3,None,1,0.5692771289698478,10
compound,moead-cl,47,3,115.46054122220865,155.78157460564864,193.30733624009343,thermal,9,0.7877904250463668,312.0,743.0,138.14102564102564,0,53,53,100.0,3,566.9921000007889,3966.355200001999,28000,412.0,9,698.0,1,0.5723045687027586,10
compound,EHCO,48,3,115.46054122220865,155.78157460564864,193.30733624009343,thermal,9,0.7877904250463668,315.0,957.0,203.8095238095238,0,53,53,100.0,3,146.77849999861792,748.8771999960591,28000,433.0,6,904.0,1,0.5640942275317283,10
compound,A*-GA,48,3,115.46054122220865,155.78157460564864,193.30733624009343,thermal,9,0.7877904250463668,308.0,1597.0,418.50649350649354,0,53,53,100.0,0,,0.0,0,429.0,1,None,1,0.5581931907271614,10
compound,noFLC,48,3,115.46054122220865,155.78157460564864,193.30733624009343,thermal,9,0.7877904250463668,315.0,769.0,144.12698412698413,0,53,53,100.0,3,147.63379999931203,746.4287000002514,28000,423.0,9,698.0,1,0.5744847868490919,10
compound,moead-cl,48,3,115.46054122220865,155.78157460564864,193.30733624009343,thermal,9,0.7877904250463668,315.0,988.0,213.65079365079364,0,53,53,100.0,3,584.2419000000518,3920.787200000632,28000,433.0,0,None,1,0.5586810359580946,10
compound,EHCO,49,3,115.46054122220865,155.78157460564864,193.30733624009343,thermal,9,0.7877904250463668,310.0,745.0,140.3225806451613,0,53,53,100.0,3,144.77199999964796,744.1292999974394,28000,410.0,7,None,1,0.5637803082352076,10
compound,A*-GA,49,3,115.46054122220865,155.78157460564864,193.30733624009343,thermal,9,0.7877904250463668,302.0,2473.0,718.8741721854304,0,53,53,100.0,0,,0.0,0,418.0,7,None,1,0.5582388516042395,10
compound,noFLC,49,3,115.46054122220865,155.78157460564864,193.30733624009343,thermal,9,0.7877904250463668,310.0,741.0,139.03225806451613,0,53,53,100.0,3,133.47319999957108,706.55909999914,28000,410.0,7,None,1,0.5637803082352076,10
compound,moead-cl,49,3,115.46054122220865,155.78157460564864,193.30733624009343,thermal,9,0.7877904250463668,310.0,839.0,170.6451612903226,0,53,53,100.0,3,562.3823999994784,3930.4948999997578,28000,410.0,7,None,1,0.5637803082352076,10
compound,EHCO,50,3,115.46054122220865,155.78157460564864,193.30733624009343,thermal,9,0.7877904250463668,348.0,1916.0,450.57471264367814,0,53,53,100.0,3,138.43120000092313,579.5181000030425,28000,446.0,3,None,1,0.5581997765988365,10
compound,A*-GA,50,3,115.46054122220865,155.78157460564864,193.30733624009343,thermal,9,0.7877904250463668,299.0,1075.0,259.53177257525084,0,53,53,100.0,0,,0.0,0,426.0,3,None,1,0.5585990148048369,10
compound,noFLC,50,3,115.46054122220865,155.78157460564864,193.30733624009343,thermal,9,0.7877904250463668,348.0,1357.0,289.94252873563215,0,53,53,100.0,3,146.15709999998217,587.297199999739,28000,445.0,3,None,1,0.5582292207952112,10
compound,moead-cl,50,3,115.46054122220865,155.78157460564864,193.30733624009343,thermal,9,0.7877904250463668,348.0,738.0,112.06896551724137,0,53,53,100.0,3,548.9708999994036,3909.7774000001664,28000,415.0,5,None,1,0.5615078259260077,10
compound,EHCO,51,3,115.46054122220865,155.78157460564864,193.30733624009343,thermal,9,0.7877904250463668,282.0,814.0,188.65248226950357,0,53,53,100.0,3,132.776800001011,697.3892000023625,28000,422.0,4,None,1,0.5623076209283909,10
compound,A*-GA,51,3,115.46054122220865,155.78157460564864,193.30733624009343,thermal,9,0.7877904250463668,293.0,2162.0,637.8839590443686,0,53,53,100.0,0,,0.0,0,433.0,5,None,1,0.5582309209564046,10
compound,noFLC,51,3,115.46054122220865,155.78157460564864,193.30733624009343,thermal,9,0.7877904250463668,282.0,743.0,163.47517730496455,0,53,53,100.0,3,133.98640000013984,677.1971999987727,28000,433.0,3,565.0,1,0.5793387927195074,10
compound,moead-cl,51,3,115.46054122220865,155.78157460564864,193.30733624009343,thermal,9,0.7877904250463668,282.0,772.0,173.75886524822695,0,53,53,100.0,3,575.0989000007394,3943.4354000004532,28000,433.0,5,None,1,0.5607676714225233,10
compound,EHCO,52,3,115.46054122220865,155.78157460564864,193.30733624009343,thermal,9,0.7877904250463668,324.0,803.0,147.8395061728395,0,53,53,100.0,3,154.45329999784008,595.2561999984027,28000,422.0,1,None,1,0.5604015266893121,10
compound,A*-GA,52,3,115.46054122220865,155.78157460564864,193.30733624009343,thermal,9,0.7877904250463668,301.0,1800.0,498.0066445182724,0,53,53,100.0,0,,0.0,0,442.0,2,None,1,0.5582302526688008,10
compound,noFLC,52,3,115.46054122220865,155.78157460564864,193.30733624009343,thermal,9,0.7877904250463668,324.0,803.0,147.8395061728395,0,53,53,100.0,3,148.06899999894085,704.2752999986988,28000,422.0,1,None,1,0.5604015266893121,10
compound,moead-cl,52,3,115.46054122220865,155.78157460564864,193.30733624009343,thermal,9,0.7877904250463668,324.0,723.0,123.14814814814814,0,53,53,100.0,3,575.0504999996338,3940.6465999963984,28000,411.0,0,None,1,0.5618138730044315,10
compound,EHCO,53,3,115.46054122220865,155.78157460564864,193.30733624009343,thermal,9,0.7877904250463668,396.0,879.0,121.96969696969697,0,53,53,100.0,3,139.6506999990379,690.3707999990729,28000,438.0,5,None,1,0.5596322996025502,10
compound,A*-GA,53,3,115.46054122220865,155.78157460564864,193.30733624009343,thermal,9,0.7877904250463668,290.0,1762.0,507.58620689655174,0,53,53,100.0,0,,0.0,0,428.0,8,None,1,0.5583321126431438,10
compound,noFLC,53,3,115.46054122220865,155.78157460564864,193.30733624009343,thermal,9,0.7877904250463668,396.0,916.0,131.31313131313132,0,53,53,100.0,3,137.67169999846374,738.2735999963188,28000,420.0,5,824.0,1,0.5727698227300458,10
compound,moead-cl,53,3,115.46054122220865,155.78157460564864,193.30733624009343,thermal,9,0.7877904250463668,396.0,705.0,78.03030303030303,0,53,53,100.0,3,589.6906000016315,3966.0050999991654,28000,417.0,1,None,1,0.5674368970564992,10
compound,EHCO,54,3,115.46054122220865,155.78157460564864,193.30733624009343,thermal,9,0.7877904250463668,352.0,1084.0,207.95454545454547,0,53,53,100.0,3,153.96749999854364,759.74430000133,28000,429.0,9,908.0,1,0.5600977337376858,10
compound,A*-GA,54,3,115.46054122220865,155.78157460564864,193.30733624009343,thermal,9,0.7877904250463668,323.0,2122.0,556.9659442724459,1,52,53,98.11320754716981,0,,0.0,0,420.0,9,None,1,0.5581729926361515,10
compound,noFLC,54,3,115.46054122220865,155.78157460564864,193.30733624009343,thermal,9,0.7877904250463668,352.0,860.0,144.3181818181818,0,53,53,100.0,3,146.34819999992033,748.1654000002891,28000,445.0,3,656.0,1,0.5735017639975152,10
compound,moead-cl,54,3,115.46054122220865,155.78157460564864,193.30733624009343,thermal,9,0.7877904250463668,352.0,745.0,111.64772727272727,0,53,53,100.0,3,558.1891000001633,3903.2162000003154,28000,426.0,9,737.0,1,0.5651997691448567,10
compound,EHCO,55,3,115.46054122220865,155.78157460564864,193.30733624009343,thermal,9,0.7877904250463668,359.0,945.0,163.23119777158774,0,53,53,100.0,3,141.39240000076825,738.6433000028774,28000,423.0,3,None,1,0.5591358924296498,10
compound,A*-GA,55,3,115.46054122220865,155.78157460564864,193.30733624009343,thermal,9,0.7877904250463668,292.0,2145.0,634.5890410958904,0,53,53,100.0,0,,0.0,0,422.0,4,None,1,0.5583147320060123,10
compound,noFLC,55,3,115.46054122220865,155.78157460564864,193.30733624009343,thermal,9,0.7877904250463668,359.0,1784.0,396.93593314763234,0,53,53,100.0,3,141.5287999989232,706.5304999960063,28000,434.0,9,None,1,0.5584308403416874,10
compound,moead-cl,55,3,115.46054122220865,155.78157460564864,193.30733624009343,thermal,9,0.7877904250463668,359.0,825.0,129.8050139275766,0,53,53,100.0,3,558.1720999980462,3908.7680999946315,28000,413.0,5,None,1,0.5614625338448904,10
compound,EHCO,56,3,115.46054122220865,155.78157460564864,193.30733624009343,thermal,9,0.7877904250463668,342.0,733.0,114.32748538011697,0,53,53,100.0,3,135.51670000015292,686.6904999988037,28000,429.0,8,None,1,0.5671233631600938,10
compound,A*-GA,56,3,115.46054122220865,155.78157460564864,193.30733624009343,thermal,9,0.7877904250463668,296.0,1719.0,480.7432432432432,0,53,53,100.0,0,,0.0,0,424.0,3,None,1,0.5582121669077709,10
compound,noFLC,56,3,115.46054122220865,155.78157460564864,193.30733624009343,thermal,9,0.7877904250463668,342.0,695.0,103.21637426900585,0,53,53,100.0,3,130.9560000008787,671.7616999994789,28000,424.0,5,None,1,0.588653043807467,10
compound,moead-cl,56,3,115.46054122220865,155.78157460564864,193.30733624009343,thermal,9,0.7877904250463668,342.0,618.0,80.7017543859649,0,53,53,100.0,3,558.700299996417,3879.1080999981205,28000,424.0,5,None,1,0.588653043807467,10
compound,EHCO,57,3,115.46054122220865,155.78157460564864,193.30733624009343,thermal,9,0.7877904250463668,277.0,1368.0,393.86281588447656,0,53,53,100.0,3,134.811300002184,693.2473000051687,28000,422.0,2,None,1,0.5583911425255231,10
compound,A*-GA,57,3,115.46054122220865,155.78157460564864,193.30733624009343,thermal,9,0.7877904250463668,287.0,1371.0,377.70034843205576,0,53,53,100.0,0,,0.0,0,419.0,9,None,1,0.5585155829343625,10
compound,noFLC,57,3,115.46054122220865,155.78157460564864,193.30733624009343,thermal,9,0.7877904250463668,277.0,1368.0,393.86281588447656,0,53,53,100.0,3,129.1334999987157,643.8500000003842,28000,422.0,2,None,1,0.5583911425255231,10
compound,moead-cl,57,3,115.46054122220865,155.78157460564864,193.30733624009343,thermal,9,0.7877904250463668,277.0,719.0,159.5667870036101,0,53,53,100.0,3,554.3991000013193,3876.65570000172,28000,431.0,5,686.0,1,0.5677967327879113,10
compound,EHCO,58,3,115.46054122220865,155.78157460564864,193.30733624009343,thermal,9,0.7877904250463668,307.0,821.0,167.42671009771988,0,53,53,100.0,3,149.69360000031884,779.6821999982058,28000,417.0,8,816.0,1,0.5703506018393072,10
compound,A*-GA,58,3,115.46054122220865,155.78157460564864,193.30733624009343,thermal,9,0.7877904250463668,318.0,2479.0,679.559748427673,0,53,53,100.0,0,,0.0,0,427.0,4,None,1,0.5582354692742544,10
compound,noFLC,58,3,115.46054122220865,155.78157460564864,193.30733624009343,thermal,9,0.7877904250463668,307.0,971.0,216.28664495114006,0,53,53,100.0,3,148.12089999759337,800.6227999940165,28000,417.0,8,816.0,1,0.5703506018393072,10
compound,moead-cl,58,3,115.46054122220865,155.78157460564864,193.30733624009343,thermal,9,0.7877904250463668,307.0,992.0,223.1270358306189,0,53,53,100.0,3,576.6254999980447,3926.1473000005935,28000,428.0,8,None,1,0.5590950853250671,10
compound,EHCO,59,3,115.46054122220865,155.78157460564864,193.30733624009343,thermal,9,0.7877904250463668,292.0,669.0,129.1095890410959,0,53,53,100.0,3,144.42130000315956,678.4522000016295,28000,431.0,9,None,1,0.5982109300648357,10
compound,A*-GA,59,3,115.46054122220865,155.78157460564864,193.30733624009343,thermal,9,0.7877904250463668,298.0,1647.0,452.6845637583893,0,53,53,100.0,0,,0.0,0,435.0,4,None,1,0.5582596600381378,10
compound,noFLC,59,3,115.46054122220865,155.78157460564864,193.30733624009343,thermal,9,0.7877904250463668,292.0,1397.0,378.4246575342466,0,53,53,100.0,3,130.1177999994252,656.5831000007165,28000,430.0,9,None,1,0.5580370933077773,10
compound,moead-cl,59,3,115.46054122220865,155.78157460564864,193.30733624009343,thermal,9,0.7877904250463668,292.0,630.0,115.75342465753424,0,53,53,100.0,3,548.2165000030363,3896.9741000037175,28000,429.0,3,None,1,0.5695953464710202,10
compound,EHCO,60,3,115.46054122220865,155.78157460564864,193.30733624009343,thermal,9,0.7877904250463668,353.0,800.0,126.62889518413598,0,53,53,100.0,3,146.41190000111237,574.2986000004748,28000,422.0,1,None,1,0.5604706684613421,10
compound,A*-GA,60,3,115.46054122220865,155.78157460564864,193.30733624009343,thermal,9,0.7877904250463668,297.0,1713.0,476.76767676767673,0,53,53,100.0,0,,0.0,0,444.0,5,None,1,0.5582957049709664,10
compound,noFLC,60,3,115.46054122220865,155.78157460564864,193.30733624009343,thermal,9,0.7877904250463668,353.0,800.0,126.62889518413598,0,53,53,100.0,2,147.1445000024687,281.1186000035377,8000,422.0,1,None,1,0.5604706684613421,10
compound,moead-cl,60,3,115.46054122220865,155.78157460564864,193.30733624009343,thermal,9,0.7877904250463668,353.0,800.0,126.62889518413598,0,53,53,100.0,3,580.0593999992998,3921.8433999994886,28000,422.0,1,None,1,0.5604706684613421,10
compound,EHCO,31,4,102.40902831951453,156.5545908029008,184.0949779750743,vibration,2,0.5366783616106333,270.0,405.0,50.0,0,53,53,100.0,3,149.8072000031243,733.9578999999503,28000,221.0,1,291.0,1,0.4132641407557496,10
compound,A*-GA,31,4,102.40902831951453,156.5545908029008,184.0949779750743,vibration,2,0.5366783616106333,285.0,683.0,139.64912280701753,0,53,53,100.0,0,,0.0,0,218.0,8,None,1,0.3382716596964898,10
compound,noFLC,31,4,102.40902831951453,156.5545908029008,184.0949779750743,vibration,2,0.5366783616106333,270.0,411.0,52.22222222222223,0,53,53,100.0,3,141.66710000063176,720.7100000014179,28000,221.0,1,242.0,1,0.3956136110438606,10
compound,moead-cl,31,4,102.40902831951453,156.5545908029008,184.0949779750743,vibration,2,0.5366783616106333,270.0,403.0,49.25925925925926,0,53,53,100.0,3,554.4805000026827,3882.1879000024637,28000,221.0,4,333.0,1,0.48828705918059107,10
compound,EHCO,32,4,102.40902831951453,156.5545908029008,184.0949779750743,vibration,2,0.5366783616106333,292.0,579.0,98.28767123287672,0,53,53,100.0,3,148.95749999777763,824.4946000013442,28000,218.0,8,None,1,0.345122590147085,10
compound,A*-GA,32,4,102.40902831951453,156.5545908029008,184.0949779750743,vibration,2,0.5366783616106333,301.0,817.0,171.42857142857142,0,53,53,100.0,0,,0.0,0,225.0,1,None,1,0.3349637267210975,10
compound,noFLC,32,4,102.40902831951453,156.5545908029008,184.0949779750743,vibration,2,0.5366783616106333,292.0,596.0,104.10958904109589,0,53,53,100.0,3,149.20809999966878,804.0270999990753,28000,212.0,9,345.0,1,0.36415166626687107,10
compound,moead-cl,32,4,102.40902831951453,156.5545908029008,184.0949779750743,vibration,2,0.5366783616106333,292.0,452.0,54.794520547945204,0,53,53,100.0,3,572.565400001622,3918.448000003991,28000,212.0,9,345.0,1,0.4235389339996104,10
compound,EHCO,33,4,102.40902831951453,156.5545908029008,184.0949779750743,vibration,2,0.5366783616106333,328.0,486.0,48.170731707317074,0,53,53,100.0,3,143.1961999987834,757.4681000005512,28000,213.0,4,269.0,1,0.3796441950290315,10
compound,A*-GA,33,4,102.40902831951453,156.5545908029008,184.0949779750743,vibration,2,0.5366783616106333,305.0,1156.0,279.0163934426229,0,53,53,100.0,0,,0.0,0,218.0,5,None,1,0.33327144926821134,10
compound,noFLC,33,4,102.40902831951453,156.5545908029008,184.0949779750743,vibration,2,0.5366783616106333,328.0,534.0,62.80487804878049,0,53,53,100.0,3,142.2357000010379,796.5535000003001,28000,224.0,1,458.0,1,0.43667014023609246,10
compound,moead-cl,33,4,102.40902831951453,156.5545908029008,184.0949779750743,vibration,2,0.5366783616106333,328.0,476.0,45.1219512195122,0,53,53,100.0,3,573.9246000011917,3886.40370000212,28000,219.0,9,331.0,1,0.3987913559531573,10
compound,EHCO,34,4,102.40902831951453,156.5545908029008,184.0949779750743,vibration,2,0.5366783616106333,307.0,488.0,58.95765472312704,0,53,53,100.0,3,153.70070000062697,788.9231000008294,28000,221.0,3,None,1,0.35991346846579386,10
compound,A*-GA,34,4,102.40902831951453,156.5545908029008,184.0949779750743,vibration,2,0.5366783616106333,320.0,729.0,127.8125,0,53,53,100.0,0,,0.0,0,225.0,5,None,1,0.33688054890775726,10
compound,noFLC,34,4,102.40902831951453,156.5545908029008,184.0949779750743,vibration,2,0.5366783616106333,307.0,542.0,76.54723127035831,0,53,53,100.0,3,143.55889999933424,783.7372999965737,28000,229.0,1,296.0,1,0.36597197764222855,10
compound,moead-cl,34,4,102.40902831951453,156.5545908029008,184.0949779750743,vibration,2,0.5366783616106333,307.0,544.0,77.19869706840392,0,53,53,100.0,3,560.9463999971922,3934.5408999979554,28000,216.0,7,380.0,1,0.4085116612000335,10
compound,EHCO,35,4,102.40902831951453,156.5545908029008,184.0949779750743,vibration,2,0.5366783616106333,351.0,427.0,21.65242165242165,0,53,53,100.0,3,143.24049999777344,743.0093000002671,28000,224.0,1,276.0,1,0.3925359768826481,10
compound,A*-GA,35,4,102.40902831951453,156.5545908029008,184.0949779750743,vibration,2,0.5366783616106333,299.0,947.0,216.72240802675583,0,53,53,100.0,0,,0.0,0,212.0,5,None,1,0.3337633547585771,10
compound,noFLC,35,4,102.40902831951453,156.5545908029008,184.0949779750743,vibration,2,0.5366783616106333,351.0,489.0,39.31623931623932,0,53,53,100.0,3,148.54769999874406,795.9893999977794,28000,219.0,9,344.0,1,0.41212016424369974,10
compound,moead-cl,35,4,102.40902831951453,156.5545908029008,184.0949779750743,vibration,2,0.5366783616106333,351.0,471.0,34.18803418803419,0,53,53,100.0,3,566.012999999657,3949.726599999849,28000,224.0,6,263.0,1,0.37899799357470754,10
compound,EHCO,36,4,102.40902831951453,156.5545908029008,184.0949779750743,vibration,2,0.5366783616106333,366.0,445.0,21.584699453551913,0,53,53,100.0,3,142.27829999799724,753.8945999986026,28000,221.0,3,256.0,1,0.38854170957832135,10
compound,A*-GA,36,4,102.40902831951453,156.5545908029008,184.0949779750743,vibration,2,0.5366783616106333,313.0,857.0,173.80191693290735,0,53,53,100.0,0,,0.0,0,215.0,8,None,1,0.3343138208306653,10
compound,noFLC,36,4,102.40902831951453,156.5545908029008,184.0949779750743,vibration,2,0.5366783616106333,366.0,643.0,75.68306010928961,0,53,53,100.0,3,137.60370000090916,784.4477000035113,28000,216.0,9,None,1,0.3399333304547776,10
compound,moead-cl,36,4,102.40902831951453,156.5545908029008,184.0949779750743,vibration,2,0.5366783616106333,366.0,511.0,39.61748633879781,0,53,53,100.0,3,566.9780999996874,3940.8142999964184,28000,216.0,9,242.0,1,0.3607634068031807,10
compound,EHCO,37,4,102.40902831951453,156.5545908029008,184.0949779750743,vibration,2,0.5366783616106333,339.0,525.0,54.86725663716814,0,53,53,100.0,3,148.59699999942677,791.3797999972303,28000,222.0,1,None,1,0.3525081931978288,10
compound,A*-GA,37,4,102.40902831951453,156.5545908029008,184.0949779750743,vibration,2,0.5366783616106333,291.0,978.0,236.08247422680412,0,53,53,100.0,0,,0.0,0,226.0,5,None,1,0.3332148516253013,10
compound,noFLC,37,4,102.40902831951453,156.5545908029008,184.0949779750743,vibration,2,0.5366783616106333,339.0,375.0,10.619469026548673,0,53,53,100.0,3,145.73810000001686,769.9556000006851,28000,214.0,6,255.0,1,0.4100323417538566,10
compound,moead-cl,37,4,102.40902831951453,156.5545908029008,184.0949779750743,vibration,2,0.5366783616106333,339.0,426.0,25.663716814159294,0,53,53,100.0,3,564.5026999991387,3940.5938999989303,28000,214.0,6,255.0,1,0.38440712647727937,10
compound,EHCO,38,4,102.40902831951453,156.5545908029008,184.0949779750743,vibration,2,0.5366783616106333,322.0,491.0,52.484472049689444,0,53,53,100.0,3,144.11829999880865,831.3479999960691,28000,222.0,7,320.0,1,0.3982232294539036,10
compound,A*-GA,38,4,102.40902831951453,156.5545908029008,184.0949779750743,vibration,2,0.5366783616106333,334.0,905.0,170.95808383233532,0,53,53,100.0,0,,0.0,0,221.0,9,None,1,0.33396800549472233,10
compound,noFLC,38,4,102.40902831951453,156.5545908029008,184.0949779750743,vibration,2,0.5366783616106333,322.0,624.0,93.7888198757764,0,53,53,100.0,3,143.59039999908418,853.3361999943736,28000,222.0,7,320.0,1,0.3559076092378858,10
compound,moead-cl,38,4,102.40902831951453,156.5545908029008,184.0949779750743,vibration,2,0.5366783616106333,322.0,513.0,59.3167701863354,0,53,53,100.0,3,572.5702999989153,3968.1596999980684,28000,222.0,7,320.0,1,0.3881298492771709,10
compound,EHCO,39,4,102.40902831951453,156.5545908029008,184.0949779750743,vibration,2,0.5366783616106333,314.0,541.0,72.29299363057325,0,53,53,100.0,3,149.4535999991058,813.0641999960062,28000,220.0,0,499.0,1,0.3745881712318793,10
compound,A*-GA,39,4,102.40902831951453,156.5545908029008,184.0949779750743,vibration,2,0.5366783616106333,316.0,699.0,121.20253164556962,0,53,53,100.0,0,,0.0,0,224.0,3,None,1,0.3378776151138631,10
compound,noFLC,39,4,102.40902831951453,156.5545908029008,184.0949779750743,vibration,2,0.5366783616106333,314.0,518.0,64.96815286624204,0,53,53,100.0,3,145.7141999999294,803.706399998191,28000,220.0,0,None,1,0.35308962464852095,10
compound,moead-cl,39,4,102.40902831951453,156.5545908029008,184.0949779750743,vibration,2,0.5366783616106333,314.0,500.0,59.23566878980891,0,53,53,100.0,3,571.8782000003557,3919.57519999778,28000,220.0,0,499.0,1,0.3745881712318793,10
compound,EHCO,40,4,102.40902831951453,156.5545908029008,184.0949779750743,vibration,2,0.5366783616106333,270.0,451.0,67.03703703703704,0,53,53,100.0,3,145.2075999986846,764.4631999974081,28000,217.0,2,None,1,0.40382794561475127,10
compound,A*-GA,40,4,102.40902831951453,156.5545908029008,184.0949779750743,vibration,2,0.5366783616106333,304.0,826.0,171.71052631578948,0,53,53,100.0,0,,0.0,0,224.0,2,None,1,0.33483726941122205,10
compound,noFLC,40,4,102.40902831951453,156.5545908029008,184.0949779750743,vibration,2,0.5366783616106333,270.0,451.0,67.03703703703704,0,53,53,100.0,3,147.037899998395,756.6705999961414,28000,217.0,2,None,1,0.40382794561475127,10
compound,moead-cl,40,4,102.40902831951453,156.5545908029008,184.0949779750743,vibration,2,0.5366783616106333,270.0,532.0,97.03703703703704,0,53,53,100.0,3,563.1972999981372,3921.5671999991173,28000,219.0,3,250.0,1,0.3589636419763581,10
compound,EHCO,41,4,102.40902831951453,156.5545908029008,184.0949779750743,vibration,2,0.5366783616106333,397.0,468.0,17.884130982367758,0,53,53,100.0,3,145.88960000037332,774.4144999996934,28000,226.0,3,258.0,1,0.38139767558705645,10
compound,A*-GA,41,4,102.40902831951453,156.5545908029008,184.0949779750743,vibration,2,0.5366783616106333,291.0,868.0,198.28178694158078,0,53,53,100.0,0,,0.0,0,225.0,1,None,1,0.3344698690661173,10
compound,noFLC,41,4,102.40902831951453,156.5545908029008,184.0949779750743,vibration,2,0.5366783616106333,397.0,386.0,-2.770780856423174,0,53,53,100.0,3,147.3277999975835,777.9881999995268,28000,220.0,8,235.0,1,0.4049765469748706,10
compound,moead-cl,41,4,102.40902831951453,156.5545908029008,184.0949779750743,vibration,2,0.5366783616106333,397.0,438.0,10.327455919395465,0,53,53,100.0,3,586.139800001547,3906.698000002507,28000,226.0,3,310.0,1,0.4360137382001872,10
compound,EHCO,42,4,102.40902831951453,156.5545908029008,184.0949779750743,vibration,2,0.5366783616106333,371.0,473.0,27.49326145552561,0,53,53,100.0,3,153.74119999978575,769.2464000028849,28000,219.0,7,249.0,1,0.37462888921307697,10
compound,A*-GA,42,4,102.40902831951453,156.5545908029008,184.0949779750743,vibration,2,0.5366783616106333,302.0,996.0,229.80132450331126,0,53,53,100.0,0,,0.0,0,224.0,3,None,1,0.3336461747144364,10
compound,noFLC,42,4,102.40902831951453,156.5545908029008,184.0949779750743,vibration,2,0.5366783616106333,371.0,485.0,30.727762803234505,0,53,53,100.0,3,141.2153000019316,721.2355000010575,28000,223.0,2,264.0,1,0.36755352867708807,10
compound,moead-cl,42,4,102.40902831951453,156.5545908029008,184.0949779750743,vibration,2,0.5366783616106333,371.0,536.0,44.474393530997304,0,53,53,100.0,3,565.4022999988229,3953.928700000688,28000,221.0,1,254.0,1,0.35542366009042275,10
compound,EHCO,43,4,102.40902831951453,156.5545908029008,184.0949779750743,vibration,2,0.5366783616106333,291.0,362.0,24.398625429553263,0,53,53,100.0,3,141.97229999990668,771.5129999996861,28000,216.0,8,356.0,1,0.5043675729263275,10
compound,A*-GA,43,4,102.40902831951453,156.5545908029008,184.0949779750743,vibration,2,0.5366783616106333,280.0,732.0,161.42857142857144,0,53,53,100.0,0,,0.0,0,211.0,0,None,1,0.3363106400730017,10
compound,noFLC,43,4,102.40902831951453,156.5545908029008,184.0949779750743,vibration,2,0.5366783616106333,291.0,400.0,37.45704467353952,0,53,53,100.0,3,140.27379999970435,762.7778999994916,28000,214.0,4,276.0,1,0.42960022456164987,10
compound,moead-cl,43,4,102.40902831951453,156.5545908029008,184.0949779750743,vibration,2,0.5366783616106333,291.0,483.0,65.97938144329896,0,53,53,100.0,3,563.5489000014786,3923.797499999637,28000,214.0,4,276.0,1,0.38438418623531845,10
compound,EHCO,44,4,102.40902831951453,156.5545908029008,184.0949779750743,vibration,2,0.5366783616106333,305.0,461.0,51.147540983606554,0,53,53,100.0,3,147.6946999973734,767.6046999986283,28000,220.0,6,342.0,1,0.436837619137455,10
compound,A*-GA,44,4,102.40902831951453,156.5545908029008,184.0949779750743,vibration,2,0.5366783616106333,308.0,1240.0,302.59740259740255,0,53,53,100.0,0,,0.0,0,226.0,0,None,1,0.33321910099819396,10
compound,noFLC,44,4,102.40902831951453,156.5545908029008,184.0949779750743,vibration,2,0.5366783616106333,305.0,485.0,59.01639344262295,0,53,53,100.0,3,146.64730000004056,734.3560999979672,28000,230.0,9,260.0,1,0.3762017652068828,10
compound,moead-cl,44,4,102.40902831951453,156.5545908029008,184.0949779750743,vibration,2,0.5366783616106333,305.0,453.0,48.52459016393443,0,53,53,100.0,3,566.3568000018131,3925.9263000021747,28000,217.0,5,249.0,1,0.3827115419321073,10
compound,EHCO,45,4,102.40902831951453,156.5545908029008,184.0949779750743,vibration,2,0.5366783616106333,342.0,436.0,27.485380116959064,0,53,53,100.0,3,161.5492999990238,826.9586999995227,28000,218.0,6,237.0,1,0.3807214167365183,10
compound,A*-GA,45,4,102.40902831951453,156.5545908029008,184.0949779750743,vibration,2,0.5366783616106333,304.0,682.0,124.3421052631579,0,53,53,100.0,0,,0.0,0,224.0,8,None,1,0.3387422925036666,10
compound,noFLC,45,4,102.40902831951453,156.5545908029008,184.0949779750743,vibration,2,0.5366783616106333,342.0,516.0,50.877192982456144,0,53,53,100.0,3,159.7379999984696,778.5488999979862,28000,221.0,3,341.0,1,0.39063577694104873,10
compound,moead-cl,45,4,102.40902831951453,156.5545908029008,184.0949779750743,vibration,2,0.5366783616106333,342.0,578.0,69.00584795321637,0,53,53,100.0,3,577.5823000003584,3921.993099997053,28000,223.0,0,277.0,1,0.35604664793554786,10
compound,EHCO,46,4,102.40902831951453,156.5545908029008,184.0949779750743,vibration,2,0.5366783616106333,300.0,407.0,35.66666666666667,0,53,53,100.0,3,140.77069999984815,755.6334000000788,28000,221.0,4,256.0,1,0.4090253355192916,10
compound,A*-GA,46,4,102.40902831951453,156.5545908029008,184.0949779750743,vibration,2,0.5366783616106333,297.0,758.0,155.21885521885523,0,53,53,100.0,0,,0.0,0,226.0,3,None,1,0.3362673931389811,10
compound,noFLC,46,4,102.40902831951453,156.5545908029008,184.0949779750743,vibration,2,0.5366783616106333,300.0,526.0,75.33333333333333,0,53,53,100.0,3,137.47610000064014,784.698200001003,28000,221.0,4,256.0,1,0.3623967232777171,10
compound,moead-cl,46,4,102.40902831951453,156.5545908029008,184.0949779750743,vibration,2,0.5366783616106333,300.0,388.0,29.333333333333332,0,53,53,100.0,3,570.9624000010081,3957.443499999499,28000,220.0,9,260.0,1,0.42509146044749313,10
compound,EHCO,47,4,102.40902831951453,156.5545908029008,184.0949779750743,vibration,2,0.5366783616106333,312.0,549.0,75.96153846153845,0,53,53,100.0,3,165.3461000023526,850.7024000027741,28000,222.0,3,320.0,1,0.369542304060302,10
compound,A*-GA,47,4,102.40902831951453,156.5545908029008,184.0949779750743,vibration,2,0.5366783616106333,313.0,1290.0,312.1405750798722,0,53,53,100.0,0,,0.0,0,227.0,1,None,1,0.333215830461357,10
compound,noFLC,47,4,102.40902831951453,156.5545908029008,184.0949779750743,vibration,2,0.5366783616106333,312.0,549.0,75.96153846153845,0,53,53,100.0,3,144.8495999975421,810.5106999973941,28000,222.0,3,250.0,1,0.3558869725504528,10
compound,moead-cl,47,4,102.40902831951453,156.5545908029008,184.0949779750743,vibration,2,0.5366783616106333,312.0,542.0,73.71794871794873,0,53,53,100.0,3,573.3385999992606,3977.280299997801,28000,225.0,9,334.0,1,0.3828247071212719,10
compound,EHCO,48,4,102.40902831951453,156.5545908029008,184.0949779750743,vibration,2,0.5366783616106333,315.0,488.0,54.920634920634924,0,53,53,100.0,3,138.09340000079828,801.5593999989505,28000,222.0,6,254.0,1,0.37171642956850165,10
compound,A*-GA,48,4,102.40902831951453,156.5545908029008,184.0949779750743,vibration,2,0.5366783616106333,308.0,593.0,92.53246753246754,0,53,53,100.0,0,,0.0,0,220.0,1,None,1,0.3438568398706543,10
compound,noFLC,48,4,102.40902831951453,156.5545908029008,184.0949779750743,vibration,2,0.5366783616106333,315.0,603.0,91.42857142857143,0,53,53,100.0,3,147.24520000163466,768.1426000017382,28000,222.0,0,338.0,1,0.36503167869794423,10
compound,moead-cl,48,4,102.40902831951453,156.5545908029008,184.0949779750743,vibration,2,0.5366783616106333,315.0,468.0,48.57142857142857,0,53,53,100.0,3,558.6742000014056,3977.4270999987493,28000,215.0,2,326.0,1,0.4153126418334156,10
compound,EHCO,49,4,102.40902831951453,156.5545908029008,184.0949779750743,vibration,2,0.5366783616106333,310.0,437.0,40.96774193548387,0,53,53,100.0,3,143.31210000091232,797.1426999974938,28000,220.0,9,288.0,1,0.41121819834025874,10
compound,A*-GA,49,4,102.40902831951453,156.5545908029008,184.0949779750743,vibration,2,0.5366783616106333,302.0,854.0,182.7814569536424,0,53,53,100.0,0,,0.0,0,215.0,7,None,1,0.33435926781708586,10
compound,noFLC,49,4,102.40902831951453,156.5545908029008,184.0949779750743,vibration,2,0.5366783616106333,310.0,577.0,86.12903225806451,0,53,53,100.0,3,142.30700000189245,793.717700002162,28000,218.0,2,None,1,0.3452290035765503,10
compound,moead-cl,49,4,102.40902831951453,156.5545908029008,184.0949779750743,vibration,2,0.5366783616106333,310.0,436.0,40.64516129032258,0,53,53,100.0,3,603.1246000020474,3965.3861000006145,28000,218.0,2,None,1,0.40325830676743446,10
compound,EHCO,50,4,102.40902831951453,156.5545908029008,184.0949779750743,vibration,2,0.5366783616106333,348.0,459.0,31.896551724137932,0,53,53,100.0,3,145.95659999758936,796.3284999932512,28000,223.0,5,308.0,1,0.40318934951517144,10
compound,A*-GA,50,4,102.40902831951453,156.5545908029008,184.0949779750743,vibration,2,0.5366783616106333,299.0,667.0,123.07692307692308,0,53,53,100.0,0,,0.0,0,217.0,3,None,1,0.3390485820822069,10
compound,noFLC,50,4,102.40902831951453,156.5545908029008,184.0949779750743,vibration,2,0.5366783616106333,348.0,520.0,49.42528735632184,0,53,53,100.0,3,133.23659999878146,754.1150999968522,28000,223.0,5,254.0,1,0.36310598204651356,10
compound,moead-cl,50,4,102.40902831951453,156.5545908029008,184.0949779750743,vibration,2,0.5366783616106333,348.0,506.0,45.40229885057471,0,53,53,100.0,3,551.770399997622,3930.8273999995436,28000,229.0,8,276.0,1,0.37301951677159906,10
compound,EHCO,51,4,102.40902831951453,156.5545908029008,184.0949779750743,vibration,2,0.5366783616106333,282.0,443.0,57.09219858156028,0,53,53,100.0,3,145.91260000088369,800.6286000018008,28000,224.0,3,338.0,1,0.4524194476669917,10
compound,A*-GA,51,4,102.40902831951453,156.5545908029008,184.0949779750743,vibration,2,0.5366783616106333,293.0,779.0,165.8703071672355,0,53,53,100.0,0,,0.0,0,226.0,4,None,1,0.3357323561311193,10
compound,noFLC,51,4,102.40902831951453,156.5545908029008,184.0949779750743,vibration,2,0.5366783616106333,282.0,432.0,53.191489361702125,0,53,53,100.0,3,153.19219999946654,817.0562999948743,28000,219.0,2,339.0,1,0.4600932523699312,10
compound,moead-cl,51,4,102.40902831951453,156.5545908029008,184.0949779750743,vibration,2,0.5366783616106333,282.0,442.0,56.73758865248227,0,53,53,100.0,3,566.787599997042,3935.759499996493,28000,224.0,3,338.0,1,0.4532066194722999,10
compound,EHCO,52,4,102.40902831951453,156.5545908029008,184.0949779750743,vibration,2,0.5366783616106333,324.0,397.0,22.530864197530864,0,53,53,100.0,3,134.97540000025765,718.7308000029589,28000,221.0,1,301.0,1,0.42192020790943324,10
compound,A*-GA,52,4,102.40902831951453,156.5545908029008,184.0949779750743,vibration,2,0.5366783616106333,301.0,550.0,82.72425249169434,0,53,53,100.0,0,,0.0,0,231.0,3,None,1,0.3511283581455899,10
compound,noFLC,52,4,102.40902831951453,156.5545908029008,184.0949779750743,vibration,2,0.5366783616106333,324.0,459.0,41.66666666666667,0,53,53,100.0,3,136.12449999709497,713.173199994344,28000,221.0,1,301.0,1,0.3895970160441994,10
compound,moead-cl,52,4,102.40902831951453,156.5545908029008,184.0949779750743,vibration,2,0.5366783616106333,324.0,435.0,34.25925925925926,0,53,53,100.0,3,568.7710000020161,3977.7643000015814,28000,222.0,1,277.0,1,0.3899190613918421,10
compound,EHCO,53,4,102.40902831951453,156.5545908029008,184.0949779750743,vibration,2,0.5366783616106333,396.0,670.0,69.1919191919192,0,53,53,100.0,3,138.06190000104834,797.6639999978943,28000,220.0,2,None,1,0.33895496462011393,10
compound,A*-GA,53,4,102.40902831951453,156.5545908029008,184.0949779750743,vibration,2,0.5366783616106333,290.0,739.0,154.82758620689657,0,53,53,100.0,0,,0.0,0,220.0,8,None,1,0.33645388025898,10
compound,noFLC,53,4,102.40902831951453,156.5545908029008,184.0949779750743,vibration,2,0.5366783616106333,396.0,433.0,9.343434343434344,0,53,53,100.0,3,136.0328999980993,751.2300999987929,28000,220.0,8,None,1,0.39787212064112504,10
compound,moead-cl,53,4,102.40902831951453,156.5545908029008,184.0949779750743,vibration,2,0.5366783616106333,396.0,553.0,39.64646464646464,0,53,53,100.0,3,562.402599996858,3973.27889999724,28000,220.0,2,252.0,1,0.35522274488723965,10
compound,EHCO,54,4,102.40902831951453,156.5545908029008,184.0949779750743,vibration,2,0.5366783616106333,352.0,549.0,55.96590909090909,0,53,53,100.0,3,143.54950000051758,775.9204000030877,28000,223.0,8,None,1,0.3496196942714238,10
compound,A*-GA,54,4,102.40902831951453,156.5545908029008,184.0949779750743,vibration,2,0.5366783616106333,323.0,1467.0,354.1795665634675,0,53,53,100.0,0,,0.0,0,224.0,2,None,1,0.33309525586355937,10
compound,noFLC,54,4,102.40902831951453,156.5545908029008,184.0949779750743,vibration,2,0.5366783616106333,352.0,537.0,52.55681818181818,0,53,53,100.0,3,151.88790000320296,833.7252000019362,28000,223.0,8,235.0,1,0.354275504116802,10
compound,moead-cl,54,4,102.40902831951453,156.5545908029008,184.0949779750743,vibration,2,0.5366783616106333,352.0,456.0,29.545454545454547,0,53,53,100.0,3,572.1560000019963,4014.594299998862,28000,218.0,9,240.0,1,0.37660735334441287,10
compound,EHCO,55,4,102.40902831951453,156.5545908029008,184.0949779750743,vibration,2,0.5366783616106333,359.0,381.0,6.128133704735376,0,53,53,100.0,3,151.50379999977304,797.7625999992597,28000,222.0,6,238.0,1,0.4102008821969635,10
compound,A*-GA,55,4,102.40902831951453,156.5545908029008,184.0949779750743,vibration,2,0.5366783616106333,292.0,639.0,118.83561643835617,0,53,53,100.0,0,,0.0,0,224.0,1,None,1,0.3407956008041252,10
compound,noFLC,55,4,102.40902831951453,156.5545908029008,184.0949779750743,vibration,2,0.5366783616106333,359.0,431.0,20.055710306406684,0,53,53,100.0,3,144.9192000000039,795.8763999995426,28000,220.0,6,318.0,1,0.44710367101751486,10
compound,moead-cl,55,4,102.40902831951453,156.5545908029008,184.0949779750743,vibration,2,0.5366783616106333,359.0,468.0,30.362116991643457,0,53,53,100.0,3,579.5348999999987,3983.895000001212,28000,219.0,1,316.0,1,0.41942676212633634,10
compound,EHCO,56,4,102.40902831951453,156.5545908029008,184.0949779750743,vibration,2,0.5366783616106333,342.0,462.0,35.08771929824561,0,53,53,100.0,3,157.8073000018776,783.4340000044904,28000,231.0,6,260.0,1,0.38274525866503833,10
compound,A*-GA,56,4,102.40902831951453,156.5545908029008,184.0949779750743,vibration,2,0.5366783616106333,296.0,684.0,131.08108108108107,0,53,53,100.0,0,,0.0,0,224.0,0,None,1,0.3385075934681226,10
compound,noFLC,56,4,102.40902831951453,156.5545908029008,184.0949779750743,vibration,2,0.5366783616106333,342.0,435.0,27.192982456140353,0,53,53,100.0,3,150.34689999811235,760.7044999967911,28000,231.0,6,260.0,1,0.39469116106084684,10
compound,moead-cl,56,4,102.40902831951453,156.5545908029008,184.0949779750743,vibration,2,0.5366783616106333,342.0,492.0,43.859649122807014,0,53,53,100.0,3,566.6295000009995,3952.8075000016543,28000,231.0,6,260.0,1,0.3721027268492601,10
compound,EHCO,57,4,102.40902831951453,156.5545908029008,184.0949779750743,vibration,2,0.5366783616106333,277.0,414.0,49.458483754512635,0,53,53,100.0,3,137.87589999992633,757.395100001304,28000,218.0,2,323.0,1,0.4551559669293506,10
compound,A*-GA,57,4,102.40902831951453,156.5545908029008,184.0949779750743,vibration,2,0.5366783616106333,287.0,539.0,87.8048780487805,0,53,53,100.0,0,,0.0,0,221.0,7,None,1,0.3505511302180252,10
compound,noFLC,57,4,102.40902831951453,156.5545908029008,184.0949779750743,vibration,2,0.5366783616106333,277.0,479.0,72.92418772563177,0,53,53,100.0,3,134.70520000191755,740.8528000050865,28000,227.0,4,None,1,0.36390616512381313,10
compound,moead-cl,57,4,102.40902831951453,156.5545908029008,184.0949779750743,vibration,2,0.5366783616106333,277.0,381.0,37.545126353790614,0,53,53,100.0,3,586.6984999993292,3958.0265000004147,28000,217.0,2,264.0,1,0.43193537409659594,10
compound,EHCO,58,4,102.40902831951453,156.5545908029008,184.0949779750743,vibration,2,0.5366783616106333,307.0,451.0,46.90553745928339,0,53,53,100.0,3,162.48950000226614,818.5033000045223,28000,229.0,0,325.0,1,0.4295314031122386,10
compound,A*-GA,58,4,102.40902831951453,156.5545908029008,184.0949779750743,vibration,2,0.5366783616106333,318.0,682.0,114.46540880503144,0,53,53,100.0,0,,0.0,0,222.0,3,None,1,0.33856068482118273,10
compound,noFLC,58,4,102.40902831951453,156.5545908029008,184.0949779750743,vibration,2,0.5366783616106333,307.0,497.0,61.88925081433225,0,53,53,100.0,3,147.49270000174874,778.594500003237,28000,229.0,0,325.0,1,0.40187248353324506,10
compound,moead-cl,58,4,102.40902831951453,156.5545908029008,184.0949779750743,vibration,2,0.5366783616106333,307.0,460.0,49.8371335504886,0,53,53,100.0,3,563.1519999988086,3964.9919999974372,28000,229.0,0,325.0,1,0.42354549028650984,10
compound,EHCO,59,4,102.40902831951453,156.5545908029008,184.0949779750743,vibration,2,0.5366783616106333,292.0,458.0,56.849315068493155,0,53,53,100.0,3,145.72160000170697,801.824400001351,28000,220.0,9,389.0,1,0.4720291389362108,10
compound,A*-GA,59,4,102.40902831951453,156.5545908029008,184.0949779750743,vibration,2,0.5366783616106333,298.0,824.0,176.51006711409397,0,53,53,100.0,0,,0.0,0,225.0,4,None,1,0.3348456144854263,10
compound,noFLC,59,4,102.40902831951453,156.5545908029008,184.0949779750743,vibration,2,0.5366783616106333,292.0,415.0,42.12328767123288,0,53,53,100.0,3,143.85929999843938,784.9181999990833,28000,220.0,9,389.0,1,0.4761627960847277,10
compound,moead-cl,59,4,102.40902831951453,156.5545908029008,184.0949779750743,vibration,2,0.5366783616106333,292.0,445.0,52.3972602739726,0,53,53,100.0,3,572.8176999982679,3993.031300000439,28000,221.0,9,398.0,1,0.47879565074010266,10
compound,EHCO,60,4,102.40902831951453,156.5545908029008,184.0949779750743,vibration,2,0.5366783616106333,353.0,454.0,28.611898016997166,0,53,53,100.0,3,150.4026000002341,791.2666000011086,28000,224.0,1,269.0,1,0.37422205192822877,10
compound,A*-GA,60,4,102.40902831951453,156.5545908029008,184.0949779750743,vibration,2,0.5366783616106333,297.0,758.0,155.21885521885523,0,53,53,100.0,0,,0.0,0,220.0,7,None,1,0.3359906191801873,10
compound,noFLC,60,4,102.40902831951453,156.5545908029008,184.0949779750743,vibration,2,0.5366783616106333,353.0,432.0,22.379603399433428,0,53,53,100.0,3,140.4054000013275,806.187599999248,28000,224.0,1,269.0,1,0.3822622855722726,10
compound,moead-cl,60,4,102.40902831951453,156.5545908029008,184.0949779750743,vibration,2,0.5366783616106333,353.0,440.0,24.645892351274785,0,53,53,100.0,3,590.5840000013995,3996.301700000913,28000,224.0,1,269.0,1,0.37917253511822246,10
