seed,algo,row,f1,f2,f3,f4,knee
31,AW-NSGA-II,0,289.0,2242.6497883971924,1202.5000000000002,0.0,0
31,AW-NSGA-II,1,266.0,2309.0253363456427,1206.5000000000002,0.0,0
31,AW-NSGA-II,2,284.3333333333333,2358.670135586939,1183.6666666666667,0.0,0
31,AW-NSGA-II,3,266.0,2351.775077086383,1205.3333333333333,0.0,1
31,AW-NSGA-II,4,266.0,2351.775077086383,1205.3333333333333,0.0,0
31,AW-NSGA-II,5,274.0,2265.250885065153,1195.5000000000002,0.0,0
31,AW-NSGA-II,6,289.0,2246.0244197354514,1196.6666666666667,0.0,0
31,AW-NSGA-II,7,281.6666666666667,2321.028174116516,1186.3333333333335,0.0,0
31,AW-NSGA-II,8,284.3333333333333,2358.670135586939,1183.6666666666667,0.0,0
31,AW-NSGA-II,9,281.6666666666667,2322.2118722723494,1184.6666666666665,0.0,0
31,AW-NSGA-II,10,289.0,2303.7092532734277,1184.3333333333335,0.0,0
31,AW-NSGA-II,11,281.6666666666667,2322.2118722723494,1184.6666666666665,0.0,0
31,AW-NSGA-II,12,267.0,2304.6803997006355,1213.3333333333335,0.0,0
31,AW-NSGA-II,13,289.0,2305.7509440162316,1176.8333333333335,0.0,0
31,AW-NSGA-II,14,289.0,2300.9949251436856,1185.3333333333333,0.0,0
31,AW-NSGA-II,15,284.3333333333333,2358.670135586939,1183.6666666666667,0.0,0
31,AW-NSGA-II,16,289.0,2245.5848212929695,1200.0,0.0,0
31,AW-NSGA-II,17,271.0,2253.005312220898,1199.3333333333335,0.0,0
31,AW-NSGA-II,18,289.0,2242.6497883971924,1202.5000000000002,0.0,0
31,AW-NSGA-II,19,289.0,2260.305216626116,1185.5,0.0,0
31,AW-NSGA-II,20,289.0,2250.866602961515,1196.3333333333333,0.0,0
31,AW-NSGA-II,21,279.0,2302.028464978688,1189.5,0.0,0
31,AW-NSGA-II,22,281.6666666666667,2321.028174116516,1186.3333333333335,0.0,0
31,AW-NSGA-II,23,289.0,2245.5848212929695,1200.0,0.0,0
31,AW-NSGA-II,24,289.0,2251.623106707807,1191.6666666666665,0.0,0
31,AW-NSGA-II,25,281.6666666666667,2307.4272869902334,1187.5,0.0,0
31,AW-NSGA-II,26,266.0,2309.0253363456427,1206.5000000000002,0.0,0
31,AW-NSGA-II,27,289.0,2305.7509440162316,1176.8333333333335,0.0,0
31,AW-NSGA-II,28,289.0,2231.0008944517544,1204.9999999999998,0.0,0
31,AW-NSGA-II,29,271.0,2243.0609903652685,1204.3333333333333,0.0,0
31,AW-NSGA-II,30,289.0,2242.6497883971924,1202.5000000000002,0.0,0
31,NSGA-II-2obj,0,282.3333333333333,2220.8880108074027,1246.3333333333335,0.0,0
31,NSGA-II-2obj,1,309.0,2106.3482150080936,1229.6666666666667,0.0,1
31,NSGA-II-2obj,2,280.0,2227.7841574638765,1236.5,0.0,0
31,NSGA-II-2obj,3,286.33333333333337,2139.9958075795876,1240.9999999999998,0.0,0
31,NSGA-II-2obj,4,282.3333333333333,2220.8880108074027,1246.3333333333335,0.0,0
31,NSGA-II-2obj,5,309.0,2106.3482150080936,1229.6666666666667,0.0,0
31,NSGA-II-2obj,6,285.66666666666663,2195.339848573281,1252.6666666666665,0.0,0
31,NSGA-II-3obj,0,308.0,2258.7837504986483,1189.1666666666667,0.0,0
31,NSGA-II-3obj,1,308.0,2258.7837504986483,1189.1666666666667,0.0,0
31,NSGA-II-3obj,2,340.99999999999994,2208.4733969338795,1191.0,0.0,0
31,NSGA-II-3obj,3,340.99999999999994,2208.4733969338795,1191.0,0.0,0
31,NSGA-II-3obj,4,283.3333333333333,2225.241421107114,1223.8333333333333,0.0,0
31,NSGA-II-3obj,5,291.66666666666663,2241.9578358839767,1195.6666666666667,0.0,0
31,NSGA-II-3obj,6,292.6666666666667,2299.780392033659,1188.0000000000002,0.0,0
31,NSGA-II-3obj,7,289.3333333333333,2213.7160748962397,1216.1666666666667,0.0,0
31,NSGA-II-3obj,8,340.99999999999994,2208.4733969338795,1191.0,0.0,0
31,NSGA-II-3obj,9,289.3333333333333,2213.7160748962397,1216.1666666666667,0.0,0
31,NSGA-II-3obj,10,291.66666666666663,2189.417591672271,1200.0,0.0,0
31,NSGA-II-3obj,11,292.6666666666667,2299.780392033659,1188.0000000000002,0.0,0
31,NSGA-II-3obj,12,289.3333333333333,2213.7160748962397,1216.1666666666667,0.0,0
31,NSGA-II-3obj,13,295.33333333333337,2173.6625053312737,1192.6666666666665,0.0,0
31,NSGA-II-3obj,14,317.33333333333337,2355.5019200100096,1175.1666666666665,0.0,0
31,NSGA-II-3obj,15,306.6666666666667,2139.071328239465,1202.0000000000002,0.0,0
31,NSGA-II-3obj,16,340.99999999999994,2211.4629653389084,1189.1666666666667,0.0,0
31,NSGA-II-3obj,17,289.3333333333333,2213.7160748962397,1216.1666666666667,0.0,0
31,NSGA-II-3obj,18,340.99999999999994,2214.454610035164,1185.6666666666667,0.0,0
31,NSGA-II-3obj,19,283.3333333333333,2225.241421107114,1223.8333333333333,0.0,0
31,NSGA-II-3obj,20,283.3333333333333,2192.9785640388436,1226.3333333333335,0.0,0
31,NSGA-II-3obj,21,328.66666666666663,2251.621461887016,1186.5,0.0,0
31,NSGA-II-3obj,22,276.6666666666667,2291.7827624040297,1198.6666666666667,0.0,0
31,NSGA-II-3obj,23,306.6666666666667,2132.0728837950205,1209.0000000000002,0.0,0
31,NSGA-II-3obj,24,308.0,2258.7837504986483,1189.1666666666667,0.0,0
31,NSGA-II-3obj,25,273.0,2276.485746172779,1208.9999999999998,0.0,0
31,NSGA-II-3obj,26,291.66666666666663,2241.9578358839767,1195.6666666666667,0.0,0
31,NSGA-II-3obj,27,282.0,2222.3013195152344,1236.0000000000002,0.0,1
31,NSGA-II-3obj,28,273.0,2293.2618364749947,1201.3333333333333,0.0,0
31,NSGA-II-3obj,29,340.99999999999994,2211.4629653389084,1189.1666666666667,0.0,0
31,NSGA-II-3obj,30,273.0,2276.485746172779,1208.9999999999998,0.0,0
31,NSGA-II-3obj,31,282.0,2224.4678750707894,1235.5,0.0,0
31,NSGA-II-3obj,32,308.0,2258.7837504986483,1189.1666666666667,0.0,0
31,NSGA-II-3obj,33,328.66666666666663,2251.621461887016,1186.5,0.0,0
31,NSGA-II-3obj,34,289.3333333333333,2213.7160748962397,1216.1666666666667,0.0,0
31,NSGA-II-3obj,35,273.0,2293.2618364749947,1201.3333333333333,0.0,0
31,NSGA-II-3obj,36,328.66666666666663,2251.621461887016,1186.5,0.0,0
31,NSGA-II-3obj,37,340.99999999999994,2208.4733969338795,1191.0,0.0,0
31,NSGA-II-3obj,38,292.0,2149.4331716005154,1194.6666666666667,0.0,0
31,NSGA-II-3obj,39,340.99999999999994,2239.1210544796086,1184.6666666666667,0.0,0
31,NSGA-II-3obj,40,308.0,2258.7837504986483,1189.1666666666667,0.0,0
31,NSGA-II-3obj,41,286.0,2280.66888567252,1193.0000000000002,0.0,0
31,NSGA-II-3obj,42,292.6666666666667,2311.7793549966223,1183.3333333333333,0.0,0
31,NSGA-II-3obj,43,287.3333333333333,2219.931438458727,1215.6666666666667,0.0,0
31,NSGA-II-3obj,44,276.6666666666667,2226.616354996622,1199.8333333333335,0.0,0
31,NSGA-II-3obj,45,291.66666666666663,2149.497616442385,1200.6666666666667,0.0,0
31,NSGA-II-3obj,46,328.66666666666663,2251.621461887016,1186.5,0.0,0
31,NSGA-II-3obj,47,340.99999999999994,2208.4733969338795,1191.0,0.0,0
31,NSGA-II-3obj,48,283.3333333333333,2192.9785640388436,1226.3333333333335,0.0,0
31,NSGA-II-3obj,49,283.3333333333333,2201.8113418166217,1223.8333333333335,0.0,0
31,NSGA-II-3obj,50,291.66666666666663,2224.836816170218,1196.3333333333333,0.0,0
31,NSGA-II-3obj,51,291.66666666666663,2241.9578358839767,1195.6666666666667,0.0,0
31,NSGA-II-3obj,52,306.6666666666667,2132.0728837950205,1209.0000000000002,0.0,0
31,NSGA-II-3obj,53,340.99999999999994,2208.4733969338795,1191.0,0.0,0
31,NSGA-II-3obj,54,292.6666666666667,2311.7793549966223,1183.3333333333333,0.0,0
31,NSGA-II-3obj,55,282.0,2224.4678750707894,1235.5,0.0,0
31,NSGA-II-3obj,56,287.3333333333333,2219.931438458727,1215.6666666666667,0.0,0
31,NSGA-III,0,432.33333333333337,2695.7088305886923,1179.0000000000002,0.0,1
31,NSGA-III,1,272.33333333333337,2216.2784986227684,1212.5,0.0,0
31,NSGA-III,2,288.3333333333333,2290.497103026344,1190.1666666666667,0.0,0
31,NSGA-III,3,289.6666666666667,2219.7851497578426,1205.0000000000002,0.0,0
31,NSGA-III,4,292.0,2268.2471771004184,1190.4999999999998,0.0,0
31,NSGA-III,5,289.6666666666667,2194.119297905991,1208.6666666666667,0.0,0
31,NSGA-III,6,282.33333333333337,2299.5289198179694,1187.6666666666665,0.0,0
31,NSGA-III,7,289.6666666666667,2194.119297905991,1208.6666666666667,0.0,0
31,NSGA-III,8,299.0,2202.3004176688455,1206.6666666666665,0.0,0
31,NSGA-III,9,288.3333333333333,2294.3510883600748,1189.3333333333335,0.0,0
31,NSGA-III,10,289.6666666666667,2194.5219381630204,1208.6666666666665,0.0,0
31,NSGA-III,11,288.3333333333333,2353.674269243808,1181.6666666666663,0.0,0
31,NSGA-III,12,289.6666666666667,2219.7851497578426,1205.0000000000002,0.0,0
31,NSGA-III,13,272.33333333333337,2216.2784986227684,1212.5,0.0,0
31,NSGA-III,14,274.6666666666667,2308.4072055852685,1192.0000000000002,0.0,0
31,NSGA-III,15,432.33333333333337,2695.7088305886923,1179.0000000000002,0.0,0
31,NSGA-III,16,289.6666666666667,2184.14883378029,1213.1666666666665,0.0,0
31,NSGA-III,17,292.0,2226.634132249009,1195.1666666666667,0.0,0
31,NSGA-III,18,292.0,2264.429950609422,1192.8333333333333,0.0,0
31,NSGA-III,19,289.6666666666667,2219.7851497578426,1205.0000000000002,0.0,0
31,NSGA-III,20,292.0,2264.429950609422,1192.8333333333333,0.0,0
31,NSGA-III,21,299.0,2202.4876913525673,1203.0,0.0,0
31,NSGA-III,22,268.33333333333337,2231.7861622774517,1195.5000000000002,0.0,0
31,NSGA-III,23,292.0,2264.429950609422,1192.8333333333333,0.0,0
31,NSGA-III,24,292.0,2272.094913572385,1185.1666666666667,0.0,0
31,NSGA-III,25,292.0,2268.2471771004184,1190.4999999999998,0.0,0
31,MOEA/D,0,271.6666666666667,2075.7516412834575,1203.0000000000002,0.0,1
31,MOEA/D,1,276.6666666666667,2116.394016343864,1199.1666666666667,0.0,0
31,MOEA/D,2,276.6666666666667,2039.2013181056045,1213.3333333333333,0.0,0
31,MOEA/D,3,276.6666666666667,2039.2013181056045,1213.3333333333333,0.0,0
31,MOEA/D,5,276.0,2059.0103645518598,1207.3333333333337,0.0,0
31,MOEA/D,6,276.0,2059.0103645518598,1207.3333333333337,0.0,0
31,MOEA/D,8,276.6666666666667,2039.2013181056045,1213.3333333333333,0.0,0
31,MOEA/D,10,276.6666666666667,2039.2013181056045,1213.3333333333333,0.0,0
31,MOEA/D,12,276.6666666666667,2039.2013181056045,1213.3333333333333,0.0,0
31,MOEA/D,13,276.0,2091.409646450218,1199.6666666666667,0.0,0
31,MOEA/D,15,276.6666666666667,2039.2013181056045,1213.3333333333333,0.0,0
31,MOEA/D,16,276.6666666666667,2039.2013181056045,1213.3333333333333,0.0,0
31,MOEA/D,17,271.6666666666667,2075.7516412834575,1203.0000000000002,0.0,0
31,MOEA/D,18,271.6666666666667,2075.7516412834575,1203.0000000000002,0.0,0
31,MOEA/D,19,276.6666666666667,2039.2013181056045,1213.3333333333333,0.0,0
31,MOEA/D,20,276.6666666666667,2039.2013181056045,1213.3333333333333,0.0,0
31,MOEA/D,22,276.6666666666667,2039.2013181056045,1213.3333333333333,0.0,0
31,MOEA/D,23,276.0,2059.0103645518598,1207.3333333333337,0.0,0
31,MOEA/D,24,265.0,2138.491339711464,1216.6666666666665,0.0,0
31,MOEA/D,25,276.0,2087.910090894663,1201.6666666666667,0.0,0
31,MOEA/D,26,276.0,2059.0103645518598,1207.3333333333337,0.0,0
31,MOEA/D,27,276.6666666666667,2039.2013181056045,1213.3333333333333,0.0,0
31,MOEA/D,28,276.0,2059.0103645518598,1207.3333333333337,0.0,0
31,MOEA/D,29,276.0,2059.0103645518598,1207.3333333333337,0.0,0
31,MOEA/D,30,276.6666666666667,2039.2013181056045,1213.3333333333333,0.0,0
31,MOEA/D,31,276.6666666666667,2039.2013181056045,1213.3333333333333,0.0,0
31,MOEA/D,33,276.6666666666667,2039.2013181056045,1213.3333333333333,0.0,0
31,MOEA/D,34,276.6666666666667,2039.2013181056045,1213.3333333333333,0.0,0
31,MOEA/D,35,276.6666666666667,2039.2013181056045,1213.3333333333333,0.0,0
31,MOEA/D,36,276.6666666666667,2039.2013181056045,1213.3333333333333,0.0,0
31,MOEA/D,37,276.6666666666667,2039.2013181056045,1213.3333333333333,0.0,0
31,MOEA/D,38,276.0,2059.0103645518598,1207.3333333333337,0.0,0
31,MOEA/D,39,271.6666666666667,2075.7516412834575,1203.0000000000002,0.0,0
31,MOEA/D,40,276.6666666666667,2039.2013181056045,1213.3333333333333,0.0,0
31,MOEA/D,41,276.6666666666667,2039.2013181056045,1213.3333333333333,0.0,0
31,MOEA/D,42,276.0,2059.0103645518598,1207.3333333333337,0.0,0
31,MOEA/D,43,276.6666666666667,2039.2013181056045,1213.3333333333333,0.0,0
31,MOEA/D,44,276.6666666666667,2039.2013181056045,1213.3333333333333,0.0,0
31,MOEA/D,45,276.6666666666667,2039.2013181056045,1213.3333333333333,0.0,0
31,MOEA/D,46,276.0,2059.0103645518598,1207.3333333333337,0.0,0
31,MOEA/D,47,276.6666666666667,2039.2013181056045,1213.3333333333333,0.0,0
31,MOEA/D,48,271.6666666666667,2075.7516412834575,1203.0000000000002,0.0,0
31,MOEA/D,49,276.6666666666667,2039.2013181056045,1213.3333333333333,0.0,0
31,MOEA/D,51,276.0,2062.4440887528494,1205.3333333333333,0.0,0
31,MOEA/D,52,276.6666666666667,2039.2013181056045,1213.3333333333333,0.0,0
31,MOEA/D,53,276.6666666666667,2039.2013181056045,1213.3333333333333,0.0,0
31,MOEA/D,54,276.0,2059.0103645518598,1207.3333333333337,0.0,0
31,MOEA/D,55,276.0,2087.910090894663,1201.6666666666667,0.0,0
31,MOEA/D,56,276.6666666666667,2116.394016343864,1199.1666666666667,0.0,0
31,MOEA/D,57,271.6666666666667,2075.7516412834575,1203.0000000000002,0.0,0
31,MOEA/D,58,271.6666666666667,2075.7516412834575,1203.0000000000002,0.0,0
31,MOEA/D,60,276.6666666666667,2039.2013181056045,1213.3333333333333,0.0,0
31,MOEA/D,61,276.6666666666667,2039.2013181056045,1213.3333333333333,0.0,0
31,MOEA/D,62,276.0,2062.4440887528494,1205.3333333333333,0.0,0
31,MOEA/D,63,289.66666666666663,2106.6122129898185,1195.8333333333333,0.0,0
31,MOEA/D,64,276.6666666666667,2039.2013181056045,1213.3333333333333,0.0,0
31,MOEA/D,65,276.6666666666667,2039.2013181056045,1213.3333333333333,0.0,0
31,MOEA/D,66,276.6666666666667,2039.2013181056045,1213.3333333333333,0.0,0
31,MOEA/D,70,276.6666666666667,2039.2013181056045,1213.3333333333333,0.0,0
31,MOEA/D,71,276.0,2091.409646450218,1199.6666666666667,0.0,0
31,MOEA/D,72,276.0,2087.910090894663,1201.6666666666667,0.0,0
31,MOEA/D,73,276.0,2091.409646450218,1199.6666666666667,0.0,0
31,MOEA/D,74,276.0,2059.0103645518598,1207.3333333333337,0.0,0
31,MOEA/D,75,276.6666666666667,2039.2013181056045,1213.3333333333333,0.0,0
31,MOEA/D,76,265.0,2138.491339711464,1216.6666666666665,0.0,0
31,MOEA/D,77,271.6666666666667,2118.378619343,1202.8333333333335,0.0,0
31,MOEA/D,78,276.6666666666667,2039.2013181056045,1213.3333333333333,0.0,0
31,MOEA/D,79,276.0,2059.0103645518598,1207.3333333333337,0.0,0
31,MOEA/D,82,276.6666666666667,2039.2013181056045,1213.3333333333333,0.0,0
31,MOEA/D,84,276.0,2059.0103645518598,1207.3333333333337,0.0,0
31,MOEA/D,85,276.6666666666667,2039.2013181056045,1213.3333333333333,0.0,0
31,MOEA/D,86,276.6666666666667,2039.2013181056045,1213.3333333333333,0.0,0
31,MOEA/D,87,276.6666666666667,2065.191949820689,1202.8333333333335,0.0,0
31,MOEA/D,88,276.6666666666667,2065.191949820689,1202.8333333333335,0.0,0
31,MOEA/D,89,276.6666666666667,2039.2013181056045,1213.3333333333333,0.0,0
31,MOEA/D,90,276.6666666666667,2039.2013181056045,1213.3333333333333,0.0,0
31,MOEA/D,91,276.6666666666667,2039.2013181056045,1213.3333333333333,0.0,0
31,MOEA/D,92,276.6666666666667,2039.2013181056045,1213.3333333333333,0.0,0
31,MOEA/D,93,271.6666666666667,2075.7516412834575,1203.0000000000002,0.0,0
31,MOEA/D,94,276.0,2062.4440887528494,1205.3333333333333,0.0,0
31,MOEA/D,96,276.6666666666667,2039.2013181056045,1213.3333333333333,0.0,0
31,MOEA/D,97,276.0,2062.4440887528494,1205.3333333333333,0.0,0
31,MOEA/D,99,265.0,2138.491339711464,1216.6666666666665,0.0,0
31,GA-SA,0,270.0,2312.528951444645,1155.0000000000002,0.0,1
31,A*-GA,0,281.3333333333333,2129.7994338750746,1240.3333333333333,0.0,1
31,LWC,0,276.66666666666663,2296.447739148107,1214.3333333333335,0.0,0
31,LWC,1,308.6666666666667,2255.625819587353,1202.0000000000002,0.0,0
31,LWC,2,308.6666666666667,2255.625819587353,1202.0000000000002,0.0,0
31,LWC,3,271.66666666666663,2322.252744238109,1210.5,0.0,0
31,LWC,4,279.6666666666667,2293.5419983018364,1203.8333333333335,0.0,0
31,LWC,5,289.6666666666667,2163.219248718845,1214.3333333333335,0.0,0
31,LWC,6,299.3333333333333,2263.9590788466126,1201.6666666666667,0.0,0
31,LWC,7,289.6666666666667,2163.219248718845,1214.3333333333335,0.0,0
31,LWC,8,284.0,2236.2878462518024,1212.8333333333335,0.0,0
31,LWC,9,276.66666666666663,2272.5314058147737,1215.8333333333333,0.0,0
31,LWC,10,271.66666666666663,2312.1702257195907,1214.1666666666667,0.0,0
31,LWC,11,289.6666666666667,2166.2342752149284,1208.1666666666667,0.0,0
31,LWC,12,302.33333333333337,2290.610930333057,1195.1666666666665,0.0,0
31,LWC,13,276.66666666666663,2296.447739148107,1214.3333333333335,0.0,0
31,LWC,14,284.0,2236.2878462518024,1212.8333333333335,0.0,0
31,LWC,15,282.33333333333337,2314.5278932960196,1196.5,0.0,0
31,LWC,16,276.66666666666663,2307.836636358801,1206.8333333333333,0.0,0
31,LWC,17,284.6666666666667,2220.3989691985967,1215.5000000000002,0.0,0
31,LWC,18,308.6666666666667,2200.1461928137965,1206.0,0.0,0
31,LWC,19,299.3333333333333,2263.9590788466126,1201.6666666666667,0.0,0
31,LWC,20,282.0,2248.3028287258016,1211.1666666666667,0.0,0
31,LWC,21,307.33333333333337,2246.1629383057907,1204.3333333333333,0.0,0
31,LWC,22,310.0,2241.1993543180097,1205.6666666666667,0.0,0
31,LWC,23,300.66666666666663,2266.479273106387,1200.3333333333335,0.0,0
31,LWC,24,289.6666666666667,2163.219248718845,1214.3333333333335,0.0,0
31,LWC,25,300.33333333333337,2304.916606797897,1196.833333333333,0.0,0
31,LWC,26,284.0,2245.762893664401,1206.8333333333335,0.0,0
31,LWC,27,289.6666666666667,2163.219248718845,1214.3333333333335,0.0,0
31,LWC,28,277.3333333333333,2384.946189592316,1203.8333333333333,0.0,0
31,LWC,29,289.6666666666667,2163.219248718845,1214.3333333333335,0.0,0
31,LWC,30,282.0,2248.3028287258016,1211.1666666666667,0.0,0
31,LWC,31,309.3333333333333,2161.552952422549,1216.0,0.0,0
31,LWC,32,332.6666666666667,2257.717991886937,1196.6666666666667,0.0,1
31,LWC,33,298.66666666666663,2322.746669504317,1179.6666666666665,0.0,0
31,LWC,34,282.0,2248.3028287258016,1211.1666666666667,0.0,0
31,LWC,35,276.6666666666667,2261.089561010475,1211.8333333333335,0.0,0
31,LWC,36,308.6666666666667,2252.476925150594,1203.6666666666667,0.0,0
31,LWC,37,309.3333333333333,2144.553470941067,1218.3333333333333,0.0,0
31,LWC,38,300.66666666666663,2152.6577555524204,1224.5,0.0,0
31,LWC,39,271.66666666666663,2321.0862997936647,1211.5000000000002,0.0,0
31,LWC,40,277.3333333333333,2321.7797451478714,1204.8333333333333,0.0,0
31,LWC,41,289.3333333333333,2343.882170250154,1185.666666666667,0.0,0
31,LWC,42,282.0,2258.4090717959857,1201.8333333333335,0.0,0
31,LWC,43,276.6666666666667,2261.089561010475,1211.8333333333335,0.0,0
31,LWC,44,281.3333333333333,2276.5580100827815,1208.8333333333333,0.0,0
31,LWC,45,273.6666666666667,2172.053100570697,1216.6666666666665,0.0,0
31,LWC,46,296.6666666666667,2162.712601460135,1217.5,0.0,0
31,LWC,47,284.6666666666667,2220.3989691985967,1215.5000000000002,0.0,0
31,LWC,48,276.6666666666667,2253.343840018072,1215.0,0.0,0
31,LWC,49,289.6666666666667,2163.219248718845,1214.3333333333335,0.0,0
32,AW-NSGA-II,0,344.6666666666667,2570.5420742032647,1312.1666666666663,0.0,0
32,AW-NSGA-II,1,344.6666666666667,2571.782460483692,1311.9999999999998,0.0,0
32,AW-NSGA-II,2,324.6666666666667,2462.2615644856032,1324.3333333333333,0.0,0
32,AW-NSGA-II,3,324.3333333333333,2457.537995610717,1324.8333333333333,0.0,0
32,AW-NSGA-II,4,344.6666666666667,2571.782460483692,1311.9999999999998,0.0,0
32,AW-NSGA-II,5,288.33333333333337,2479.3679010312144,1317.4999999999998,0.0,1
32,AW-NSGA-II,6,304.0,2434.202505839124,1329.8333333333335,0.0,0
32,AW-NSGA-II,7,375.00000000000006,2640.0074268129683,1309.5,0.0,0
32,AW-NSGA-II,8,324.6666666666667,2475.276388812113,1312.1666666666667,0.0,0
32,AW-NSGA-II,9,324.3333333333333,2457.537995610717,1324.8333333333333,0.0,0
32,AW-NSGA-II,10,324.6666666666667,2462.2615644856032,1324.3333333333333,0.0,0
32,AW-NSGA-II,11,324.3333333333333,2457.537995610717,1324.8333333333333,0.0,0
32,AW-NSGA-II,12,324.6666666666667,2464.189826991737,1322.8333333333333,0.0,0
32,AW-NSGA-II,13,311.0,2454.5954349884714,1327.1666666666667,0.0,0
32,AW-NSGA-II,14,324.3333333333333,2457.537995610717,1324.8333333333333,0.0,0
32,AW-NSGA-II,15,324.3333333333333,2469.8702178329395,1319.8333333333335,0.0,0
32,AW-NSGA-II,16,311.0,2478.536884499606,1319.8333333333333,0.0,0
32,AW-NSGA-II,17,295.33333333333337,2521.142434627795,1315.8333333333335,0.0,0
32,AW-NSGA-II,18,298.33333333333337,2470.6528723577853,1333.1666666666667,0.0,0
32,AW-NSGA-II,19,344.6666666666667,2571.782460483692,1311.9999999999998,0.0,0
32,AW-NSGA-II,20,287.0,2398.301603642013,1335.3333333333333,0.0,0
32,AW-NSGA-II,21,295.33333333333337,2521.142434627795,1315.8333333333335,0.0,0
32,AW-NSGA-II,22,324.3333333333333,2457.537995610717,1324.8333333333333,0.0,0
32,AW-NSGA-II,23,324.3333333333333,2439.2050326477547,1326.4999999999998,0.0,0
32,AW-NSGA-II,24,344.6666666666667,2570.5420742032647,1312.1666666666663,0.0,0
32,AW-NSGA-II,25,324.3333333333333,2457.537995610717,1324.8333333333333,0.0,0
32,AW-NSGA-II,26,288.33333333333337,2479.3679010312144,1317.4999999999998,0.0,0
32,AW-NSGA-II,27,324.3333333333333,2457.537995610717,1324.8333333333333,0.0,0
32,AW-NSGA-II,28,302.6666666666667,2459.333414463717,1325.5,0.0,0
32,AW-NSGA-II,29,309.33333333333337,2475.2637937048576,1325.3333333333335,0.0,0
32,AW-NSGA-II,30,324.6666666666667,2462.2615644856032,1324.3333333333333,0.0,0
32,AW-NSGA-II,31,344.6666666666667,2570.5420742032647,1312.1666666666663,0.0,0
32,AW-NSGA-II,32,359.6666666666667,2633.7989050132214,1310.333333333333,0.0,0
32,AW-NSGA-II,33,309.33333333333337,2475.2637937048576,1325.3333333333335,0.0,0
32,NSGA-II-2obj,0,304.3333333333333,2433.869062256901,1355.3333333333333,0.0,0
32,NSGA-II-2obj,1,294.66666666666663,2522.4737266892002,1347.8333333333335,0.0,0
32,NSGA-II-2obj,2,294.66666666666663,2522.4737266892002,1347.8333333333335,0.0,0
32,NSGA-II-2obj,3,298.3333333333333,2448.428254706594,1358.1666666666665,0.0,1
32,NSGA-II-2obj,4,319.0,2404.3325667263634,1348.3333333333333,0.0,0
32,NSGA-II-2obj,5,304.3333333333333,2433.869062256901,1355.3333333333333,0.0,0
32,NSGA-II-2obj,6,298.3333333333333,2448.428254706594,1358.1666666666665,0.0,0
32,NSGA-II-3obj,0,314.0,2541.098745417956,1310.3333333333333,0.0,0
32,NSGA-II-3obj,1,332.0,2419.362547378531,1313.8333333333335,0.0,0
32,NSGA-II-3obj,2,314.0,2541.098745417956,1310.3333333333333,0.0,0
32,NSGA-II-3obj,3,344.3333333333333,2357.6350015519342,1325.3333333333335,0.0,0
32,NSGA-II-3obj,4,324.3333333333333,2360.241059112561,1323.3333333333335,0.0,0
32,NSGA-II-3obj,5,346.66666666666663,2627.3066192936735,1304.6666666666667,0.0,0
32,NSGA-II-3obj,6,314.0,2541.098745417956,1310.3333333333333,0.0,0
32,NSGA-II-3obj,7,316.0,2566.9412856898975,1310.1666666666665,0.0,0
32,NSGA-II-3obj,8,315.0,2344.4703974140175,1340.5,0.0,0
32,NSGA-II-3obj,9,319.66666666666663,2562.932041714252,1310.1666666666667,0.0,0
32,NSGA-II-3obj,10,344.3333333333333,2357.6350015519342,1325.3333333333335,0.0,0
32,NSGA-II-3obj,11,321.66666666666663,2486.615680910998,1310.6666666666665,0.0,0
32,NSGA-II-3obj,12,321.66666666666663,2486.615680910998,1310.6666666666665,0.0,0
32,NSGA-II-3obj,13,377.66666666666674,2577.7565223943307,1305.6666666666665,0.0,1
32,NSGA-II-3obj,14,315.0,2344.4703974140175,1340.5,0.0,0
32,NSGA-II-3obj,15,344.3333333333333,2331.6381126630454,1339.3333333333335,0.0,0
32,NSGA-II-3obj,16,295.66666666666663,2397.838219051325,1324.3333333333333,0.0,0
32,NSGA-II-3obj,17,346.66666666666663,2627.3066192936735,1304.6666666666667,0.0,0
32,NSGA-II-3obj,18,346.66666666666663,2627.3066192936735,1304.6666666666667,0.0,0
32,NSGA-II-3obj,19,344.3333333333333,2315.47984840324,1339.666666666667,0.0,0
32,NSGA-II-3obj,20,307.0,2425.6931276958644,1311.0,0.0,0
32,NSGA-II-3obj,21,315.0,2337.456906231082,1345.8333333333335,0.0,0
32,NSGA-II-3obj,22,305.6666666666667,2440.5295103414937,1315.1666666666667,0.0,0
32,NSGA-II-3obj,23,346.66666666666663,2505.558710807673,1307.8333333333335,0.0,0
32,NSGA-II-3obj,24,332.0,2419.362547378531,1313.8333333333335,0.0,0
32,NSGA-II-3obj,25,321.66666666666663,2486.615680910998,1310.6666666666665,0.0,0
32,NSGA-II-3obj,26,329.0,2343.9713233399434,1344.6666666666665,0.0,0
32,NSGA-II-3obj,27,388.0,2512.147129567371,1307.8333333333333,0.0,0
32,NSGA-II-3obj,28,329.0,2343.9713233399434,1344.6666666666665,0.0,0
32,NSGA-II-3obj,29,360.66666666666663,2567.5369074497576,1306.9999999999998,0.0,0
32,NSGA-II-3obj,30,305.6666666666667,2435.6966584896422,1317.3333333333333,0.0,0
32,NSGA-II-3obj,31,346.66666666666663,2627.3066192936735,1304.6666666666667,0.0,0
32,NSGA-II-3obj,32,301.0,2361.5155410289944,1331.8333333333333,0.0,0
32,NSGA-II-3obj,33,297.0,2509.084462226392,1318.5000000000002,0.0,0
32,NSGA-II-3obj,34,295.66666666666663,2397.838219051325,1324.3333333333333,0.0,0
32,NSGA-II-3obj,35,330.3333333333333,2361.5740603048175,1316.8333333333335,0.0,0
32,NSGA-II-3obj,36,377.66666666666674,2577.7565223943307,1305.6666666666665,0.0,0
32,NSGA-II-3obj,37,321.66666666666663,2486.615680910998,1310.6666666666665,0.0,0
32,NSGA-II-3obj,38,321.66666666666663,2486.615680910998,1310.6666666666665,0.0,0
32,NSGA-II-3obj,39,346.66666666666663,2627.3066192936735,1304.6666666666667,0.0,0
32,NSGA-II-3obj,40,315.0,2344.4703974140175,1340.5,0.0,0
32,NSGA-II-3obj,41,324.3333333333333,2359.076355408857,1332.1666666666667,0.0,0
32,NSGA-II-3obj,42,339.0,2344.137434451055,1342.1666666666667,0.0,0
32,NSGA-II-3obj,43,332.0,2419.362547378531,1313.8333333333335,0.0,0
32,NSGA-II-3obj,44,314.0,2541.098745417956,1310.3333333333333,0.0,0
32,NSGA-II-3obj,45,344.3333333333333,2339.0987956940194,1335.5000000000002,0.0,0
32,NSGA-II-3obj,46,321.66666666666663,2486.615680910998,1310.6666666666665,0.0,0
32,NSGA-II-3obj,47,327.0,2351.3342127107417,1331.5,0.0,0
32,NSGA-II-3obj,48,303.0,2382.3833466503515,1329.5,0.0,0
32,NSGA-II-3obj,49,295.66666666666663,2397.838219051325,1324.3333333333333,0.0,0
32,NSGA-II-3obj,50,315.0,2348.8348423403713,1334.3333333333335,0.0,0
32,NSGA-II-3obj,51,321.66666666666663,2486.615680910998,1310.6666666666665,0.0,0
32,NSGA-II-3obj,52,344.3333333333333,2331.6381126630454,1339.3333333333335,0.0,0
32,NSGA-II-3obj,53,344.3333333333333,2357.6350015519342,1325.3333333333335,0.0,0
32,NSGA-II-3obj,54,283.0,2415.4738986912307,1324.3333333333333,0.0,0
32,NSGA-II-3obj,55,360.66666666666663,2567.5369074497576,1306.9999999999998,0.0,0
32,NSGA-II-3obj,56,283.0,2415.4738986912307,1324.3333333333333,0.0,0
32,NSGA-III,0,294.0,2414.5601658603337,1344.3333333333333,0.0,0
32,NSGA-III,1,298.0,2368.101033105564,1341.9999999999998,0.0,0
32,NSGA-III,2,286.33333333333337,2540.758488933648,1341.3333333333335,0.0,0
32,NSGA-III,3,300.3333333333333,2396.939759293583,1313.1666666666665,0.0,0
32,NSGA-III,4,330.33333333333337,2588.559114529698,1300.9999999999998,0.0,0
32,NSGA-III,5,300.3333333333333,2396.939759293583,1313.1666666666665,0.0,0
32,NSGA-III,6,308.33333333333337,2340.952631383245,1338.6666666666667,0.0,0
32,NSGA-III,7,286.33333333333337,2513.255133000263,1349.3333333333335,0.0,0
32,NSGA-III,8,335.3333333333333,2487.4241245516114,1298.1666666666667,0.0,0
32,NSGA-III,9,308.33333333333337,2420.764164021,1309.5,0.0,0
32,NSGA-III,10,367.33333333333337,2577.679625560494,1296.8333333333335,0.0,1
32,NSGA-III,11,298.0,2368.101033105564,1341.9999999999998,0.0,0
32,NSGA-III,12,294.33333333333337,2456.006673437641,1334.5,0.0,0
32,NSGA-III,13,286.33333333333337,2552.4720967027174,1337.5,0.0,0
32,NSGA-III,14,308.33333333333337,2335.4802683275875,1339.8333333333333,0.0,0
32,NSGA-III,15,301.66666666666663,2358.9807455372847,1338.3333333333335,0.0,0
32,NSGA-III,16,335.3333333333333,2487.4241245516114,1298.1666666666667,0.0,0
32,NSGA-III,17,310.3333333333333,2357.4422930140054,1336.6666666666665,0.0,0
32,NSGA-III,18,300.3333333333333,2396.939759293583,1313.1666666666665,0.0,0
32,NSGA-III,19,286.33333333333337,2513.255133000263,1349.3333333333335,0.0,0
32,NSGA-III,20,315.66666666666663,2311.579651208917,1318.0,0.0,0
32,NSGA-III,21,295.3333333333333,2384.455140592133,1319.6666666666665,0.0,0
32,NSGA-III,22,367.33333333333337,2577.679625560494,1296.8333333333335,0.0,0
32,NSGA-III,23,307.6666666666667,2371.121222908161,1316.9999999999998,0.0,0
32,NSGA-III,24,314.99999999999994,2345.9551439008014,1301.3333333333333,0.0,0
32,MOEA/D,0,287.0,2299.8637269089613,1329.6666666666667,0.0,0
32,MOEA/D,2,292.0,2277.759619759243,1339.6666666666667,0.0,0
32,MOEA/D,3,292.0,2277.759619759243,1339.6666666666667,0.0,0
32,MOEA/D,4,287.0,2286.697689871924,1332.5000000000002,0.0,0
32,MOEA/D,5,287.0,2286.697689871924,1332.5000000000002,0.0,0
32,MOEA/D,6,287.0,2286.697689871924,1332.5000000000002,0.0,0
32,MOEA/D,7,287.0,2286.697689871924,1332.5000000000002,0.0,0
32,MOEA/D,8,287.0,2286.697689871924,1332.5000000000002,0.0,0
32,MOEA/D,9,287.0,2289.3638009830356,1330.0,0.0,0
32,MOEA/D,10,287.0,2286.697689871924,1332.5000000000002,0.0,0
32,MOEA/D,11,287.0,2286.697689871924,1332.5000000000002,0.0,0
32,MOEA/D,12,292.0,2277.759619759243,1339.6666666666667,0.0,0
32,MOEA/D,13,292.0,2303.9238861476683,1321.5000000000002,0.0,0
32,MOEA/D,14,290.3333333333333,2295.0916268884093,1326.3333333333333,0.0,0
32,MOEA/D,15,292.0,2277.759619759243,1339.6666666666667,0.0,0
32,MOEA/D,17,287.0,2289.3638009830356,1330.0,0.0,1
32,MOEA/D,18,287.0,2286.697689871924,1332.5000000000002,0.0,0
32,MOEA/D,19,287.0,2286.697689871924,1332.5000000000002,0.0,0
32,MOEA/D,20,292.0,2277.759619759243,1339.6666666666667,0.0,0
32,MOEA/D,21,287.0,2286.697689871924,1332.5000000000002,0.0,0
32,MOEA/D,22,292.0,2277.759619759243,1339.6666666666667,0.0,0
32,MOEA/D,23,287.0,2286.697689871924,1332.5000000000002,0.0,0
32,MOEA/D,24,285.66666666666663,2351.1994676497025,1340.5,0.0,0
32,MOEA/D,26,287.0,2286.697689871924,1332.5000000000002,0.0,0
32,MOEA/D,28,287.0,2286.697689871924,1332.5000000000002,0.0,0
32,MOEA/D,29,287.0,2289.3638009830356,1330.0,0.0,0
32,MOEA/D,30,292.0,2277.759619759243,1339.6666666666667,0.0,0
32,MOEA/D,31,287.0,2286.697689871924,1332.5000000000002,0.0,0
32,MOEA/D,32,301.6666666666667,2292.425515777298,1328.8333333333335,0.0,0
32,MOEA/D,33,287.0,2286.697689871924,1332.5000000000002,0.0,0
32,MOEA/D,34,292.0,2277.759619759243,1339.6666666666667,0.0,0
32,MOEA/D,35,292.0,2277.759619759243,1339.6666666666667,0.0,0
32,MOEA/D,36,292.0,2277.759619759243,1339.6666666666667,0.0,0
32,MOEA/D,37,292.0,2277.759619759243,1339.6666666666667,0.0,0
32,MOEA/D,38,287.0,2286.697689871924,1332.5000000000002,0.0,0
32,MOEA/D,39,287.0,2299.8637269089613,1329.6666666666667,0.0,0
32,MOEA/D,40,287.0,2286.697689871924,1332.5000000000002,0.0,0
32,MOEA/D,41,292.0,2277.759619759243,1339.6666666666667,0.0,0
32,MOEA/D,42,287.0,2286.697689871924,1332.5000000000002,0.0,0
32,MOEA/D,43,292.0,2277.759619759243,1339.6666666666667,0.0,0
32,MOEA/D,44,292.0,2277.759619759243,1339.6666666666667,0.0,0
32,MOEA/D,46,287.0,2289.3638009830356,1330.0,0.0,0
32,MOEA/D,47,292.0,2277.759619759243,1339.6666666666667,0.0,0
32,MOEA/D,48,287.0,2299.8637269089613,1329.6666666666667,0.0,0
32,MOEA/D,49,292.0,2277.759619759243,1339.6666666666667,0.0,0
32,MOEA/D,50,287.0,2289.3638009830356,1330.0,0.0,0
32,MOEA/D,51,290.3333333333333,2295.0916268884093,1326.3333333333333,0.0,0
32,MOEA/D,52,287.0,2286.697689871924,1332.5000000000002,0.0,0
32,MOEA/D,53,287.0,2286.697689871924,1332.5000000000002,0.0,0
32,MOEA/D,54,287.0,2289.3638009830356,1330.0,0.0,0
32,MOEA/D,55,292.0,2303.9238861476683,1321.5000000000002,0.0,0
32,MOEA/D,57,287.0,2289.3638009830356,1330.0,0.0,0
32,MOEA/D,58,287.0,2289.3638009830356,1330.0,0.0,0
32,MOEA/D,59,287.0,2286.697689871924,1332.5000000000002,0.0,0
32,MOEA/D,60,292.0,2277.759619759243,1339.6666666666667,0.0,0
32,MOEA/D,61,292.0,2277.759619759243,1339.6666666666667,0.0,0
32,MOEA/D,62,290.3333333333333,2295.0916268884093,1326.3333333333333,0.0,0
32,MOEA/D,63,292.0,2303.9238861476683,1321.5000000000002,0.0,0
32,MOEA/D,64,313.6666666666667,2271.097441703224,1352.4999999999998,0.0,0
32,MOEA/D,65,292.0,2277.759619759243,1339.6666666666667,0.0,0
32,MOEA/D,66,287.0,2286.697689871924,1332.5000000000002,0.0,0
32,MOEA/D,67,287.0,2289.3638009830356,1330.0,0.0,0
32,MOEA/D,68,287.0,2289.3638009830356,1330.0,0.0,0
32,MOEA/D,69,290.3333333333333,2295.0916268884093,1326.3333333333333,0.0,0
32,MOEA/D,70,292.0,2277.759619759243,1339.6666666666667,0.0,0
32,MOEA/D,71,292.0,2303.9238861476683,1321.5000000000002,0.0,0
32,MOEA/D,72,292.0,2303.9238861476683,1321.5000000000002,0.0,0
32,MOEA/D,73,292.0,2303.9238861476683,1321.5000000000002,0.0,0
32,MOEA/D,74,287.0,2289.3638009830356,1330.0,0.0,0
32,MOEA/D,75,292.0,2277.759619759243,1339.6666666666667,0.0,0
32,MOEA/D,76,287.0,2289.3638009830356,1330.0,0.0,0
32,MOEA/D,77,287.0,2289.3638009830356,1330.0,0.0,0
32,MOEA/D,78,292.0,2277.759619759243,1339.6666666666667,0.0,0
32,MOEA/D,79,287.0,2289.3638009830356,1330.0,0.0,0
32,MOEA/D,80,290.3333333333333,2295.0916268884093,1326.3333333333333,0.0,0
32,MOEA/D,81,287.0,2286.697689871924,1332.5000000000002,0.0,0
32,MOEA/D,82,287.0,2286.697689871924,1332.5000000000002,0.0,0
32,MOEA/D,84,287.0,2286.697689871924,1332.5000000000002,0.0,0
32,MOEA/D,85,292.0,2277.759619759243,1339.6666666666667,0.0,0
32,MOEA/D,86,293.0,2281.698800983035,1337.5,0.0,0
32,MOEA/D,87,290.3333333333333,2295.0916268884093,1326.3333333333333,0.0,0
32,MOEA/D,88,292.0,2303.9238861476683,1321.5000000000002,0.0,0
32,MOEA/D,89,287.0,2286.697689871924,1332.5000000000002,0.0,0
32,MOEA/D,90,287.0,2286.697689871924,1332.5000000000002,0.0,0
32,MOEA/D,91,292.0,2277.759619759243,1339.6666666666667,0.0,0
32,MOEA/D,92,292.0,2277.759619759243,1339.6666666666667,0.0,0
32,MOEA/D,93,287.0,2286.697689871924,1332.5000000000002,0.0,0
32,MOEA/D,94,301.6666666666667,2292.425515777298,1328.8333333333335,0.0,0
32,MOEA/D,95,287.0,2289.3638009830356,1330.0,0.0,0
32,MOEA/D,96,292.0,2277.759619759243,1339.6666666666667,0.0,0
32,MOEA/D,97,301.6666666666667,2292.425515777298,1328.8333333333335,0.0,0
32,MOEA/D,98,287.0,2289.3638009830356,1330.0,0.0,0
32,MOEA/D,99,285.66666666666663,2351.1994676497025,1340.5,0.0,0
32,GA-SA,0,343.0,2532.1265300416762,1301.8333333333335,0.0,1
32,A*-GA,0,297.0,2225.252789887942,1379.6666666666665,0.0,1
32,A*-GA,1,297.0,2225.252789887942,1379.6666666666665,0.0,0
32,A*-GA,2,297.0,2216.135307868552,1374.3333333333333,0.0,0
32,A*-GA,3,297.0,2248.045572002903,1381.6666666666667,0.0,0
32,A*-GA,4,297.0,2248.045572002903,1381.6666666666667,0.0,0
32,A*-GA,5,297.0,2246.32797873358,1380.3333333333333,0.0,0
32,A*-GA,6,297.0,2248.045572002903,1381.6666666666667,0.0,0
32,LWC,0,328.6666666666667,2375.356841809663,1322.3333333333333,0.0,0
32,LWC,1,312.3333333333333,2371.6264834982535,1324.1666666666667,0.0,0
32,LWC,2,406.6666666666667,2713.369870660348,1308.5,0.0,0
32,LWC,3,351.6666666666667,2611.10637902126,1311.0,0.0,0
32,LWC,4,312.3333333333333,2371.6264834982535,1324.1666666666667,0.0,0
32,LWC,5,312.3333333333333,2371.6264834982535,1324.1666666666667,0.0,0
32,LWC,6,325.3333333333333,2408.828352681335,1319.8333333333333,0.0,0
32,LWC,7,325.3333333333333,2408.828352681335,1319.8333333333333,0.0,0
32,LWC,8,293.0,2385.9467798626633,1326.3333333333333,0.0,0
32,LWC,9,312.3333333333333,2371.6264834982535,1324.1666666666667,0.0,0
32,LWC,10,396.6666666666667,2507.4103810954007,1312.5000000000002,0.0,0
32,LWC,11,353.33333333333337,2473.041557826876,1313.5,0.0,0
32,LWC,12,312.3333333333333,2371.6264834982535,1324.1666666666667,0.0,0
32,LWC,13,293.66666666666663,2352.7523770140874,1326.8333333333333,0.0,0
32,LWC,14,299.6666666666667,2342.565916301422,1333.4999999999998,0.0,0
32,LWC,15,303.0,2425.311179256398,1314.5000000000002,0.0,1
32,LWC,16,321.33333333333337,2390.6898788466997,1321.0,0.0,0
32,LWC,17,297.66666666666663,2388.717906752615,1322.1666666666665,0.0,0
32,LWC,18,287.66666666666663,2393.8840919378003,1320.0,0.0,0
32,LWC,19,312.3333333333333,2371.6264834982535,1324.1666666666667,0.0,0
32,LWC,20,312.3333333333333,2371.6264834982535,1324.1666666666667,0.0,0
32,LWC,21,299.6666666666667,2342.565916301422,1333.4999999999998,0.0,0
32,LWC,22,325.3333333333333,2408.828352681335,1319.8333333333333,0.0,0
32,LWC,23,303.0,2425.311179256398,1314.5000000000002,0.0,0
33,AW-NSGA-II,0,292.6666666666667,2496.633955344263,1342.8333333333335,0.0,0
33,AW-NSGA-II,1,316.0,2504.3969138326947,1333.6666666666667,0.0,0
33,AW-NSGA-II,2,285.66666666666663,2525.786772677491,1353.8333333333335,0.0,0
33,AW-NSGA-II,3,300.33333333333337,2574.4286893665258,1322.1666666666665,0.0,0
33,AW-NSGA-II,4,285.66666666666663,2477.3085998276133,1355.5000000000002,0.0,0
33,AW-NSGA-II,5,328.33333333333337,2475.7355389570766,1356.1666666666667,0.0,0
33,AW-NSGA-II,6,293.66666666666663,2475.2180224887475,1360.5,0.0,0
33,AW-NSGA-II,7,305.6666666666667,2442.8366424829856,1358.1666666666665,0.0,0
33,AW-NSGA-II,8,314.33333333333337,2499.2098482682827,1341.3333333333335,0.0,0
33,AW-NSGA-II,9,302.0,2498.1664572978007,1342.3333333333335,0.0,0
33,AW-NSGA-II,10,305.6666666666667,2442.8366424829856,1358.1666666666665,0.0,0
33,AW-NSGA-II,11,314.33333333333337,2499.2098482682827,1341.3333333333335,0.0,0
33,AW-NSGA-II,12,292.33333333333337,2505.0886958382603,1342.8333333333333,0.0,0
33,AW-NSGA-II,13,288.3333333333333,2488.6515588401394,1353.5000000000002,0.0,0
33,AW-NSGA-II,14,324.33333333333337,2483.6253195657027,1342.8333333333335,0.0,1
33,AW-NSGA-II,15,309.3333333333333,2517.401164951626,1335.1666666666667,0.0,0
33,AW-NSGA-II,16,283.3333333333333,2516.891412672353,1365.1666666666667,0.0,0
33,AW-NSGA-II,17,314.33333333333337,2476.944891900853,1348.4999999999998,0.0,0
33,AW-NSGA-II,18,293.66666666666663,2484.982604380736,1351.1666666666667,0.0,0
33,AW-NSGA-II,19,285.66666666666663,2477.3085998276133,1355.5000000000002,0.0,0
33,AW-NSGA-II,20,292.6666666666667,2496.633955344263,1342.8333333333335,0.0,0
33,AW-NSGA-II,21,309.3333333333333,2518.329818472555,1328.1666666666667,0.0,0
33,AW-NSGA-II,22,292.6666666666667,2492.44044420991,1344.0000000000002,0.0,0
33,AW-NSGA-II,23,292.6666666666667,2496.633955344263,1342.8333333333335,0.0,0
33,AW-NSGA-II,24,283.3333333333333,2535.699070083312,1342.0,0.0,0
33,AW-NSGA-II,25,305.6666666666667,2442.8366424829856,1358.1666666666665,0.0,0
33,AW-NSGA-II,26,309.3333333333333,2518.329818472555,1328.1666666666667,0.0,0
33,AW-NSGA-II,27,314.33333333333337,2499.2098482682827,1341.3333333333335,0.0,0
33,AW-NSGA-II,28,285.66666666666663,2525.786772677491,1353.8333333333335,0.0,0
33,AW-NSGA-II,29,314.33333333333337,2499.2098482682827,1341.3333333333335,0.0,0
33,AW-NSGA-II,30,309.3333333333333,2507.568016803478,1336.0,0.0,0
33,AW-NSGA-II,31,287.0,2521.85337704199,1325.6666666666667,0.0,0
33,NSGA-II-2obj,0,294.66666666666663,2503.853457009341,1395.5,0.0,0
33,NSGA-II-2obj,1,301.0,2415.0441050201644,1395.0,0.0,1
33,NSGA-II-2obj,2,297.33333333333337,2454.1034342581816,1398.8333333333333,0.0,0
33,NSGA-II-3obj,0,298.6666666666667,2587.721183415869,1397.8333333333335,0.0,0
33,NSGA-II-3obj,1,319.3333333333333,2538.4124136819396,1359.3333333333333,0.0,0
33,NSGA-II-3obj,2,298.6666666666667,2587.721183415869,1397.8333333333335,0.0,0
33,NSGA-II-3obj,3,317.0,2535.571799683447,1360.5,0.0,0
33,NSGA-II-3obj,4,319.3333333333333,2538.4124136819396,1359.3333333333333,0.0,0
33,NSGA-II-3obj,5,309.3333333333333,2610.6372969958743,1348.6666666666667,0.0,0
33,NSGA-II-3obj,6,319.3333333333333,2538.4124136819396,1359.3333333333333,0.0,0
33,NSGA-II-3obj,7,317.0,2535.571799683447,1360.5,0.0,0
33,NSGA-II-3obj,8,319.3333333333333,2538.4124136819396,1359.3333333333333,0.0,0
33,NSGA-II-3obj,9,300.0,2588.3182592910803,1394.5,0.0,0
33,NSGA-II-3obj,10,319.3333333333333,2538.4124136819396,1359.3333333333333,0.0,0
33,NSGA-II-3obj,11,294.66666666666663,2591.3905623486376,1372.3333333333333,0.0,0
33,NSGA-II-3obj,12,309.0,2535.218948369798,1373.1666666666665,0.0,0
33,NSGA-II-3obj,13,317.0,2535.571799683447,1360.5,0.0,0
33,NSGA-II-3obj,14,300.0,2588.3182592910803,1394.5,0.0,0
33,NSGA-II-3obj,15,298.6666666666667,2587.721183415869,1397.8333333333335,0.0,0
33,NSGA-II-3obj,16,313.3333333333333,2542.23713301678,1354.5,0.0,1
33,NSGA-II-3obj,17,317.0,2535.571799683447,1360.5,0.0,0
33,NSGA-II-3obj,18,298.6666666666667,2587.721183415869,1397.8333333333335,0.0,0
33,NSGA-II-3obj,19,319.3333333333333,2538.4124136819396,1359.3333333333333,0.0,0
33,NSGA-II-3obj,20,317.0,2529.90550338715,1362.1666666666667,0.0,0
33,NSGA-II-3obj,21,319.3333333333333,2516.750117385643,1378.9999999999998,0.0,0
33,NSGA-II-3obj,22,300.0,2588.3182592910803,1394.5,0.0,0
33,NSGA-II-3obj,23,427.0,2749.1435427920837,1344.166666666667,0.0,0
33,NSGA-II-3obj,24,319.3333333333333,2526.845711779373,1369.0,0.0,0
33,NSGA-II-3obj,25,304.0,2563.1494295970742,1415.1666666666667,0.0,0
33,NSGA-II-3obj,26,308.33333333333337,2526.198951128903,1386.8333333333333,0.0,0
33,NSGA-II-3obj,27,319.3333333333333,2538.4124136819396,1359.3333333333333,0.0,0
33,NSGA-II-3obj,28,300.0,2588.3182592910803,1394.5,0.0,0
33,NSGA-II-3obj,29,319.3333333333333,2538.4124136819396,1359.3333333333333,0.0,0
33,NSGA-II-3obj,30,319.3333333333333,2527.1913409762224,1364.666666666667,0.0,0
33,NSGA-II-3obj,31,319.3333333333333,2538.4124136819396,1359.3333333333333,0.0,0
33,NSGA-II-3obj,32,319.3333333333333,2538.4124136819396,1359.3333333333333,0.0,0
33,NSGA-II-3obj,33,319.3333333333333,2538.4124136819396,1359.3333333333333,0.0,0
33,NSGA-II-3obj,34,313.3333333333333,2542.23713301678,1354.5,0.0,0
33,NSGA-II-3obj,35,309.0,2546.0692171978294,1371.1666666666667,0.0,0
33,NSGA-II-3obj,36,301.3333333333333,2569.8228452288395,1370.0,0.0,0
33,NSGA-II-3obj,37,309.3333333333333,2587.2141684524886,1350.8333333333333,0.0,0
33,NSGA-II-3obj,38,298.0,2572.7367487479287,1405.6666666666665,0.0,0
33,NSGA-II-3obj,39,317.0,2535.571799683447,1360.5,0.0,0
33,NSGA-II-3obj,40,319.3333333333333,2526.845711779373,1369.0,0.0,0
33,NSGA-II-3obj,41,296.0,2578.6309990005484,1399.8333333333335,0.0,0
33,NSGA-II-3obj,42,319.3333333333333,2538.4124136819396,1359.3333333333333,0.0,0
33,NSGA-II-3obj,43,317.0,2524.8274015632687,1371.1666666666665,0.0,0
33,NSGA-II-3obj,44,309.0,2552.068772753385,1369.1666666666667,0.0,0
33,NSGA-II-3obj,45,306.33333333333337,2636.8114984369645,1366.0,0.0,0
33,NSGA-II-3obj,46,309.3333333333333,2556.117819691836,1361.6666666666667,0.0,0
33,NSGA-II-3obj,47,317.0,2529.90550338715,1362.1666666666667,0.0,0
33,NSGA-II-3obj,48,314.66666666666663,2530.461775665741,1368.8333333333333,0.0,0
33,NSGA-II-3obj,49,308.00000000000006,2607.1878814357224,1363.0000000000002,0.0,0
33,NSGA-II-3obj,50,319.3333333333333,2538.4124136819396,1359.3333333333333,0.0,0
33,NSGA-II-3obj,51,325.3333333333333,2522.4971741666195,1365.6666666666667,0.0,0
33,NSGA-II-3obj,52,306.33333333333337,2636.8114984369645,1366.0,0.0,0
33,NSGA-III,0,306.6666666666667,2570.092193490582,1356.0,0.0,0
33,NSGA-III,1,290.33333333333337,2482.70430043324,1373.3333333333335,0.0,0
33,NSGA-III,2,290.33333333333337,2482.70430043324,1373.3333333333335,0.0,0
33,NSGA-III,3,290.33333333333337,2565.8219618003045,1362.5000000000002,0.0,0
33,NSGA-III,4,306.6666666666667,2570.092193490582,1356.0,0.0,0
33,NSGA-III,5,313.6666666666667,2464.389160497128,1350.166666666667,0.0,0
33,NSGA-III,6,306.6666666666667,2570.092193490582,1356.0,0.0,0
33,NSGA-III,7,309.33333333333337,2571.2470133964302,1354.6666666666667,0.0,0
33,NSGA-III,8,296.3333333333333,2475.5572716082393,1356.6666666666667,0.0,1
33,NSGA-III,9,296.3333333333333,2452.121649017393,1376.8333333333333,0.0,0
33,NSGA-III,10,313.6666666666667,2471.053901237869,1341.5000000000002,0.0,0
33,NSGA-III,11,306.6666666666667,2570.092193490582,1356.0,0.0,0
33,NSGA-III,12,312.66666666666663,2506.9200569352784,1355.6666666666667,0.0,0
33,NSGA-III,13,295.0,2505.4865621148833,1366.6666666666667,0.0,0
33,NSGA-III,14,306.6666666666667,2570.092193490582,1356.0,0.0,0
33,NSGA-III,15,306.6666666666667,2570.092193490582,1356.0,0.0,0
33,NSGA-III,16,302.3333333333333,2423.84518130007,1368.0,0.0,0
33,NSGA-III,17,309.33333333333337,2627.5798652482817,1352.5,0.0,0
33,NSGA-III,18,312.66666666666663,2514.229503420528,1333.0,0.0,0
33,NSGA-III,19,296.3333333333333,2475.5572716082393,1356.6666666666667,0.0,0
33,NSGA-III,20,312.66666666666663,2514.229503420528,1333.0,0.0,0
33,NSGA-III,21,290.33333333333337,2488.186401975579,1371.0000000000002,0.0,0
33,NSGA-III,22,290.66666666666663,2543.9541613140323,1363.5,0.0,0
33,NSGA-III,23,313.6666666666667,2471.053901237869,1341.5000000000002,0.0,0
33,MOEA/D,0,284.0,2442.5640024328977,1335.6666666666665,0.0,0
33,MOEA/D,1,289.33333333333337,2423.5411012087015,1329.1666666666665,0.0,1
33,MOEA/D,2,305.3333333333333,2385.3801012087015,1354.6666666666665,0.0,0
33,MOEA/D,3,305.3333333333333,2385.3801012087015,1354.6666666666665,0.0,0
33,MOEA/D,4,277.0,2415.6454025798885,1339.8333333333333,0.0,0
33,MOEA/D,5,289.33333333333337,2406.6262523882833,1352.8333333333335,0.0,0
33,MOEA/D,6,277.0,2415.6454025798885,1339.8333333333333,0.0,0
33,MOEA/D,7,277.0,2415.6454025798885,1339.8333333333333,0.0,0
33,MOEA/D,8,305.3333333333333,2393.469345214234,1343.6666666666667,0.0,0
33,MOEA/D,9,289.33333333333337,2412.543841949442,1341.5,0.0,0
33,MOEA/D,11,277.0,2415.6454025798885,1339.8333333333333,0.0,0
33,MOEA/D,12,305.3333333333333,2385.3801012087015,1354.6666666666665,0.0,0
33,MOEA/D,13,289.33333333333337,2422.8748789864794,1331.1666666666665,0.0,0
33,MOEA/D,14,300.6666666666667,2418.7626774319465,1335.3333333333333,0.0,0
33,MOEA/D,15,305.3333333333333,2385.3801012087015,1354.6666666666665,0.0,0
33,MOEA/D,16,305.3333333333333,2382.380434542035,1356.1666666666665,0.0,0
33,MOEA/D,17,277.0,2415.6454025798885,1339.8333333333333,0.0,0
33,MOEA/D,18,277.0,2415.6454025798885,1339.8333333333333,0.0,0
33,MOEA/D,19,289.33333333333337,2406.6262523882833,1352.8333333333335,0.0,0
33,MOEA/D,20,305.3333333333333,2385.3801012087015,1354.6666666666665,0.0,0
33,MOEA/D,21,277.0,2415.6454025798885,1339.8333333333333,0.0,0
33,MOEA/D,22,305.3333333333333,2393.469345214234,1343.6666666666667,0.0,0
33,MOEA/D,23,277.0,2415.6454025798885,1339.8333333333333,0.0,0
33,MOEA/D,24,277.0,2415.6454025798885,1339.8333333333333,0.0,0
33,MOEA/D,25,289.33333333333337,2422.8748789864794,1331.1666666666665,0.0,0
33,MOEA/D,27,306.0,2378.380175282776,1355.0,0.0,0
33,MOEA/D,28,277.0,2415.6454025798885,1339.8333333333333,0.0,0
33,MOEA/D,29,277.0,2415.6454025798885,1339.8333333333333,0.0,0
33,MOEA/D,30,305.3333333333333,2385.3801012087015,1354.6666666666665,0.0,0
33,MOEA/D,31,305.3333333333333,2393.469345214234,1343.6666666666667,0.0,0
33,MOEA/D,32,300.6666666666667,2418.7626774319465,1335.3333333333333,0.0,0
33,MOEA/D,33,289.33333333333337,2406.6262523882833,1352.8333333333335,0.0,0
33,MOEA/D,34,305.3333333333333,2385.3801012087015,1354.6666666666665,0.0,0
33,MOEA/D,35,305.3333333333333,2385.3801012087015,1354.6666666666665,0.0,0
33,MOEA/D,36,312.0,2393.0460271346274,1351.3333333333333,0.0,0
33,MOEA/D,37,305.3333333333333,2385.3801012087015,1354.6666666666665,0.0,0
33,MOEA/D,38,277.0,2415.6454025798885,1339.8333333333333,0.0,0
33,MOEA/D,39,284.0,2442.5640024328977,1335.6666666666665,0.0,0
33,MOEA/D,40,305.3333333333333,2393.469345214234,1343.6666666666667,0.0,0
33,MOEA/D,41,305.3333333333333,2385.3801012087015,1354.6666666666665,0.0,0
33,MOEA/D,42,289.33333333333337,2412.543841949442,1341.5,0.0,0
33,MOEA/D,43,312.0,2393.0460271346274,1351.3333333333333,0.0,0
33,MOEA/D,44,305.3333333333333,2385.3801012087015,1354.6666666666665,0.0,0
33,MOEA/D,45,305.3333333333333,2382.380434542035,1356.1666666666665,0.0,0
33,MOEA/D,46,289.33333333333337,2412.543841949442,1341.5,0.0,0
33,MOEA/D,47,305.3333333333333,2385.3801012087015,1354.6666666666665,0.0,0
33,MOEA/D,48,284.0,2442.5640024328977,1335.6666666666665,0.0,0
33,MOEA/D,49,305.3333333333333,2385.3801012087015,1354.6666666666665,0.0,0
33,MOEA/D,50,289.33333333333337,2412.543841949442,1341.5,0.0,0
33,MOEA/D,51,300.6666666666667,2418.7626774319465,1335.3333333333333,0.0,0
33,MOEA/D,52,305.3333333333333,2385.3801012087015,1354.6666666666665,0.0,0
33,MOEA/D,53,289.33333333333337,2406.6262523882833,1352.8333333333335,0.0,0
33,MOEA/D,54,289.33333333333337,2412.543841949442,1341.5,0.0,0
33,MOEA/D,55,289.33333333333337,2422.8748789864794,1331.1666666666665,0.0,0
33,MOEA/D,56,289.33333333333337,2423.5411012087015,1329.1666666666665,0.0,0
33,MOEA/D,57,277.0,2415.6454025798885,1339.8333333333333,0.0,0
33,MOEA/D,58,277.0,2420.478661839147,1339.4999999999998,0.0,0
33,MOEA/D,59,277.0,2415.6454025798885,1339.8333333333333,0.0,0
33,MOEA/D,60,305.3333333333333,2385.3801012087015,1354.6666666666665,0.0,0
33,MOEA/D,61,305.3333333333333,2385.3801012087015,1354.6666666666665,0.0,0
33,MOEA/D,62,300.6666666666667,2418.7626774319465,1335.3333333333333,0.0,0
33,MOEA/D,63,302.66666666666663,2486.8944839143796,1322.833333333333,0.0,0
33,MOEA/D,64,305.3333333333333,2385.3801012087015,1354.6666666666665,0.0,0
33,MOEA/D,65,305.3333333333333,2385.3801012087015,1354.6666666666665,0.0,0
33,MOEA/D,66,305.3333333333333,2393.469345214234,1343.6666666666667,0.0,0
33,MOEA/D,67,277.0,2415.6454025798885,1339.8333333333333,0.0,0
33,MOEA/D,68,277.0,2415.6454025798885,1339.8333333333333,0.0,0
33,MOEA/D,69,289.33333333333337,2422.8748789864794,1331.1666666666665,0.0,0
33,MOEA/D,70,305.3333333333333,2385.3801012087015,1354.6666666666665,0.0,0
33,MOEA/D,71,284.0,2448.229113544009,1328.6666666666667,0.0,0
33,MOEA/D,72,289.33333333333337,2422.8748789864794,1331.1666666666665,0.0,0
33,MOEA/D,73,296.0,2448.0407308383315,1327.5,0.0,0
33,MOEA/D,74,289.33333333333337,2412.543841949442,1341.5,0.0,0
33,MOEA/D,75,305.3333333333333,2385.3801012087015,1354.6666666666665,0.0,0
33,MOEA/D,76,277.0,2420.478661839147,1339.4999999999998,0.0,0
33,MOEA/D,77,284.0,2443.8967431736387,1332.9999999999998,0.0,0
33,MOEA/D,78,305.3333333333333,2393.469345214234,1343.6666666666667,0.0,0
33,MOEA/D,79,289.33333333333337,2412.543841949442,1341.5,0.0,0
33,MOEA/D,80,289.33333333333337,2422.8748789864794,1331.1666666666665,0.0,0
33,MOEA/D,81,277.0,2415.6454025798885,1339.8333333333333,0.0,0
33,MOEA/D,83,289.33333333333337,2422.8748789864794,1331.1666666666665,0.0,0
33,MOEA/D,84,277.0,2415.6454025798885,1339.8333333333333,0.0,0
33,MOEA/D,85,312.0,2393.0460271346274,1351.3333333333333,0.0,0
33,MOEA/D,86,305.3333333333333,2393.469345214234,1343.6666666666667,0.0,0
33,MOEA/D,87,300.6666666666667,2418.7626774319465,1335.3333333333333,0.0,0
33,MOEA/D,88,289.33333333333337,2423.5411012087015,1329.1666666666665,0.0,0
33,MOEA/D,90,312.0,2401.13527114016,1340.3333333333333,0.0,0
33,MOEA/D,91,289.33333333333337,2406.6262523882833,1352.8333333333335,0.0,0
33,MOEA/D,92,312.0,2393.0460271346274,1351.3333333333333,0.0,0
33,MOEA/D,93,277.0,2415.6454025798885,1339.8333333333333,0.0,0
33,MOEA/D,94,289.33333333333337,2412.543841949442,1341.5,0.0,0
33,MOEA/D,96,289.33333333333337,2406.6262523882833,1352.8333333333335,0.0,0
33,MOEA/D,97,289.33333333333337,2412.543841949442,1341.5,0.0,0
33,MOEA/D,98,289.33333333333337,2412.543841949442,1341.5,0.0,0
33,MOEA/D,99,277.0,2415.6454025798885,1339.8333333333333,0.0,0
33,GA-SA,1,317.3333333333333,2570.319833402041,1314.3333333333333,0.0,1
33,A*-GA,0,302.33333333333337,2388.177491132792,1426.8333333333333,0.0,1
33,LWC,0,282.66666666666663,2486.5387882833124,1333.0,0.0,0
33,LWC,1,304.0,2487.608834675322,1322.9999999999998,0.0,0
33,LWC,2,315.3333333333333,2440.290513251298,1330.8333333333333,0.0,0
33,LWC,3,304.0,2487.608834675322,1322.9999999999998,0.0,0
33,LWC,4,312.0,2452.5926325330747,1326.6666666666667,0.0,0
33,LWC,5,282.66666666666663,2426.089180356569,1338.1666666666667,0.0,0
33,LWC,6,315.3333333333333,2441.037394372552,1329.8333333333335,0.0,0
33,LWC,7,312.0,2452.5926325330747,1326.6666666666667,0.0,0
33,LWC,8,303.33333333333337,2445.772182850934,1336.3333333333333,0.0,0
33,LWC,9,304.0,2519.4417606012476,1321.1666666666665,0.0,0
33,LWC,10,317.3333333333333,2421.371112360722,1358.3333333333333,0.0,0
33,LWC,11,317.3333333333333,2409.5379642125736,1359.1666666666667,0.0,1
33,LWC,12,304.0,2487.608834675322,1322.9999999999998,0.0,0
33,LWC,13,282.66666666666663,2486.5387882833124,1333.0,0.0,0
33,LWC,14,274.66666666666663,2509.8734549499795,1339.0000000000002,0.0,0
33,LWC,15,322.66666666666663,2424.901440154031,1343.8333333333335,0.0,0
33,LWC,16,300.0,2444.1255998929546,1337.3333333333333,0.0,0
33,LWC,17,289.66666666666663,2450.8856441241787,1332.5,0.0,0
33,LWC,18,294.0,2465.5960558219767,1324.0,0.0,0
33,LWC,19,300.0,2464.2898969415305,1331.9999999999998,0.0,0
33,LWC,20,303.33333333333337,2445.772182850934,1336.3333333333333,0.0,0
33,LWC,21,274.66666666666663,2443.7765398423508,1341.6666666666667,0.0,0
33,LWC,22,275.0,2473.0993536492733,1340.6666666666667,0.0,0
33,LWC,23,313.3333333333333,2412.531369912036,1363.8333333333335,0.0,0
33,LWC,24,276.0,2429.1631878426606,1346.8333333333335,0.0,0
34,AW-NSGA-II,0,342.66666666666663,2565.79990014782,1424.6666666666665,0.0,0
34,AW-NSGA-II,1,342.66666666666663,2567.298751999672,1419.5,0.0,0
34,AW-NSGA-II,2,319.3333333333333,2421.611506548827,1443.3333333333333,0.0,0
34,AW-NSGA-II,3,342.66666666666663,2567.298751999672,1419.5,0.0,0
34,AW-NSGA-II,4,331.0,2433.5909713907636,1440.6666666666667,0.0,0
34,AW-NSGA-II,5,342.66666666666663,2567.298751999672,1419.5,0.0,0
34,AW-NSGA-II,6,331.0,2433.5909713907636,1440.6666666666667,0.0,0
34,AW-NSGA-II,7,320.0,2523.569304688475,1426.6666666666667,0.0,0
34,AW-NSGA-II,8,342.66666666666663,2567.298751999672,1419.5,0.0,0
34,AW-NSGA-II,9,342.66666666666663,2567.298751999672,1419.5,0.0,0
34,AW-NSGA-II,10,301.6666666666667,2446.2505094521366,1430.6666666666667,0.0,1
34,AW-NSGA-II,11,342.66666666666663,2570.965196444117,1418.5,0.0,0
34,AW-NSGA-II,12,320.0,2523.569304688475,1426.6666666666667,0.0,0
34,AW-NSGA-II,13,331.0,2433.5909713907636,1440.6666666666667,0.0,0
34,AW-NSGA-II,14,320.0,2523.569304688475,1426.6666666666667,0.0,0
34,AW-NSGA-II,15,350.0,2503.270584098558,1428.333333333333,0.0,0
34,AW-NSGA-II,16,311.6666666666667,2416.1801691653764,1445.5,0.0,0
34,AW-NSGA-II,17,361.0,2497.4130388603044,1429.0,0.0,0
34,AW-NSGA-II,18,342.66666666666663,2567.298751999672,1419.5,0.0,0
34,AW-NSGA-II,19,354.0,2501.3324737394846,1428.6666666666667,0.0,0
34,AW-NSGA-II,20,302.66666666666663,2494.7857152215247,1430.5000000000002,0.0,0
34,AW-NSGA-II,21,331.0,2433.5909713907636,1440.6666666666667,0.0,0
34,AW-NSGA-II,22,331.0,2442.8623557612973,1437.0,0.0,0
34,AW-NSGA-II,23,342.66666666666663,2564.966677925598,1425.1666666666667,0.0,0
34,AW-NSGA-II,24,301.6666666666667,2446.2505094521366,1430.6666666666667,0.0,0
34,AW-NSGA-II,25,342.66666666666663,2567.298751999672,1419.5,0.0,0
34,AW-NSGA-II,26,311.6666666666667,2416.1801691653764,1445.5,0.0,0
34,AW-NSGA-II,27,342.66666666666663,2567.298751999672,1419.5,0.0,0
34,AW-NSGA-II,28,300.0,2537.0389329278414,1432.3333333333335,0.0,0
34,AW-NSGA-II,29,336.6666666666667,2412.959421281447,1457.6666666666667,0.0,0
34,AW-NSGA-II,30,331.0,2433.5909713907636,1440.6666666666667,0.0,0
34,AW-NSGA-II,31,342.66666666666663,2567.298751999672,1419.5,0.0,0
34,AW-NSGA-II,32,340.0,2578.4017861699563,1422.8333333333333,0.0,0
34,AW-NSGA-II,33,356.0,2515.8188276053743,1415.666666666667,0.0,0
34,AW-NSGA-II,34,320.0,2523.569304688475,1426.6666666666667,0.0,0
34,AW-NSGA-II,35,320.0,2523.569304688475,1426.6666666666667,0.0,0
34,NSGA-II-2obj,0,314.66666666666663,2479.795455069796,1476.8333333333335,0.0,0
34,NSGA-II-2obj,1,313.0,2514.299839575848,1476.3333333333335,0.0,0
34,NSGA-II-2obj,2,314.66666666666663,2479.795455069796,1476.8333333333335,0.0,0
34,NSGA-II-2obj,3,310.3333333333333,2576.3033918029973,1489.3333333333335,0.0,0
34,NSGA-II-2obj,4,310.3333333333333,2576.3033918029973,1489.3333333333335,0.0,0
34,NSGA-II-2obj,5,350.3333333333333,2409.7680862023667,1481.666666666667,0.0,1
34,NSGA-II-2obj,6,316.0,2435.608275475194,1485.8333333333335,0.0,0
34,NSGA-II-3obj,0,332.0,2496.7581584730297,1417.1666666666667,0.0,0
34,NSGA-II-3obj,1,452.6666666666667,2760.5150331188315,1408.5000000000002,0.0,0
34,NSGA-II-3obj,2,332.0,2486.5105286279786,1421.3333333333333,0.0,0
34,NSGA-II-3obj,3,452.6666666666667,2760.5150331188315,1408.5000000000002,0.0,0
34,NSGA-II-3obj,4,306.0,2407.683601005619,1442.8333333333335,0.0,0
34,NSGA-II-3obj,5,381.0,2768.429235089806,1410.5000000000002,0.0,0
34,NSGA-II-3obj,6,332.0,2486.5105286279786,1421.3333333333333,0.0,0
34,NSGA-II-3obj,7,452.6666666666667,2760.5150331188315,1408.5000000000002,0.0,0
34,NSGA-II-3obj,8,396.99999999999994,2737.3246469320266,1410.0,0.0,0
34,NSGA-II-3obj,9,381.0,2768.429235089806,1410.5000000000002,0.0,0
34,NSGA-II-3obj,10,452.6666666666667,2760.5150331188315,1408.5000000000002,0.0,0
34,NSGA-II-3obj,11,388.0,2766.76293879351,1412.166666666667,0.0,0
34,NSGA-II-3obj,12,388.0,2766.76293879351,1412.166666666667,0.0,0
34,NSGA-II-3obj,13,344.33333333333337,2410.773411753061,1439.8333333333335,0.0,0
34,NSGA-II-3obj,14,306.0,2420.923754889333,1440.0,0.0,0
34,NSGA-II-3obj,15,452.6666666666667,2760.5150331188315,1408.5000000000002,0.0,0
34,NSGA-II-3obj,16,459.33333333333337,2759.138991708251,1409.5000000000002,0.0,1
34,NSGA-II-3obj,17,394.33333333333337,2638.3490331188314,1411.5000000000002,0.0,0
34,NSGA-II-3obj,18,381.0,2768.429235089806,1410.5000000000002,0.0,0
34,NSGA-II-3obj,19,332.0,2486.5105286279786,1421.3333333333333,0.0,0
34,NSGA-II-3obj,20,302.0,2424.087717852296,1427.8333333333337,0.0,0
34,NSGA-II-3obj,21,360.0,2402.8918334989044,1436.3333333333335,0.0,0
34,NSGA-II-3obj,22,388.0,2766.76293879351,1412.166666666667,0.0,0
34,NSGA-II-3obj,23,326.3333333333333,2514.7273569488516,1412.3333333333333,0.0,0
34,NSGA-II-3obj,24,452.6666666666667,2760.5150331188315,1408.5000000000002,0.0,0
34,NSGA-II-3obj,25,394.33333333333337,2638.3490331188314,1411.5000000000002,0.0,0
34,NSGA-II-3obj,26,381.0,2768.429235089806,1410.5000000000002,0.0,0
34,NSGA-II-3obj,27,381.0,2768.429235089806,1410.5000000000002,0.0,0
34,NSGA-II-3obj,28,332.0,2496.7581584730297,1417.1666666666667,0.0,0
34,NSGA-II-3obj,29,452.6666666666667,2760.5150331188315,1408.5000000000002,0.0,0
34,NSGA-II-3obj,30,332.0,2486.5105286279786,1421.3333333333333,0.0,0
34,NSGA-II-3obj,31,381.0,2768.429235089806,1410.5000000000002,0.0,0
34,NSGA-III,0,305.0,2565.7977533487283,1439.0,0.0,0
34,NSGA-III,1,305.0,2565.7977533487283,1439.0,0.0,0
34,NSGA-III,2,321.33333333333337,2493.6819882155087,1428.1666666666665,0.0,0
34,NSGA-III,3,321.33333333333337,2493.6819882155087,1428.1666666666665,0.0,0
34,NSGA-III,4,321.33333333333337,2563.7060617822603,1426.4999999999998,0.0,0
34,NSGA-III,5,299.6666666666667,2480.7408129454934,1443.1666666666667,0.0,0
34,NSGA-III,6,320.3333333333333,2534.589707065519,1438.3333333333335,0.0,0
34,NSGA-III,7,318.0,2545.497282221662,1438.8333333333333,0.0,0
34,NSGA-III,8,319.66666666666674,2479.9955099218246,1456.3333333333333,0.0,0
34,NSGA-III,9,320.33333333333337,2469.5246683517817,1444.8333333333333,0.0,0
34,NSGA-III,10,326.33333333333337,2449.335184765674,1464.5,0.0,1
34,NSGA-III,11,326.33333333333337,2450.66748106197,1459.8333333333337,0.0,0
34,NSGA-III,12,326.33333333333337,2463.0767295264986,1459.3333333333337,0.0,0
34,NSGA-III,13,321.33333333333337,2493.8759839511154,1427.8333333333333,0.0,0
34,NSGA-III,14,319.66666666666674,2477.995954366269,1458.3333333333335,0.0,0
34,NSGA-III,15,319.66666666666674,2479.9955099218246,1456.3333333333333,0.0,0
34,NSGA-III,16,319.66666666666674,2477.995954366269,1458.3333333333335,0.0,0
34,NSGA-III,17,316.99999999999994,2584.6946990172323,1438.1666666666667,0.0,0
34,MOEA/D,0,306.33333333333337,2365.062511840878,1432.166666666667,0.0,1
34,MOEA/D,1,315.3333333333333,2404.8263211197236,1431.8333333333333,0.0,0
34,MOEA/D,2,343.99999999999994,2349.2077163442123,1452.8333333333333,0.0,0
34,MOEA/D,3,343.99999999999994,2349.2077163442123,1452.8333333333333,0.0,0
34,MOEA/D,4,303.6666666666667,2362.0631785075448,1435.1666666666667,0.0,0
34,MOEA/D,5,303.6666666666667,2354.4656592938945,1442.5000000000002,0.0,0
34,MOEA/D,6,303.6666666666667,2358.0640673964335,1439.1666666666667,0.0,0
34,MOEA/D,7,303.6666666666667,2362.0631785075448,1435.1666666666667,0.0,0
34,MOEA/D,8,303.6666666666667,2358.0640673964335,1439.1666666666667,0.0,0
34,MOEA/D,9,303.6666666666667,2362.0631785075448,1435.1666666666667,0.0,0
34,MOEA/D,10,303.6666666666667,2359.6612840826865,1439.1666666666665,0.0,0
34,MOEA/D,11,303.6666666666667,2362.0631785075448,1435.1666666666667,0.0,0
34,MOEA/D,12,321.0,2353.071104633067,1449.8333333333333,0.0,0
34,MOEA/D,14,306.33333333333337,2365.062511840878,1432.166666666667,0.0,0
34,MOEA/D,15,321.0,2353.071104633067,1449.8333333333333,0.0,0
34,MOEA/D,16,332.66666666666663,2345.541716344212,1455.8333333333335,0.0,0
34,MOEA/D,17,303.6666666666667,2362.0631785075448,1435.1666666666667,0.0,0
34,MOEA/D,18,303.6666666666667,2358.0640673964335,1439.1666666666667,0.0,0
34,MOEA/D,19,303.6666666666667,2358.0640673964335,1439.1666666666667,0.0,0
34,MOEA/D,20,303.6666666666667,2354.4656592938945,1442.5000000000002,0.0,0
34,MOEA/D,21,303.6666666666667,2362.0631785075448,1435.1666666666667,0.0,0
34,MOEA/D,22,303.6666666666667,2355.4654370716726,1441.5,0.0,0
34,MOEA/D,23,303.6666666666667,2355.4654370716726,1441.5,0.0,0
34,MOEA/D,24,303.6666666666667,2362.0631785075448,1435.1666666666667,0.0,0
34,MOEA/D,25,306.33333333333337,2366.659728527131,1432.1666666666665,0.0,0
34,MOEA/D,26,303.6666666666667,2362.0631785075448,1435.1666666666667,0.0,0
34,MOEA/D,27,332.66666666666663,2345.541716344212,1455.8333333333335,0.0,0
34,MOEA/D,28,303.6666666666667,2355.4654370716726,1441.5,0.0,0
34,MOEA/D,29,303.6666666666667,2362.0631785075448,1435.1666666666667,0.0,0
34,MOEA/D,30,303.6666666666667,2354.4656592938945,1442.5000000000002,0.0,0
34,MOEA/D,31,303.6666666666667,2358.0640673964335,1439.1666666666667,0.0,0
34,MOEA/D,32,306.33333333333337,2365.062511840878,1432.166666666667,0.0,0
34,MOEA/D,33,303.6666666666667,2358.0640673964335,1439.1666666666667,0.0,0
34,MOEA/D,34,303.6666666666667,2354.4656592938945,1442.5000000000002,0.0,0
34,MOEA/D,35,321.0,2354.0708824108447,1448.8333333333333,0.0,0
34,MOEA/D,36,303.6666666666667,2354.4656592938945,1442.5000000000002,0.0,0
34,MOEA/D,37,321.0,2353.071104633067,1449.8333333333333,0.0,0
34,MOEA/D,38,303.6666666666667,2355.4654370716726,1441.5,0.0,0
34,MOEA/D,39,306.33333333333337,2365.062511840878,1432.166666666667,0.0,0
34,MOEA/D,40,303.6666666666667,2359.6612840826865,1439.1666666666665,0.0,0
34,MOEA/D,41,303.6666666666667,2354.4656592938945,1442.5000000000002,0.0,0
34,MOEA/D,42,303.6666666666667,2361.729919248285,1435.5,0.0,0
34,MOEA/D,43,303.6666666666667,2354.4656592938945,1442.5000000000002,0.0,0
34,MOEA/D,44,321.0,2353.071104633067,1449.8333333333333,0.0,0
34,MOEA/D,45,332.66666666666663,2345.541716344212,1455.8333333333335,0.0,0
34,MOEA/D,46,303.6666666666667,2362.0631785075448,1435.1666666666667,0.0,0
34,MOEA/D,47,303.6666666666667,2354.4656592938945,1442.5000000000002,0.0,0
34,MOEA/D,48,306.33333333333337,2365.062511840878,1432.166666666667,0.0,0
34,MOEA/D,49,343.99999999999994,2349.2077163442123,1452.8333333333333,0.0,0
34,MOEA/D,50,303.6666666666667,2358.0640673964335,1439.1666666666667,0.0,0
34,MOEA/D,51,306.33333333333337,2365.062511840878,1432.166666666667,0.0,0
34,MOEA/D,52,303.6666666666667,2358.0640673964335,1439.1666666666667,0.0,0
34,MOEA/D,53,303.6666666666667,2358.0640673964335,1439.1666666666667,0.0,0
34,MOEA/D,54,306.33333333333337,2365.062511840878,1432.166666666667,0.0,0
34,MOEA/D,55,306.33333333333337,2366.659728527131,1432.1666666666665,0.0,0
34,MOEA/D,56,306.33333333333337,2365.062511840878,1432.166666666667,0.0,0
34,MOEA/D,57,303.6666666666667,2362.0631785075448,1435.1666666666667,0.0,0
34,MOEA/D,58,303.6666666666667,2362.0631785075448,1435.1666666666667,0.0,0
34,MOEA/D,59,303.6666666666667,2358.0640673964335,1439.1666666666667,0.0,0
34,MOEA/D,61,321.0,2353.071104633067,1449.8333333333333,0.0,0
34,MOEA/D,62,306.33333333333337,2365.062511840878,1432.166666666667,0.0,0
34,MOEA/D,63,326.00000000000006,2397.567405989575,1425.8333333333333,0.0,0
34,MOEA/D,64,332.66666666666663,2345.541716344212,1455.8333333333335,0.0,0
34,MOEA/D,65,321.0,2354.0708824108447,1448.8333333333333,0.0,0
34,MOEA/D,66,303.6666666666667,2358.0640673964335,1439.1666666666667,0.0,0
34,MOEA/D,67,306.33333333333337,2365.062511840878,1432.166666666667,0.0,0
34,MOEA/D,68,303.6666666666667,2362.0631785075448,1435.1666666666667,0.0,0
34,MOEA/D,69,306.33333333333337,2366.659728527131,1432.1666666666665,0.0,0
34,MOEA/D,70,303.6666666666667,2354.4656592938945,1442.5000000000002,0.0,0
34,MOEA/D,71,306.33333333333337,2366.659728527131,1432.1666666666665,0.0,0
34,MOEA/D,72,319.0,2369.0686652488343,1431.5000000000002,0.0,0
34,MOEA/D,73,326.00000000000006,2395.1584692678716,1426.5,0.0,0
34,MOEA/D,74,306.33333333333337,2365.062511840878,1432.166666666667,0.0,0
34,MOEA/D,75,321.0,2353.071104633067,1449.8333333333333,0.0,0
34,MOEA/D,76,303.6666666666667,2362.0631785075448,1435.1666666666667,0.0,0
34,MOEA/D,77,306.33333333333337,2365.062511840878,1432.166666666667,0.0,0
34,MOEA/D,78,303.6666666666667,2354.4656592938945,1442.5000000000002,0.0,0
34,MOEA/D,79,303.6666666666667,2362.0631785075448,1435.1666666666667,0.0,0
34,MOEA/D,80,306.33333333333337,2365.062511840878,1432.166666666667,0.0,0
34,MOEA/D,81,303.6666666666667,2362.0631785075448,1435.1666666666667,0.0,0
34,MOEA/D,82,303.6666666666667,2358.0640673964335,1439.1666666666667,0.0,0
34,MOEA/D,83,319.0,2369.0686652488343,1431.5000000000002,0.0,0
34,MOEA/D,84,303.6666666666667,2355.4654370716726,1441.5,0.0,0
34,MOEA/D,85,303.6666666666667,2354.4656592938945,1442.5000000000002,0.0,0
34,MOEA/D,86,303.6666666666667,2354.4656592938945,1442.5000000000002,0.0,0
34,MOEA/D,87,306.33333333333337,2366.659728527131,1432.1666666666665,0.0,0
34,MOEA/D,88,319.0,2369.0686652488343,1431.5000000000002,0.0,0
34,MOEA/D,89,303.6666666666667,2362.0631785075448,1435.1666666666667,0.0,0
34,MOEA/D,90,303.6666666666667,2359.6612840826865,1439.1666666666665,0.0,0
34,MOEA/D,91,303.6666666666667,2355.4654370716726,1441.5,0.0,0
34,MOEA/D,92,303.6666666666667,2357.0642896186555,1440.1666666666667,0.0,0
34,MOEA/D,93,303.6666666666667,2362.0631785075448,1435.1666666666667,0.0,0
34,MOEA/D,94,306.33333333333337,2365.062511840878,1432.166666666667,0.0,0
34,MOEA/D,95,303.6666666666667,2358.0640673964335,1439.1666666666667,0.0,0
34,MOEA/D,96,303.6666666666667,2354.4656592938945,1442.5000000000002,0.0,0
34,MOEA/D,97,306.33333333333337,2365.062511840878,1432.166666666667,0.0,0
34,MOEA/D,98,303.6666666666667,2358.0640673964335,1439.1666666666667,0.0,0
34,MOEA/D,99,303.6666666666667,2362.0631785075448,1435.1666666666667,0.0,0
34,GA-SA,0,320.66666666666663,2449.808658257467,1416.6666666666665,0.0,1
34,A*-GA,0,317.0,2637.352038171866,1494.3333333333335,0.0,1
34,A*-GA,1,317.0,2637.352038171866,1494.3333333333335,0.0,0
34,LWC,0,321.6666666666667,2562.550299619735,1418.6666666666667,0.0,0
34,LWC,1,386.66666666666674,2805.729316045691,1416.666666666667,0.0,0
34,LWC,2,386.66666666666674,2805.729316045691,1416.666666666667,0.0,0
34,LWC,3,321.6666666666667,2535.0511885086244,1422.6666666666667,0.0,0
34,LWC,4,301.0,2534.9901222564845,1438.9999999999998,0.0,0
34,LWC,5,361.66666666666663,2495.8465698421105,1430.3333333333335,0.0,0
34,LWC,6,310.6666666666667,2506.0919699285573,1435.8333333333335,0.0,0
34,LWC,7,321.6666666666667,2547.884040360476,1420.5000000000002,0.0,0
34,LWC,8,318.0,2478.7740399132003,1431.5,0.0,0
34,LWC,9,318.0,2512.962186939409,1426.6666666666667,0.0,0
34,LWC,10,304.6666666666667,2526.740940856317,1433.3333333333335,0.0,0
34,LWC,11,304.6666666666667,2526.740940856317,1433.3333333333335,0.0,0
34,LWC,12,361.66666666666663,2495.8465698421105,1430.3333333333335,0.0,0
34,LWC,13,313.66666666666663,2513.951991575167,1423.1666666666667,0.0,0
34,LWC,14,310.33333333333337,2523.3310867752343,1428.3333333333333,0.0,0
34,LWC,15,321.6666666666667,2535.0511885086244,1422.6666666666667,0.0,0
34,LWC,16,304.6666666666667,2526.740940856317,1433.3333333333335,0.0,0
34,LWC,17,304.6666666666667,2526.740940856317,1433.3333333333335,0.0,0
34,LWC,18,318.0,2553.050707027143,1420.5000000000002,0.0,0
34,LWC,19,321.6666666666667,2547.884040360476,1420.5000000000002,0.0,0
34,LWC,20,306.6666666666667,2512.022250139295,1435.5000000000002,0.0,0
34,LWC,21,304.6666666666667,2537.9239328915205,1429.6666666666667,0.0,0
34,LWC,22,386.66666666666674,2805.729316045691,1416.666666666667,0.0,0
34,LWC,23,308.0,2470.6891054668044,1455.5000000000002,0.0,1
34,LWC,24,321.6666666666667,2535.0511885086244,1422.6666666666667,0.0,0
34,LWC,25,320.99999999999994,2472.108854728015,1438.1666666666665,0.0,0
34,LWC,26,386.66666666666674,2805.729316045691,1416.666666666667,0.0,0
34,LWC,27,318.0,2505.9624091616315,1427.6666666666667,0.0,0
35,AW-NSGA-II,0,296.6666666666667,2477.6932458529413,1351.3333333333333,0.0,0
35,AW-NSGA-II,1,324.00000000000006,2538.270028934276,1332.6666666666667,0.0,0
35,AW-NSGA-II,2,313.33333333333337,2541.8659826837848,1343.6666666666665,0.0,0
35,AW-NSGA-II,3,296.6666666666667,2507.358801408497,1346.3333333333333,0.0,0
35,AW-NSGA-II,4,324.00000000000006,2590.9704854699494,1327.6666666666667,0.0,0
35,AW-NSGA-II,5,313.33333333333337,2541.8659826837848,1343.6666666666665,0.0,0
35,AW-NSGA-II,6,349.66666666666663,2476.825977992367,1346.1666666666665,0.0,0
35,AW-NSGA-II,7,319.99999999999994,2572.12425373635,1335.6666666666667,0.0,0
35,AW-NSGA-II,8,324.00000000000006,2590.9704854699494,1327.6666666666667,0.0,0
35,AW-NSGA-II,9,345.0,2483.965165379479,1345.1666666666667,0.0,0
35,AW-NSGA-II,10,324.00000000000006,2590.9704854699494,1327.6666666666667,0.0,0
35,AW-NSGA-II,11,345.0,2483.965165379479,1345.1666666666667,0.0,0
35,AW-NSGA-II,12,312.0,2544.6257722548685,1342.5,0.0,0
35,AW-NSGA-II,13,294.33333333333337,2651.2303254014405,1346.8333333333335,0.0,0
35,AW-NSGA-II,14,311.33333333333337,2438.0057729553755,1378.5,0.0,0
35,AW-NSGA-II,15,319.99999999999994,2572.12425373635,1335.6666666666667,0.0,0
35,AW-NSGA-II,16,313.33333333333337,2548.8645752763773,1337.3333333333333,0.0,0
35,AW-NSGA-II,17,306.66666666666663,2447.285952031206,1353.0,0.0,0
35,AW-NSGA-II,18,302.0,2568.198204906007,1338.6666666666667,0.0,0
35,AW-NSGA-II,19,306.66666666666663,2485.1353392909714,1348.1666666666665,0.0,0
35,AW-NSGA-II,20,324.00000000000006,2564.6370256760283,1329.9999999999998,0.0,0
35,AW-NSGA-II,21,337.0,2523.9050055283865,1333.8333333333335,0.0,0
35,AW-NSGA-II,22,348.0,2489.8731673344278,1323.6666666666665,0.0,1
35,AW-NSGA-II,23,302.0,2568.198204906007,1338.6666666666667,0.0,0
35,AW-NSGA-II,24,316.6666666666667,2547.1987234245253,1341.0,0.0,0
35,AW-NSGA-II,25,297.0,2655.896251327367,1343.5,0.0,0
35,AW-NSGA-II,26,345.0,2483.965165379479,1345.1666666666667,0.0,0
35,AW-NSGA-II,27,309.66666666666663,2565.125142625239,1339.6666666666667,0.0,0
35,AW-NSGA-II,28,313.33333333333337,2592.5348675914765,1330.3333333333333,0.0,0
35,AW-NSGA-II,29,318.3333333333333,2496.7302933799847,1336.1666666666667,0.0,0
35,AW-NSGA-II,30,313.33333333333337,2541.8659826837848,1343.6666666666665,0.0,0
35,NSGA-II-2obj,0,325.6666666666667,2561.2141195984527,1402.5000000000002,0.0,0
35,NSGA-II-2obj,1,311.33333333333337,2634.8387755532326,1397.166666666667,0.0,0
35,NSGA-II-2obj,2,303.0,2692.7083535861866,1394.5,0.0,0
35,NSGA-II-2obj,3,318.3333333333333,2609.728772264472,1394.0000000000002,0.0,0
35,NSGA-II-2obj,4,325.6666666666667,2561.2141195984527,1402.5000000000002,0.0,0
35,NSGA-II-2obj,5,325.6666666666667,2561.2141195984527,1402.5000000000002,0.0,0
35,NSGA-II-2obj,6,326.33333333333337,2559.8715218978195,1385.0,0.0,0
35,NSGA-II-2obj,7,305.6666666666667,2679.080401575062,1402.1666666666667,0.0,0
35,NSGA-II-2obj,8,328.3333333333333,2550.1466813846732,1380.166666666667,0.0,0
35,NSGA-II-2obj,9,305.33333333333337,2685.857028045901,1394.1666666666665,0.0,0
35,NSGA-II-2obj,10,325.6666666666667,2561.2141195984527,1402.5000000000002,0.0,0
35,NSGA-II-2obj,11,331.6666666666667,2492.615505857918,1396.0,0.0,0
35,NSGA-II-2obj,12,325.6666666666667,2561.2141195984527,1402.5000000000002,0.0,0
35,NSGA-II-2obj,13,333.66666666666663,2471.644364378006,1391.3333333333333,0.0,0
35,NSGA-II-2obj,14,333.66666666666663,2471.644364378006,1391.3333333333333,0.0,0
35,NSGA-II-2obj,15,320.3333333333333,2605.7776538440435,1396.3333333333335,0.0,0
35,NSGA-II-2obj,16,350.33333333333337,2465.644549563191,1392.1666666666667,0.0,1
35,NSGA-II-3obj,0,310.6666666666667,2596.114047167068,1340.3333333333333,0.0,0
35,NSGA-II-3obj,1,321.3333333333333,2684.917055695152,1333.166666666667,0.0,0
35,NSGA-II-3obj,2,308.33333333333337,2543.1897931659423,1343.3333333333335,0.0,0
35,NSGA-II-3obj,3,310.6666666666667,2599.446787907809,1337.6666666666667,0.0,1
35,NSGA-II-3obj,4,321.3333333333333,2684.917055695152,1333.166666666667,0.0,0
35,NSGA-II-3obj,5,295.66666666666663,2511.6659325912824,1350.3333333333335,0.0,0
35,NSGA-II-3obj,6,366.6666666666667,2818.338852357291,1328.3333333333335,0.0,0
35,NSGA-II-3obj,7,310.6666666666667,2593.2368312557783,1341.6666666666665,0.0,0
35,NSGA-II-3obj,8,310.6666666666667,2594.4476027226237,1341.3333333333333,0.0,0
35,NSGA-II-3obj,9,310.6666666666667,2596.114047167068,1340.3333333333333,0.0,0
35,NSGA-II-3obj,10,321.3333333333333,2679.970518860914,1334.1666666666667,0.0,0
35,NSGA-II-3obj,11,301.66666666666663,2541.8173703715984,1344.6666666666665,0.0,0
35,NSGA-II-3obj,12,310.6666666666667,2599.446787907809,1337.6666666666667,0.0,0
35,NSGA-II-3obj,13,295.66666666666663,2533.5215618369753,1348.8333333333333,0.0,0
35,NSGA-II-3obj,14,321.3333333333333,2644.518655575153,1336.5,0.0,0
35,NSGA-II-3obj,15,321.3333333333333,2684.917055695152,1333.166666666667,0.0,0
35,NSGA-II-3obj,16,289.0,2585.1147138337346,1343.3333333333333,0.0,0
35,NSGA-II-3obj,17,310.6666666666667,2593.2368312557783,1341.6666666666665,0.0,0
35,NSGA-II-3obj,18,366.6666666666667,2818.338852357291,1328.3333333333335,0.0,0
35,NSGA-II-3obj,19,289.0,2585.1147138337346,1343.3333333333333,0.0,0
35,NSGA-II-3obj,20,315.0,2585.248792581525,1340.6666666666667,0.0,0
35,NSGA-II-3obj,21,312.3333333333333,2583.249237025969,1342.6666666666665,0.0,0
35,NSGA-II-3obj,22,310.6666666666667,2593.2368312557783,1341.6666666666665,0.0,0
35,NSGA-II-3obj,23,323.0,2625.7630402283203,1335.8333333333335,0.0,0
35,NSGA-II-3obj,24,310.6666666666667,2596.114047167068,1340.3333333333333,0.0,0
35,NSGA-II-3obj,25,289.0,2585.1147138337346,1343.3333333333333,0.0,0
35,NSGA-II-3obj,26,333.3333333333333,2618.2662304632604,1336.0000000000002,0.0,0
35,NSGA-II-3obj,27,301.66666666666663,2531.569637769248,1347.3333333333333,0.0,0
35,NSGA-II-3obj,28,321.3333333333333,2684.917055695152,1333.166666666667,0.0,0
35,NSGA-III,0,345.33333333333337,2518.922275347141,1355.6666666666667,0.0,0
35,NSGA-III,1,311.3333333333333,2539.002516645719,1333.1666666666667,0.0,0
35,NSGA-III,2,311.3333333333333,2531.670812942015,1340.5,0.0,0
35,NSGA-III,3,296.0,2561.9626458756156,1352.0,0.0,0
35,NSGA-III,4,390.0,2819.0842824496763,1322.8333333333333,0.0,1
35,NSGA-III,5,311.3333333333333,2539.002516645719,1333.1666666666667,0.0,0
35,NSGA-III,6,314.33333333333337,2606.969524214705,1324.6666666666665,0.0,0
35,NSGA-III,7,297.6666666666667,2566.979279465708,1337.6666666666665,0.0,0
35,NSGA-III,8,314.33333333333337,2606.969524214705,1324.6666666666665,0.0,0
35,NSGA-III,9,299.0,2568.6138739604253,1337.3333333333333,0.0,0
35,NSGA-III,10,311.3333333333333,2539.002516645719,1333.1666666666667,0.0,0
35,NSGA-III,11,314.33333333333337,2606.969524214705,1324.6666666666665,0.0,0
35,NSGA-III,12,317.0,2521.3683531889556,1349.1666666666667,0.0,0
35,NSGA-III,13,299.0,2563.1104883056355,1340.3333333333333,0.0,0
35,NSGA-III,14,361.33333333333337,2529.893266164602,1342.0,0.0,0
35,NSGA-III,15,292.0,2569.129868097838,1354.4999999999995,0.0,0
35,NSGA-III,16,299.6666666666667,2533.9282307490685,1352.8333333333333,0.0,0
35,NSGA-III,17,292.0,2569.129868097838,1354.4999999999995,0.0,0
35,NSGA-III,18,296.0,2547.3007199496897,1373.333333333333,0.0,0
35,NSGA-III,19,299.66666666666663,2531.6067310041562,1359.8333333333333,0.0,0
35,NSGA-III,20,311.3333333333333,2539.002516645719,1333.1666666666667,0.0,0
35,NSGA-III,21,296.0,2547.3007199496897,1373.333333333333,0.0,0
35,NSGA-III,22,345.33333333333337,2518.922275347141,1355.6666666666667,0.0,0
35,NSGA-III,23,343.3333333333333,2530.9164692090358,1342.0,0.0,0
35,NSGA-III,24,333.0,2601.5846157830097,1324.3333333333333,0.0,0
35,NSGA-III,25,330.3333333333333,2531.640635325816,1344.6666666666667,0.0,0
35,NSGA-III,26,317.0,2502.033219000302,1390.5,0.0,0
35,NSGA-III,27,299.6666666666667,2546.667479608682,1325.4999999999998,0.0,0
35,NSGA-III,28,311.3333333333333,2539.002516645719,1333.1666666666667,0.0,0
35,NSGA-III,29,311.3333333333333,2538.688094807718,1335.1666666666667,0.0,0
35,NSGA-III,30,311.3333333333333,2531.670812942015,1340.5,0.0,0
35,NSGA-III,31,297.66666666666663,2504.275175448601,1367.8333333333333,0.0,0
35,MOEA/D,0,290.3333333333333,2442.6906956025655,1338.1666666666665,0.0,1
35,MOEA/D,1,290.3333333333333,2442.6906956025655,1338.1666666666665,0.0,0
35,MOEA/D,2,304.0,2411.3139315819744,1362.5,0.0,0
35,MOEA/D,3,304.0,2411.3139315819744,1362.5,0.0,0
35,MOEA/D,4,291.6666666666667,2432.694621528491,1355.8333333333333,0.0,0
35,MOEA/D,5,291.6666666666667,2432.694621528491,1355.8333333333333,0.0,0
35,MOEA/D,6,291.6666666666667,2432.694621528491,1355.8333333333333,0.0,0
35,MOEA/D,7,290.3333333333333,2438.1920659729362,1344.3333333333333,0.0,0
35,MOEA/D,8,314.6666666666667,2418.8153653735108,1344.8333333333333,0.0,0
35,MOEA/D,9,301.0,2427.192065972936,1344.3333333333333,0.0,0
35,MOEA/D,10,314.6666666666667,2418.8153653735108,1344.8333333333333,0.0,0
35,MOEA/D,11,290.3333333333333,2438.1920659729362,1344.3333333333333,0.0,0
35,MOEA/D,12,304.0,2411.3139315819744,1362.5,0.0,0
35,MOEA/D,13,290.3333333333333,2442.6906956025655,1338.1666666666665,0.0,0
35,MOEA/D,14,301.0,2434.6428945449375,1342.8333333333335,0.0,0
35,MOEA/D,15,304.0,2411.3139315819744,1362.5,0.0,0
35,MOEA/D,16,304.0,2411.3139315819744,1362.5,0.0,0
35,MOEA/D,17,290.3333333333333,2438.1920659729362,1344.3333333333333,0.0,0
35,MOEA/D,19,301.0,2422.3105982486413,1347.5,0.0,0
35,MOEA/D,20,301.0,2415.645561211604,1354.8333333333337,0.0,0
35,MOEA/D,21,290.3333333333333,2438.1920659729362,1344.3333333333333,0.0,0
35,MOEA/D,22,314.6666666666667,2418.8153653735108,1344.8333333333333,0.0,0
35,MOEA/D,23,291.6666666666667,2432.694621528491,1355.8333333333333,0.0,0
35,MOEA/D,24,284.33333333333337,2456.1915844914547,1342.166666666667,0.0,0
35,MOEA/D,25,290.3333333333333,2442.6906956025655,1338.1666666666665,0.0,0
35,MOEA/D,26,314.6666666666667,2418.8153653735108,1344.8333333333333,0.0,0
35,MOEA/D,27,304.0,2411.3139315819744,1362.5,0.0,0
35,MOEA/D,28,291.6666666666667,2432.694621528491,1355.8333333333333,0.0,0
35,MOEA/D,29,291.6666666666667,2437.193251158121,1349.6666666666667,0.0,0
35,MOEA/D,31,314.6666666666667,2418.8153653735108,1344.8333333333333,0.0,0
35,MOEA/D,32,301.0,2434.6428945449375,1342.8333333333335,0.0,0
35,MOEA/D,33,301.0,2422.6438575079005,1347.1666666666667,0.0,0
35,MOEA/D,34,301.0,2415.645561211604,1354.8333333333337,0.0,0
35,MOEA/D,35,301.0,2415.645561211604,1354.8333333333337,0.0,0
35,MOEA/D,36,314.6666666666667,2418.8153653735108,1344.8333333333333,0.0,0
35,MOEA/D,37,304.0,2411.3139315819744,1362.5,0.0,0
35,MOEA/D,38,291.6666666666667,2432.694621528491,1355.8333333333333,0.0,0
35,MOEA/D,39,290.3333333333333,2458.4048697039184,1336.8333333333333,0.0,0
35,MOEA/D,40,314.6666666666667,2418.8153653735108,1344.8333333333333,0.0,0
35,MOEA/D,41,301.0,2415.645561211604,1354.8333333333337,0.0,0
35,MOEA/D,42,291.6666666666667,2437.193251158121,1349.6666666666667,0.0,0
35,MOEA/D,43,314.6666666666667,2418.8153653735108,1344.8333333333333,0.0,0
35,MOEA/D,44,304.0,2411.3139315819744,1362.5,0.0,0
35,MOEA/D,45,304.0,2411.3139315819744,1362.5,0.0,0
35,MOEA/D,46,301.0,2427.192065972936,1344.3333333333333,0.0,0
35,MOEA/D,48,290.3333333333333,2442.6906956025655,1338.1666666666665,0.0,0
35,MOEA/D,49,304.0,2411.3139315819744,1362.5,0.0,0
35,MOEA/D,50,290.3333333333333,2438.1920659729362,1344.3333333333333,0.0,0
35,MOEA/D,51,301.0,2434.6428945449375,1342.8333333333335,0.0,0
35,MOEA/D,52,301.0,2422.3105982486413,1347.5,0.0,0
35,MOEA/D,53,291.6666666666667,2432.694621528491,1355.8333333333333,0.0,0
35,MOEA/D,54,301.0,2427.192065972936,1344.3333333333333,0.0,0
35,MOEA/D,55,290.3333333333333,2442.6906956025655,1338.1666666666665,0.0,0
35,MOEA/D,56,290.3333333333333,2442.6906956025655,1338.1666666666665,0.0,0
35,MOEA/D,57,290.3333333333333,2438.1920659729362,1344.3333333333333,0.0,0
35,MOEA/D,58,290.3333333333333,2442.6906956025655,1338.1666666666665,0.0,0
35,MOEA/D,59,291.6666666666667,2432.694621528491,1355.8333333333333,0.0,0
35,MOEA/D,60,301.0,2415.645561211604,1354.8333333333337,0.0,0
35,MOEA/D,61,304.0,2415.3130426930857,1358.5000000000002,0.0,0
35,MOEA/D,62,301.0,2434.6428945449375,1342.8333333333335,0.0,0
35,MOEA/D,63,337.3333333333333,2474.689732639603,1333.8333333333333,0.0,0
35,MOEA/D,64,304.0,2411.3139315819744,1362.5,0.0,0
35,MOEA/D,65,301.0,2415.645561211604,1354.8333333333337,0.0,0
35,MOEA/D,66,314.6666666666667,2418.8153653735108,1344.8333333333333,0.0,0
35,MOEA/D,67,290.3333333333333,2438.1920659729362,1344.3333333333333,0.0,0
35,MOEA/D,68,290.3333333333333,2438.1920659729362,1344.3333333333333,0.0,0
35,MOEA/D,69,290.3333333333333,2442.6906956025655,1338.1666666666665,0.0,0
35,MOEA/D,70,301.0,2415.645561211604,1354.8333333333337,0.0,0
35,MOEA/D,71,290.3333333333333,2480.0710178520667,1334.5,0.0,0
35,MOEA/D,72,290.3333333333333,2442.6906956025655,1338.1666666666665,0.0,0
35,MOEA/D,73,337.3333333333333,2474.689732639603,1333.8333333333333,0.0,0
35,MOEA/D,74,301.0,2427.192065972936,1344.3333333333333,0.0,0
35,MOEA/D,75,304.0,2411.3139315819744,1362.5,0.0,0
35,MOEA/D,76,284.33333333333337,2456.1915844914547,1342.166666666667,0.0,0
35,MOEA/D,77,290.3333333333333,2458.4048697039184,1336.8333333333333,0.0,0
35,MOEA/D,78,314.6666666666667,2418.8153653735108,1344.8333333333333,0.0,0
35,MOEA/D,79,301.0,2427.192065972936,1344.3333333333333,0.0,0
35,MOEA/D,80,290.3333333333333,2442.6906956025655,1338.1666666666665,0.0,0
35,MOEA/D,81,290.3333333333333,2438.1920659729362,1344.3333333333333,0.0,0
35,MOEA/D,82,314.6666666666667,2418.8153653735108,1344.8333333333333,0.0,0
35,MOEA/D,83,290.3333333333333,2442.6906956025655,1338.1666666666665,0.0,0
35,MOEA/D,84,291.6666666666667,2432.694621528491,1355.8333333333333,0.0,0
35,MOEA/D,85,314.6666666666667,2418.8153653735108,1344.8333333333333,0.0,0
35,MOEA/D,86,314.6666666666667,2418.8153653735108,1344.8333333333333,0.0,0
35,MOEA/D,87,301.0,2434.6428945449375,1342.8333333333335,0.0,0
35,MOEA/D,88,290.3333333333333,2442.6906956025655,1338.1666666666665,0.0,0
35,MOEA/D,89,314.6666666666667,2418.8153653735108,1344.8333333333333,0.0,0
35,MOEA/D,90,301.0,2422.6438575079005,1347.1666666666667,0.0,0
35,MOEA/D,91,301.0,2415.645561211604,1354.8333333333337,0.0,0
35,MOEA/D,92,301.0,2422.6438575079005,1347.1666666666667,0.0,0
35,MOEA/D,93,291.6666666666667,2437.193251158121,1349.6666666666667,0.0,0
35,MOEA/D,94,301.0,2427.192065972936,1344.3333333333333,0.0,0
35,MOEA/D,95,290.3333333333333,2438.1920659729362,1344.3333333333333,0.0,0
35,MOEA/D,97,301.0,2427.192065972936,1344.3333333333333,0.0,0
35,MOEA/D,98,290.3333333333333,2438.1920659729362,1344.3333333333333,0.0,0
35,MOEA/D,99,284.33333333333337,2456.1915844914547,1342.166666666667,0.0,0
35,GA-SA,1,288.0,2538.3814763465234,1316.3333333333335,0.0,1
35,A*-GA,0,295.6666666666667,2329.5980865274532,1393.0,0.0,1
35,A*-GA,1,295.6666666666667,2329.5980865274532,1393.0,0.0,0
35,A*-GA,2,295.6666666666667,2339.0961976385643,1384.5,0.0,0
35,A*-GA,3,295.6666666666667,2335.4307902311566,1390.1666666666667,0.0,0
35,A*-GA,4,295.6666666666667,2298.2574969550374,1382.0000000000002,0.0,0
35,A*-GA,5,295.6666666666667,2336.9309754163423,1391.0,0.0,0
35,A*-GA,6,295.6666666666667,2329.5980865274532,1393.0,0.0,0
35,A*-GA,7,295.6666666666667,2314.2455973509277,1380.6666666666667,0.0,0
35,LWC,0,324.99999999999994,2467.220417865978,1351.8333333333333,0.0,0
35,LWC,1,324.99999999999994,2467.220417865978,1351.8333333333333,0.0,0
35,LWC,2,337.33333333333337,2604.7847471416835,1318.666666666667,0.0,0
35,LWC,3,326.3333333333333,2471.553121569682,1349.0,0.0,0
35,LWC,4,307.0,2561.61867306761,1321.3333333333335,0.0,0
35,LWC,5,324.99999999999994,2467.220417865978,1351.8333333333333,0.0,0
35,LWC,6,307.0,2561.61867306761,1321.3333333333335,0.0,0
35,LWC,7,344.6666666666667,2543.2392695843023,1321.5000000000002,0.0,0
35,LWC,8,307.0,2561.61867306761,1321.3333333333335,0.0,0
35,LWC,9,307.0,2561.61867306761,1321.3333333333335,0.0,0
35,LWC,10,324.99999999999994,2460.888491940052,1358.1666666666665,0.0,1
35,LWC,11,307.0,2561.61867306761,1321.3333333333335,0.0,0
35,LWC,12,290.3333333333333,2472.2145289770892,1325.3333333333335,0.0,0
35,LWC,13,307.0,2540.9523026972392,1322.6666666666667,0.0,0
35,LWC,14,326.3333333333333,2471.553121569682,1349.0,0.0,0
35,LWC,15,307.0,2540.9523026972392,1322.6666666666667,0.0,0
35,LWC,16,344.6666666666667,2578.177279820242,1315.1666666666667,0.0,0
35,LWC,17,330.3333333333333,2558.1183026972394,1319.666666666667,0.0,0
35,LWC,18,307.0,2561.61867306761,1321.3333333333335,0.0,0
35,LWC,19,307.0,2561.61867306761,1321.3333333333335,0.0,0
35,LWC,20,354.6666666666667,2563.738862176895,1319.6666666666667,0.0,0
35,LWC,21,324.99999999999994,2467.220417865978,1351.8333333333333,0.0,0
35,LWC,22,347.99999999999994,2546.880306754867,1321.3333333333335,0.0,0
35,LWC,23,306.6666666666667,2578.7855619564984,1322.3333333333337,0.0,0
36,AW-NSGA-II,0,343.33333333333337,2548.31637792166,1351.0,0.0,0
36,AW-NSGA-II,1,343.33333333333337,2580.4830445883267,1350.9999999999998,0.0,0
36,AW-NSGA-II,2,331.3333333333333,2566.8575293329855,1351.0,0.0,0
36,AW-NSGA-II,3,343.33333333333337,2580.4830445883267,1350.9999999999998,0.0,0
36,AW-NSGA-II,4,341.6666666666667,2491.8814164937708,1355.1666666666667,0.0,0
36,AW-NSGA-II,5,327.3333333333333,2522.0484164937707,1356.666666666667,0.0,0
36,AW-NSGA-II,6,304.3333333333333,2430.819253127508,1393.6666666666665,0.0,0
36,AW-NSGA-II,7,319.6666666666667,2430.445798021168,1388.8333333333333,0.0,0
36,AW-NSGA-II,8,317.3333333333333,2551.647457144743,1355.1666666666665,0.0,0
36,AW-NSGA-II,9,327.3333333333333,2522.0484164937707,1356.666666666667,0.0,0
36,AW-NSGA-II,10,331.0,2506.297732467512,1364.8333333333335,0.0,0
36,AW-NSGA-II,11,343.33333333333337,2580.4830445883267,1350.9999999999998,0.0,0
36,AW-NSGA-II,12,299.3333333333333,2528.3906516863494,1369.5,0.0,0
36,AW-NSGA-II,13,331.0,2498.63113987492,1365.1666666666667,0.0,0
36,AW-NSGA-II,14,341.6666666666667,2491.8814164937708,1355.1666666666667,0.0,0
36,AW-NSGA-II,15,299.3333333333333,2577.963660458279,1362.3333333333333,0.0,0
36,AW-NSGA-II,16,302.99999999999994,2471.264080232637,1403.8333333333333,0.0,0
36,AW-NSGA-II,17,307.6666666666667,2437.4055818376155,1383.8333333333335,0.0,0
36,AW-NSGA-II,18,315.0,2475.459085270366,1380.1666666666667,0.0,0
36,AW-NSGA-II,19,299.3333333333333,2528.3906516863494,1369.5,0.0,0
36,AW-NSGA-II,20,319.6666666666667,2424.280723947094,1396.0,0.0,0
36,AW-NSGA-II,21,343.33333333333337,2580.4830445883267,1350.9999999999998,0.0,0
36,AW-NSGA-II,22,364.3333333333333,2608.0675804664374,1345.1666666666667,0.0,1
36,AW-NSGA-II,23,343.33333333333337,2548.31637792166,1351.0,0.0,0
36,AW-NSGA-II,24,299.3333333333333,2528.3906516863494,1369.5,0.0,0
36,AW-NSGA-II,25,299.3333333333333,2562.793049070467,1362.6666666666667,0.0,0
36,AW-NSGA-II,26,313.3333333333333,2559.280502546395,1364.5,0.0,0
36,AW-NSGA-II,27,302.99999999999994,2471.264080232637,1403.8333333333333,0.0,0
36,AW-NSGA-II,28,364.3333333333333,2608.0675804664374,1345.1666666666667,0.0,0
36,AW-NSGA-II,29,364.3333333333333,2607.011471963144,1350.1666666666667,0.0,0
36,AW-NSGA-II,30,304.3333333333333,2467.227328824389,1380.3333333333333,0.0,0
36,AW-NSGA-II,31,301.66666666666663,2476.9799568312123,1366.8333333333333,0.0,0
36,AW-NSGA-II,32,343.33333333333337,2580.4830445883267,1350.9999999999998,0.0,0
36,AW-NSGA-II,33,317.3333333333333,2551.647457144743,1355.1666666666665,0.0,0
36,AW-NSGA-II,34,343.33333333333337,2580.4830445883267,1350.9999999999998,0.0,0
36,AW-NSGA-II,35,310.0,2475.602578232052,1371.3333333333333,0.0,0
36,AW-NSGA-II,36,343.33333333333337,2580.4830445883267,1350.9999999999998,0.0,0
36,AW-NSGA-II,37,338.0,2437.459347215728,1372.3333333333333,0.0,0
36,AW-NSGA-II,38,299.3333333333333,2526.866818031751,1369.8333333333333,0.0,0
36,AW-NSGA-II,39,328.3333333333333,2508.1307695045493,1363.5,0.0,0
36,AW-NSGA-II,40,322.3333333333333,2463.1389423897426,1369.5,0.0,0
36,AW-NSGA-II,41,304.3333333333333,2430.819253127508,1393.6666666666665,0.0,0
36,AW-NSGA-II,42,302.99999999999994,2471.264080232637,1403.8333333333333,0.0,0
36,AW-NSGA-II,43,338.0,2437.459347215728,1372.3333333333333,0.0,0
36,AW-NSGA-II,44,307.6666666666667,2446.0220858008947,1382.1666666666665,0.0,0
36,AW-NSGA-II,45,322.33333333333337,2460.4742016490018,1378.1666666666665,0.0,0
36,AW-NSGA-II,46,327.3333333333333,2522.0484164937707,1356.666666666667,0.0,0
36,AW-NSGA-II,47,331.0,2506.297732467512,1364.8333333333335,0.0,0
36,NSGA-II-2obj,0,312.3333333333333,2405.357274325853,1405.0,0.0,0
36,NSGA-II-2obj,1,296.3333333333333,2439.623855482236,1398.0,0.0,0
36,NSGA-II-2obj,2,327.0,2404.1508571920076,1413.0,0.0,1
36,NSGA-II-2obj,3,307.3333333333333,2425.3540393972553,1407.4999999999998,0.0,0
36,NSGA-II-3obj,0,318.3333333333333,2546.4963392069994,1394.3333333333333,0.0,0
36,NSGA-II-3obj,1,334.33333333333326,2758.621558127895,1374.5000000000002,0.0,0
36,NSGA-II-3obj,2,346.0,2605.3175929984727,1364.666666666667,0.0,0
36,NSGA-II-3obj,3,316.33333333333337,2555.754685642299,1388.1666666666667,0.0,0
36,NSGA-II-3obj,4,319.33333333333337,2528.9469936576584,1408.5000000000002,0.0,0
36,NSGA-II-3obj,5,315.0,2615.240051112367,1385.8333333333335,0.0,0
36,NSGA-II-3obj,6,334.33333333333326,2758.621558127895,1374.5000000000002,0.0,0
36,NSGA-II-3obj,7,336.00000000000006,2609.157989193229,1369.166666666667,0.0,0
36,NSGA-II-3obj,8,331.0,2532.7589488326935,1395.0,0.0,0
36,NSGA-II-3obj,9,310.66666666666663,2535.3733180360728,1400.5,0.0,0
36,NSGA-II-3obj,10,316.33333333333337,2549.3685608079227,1393.6666666666665,0.0,0
36,NSGA-II-3obj,11,361.3333333333333,2510.0486152103153,1389.5,0.0,1
36,NSGA-II-3obj,12,316.33333333333337,2549.3685608079227,1393.6666666666665,0.0,0
36,NSGA-II-3obj,13,320.99999999999994,2646.7237334104884,1379.6666666666665,0.0,0
36,NSGA-II-3obj,14,339.3333333333333,2511.04643002513,1379.6666666666667,0.0,0
36,NSGA-II-3obj,15,334.33333333333326,2758.621558127895,1374.5000000000002,0.0,0
36,NSGA-II-3obj,16,334.33333333333326,2760.387671623508,1374.3333333333333,0.0,0
36,NSGA-II-3obj,17,334.33333333333326,2758.621558127895,1374.5000000000002,0.0,0
36,NSGA-II-3obj,18,320.0,2526.670956229178,1411.8333333333333,0.0,0
36,NSGA-II-3obj,19,316.33333333333337,2549.3685608079227,1393.6666666666665,0.0,0
36,NSGA-II-3obj,20,334.33333333333326,2758.621558127895,1374.5000000000002,0.0,0
36,NSGA-II-3obj,21,334.33333333333326,2758.621558127895,1374.5000000000002,0.0,0
36,NSGA-II-3obj,22,316.33333333333337,2555.754685642299,1388.1666666666667,0.0,0
36,NSGA-II-3obj,23,321.3333333333333,2547.6863346064706,1391.1666666666665,0.0,0
36,NSGA-II-3obj,24,361.3333333333333,2510.0486152103153,1389.5,0.0,0
36,NSGA-II-3obj,25,320.99999999999994,2646.7237334104884,1379.6666666666665,0.0,0
36,NSGA-II-3obj,26,318.3333333333333,2530.885146922358,1400.1666666666667,0.0,0
36,NSGA-II-3obj,27,334.33333333333326,2758.621558127895,1374.5000000000002,0.0,0
36,NSGA-II-3obj,28,317.33333333333337,2581.832439291356,1385.6666666666667,0.0,0
36,NSGA-II-3obj,29,316.33333333333337,2538.0092104074733,1397.9999999999998,0.0,0
36,NSGA-II-3obj,30,334.33333333333326,2760.387671623508,1374.3333333333333,0.0,0
36,NSGA-II-3obj,31,334.33333333333326,2758.621558127895,1374.5000000000002,0.0,0
36,NSGA-II-3obj,32,315.0,2538.6358965257587,1399.0,0.0,0
36,NSGA-II-3obj,33,310.66666666666663,2535.3733180360728,1400.5,0.0,0
36,NSGA-II-3obj,34,336.00000000000006,2589.7477444460137,1369.3333333333337,0.0,0
36,NSGA-II-3obj,35,310.66666666666663,2542.296246012418,1395.5,0.0,0
36,NSGA-II-3obj,36,339.3333333333333,2502.122840956641,1392.0,0.0,0
36,NSGA-II-3obj,37,325.66666666666663,2534.513177981082,1380.5,0.0,0
36,NSGA-II-3obj,38,324.0,2457.0511161222316,1397.3333333333335,0.0,0
36,NSGA-II-3obj,39,318.3333333333333,2546.4963392069994,1394.3333333333333,0.0,0
36,NSGA-II-3obj,40,325.66666666666663,2572.86090363714,1375.8333333333335,0.0,0
36,NSGA-II-3obj,41,356.6666666666667,2550.5520216344385,1377.6666666666667,0.0,0
36,NSGA-II-3obj,42,334.33333333333326,2758.621558127895,1374.5000000000002,0.0,0
36,NSGA-II-3obj,43,310.66666666666663,2622.2598519534554,1381.3333333333333,0.0,0
36,NSGA-II-3obj,44,300.3333333333333,2623.3693154297125,1394.8333333333333,0.0,0
36,NSGA-II-3obj,45,310.66666666666663,2535.3733180360728,1400.5,0.0,0
36,NSGA-II-3obj,46,320.99999999999994,2646.7237334104884,1379.6666666666665,0.0,0
36,NSGA-II-3obj,47,319.33333333333337,2528.9469936576584,1408.5000000000002,0.0,0
36,NSGA-II-3obj,48,353.0,2565.2571807204868,1361.0000000000002,0.0,0
36,NSGA-II-3obj,49,339.3333333333333,2491.0651464343837,1394.1666666666667,0.0,0
36,NSGA-III,0,359.33333333333337,2366.4265724180987,1369.0,0.0,0
36,NSGA-III,1,350.3333333333333,2538.567875453863,1345.6666666666667,0.0,0
36,NSGA-III,2,299.6666666666667,2434.0189022273275,1365.9999999999998,0.0,0
36,NSGA-III,3,321.0,2366.638601052041,1373.1666666666667,0.0,0
36,NSGA-III,4,321.0,2366.638601052041,1373.1666666666667,0.0,0
36,NSGA-III,5,321.0,2350.9378797278187,1377.5000000000002,0.0,0
36,NSGA-III,6,327.66666666666663,2361.0308391666777,1377.3333333333337,0.0,0
36,NSGA-III,7,350.3333333333333,2538.567875453863,1345.6666666666667,0.0,0
36,NSGA-III,8,359.33333333333337,2374.091572418098,1361.4999999999998,0.0,0
36,NSGA-III,9,342.3333333333333,2440.819307806655,1348.3333333333335,0.0,0
36,NSGA-III,10,319.3333333333333,2389.0731033572165,1357.6666666666667,0.0,0
36,NSGA-III,11,321.0,2367.1016046375585,1368.8333333333333,0.0,0
36,NSGA-III,12,332.0,2506.77941114822,1348.0,0.0,0
36,NSGA-III,13,313.0,2349.0942003645,1381.1666666666667,0.0,0
36,NSGA-III,14,321.0,2366.638601052041,1373.1666666666667,0.0,0
36,NSGA-III,15,321.0,2348.5207124921094,1383.8333333333335,0.0,0
36,NSGA-III,16,321.0,2348.5207124921094,1383.8333333333335,0.0,0
36,NSGA-III,17,321.0,2441.2375707348074,1354.8333333333335,0.0,0
36,NSGA-III,18,350.3333333333333,2538.567875453863,1345.6666666666667,0.0,0
36,NSGA-III,19,342.3333333333333,2437.3201596585072,1352.1666666666667,0.0,0
36,NSGA-III,20,359.33333333333337,2376.091127973654,1359.5,0.0,0
36,NSGA-III,21,332.0,2505.0311107744174,1348.3333333333335,0.0,0
36,NSGA-III,22,352.66666666666663,2496.597703549547,1344.4999999999998,0.0,0
36,NSGA-III,23,359.33333333333337,2374.091572418098,1361.4999999999998,0.0,0
36,NSGA-III,24,321.0,2367.1016046375585,1368.8333333333333,0.0,0
36,NSGA-III,25,359.33333333333337,2376.091127973654,1359.5,0.0,0
36,NSGA-III,26,334.66666666666663,2336.207594332791,1387.8333333333335,0.0,0
36,NSGA-III,27,359.33333333333337,2353.9270538995797,1371.1666666666667,0.0,0
36,NSGA-III,28,359.33333333333337,2376.091127973654,1359.5,0.0,0
36,NSGA-III,29,321.0,2367.1016046375585,1368.8333333333333,0.0,0
36,NSGA-III,30,359.33333333333337,2376.091127973654,1359.5,0.0,0
36,NSGA-III,31,321.0,2441.2375707348074,1354.8333333333335,0.0,0
36,NSGA-III,32,317.3333333333333,2542.4359877335337,1349.5,0.0,0
36,NSGA-III,33,321.0,2350.9378797278187,1377.5000000000002,0.0,0
36,NSGA-III,34,319.3333333333333,2389.0731033572165,1357.6666666666667,0.0,0
36,NSGA-III,35,313.0,2347.7061729522707,1390.6666666666667,0.0,0
36,NSGA-III,36,306.66666666666663,2446.55086050748,1351.5,0.0,0
36,NSGA-III,37,335.66666666666663,2360.6582172329104,1371.5,0.0,0
36,NSGA-III,38,330.66666666666663,2337.0218976772944,1389.166666666667,0.0,1
36,NSGA-III,39,321.0,2441.2375707348074,1354.8333333333335,0.0,0
36,NSGA-III,40,335.66666666666663,2360.6582172329104,1371.5,0.0,0
36,NSGA-III,41,335.66666666666663,2360.6582172329104,1371.5,0.0,0
36,NSGA-III,42,302.0,2376.1154883729046,1360.0,0.0,0
36,MOEA/D,0,290.66666666666663,2437.5741772642837,1383.8333333333335,0.0,0
36,MOEA/D,1,306.3333333333333,2356.0469979042755,1373.0000000000002,0.0,1
36,MOEA/D,4,306.3333333333333,2356.0469979042755,1373.0000000000002,0.0,0
36,MOEA/D,5,306.3333333333333,2356.0469979042755,1373.0000000000002,0.0,0
36,MOEA/D,6,306.3333333333333,2356.0469979042755,1373.0000000000002,0.0,0
36,MOEA/D,7,306.3333333333333,2356.0469979042755,1373.0000000000002,0.0,0
36,MOEA/D,8,306.3333333333333,2354.804269661246,1377.6666666666667,0.0,0
36,MOEA/D,9,306.3333333333333,2356.0469979042755,1373.0000000000002,0.0,0
36,MOEA/D,10,306.3333333333333,2356.0469979042755,1373.0000000000002,0.0,0
36,MOEA/D,11,297.0,2428.224155416383,1393.0,0.0,0
36,MOEA/D,13,306.3333333333333,2356.0469979042755,1373.0000000000002,0.0,0
36,MOEA/D,14,306.3333333333333,2356.0469979042755,1373.0000000000002,0.0,0
36,MOEA/D,17,306.3333333333333,2356.0469979042755,1373.0000000000002,0.0,0
36,MOEA/D,18,290.66666666666663,2436.9480759918947,1384.5,0.0,0
36,MOEA/D,19,306.3333333333333,2354.804269661246,1377.6666666666667,0.0,0
36,MOEA/D,20,311.33333333333337,2340.716627533905,1386.3333333333335,0.0,0
36,MOEA/D,21,306.3333333333333,2356.0469979042755,1373.0000000000002,0.0,0
36,MOEA/D,22,311.33333333333337,2340.716627533905,1386.3333333333335,0.0,0
36,MOEA/D,23,306.3333333333333,2356.0469979042755,1373.0000000000002,0.0,0
36,MOEA/D,24,290.66666666666663,2436.9480759918947,1384.5,0.0,0
36,MOEA/D,25,306.3333333333333,2356.0469979042755,1373.0000000000002,0.0,0
36,MOEA/D,26,306.3333333333333,2354.804269661246,1377.6666666666667,0.0,0
36,MOEA/D,28,306.3333333333333,2356.0469979042755,1373.0000000000002,0.0,0
36,MOEA/D,29,306.3333333333333,2356.0469979042755,1373.0000000000002,0.0,0
36,MOEA/D,31,306.3333333333333,2354.804269661246,1377.6666666666667,0.0,0
36,MOEA/D,32,306.3333333333333,2356.0469979042755,1373.0000000000002,0.0,0
36,MOEA/D,33,306.3333333333333,2356.0469979042755,1373.0000000000002,0.0,0
36,MOEA/D,36,311.33333333333337,2340.716627533905,1386.3333333333335,0.0,0
36,MOEA/D,38,306.3333333333333,2356.0469979042755,1373.0000000000002,0.0,0
36,MOEA/D,39,290.66666666666663,2437.5741772642837,1383.8333333333335,0.0,0
36,MOEA/D,40,306.3333333333333,2354.804269661246,1377.6666666666667,0.0,0
36,MOEA/D,42,306.3333333333333,2356.0469979042755,1373.0000000000002,0.0,0
36,MOEA/D,43,311.33333333333337,2340.716627533905,1386.3333333333335,0.0,0
36,MOEA/D,46,306.3333333333333,2356.0469979042755,1373.0000000000002,0.0,0
36,MOEA/D,48,290.66666666666663,2437.5741772642837,1383.8333333333335,0.0,0
36,MOEA/D,50,306.3333333333333,2356.0469979042755,1373.0000000000002,0.0,0
36,MOEA/D,51,306.3333333333333,2356.0469979042755,1373.0000000000002,0.0,0
36,MOEA/D,52,306.3333333333333,2356.0469979042755,1373.0000000000002,0.0,0
36,MOEA/D,53,306.3333333333333,2356.0469979042755,1373.0000000000002,0.0,0
36,MOEA/D,54,306.3333333333333,2356.0469979042755,1373.0000000000002,0.0,0
36,MOEA/D,55,306.3333333333333,2356.0469979042755,1373.0000000000002,0.0,0
36,MOEA/D,57,306.3333333333333,2356.0469979042755,1373.0000000000002,0.0,0
36,MOEA/D,58,290.66666666666663,2436.9480759918947,1384.5,0.0,0
36,MOEA/D,59,306.3333333333333,2356.0469979042755,1373.0000000000002,0.0,0
36,MOEA/D,62,306.3333333333333,2356.0469979042755,1373.0000000000002,0.0,0
36,MOEA/D,63,306.3333333333333,2356.0469979042755,1373.0000000000002,0.0,0
36,MOEA/D,65,311.33333333333337,2340.716627533905,1386.3333333333335,0.0,0
36,MOEA/D,66,306.3333333333333,2354.804269661246,1377.6666666666667,0.0,0
36,MOEA/D,67,306.3333333333333,2356.0469979042755,1373.0000000000002,0.0,0
36,MOEA/D,68,306.3333333333333,2356.0469979042755,1373.0000000000002,0.0,0
36,MOEA/D,69,306.3333333333333,2356.0469979042755,1373.0000000000002,0.0,0
36,MOEA/D,71,306.3333333333333,2356.0469979042755,1373.0000000000002,0.0,0
36,MOEA/D,72,306.3333333333333,2356.0469979042755,1373.0000000000002,0.0,0
36,MOEA/D,73,306.3333333333333,2356.0469979042755,1373.0000000000002,0.0,0
36,MOEA/D,74,306.3333333333333,2356.0469979042755,1373.0000000000002,0.0,0
36,MOEA/D,76,290.66666666666663,2436.9480759918947,1384.5,0.0,0
36,MOEA/D,77,306.3333333333333,2356.0469979042755,1373.0000000000002,0.0,0
36,MOEA/D,78,311.33333333333337,2340.716627533905,1386.3333333333335,0.0,0
36,MOEA/D,79,306.3333333333333,2356.0469979042755,1373.0000000000002,0.0,0
36,MOEA/D,80,306.3333333333333,2356.0469979042755,1373.0000000000002,0.0,0
36,MOEA/D,81,297.0,2428.224155416383,1393.0,0.0,0
36,MOEA/D,82,306.3333333333333,2356.0469979042755,1373.0000000000002,0.0,0
36,MOEA/D,83,306.3333333333333,2356.0469979042755,1373.0000000000002,0.0,0
36,MOEA/D,84,306.3333333333333,2356.0469979042755,1373.0000000000002,0.0,0
36,MOEA/D,85,311.33333333333337,2340.716627533905,1386.3333333333335,0.0,0
36,MOEA/D,87,306.3333333333333,2356.0469979042755,1373.0000000000002,0.0,0
36,MOEA/D,88,306.3333333333333,2356.0469979042755,1373.0000000000002,0.0,0
36,MOEA/D,89,306.3333333333333,2356.0469979042755,1373.0000000000002,0.0,0
36,MOEA/D,90,306.3333333333333,2354.804269661246,1377.6666666666667,0.0,0
36,MOEA/D,91,306.3333333333333,2356.0469979042755,1373.0000000000002,0.0,0
36,MOEA/D,93,306.3333333333333,2356.0469979042755,1373.0000000000002,0.0,0
36,MOEA/D,94,306.3333333333333,2356.0469979042755,1373.0000000000002,0.0,0
36,MOEA/D,95,306.3333333333333,2356.0469979042755,1373.0000000000002,0.0,0
36,MOEA/D,96,306.3333333333333,2356.0469979042755,1373.0000000000002,0.0,0
36,MOEA/D,97,306.3333333333333,2356.0469979042755,1373.0000000000002,0.0,0
36,MOEA/D,98,306.3333333333333,2356.0469979042755,1373.0000000000002,0.0,0
36,MOEA/D,99,290.66666666666663,2436.9480759918947,1384.5,0.0,0
36,GA-SA,0,341.3333333333333,2495.895045033411,1344.1666666666667,0.0,1
36,A*-GA,0,309.99999999999994,2537.7430458047593,1435.5000000000002,0.0,1
36,A*-GA,1,309.99999999999994,2448.336007968757,1437.166666666667,0.0,0
36,A*-GA,2,309.99999999999994,2474.0040820428303,1443.5,0.0,0
36,LWC,0,336.0,2518.1114320221636,1354.0,0.0,0
36,LWC,1,305.3333333333333,2495.4882284173873,1387.6666666666667,0.0,0
36,LWC,2,299.0,2534.570153535171,1370.5,0.0,0
36,LWC,3,313.0,2448.0460976994336,1374.6666666666667,0.0,0
36,LWC,4,336.0,2543.978481215777,1346.3333333333335,0.0,0
36,LWC,5,302.0,2497.122875273749,1369.6666666666667,0.0,0
36,LWC,6,309.0,2458.2813209110523,1368.5000000000002,0.0,0
36,LWC,7,305.3333333333333,2495.4882284173873,1387.6666666666667,0.0,0
36,LWC,8,336.0,2629.9779256602214,1343.8333333333335,0.0,0
36,LWC,9,336.0,2555.144851586147,1345.0,0.0,0
36,LWC,10,326.6666666666667,2493.9052212669853,1358.1666666666665,0.0,0
36,LWC,11,312.3333333333333,2413.5102989247016,1392.3333333333335,0.0,0
36,LWC,12,324.0,2476.301907325186,1365.5,0.0,0
36,LWC,13,306.6666666666667,2455.039499841534,1375.9999999999998,0.0,0
36,LWC,14,313.0,2397.7191828528084,1381.0,0.0,0
36,LWC,15,315.0,2486.5841186038847,1367.8333333333333,0.0,0
36,LWC,16,341.33333333333337,2470.4894742785273,1365.5000000000002,0.0,0
36,LWC,17,318.0,2400.259164827329,1377.1666666666667,0.0,0
36,LWC,18,313.0,2441.164798810685,1378.3333333333335,0.0,0
36,LWC,19,337.6666666666667,2483.4545049033786,1362.0,0.0,0
36,LWC,20,299.0,2513.1954323306227,1372.5,0.0,0
36,LWC,21,305.3333333333333,2495.4882284173873,1387.6666666666667,0.0,0
36,LWC,22,299.0,2534.570153535171,1370.5,0.0,0
36,LWC,23,326.66666666666674,2532.6452960305915,1347.0,0.0,0
36,LWC,24,310.0,2437.4429544218638,1392.3333333333335,0.0,0
36,LWC,25,312.3333333333333,2433.229700614556,1391.8333333333335,0.0,0
36,LWC,26,299.0,2513.1954323306227,1372.5,0.0,0
36,LWC,27,336.0,2524.443357948089,1347.6666666666667,0.0,0
36,LWC,28,336.0,2524.443357948089,1347.6666666666667,0.0,0
36,LWC,29,313.33333333333337,2529.0866149984968,1353.0,0.0,0
36,LWC,30,291.3333333333333,2542.7706676435682,1368.333333333333,0.0,0
36,LWC,31,302.0,2503.4754633577477,1360.6666666666665,0.0,0
36,LWC,32,355.0,2495.8347150333934,1358.0000000000002,0.0,1
36,LWC,33,337.6666666666667,2483.4545049033786,1362.0,0.0,0
36,LWC,34,291.3333333333333,2542.7706676435682,1368.333333333333,0.0,0
36,LWC,35,336.0,2555.144851586147,1345.0,0.0,0
36,LWC,36,313.0,2417.6068803477897,1380.0000000000002,0.0,0
36,LWC,37,313.33333333333337,2529.0866149984968,1353.0,0.0,0
37,AW-NSGA-II,0,334.0,2249.3526231853275,1279.6666666666667,0.0,0
37,AW-NSGA-II,1,289.0,2379.757787093682,1257.1666666666665,0.0,0
37,AW-NSGA-II,2,278.66666666666663,2261.237354037851,1258.0,0.0,0
37,AW-NSGA-II,3,303.3333333333333,2328.9774250893793,1252.1666666666667,0.0,0
37,AW-NSGA-II,4,299.33333333333337,2329.6504835993933,1251.1666666666667,0.0,0
37,AW-NSGA-II,5,303.3333333333333,2328.9774250893793,1252.1666666666667,0.0,0
37,AW-NSGA-II,6,294.66666666666663,2252.90587255637,1266.3333333333335,0.0,0
37,AW-NSGA-II,7,303.33333333333337,2285.8509432921614,1256.1666666666665,0.0,0
37,AW-NSGA-II,8,312.6666666666667,2359.45932529574,1251.0,0.0,0
37,AW-NSGA-II,9,316.66666666666663,2252.8032131101036,1271.3333333333335,0.0,0
37,AW-NSGA-II,10,284.0,2172.853660222365,1284.3333333333335,0.0,0
37,AW-NSGA-II,11,312.6666666666667,2363.834892794677,1249.8333333333333,0.0,0
37,AW-NSGA-II,12,299.0,2315.946388853364,1257.9999999999998,0.0,0
37,AW-NSGA-II,13,326.0,2250.9407708134668,1275.8333333333335,0.0,0
37,AW-NSGA-II,14,336.3333333333333,2435.987191212267,1249.6666666666665,0.0,1
37,NSGA-II-2obj,0,314.3333333333333,2234.1613718173035,1304.5,0.0,0
37,NSGA-II-2obj,1,307.0,2241.2546150667804,1317.4999999999998,0.0,0
37,NSGA-II-2obj,2,298.3333333333333,2246.039697145746,1303.6666666666667,0.0,1
37,NSGA-II-2obj,3,318.0,2208.7257064132264,1310.3333333333335,0.0,0
37,NSGA-II-2obj,4,295.66666666666663,2289.023593195594,1309.8333333333333,0.0,0
37,NSGA-II-2obj,5,281.33333333333337,2332.690262087184,1302.0,0.0,0
37,NSGA-II-2obj,6,298.3333333333333,2246.039697145746,1303.6666666666667,0.0,0
37,NSGA-II-2obj,7,281.33333333333337,2332.690262087184,1302.0,0.0,0
37,NSGA-II-2obj,8,281.33333333333337,2332.690262087184,1302.0,0.0,0
37,NSGA-II-2obj,9,293.0,2321.104205731598,1311.1666666666665,0.0,0
37,NSGA-II-2obj,10,298.3333333333333,2246.039697145746,1303.6666666666667,0.0,0
37,NSGA-II-2obj,11,314.3333333333333,2234.1613718173035,1304.5,0.0,0
37,NSGA-II-2obj,12,317.3333333333333,2229.726484191004,1313.833333333333,0.0,0
37,NSGA-II-2obj,13,297.0,2268.0417477514375,1299.8333333333335,0.0,0
37,NSGA-II-2obj,14,314.3333333333333,2234.1613718173035,1304.5,0.0,0
37,NSGA-II-3obj,0,313.6666666666667,2366.3783741726697,1241.6666666666667,0.0,0
37,NSGA-II-3obj,1,306.0,2219.659040339428,1290.3333333333333,0.0,1
37,NSGA-II-3obj,2,360.3333333333333,2459.765941460533,1239.0,0.0,0
37,NSGA-II-3obj,3,275.6666666666667,2268.320730905172,1264.0,0.0,0
37,NSGA-II-3obj,4,302.66666666666663,2221.5373395119263,1286.3333333333333,0.0,0
37,NSGA-II-3obj,5,279.66666666666663,2235.465837986836,1250.833333333333,0.0,0
37,NSGA-II-3obj,6,288.6666666666667,2232.116318176137,1275.9999999999998,0.0,0
37,NSGA-II-3obj,7,313.6666666666667,2403.8145015048663,1240.5000000000002,0.0,0
37,NSGA-II-3obj,8,295.3333333333333,2229.2031913637784,1282.6666666666667,0.0,0
37,NSGA-II-3obj,9,288.6666666666667,2232.116318176137,1275.9999999999998,0.0,0
37,NSGA-II-3obj,10,360.3333333333333,2459.765941460533,1239.0,0.0,0
37,NSGA-II-3obj,11,288.6666666666667,2232.116318176137,1275.9999999999998,0.0,0
37,NSGA-II-3obj,12,295.3333333333333,2229.2031913637784,1282.6666666666667,0.0,0
37,NSGA-II-3obj,13,369.6666666666667,2502.246338005903,1237.8333333333337,0.0,0
37,NSGA-II-3obj,14,297.33333333333337,2297.0032232486906,1248.1666666666665,0.0,0
37,NSGA-II-3obj,15,330.0,2329.8357203577702,1245.5,0.0,0
37,NSGA-II-3obj,16,297.33333333333337,2297.0032232486906,1248.1666666666665,0.0,0
37,NSGA-II-3obj,17,302.66666666666663,2223.4643783747842,1281.1666666666667,0.0,0
37,NSGA-II-3obj,18,330.0,2292.336424061474,1248.6666666666667,0.0,0
37,NSGA-II-3obj,19,276.66666666666663,2269.215818617114,1260.1666666666667,0.0,0
37,NSGA-II-3obj,20,313.6666666666667,2386.9887773617193,1241.5000000000002,0.0,0
37,NSGA-II-3obj,21,302.66666666666663,2227.5419535774954,1277.3333333333335,0.0,0
37,NSGA-II-3obj,22,306.0,2219.659040339428,1290.3333333333333,0.0,0
37,NSGA-II-3obj,23,326.3333333333333,2362.847243733211,1244.3333333333335,0.0,0
37,NSGA-II-3obj,24,360.3333333333333,2459.765941460533,1239.0,0.0,0
37,NSGA-II-3obj,25,307.33333333333337,2233.0541705294077,1265.8333333333333,0.0,0
37,NSGA-II-3obj,26,330.0,2288.003461098511,1250.3333333333335,0.0,0
37,NSGA-II-3obj,27,292.0,2301.0492934588897,1245.6666666666665,0.0,0
37,NSGA-II-3obj,28,288.6666666666667,2232.116318176137,1275.9999999999998,0.0,0
37,NSGA-II-3obj,29,305.0,2229.0457725307456,1269.6666666666665,0.0,0
37,NSGA-II-3obj,30,288.6666666666667,2224.1186885465077,1286.6666666666667,0.0,0
37,NSGA-II-3obj,31,275.6666666666667,2268.320730905172,1264.0,0.0,0
37,NSGA-III,0,305.0,2296.096818687783,1262.5,0.0,0
37,NSGA-III,1,347.0,2351.02732069749,1256.6666666666665,0.0,0
37,NSGA-III,2,294.99999999999994,2276.4469007758153,1271.6666666666667,0.0,0
37,NSGA-III,3,294.99999999999994,2277.6129378128526,1268.8333333333335,0.0,0
37,NSGA-III,4,347.0,2351.02732069749,1256.6666666666665,0.0,0
37,NSGA-III,5,281.6666666666667,2463.8210419252923,1288.666666666667,0.0,0
37,NSGA-III,6,347.0,2351.02732069749,1256.6666666666665,0.0,0
37,NSGA-III,7,293.66666666666663,2342.9080100464594,1267.1666666666663,0.0,0
37,NSGA-III,8,293.3333333333333,2258.2901905931753,1280.6666666666667,0.0,0
37,NSGA-III,9,384.3333333333333,2668.690122489746,1251.5,0.0,0
37,NSGA-III,10,294.99999999999994,2274.4470489239634,1272.3333333333333,0.0,0
37,NSGA-III,11,291.33333333333337,2365.935934680224,1279.0,0.0,0
37,NSGA-III,12,294.99999999999994,2269.775378658762,1273.0000000000002,0.0,0
37,NSGA-III,13,285.6666666666667,2385.1025643098537,1278.8333333333333,0.0,0
37,NSGA-III,14,294.99999999999994,2291.295724120028,1265.5000000000002,0.0,0
37,NSGA-III,15,301.6666666666667,2227.263873137208,1285.5,0.0,0
37,NSGA-III,16,342.66666666666663,2525.7872982990443,1251.5000000000002,0.0,0
37,NSGA-III,17,288.66666666666663,2261.1488434726953,1283.8333333333335,0.0,0
37,NSGA-III,18,317.33333333333337,2271.7466984656685,1270.6666666666665,0.0,0
37,NSGA-III,19,293.3333333333333,2283.7297439868344,1278.3333333333333,0.0,0
37,NSGA-III,20,297.99999999999994,2453.099281291648,1254.666666666667,0.0,0
37,NSGA-III,21,281.6666666666667,2463.8210419252923,1288.666666666667,0.0,0
37,NSGA-III,22,347.0,2356.1929132900823,1251.833333333333,0.0,0
37,NSGA-III,23,285.6666666666667,2379.7695272728165,1280.1666666666667,0.0,0
37,NSGA-III,24,294.99999999999994,2327.6272056015096,1257.1666666666665,0.0,1
37,NSGA-III,25,347.0,2351.02732069749,1256.6666666666665,0.0,0
37,NSGA-III,26,294.99999999999994,2269.775378658762,1273.0000000000002,0.0,0
37,NSGA-III,27,293.66666666666663,2342.9080100464594,1267.1666666666663,0.0,0
37,NSGA-III,28,293.66666666666663,2245.883210025131,1276.0,0.0,0
37,NSGA-III,29,317.33333333333337,2271.7466984656685,1270.6666666666665,0.0,0
37,NSGA-III,30,286.3333333333333,2385.6023791246685,1278.0000000000002,0.0,0
37,NSGA-III,31,288.66666666666663,2329.9818064356577,1282.1666666666667,0.0,0
37,NSGA-III,32,294.99999999999994,2327.6272056015096,1257.1666666666665,0.0,0
37,NSGA-III,33,285.6666666666667,2379.7695272728165,1280.1666666666667,0.0,0
37,NSGA-III,34,294.99999999999994,2310.6121229980376,1265.1666666666665,0.0,0
37,NSGA-III,35,291.33333333333337,2417.6017865320755,1275.3333333333335,0.0,0
37,NSGA-III,36,285.3333333333333,2262.6088856551155,1283.1666666666667,0.0,0
37,NSGA-III,37,347.0,2351.02732069749,1256.6666666666665,0.0,0
37,NSGA-III,38,317.33333333333337,2271.7466984656685,1270.6666666666665,0.0,0
37,NSGA-III,39,311.0,2318.615904999246,1259.8333333333333,0.0,0
37,NSGA-III,40,293.66666666666663,2342.9080100464594,1267.1666666666663,0.0,0
37,NSGA-III,41,345.0,2240.9063605797023,1281.5,0.0,0
37,NSGA-III,42,293.66666666666663,2342.9080100464594,1267.1666666666663,0.0,0
37,NSGA-III,43,317.33333333333337,2271.7466984656685,1270.6666666666665,0.0,0
37,NSGA-III,44,291.33333333333337,2384.218730104306,1278.1666666666667,0.0,0
37,NSGA-III,45,345.0,2228.573545764887,1283.8333333333335,0.0,0
37,NSGA-III,46,347.0,2351.02732069749,1256.6666666666665,0.0,0
37,MOEA/D,0,286.3333333333333,2175.206200090502,1274.0000000000002,0.0,1
37,MOEA/D,1,289.33333333333337,2214.5284806971886,1266.6666666666667,0.0,0
37,MOEA/D,2,308.3333333333333,2104.168910435952,1282.3333333333335,0.0,0
37,MOEA/D,3,297.6666666666667,2106.17068821373,1290.3333333333333,0.0,0
37,MOEA/D,4,293.6666666666667,2148.542126016428,1285.6666666666667,0.0,0
37,MOEA/D,5,286.33333333333337,2123.5308924034844,1293.6666666666665,0.0,0
37,MOEA/D,6,297.6666666666667,2106.17068821373,1290.3333333333333,0.0,0
37,MOEA/D,7,286.3333333333333,2149.8754593497615,1285.666666666667,0.0,0
37,MOEA/D,8,308.3333333333333,2109.8350585841004,1280.0000000000002,0.0,0
37,MOEA/D,9,322.3333333333333,2117.6675400655818,1276.1666666666665,0.0,0
37,MOEA/D,10,308.3333333333333,2115.8343919174335,1277.0,0.0,0
37,MOEA/D,11,286.3333333333333,2149.8754593497615,1285.666666666667,0.0,0
37,MOEA/D,12,297.6666666666667,2106.17068821373,1290.3333333333333,0.0,0
37,MOEA/D,13,309.0,2149.1662437692853,1270.3333333333333,0.0,0
37,MOEA/D,14,322.3333333333333,2129.3330215470633,1270.8333333333335,0.0,0
37,MOEA/D,15,297.6666666666667,2106.17068821373,1290.3333333333333,0.0,0
37,MOEA/D,16,297.6666666666667,2106.17068821373,1290.3333333333333,0.0,0
37,MOEA/D,17,286.3333333333333,2149.8754593497615,1285.666666666667,0.0,0
37,MOEA/D,18,286.3333333333333,2175.206200090502,1274.0000000000002,0.0,0
37,MOEA/D,19,297.6666666666667,2110.5027622878038,1284.6666666666667,0.0,0
37,MOEA/D,20,308.3333333333333,2104.168910435952,1282.3333333333335,0.0,0
37,MOEA/D,21,286.3333333333333,2149.8754593497615,1285.666666666667,0.0,0
37,MOEA/D,22,308.3333333333333,2104.168910435952,1282.3333333333335,0.0,0
37,MOEA/D,23,293.6666666666667,2148.542126016428,1285.6666666666667,0.0,0
37,MOEA/D,24,285.6666666666667,2157.875681571983,1286.6666666666667,0.0,0
37,MOEA/D,25,286.3333333333333,2175.206200090502,1274.0000000000002,0.0,0
37,MOEA/D,26,322.3333333333333,2117.6675400655818,1276.1666666666665,0.0,0
37,MOEA/D,27,297.6666666666667,2106.17068821373,1290.3333333333333,0.0,0
37,MOEA/D,28,293.6666666666667,2148.542126016428,1285.6666666666667,0.0,0
37,MOEA/D,29,293.6666666666667,2148.542126016428,1285.6666666666667,0.0,0
37,MOEA/D,30,297.6666666666667,2106.17068821373,1290.3333333333333,0.0,0
37,MOEA/D,31,308.3333333333333,2109.8350585841004,1280.0000000000002,0.0,0
37,MOEA/D,32,322.3333333333333,2129.3330215470633,1270.8333333333335,0.0,0
37,MOEA/D,33,297.6666666666667,2110.5027622878038,1284.6666666666667,0.0,0
37,MOEA/D,34,297.6666666666667,2106.17068821373,1290.3333333333333,0.0,0
37,MOEA/D,35,308.3333333333333,2104.168910435952,1282.3333333333335,0.0,0
37,MOEA/D,36,308.3333333333333,2104.168910435952,1282.3333333333335,0.0,0
37,MOEA/D,37,297.6666666666667,2106.17068821373,1290.3333333333333,0.0,0
37,MOEA/D,38,293.6666666666667,2148.542126016428,1285.6666666666667,0.0,0
37,MOEA/D,39,286.66666666666663,2189.7832765783623,1268.1666666666665,0.0,0
37,MOEA/D,40,308.3333333333333,2115.8343919174335,1277.0,0.0,0
37,MOEA/D,41,297.6666666666667,2106.17068821373,1290.3333333333333,0.0,0
37,MOEA/D,42,297.6666666666667,2135.50268821373,1284.3333333333333,0.0,0
37,MOEA/D,43,308.3333333333333,2104.168910435952,1282.3333333333335,0.0,0
37,MOEA/D,44,308.3333333333333,2104.168910435952,1282.3333333333335,0.0,0
37,MOEA/D,45,297.6666666666667,2106.17068821373,1290.3333333333333,0.0,0
37,MOEA/D,46,322.3333333333333,2117.6675400655818,1276.1666666666665,0.0,0
37,MOEA/D,47,297.6666666666667,2106.17068821373,1290.3333333333333,0.0,0
37,MOEA/D,48,286.3333333333333,2175.206200090502,1274.0000000000002,0.0,0
37,MOEA/D,49,297.6666666666667,2106.17068821373,1290.3333333333333,0.0,0
37,MOEA/D,50,293.6666666666667,2148.542126016428,1285.6666666666667,0.0,0
37,MOEA/D,51,322.3333333333333,2129.3330215470633,1270.8333333333335,0.0,0
37,MOEA/D,52,297.6666666666667,2110.5027622878038,1284.6666666666667,0.0,0
37,MOEA/D,53,297.6666666666667,2106.17068821373,1290.3333333333333,0.0,0
37,MOEA/D,54,308.3333333333333,2104.168910435952,1282.3333333333335,0.0,0
37,MOEA/D,55,286.3333333333333,2175.206200090502,1274.0000000000002,0.0,0
37,MOEA/D,56,289.33333333333337,2208.195295512003,1267.3333333333335,0.0,0
37,MOEA/D,57,286.3333333333333,2149.8754593497615,1285.666666666667,0.0,0
37,MOEA/D,58,286.3333333333333,2175.206200090502,1274.0000000000002,0.0,0
37,MOEA/D,59,293.6666666666667,2148.542126016428,1285.6666666666667,0.0,0
37,MOEA/D,60,308.3333333333333,2104.168910435952,1282.3333333333335,0.0,0
37,MOEA/D,61,308.3333333333333,2104.168910435952,1282.3333333333335,0.0,0
37,MOEA/D,62,322.3333333333333,2129.3330215470633,1270.8333333333335,0.0,0
37,MOEA/D,63,309.0,2155.831873398915,1265.6666666666667,0.0,0
37,MOEA/D,64,297.6666666666667,2106.17068821373,1290.3333333333333,0.0,0
37,MOEA/D,65,308.3333333333333,2104.168910435952,1282.3333333333335,0.0,0
37,MOEA/D,66,308.3333333333333,2115.8343919174335,1277.0,0.0,0
37,MOEA/D,67,297.6666666666667,2135.50268821373,1284.3333333333333,0.0,0
37,MOEA/D,68,293.6666666666667,2148.542126016428,1285.6666666666667,0.0,0
37,MOEA/D,69,308.3333333333333,2129.6676511766927,1276.666666666667,0.0,0
37,MOEA/D,70,308.3333333333333,2104.168910435952,1282.3333333333335,0.0,0
37,MOEA/D,71,283.33333333333337,2230.870237127539,1262.1666666666667,0.0,0
37,MOEA/D,72,309.0,2149.1662437692853,1270.3333333333333,0.0,0
37,MOEA/D,73,309.0,2155.831873398915,1265.6666666666667,0.0,0
37,MOEA/D,74,308.3333333333333,2115.8343919174335,1277.0,0.0,0
37,MOEA/D,75,308.3333333333333,2104.168910435952,1282.3333333333335,0.0,0
37,MOEA/D,78,308.3333333333333,2104.168910435952,1282.3333333333335,0.0,0
37,MOEA/D,79,308.3333333333333,2109.8350585841004,1280.0000000000002,0.0,0
37,MOEA/D,80,309.0,2149.1662437692853,1270.3333333333333,0.0,0
37,MOEA/D,81,286.3333333333333,2149.8754593497615,1285.666666666667,0.0,0
37,MOEA/D,82,308.3333333333333,2104.168910435952,1282.3333333333335,0.0,0
37,MOEA/D,83,322.3333333333333,2129.3330215470633,1270.8333333333335,0.0,0
37,MOEA/D,84,293.6666666666667,2148.542126016428,1285.6666666666667,0.0,0
37,MOEA/D,85,308.3333333333333,2104.168910435952,1282.3333333333335,0.0,0
37,MOEA/D,86,308.3333333333333,2104.168910435952,1282.3333333333335,0.0,0
37,MOEA/D,87,309.0,2137.500762287804,1275.6666666666667,0.0,0
37,MOEA/D,88,309.0,2149.1662437692853,1270.3333333333333,0.0,0
37,MOEA/D,89,308.3333333333333,2115.8343919174335,1277.0,0.0,0
37,MOEA/D,90,308.3333333333333,2115.8343919174335,1277.0,0.0,0
37,MOEA/D,91,297.6666666666667,2106.17068821373,1290.3333333333333,0.0,0
37,MOEA/D,92,308.3333333333333,2104.168910435952,1282.3333333333335,0.0,0
37,MOEA/D,93,293.6666666666667,2148.542126016428,1285.6666666666667,0.0,0
37,MOEA/D,94,322.3333333333333,2117.6675400655818,1276.1666666666665,0.0,0
37,MOEA/D,95,293.6666666666667,2148.542126016428,1285.6666666666667,0.0,0
37,MOEA/D,96,297.6666666666667,2106.17068821373,1290.3333333333333,0.0,0
37,MOEA/D,97,308.3333333333333,2109.8350585841004,1280.0000000000002,0.0,0
37,MOEA/D,98,296.0,2131.8988160233284,1290.166666666667,0.0,0
37,MOEA/D,99,285.6666666666667,2157.875681571983,1286.6666666666667,0.0,0
37,GA-SA,0,274.6666666666667,2325.2303416304144,1237.5,0.0,1
37,A*-GA,0,287.0,2228.5325148915235,1325.3333333333333,0.0,1
37,A*-GA,1,287.0,2250.6071426038393,1321.666666666667,0.0,0
37,LWC,0,314.3333333333333,2374.580757009665,1250.3333333333333,0.0,0
37,LWC,1,277.33333333333337,2337.735899180322,1255.0,0.0,0
37,LWC,2,314.3333333333333,2374.580757009665,1250.3333333333333,0.0,0
37,LWC,3,280.0,2338.470922941535,1252.3333333333333,0.0,0
37,LWC,4,314.3333333333333,2374.580757009665,1250.3333333333333,0.0,0
37,LWC,5,272.33333333333337,2307.650262569851,1257.0,0.0,0
37,LWC,6,280.0,2231.892945072145,1260.1666666666665,0.0,0
37,LWC,7,314.3333333333333,2374.580757009665,1250.3333333333333,0.0,0
37,LWC,8,323.3333333333333,2313.434915728211,1254.8333333333333,0.0,0
37,LWC,9,342.0,2418.4136458985545,1248.3333333333333,0.0,1
37,LWC,10,280.0,2338.470922941535,1252.3333333333333,0.0,0
37,LWC,11,272.66666666666663,2279.9984560152366,1265.3333333333333,0.0,0
37,LWC,12,280.0,2253.7258709980706,1258.3333333333333,0.0,0
37,LWC,13,280.0,2309.8166329402216,1255.6666666666667,0.0,0
38,AW-NSGA-II,0,347.33333333333337,2501.9309254259106,1498.0000000000002,0.0,0
38,AW-NSGA-II,1,336.33333333333337,2457.7089366584214,1523.8333333333335,0.0,0
38,AW-NSGA-II,2,336.33333333333337,2457.7089366584214,1523.8333333333335,0.0,0
38,AW-NSGA-II,3,336.33333333333337,2458.04219591768,1523.5,0.0,0
38,AW-NSGA-II,4,336.33333333333337,2457.7089366584214,1523.8333333333335,0.0,0
38,AW-NSGA-II,5,318.33333333333337,2583.0255265630162,1505.5,0.0,0
38,AW-NSGA-II,6,367.3333333333333,2457.6701122085356,1522.3333333333337,0.0,0
38,AW-NSGA-II,7,325.66666666666663,2512.1126857651957,1499.9999999999998,0.0,0
38,AW-NSGA-II,8,336.33333333333337,2464.063510166881,1517.3333333333335,0.0,0
38,AW-NSGA-II,9,336.33333333333337,2457.7089366584214,1523.8333333333335,0.0,0
38,AW-NSGA-II,10,327.0,2527.7786857651954,1497.0,0.0,0
38,AW-NSGA-II,11,334.0,2477.2821428311195,1513.3333333333333,0.0,0
38,AW-NSGA-II,12,367.3333333333333,2457.6701122085356,1522.3333333333337,0.0,0
38,AW-NSGA-II,13,367.6666666666667,2435.7898931494847,1525.8333333333335,0.0,0
38,AW-NSGA-II,14,347.33333333333337,2501.9309254259106,1498.0000000000002,0.0,0
38,AW-NSGA-II,15,347.33333333333337,2501.9309254259106,1498.0000000000002,0.0,0
38,AW-NSGA-II,16,327.0,2527.7786857651954,1497.0,0.0,0
38,AW-NSGA-II,17,336.33333333333337,2457.7089366584214,1523.8333333333335,0.0,0
38,AW-NSGA-II,18,347.33333333333337,2516.945989000959,1496.3333333333335,0.0,0
38,AW-NSGA-II,19,367.6666666666667,2435.7898931494847,1525.8333333333335,0.0,0
38,AW-NSGA-II,20,325.66666666666663,2512.1126857651957,1499.9999999999998,0.0,0
38,AW-NSGA-II,21,336.33333333333337,2458.04219591768,1523.5,0.0,0
38,AW-NSGA-II,22,371.00000000000006,2448.882161385196,1515.0,0.0,0
38,AW-NSGA-II,23,315.6666666666667,2519.9210967887543,1518.6666666666665,0.0,0
38,AW-NSGA-II,24,334.0,2472.272421499725,1519.3333333333335,0.0,0
38,AW-NSGA-II,25,325.6666666666667,2490.5379736954583,1504.5,0.0,0
38,AW-NSGA-II,26,316.3333333333333,2510.3497720415317,1520.6666666666665,0.0,0
38,AW-NSGA-II,27,336.33333333333337,2464.063510166881,1517.3333333333335,0.0,0
38,AW-NSGA-II,28,367.3333333333333,2457.6701122085356,1522.3333333333337,0.0,0
38,AW-NSGA-II,29,325.6666666666667,2480.371566288051,1505.6666666666667,0.0,0
38,AW-NSGA-II,30,367.3333333333333,2459.3364085048315,1520.6666666666667,0.0,0
38,AW-NSGA-II,31,327.0,2527.7786857651954,1497.0,0.0,0
38,AW-NSGA-II,32,334.0,2477.2821428311195,1513.3333333333333,0.0,0
38,AW-NSGA-II,33,336.33333333333337,2464.20682554731,1514.3333333333335,0.0,0
38,AW-NSGA-II,34,367.3333333333333,2489.2926285348376,1504.0,0.0,0
38,AW-NSGA-II,35,367.3333333333333,2458.6024269601176,1522.166666666667,0.0,0
38,AW-NSGA-II,36,327.0,2527.7786857651954,1497.0,0.0,0
38,AW-NSGA-II,37,317.3333333333333,2592.0700586391413,1511.1666666666667,0.0,0
38,AW-NSGA-II,38,367.3333333333333,2457.6701122085356,1522.3333333333337,0.0,0
38,AW-NSGA-II,39,325.66666666666663,2512.1126857651957,1499.9999999999998,0.0,0
38,AW-NSGA-II,40,317.3333333333333,2592.0700586391413,1511.1666666666667,0.0,0
38,AW-NSGA-II,41,316.3333333333333,2510.3497720415317,1520.6666666666665,0.0,0
38,AW-NSGA-II,42,324.33333333333337,2504.451355132645,1502.6666666666665,0.0,0
38,AW-NSGA-II,43,367.3333333333333,2444.836815912239,1522.5,0.0,0
38,AW-NSGA-II,44,367.3333333333333,2461.797629891412,1516.0,0.0,0
38,AW-NSGA-II,45,367.3333333333333,2465.0015196159434,1513.666666666667,0.0,0
38,AW-NSGA-II,46,325.66666666666663,2517.832063214972,1499.0,0.0,0
38,AW-NSGA-II,47,320.3333333333333,2480.919799221646,1510.5,0.0,0
38,AW-NSGA-II,48,336.33333333333337,2464.063510166881,1517.3333333333335,0.0,0
38,AW-NSGA-II,49,367.3333333333333,2489.2926285348376,1504.0,0.0,0
38,AW-NSGA-II,50,353.3333333333333,2476.846514430693,1504.0000000000002,0.0,0
38,AW-NSGA-II,51,316.3333333333333,2510.3497720415317,1520.6666666666665,0.0,0
38,AW-NSGA-II,52,344.66666666666663,2552.2770190985293,1489.4999999999998,0.0,0
38,AW-NSGA-II,53,324.33333333333337,2504.451355132645,1502.6666666666665,0.0,0
38,AW-NSGA-II,54,325.66666666666663,2510.4463894688997,1501.6666666666665,0.0,0
38,AW-NSGA-II,55,361.66666666666663,2553.894007235736,1487.8333333333333,0.0,0
38,AW-NSGA-II,56,325.66666666666663,2517.832063214972,1499.0,0.0,0
38,AW-NSGA-II,57,347.33333333333337,2501.9309254259106,1498.0000000000002,0.0,0
38,AW-NSGA-II,58,325.66666666666663,2517.832063214972,1499.0,0.0,0
38,AW-NSGA-II,59,423.99999999999994,2591.8686870032425,1483.333333333333,0.0,0
38,AW-NSGA-II,60,325.66666666666663,2517.832063214972,1499.0,0.0,0
38,AW-NSGA-II,61,347.33333333333337,2546.3978856675667,1493.3333333333335,0.0,0
38,AW-NSGA-II,62,317.3333333333333,2613.2363919724744,1509.666666666667,0.0,1
38,AW-NSGA-II,63,324.33333333333337,2504.451355132645,1502.6666666666665,0.0,0
38,AW-NSGA-II,64,372.0,2500.2649254259104,1501.0,0.0,0
38,AW-NSGA-II,65,325.6666666666667,2439.732247596962,1527.3333333333335,0.0,0
38,AW-NSGA-II,66,336.33333333333337,2459.7311397965104,1521.6666666666667,0.0,0
38,AW-NSGA-II,67,336.33333333333337,2464.063510166881,1517.3333333333335,0.0,0
38,AW-NSGA-II,68,320.3333333333333,2511.7513918142386,1502.6666666666667,0.0,0
38,AW-NSGA-II,69,324.33333333333337,2504.451355132645,1502.6666666666665,0.0,0
38,AW-NSGA-II,70,342.6666666666667,2502.245497842975,1497.5000000000002,0.0,0
38,AW-NSGA-II,71,327.3333333333333,2539.277907987418,1493.5,0.0,0
38,AW-NSGA-II,72,325.66666666666663,2517.832063214972,1499.0,0.0,0
38,AW-NSGA-II,73,327.3333333333333,2539.277907987418,1493.5,0.0,0
38,AW-NSGA-II,74,370.3333333333333,2617.8301795956822,1486.833333333333,0.0,0
38,AW-NSGA-II,75,325.66666666666663,2512.1126857651957,1499.9999999999998,0.0,0
38,AW-NSGA-II,76,361.66666666666663,2553.894007235736,1487.8333333333333,0.0,0
38,AW-NSGA-II,77,325.66666666666663,2512.1126857651957,1499.9999999999998,0.0,0
38,AW-NSGA-II,78,325.66666666666663,2517.832063214972,1499.0,0.0,0
38,AW-NSGA-II,79,341.6666666666667,2474.894065722436,1504.8333333333333,0.0,0
38,AW-NSGA-II,80,325.6666666666667,2490.5379736954583,1504.5,0.0,0
38,AW-NSGA-II,81,336.33333333333337,2459.7311397965104,1521.6666666666667,0.0,0
38,AW-NSGA-II,82,325.66666666666663,2517.832063214972,1499.0,0.0,0
38,AW-NSGA-II,83,325.66666666666663,2517.832063214972,1499.0,0.0,0
38,AW-NSGA-II,84,347.33333333333337,2546.3978856675667,1493.3333333333335,0.0,0
38,AW-NSGA-II,85,336.33333333333337,2461.8973990557697,1519.8333333333333,0.0,0
38,AW-NSGA-II,86,352.33333333333337,2437.6237820383735,1528.3333333333335,0.0,0
38,AW-NSGA-II,87,336.33333333333337,2461.374788510273,1520.1666666666667,0.0,0
38,AW-NSGA-II,88,325.6666666666667,2472.7511823585273,1523.5,0.0,0
38,AW-NSGA-II,89,382.6666666666667,2534.5334682269263,1495.5,0.0,0
38,NSGA-II-2obj,0,325.6666666666667,2597.028387714966,1541.1666666666667,0.0,0
38,NSGA-II-2obj,1,319.6666666666667,2626.212256780632,1523.5,0.0,0
38,NSGA-II-2obj,2,336.66666666666663,2525.936444417082,1559.3333333333335,0.0,0
38,NSGA-II-2obj,3,331.66666666666663,2535.3333193300455,1538.3333333333335,0.0,0
38,NSGA-II-2obj,4,329.3333333333333,2550.7271109218086,1533.6666666666665,0.0,0
38,NSGA-II-2obj,5,345.6666666666667,2448.161252578414,1528.5,0.0,0
38,NSGA-II-2obj,6,376.33333333333337,2447.333306980438,1544.4999999999998,0.0,1
38,NSGA-II-3obj,0,357.0,2518.682466379791,1547.9999999999998,0.0,0
38,NSGA-II-3obj,1,367.6666666666667,2554.1949655745884,1543.5,0.0,0
38,NSGA-II-3obj,2,367.6666666666667,2554.1949655745884,1543.5,0.0,0
38,NSGA-II-3obj,3,443.0,2651.6870351927496,1502.8333333333335,0.0,0
38,NSGA-II-3obj,4,374.3333333333333,2557.4991949090568,1536.3333333333333,0.0,0
38,NSGA-II-3obj,5,378.0,2534.531906260291,1538.9999999999998,0.0,0
38,NSGA-II-3obj,6,409.66666666666663,2643.982221151606,1506.8333333333333,0.0,0
38,NSGA-II-3obj,7,379.6666666666667,2503.265634943895,1560.3333333333333,0.0,0
38,NSGA-II-3obj,8,375.99999999999994,2656.3160950574147,1500.6666666666665,0.0,0
38,NSGA-II-3obj,9,346.0,2615.7758564794644,1514.8333333333335,0.0,0
38,NSGA-II-3obj,10,325.0,2565.6965439306364,1523.3333333333333,0.0,0
38,NSGA-II-3obj,11,342.3333333333333,2537.015577490902,1547.0,0.0,0
38,NSGA-II-3obj,12,346.0,2626.0217018594167,1508.8333333333335,0.0,0
38,NSGA-II-3obj,13,378.0,2547.8532943940495,1537.6666666666667,0.0,0
38,NSGA-II-3obj,14,378.0,2547.8532943940495,1537.6666666666667,0.0,0
38,NSGA-II-3obj,15,380.66666666666663,2586.23786251015,1512.0,0.0,0
38,NSGA-II-3obj,16,375.99999999999994,2656.3160950574147,1500.6666666666665,0.0,0
38,NSGA-II-3obj,17,379.6666666666667,2503.265634943895,1560.3333333333333,0.0,0
38,NSGA-II-3obj,18,375.3333333333333,2592.9848357981555,1509.9999999999998,0.0,0
38,NSGA-II-3obj,19,382.66666666666663,2725.688937486341,1499.6666666666665,0.0,0
38,NSGA-II-3obj,20,439.66666666666663,2813.980687650008,1491.333333333333,0.0,0
38,NSGA-II-3obj,21,378.0,2534.531906260291,1538.9999999999998,0.0,0
38,NSGA-II-3obj,22,374.66666666666663,2780.3981516928925,1507.8333333333335,0.0,0
38,NSGA-II-3obj,23,409.66666666666663,2643.982221151606,1506.8333333333333,0.0,0
38,NSGA-II-3obj,24,325.0,2565.6965439306364,1523.3333333333333,0.0,0
38,NSGA-II-3obj,25,360.3333333333333,2554.564301514457,1538.1666666666667,0.0,0
38,NSGA-II-3obj,26,380.66666666666663,2589.9037143620017,1508.3333333333335,0.0,0
38,NSGA-II-3obj,27,375.3333333333333,2592.9848357981555,1509.9999999999998,0.0,0
38,NSGA-II-3obj,28,379.6666666666667,2503.265634943895,1560.3333333333333,0.0,0
38,NSGA-II-3obj,29,333.00000000000006,2565.5268322401334,1521.0,0.0,1
38,NSGA-II-3obj,30,339.33333333333337,2560.0410209408974,1525.0,0.0,0
38,NSGA-II-3obj,31,324.33333333333337,2650.0292769382777,1519.3333333333333,0.0,0
38,NSGA-II-3obj,32,378.0,2547.8532943940495,1537.6666666666667,0.0,0
38,NSGA-II-3obj,33,380.66666666666663,2586.23786251015,1512.0,0.0,0
38,NSGA-II-3obj,34,439.66666666666663,2788.3148357981554,1494.9999999999998,0.0,0
38,NSGA-II-3obj,35,333.00000000000006,2565.5268322401334,1521.0,0.0,0
38,NSGA-II-3obj,36,375.99999999999994,2656.3160950574147,1500.6666666666665,0.0,0
38,NSGA-II-3obj,37,341.0,2594.243857103596,1517.0000000000002,0.0,0
38,NSGA-II-3obj,38,375.3333333333333,2592.9848357981555,1509.9999999999998,0.0,0
38,NSGA-II-3obj,39,380.66666666666663,2585.226435829094,1513.0000000000002,0.0,0
38,NSGA-II-3obj,40,409.66666666666663,2643.982221151606,1506.8333333333333,0.0,0
38,NSGA-II-3obj,41,346.0,2615.7758564794644,1514.8333333333335,0.0,0
38,NSGA-II-3obj,42,358.0,2566.055720396476,1515.0,0.0,0
38,NSGA-II-3obj,43,356.3333333333333,2543.193189357144,1543.8333333333335,0.0,0
38,NSGA-II-3obj,44,379.6666666666667,2503.265634943895,1560.3333333333333,0.0,0
38,NSGA-II-3obj,45,327.66666666666663,2592.6938102278978,1522.0,0.0,0
38,NSGA-II-3obj,46,405.66666666666663,2649.8175187982943,1504.9999999999998,0.0,0
38,NSGA-II-3obj,47,379.6666666666667,2511.9318571661174,1558.3333333333335,0.0,0
38,NSGA-II-3obj,48,409.0,2482.8160814092043,1561.3333333333333,0.0,0
38,NSGA-II-3obj,49,439.66666666666663,2788.3148357981554,1494.9999999999998,0.0,0
38,NSGA-II-3obj,50,380.66666666666663,2511.28310087035,1539.6666666666665,0.0,0
38,NSGA-II-3obj,51,339.33333333333337,2560.0410209408974,1525.0,0.0,0
38,NSGA-II-3obj,52,326.3333333333333,2613.1924028204903,1515.6666666666667,0.0,0
38,NSGA-II-3obj,53,378.0,2534.531906260291,1538.9999999999998,0.0,0
38,NSGA-II-3obj,54,439.66666666666663,2788.3148357981554,1494.9999999999998,0.0,0
38,NSGA-III,0,341.33333333333337,2423.180008423273,1506.3333333333333,0.0,0
38,NSGA-III,1,322.3333333333333,2592.405505270962,1515.8333333333333,0.0,0
38,NSGA-III,2,402.33333333333337,2638.580031723265,1478.1666666666665,0.0,1
38,NSGA-III,3,351.3333333333333,2418.725046799038,1505.5,0.0,0
38,NSGA-III,4,341.33333333333337,2423.180008423273,1506.3333333333333,0.0,0
38,NSGA-III,5,340.00000000000006,2603.413163114913,1493.5,0.0,0
38,NSGA-III,6,418.3333333333333,2584.2029274007155,1481.8333333333335,0.0,0
38,NSGA-III,7,348.6666666666667,2438.3908986508904,1501.8333333333333,0.0,0
38,NSGA-III,8,402.33333333333337,2638.580031723265,1478.1666666666665,0.0,0
38,NSGA-III,9,418.3333333333333,2584.2029274007155,1481.8333333333335,0.0,0
38,NSGA-III,10,322.3333333333333,2480.481107177032,1518.1666666666665,0.0,0
38,NSGA-III,11,333.33333333333337,2474.2057422155303,1494.5000000000002,0.0,0
38,NSGA-III,12,321.0,2483.5094824503194,1532.5,0.0,0
38,NSGA-III,13,343.3333333333333,2544.517106993743,1484.1666666666667,0.0,0
38,NSGA-III,14,339.66666666666663,2435.2424270011456,1517.3333333333335,0.0,0
38,NSGA-III,15,333.33333333333337,2474.2057422155303,1494.5000000000002,0.0,0
38,NSGA-III,16,321.0,2509.946094449558,1532.0,0.0,0
38,NSGA-III,17,351.3333333333333,2418.725046799038,1505.5,0.0,0
38,NSGA-III,18,329.0,2491.510246165439,1504.3333333333333,0.0,0
38,NSGA-III,19,324.3333333333333,2436.5130454603104,1505.0,0.0,0
38,NSGA-III,20,415.6666666666667,2579.3698533266415,1482.9999999999998,0.0,0
38,NSGA-III,21,329.0,2491.510246165439,1504.3333333333333,0.0,0
38,NSGA-III,22,350.3333333333333,2496.5619080147367,1490.333333333333,0.0,0
38,NSGA-III,23,377.3333333333333,2638.97027570905,1481.3333333333333,0.0,0
38,NSGA-III,24,351.3333333333333,2441.886787539779,1483.333333333333,0.0,0
38,NSGA-III,25,333.33333333333337,2474.2057422155303,1494.5000000000002,0.0,0
38,NSGA-III,26,321.0,2483.5094824503194,1532.5,0.0,0
38,NSGA-III,27,341.33333333333337,2439.8408757950688,1492.1666666666667,0.0,0
38,NSGA-III,28,333.33333333333337,2470.3736311044195,1500.0,0.0,0
38,NSGA-III,29,341.33333333333337,2550.382121562353,1487.1666666666667,0.0,0
38,NSGA-III,30,318.0,2533.111390745855,1525.8333333333335,0.0,0
38,NSGA-III,31,350.3333333333333,2496.5619080147367,1490.333333333333,0.0,0
38,MOEA/D,2,325.3333333333333,2372.908600443528,1499.1666666666667,0.0,0
38,MOEA/D,3,318.3333333333333,2371.7540016309144,1500.9999999999998,0.0,0
38,MOEA/D,5,310.3333333333333,2389.340928471276,1510.0,0.0,0
38,MOEA/D,8,325.3333333333333,2377.5741930361205,1494.3333333333335,0.0,0
38,MOEA/D,9,320.66666666666663,2379.262154217428,1490.666666666667,0.0,0
38,MOEA/D,10,320.66666666666663,2379.262154217428,1490.666666666667,0.0,1
38,MOEA/D,12,318.3333333333333,2371.7540016309144,1500.9999999999998,0.0,0
38,MOEA/D,13,297.3333333333333,2407.8363358786837,1489.3333333333333,0.0,0
38,MOEA/D,14,320.66666666666663,2379.262154217428,1490.666666666667,0.0,0
38,MOEA/D,15,318.3333333333333,2371.7540016309144,1500.9999999999998,0.0,0
38,MOEA/D,16,318.3333333333333,2371.7540016309144,1500.9999999999998,0.0,0
38,MOEA/D,18,297.3333333333333,2402.338039582387,1497.0000000000002,0.0,0
38,MOEA/D,19,316.3333333333333,2378.0020180652937,1496.8333333333335,0.0,0
38,MOEA/D,20,318.3333333333333,2371.7540016309144,1500.9999999999998,0.0,0
38,MOEA/D,22,325.3333333333333,2377.5741930361205,1494.3333333333335,0.0,0
38,MOEA/D,24,297.3333333333333,2402.338039582387,1497.0000000000002,0.0,0
38,MOEA/D,25,297.3333333333333,2407.8363358786837,1489.3333333333333,0.0,0
38,MOEA/D,26,320.66666666666663,2379.262154217428,1490.666666666667,0.0,0
38,MOEA/D,27,335.6666666666667,2366.246526369454,1519.8333333333333,0.0,0
38,MOEA/D,30,318.3333333333333,2371.7540016309144,1500.9999999999998,0.0,0
38,MOEA/D,31,325.3333333333333,2377.5741930361205,1494.3333333333335,0.0,0
38,MOEA/D,32,320.66666666666663,2379.262154217428,1490.666666666667,0.0,0
38,MOEA/D,33,316.3333333333333,2378.0020180652937,1496.8333333333335,0.0,0
38,MOEA/D,34,318.3333333333333,2371.7540016309144,1500.9999999999998,0.0,0
38,MOEA/D,35,325.3333333333333,2372.908600443528,1499.1666666666667,0.0,0
38,MOEA/D,36,325.3333333333333,2377.5741930361205,1494.3333333333335,0.0,0
38,MOEA/D,37,318.3333333333333,2371.7540016309144,1500.9999999999998,0.0,0
38,MOEA/D,39,297.3333333333333,2407.8363358786837,1489.3333333333333,0.0,0
38,MOEA/D,40,320.66666666666663,2379.262154217428,1490.666666666667,0.0,0
38,MOEA/D,41,318.3333333333333,2371.7540016309144,1500.9999999999998,0.0,0
38,MOEA/D,43,318.3333333333333,2371.7540016309144,1500.9999999999998,0.0,0
38,MOEA/D,44,325.3333333333333,2372.908600443528,1499.1666666666667,0.0,0
38,MOEA/D,45,318.3333333333333,2371.7540016309144,1500.9999999999998,0.0,0
38,MOEA/D,46,320.66666666666663,2379.262154217428,1490.666666666667,0.0,0
38,MOEA/D,47,318.3333333333333,2371.7540016309144,1500.9999999999998,0.0,0
38,MOEA/D,48,297.3333333333333,2407.8363358786837,1489.3333333333333,0.0,0
38,MOEA/D,49,318.3333333333333,2371.7540016309144,1500.9999999999998,0.0,0
38,MOEA/D,51,320.66666666666663,2379.262154217428,1490.666666666667,0.0,0
38,MOEA/D,52,316.3333333333333,2378.0020180652937,1496.8333333333335,0.0,0
38,MOEA/D,53,310.3333333333333,2389.340928471276,1510.0,0.0,0
38,MOEA/D,54,316.3333333333333,2378.0020180652937,1496.8333333333335,0.0,0
38,MOEA/D,55,297.3333333333333,2407.8363358786837,1489.3333333333333,0.0,0
38,MOEA/D,58,297.3333333333333,2407.8363358786837,1489.3333333333333,0.0,0
38,MOEA/D,60,325.3333333333333,2377.5741930361205,1494.3333333333335,0.0,0
38,MOEA/D,61,318.3333333333333,2371.7540016309144,1500.9999999999998,0.0,0
38,MOEA/D,62,320.66666666666663,2379.262154217428,1490.666666666667,0.0,0
38,MOEA/D,63,333.3333333333333,2428.668780323128,1485.3333333333335,0.0,0
38,MOEA/D,64,318.3333333333333,2371.7540016309144,1500.9999999999998,0.0,0
38,MOEA/D,65,325.3333333333333,2372.908600443528,1499.1666666666667,0.0,0
38,MOEA/D,66,325.3333333333333,2377.5741930361205,1494.3333333333335,0.0,0
38,MOEA/D,69,297.3333333333333,2407.8363358786837,1489.3333333333333,0.0,0
38,MOEA/D,70,318.3333333333333,2371.7540016309144,1500.9999999999998,0.0,0
38,MOEA/D,71,301.0,2437.6692618046095,1487.5,0.0,0
38,MOEA/D,72,297.3333333333333,2407.8363358786837,1489.3333333333333,0.0,0
38,MOEA/D,73,399.3333333333333,2522.519222993751,1485.1666666666667,0.0,0
38,MOEA/D,74,317.3333333333333,2388.334795843071,1494.3333333333335,0.0,0
38,MOEA/D,75,318.3333333333333,2371.7540016309144,1500.9999999999998,0.0,0
38,MOEA/D,76,297.3333333333333,2407.8363358786837,1489.3333333333333,0.0,0
38,MOEA/D,77,297.3333333333333,2407.8363358786837,1489.3333333333333,0.0,0
38,MOEA/D,78,325.3333333333333,2377.5741930361205,1494.3333333333335,0.0,0
38,MOEA/D,79,316.3333333333333,2378.0020180652937,1496.8333333333335,0.0,0
38,MOEA/D,80,316.3333333333333,2400.5007588060344,1491.1666666666667,0.0,0
38,MOEA/D,82,325.3333333333333,2377.5741930361205,1494.3333333333335,0.0,0
38,MOEA/D,83,320.66666666666663,2379.262154217428,1490.666666666667,0.0,0
38,MOEA/D,85,318.3333333333333,2371.7540016309144,1500.9999999999998,0.0,0
38,MOEA/D,86,325.3333333333333,2377.5741930361205,1494.3333333333335,0.0,0
38,MOEA/D,89,320.66666666666663,2379.262154217428,1490.666666666667,0.0,0
38,MOEA/D,90,320.66666666666663,2379.262154217428,1490.666666666667,0.0,0
38,MOEA/D,91,310.3333333333333,2389.340928471276,1510.0,0.0,0
38,MOEA/D,92,320.66666666666663,2379.262154217428,1490.666666666667,0.0,0
38,MOEA/D,96,310.3333333333333,2389.340928471276,1510.0,0.0,0
38,MOEA/D,99,297.3333333333333,2402.338039582387,1497.0000000000002,0.0,0
38,GA-SA,0,318.33333333333337,2625.01653872897,1473.1666666666665,0.0,1
38,A*-GA,0,329.3333333333333,2567.3797383145757,1569.0,0.0,1
38,A*-GA,1,329.3333333333333,2515.299088495352,1555.8333333333333,0.0,0
38,A*-GA,2,329.3333333333333,2515.299088495352,1555.8333333333333,0.0,0
38,LWC,0,404.0,2644.3262474019925,1470.6666666666667,0.0,1
38,LWC,1,322.0,2627.1530310337703,1488.0,0.0,0
38,LWC,2,342.6666666666667,2522.030701993866,1493.3333333333333,0.0,0
38,LWC,3,327.3333333333333,2561.291581658732,1487.0,0.0,0
38,LWC,4,342.6666666666667,2522.030701993866,1493.3333333333333,0.0,0
38,LWC,5,404.0,2644.3262474019925,1470.6666666666667,0.0,0
38,LWC,6,362.6666666666667,2453.566292811713,1532.5,0.0,0
38,LWC,7,352.3333333333333,2460.39832984875,1526.6666666666667,0.0,0
38,LWC,8,360.0,2505.831951105696,1496.3333333333335,0.0,0
38,LWC,9,322.0,2627.1530310337703,1488.0,0.0,0
38,LWC,10,322.0,2627.1530310337703,1488.0,0.0,0
38,LWC,11,322.0,2627.1530310337703,1488.0,0.0,0
38,LWC,12,342.6666666666667,2522.030701993866,1493.3333333333333,0.0,0
38,LWC,13,342.6666666666667,2522.030701993866,1493.3333333333333,0.0,0
38,LWC,14,322.0,2502.9552086769663,1501.8333333333333,0.0,0
38,LWC,15,340.6666666666667,2510.364257549421,1494.3333333333335,0.0,0
38,LWC,16,342.6666666666667,2522.030701993866,1493.3333333333333,0.0,0
38,LWC,17,320.3333333333333,2532.861621382124,1493.0,0.0,0
38,LWC,18,322.0,2502.9552086769663,1501.8333333333333,0.0,0
38,LWC,19,322.0,2627.1530310337703,1488.0,0.0,0
38,LWC,20,337.66666666666663,2505.4986548094,1496.5,0.0,0
38,LWC,21,313.0,2545.0292139747166,1497.1666666666667,0.0,0
38,LWC,22,322.0,2502.9552086769663,1501.8333333333333,0.0,0
38,LWC,23,342.6666666666667,2522.030701993866,1493.3333333333333,0.0,0
38,LWC,24,348.3333333333333,2493.8649982901616,1497.6666666666667,0.0,0
38,LWC,25,324.33333333333337,2471.791801269559,1516.5,0.0,0
38,LWC,26,322.0,2627.1530310337703,1488.0,0.0,0
38,LWC,27,322.0,2624.486956959696,1490.6666666666667,0.0,0
38,LWC,28,330.0,2523.0429119948362,1474.3333333333335,0.0,0
38,LWC,29,322.0,2591.831521186349,1491.5,0.0,0
38,LWC,30,320.3333333333333,2506.5183904888045,1498.1666666666667,0.0,0
38,LWC,31,342.6666666666667,2501.1592157377786,1496.6666666666665,0.0,0
38,LWC,32,337.66666666666663,2483.7148008837253,1497.8333333333335,0.0,0
38,LWC,33,336.3333333333333,2515.9541346028927,1497.0000000000002,0.0,0
38,LWC,34,344.3333333333333,2518.163543698289,1488.5,0.0,0
38,LWC,35,337.66666666666663,2483.7148008837253,1497.8333333333335,0.0,0
39,AW-NSGA-II,0,333.33333333333337,2655.559270895987,1407.3333333333333,0.0,0
39,AW-NSGA-II,1,342.6666666666667,2652.399008524587,1401.5000000000002,0.0,0
39,AW-NSGA-II,2,342.6666666666667,2652.399008524587,1401.5000000000002,0.0,0
39,AW-NSGA-II,3,325.66666666666663,2547.9536352196683,1441.1666666666667,0.0,0
39,AW-NSGA-II,4,333.33333333333337,2655.559270895987,1407.3333333333333,0.0,0
39,AW-NSGA-II,5,333.33333333333337,2656.175280364859,1404.1666666666667,0.0,0
39,AW-NSGA-II,6,344.0,2634.9315338114193,1402.1666666666665,0.0,0
39,AW-NSGA-II,7,381.3333333333333,2560.321672644406,1431.6666666666665,0.0,0
39,AW-NSGA-II,8,327.0,2684.9017197756775,1400.8333333333335,0.0,0
39,AW-NSGA-II,9,310.0,2577.257221625064,1418.0,0.0,1
39,AW-NSGA-II,10,316.33333333333337,2616.9224397103085,1417.3333333333333,0.0,0
39,AW-NSGA-II,11,327.0,2684.9017197756775,1400.8333333333335,0.0,0
39,AW-NSGA-II,12,325.66666666666663,2547.9536352196683,1441.1666666666667,0.0,0
39,AW-NSGA-II,13,342.6666666666667,2652.399008524587,1401.5000000000002,0.0,0
39,AW-NSGA-II,14,334.0,2657.8989068940955,1395.5,0.0,0
39,AW-NSGA-II,15,347.6666666666667,2613.058395743526,1400.8333333333335,0.0,0
39,AW-NSGA-II,16,370.3333333333333,2666.997004431287,1393.1666666666665,0.0,0
39,AW-NSGA-II,17,297.66666666666663,2620.5285146426663,1409.6666666666665,0.0,0
39,AW-NSGA-II,18,324.3333333333333,2598.5546084300645,1414.1666666666665,0.0,0
39,AW-NSGA-II,19,320.00000000000006,2676.356225699692,1404.5000000000002,0.0,0
39,AW-NSGA-II,20,360.66666666666663,2565.029461014707,1438.8333333333333,0.0,0
39,AW-NSGA-II,21,325.66666666666663,2547.9536352196683,1441.1666666666667,0.0,0
39,AW-NSGA-II,22,370.3333333333333,2666.997004431287,1393.1666666666665,0.0,0
39,AW-NSGA-II,23,333.33333333333337,2655.559270895987,1407.3333333333333,0.0,0
39,AW-NSGA-II,24,324.3333333333333,2560.2275031666886,1442.1666666666667,0.0,0
39,AW-NSGA-II,25,394.3333333333333,2646.997893320176,1397.166666666667,0.0,0
39,AW-NSGA-II,26,317.3333333333333,2618.0896171866757,1408.4999999999998,0.0,0
39,AW-NSGA-II,27,347.6666666666667,2613.058395743526,1400.8333333333335,0.0,0
39,AW-NSGA-II,28,310.0,2577.257221625064,1418.0,0.0,0
39,AW-NSGA-II,29,343.3333333333333,2575.9070160719734,1424.6666666666665,0.0,0
39,AW-NSGA-II,30,370.3333333333333,2666.997004431287,1393.1666666666665,0.0,0
39,AW-NSGA-II,31,326.3333333333333,2571.8744486186824,1437.1666666666665,0.0,0
39,AW-NSGA-II,32,324.3333333333333,2574.1200796641124,1440.1666666666667,0.0,0
39,AW-NSGA-II,33,310.0,2577.257221625064,1418.0,0.0,0
39,AW-NSGA-II,34,327.0,2684.9017197756775,1400.8333333333335,0.0,0
39,AW-NSGA-II,35,381.3333333333333,2547.6561911629246,1437.0,0.0,0
39,NSGA-II-2obj,0,326.99999999999994,2626.2643920149726,1476.1666666666667,0.0,0
39,NSGA-II-2obj,1,316.0,2659.753424736334,1451.0,0.0,0
39,NSGA-II-2obj,2,343.66666666666674,2608.5015221915082,1467.3333333333335,0.0,0
39,NSGA-II-2obj,3,318.33333333333337,2640.8648734141393,1443.166666666667,0.0,0
39,NSGA-II-2obj,4,318.33333333333337,2640.8648734141393,1443.166666666667,0.0,0
39,NSGA-II-2obj,5,305.0,2667.1787523757876,1435.3333333333335,0.0,0
39,NSGA-II-2obj,6,312.3333333333333,2664.618682956406,1436.333333333333,0.0,0
39,NSGA-II-2obj,7,333.00000000000006,2623.802289769884,1451.5,0.0,0
39,NSGA-II-2obj,8,348.0,2606.3400036729895,1490.5,0.0,1
39,NSGA-II-2obj,9,338.0,2610.8632516407297,1451.3333333333333,0.0,0
39,NSGA-II-2obj,10,318.33333333333337,2640.8648734141393,1443.166666666667,0.0,0
39,NSGA-II-2obj,11,316.0,2659.753424736334,1451.0,0.0,0
39,NSGA-II-3obj,0,340.3333333333333,2806.065205557887,1385.9999999999998,0.0,0
39,NSGA-II-3obj,1,306.3333333333333,2566.319014054171,1424.1666666666665,0.0,0
39,NSGA-II-3obj,2,326.0,2584.131368109538,1413.6666666666665,0.0,0
39,NSGA-II-3obj,3,326.0,2566.5815495986017,1416.1666666666667,0.0,0
39,NSGA-II-3obj,4,306.3333333333333,2602.5418447228403,1422.0,0.0,0
39,NSGA-II-3obj,5,306.3333333333333,2566.319014054171,1424.1666666666665,0.0,0
39,NSGA-II-3obj,6,326.0,2584.131368109538,1413.6666666666665,0.0,0
39,NSGA-II-3obj,7,309.6666666666667,2634.383405045604,1415.5,0.0,0
39,NSGA-II-3obj,8,306.3333333333333,2602.5418447228403,1422.0,0.0,0
39,NSGA-II-3obj,9,326.0,2584.131368109538,1413.6666666666665,0.0,0
39,NSGA-II-3obj,10,326.0,2579.0944053018466,1413.8333333333333,0.0,0
39,NSGA-II-3obj,11,306.3333333333333,2629.8291276961218,1417.1666666666667,0.0,0
39,NSGA-II-3obj,12,317.66666666666663,2654.846075750019,1392.9999999999998,0.0,0
39,NSGA-II-3obj,13,340.3333333333333,2774.565316668998,1386.5000000000002,0.0,0
39,NSGA-II-3obj,14,340.3333333333333,2672.0160467104097,1390.5,0.0,0
39,NSGA-II-3obj,15,309.6666666666667,2596.2071039821003,1415.6666666666665,0.0,0
39,NSGA-II-3obj,16,322.6666666666667,2581.105319949839,1418.5,0.0,0
39,NSGA-II-3obj,17,329.6666666666667,2812.4054495688074,1392.5,0.0,0
39,NSGA-II-3obj,18,329.6666666666667,2812.4054495688074,1392.5,0.0,0
39,NSGA-II-3obj,19,329.6666666666667,2812.4054495688074,1392.5,0.0,0
39,NSGA-II-3obj,20,317.66666666666663,2639.6101231657467,1396.3333333333335,0.0,0
39,NSGA-II-3obj,21,340.3333333333333,2672.0160467104097,1390.5,0.0,0
39,NSGA-II-3obj,22,339.3333333333333,2613.4210999642446,1413.0000000000002,0.0,0
39,NSGA-II-3obj,23,340.3333333333333,2672.0160467104097,1390.5,0.0,0
39,NSGA-II-3obj,24,307.3333333333333,2610.168361609069,1415.8333333333335,0.0,0
39,NSGA-II-3obj,25,326.0,2547.3785504964526,1418.1666666666667,0.0,0
39,NSGA-II-3obj,26,306.3333333333333,2602.5418447228403,1422.0,0.0,0
39,NSGA-II-3obj,27,307.3333333333333,2652.6287342946857,1411.3333333333333,0.0,0
39,NSGA-II-3obj,28,317.66666666666663,2639.6101231657467,1396.3333333333335,0.0,1
39,NSGA-II-3obj,29,319.66666666666663,2593.439468097987,1422.1666666666667,0.0,0
39,NSGA-II-3obj,30,329.6666666666667,2812.4054495688074,1392.5,0.0,0
39,NSGA-II-3obj,31,306.3333333333333,2566.319014054171,1424.1666666666665,0.0,0
39,NSGA-II-3obj,32,317.66666666666663,2639.6101231657467,1396.3333333333335,0.0,0
39,NSGA-II-3obj,33,309.6666666666667,2596.2071039821003,1415.6666666666665,0.0,0
39,NSGA-II-3obj,34,340.3333333333333,2645.056210360527,1396.166666666667,0.0,0
39,NSGA-II-3obj,35,352.99999999999994,2542.9521379320304,1425.4999999999998,0.0,0
39,NSGA-II-3obj,36,340.3333333333333,2645.056210360527,1396.166666666667,0.0,0
39,NSGA-II-3obj,37,303.3333333333333,2593.6619862334715,1429.3333333333333,0.0,0
39,NSGA-II-3obj,38,326.0,2579.0944053018466,1413.8333333333333,0.0,0
39,NSGA-II-3obj,39,317.66666666666663,2627.6127898324135,1408.333333333333,0.0,0
39,NSGA-II-3obj,40,308.66666666666663,2808.8904290958826,1400.8333333333333,0.0,0
39,NSGA-III,0,300.66666666666663,2549.1236382707857,1385.3333333333335,0.0,0
39,NSGA-III,1,326.66666666666663,2423.459390696501,1411.3333333333335,0.0,0
39,NSGA-III,2,294.0,2508.8474850185357,1391.1666666666665,0.0,0
39,NSGA-III,3,294.0,2477.5145961296466,1393.1666666666667,0.0,0
39,NSGA-III,4,340.66666666666663,2529.1207240298345,1387.3333333333335,0.0,0
39,NSGA-III,5,294.0,2551.6801146481653,1388.0000000000002,0.0,0
39,NSGA-III,6,365.33333333333337,2474.6888087907932,1398.1666666666667,0.0,1
39,NSGA-III,7,359.0,2607.2227952917624,1385.1666666666665,0.0,0
39,NSGA-III,8,326.66666666666663,2423.459390696501,1411.3333333333335,0.0,0
39,NSGA-III,9,299.3333333333333,2466.769606223881,1399.6666666666667,0.0,0
39,NSGA-III,10,323.0,2517.0413790115263,1390.1666666666667,0.0,0
39,NSGA-III,11,323.0,2525.5412679004153,1389.6666666666667,0.0,0
39,NSGA-III,12,294.0,2508.8474850185357,1391.1666666666665,0.0,0
39,MOEA/D,0,299.0,2447.0066133700475,1392.3333333333333,0.0,0
39,MOEA/D,4,289.0,2430.1391546327436,1408.3333333333333,0.0,0
39,MOEA/D,7,289.0,2430.1391546327436,1408.3333333333333,0.0,0
39,MOEA/D,9,302.0,2406.50683559227,1393.333333333333,0.0,1
39,MOEA/D,10,302.0,2384.8421689256033,1402.333333333333,0.0,0
39,MOEA/D,11,289.0,2430.1391546327436,1408.3333333333333,0.0,0
39,MOEA/D,13,302.0,2406.50683559227,1393.333333333333,0.0,0
39,MOEA/D,14,302.0,2406.50683559227,1393.333333333333,0.0,0
39,MOEA/D,17,289.0,2430.1391546327436,1408.3333333333333,0.0,0
39,MOEA/D,18,289.0,2430.1391546327436,1408.3333333333333,0.0,0
39,MOEA/D,21,289.0,2430.1391546327436,1408.3333333333333,0.0,0
39,MOEA/D,22,302.0,2384.8421689256033,1402.333333333333,0.0,0
39,MOEA/D,24,289.0,2430.1391546327436,1408.3333333333333,0.0,0
39,MOEA/D,25,302.0,2406.50683559227,1393.333333333333,0.0,0
39,MOEA/D,26,302.0,2384.8421689256033,1402.333333333333,0.0,0
39,MOEA/D,29,302.0,2406.50683559227,1393.333333333333,0.0,0
39,MOEA/D,32,302.0,2406.50683559227,1393.333333333333,0.0,0
39,MOEA/D,38,289.0,2430.1391546327436,1408.3333333333333,0.0,0
39,MOEA/D,39,299.0,2447.0066133700475,1392.3333333333333,0.0,0
39,MOEA/D,40,302.0,2384.8421689256033,1402.333333333333,0.0,0
39,MOEA/D,46,302.0,2406.50683559227,1393.333333333333,0.0,0
39,MOEA/D,48,299.0,2447.0066133700475,1392.3333333333333,0.0,0
39,MOEA/D,51,302.0,2406.50683559227,1393.333333333333,0.0,0
39,MOEA/D,54,302.0,2406.50683559227,1393.333333333333,0.0,0
39,MOEA/D,55,302.0,2406.50683559227,1393.333333333333,0.0,0
39,MOEA/D,57,289.0,2430.1391546327436,1408.3333333333333,0.0,0
39,MOEA/D,58,288.33333333333326,2435.969784262373,1396.166666666667,0.0,0
39,MOEA/D,59,289.0,2430.1391546327436,1408.3333333333333,0.0,0
39,MOEA/D,62,302.0,2406.50683559227,1393.333333333333,0.0,0
39,MOEA/D,63,344.6666666666667,2458.2998220936292,1389.4999999999998,0.0,0
39,MOEA/D,66,302.0,2384.8421689256033,1402.333333333333,0.0,0
39,MOEA/D,67,302.0,2406.50683559227,1393.333333333333,0.0,0
39,MOEA/D,68,302.0,2406.50683559227,1393.333333333333,0.0,0
39,MOEA/D,69,302.0,2406.50683559227,1393.333333333333,0.0,0
39,MOEA/D,72,302.0,2406.50683559227,1393.333333333333,0.0,0
39,MOEA/D,73,299.0,2475.5662249253514,1390.1666666666667,0.0,0
39,MOEA/D,74,302.0,2406.50683559227,1393.333333333333,0.0,0
39,MOEA/D,76,288.33333333333326,2435.969784262373,1396.166666666667,0.0,0
39,MOEA/D,79,302.0,2406.50683559227,1393.333333333333,0.0,0
39,MOEA/D,80,302.0,2406.50683559227,1393.333333333333,0.0,0
39,MOEA/D,81,289.0,2430.1391546327436,1408.3333333333333,0.0,0
39,MOEA/D,82,302.0,2384.8421689256033,1402.333333333333,0.0,0
39,MOEA/D,83,302.0,2406.50683559227,1393.333333333333,0.0,0
39,MOEA/D,84,289.0,2430.1391546327436,1408.3333333333333,0.0,0
39,MOEA/D,87,302.0,2406.50683559227,1393.333333333333,0.0,0
39,MOEA/D,88,302.0,2406.50683559227,1393.333333333333,0.0,0
39,MOEA/D,89,302.0,2384.8421689256033,1402.333333333333,0.0,0
39,MOEA/D,90,302.0,2384.8421689256033,1402.333333333333,0.0,0
39,MOEA/D,92,302.0,2384.8421689256033,1402.333333333333,0.0,0
39,MOEA/D,93,289.0,2430.1391546327436,1408.3333333333333,0.0,0
39,MOEA/D,94,302.0,2406.50683559227,1393.333333333333,0.0,0
39,MOEA/D,95,289.0,2430.1391546327436,1408.3333333333333,0.0,0
39,MOEA/D,96,302.0,2406.50683559227,1393.333333333333,0.0,0
39,MOEA/D,97,302.0,2406.50683559227,1393.333333333333,0.0,0
39,MOEA/D,99,289.0,2432.637339817929,1400.1666666666667,0.0,0
39,GA-SA,0,313.66666666666663,2572.2902913010525,1370.0,0.0,1
39,A*-GA,0,311.3333333333333,2620.30255244881,1473.9999999999998,0.0,1
39,A*-GA,1,311.3333333333333,2639.136070967328,1474.8333333333333,0.0,0
39,A*-GA,2,311.3333333333333,2620.30255244881,1473.9999999999998,0.0,0
39,A*-GA,3,311.3333333333333,2611.9196937980237,1466.6666666666665,0.0,0
39,A*-GA,4,311.3333333333333,2607.287374951921,1462.8333333333333,0.0,0
39,A*-GA,5,311.3333333333333,2620.506975358187,1468.8333333333333,0.0,0
39,A*-GA,6,311.3333333333333,2607.287374951921,1462.8333333333333,0.0,0
39,A*-GA,7,311.3333333333333,2607.287374951921,1462.8333333333333,0.0,0
39,A*-GA,8,311.3333333333333,2620.30255244881,1473.9999999999998,0.0,0
39,A*-GA,9,311.3333333333333,2620.30255244881,1473.9999999999998,0.0,0
39,LWC,0,311.6666666666667,2476.448309641566,1399.6666666666667,0.0,0
39,LWC,1,311.6666666666667,2464.7848281600845,1414.0,0.0,0
39,LWC,2,313.0,2457.749629147243,1406.8333333333333,0.0,0
39,LWC,3,301.0,2646.638431355811,1410.6666666666667,0.0,0
39,LWC,4,326.33333333333337,2523.7824996532936,1383.6666666666667,0.0,0
39,LWC,5,305.66666666666663,2622.832826529333,1405.3333333333335,0.0,0
39,LWC,6,310.33333333333337,2486.7330968577485,1408.3333333333333,0.0,0
39,LWC,7,337.66666666666663,2458.9735919395425,1392.6666666666665,0.0,0
39,LWC,8,311.6666666666667,2464.7848281600845,1414.0,0.0,0
39,LWC,9,311.6666666666667,2452.54122196718,1415.6666666666667,0.0,0
39,LWC,10,326.33333333333337,2523.7824996532936,1383.6666666666667,0.0,0
39,LWC,11,326.33333333333337,2523.7824996532936,1383.6666666666667,0.0,0
39,LWC,12,311.6666666666667,2476.448309641566,1399.6666666666667,0.0,0
39,LWC,13,315.0,2438.040013650183,1424.3333333333333,0.0,0
39,LWC,14,347.66666666666663,2478.4478346515357,1391.8333333333337,0.0,0
39,LWC,15,311.6666666666667,2472.449198530455,1403.6666666666667,0.0,0
39,LWC,16,305.66666666666663,2636.2924579181504,1402.3333333333333,0.0,0
39,LWC,17,309.6666666666667,2490.0257698556006,1387.8333333333335,0.0,0
39,LWC,18,337.66666666666663,2448.0361831961754,1400.0000000000002,0.0,0
39,LWC,19,326.33333333333337,2513.048018169305,1385.0,0.0,0
39,LWC,20,332.6666666666667,2443.2255525176433,1422.3333333333333,0.0,0
39,LWC,21,298.0,2609.891258697465,1424.0,0.0,0
39,LWC,22,301.0,2644.639764689144,1416.6666666666665,0.0,1
39,LWC,23,326.33333333333337,2544.8375316407064,1383.3333333333333,0.0,0
39,LWC,24,332.6666666666667,2481.3623578558636,1399.3333333333333,0.0,0
39,LWC,25,311.6666666666667,2476.448309641566,1399.6666666666667,0.0,0
39,LWC,26,307.66666666666663,2521.1159506071926,1409.3333333333335,0.0,0
39,LWC,27,305.3333333333333,2500.222258697465,1413.5000000000002,0.0,0
39,LWC,28,311.6666666666667,2466.925171334719,1407.6666666666665,0.0,0
39,LWC,29,337.66666666666663,2447.7171813556515,1401.666666666667,0.0,0
39,LWC,30,305.0,2631.4730239484034,1416.3333333333333,0.0,0
40,AW-NSGA-II,0,292.0,2308.2715168439067,1278.1666666666665,0.0,0
40,AW-NSGA-II,1,292.0,2332.4878463315663,1268.8333333333333,0.0,0
40,AW-NSGA-II,2,292.0,2308.2715168439067,1278.1666666666665,0.0,0
40,AW-NSGA-II,3,290.33333333333337,2330.843545328223,1271.5,0.0,0
40,AW-NSGA-II,4,290.33333333333337,2330.843545328223,1271.5,0.0,0
40,AW-NSGA-II,5,290.33333333333337,2330.843545328223,1271.5,0.0,0
40,AW-NSGA-II,6,290.33333333333337,2330.843545328223,1271.5,0.0,0
40,AW-NSGA-II,7,290.33333333333337,2330.843545328223,1271.5,0.0,0
40,AW-NSGA-II,8,292.0,2332.4878463315663,1268.8333333333333,0.0,0
40,AW-NSGA-II,9,287.0,2319.65017414249,1280.5,0.0,0
40,AW-NSGA-II,10,299.6666666666667,2324.5388565718163,1271.8333333333333,0.0,0
40,AW-NSGA-II,11,292.0,2332.4878463315663,1268.8333333333333,0.0,0
40,AW-NSGA-II,12,290.33333333333337,2330.843545328223,1271.5,0.0,0
40,AW-NSGA-II,13,288.3333333333333,2336.276077536183,1269.8333333333335,0.0,0
40,AW-NSGA-II,14,292.0,2302.605072399462,1279.1666666666667,0.0,0
40,AW-NSGA-II,15,292.0,2332.4878463315663,1268.8333333333333,0.0,0
40,AW-NSGA-II,16,290.33333333333337,2330.843545328223,1271.5,0.0,0
40,AW-NSGA-II,17,286.66666666666663,2358.7935126736566,1247.6666666666665,0.0,0
40,AW-NSGA-II,18,314.33333333333337,2460.680471802531,1233.6666666666665,0.0,0
40,AW-NSGA-II,19,315.0,2333.6758045874826,1266.666666666667,0.0,0
40,AW-NSGA-II,20,284.66666666666663,2302.814611622907,1291.1666666666667,0.0,0
40,AW-NSGA-II,21,289.0,2314.177174957853,1272.8333333333333,0.0,0
40,AW-NSGA-II,22,291.0,2341.7241139334733,1265.1666666666667,0.0,0
40,AW-NSGA-II,23,267.6666666666667,2372.9738674931555,1242.6666666666665,0.0,0
40,AW-NSGA-II,24,299.6666666666667,2345.672619402297,1252.3333333333335,0.0,0
40,AW-NSGA-II,25,267.6666666666667,2370.9327358846676,1259.8333333333333,0.0,0
40,AW-NSGA-II,26,292.0,2308.2715168439067,1278.1666666666665,0.0,0
40,AW-NSGA-II,27,267.6666666666667,2372.9738674931555,1242.6666666666665,0.0,1
40,AW-NSGA-II,28,299.6666666666667,2345.672619402297,1252.3333333333335,0.0,0
40,AW-NSGA-II,29,286.33333333333337,2338.583399533599,1274.8333333333335,0.0,0
40,AW-NSGA-II,30,314.33333333333337,2460.680471802531,1233.6666666666665,0.0,0
40,AW-NSGA-II,31,275.3333333333333,2370.1363139549053,1265.6666666666667,0.0,0
40,AW-NSGA-II,32,292.0,2308.2715168439067,1278.1666666666665,0.0,0
40,AW-NSGA-II,33,285.3333333333333,2324.81058767994,1283.8333333333335,0.0,0
40,AW-NSGA-II,34,314.33333333333337,2395.9729415672296,1238.5,0.0,0
40,AW-NSGA-II,35,290.33333333333337,2330.843545328223,1271.5,0.0,0
40,AW-NSGA-II,36,268.0,2370.170416344078,1272.1666666666667,0.0,0
40,AW-NSGA-II,37,276.0,2363.0819114866313,1254.1666666666667,0.0,0
40,AW-NSGA-II,38,292.0,2332.4878463315663,1268.8333333333333,0.0,0
40,AW-NSGA-II,39,304.0,2338.4370150638447,1256.3333333333335,0.0,0
40,AW-NSGA-II,40,267.6666666666667,2372.9738674931555,1242.6666666666665,0.0,0
40,AW-NSGA-II,41,281.0,2342.1785277931413,1267.666666666667,0.0,0
40,NSGA-II-2obj,0,294.0,2316.2059877924503,1315.5,0.0,0
40,NSGA-II-2obj,1,334.0,2312.4610189523523,1311.3333333333335,0.0,0
40,NSGA-II-2obj,2,334.0,2312.4610189523523,1311.3333333333335,0.0,0
40,NSGA-II-2obj,3,314.33333333333337,2314.7596466338014,1307.5,0.0,0
40,NSGA-II-2obj,4,292.3333333333333,2495.4809860239347,1317.0000000000002,0.0,1
40,NSGA-II-2obj,5,334.0,2312.4610189523523,1311.3333333333335,0.0,0
40,NSGA-II-3obj,0,312.0,2203.2068462400416,1263.5,0.0,0
40,NSGA-II-3obj,1,282.3333333333333,2239.179186243715,1260.1666666666667,0.0,0
40,NSGA-II-3obj,2,309.3333333333333,2211.8279100418863,1267.1666666666665,0.0,0
40,NSGA-II-3obj,3,293.66666666666663,2214.2750646456584,1272.6666666666665,0.0,0
40,NSGA-II-3obj,4,327.66666666666663,2307.2073640861245,1251.8333333333333,0.0,0
40,NSGA-II-3obj,5,327.66666666666663,2307.2073640861245,1251.8333333333333,0.0,0
40,NSGA-II-3obj,6,303.3333333333333,2218.6257573033145,1268.6666666666667,0.0,0
40,NSGA-II-3obj,7,327.66666666666663,2307.2073640861245,1251.8333333333333,0.0,0
40,NSGA-II-3obj,8,326.3333333333333,2196.3748462400417,1269.5,0.0,0
40,NSGA-II-3obj,9,288.3333333333333,2235.0412730638463,1256.0000000000002,0.0,0
40,NSGA-II-3obj,10,303.3333333333333,2218.6257573033145,1268.6666666666667,0.0,0
40,NSGA-II-3obj,11,298.0,2197.133422625111,1275.1666666666665,0.0,0
40,NSGA-II-3obj,12,302.3333333333333,2236.7645444787486,1254.1666666666667,0.0,0
40,NSGA-II-3obj,13,282.3333333333333,2239.179186243715,1260.1666666666667,0.0,0
40,NSGA-II-3obj,14,288.3333333333333,2247.05755470475,1253.0000000000002,0.0,0
40,NSGA-II-3obj,15,291.66666666666674,2220.8184503157963,1258.5,0.0,0
40,NSGA-II-3obj,16,312.0,2206.8726980918937,1259.8333333333333,0.0,0
40,NSGA-II-3obj,17,306.0,2202.7825263869154,1272.1666666666667,0.0,0
40,NSGA-II-3obj,18,303.66666666666663,2219.0341809182455,1264.5,0.0,0
40,NSGA-II-3obj,19,278.0,2357.1534597021637,1278.5,0.0,1
40,NSGA-II-3obj,20,312.0,2203.2068462400416,1263.5,0.0,0
40,NSGA-II-3obj,21,294.3333333333333,2219.5247718480946,1269.1666666666667,0.0,0
40,NSGA-II-3obj,22,303.3333333333333,2218.6257573033145,1268.6666666666667,0.0,0
40,NSGA-II-3obj,23,314.3333333333333,2197.674322846045,1268.5,0.0,0
40,NSGA-II-3obj,24,302.33333333333337,2211.794546798378,1271.5000000000002,0.0,0
40,NSGA-II-3obj,25,327.66666666666663,2307.2073640861245,1251.8333333333333,0.0,0
40,NSGA-II-3obj,26,327.66666666666663,2307.439357276258,1248.8333333333333,0.0,0
40,NSGA-II-3obj,27,291.66666666666674,2220.8184503157963,1258.5,0.0,0
40,NSGA-II-3obj,28,278.0,2357.1534597021637,1278.5,0.0,0
40,NSGA-II-3obj,29,288.3333333333333,2186.697589584966,1276.6666666666665,0.0,0
40,NSGA-II-3obj,30,327.66666666666663,2296.9401350540356,1252.3333333333333,0.0,0
40,NSGA-II-3obj,31,291.66666666666674,2220.8184503157963,1258.5,0.0,0
40,NSGA-II-3obj,32,312.0,2208.941590006741,1257.8333333333335,0.0,0
40,NSGA-III,0,288.0,2254.9186582203233,1253.8333333333335,0.0,0
40,NSGA-III,1,282.0,2233.9242647618235,1265.0,0.0,0
40,NSGA-III,2,288.0,2254.9186582203233,1253.8333333333335,0.0,0
40,NSGA-III,3,275.6666666666667,2295.001547109212,1251.8333333333335,0.0,0
40,NSGA-III,4,288.0,2254.9186582203233,1253.8333333333335,0.0,0
40,NSGA-III,5,296.0,2245.8969499776817,1249.1666666666667,0.0,0
40,NSGA-III,6,275.6666666666667,2295.001547109212,1251.8333333333335,0.0,0
40,NSGA-III,7,296.0,2245.8969499776817,1249.1666666666667,0.0,0
40,NSGA-III,8,275.6666666666667,2295.001547109212,1251.8333333333335,0.0,0
40,NSGA-III,9,288.66666666666663,2186.7437644971615,1283.1666666666665,0.0,0
40,NSGA-III,10,288.0,2254.9186582203233,1253.8333333333335,0.0,0
40,NSGA-III,11,282.0,2233.9242647618235,1265.0,0.0,0
40,NSGA-III,12,288.0,2236.587547109212,1263.8333333333335,0.0,0
40,NSGA-III,13,275.6666666666667,2295.001547109212,1251.8333333333335,0.0,0
40,NSGA-III,14,288.0,2254.9186582203233,1253.8333333333335,0.0,0
40,NSGA-III,15,296.0,2261.895690718423,1243.5000000000002,0.0,0
40,NSGA-III,16,288.0,2255.668435998101,1252.8333333333333,0.0,0
40,NSGA-III,17,274.3333333333333,2344.514673910414,1260.3333333333335,0.0,0
40,NSGA-III,18,289.3333333333333,2243.398707517325,1255.5,0.0,0
40,NSGA-III,19,335.33333333333337,2393.5562414025253,1240.0,0.0,1
40,NSGA-III,20,288.0,2214.005473035138,1269.5000000000002,0.0,0
40,NSGA-III,21,275.6666666666667,2295.001547109212,1251.8333333333335,0.0,0
40,NSGA-III,22,275.6666666666667,2308.334584146249,1250.5000000000002,0.0,0
40,NSGA-III,23,296.0,2261.895690718423,1243.5000000000002,0.0,0
40,NSGA-III,24,275.6666666666667,2284.0038434055086,1262.1666666666667,0.0,0
40,NSGA-III,25,281.6666666666667,2257.2296166443484,1246.1666666666667,0.0,0
40,NSGA-III,26,274.3333333333333,2344.514673910414,1260.3333333333335,0.0,0
40,NSGA-III,27,288.0,2236.919028590694,1255.5000000000002,0.0,0
40,NSGA-III,28,275.6666666666667,2272.8376211832865,1264.1666666666667,0.0,0
40,NSGA-III,29,276.3333333333333,2275.3478407157677,1254.166666666667,0.0,0
40,NSGA-III,30,296.0,2224.7810586903224,1249.6666666666667,0.0,0
40,NSGA-III,31,277.6666666666667,2261.454114241837,1258.8333333333333,0.0,0
40,NSGA-III,32,282.33333333333337,2214.415489673787,1281.5,0.0,0
40,NSGA-III,33,277.6666666666667,2261.454114241837,1258.8333333333333,0.0,0
40,NSGA-III,34,277.6666666666667,2270.8720183184646,1252.8333333333333,0.0,0
40,NSGA-III,35,335.33333333333337,2393.5562414025253,1240.0,0.0,0
40,NSGA-III,36,288.66666666666663,2186.7437644971615,1283.1666666666665,0.0,0
40,MOEA/D,0,266.6666666666667,2269.065576955563,1265.1666666666665,0.0,0
40,MOEA/D,1,280.0,2239.674045413093,1260.5,0.0,0
40,MOEA/D,2,281.3333333333333,2194.345045413093,1280.0,0.0,0
40,MOEA/D,3,281.3333333333333,2194.345045413093,1280.0,0.0,0
40,MOEA/D,4,272.6666666666667,2232.0113787464265,1278.5,0.0,0
40,MOEA/D,5,280.0,2200.3448972649453,1279.3333333333333,0.0,0
40,MOEA/D,6,280.0,2200.3448972649453,1279.3333333333333,0.0,0
40,MOEA/D,7,272.6666666666667,2232.0113787464265,1278.5,0.0,0
40,MOEA/D,8,280.0,2205.0105268945745,1274.6666666666665,0.0,0
40,MOEA/D,10,289.3333333333333,2209.0103787464263,1274.0,0.0,0
40,MOEA/D,11,272.6666666666667,2232.0113787464265,1278.5,0.0,0
40,MOEA/D,12,281.3333333333333,2194.345045413093,1280.0,0.0,0
40,MOEA/D,13,280.0,2239.174749116797,1263.6666666666667,0.0,0
40,MOEA/D,15,281.3333333333333,2193.5122676353153,1282.5,0.0,0
40,MOEA/D,16,281.3333333333333,2189.6794157834634,1284.6666666666667,0.0,0
40,MOEA/D,17,272.6666666666667,2232.0113787464265,1278.5,0.0,0
40,MOEA/D,18,266.6666666666667,2269.065576955563,1265.1666666666665,0.0,0
40,MOEA/D,19,280.0,2205.0105268945745,1274.6666666666665,0.0,0
40,MOEA/D,20,281.3333333333333,2198.177897264945,1277.8333333333333,0.0,0
40,MOEA/D,21,272.6666666666667,2232.0113787464265,1278.5,0.0,0
40,MOEA/D,22,281.3333333333333,2198.177897264945,1277.8333333333333,0.0,0
40,MOEA/D,23,280.0,2200.3448972649453,1279.3333333333333,0.0,0
40,MOEA/D,24,272.6666666666667,2232.0113787464265,1278.5,0.0,0
40,MOEA/D,25,280.0,2239.174749116797,1263.6666666666667,0.0,0
40,MOEA/D,26,280.0,2210.0094157834637,1269.6666666666665,0.0,1
40,MOEA/D,27,281.3333333333333,2189.6794157834634,1284.6666666666667,0.0,0
40,MOEA/D,28,280.0,2200.3448972649453,1279.3333333333333,0.0,0
40,MOEA/D,29,280.0,2200.3448972649453,1279.3333333333333,0.0,0
40,MOEA/D,30,281.3333333333333,2198.177897264945,1277.8333333333333,0.0,0
40,MOEA/D,31,280.0,2205.0105268945745,1274.6666666666665,0.0,0
40,MOEA/D,33,280.0,2205.0105268945745,1274.6666666666665,0.0,0
40,MOEA/D,34,281.3333333333333,2193.5122676353153,1282.5,0.0,0
40,MOEA/D,35,281.3333333333333,2198.177897264945,1277.8333333333333,0.0,0
40,MOEA/D,36,281.3333333333333,2198.177897264945,1277.8333333333333,0.0,0
40,MOEA/D,37,281.3333333333333,2193.5122676353153,1282.5,0.0,0
40,MOEA/D,38,272.6666666666667,2232.0113787464265,1278.5,0.0,0
40,MOEA/D,39,266.6666666666667,2269.065576955563,1265.1666666666665,0.0,0
40,MOEA/D,40,280.0,2205.0105268945745,1274.6666666666665,0.0,0
40,MOEA/D,41,281.3333333333333,2198.177897264945,1277.8333333333333,0.0,0
40,MOEA/D,42,280.0,2210.0094157834637,1269.6666666666665,0.0,0
40,MOEA/D,43,281.3333333333333,2198.177897264945,1277.8333333333333,0.0,0
40,MOEA/D,44,281.3333333333333,2194.345045413093,1280.0,0.0,0
40,MOEA/D,45,281.3333333333333,2193.5122676353153,1282.5,0.0,0
40,MOEA/D,47,281.3333333333333,2198.177897264945,1277.8333333333333,0.0,0
40,MOEA/D,48,266.6666666666667,2269.065576955563,1265.1666666666665,0.0,0
40,MOEA/D,49,281.3333333333333,2194.345045413093,1280.0,0.0,0
40,MOEA/D,50,280.0,2200.3448972649453,1279.3333333333333,0.0,0
40,MOEA/D,52,280.0,2205.0105268945745,1274.6666666666665,0.0,0
40,MOEA/D,53,280.0,2210.0094157834637,1269.6666666666665,0.0,0
40,MOEA/D,54,280.0,2210.0094157834637,1269.6666666666665,0.0,0
40,MOEA/D,55,280.0,2239.174749116797,1263.6666666666667,0.0,0
40,MOEA/D,57,272.6666666666667,2232.0113787464265,1278.5,0.0,0
40,MOEA/D,58,266.6666666666667,2269.065576955563,1265.1666666666665,0.0,0
40,MOEA/D,59,280.0,2200.3448972649453,1279.3333333333333,0.0,0
40,MOEA/D,60,281.3333333333333,2198.177897264945,1277.8333333333333,0.0,0
40,MOEA/D,61,281.3333333333333,2194.345045413093,1280.0,0.0,0
40,MOEA/D,62,281.3333333333333,2228.509267635315,1268.9999999999998,0.0,0
40,MOEA/D,63,280.0,2239.674045413093,1260.5,0.0,0
40,MOEA/D,64,281.3333333333333,2189.6794157834634,1284.6666666666667,0.0,0
40,MOEA/D,65,281.3333333333333,2198.177897264945,1277.8333333333333,0.0,0
40,MOEA/D,66,280.0,2205.0105268945745,1274.6666666666665,0.0,0
40,MOEA/D,68,280.0,2205.0105268945745,1274.6666666666665,0.0,0
40,MOEA/D,69,281.3333333333333,2229.008563931611,1265.8333333333333,0.0,0
40,MOEA/D,70,281.3333333333333,2198.177897264945,1277.8333333333333,0.0,0
40,MOEA/D,71,280.0,2239.674045413093,1260.5,0.0,0
40,MOEA/D,72,280.0,2239.674045413093,1260.5,0.0,0
40,MOEA/D,73,315.0,2278.1843911744627,1255.4999999999998,0.0,0
40,MOEA/D,74,280.0,2210.0094157834637,1269.6666666666665,0.0,0
40,MOEA/D,75,281.3333333333333,2189.6794157834634,1284.6666666666667,0.0,0
40,MOEA/D,76,266.6666666666667,2269.065576955563,1265.1666666666665,0.0,0
40,MOEA/D,77,280.0,2239.174749116797,1263.6666666666667,0.0,0
40,MOEA/D,78,281.3333333333333,2198.177897264945,1277.8333333333333,0.0,0
40,MOEA/D,79,280.0,2210.0094157834637,1269.6666666666665,0.0,0
40,MOEA/D,80,281.3333333333333,2229.008563931611,1265.8333333333333,0.0,0
40,MOEA/D,81,272.6666666666667,2232.0113787464265,1278.5,0.0,0
40,MOEA/D,82,280.0,2205.0105268945745,1274.6666666666665,0.0,0
40,MOEA/D,83,281.3333333333333,2229.008563931611,1265.8333333333333,0.0,0
40,MOEA/D,84,272.6666666666667,2232.0113787464265,1278.5,0.0,0
40,MOEA/D,85,281.3333333333333,2198.177897264945,1277.8333333333333,0.0,0
40,MOEA/D,86,281.3333333333333,2198.177897264945,1277.8333333333333,0.0,0
40,MOEA/D,87,281.3333333333333,2229.008563931611,1265.8333333333333,0.0,0
40,MOEA/D,88,280.0,2239.174749116797,1263.6666666666667,0.0,0
40,MOEA/D,90,280.0,2205.0105268945745,1274.6666666666665,0.0,0
40,MOEA/D,91,280.0,2200.3448972649453,1279.3333333333333,0.0,0
40,MOEA/D,92,280.0,2205.0105268945745,1274.6666666666665,0.0,0
40,MOEA/D,93,272.6666666666667,2232.0113787464265,1278.5,0.0,0
40,MOEA/D,94,280.0,2210.0094157834637,1269.6666666666665,0.0,0
40,MOEA/D,95,272.6666666666667,2232.0113787464265,1278.5,0.0,0
40,MOEA/D,96,280.0,2205.0105268945745,1274.6666666666665,0.0,0
40,MOEA/D,97,280.0,2210.0094157834637,1269.6666666666665,0.0,0
40,MOEA/D,98,280.0,2200.3448972649453,1279.3333333333333,0.0,0
40,MOEA/D,99,266.6666666666667,2269.065576955563,1265.1666666666665,0.0,0
40,GA-SA,0,288.6666666666667,2404.444460169196,1244.1666666666665,0.0,1
40,A*-GA,0,299.3333333333333,2190.4957227943937,1335.3333333333333,0.0,1
40,A*-GA,1,299.3333333333333,2193.668205613492,1338.0,0.0,0
40,LWC,0,321.6666666666667,2367.2876307057704,1236.8333333333333,0.0,0
40,LWC,1,277.0,2277.90189484572,1246.0,0.0,0
40,LWC,2,321.6666666666667,2364.7877047798447,1237.1666666666667,0.0,0
40,LWC,3,297.66666666666663,2385.161269605841,1241.3333333333335,0.0,0
40,LWC,4,321.6666666666667,2367.2876307057704,1236.8333333333333,0.0,0
40,LWC,5,321.6666666666667,2367.2876307057704,1236.8333333333333,0.0,0
40,LWC,6,292.33333333333337,2355.2895195946594,1245.3333333333333,0.0,0
40,LWC,7,292.33333333333337,2355.2895195946594,1245.3333333333333,0.0,0
40,LWC,8,270.3333333333333,2281.2361170679424,1249.9999999999998,0.0,0
40,LWC,9,292.33333333333337,2387.2347932335606,1242.3333333333333,0.0,0
40,LWC,10,321.6666666666667,2364.7877047798447,1237.1666666666667,0.0,0
40,LWC,11,315.0,2322.769393711547,1239.5,0.0,0
40,LWC,12,292.33333333333337,2376.9777534348696,1242.6666666666665,0.0,0
40,LWC,13,277.0,2265.677170922766,1261.3333333333333,0.0,0
40,LWC,14,306.6666666666667,2449.4780495843825,1240.5,0.0,0
40,LWC,15,321.6666666666667,2367.2876307057704,1236.8333333333333,0.0,0
40,LWC,16,297.66666666666663,2385.161269605841,1241.3333333333335,0.0,0
40,LWC,17,321.6666666666667,2367.2876307057704,1236.8333333333333,0.0,0
40,LWC,18,321.6666666666667,2367.2876307057704,1236.8333333333333,0.0,0
40,LWC,19,295.66666666666663,2324.057987144684,1243.1666666666665,0.0,0
40,LWC,20,277.0,2265.677170922766,1261.3333333333333,0.0,0
40,LWC,21,315.0,2319.95563070577,1242.8333333333333,0.0,0
40,LWC,22,339.99999999999994,2447.1271343621643,1234.3333333333335,0.0,1
40,LWC,23,306.6666666666667,2449.4780495843825,1240.5,0.0,0
40,LWC,24,277.66666666666663,2269.068414036674,1259.3333333333333,0.0,0
40,LWC,25,292.33333333333337,2355.2895195946594,1245.3333333333333,0.0,0
40,LWC,26,285.66666666666663,2262.34487462647,1266.0,0.0,0
40,LWC,27,292.33333333333337,2376.9777534348696,1242.6666666666665,0.0,0
40,LWC,28,321.6666666666667,2367.2876307057704,1236.8333333333333,0.0,0
40,LWC,29,286.6666666666667,2273.404709660535,1258.666666666667,0.0,0
40,LWC,30,321.6666666666667,2364.7877047798447,1237.1666666666667,0.0,0
40,LWC,31,302.0,2261.97109464007,1272.8333333333335,0.0,0
40,LWC,32,292.33333333333337,2355.2895195946594,1245.3333333333333,0.0,0
40,LWC,33,297.66666666666663,2385.161269605841,1241.3333333333335,0.0,0
40,LWC,34,321.6666666666667,2367.2876307057704,1236.8333333333333,0.0,0
40,LWC,35,315.0,2319.95563070577,1242.8333333333333,0.0,0
40,LWC,36,270.3333333333333,2281.2361170679424,1249.9999999999998,0.0,0
40,LWC,37,321.6666666666667,2367.2876307057704,1236.8333333333333,0.0,0
40,LWC,38,321.3333333333333,2367.8526159337694,1239.0,0.0,0
40,LWC,39,301.6666666666667,2353.310938620055,1242.0,0.0,0
40,LWC,40,315.0,2375.288075150215,1238.8333333333335,0.0,0
40,LWC,41,321.6666666666667,2367.2876307057704,1236.8333333333333,0.0,0
40,LWC,42,292.33333333333337,2355.2895195946594,1245.3333333333333,0.0,0
40,LWC,43,314.66666666666663,2410.9606528806826,1235.1666666666667,0.0,0
40,LWC,44,297.66666666666663,2385.161269605841,1241.3333333333335,0.0,0
40,LWC,45,321.6666666666667,2364.7877047798447,1237.1666666666667,0.0,0
40,LWC,46,315.0,2319.95563070577,1242.8333333333333,0.0,0
40,LWC,47,277.0,2265.677170922766,1261.3333333333333,0.0,0
40,LWC,48,321.6666666666667,2367.2876307057704,1236.8333333333333,0.0,0
40,LWC,49,271.33333333333337,2279.737117067942,1254.4999999999998,0.0,0
40,LWC,50,277.0,2265.677170922766,1261.3333333333333,0.0,0
40,LWC,51,314.6666666666667,2259.8496153672104,1287.3333333333335,0.0,0
40,LWC,52,315.0,2319.95563070577,1242.8333333333333,0.0,0
40,LWC,53,297.66666666666663,2385.161269605841,1241.3333333333335,0.0,0
40,LWC,54,321.6666666666667,2364.7877047798447,1237.1666666666667,0.0,0
40,LWC,55,292.33333333333337,2355.2895195946594,1245.3333333333333,0.0,0
40,LWC,56,321.6666666666667,2367.2876307057704,1236.8333333333333,0.0,0
40,LWC,57,321.6666666666667,2364.7877047798447,1237.1666666666667,0.0,0
40,LWC,58,317.3333333333333,2392.235422694026,1234.5,0.0,0
41,AW-NSGA-II,0,332.66666666666663,2188.627603279123,1209.0000000000002,0.0,0
41,AW-NSGA-II,1,279.66666666666663,2165.526671837236,1221.0,0.0,0
41,AW-NSGA-II,2,274.3333333333333,2167.5479496037115,1219.3333333333335,0.0,0
41,AW-NSGA-II,3,275.3333333333333,2199.3535334323515,1217.1666666666667,0.0,0
41,AW-NSGA-II,4,351.6666666666667,2521.8206798678493,1194.1666666666665,0.0,0
41,AW-NSGA-II,5,279.66666666666663,2165.526671837236,1221.0,0.0,0
41,AW-NSGA-II,6,274.3333333333333,2167.5479496037115,1219.3333333333335,0.0,0
41,AW-NSGA-II,7,275.3333333333333,2199.3535334323515,1217.1666666666667,0.0,0
41,AW-NSGA-II,8,323.66666666666663,2152.4479146528397,1224.0,0.0,0
41,AW-NSGA-II,9,275.3333333333333,2199.3535334323515,1217.1666666666667,0.0,0
41,AW-NSGA-II,10,284.0,2159.0765830828645,1237.4999999999998,0.0,0
41,AW-NSGA-II,11,313.6666666666667,2173.465984401064,1210.1666666666667,0.0,0
41,AW-NSGA-II,12,392.0,2554.1821712428714,1193.5,0.0,1
41,AW-NSGA-II,13,286.66666666666663,2279.665009250751,1206.8333333333333,0.0,0
41,AW-NSGA-II,14,275.3333333333333,2199.3535334323515,1217.1666666666667,0.0,0
41,AW-NSGA-II,15,316.0,2135.031928875741,1226.3333333333335,0.0,0
41,AW-NSGA-II,16,279.33333333333337,2183.40779661229,1212.0,0.0,0
41,AW-NSGA-II,17,287.0,2245.8509860576864,1203.1666666666665,0.0,0
41,AW-NSGA-II,18,286.66666666666663,2281.589192657233,1198.0,0.0,0
41,AW-NSGA-II,19,332.66666666666663,2188.627603279123,1209.0000000000002,0.0,0
41,AW-NSGA-II,20,275.3333333333333,2209.4038053050867,1210.0,0.0,0
41,AW-NSGA-II,21,279.66666666666663,2167.4636729743847,1212.0,0.0,0
41,AW-NSGA-II,22,279.66666666666663,2199.4633766780885,1210.6666666666667,0.0,0
41,AW-NSGA-II,23,303.0,2154.9437297636578,1212.3333333333335,0.0,0
41,AW-NSGA-II,24,295.3333333333333,2182.413179394737,1209.5000000000002,0.0,0
41,AW-NSGA-II,25,286.66666666666663,2279.665009250751,1206.8333333333333,0.0,0
41,AW-NSGA-II,26,291.0,2122.769979345475,1228.3333333333333,0.0,0
41,AW-NSGA-II,27,274.3333333333333,2167.5479496037115,1219.3333333333335,0.0,0
41,AW-NSGA-II,28,313.6666666666667,2173.465984401064,1210.1666666666667,0.0,0
41,AW-NSGA-II,29,354.0,2205.7987251418044,1207.5,0.0,0
41,AW-NSGA-II,30,313.6666666666667,2210.7976140306937,1202.5,0.0,0
41,AW-NSGA-II,31,286.66666666666663,2279.665009250751,1206.8333333333333,0.0,0
41,AW-NSGA-II,32,313.6666666666667,2173.465984401064,1210.1666666666667,0.0,0
41,NSGA-II-2obj,0,281.0,2239.9590013213965,1247.6666666666667,0.0,1
41,NSGA-II-2obj,1,281.0,2239.9590013213965,1247.6666666666667,0.0,0
41,NSGA-II-2obj,2,298.00000000000006,2198.966409503744,1258.0000000000002,0.0,0
41,NSGA-II-2obj,3,279.3333333333333,2351.230099131815,1265.3333333333335,0.0,0
41,NSGA-II-2obj,4,276.66666666666663,2356.2074786803582,1263.8333333333335,0.0,0
41,NSGA-II-2obj,5,289.3333333333333,2225.2734308874255,1249.1666666666667,0.0,0
41,NSGA-II-2obj,6,291.6666666666667,2212.496011532756,1249.5000000000002,0.0,0
41,NSGA-II-2obj,7,279.3333333333333,2351.230099131815,1265.3333333333335,0.0,0
41,NSGA-II-3obj,0,309.33333333333337,2255.651967359563,1209.4999999999998,0.0,0
41,NSGA-II-3obj,1,301.0,2155.1202847080253,1220.1666666666665,0.0,0
41,NSGA-II-3obj,2,297.33333333333337,2214.377426743829,1213.5,0.0,0
41,NSGA-II-3obj,3,309.33333333333337,2255.651967359563,1209.4999999999998,0.0,0
41,NSGA-II-3obj,4,277.6666666666667,2342.717610582718,1239.6666666666667,0.0,0
41,NSGA-II-3obj,5,329.0,2212.8071433332534,1213.6666666666665,0.0,0
41,NSGA-II-3obj,6,277.6666666666667,2342.717610582718,1239.6666666666667,0.0,0
41,NSGA-II-3obj,7,277.6666666666667,2342.717610582718,1239.6666666666667,0.0,0
41,NSGA-II-3obj,8,295.6666666666667,2181.6064274258033,1226.4999999999998,0.0,0
41,NSGA-II-3obj,9,277.6666666666667,2345.3841291012363,1239.0,0.0,0
41,NSGA-II-3obj,10,355.6666666666667,2562.676249486935,1197.1666666666667,0.0,0
41,NSGA-II-3obj,11,282.6666666666667,2193.659342181152,1219.4999999999998,0.0,0
41,NSGA-II-3obj,12,295.6666666666667,2181.6064274258033,1226.4999999999998,0.0,0
41,NSGA-II-3obj,13,277.6666666666667,2345.3841291012363,1239.0,0.0,0
41,NSGA-II-3obj,14,281.6666666666667,2315.1375263876325,1238.6666666666665,0.0,0
41,NSGA-II-3obj,15,378.3333333333333,2472.3365412305025,1192.1666666666667,0.0,1
41,NSGA-II-3obj,16,307.33333333333337,2643.451040169497,1200.0,0.0,0
41,NSGA-II-3obj,17,277.6666666666667,2350.144939906724,1221.3333333333333,0.0,0
41,NSGA-II-3obj,18,309.33333333333337,2315.8177081003037,1205.3333333333333,0.0,0
41,NSGA-II-3obj,19,309.33333333333337,2351.7302027511437,1200.1666666666667,0.0,0
41,NSGA-II-3obj,20,334.99999999999994,2280.505837526799,1204.0,0.0,0
41,NSGA-II-3obj,21,280.0,2342.702969994442,1221.6666666666667,0.0,0
41,NSGA-II-3obj,22,277.6666666666667,2347.216536508644,1234.8333333333333,0.0,0
41,NSGA-II-3obj,23,309.33333333333337,2323.650263655859,1201.8333333333333,0.0,0
41,NSGA-II-3obj,24,329.0,2212.8071433332534,1213.6666666666665,0.0,0
41,NSGA-II-3obj,25,277.6666666666667,2342.717610582718,1239.6666666666667,0.0,0
41,NSGA-II-3obj,26,309.33333333333337,2315.8177081003037,1205.3333333333333,0.0,0
41,NSGA-II-3obj,27,301.0,2155.1202847080253,1220.1666666666665,0.0,0
41,NSGA-II-3obj,28,277.6666666666667,2345.3841291012363,1239.0,0.0,0
41,NSGA-II-3obj,29,301.0,2155.1202847080253,1220.1666666666665,0.0,0
41,NSGA-II-3obj,30,378.3333333333333,2472.3365412305025,1192.1666666666667,0.0,0
41,NSGA-II-3obj,31,355.6666666666667,2562.676249486935,1197.1666666666667,0.0,0
41,NSGA-II-3obj,32,353.00000000000006,2247.352887612332,1212.0,0.0,0
41,NSGA-II-3obj,33,289.3333333333333,2266.9964618547256,1214.0,0.0,0
41,NSGA-II-3obj,34,277.6666666666667,2350.144939906724,1221.3333333333333,0.0,0
41,NSGA-II-3obj,35,309.33333333333337,2315.8177081003037,1205.3333333333333,0.0,0
41,NSGA-II-3obj,36,334.99999999999994,2281.1723560453174,1203.3333333333333,0.0,0
41,NSGA-II-3obj,37,344.3333333333333,2346.8072201699347,1197.9999999999998,0.0,0
41,NSGA-II-3obj,38,309.33333333333337,2315.8177081003037,1205.3333333333333,0.0,0
41,NSGA-II-3obj,39,344.00000000000006,2153.0402084815187,1231.9999999999998,0.0,0
41,NSGA-II-3obj,40,309.33333333333337,2351.7302027511437,1200.1666666666667,0.0,0
41,NSGA-II-3obj,41,295.6666666666667,2180.8611417091033,1233.333333333333,0.0,0
41,NSGA-II-3obj,42,301.0,2155.1202847080253,1220.1666666666665,0.0,0
41,NSGA-II-3obj,43,277.6666666666667,2350.144939906724,1221.3333333333333,0.0,0
41,NSGA-II-3obj,44,301.0,2176.545221524868,1219.5,0.0,0
41,NSGA-II-3obj,45,309.33333333333337,2351.7302027511437,1200.1666666666667,0.0,0
41,NSGA-II-3obj,46,378.3333333333333,2472.3365412305025,1192.1666666666667,0.0,0
41,NSGA-II-3obj,47,309.33333333333337,2255.651967359563,1209.4999999999998,0.0,0
41,NSGA-II-3obj,48,289.0,2371.062665632519,1215.0,0.0,0
41,NSGA-II-3obj,49,332.66666666666663,2240.2196035116517,1212.1666666666665,0.0,0
41,NSGA-II-3obj,50,301.0,2256.02205000401,1208.4999999999998,0.0,0
41,NSGA-III,0,288.0,2409.3555451872903,1219.1666666666667,0.0,0
41,NSGA-III,1,299.3333333333333,2338.923398318518,1230.3333333333335,0.0,0
41,NSGA-III,2,288.0,2339.074410858112,1230.1666666666665,0.0,0
41,NSGA-III,3,285.0,2383.766538908254,1223.0,0.0,0
41,NSGA-III,4,334.3333333333333,2449.940032171473,1207.8333333333333,0.0,0
41,NSGA-III,5,288.0,2409.3555451872903,1219.1666666666667,0.0,0
41,NSGA-III,6,285.0,2411.721943356704,1222.1666666666667,0.0,0
41,NSGA-III,7,288.0,2409.3555451872903,1219.1666666666667,0.0,0
41,NSGA-III,8,288.0,2409.3555451872903,1219.1666666666667,0.0,0
41,NSGA-III,9,282.33333333333337,2335.8965399267277,1242.3333333333335,0.0,0
41,NSGA-III,10,326.66666666666663,2473.2199780629,1208.1666666666667,0.0,1
41,NSGA-III,11,293.33333333333337,2274.759287207407,1241.8333333333335,0.0,0
41,NSGA-III,12,269.6666666666667,2393.684612982328,1229.3333333333333,0.0,0
41,NSGA-III,13,301.0,2394.1090078046636,1218.6666666666665,0.0,0
41,NSGA-III,14,287.0,2321.742633080334,1237.1666666666667,0.0,0
41,NSGA-III,15,352.6666666666667,2424.908185988469,1211.3333333333333,0.0,0
41,NSGA-III,16,301.0,2394.1090078046636,1218.6666666666665,0.0,0
41,NSGA-III,17,285.0,2411.721943356704,1222.1666666666667,0.0,0
41,NSGA-III,18,285.0,2362.069544577102,1233.3333333333333,0.0,0
41,NSGA-III,19,288.0,2409.3555451872903,1219.1666666666667,0.0,0
41,NSGA-III,20,288.0,2409.3555451872903,1219.1666666666667,0.0,0
41,NSGA-III,21,312.0,2277.0841271382455,1216.0000000000002,0.0,0
41,NSGA-III,22,285.0,2367.8704867301954,1226.0,0.0,0
41,NSGA-III,23,293.33333333333337,2281.0903242444438,1231.5,0.0,0
41,NSGA-III,24,288.0,2409.3555451872903,1219.1666666666667,0.0,0
41,NSGA-III,25,326.66666666666663,2417.3218835464204,1213.166666666667,0.0,0
41,NSGA-III,26,287.0,2444.8095287752203,1209.4999999999998,0.0,0
41,NSGA-III,27,293.33333333333337,2266.0926946148143,1242.166666666667,0.0,0
41,NSGA-III,28,289.3333333333333,2306.249166075424,1235.8333333333333,0.0,0
41,NSGA-III,29,302.3333333333333,2353.688020231485,1213.5000000000002,0.0,0
41,NSGA-III,30,301.0,2394.1090078046636,1218.6666666666665,0.0,0
41,NSGA-III,31,312.0,2271.7694320603646,1224.8333333333335,0.0,0
41,NSGA-III,32,362.0,2254.4062155069905,1237.1666666666667,0.0,0
41,NSGA-III,33,287.0,2409.645010256702,1219.1666666666667,0.0,0
41,NSGA-III,34,312.0,2271.7694320603646,1224.8333333333335,0.0,0
41,NSGA-III,35,287.0,2444.8095287752203,1209.4999999999998,0.0,0
41,NSGA-III,36,288.0,2409.3555451872903,1219.1666666666667,0.0,0
41,NSGA-III,37,326.66666666666663,2473.2199780629,1208.1666666666667,0.0,0
41,NSGA-III,38,288.0,2409.3555451872903,1219.1666666666667,0.0,0
41,NSGA-III,39,312.0,2315.317345890495,1213.8333333333333,0.0,0
41,NSGA-III,40,287.0,2340.3655214799464,1221.3333333333335,0.0,0
41,NSGA-III,41,326.66666666666663,2473.2199780629,1208.1666666666667,0.0,0
41,NSGA-III,42,303.6666666666667,2266.6581771016317,1229.1666666666665,0.0,0
41,NSGA-III,43,301.0,2397.1083411379973,1215.6666666666665,0.0,0
41,NSGA-III,44,288.0,2409.3555451872903,1219.1666666666667,0.0,0
41,NSGA-III,45,288.0,2409.3555451872903,1219.1666666666667,0.0,0
41,NSGA-III,46,288.0,2425.6887303724757,1218.5000000000002,0.0,0
41,NSGA-III,47,302.3333333333333,2294.2386761332546,1216.5,0.0,0
41,NSGA-III,48,312.0,2276.0691414329162,1220.3333333333333,0.0,0
41,NSGA-III,49,288.0,2409.3555451872903,1219.1666666666667,0.0,0
41,NSGA-III,50,288.0,2409.3555451872903,1219.1666666666667,0.0,0
41,NSGA-III,51,300.33333333333337,2398.818342549387,1214.0,0.0,0
41,NSGA-III,52,326.66666666666663,2473.2199780629,1208.1666666666667,0.0,0
41,NSGA-III,53,287.0,2444.8095287752203,1209.4999999999998,0.0,0
41,NSGA-III,54,288.0,2389.5715955873857,1220.8333333333337,0.0,0
41,NSGA-III,55,326.66666666666663,2473.2199780629,1208.1666666666667,0.0,0
41,NSGA-III,56,288.0,2409.3555451872903,1219.1666666666667,0.0,0
41,NSGA-III,57,312.0,2271.7694320603646,1224.8333333333335,0.0,0
41,NSGA-III,58,287.0,2437.810269515961,1212.8333333333335,0.0,0
41,NSGA-III,59,293.33333333333337,2266.0926946148143,1242.166666666667,0.0,0
41,NSGA-III,60,320.0,2261.157331624513,1231.3333333333335,0.0,0
41,MOEA/D,0,279.6666666666667,2119.690585706059,1193.666666666667,0.0,0
41,MOEA/D,1,272.33333333333337,2147.1886968171707,1185.1666666666667,0.0,0
41,MOEA/D,2,279.6666666666667,2066.8368717658805,1211.5,0.0,0
41,MOEA/D,3,279.6666666666667,2066.8368717658805,1211.5,0.0,0
41,MOEA/D,8,279.6666666666667,2075.002760654769,1208.0,0.0,0
41,MOEA/D,9,275.6666666666667,2091.3345013955095,1200.8333333333335,0.0,0
41,MOEA/D,10,279.6666666666667,2087.0015754695837,1202.6666666666665,0.0,0
41,MOEA/D,12,275.66666666666663,2066.8711956227303,1217.0000000000002,0.0,0
41,MOEA/D,13,272.33333333333337,2121.6905486690225,1193.4999999999998,0.0,0
41,MOEA/D,15,279.6666666666667,2066.8368717658805,1211.5,0.0,0
41,MOEA/D,16,279.6666666666667,2065.505797691806,1221.666666666667,0.0,0
41,MOEA/D,18,272.33333333333337,2121.6905486690225,1193.4999999999998,0.0,1
41,MOEA/D,19,279.6666666666667,2075.002760654769,1208.0,0.0,0
41,MOEA/D,20,279.6666666666667,2075.002760654769,1208.0,0.0,0
41,MOEA/D,22,279.6666666666667,2075.002760654769,1208.0,0.0,0
41,MOEA/D,23,277.33333333333337,2084.037232659767,1214.1666666666665,0.0,0
41,MOEA/D,25,279.6666666666667,2119.690585706059,1193.666666666667,0.0,0
41,MOEA/D,26,279.6666666666667,2087.0015754695837,1202.6666666666665,0.0,0
41,MOEA/D,27,279.6666666666667,2066.8368717658805,1211.5,0.0,0
41,MOEA/D,28,277.33333333333337,2084.037232659767,1214.1666666666665,0.0,0
41,MOEA/D,30,279.6666666666667,2066.8368717658805,1211.5,0.0,0
41,MOEA/D,31,279.6666666666667,2087.0015754695837,1202.6666666666665,0.0,0
41,MOEA/D,33,279.6666666666667,2075.002760654769,1208.0,0.0,0
41,MOEA/D,34,279.6666666666667,2066.8368717658805,1211.5,0.0,0
41,MOEA/D,35,279.6666666666667,2075.002760654769,1208.0,0.0,0
41,MOEA/D,36,279.6666666666667,2075.002760654769,1208.0,0.0,0
41,MOEA/D,37,279.6666666666667,2066.8368717658805,1211.5,0.0,0
41,MOEA/D,39,271.0,2130.189289409763,1187.8333333333333,0.0,0
41,MOEA/D,40,279.6666666666667,2087.0015754695837,1202.6666666666665,0.0,0
41,MOEA/D,41,279.6666666666667,2066.8368717658805,1211.5,0.0,0
41,MOEA/D,43,279.6666666666667,2075.002760654769,1208.0,0.0,0
41,MOEA/D,44,279.6666666666667,2066.8368717658805,1211.5,0.0,0
41,MOEA/D,45,279.6666666666667,2066.8368717658805,1211.5,0.0,0
41,MOEA/D,46,279.6666666666667,2087.0015754695837,1202.6666666666665,0.0,0
41,MOEA/D,47,279.6666666666667,2066.8368717658805,1211.5,0.0,0
41,MOEA/D,48,279.6666666666667,2119.690585706059,1193.666666666667,0.0,0
41,MOEA/D,49,279.6666666666667,2066.8368717658805,1211.5,0.0,0
41,MOEA/D,51,279.6666666666667,2087.0015754695837,1202.6666666666665,0.0,0
41,MOEA/D,52,279.6666666666667,2075.002760654769,1208.0,0.0,0
41,MOEA/D,53,279.6666666666667,2075.002760654769,1208.0,0.0,0
41,MOEA/D,55,279.6666666666667,2119.690585706059,1193.666666666667,0.0,0
41,MOEA/D,58,272.33333333333337,2121.6905486690225,1193.4999999999998,0.0,0
41,MOEA/D,60,279.6666666666667,2075.002760654769,1208.0,0.0,0
41,MOEA/D,61,279.6666666666667,2066.8368717658805,1211.5,0.0,0
41,MOEA/D,62,279.6666666666667,2111.191844965319,1199.3333333333335,0.0,0
41,MOEA/D,63,272.33333333333337,2146.522141261615,1185.6666666666667,0.0,0
41,MOEA/D,64,279.6666666666667,2066.8368717658805,1211.5,0.0,0
41,MOEA/D,65,279.6666666666667,2075.002760654769,1208.0,0.0,0
41,MOEA/D,66,279.6666666666667,2087.0015754695837,1202.6666666666665,0.0,0
41,MOEA/D,67,279.6666666666667,2087.0015754695837,1202.6666666666665,0.0,0
41,MOEA/D,69,279.6666666666667,2111.191844965319,1199.3333333333335,0.0,0
41,MOEA/D,70,279.6666666666667,2075.002760654769,1208.0,0.0,0
41,MOEA/D,71,272.33333333333337,2147.1886968171707,1185.1666666666667,0.0,0
41,MOEA/D,72,279.6666666666667,2119.690585706059,1193.666666666667,0.0,0
41,MOEA/D,73,272.33333333333337,2146.522141261615,1185.6666666666667,0.0,0
41,MOEA/D,75,279.6666666666667,2066.8368717658805,1211.5,0.0,0
41,MOEA/D,76,272.33333333333337,2121.6905486690225,1193.4999999999998,0.0,0
41,MOEA/D,78,279.6666666666667,2075.002760654769,1208.0,0.0,0
41,MOEA/D,80,275.6666666666667,2113.524659780134,1197.0,0.0,0
41,MOEA/D,82,279.6666666666667,2075.002760654769,1208.0,0.0,0
41,MOEA/D,83,275.6666666666667,2113.524659780134,1197.0,0.0,0
41,MOEA/D,85,279.6666666666667,2075.002760654769,1208.0,0.0,0
41,MOEA/D,86,279.6666666666667,2075.002760654769,1208.0,0.0,0
41,MOEA/D,87,279.6666666666667,2111.191844965319,1199.3333333333335,0.0,0
41,MOEA/D,88,279.6666666666667,2119.690585706059,1193.666666666667,0.0,0
41,MOEA/D,89,279.6666666666667,2087.0015754695837,1202.6666666666665,0.0,0
41,MOEA/D,90,279.6666666666667,2087.0015754695837,1202.6666666666665,0.0,0
41,MOEA/D,91,279.6666666666667,2075.002760654769,1208.0,0.0,0
41,MOEA/D,92,279.6666666666667,2075.002760654769,1208.0,0.0,0
41,MOEA/D,96,279.6666666666667,2075.002760654769,1208.0,0.0,0
41,MOEA/D,98,279.6666666666667,2075.002760654769,1208.0,0.0,0
41,GA-SA,1,280.6666666666667,2255.1338291809166,1171.1666666666665,0.0,1
41,A*-GA,0,286.3333333333333,2269.2416662652886,1269.6666666666667,0.0,1
41,A*-GA,1,286.3333333333333,2213.2400366356583,1262.3333333333335,0.0,0
41,LWC,0,286.0,2231.096620639519,1196.8333333333333,0.0,0
41,LWC,1,278.6666666666667,2297.4491591605624,1192.0,0.0,0
41,LWC,2,288.6666666666667,2237.8058640523045,1186.8333333333333,0.0,0
41,LWC,3,313.66666666666663,2176.6417899782305,1198.5,0.0,0
41,LWC,4,286.0,2231.096620639519,1196.8333333333333,0.0,0
41,LWC,5,306.6666666666667,2177.8153738515944,1198.8333333333335,0.0,0
41,LWC,6,288.6666666666667,2229.2228270152677,1188.1666666666667,0.0,0
41,LWC,7,285.66666666666663,2070.3516950228764,1220.1666666666665,0.0,0
41,LWC,8,306.6666666666667,2177.8153738515944,1198.8333333333335,0.0,0
41,LWC,9,263.6666666666667,2190.1642694867364,1202.6666666666667,0.0,0
41,LWC,10,274.0,2085.301529634407,1220.4999999999998,0.0,0
41,LWC,11,285.33333333333337,2224.1126758431706,1198.3333333333335,0.0,0
41,LWC,12,306.6666666666667,2177.8153738515944,1198.8333333333335,0.0,0
41,LWC,13,288.6666666666667,2237.8058640523045,1186.8333333333333,0.0,0
41,LWC,14,285.66666666666663,2070.3516950228764,1220.1666666666665,0.0,0
41,LWC,15,323.66666666666663,2194.8077529411935,1195.3333333333335,0.0,1
41,LWC,16,323.66666666666663,2194.8077529411935,1195.3333333333335,0.0,0
41,LWC,17,288.6666666666667,2229.2228270152677,1188.1666666666667,0.0,0
41,LWC,18,285.33333333333337,2224.1126758431706,1198.3333333333335,0.0,0
41,LWC,19,298.0,2185.120652313542,1199.6666666666667,0.0,0
41,LWC,20,288.3333333333333,2087.3367269138826,1209.4999999999995,0.0,0
41,LWC,21,274.3333333333333,2072.1885468747287,1236.0,0.0,0
41,LWC,22,274.0,2100.4659370418144,1210.3333333333333,0.0,0
41,LWC,23,288.6666666666667,2237.8058640523045,1186.8333333333333,0.0,0
41,LWC,24,289.6666666666667,2199.084394287569,1200.3333333333335,0.0,0
41,LWC,25,274.0,2085.301529634407,1220.4999999999998,0.0,0
41,LWC,26,285.66666666666663,2070.3516950228764,1220.1666666666665,0.0,0
41,LWC,27,285.66666666666663,2064.35302835621,1226.1666666666667,0.0,0
41,LWC,28,278.6666666666667,2246.597328568037,1197.0,0.0,0
41,LWC,29,288.3333333333333,2038.8515353032549,1217.3333333333333,0.0,0
41,LWC,30,286.0,2231.096620639519,1196.8333333333333,0.0,0
41,LWC,31,288.6666666666667,2203.332209102384,1190.5,0.0,0
41,LWC,32,288.6666666666667,2215.22304923749,1189.1666666666667,0.0,0
41,LWC,33,274.0,2100.4659370418144,1210.3333333333333,0.0,0
41,LWC,34,274.3333333333333,2080.110365976445,1222.8333333333333,0.0,0
41,LWC,35,288.6666666666667,2237.8058640523045,1186.8333333333333,0.0,0
41,LWC,36,310.0,2192.263583602482,1198.1666666666667,0.0,0
41,LWC,37,298.0,2146.653498496546,1200.6666666666667,0.0,0
41,LWC,38,263.6666666666667,2190.1642694867364,1202.6666666666667,0.0,0
41,LWC,39,298.0,2185.120652313542,1199.6666666666667,0.0,0
41,LWC,40,278.0,2090.7514905086277,1200.8333333333333,0.0,0
41,LWC,41,288.6666666666667,2237.8058640523045,1186.8333333333333,0.0,0
41,LWC,42,288.3333333333333,2061.5688176726408,1213.5,0.0,0
41,LWC,43,274.3333333333333,2073.45100554352,1224.9999999999998,0.0,0
41,LWC,44,298.0,2185.120652313542,1199.6666666666667,0.0,0
42,AW-NSGA-II,0,315.33333333333337,2207.013677156705,1291.6666666666667,0.0,0
42,AW-NSGA-II,1,299.66666666666663,2152.872816860954,1307.0,0.0,0
42,AW-NSGA-II,2,315.33333333333337,2207.013677156705,1291.6666666666667,0.0,0
42,AW-NSGA-II,3,285.3333333333333,2194.1682818138574,1306.3333333333335,0.0,0
42,AW-NSGA-II,4,315.33333333333337,2207.013677156705,1291.6666666666667,0.0,0
42,AW-NSGA-II,5,315.33333333333337,2207.013677156705,1291.6666666666667,0.0,0
42,AW-NSGA-II,6,315.33333333333337,2207.013677156705,1291.6666666666667,0.0,0
42,AW-NSGA-II,7,303.0,2205.996421009431,1292.0000000000002,0.0,0
42,AW-NSGA-II,8,315.33333333333337,2207.013677156705,1291.6666666666667,0.0,0
42,AW-NSGA-II,9,366.3333333333333,2365.024150395767,1287.3333333333335,0.0,0
42,AW-NSGA-II,10,294.0,2203.5277067858574,1305.5,0.0,0
42,AW-NSGA-II,11,299.66666666666663,2146.402664540139,1308.8333333333335,0.0,0
42,AW-NSGA-II,12,285.3333333333333,2237.6901175145595,1301.0,0.0,0
42,AW-NSGA-II,13,294.0,2205.8591882673386,1297.1666666666667,0.0,0
42,AW-NSGA-II,14,315.33333333333337,2236.679936415964,1289.8333333333337,0.0,0
42,AW-NSGA-II,15,315.33333333333337,2179.0608668026234,1296.5000000000002,0.0,0
42,AW-NSGA-II,16,299.66666666666663,2146.402664540139,1308.8333333333335,0.0,0
42,AW-NSGA-II,17,300.33333333333337,2189.618201307819,1294.1666666666667,0.0,0
42,AW-NSGA-II,18,295.33333333333337,2255.7459781465227,1296.5000000000002,0.0,0
42,AW-NSGA-II,19,294.0,2203.5277067858574,1305.5,0.0,0
42,AW-NSGA-II,20,366.3333333333333,2355.4368759662657,1288.3333333333335,0.0,1
42,AW-NSGA-II,21,314.66666666666663,2166.5102462149134,1302.5000000000002,0.0,0
42,AW-NSGA-II,22,300.33333333333337,2189.618201307819,1294.1666666666667,0.0,0
42,AW-NSGA-II,23,315.33333333333337,2221.513529008557,1291.0,0.0,0
42,AW-NSGA-II,24,303.0,2173.736646278188,1298.8333333333333,0.0,0
42,NSGA-II-2obj,0,290.0,2189.135438647488,1338.3333333333333,0.0,0
42,NSGA-II-2obj,1,289.66666666666663,2209.0330720304287,1329.5000000000002,0.0,0
42,NSGA-II-2obj,2,289.66666666666663,2209.0330720304287,1329.5000000000002,0.0,0
42,NSGA-II-2obj,3,320.0,2135.962546574805,1335.1666666666665,0.0,1
42,NSGA-II-2obj,4,291.6666666666667,2157.735279793868,1329.3333333333333,0.0,0
42,NSGA-II-2obj,5,320.0,2135.962546574805,1335.1666666666665,0.0,0
42,NSGA-II-2obj,6,285.6666666666667,2220.407421504535,1325.4999999999998,0.0,0
42,NSGA-II-3obj,0,289.33333333333337,2299.1857184255928,1286.5,0.0,0
42,NSGA-II-3obj,1,295.0,2267.8925922200556,1286.5,0.0,0
42,NSGA-II-3obj,2,289.33333333333337,2308.2731610641695,1284.5,0.0,0
42,NSGA-II-3obj,3,289.33333333333337,2299.1857184255928,1286.5,0.0,0
42,NSGA-II-3obj,4,293.3333333333333,2286.7356480970875,1278.5000000000002,0.0,0
42,NSGA-II-3obj,5,293.3333333333333,2289.052642533532,1278.3333333333335,0.0,0
42,NSGA-II-3obj,6,290.6666666666667,2326.8255520773155,1274.3333333333333,0.0,0
42,NSGA-II-3obj,7,293.3333333333333,2286.7356480970875,1278.5000000000002,0.0,0
42,NSGA-II-3obj,8,298.0,2259.856696052797,1282.0,0.0,0
42,NSGA-II-3obj,9,314.33333333333337,2205.032738189552,1296.8333333333333,0.0,0
42,NSGA-II-3obj,10,293.3333333333333,2289.052642533532,1278.3333333333335,0.0,0
42,NSGA-II-3obj,11,313.0,2208.913232284134,1306.5000000000002,0.0,0
42,NSGA-II-3obj,12,295.0,2267.8925922200556,1286.5,0.0,0
42,NSGA-II-3obj,13,290.6666666666667,2271.9191351421246,1280.8333333333333,0.0,0
42,NSGA-II-3obj,14,293.3333333333333,2286.7356480970875,1278.5000000000002,0.0,0
42,NSGA-II-3obj,15,287.66666666666663,2331.7786835347965,1283.5000000000002,0.0,0
42,NSGA-II-3obj,16,314.33333333333337,2205.032738189552,1296.8333333333333,0.0,0
42,NSGA-II-3obj,17,295.0,2267.8925922200556,1286.5,0.0,0
42,NSGA-II-3obj,18,289.33333333333337,2308.2731610641695,1284.5,0.0,0
42,NSGA-II-3obj,19,289.33333333333337,2308.2731610641695,1284.5,0.0,0
42,NSGA-II-3obj,20,308.3333333333333,2189.1131413213793,1312.6666666666667,0.0,0
42,NSGA-II-3obj,21,287.6666666666667,2284.728013122561,1288.1666666666667,0.0,0
42,NSGA-II-3obj,22,298.0,2259.856696052797,1282.0,0.0,0
42,NSGA-II-3obj,23,322.3333333333333,2307.327871833122,1275.3333333333335,0.0,0
42,NSGA-II-3obj,24,293.3333333333333,2289.052642533532,1278.3333333333335,0.0,0
42,NSGA-II-3obj,25,301.3333333333333,2212.7479359878375,1312.6666666666667,0.0,0
42,NSGA-II-3obj,26,293.3333333333333,2289.052642533532,1278.3333333333335,0.0,0
42,NSGA-II-3obj,27,295.0,2267.8925922200556,1286.5,0.0,0
42,NSGA-II-3obj,28,308.3333333333333,2197.6122153954534,1308.5,0.0,0
42,NSGA-II-3obj,29,293.3333333333333,2286.7356480970875,1278.5000000000002,0.0,0
42,NSGA-II-3obj,30,297.0,2264.7258144422776,1285.9999999999998,0.0,0
42,NSGA-II-3obj,31,281.0,2300.1738659460175,1287.0,0.0,0
42,NSGA-II-3obj,32,314.33333333333337,2205.032738189552,1296.8333333333333,0.0,0
42,NSGA-II-3obj,33,290.6666666666667,2326.8255520773155,1274.3333333333333,0.0,0
42,NSGA-II-3obj,34,286.3333333333333,2377.991440966204,1270.8333333333333,0.0,1
42,NSGA-II-3obj,35,289.33333333333337,2308.2731610641695,1284.5,0.0,0
42,NSGA-II-3obj,36,323.66666666666663,2207.946776649078,1289.0,0.0,0
42,NSGA-II-3obj,37,308.3333333333333,2189.1131413213793,1312.6666666666667,0.0,0
42,NSGA-II-3obj,38,299.0,2321.399907356347,1267.6666666666667,0.0,0
42,NSGA-II-3obj,39,293.3333333333333,2286.7356480970875,1278.5000000000002,0.0,0
42,NSGA-II-3obj,40,289.33333333333337,2308.2731610641695,1284.5,0.0,0
42,NSGA-II-3obj,41,308.3333333333333,2190.7792894695276,1310.333333333333,0.0,0
42,NSGA-II-3obj,42,308.3333333333333,2197.6122153954534,1308.5,0.0,0
42,NSGA-II-3obj,43,289.33333333333337,2299.1857184255928,1286.5,0.0,0
42,NSGA-II-3obj,44,290.6666666666667,2218.2550610680505,1292.5,0.0,0
42,NSGA-II-3obj,45,293.3333333333333,2286.7356480970875,1278.5000000000002,0.0,0
42,NSGA-II-3obj,46,314.33333333333337,2205.3659974488114,1296.5000000000002,0.0,0
42,NSGA-II-3obj,47,282.3333333333333,2296.0192739811487,1287.5,0.0,0
42,NSGA-II-3obj,48,301.3333333333333,2212.7479359878375,1312.6666666666667,0.0,0
42,NSGA-II-3obj,49,290.6666666666667,2222.2541721791617,1288.5,0.0,0
42,NSGA-II-3obj,50,295.0,2267.8925922200556,1286.5,0.0,0
42,NSGA-II-3obj,51,270.33333333333337,2236.7797517718586,1291.6666666666667,0.0,0
42,NSGA-II-3obj,52,323.66666666666663,2204.341050236564,1304.3333333333335,0.0,0
42,NSGA-II-3obj,53,289.33333333333337,2337.7784983496117,1282.6666666666667,0.0,0
42,NSGA-II-3obj,54,295.0,2267.8925922200556,1286.5,0.0,0
42,NSGA-III,0,284.66666666666663,2147.057662372048,1284.0,0.0,0
42,NSGA-III,1,362.66666666666663,2212.512877773376,1277.1666666666665,0.0,0
42,NSGA-III,2,362.66666666666663,2212.512877773376,1277.1666666666665,0.0,0
42,NSGA-III,3,284.66666666666663,2147.057662372048,1284.0,0.0,0
42,NSGA-III,4,330.6666666666667,2208.8144776852196,1277.6666666666667,0.0,0
42,NSGA-III,5,275.0,2197.520396291895,1311.0,0.0,0
42,NSGA-III,6,296.3333333333333,2169.1798036993027,1278.3333333333335,0.0,0
42,NSGA-III,7,275.0,2198.731585937813,1303.8333333333333,0.0,0
42,NSGA-III,8,362.66666666666663,2247.3970364269044,1272.3333333333335,0.0,1
42,NSGA-III,9,285.3333333333333,2137.557403112789,1282.8333333333333,0.0,0
42,NSGA-III,10,294.33333333333337,2129.9147179889974,1302.8333333333335,0.0,0
42,NSGA-III,11,333.3333333333333,2224.4085731935875,1274.333333333333,0.0,0
42,NSGA-III,12,285.3333333333333,2140.589117943604,1278.8333333333333,0.0,0
42,NSGA-III,13,328.33333333333337,2272.199720828152,1277.8333333333333,0.0,0
42,NSGA-III,14,275.0,2183.6876555511544,1313.6666666666667,0.0,0
42,NSGA-III,15,279.0,2142.2201456238163,1300.1666666666667,0.0,0
42,NSGA-III,16,275.0,2208.7195838322364,1302.6666666666667,0.0,0
42,NSGA-III,17,278.33333333333337,2181.352172109748,1316.3333333333335,0.0,0
42,MOEA/D,0,278.6666666666667,2070.6785729343437,1284.8333333333335,0.0,0
42,MOEA/D,1,278.6666666666667,2103.677165526936,1278.5000000000002,0.0,0
42,MOEA/D,2,288.0,2050.346795156566,1291.8333333333337,0.0,0
42,MOEA/D,3,288.0,2050.346795156566,1291.8333333333337,0.0,0
42,MOEA/D,4,278.6666666666667,2046.3490173787877,1301.8333333333337,0.0,0
42,MOEA/D,5,278.6666666666667,2051.680721082492,1294.5000000000005,0.0,0
42,MOEA/D,6,278.6666666666667,2051.680721082492,1294.5000000000005,0.0,0
42,MOEA/D,7,278.6666666666667,2051.680721082492,1294.5000000000005,0.0,0
42,MOEA/D,8,288.0,2052.3463507121214,1289.8333333333335,0.0,0
42,MOEA/D,9,280.0,2057.346128489899,1288.8333333333335,0.0,0
42,MOEA/D,10,280.0,2057.346128489899,1288.8333333333335,0.0,1
42,MOEA/D,12,288.0,2050.346795156566,1291.8333333333337,0.0,0
42,MOEA/D,13,278.6666666666667,2070.6785729343437,1284.8333333333335,0.0,0
42,MOEA/D,14,280.0,2057.346128489899,1288.8333333333335,0.0,0
42,MOEA/D,15,288.0,2047.7692641200474,1295.5000000000002,0.0,0
42,MOEA/D,16,288.0,2047.7692641200474,1295.5000000000002,0.0,0
42,MOEA/D,17,278.6666666666667,2051.680721082492,1294.5000000000005,0.0,0
42,MOEA/D,18,278.6666666666667,2051.680721082492,1294.5000000000005,0.0,0
42,MOEA/D,19,288.0,2052.3463507121214,1289.8333333333335,0.0,0
42,MOEA/D,20,288.0,2050.346795156566,1291.8333333333337,0.0,0
42,MOEA/D,21,278.6666666666667,2051.680721082492,1294.5000000000005,0.0,0
42,MOEA/D,22,288.0,2050.346795156566,1291.8333333333337,0.0,0
42,MOEA/D,23,278.6666666666667,2051.680721082492,1294.5000000000005,0.0,0
42,MOEA/D,24,278.6666666666667,2051.680721082492,1294.5000000000005,0.0,0
42,MOEA/D,25,278.6666666666667,2070.6785729343437,1284.8333333333335,0.0,0
42,MOEA/D,26,280.0,2057.346128489899,1288.8333333333335,0.0,0
42,MOEA/D,27,288.0,2047.7692641200474,1295.5000000000002,0.0,0
42,MOEA/D,28,278.6666666666667,2051.680721082492,1294.5000000000005,0.0,0
42,MOEA/D,29,280.0,2057.346128489899,1288.8333333333335,0.0,0
42,MOEA/D,30,288.0,2050.346795156566,1291.8333333333337,0.0,0
42,MOEA/D,31,288.0,2052.3463507121214,1289.8333333333335,0.0,0
42,MOEA/D,32,280.0,2057.346128489899,1288.8333333333335,0.0,0
42,MOEA/D,33,280.0,2055.3465729343434,1290.8333333333333,0.0,0
42,MOEA/D,34,288.0,2050.346795156566,1291.8333333333337,0.0,0
42,MOEA/D,35,288.0,2050.346795156566,1291.8333333333337,0.0,0
42,MOEA/D,36,288.0,2052.3463507121214,1289.8333333333335,0.0,0
42,MOEA/D,37,288.0,2047.7692641200474,1295.5000000000002,0.0,0
42,MOEA/D,38,278.6666666666667,2051.680721082492,1294.5000000000005,0.0,0
42,MOEA/D,39,278.6666666666667,2070.6785729343437,1284.8333333333335,0.0,0
42,MOEA/D,40,280.0,2057.346128489899,1288.8333333333335,0.0,0
42,MOEA/D,41,288.0,2050.346795156566,1291.8333333333337,0.0,0
42,MOEA/D,42,280.0,2057.346128489899,1288.8333333333335,0.0,0
42,MOEA/D,43,288.0,2050.346795156566,1291.8333333333337,0.0,0
42,MOEA/D,44,288.0,2050.346795156566,1291.8333333333337,0.0,0
42,MOEA/D,45,288.0,2047.7692641200474,1295.5000000000002,0.0,0
42,MOEA/D,46,280.0,2057.346128489899,1288.8333333333335,0.0,0
42,MOEA/D,47,288.0,2050.346795156566,1291.8333333333337,0.0,0
42,MOEA/D,48,278.6666666666667,2070.6785729343437,1284.8333333333335,0.0,0
42,MOEA/D,49,288.0,2050.346795156566,1291.8333333333337,0.0,0
42,MOEA/D,50,278.6666666666667,2051.680721082492,1294.5000000000005,0.0,0
42,MOEA/D,51,278.6666666666667,2070.6785729343437,1284.8333333333335,0.0,0
42,MOEA/D,52,280.0,2055.3465729343434,1290.8333333333333,0.0,0
42,MOEA/D,53,280.0,2057.346128489899,1288.8333333333335,0.0,0
42,MOEA/D,54,280.0,2057.346128489899,1288.8333333333335,0.0,0
42,MOEA/D,55,278.6666666666667,2070.6785729343437,1284.8333333333335,0.0,0
42,MOEA/D,56,278.6666666666667,2103.677165526936,1278.5000000000002,0.0,0
42,MOEA/D,57,278.6666666666667,2051.680721082492,1294.5000000000005,0.0,0
42,MOEA/D,58,278.6666666666667,2070.6785729343437,1284.8333333333335,0.0,0
42,MOEA/D,59,278.6666666666667,2051.680721082492,1294.5000000000005,0.0,0
42,MOEA/D,60,288.0,2052.3463507121214,1289.8333333333335,0.0,0
42,MOEA/D,61,288.0,2050.346795156566,1291.8333333333337,0.0,0
42,MOEA/D,62,278.6666666666667,2070.6785729343437,1284.8333333333335,0.0,0
42,MOEA/D,63,278.6666666666667,2103.677165526936,1278.5000000000002,0.0,0
42,MOEA/D,64,288.0,2047.7692641200474,1295.5000000000002,0.0,0
42,MOEA/D,65,288.0,2050.346795156566,1291.8333333333337,0.0,0
42,MOEA/D,66,280.0,2057.346128489899,1288.8333333333335,0.0,0
42,MOEA/D,67,280.0,2057.346128489899,1288.8333333333335,0.0,0
42,MOEA/D,68,280.0,2057.346128489899,1288.8333333333335,0.0,0
42,MOEA/D,69,280.0,2065.679091452862,1287.1666666666667,0.0,0
42,MOEA/D,70,288.0,2050.346795156566,1291.8333333333337,0.0,0
42,MOEA/D,71,278.6666666666667,2103.677165526936,1278.5000000000002,0.0,0
42,MOEA/D,72,278.6666666666667,2070.6785729343437,1284.8333333333335,0.0,0
42,MOEA/D,74,280.0,2057.346128489899,1288.8333333333335,0.0,0
42,MOEA/D,75,288.0,2050.346795156566,1291.8333333333337,0.0,0
42,MOEA/D,76,278.6666666666667,2070.6785729343437,1284.8333333333335,0.0,0
42,MOEA/D,77,278.6666666666667,2070.6785729343437,1284.8333333333335,0.0,0
42,MOEA/D,78,288.0,2052.3463507121214,1289.8333333333335,0.0,0
42,MOEA/D,79,280.0,2057.346128489899,1288.8333333333335,0.0,0
42,MOEA/D,80,280.0,2065.679091452862,1287.1666666666667,0.0,0
42,MOEA/D,81,278.6666666666667,2051.680721082492,1294.5000000000005,0.0,0
42,MOEA/D,82,280.0,2057.346128489899,1288.8333333333335,0.0,0
42,MOEA/D,83,280.0,2065.679091452862,1287.1666666666667,0.0,0
42,MOEA/D,84,278.6666666666667,2051.680721082492,1294.5000000000005,0.0,0
42,MOEA/D,85,288.0,2050.346795156566,1291.8333333333337,0.0,0
42,MOEA/D,86,288.0,2052.3463507121214,1289.8333333333335,0.0,0
42,MOEA/D,87,278.6666666666667,2070.6785729343437,1284.8333333333335,0.0,0
42,MOEA/D,88,278.6666666666667,2070.6785729343437,1284.8333333333335,0.0,0
42,MOEA/D,89,280.0,2057.346128489899,1288.8333333333335,0.0,0
42,MOEA/D,90,280.0,2057.346128489899,1288.8333333333335,0.0,0
42,MOEA/D,91,278.6666666666667,2051.680721082492,1294.5000000000005,0.0,0
42,MOEA/D,92,280.0,2055.3465729343434,1290.8333333333333,0.0,0
42,MOEA/D,93,280.0,2057.346128489899,1288.8333333333335,0.0,0
42,MOEA/D,94,280.0,2057.346128489899,1288.8333333333335,0.0,0
42,MOEA/D,95,278.6666666666667,2051.680721082492,1294.5000000000005,0.0,0
42,MOEA/D,96,278.6666666666667,2046.3490173787877,1301.8333333333337,0.0,0
42,MOEA/D,97,280.0,2057.346128489899,1288.8333333333335,0.0,0
42,MOEA/D,98,280.0,2057.346128489899,1288.8333333333335,0.0,0
42,MOEA/D,99,278.6666666666667,2070.6785729343437,1284.8333333333335,0.0,0
42,GA-SA,0,296.3333333333333,2249.8241053753295,1285.0,0.0,1
42,A*-GA,0,299.0,2358.7261201188317,1377.8333333333335,0.0,1
42,A*-GA,1,299.0,2326.2013118342275,1372.5,0.0,0
42,A*-GA,2,299.0,2326.2013118342275,1372.5,0.0,0
42,A*-GA,3,299.0,2326.2013118342275,1372.5,0.0,0
42,LWC,0,299.0,2335.6536919516147,1320.6666666666667,0.0,0
42,LWC,1,296.3333333333333,2354.6487162467793,1328.8333333333335,0.0,0
42,LWC,2,298.3333333333333,2356.9868771367996,1320.0,0.0,0
42,LWC,3,307.0,2319.548630821366,1326.6666666666665,0.0,0
42,LWC,4,308.0,2280.5825393534933,1324.6666666666665,0.0,0
42,LWC,5,312.6666666666667,2308.464932674806,1304.5,0.0,0
42,LWC,6,312.0,2287.0114523203088,1319.3333333333335,0.0,0
42,LWC,7,301.6666666666667,2382.3046493087086,1314.8333333333335,0.0,0
42,LWC,8,312.6666666666667,2284.090087727214,1311.6666666666667,0.0,0
42,LWC,9,308.33333333333337,2315.521343452944,1319.1666666666665,0.0,0
42,LWC,10,299.0,2335.6536919516147,1320.6666666666667,0.0,0
42,LWC,11,312.0,2227.1545557152485,1320.6666666666667,0.0,0
42,LWC,12,312.0,2207.3258295100586,1329.3333333333333,0.0,0
42,LWC,13,312.0,2281.454176811493,1319.6666666666665,0.0,0
42,LWC,14,308.0,2221.616251590582,1325.6666666666667,0.0,0
42,LWC,15,307.66666666666663,2310.582391205345,1324.0,0.0,0
42,LWC,16,293.66666666666663,2428.657617877541,1338.3333333333333,0.0,0
42,LWC,17,298.3333333333333,2330.916688792923,1327.5,0.0,0
42,LWC,18,308.33333333333337,2315.521343452944,1319.1666666666665,0.0,0
42,LWC,19,308.33333333333337,2315.521343452944,1319.1666666666665,0.0,0
42,LWC,20,325.3333333333333,2288.5994030291763,1306.3333333333333,0.0,0
42,LWC,21,304.33333333333337,2332.7485608071843,1319.3333333333335,0.0,0
42,LWC,22,307.66666666666663,2317.400750237356,1319.1666666666665,0.0,0
42,LWC,23,308.33333333333337,2326.7432422148772,1318.1666666666667,0.0,0
42,LWC,24,296.3333333333333,2354.6487162467793,1328.8333333333335,0.0,0
42,LWC,25,304.33333333333337,2332.7485608071843,1319.3333333333335,0.0,0
42,LWC,26,299.0,2304.6275283032787,1331.5,0.0,0
42,LWC,27,321.66666666666663,2272.790211680212,1316.1666666666667,0.0,0
42,LWC,28,304.33333333333337,2333.6812873404897,1308.5,0.0,1
42,LWC,29,321.66666666666663,2272.790211680212,1316.1666666666667,0.0,0
42,LWC,30,312.6666666666667,2308.464932674806,1304.5,0.0,0
42,LWC,31,298.3333333333333,2336.688396327617,1321.0,0.0,0
42,LWC,32,307.66666666666663,2310.954991626308,1323.3333333333333,0.0,0
42,LWC,33,312.0,2227.1545557152485,1320.6666666666667,0.0,0
42,LWC,34,305.0,2331.960466217699,1311.3333333333333,0.0,0
42,LWC,35,308.33333333333337,2293.43075348013,1322.5000000000002,0.0,0
42,LWC,36,308.0,2221.616251590582,1325.6666666666667,0.0,0
42,LWC,37,325.3333333333333,2288.5994030291763,1306.3333333333333,0.0,0
42,LWC,38,299.0,2280.6534235461745,1338.5,0.0,0
42,LWC,39,296.3333333333333,2362.6475310615942,1323.5000000000002,0.0,0
42,LWC,40,312.0,2309.682291918065,1304.3333333333333,0.0,0
42,LWC,41,304.33333333333337,2333.6812873404897,1308.5,0.0,0
42,LWC,42,306.3333333333333,2327.690396327617,1330.0,0.0,0
42,LWC,43,320.0,2223.840483616584,1323.9999999999998,0.0,0
42,LWC,44,301.6666666666667,2339.5892077387234,1316.8333333333333,0.0,0
43,AW-NSGA-II,0,282.3333333333333,2170.908314741202,1210.8333333333335,0.0,0
43,AW-NSGA-II,1,264.0,2283.813635411697,1218.8333333333333,0.0,0
43,AW-NSGA-II,2,271.0,2192.508864585964,1217.3333333333335,0.0,0
43,AW-NSGA-II,3,261.99999999999994,2140.1713398506377,1220.3333333333335,0.0,0
43,AW-NSGA-II,4,284.3333333333333,2151.576499926387,1217.6666666666663,0.0,0
43,AW-NSGA-II,5,271.0,2192.508864585964,1217.3333333333335,0.0,0
43,AW-NSGA-II,6,261.99999999999994,2140.1713398506377,1220.3333333333335,0.0,0
43,AW-NSGA-II,7,321.66666666666663,2152.7414999263874,1210.1666666666667,0.0,0
43,AW-NSGA-II,8,271.0,2192.508864585964,1217.3333333333335,0.0,0
43,AW-NSGA-II,9,279.0,2126.995775784603,1223.8333333333333,0.0,0
43,AW-NSGA-II,10,308.66666666666663,2173.2097394466637,1209.6666666666665,0.0,0
43,AW-NSGA-II,11,262.6666666666667,2329.5831594269566,1216.8333333333333,0.0,0
43,AW-NSGA-II,12,273.3333333333333,2267.331280156165,1197.4999999999998,0.0,0
43,AW-NSGA-II,13,282.3333333333333,2170.908314741202,1210.8333333333335,0.0,0
43,AW-NSGA-II,14,282.3333333333333,2179.2397962226833,1202.5,0.0,0
43,AW-NSGA-II,15,282.3333333333333,2165.0009663395094,1212.6666666666667,0.0,0
43,AW-NSGA-II,16,269.66666666666663,2206.135034255146,1205.5,0.0,0
43,AW-NSGA-II,17,273.3333333333333,2263.8327616376464,1204.1666666666667,0.0,0
43,AW-NSGA-II,18,273.3333333333333,2263.8327616376464,1204.1666666666667,0.0,0
43,AW-NSGA-II,19,261.99999999999994,2128.9516198435185,1225.6666666666665,0.0,0
43,AW-NSGA-II,20,313.0,2166.369460892944,1193.1666666666665,0.0,0
43,AW-NSGA-II,21,288.0,2285.1043729494413,1185.3333333333333,0.0,1
43,AW-NSGA-II,22,284.66666666666663,2157.128881396582,1212.666666666667,0.0,0
43,AW-NSGA-II,23,268.3333333333333,2298.181104298793,1215.0,0.0,0
43,NSGA-II-2obj,0,278.33333333333337,2138.702992285669,1245.8333333333333,0.0,1
43,NSGA-II-2obj,1,271.33333333333337,2283.2802052562843,1238.4999999999998,0.0,0
43,NSGA-II-2obj,2,271.3333333333333,2367.399765418851,1247.6666666666665,0.0,0
43,NSGA-II-2obj,3,275.3333333333333,2147.636189292234,1244.6666666666667,0.0,0
43,NSGA-II-3obj,0,277.0,2227.228347768651,1237.1666666666667,0.0,0
43,NSGA-II-3obj,1,273.0,2274.3899542886693,1247.8333333333335,0.0,1
43,NSGA-II-3obj,2,309.0,2204.822695980766,1208.166666666667,0.0,0
43,NSGA-II-3obj,3,288.3333333333333,2316.698251859645,1202.666666666667,0.0,0
43,NSGA-II-3obj,4,309.0,2204.822695980766,1208.166666666667,0.0,0
43,NSGA-II-3obj,5,288.3333333333333,2318.810811184787,1202.6666666666667,0.0,0
43,NSGA-II-3obj,6,288.3333333333333,2318.810811184787,1202.6666666666667,0.0,0
43,NSGA-II-3obj,7,288.3333333333333,2326.0618948442593,1202.0000000000002,0.0,0
43,NSGA-II-3obj,8,288.3333333333333,2316.698251859645,1202.666666666667,0.0,0
43,NSGA-II-3obj,9,288.3333333333333,2318.810811184787,1202.6666666666667,0.0,0
43,NSGA-II-3obj,10,309.0,2204.822695980766,1208.166666666667,0.0,0
43,NSGA-II-3obj,11,275.0,2353.228863886505,1223.3333333333335,0.0,0
43,NSGA-II-3obj,12,277.0,2209.8961625834663,1242.3333333333335,0.0,0
43,NSGA-II-3obj,13,288.3333333333333,2410.1378178382774,1200.5,0.0,0
43,NSGA-II-3obj,14,275.6666666666667,2272.9202664800287,1238.1666666666665,0.0,0
43,NSGA-II-3obj,15,277.0,2209.8961625834663,1242.3333333333335,0.0,0
43,NSGA-II-3obj,16,275.6666666666667,2272.9202664800287,1238.1666666666665,0.0,0
43,NSGA-II-3obj,17,275.0,2353.228863886505,1223.3333333333335,0.0,0
43,NSGA-II-3obj,18,275.0,2353.228863886505,1223.3333333333335,0.0,0
43,NSGA-II-3obj,19,277.0,2209.8961625834663,1242.3333333333335,0.0,0
43,NSGA-II-3obj,20,297.0,2305.2666378143713,1202.1666666666667,0.0,0
43,NSGA-II-3obj,21,288.3333333333333,2410.1378178382774,1200.5,0.0,0
43,NSGA-II-3obj,22,288.3333333333333,2318.810811184787,1202.6666666666667,0.0,0
43,NSGA-II-3obj,23,277.0,2209.8961625834663,1242.3333333333335,0.0,0
43,NSGA-II-3obj,24,288.3333333333333,2326.0618948442593,1202.0000000000002,0.0,0
43,NSGA-II-3obj,25,288.3333333333333,2318.810811184787,1202.6666666666667,0.0,0
43,NSGA-II-3obj,26,280.6666666666667,2304.425748020592,1203.5000000000002,0.0,0
43,NSGA-II-3obj,27,277.0,2227.228347768651,1237.1666666666667,0.0,0
43,NSGA-II-3obj,28,288.3333333333333,2316.698251859645,1202.666666666667,0.0,0
43,NSGA-II-3obj,29,273.0,2275.8348475900943,1247.1666666666665,0.0,0
43,NSGA-II-3obj,30,271.0,2287.0277874656135,1233.0,0.0,0
43,NSGA-II-3obj,31,315.6666666666667,2185.3213626474326,1202.1666666666665,0.0,0
43,NSGA-II-3obj,32,276.33333333333337,2348.2825754188393,1218.166666666667,0.0,0
43,NSGA-II-3obj,33,271.6666666666667,2312.500168367248,1228.0000000000002,0.0,0
43,NSGA-II-3obj,34,272.33333333333337,2286.6981878680235,1245.166666666667,0.0,0
43,NSGA-II-3obj,35,288.3333333333333,2318.810811184787,1202.6666666666667,0.0,0
43,NSGA-II-3obj,36,295.6666666666667,2381.1024901259743,1199.8333333333335,0.0,0
43,NSGA-II-3obj,37,272.33333333333337,2286.6981878680235,1245.166666666667,0.0,0
43,NSGA-II-3obj,38,288.3333333333333,2318.810811184787,1202.6666666666667,0.0,0
43,NSGA-II-3obj,39,275.0,2280.697966812523,1223.5000000000002,0.0,0
43,NSGA-II-3obj,40,280.6666666666667,2299.032413333762,1204.5000000000002,0.0,0
43,NSGA-II-3obj,41,276.33333333333337,2348.2825754188393,1218.166666666667,0.0,0
43,NSGA-II-3obj,42,278.33333333333337,2177.662467105054,1210.8333333333337,0.0,0
43,NSGA-II-3obj,43,309.0,2204.822695980766,1208.166666666667,0.0,0
43,NSGA-III,0,284.3333333333333,2306.1804112746186,1193.8333333333335,0.0,0
43,NSGA-III,1,291.0,2204.667643163334,1217.5,0.0,0
43,NSGA-III,2,291.0,2204.667643163334,1217.5,0.0,0
43,NSGA-III,3,255.0,2208.879223029134,1198.8333333333333,0.0,0
43,NSGA-III,4,287.6666666666667,2200.555637879456,1231.8333333333333,0.0,0
43,NSGA-III,5,290.33333333333337,2293.928249624607,1193.666666666667,0.0,0
43,NSGA-III,6,295.3333333333333,2199.1692357559264,1224.6666666666665,0.0,0
43,NSGA-III,7,278.3333333333333,2206.770283325575,1225.1666666666667,0.0,0
43,NSGA-III,8,291.0,2204.667643163334,1217.5,0.0,0
43,NSGA-III,9,277.6666666666667,2314.7083731651674,1191.8333333333337,0.0,1
43,MOEA/D,0,255.66666666666669,2144.0415200822817,1204.333333333333,0.0,0
43,MOEA/D,1,253.33333333333334,2161.040408971171,1199.3333333333335,0.0,0
43,MOEA/D,2,269.6666666666667,2104.6366228385386,1222.0,0.0,0
43,MOEA/D,3,269.6666666666667,2104.6366228385386,1222.0,0.0,0
43,MOEA/D,4,258.3333333333333,2132.0415200822817,1204.3333333333333,0.0,0
43,MOEA/D,5,258.3333333333333,2132.0415200822817,1204.3333333333333,0.0,0
43,MOEA/D,6,258.3333333333333,2132.0415200822817,1204.3333333333333,0.0,0
43,MOEA/D,7,258.3333333333333,2132.0415200822817,1204.3333333333333,0.0,0
43,MOEA/D,8,269.6666666666667,2111.210371934134,1214.1666666666665,0.0,0
43,MOEA/D,9,269.6666666666667,2123.541853415615,1205.8333333333333,0.0,0
43,MOEA/D,10,269.6666666666667,2116.96810432002,1213.6666666666665,0.0,0
43,MOEA/D,11,251.66666666666669,2146.041520082282,1204.333333333333,0.0,1
43,MOEA/D,12,269.6666666666667,2104.6366228385386,1222.0,0.0,0
43,MOEA/D,13,258.3333333333333,2137.7836726891715,1201.6666666666665,0.0,0
43,MOEA/D,14,269.6666666666667,2123.541853415615,1205.8333333333333,0.0,0
43,MOEA/D,15,269.6666666666667,2104.6366228385386,1222.0,0.0,0
43,MOEA/D,16,269.6666666666667,2099.6377339496494,1226.9999999999998,0.0,0
43,MOEA/D,17,255.66666666666669,2144.0415200822817,1204.333333333333,0.0,0
43,MOEA/D,18,251.66666666666669,2146.041520082282,1204.333333333333,0.0,0
43,MOEA/D,19,269.6666666666667,2116.96810432002,1213.6666666666665,0.0,0
43,MOEA/D,20,269.6666666666667,2110.2105941563564,1215.1666666666667,0.0,0
43,MOEA/D,21,255.66666666666669,2144.0415200822817,1204.333333333333,0.0,0
43,MOEA/D,22,269.6666666666667,2111.210371934134,1214.1666666666665,0.0,0
43,MOEA/D,23,258.3333333333333,2132.0415200822817,1204.3333333333333,0.0,0
43,MOEA/D,24,251.66666666666669,2146.041520082282,1204.333333333333,0.0,0
43,MOEA/D,25,258.3333333333333,2137.7836726891715,1201.6666666666665,0.0,0
43,MOEA/D,26,269.6666666666667,2123.541853415615,1205.8333333333333,0.0,0
43,MOEA/D,27,269.6666666666667,2099.6377339496494,1226.9999999999998,0.0,0
43,MOEA/D,28,258.3333333333333,2132.0415200822817,1204.3333333333333,0.0,0
43,MOEA/D,29,258.3333333333333,2132.0415200822817,1204.3333333333333,0.0,0
43,MOEA/D,30,269.6666666666667,2104.6366228385386,1222.0,0.0,0
43,MOEA/D,31,269.6666666666667,2111.210371934134,1214.1666666666665,0.0,0
43,MOEA/D,32,269.6666666666667,2123.541853415615,1205.8333333333333,0.0,0
43,MOEA/D,33,269.6666666666667,2116.96810432002,1213.6666666666665,0.0,0
43,MOEA/D,34,269.6666666666667,2104.6366228385386,1222.0,0.0,0
43,MOEA/D,35,269.6666666666667,2104.6366228385386,1222.0,0.0,0
43,MOEA/D,36,269.6666666666667,2110.2105941563564,1215.1666666666667,0.0,0
43,MOEA/D,37,269.6666666666667,2104.6366228385386,1222.0,0.0,0
43,MOEA/D,38,258.3333333333333,2132.0415200822817,1204.3333333333333,0.0,0
43,MOEA/D,39,253.33333333333334,2161.040408971171,1199.3333333333335,0.0,0
43,MOEA/D,40,269.6666666666667,2116.96810432002,1213.6666666666665,0.0,0
43,MOEA/D,41,269.6666666666667,2104.6366228385386,1222.0,0.0,0
43,MOEA/D,42,261.0,2124.2693053992325,1216.3333333333333,0.0,0
43,MOEA/D,43,269.6666666666667,2110.2105941563564,1215.1666666666667,0.0,0
43,MOEA/D,44,269.6666666666667,2104.6366228385386,1222.0,0.0,0
43,MOEA/D,45,269.6666666666667,2099.6377339496494,1226.9999999999998,0.0,0
43,MOEA/D,46,269.6666666666667,2123.541853415615,1205.8333333333333,0.0,0
43,MOEA/D,47,269.6666666666667,2104.6366228385386,1222.0,0.0,0
43,MOEA/D,48,255.66666666666669,2144.0415200822817,1204.333333333333,0.0,0
43,MOEA/D,49,269.6666666666667,2104.6366228385386,1222.0,0.0,0
43,MOEA/D,50,258.3333333333333,2132.0415200822817,1204.3333333333333,0.0,0
43,MOEA/D,51,269.6666666666667,2123.541853415615,1205.8333333333333,0.0,0
43,MOEA/D,52,269.6666666666667,2116.96810432002,1213.6666666666665,0.0,0
43,MOEA/D,53,261.0,2124.2693053992325,1216.3333333333333,0.0,0
43,MOEA/D,54,269.6666666666667,2123.541853415615,1205.8333333333333,0.0,0
43,MOEA/D,55,258.3333333333333,2137.7836726891715,1201.6666666666665,0.0,0
43,MOEA/D,56,253.33333333333334,2161.040408971171,1199.3333333333335,0.0,0
43,MOEA/D,57,258.3333333333333,2132.0415200822817,1204.3333333333333,0.0,0
43,MOEA/D,58,251.66666666666669,2146.041520082282,1204.333333333333,0.0,0
43,MOEA/D,59,258.3333333333333,2132.0415200822817,1204.3333333333333,0.0,0
43,MOEA/D,60,269.6666666666667,2111.210371934134,1214.1666666666665,0.0,0
43,MOEA/D,61,269.6666666666667,2104.6366228385386,1222.0,0.0,0
43,MOEA/D,62,269.6666666666667,2129.284006022505,1203.1666666666665,0.0,0
43,MOEA/D,63,253.33333333333334,2161.040408971171,1199.3333333333335,0.0,0
43,MOEA/D,64,269.6666666666667,2099.6377339496494,1226.9999999999998,0.0,0
43,MOEA/D,65,269.6666666666667,2104.6366228385386,1222.0,0.0,0
43,MOEA/D,66,269.6666666666667,2111.210371934134,1214.1666666666665,0.0,0
43,MOEA/D,67,258.3333333333333,2132.0415200822817,1204.3333333333333,0.0,0
43,MOEA/D,68,258.3333333333333,2132.0415200822817,1204.3333333333333,0.0,0
43,MOEA/D,69,258.3333333333333,2132.0415200822817,1204.3333333333333,0.0,0
43,MOEA/D,70,269.6666666666667,2110.2105941563564,1215.1666666666667,0.0,0
43,MOEA/D,71,253.33333333333334,2166.7825615780603,1196.6666666666667,0.0,0
43,MOEA/D,72,258.3333333333333,2137.7836726891715,1201.6666666666665,0.0,0
43,MOEA/D,74,269.6666666666667,2123.541853415615,1205.8333333333333,0.0,0
43,MOEA/D,75,269.6666666666667,2104.6366228385386,1222.0,0.0,0
43,MOEA/D,76,251.66666666666669,2146.041520082282,1204.333333333333,0.0,0
43,MOEA/D,77,253.33333333333334,2191.8727793415414,1195.0,0.0,0
43,MOEA/D,78,269.6666666666667,2110.2105941563564,1215.1666666666667,0.0,0
43,MOEA/D,79,269.6666666666667,2123.541853415615,1205.8333333333333,0.0,0
43,MOEA/D,80,269.6666666666667,2129.284006022505,1203.1666666666665,0.0,0
43,MOEA/D,81,255.66666666666669,2144.0415200822817,1204.333333333333,0.0,0
43,MOEA/D,82,269.6666666666667,2111.210371934134,1214.1666666666665,0.0,0
43,MOEA/D,83,269.6666666666667,2129.284006022505,1203.1666666666665,0.0,0
43,MOEA/D,84,258.3333333333333,2132.0415200822817,1204.3333333333333,0.0,0
43,MOEA/D,85,269.6666666666667,2110.2105941563564,1215.1666666666667,0.0,0
43,MOEA/D,86,269.6666666666667,2110.2105941563564,1215.1666666666667,0.0,0
43,MOEA/D,87,269.6666666666667,2129.284006022505,1203.1666666666665,0.0,0
43,MOEA/D,88,258.3333333333333,2137.7836726891715,1201.6666666666665,0.0,0
43,MOEA/D,89,269.6666666666667,2116.96810432002,1213.6666666666665,0.0,0
43,MOEA/D,90,269.6666666666667,2116.96810432002,1213.6666666666665,0.0,0
43,MOEA/D,91,269.6666666666667,2116.96810432002,1213.6666666666665,0.0,0
43,MOEA/D,92,269.6666666666667,2111.210371934134,1214.1666666666665,0.0,0
43,MOEA/D,93,258.3333333333333,2132.0415200822817,1204.3333333333333,0.0,0
43,MOEA/D,94,269.6666666666667,2123.541853415615,1205.8333333333333,0.0,0
43,MOEA/D,95,258.3333333333333,2132.0415200822817,1204.3333333333333,0.0,0
43,MOEA/D,96,269.6666666666667,2104.6366228385386,1222.0,0.0,0
43,MOEA/D,97,269.6666666666667,2123.541853415615,1205.8333333333333,0.0,0
43,MOEA/D,98,258.3333333333333,2132.0415200822817,1204.3333333333333,0.0,0
43,MOEA/D,99,251.66666666666669,2146.041520082282,1204.333333333333,0.0,0
43,GA-SA,0,277.33333333333337,2233.1495689371445,1198.1666666666667,0.0,1
43,A*-GA,0,276.33333333333337,2301.982920167115,1273.6666666666667,0.0,1
43,LWC,0,275.0,2188.2296830444584,1231.5000000000002,0.0,0
43,LWC,1,278.0,2181.4337817813434,1248.1666666666665,0.0,0
43,LWC,2,274.3333333333333,2255.6881756026132,1246.8333333333337,0.0,0
43,LWC,3,275.0,2220.509982441269,1227.0000000000002,0.0,0
43,LWC,4,275.0,2239.2495156265836,1215.6666666666665,0.0,0
43,LWC,5,265.6666666666667,2291.637108553585,1221.0,0.0,0
43,LWC,6,274.3333333333333,2255.6881756026132,1246.8333333333337,0.0,0
43,LWC,7,283.6666666666667,2141.7052000204576,1228.5000000000002,0.0,0
43,LWC,8,275.0,2220.509982441269,1227.0000000000002,0.0,0
43,LWC,9,297.3333333333333,2217.975633802625,1224.3333333333335,0.0,0
43,LWC,10,275.0,2233.3134903439977,1216.5,0.0,1
43,LWC,11,274.3333333333333,2255.6881756026132,1246.8333333333337,0.0,0
43,LWC,12,280.3333333333333,2257.1171915948735,1203.0,0.0,0
43,LWC,13,274.3333333333333,2255.6881756026132,1246.8333333333337,0.0,0
43,LWC,14,265.6666666666667,2295.9696270721033,1217.3333333333333,0.0,0
43,LWC,15,274.3333333333333,2255.6881756026132,1246.8333333333337,0.0,0
43,LWC,16,278.0,2179.462923504857,1249.1666666666665,0.0,0
43,LWC,17,271.0,2294.0301825286288,1210.1666666666667,0.0,0
43,LWC,18,275.0,2220.509982441269,1227.0000000000002,0.0,0
43,LWC,19,275.0,2233.3134903439977,1216.5,0.0,0
43,LWC,20,278.0,2181.4337817813434,1248.1666666666665,0.0,0
43,LWC,21,267.33333333333337,2292.855073429245,1219.5,0.0,0
43,LWC,22,278.0,2181.4337817813434,1248.1666666666665,0.0,0
43,LWC,23,297.3333333333333,2233.0580412100326,1220.1666666666667,0.0,0
43,LWC,24,278.0,2179.1009669665286,1250.5,0.0,0
43,LWC,25,275.0,2250.119656055018,1205.5000000000002,0.0,0
43,LWC,26,275.0,2220.509982441269,1227.0000000000002,0.0,0
43,LWC,27,273.0,2261.0203237507612,1241.5000000000002,0.0,0
43,LWC,28,265.6666666666667,2288.804775220252,1225.5,0.0,0
43,LWC,29,297.3333333333333,2217.975633802625,1224.3333333333335,0.0,0
44,AW-NSGA-II,0,317.0,2394.2884151223125,1316.5,0.0,0
44,AW-NSGA-II,1,317.0,2416.6214521593497,1315.166666666667,0.0,0
44,AW-NSGA-II,2,317.0,2416.6214521593497,1315.166666666667,0.0,0
44,AW-NSGA-II,3,317.0,2416.6214521593497,1315.166666666667,0.0,0
44,AW-NSGA-II,4,294.0,2479.0005268201594,1327.3333333333337,0.0,0
44,AW-NSGA-II,5,317.0,2421.7038154027646,1306.5000000000002,0.0,0
44,AW-NSGA-II,6,301.33333333333337,2479.954384403931,1301.3333333333335,0.0,0
44,AW-NSGA-II,7,297.0,2411.704220646611,1324.166666666667,0.0,0
44,AW-NSGA-II,8,301.33333333333337,2417.399155073152,1323.8333333333333,0.0,0
44,AW-NSGA-II,9,333.3333333333333,2432.1914325823655,1306.5,0.0,0
44,AW-NSGA-II,10,301.33333333333337,2447.1561006275188,1315.3333333333335,0.0,0
44,AW-NSGA-II,11,333.3333333333333,2432.1914325823655,1306.5,0.0,0
44,AW-NSGA-II,12,320.0,2405.608076966761,1311.0000000000002,0.0,0
44,AW-NSGA-II,13,330.6666666666667,2364.175200780924,1330.1666666666667,0.0,0
44,AW-NSGA-II,14,294.0,2511.5167793077053,1327.166666666667,0.0,0
44,AW-NSGA-II,15,297.0,2389.1242299371274,1327.6666666666667,0.0,0
44,AW-NSGA-II,16,303.6666666666667,2396.6232299371272,1323.1666666666667,0.0,0
44,AW-NSGA-II,17,303.6666666666667,2396.6232299371272,1323.1666666666667,0.0,0
44,AW-NSGA-II,18,301.0,2437.1234151223125,1324.0000000000002,0.0,0
44,AW-NSGA-II,19,302.0,2435.987394911852,1321.3333333333335,0.0,0
44,AW-NSGA-II,20,317.0,2387.090188019216,1327.1666666666667,0.0,0
44,AW-NSGA-II,21,333.3333333333333,2432.1914325823655,1306.5,0.0,0
44,AW-NSGA-II,22,293.6666666666667,2470.4099145991263,1334.3333333333335,0.0,0
44,AW-NSGA-II,23,297.0,2473.766165409394,1309.6666666666667,0.0,0
44,AW-NSGA-II,24,317.0,2416.6214521593497,1315.166666666667,0.0,0
44,AW-NSGA-II,25,317.0,2394.2884151223125,1316.5,0.0,0
44,AW-NSGA-II,26,301.33333333333337,2449.5630439620413,1311.3333333333335,0.0,0
44,AW-NSGA-II,27,297.33333333333337,2328.0711405816055,1347.5,0.0,0
44,AW-NSGA-II,28,317.0,2394.2884151223125,1316.5,0.0,0
44,AW-NSGA-II,29,317.0,2387.090188019216,1327.1666666666667,0.0,0
44,AW-NSGA-II,30,303.0,2290.0592723806,1366.8333333333333,0.0,1
44,AW-NSGA-II,31,297.0,2370.9875622589966,1332.5000000000002,0.0,0
44,AW-NSGA-II,32,333.3333333333333,2432.1914325823655,1306.5,0.0,0
44,AW-NSGA-II,33,317.0,2394.2884151223125,1316.5,0.0,0
44,AW-NSGA-II,34,306.33333333333337,2419.5601476818315,1319.8333333333337,0.0,0
44,AW-NSGA-II,35,302.0,2326.1012176902277,1356.1666666666667,0.0,0
44,AW-NSGA-II,36,303.0,2310.305346454674,1349.1666666666665,0.0,0
44,AW-NSGA-II,37,283.0,2328.4149455312336,1334.8333333333335,0.0,0
44,AW-NSGA-II,38,303.0,2316.59533368066,1342.5,0.0,0
44,AW-NSGA-II,39,317.0,2416.6214521593497,1315.166666666667,0.0,0
44,NSGA-II-2obj,0,311.0,2294.2710547025345,1371.0,0.0,0
44,NSGA-II-2obj,1,303.0,2370.873181470468,1370.166666666667,0.0,0
44,NSGA-II-2obj,2,296.0,2415.472011530637,1355.1666666666667,0.0,0
44,NSGA-II-2obj,3,302.3333333333333,2409.2787410778988,1370.5,0.0,1
44,NSGA-II-2obj,4,308.33333333333337,2331.6599974502233,1357.3333333333335,0.0,0
44,NSGA-II-2obj,5,306.0,2347.3776999889865,1390.5,0.0,0
44,NSGA-II-3obj,0,293.3333333333333,2584.849969307801,1338.1666666666665,0.0,0
44,NSGA-II-3obj,1,290.3333333333333,2598.3393729473955,1350.0,0.0,0
44,NSGA-II-3obj,2,292.3333333333333,2567.416300521277,1339.3333333333335,0.0,0
44,NSGA-II-3obj,3,290.3333333333333,2598.3393729473955,1350.0,0.0,0
44,NSGA-II-3obj,4,293.3333333333333,2555.917605709145,1340.8333333333333,0.0,0
44,NSGA-II-3obj,5,299.6666666666667,2356.0731233161096,1341.6666666666667,0.0,0
44,NSGA-II-3obj,6,293.3333333333333,2584.849969307801,1338.1666666666665,0.0,0
44,NSGA-II-3obj,7,292.0,2433.839877785699,1352.6666666666665,0.0,0
44,NSGA-II-3obj,8,313.33333333333337,2403.6717743908116,1303.0,0.0,0
44,NSGA-II-3obj,9,290.3333333333333,2598.3393729473955,1350.0,0.0,0
44,NSGA-II-3obj,10,289.0,2538.410716746624,1366.6666666666667,0.0,1
44,NSGA-II-3obj,11,294.66666666666663,2381.79548718467,1320.6666666666667,0.0,0
44,NSGA-II-3obj,12,292.0,2433.839877785699,1352.6666666666665,0.0,0
44,NSGA-II-3obj,13,290.3333333333333,2598.3393729473955,1350.0,0.0,0
44,NSGA-II-3obj,14,310.0,2376.84129290933,1315.8333333333335,0.0,0
44,NSGA-II-3obj,15,289.0,2546.5763858272794,1360.6666666666665,0.0,0
44,NSGA-II-3obj,16,294.33333333333337,2423.556479407595,1315.0000000000002,0.0,0
44,NSGA-II-3obj,17,313.33333333333337,2372.369258086855,1325.6666666666667,0.0,0
44,NSGA-II-3obj,18,295.33333333333337,2385.79548718467,1320.6666666666665,0.0,0
44,NSGA-II-3obj,19,289.0,2538.410716746624,1366.6666666666667,0.0,0
44,NSGA-II-3obj,20,310.0,2422.6734040204415,1310.3333333333333,0.0,0
44,NSGA-II-3obj,21,313.33333333333337,2372.369258086855,1325.6666666666667,0.0,0
44,NSGA-II-3obj,22,295.33333333333337,2375.731317862882,1320.6666666666667,0.0,0
44,NSGA-II-3obj,23,299.6666666666667,2356.0731233161096,1341.6666666666667,0.0,0
44,NSGA-II-3obj,24,289.0,2538.410716746624,1366.6666666666667,0.0,0
44,NSGA-II-3obj,25,299.6666666666667,2336.316072045204,1350.0,0.0,0
44,NSGA-II-3obj,26,299.0,2371.8731168643712,1348.8333333333335,0.0,0
44,NSGA-II-3obj,27,290.3333333333333,2598.3393729473955,1350.0,0.0,0
44,NSGA-II-3obj,28,289.0,2546.5763858272794,1360.6666666666665,0.0,0
44,NSGA-II-3obj,29,299.3333333333333,2413.8865791312687,1319.0000000000002,0.0,0
44,NSGA-III,0,303.3333333333333,2467.48641902589,1339.1666666666667,0.0,0
44,NSGA-III,1,301.33333333333337,2490.8180948820604,1344.166666666667,0.0,0
44,NSGA-III,2,308.0,2434.3219375444087,1349.0,0.0,0
44,NSGA-III,3,315.33333333333326,2405.577937796588,1351.8333333333333,0.0,0
44,NSGA-III,4,301.66666666666663,2408.336657900375,1363.4999999999998,0.0,0
44,NSGA-III,5,308.0,2427.2961684204697,1350.0,0.0,0
44,NSGA-III,6,301.33333333333337,2443.259030137233,1346.8333333333333,0.0,0
44,NSGA-III,7,315.33333333333326,2379.828690093964,1358.3333333333333,0.0,0
44,NSGA-III,8,308.0,2434.3219375444087,1349.0,0.0,0
44,NSGA-III,9,304.33333333333337,2401.504176418894,1367.3333333333333,0.0,0
44,NSGA-III,10,301.33333333333337,2490.8180948820604,1344.166666666667,0.0,0
44,NSGA-III,11,308.0,2421.7067275147983,1356.5,0.0,0
44,NSGA-III,12,295.66666666666663,2432.110125462496,1354.8333333333333,0.0,0
44,NSGA-III,13,299.99999999999994,2408.5492531802333,1358.5,0.0,0
44,NSGA-III,14,315.33333333333326,2405.577937796588,1351.8333333333333,0.0,0
44,NSGA-III,15,303.3333333333333,2467.801290946637,1335.666666666667,0.0,0
44,NSGA-III,16,308.0,2434.3219375444087,1349.0,0.0,0
44,NSGA-III,17,301.33333333333337,2440.237924543588,1354.1666666666667,0.0,0
44,NSGA-III,18,306.0,2442.7645446577926,1351.6666666666665,0.0,0
44,NSGA-III,19,315.33333333333326,2405.577937796588,1351.8333333333333,0.0,0
44,NSGA-III,20,312.33333333333337,2372.7127014445055,1362.6666666666667,0.0,0
44,NSGA-III,21,319.3333333333333,2416.925178285381,1344.5,0.0,0
44,NSGA-III,22,303.3333333333333,2452.9868634703344,1341.1666666666667,0.0,0
44,NSGA-III,23,313.6666666666667,2326.6380147348113,1370.8333333333333,0.0,0
44,NSGA-III,24,315.33333333333326,2405.577937796588,1351.8333333333333,0.0,0
44,NSGA-III,25,301.33333333333337,2447.052672873643,1345.0,0.0,0
44,NSGA-III,26,307.0,2452.0819980736833,1342.6666666666667,0.0,0
44,NSGA-III,27,295.66666666666663,2432.110125462496,1354.8333333333333,0.0,0
44,NSGA-III,28,295.66666666666663,2467.714486632763,1354.6666666666667,0.0,0
44,NSGA-III,29,315.33333333333326,2404.57816001881,1352.8333333333333,0.0,0
44,NSGA-III,30,331.0,2441.4034305825253,1343.8333333333335,0.0,0
44,NSGA-III,31,301.66666666666663,2408.336657900375,1363.4999999999998,0.0,0
44,NSGA-III,32,308.6666666666667,2400.9021358054906,1378.0000000000002,0.0,0
44,NSGA-III,33,313.6666666666667,2326.6380147348113,1370.8333333333333,0.0,0
44,NSGA-III,34,308.6666666666667,2400.9021358054906,1378.0000000000002,0.0,0
44,NSGA-III,35,332.3333333333333,2443.209322827441,1341.5000000000002,0.0,0
44,NSGA-III,36,376.6666666666667,2694.262434652415,1326.3333333333333,0.0,1
44,NSGA-III,37,308.0,2444.9874560629273,1343.8333333333335,0.0,0
44,NSGA-III,38,315.33333333333326,2405.577937796588,1351.8333333333333,0.0,0
44,NSGA-III,39,321.6666666666667,2334.7485221939564,1366.8333333333333,0.0,0
44,NSGA-III,40,311.0,2339.72342450935,1370.8333333333333,0.0,0
44,NSGA-III,41,304.33333333333337,2401.504176418894,1367.3333333333333,0.0,0
44,NSGA-III,42,315.33333333333326,2380.2543843868,1352.8333333333335,0.0,0
44,NSGA-III,43,312.0,2480.7516321389066,1328.4999999999998,0.0,0
44,MOEA/D,0,277.6666666666667,2154.9395272038064,1308.5,0.0,0
44,MOEA/D,1,277.6666666666667,2154.9395272038064,1308.5,0.0,0
44,MOEA/D,2,312.33333333333337,2123.510955886584,1333.6666666666667,0.0,0
44,MOEA/D,3,312.33333333333337,2123.510955886584,1333.6666666666667,0.0,0
44,MOEA/D,5,283.3333333333333,2130.4763273409762,1336.4999999999998,0.0,0
44,MOEA/D,6,283.3333333333333,2130.4763273409762,1336.4999999999998,0.0,0
44,MOEA/D,7,277.6666666666667,2143.4402679445475,1311.8333333333335,0.0,1
44,MOEA/D,9,277.6666666666667,2143.4402679445475,1311.8333333333335,0.0,0
44,MOEA/D,11,277.6666666666667,2143.4402679445475,1311.8333333333335,0.0,0
44,MOEA/D,12,298.6666666666667,2118.316954392757,1343.3333333333335,0.0,0
44,MOEA/D,13,277.6666666666667,2154.9395272038064,1308.5,0.0,0
44,MOEA/D,14,277.6666666666667,2143.4402679445475,1311.8333333333335,0.0,0
44,MOEA/D,15,298.6666666666667,2118.316954392757,1343.3333333333335,0.0,0
44,MOEA/D,16,298.6666666666667,2118.316954392757,1343.3333333333335,0.0,0
44,MOEA/D,17,277.6666666666667,2143.4402679445475,1311.8333333333335,0.0,0
44,MOEA/D,18,277.6666666666667,2143.4402679445475,1311.8333333333335,0.0,0
44,MOEA/D,20,312.33333333333337,2130.5094003310282,1326.6666666666667,0.0,0
44,MOEA/D,21,277.6666666666667,2143.4402679445475,1311.8333333333335,0.0,0
44,MOEA/D,22,312.33333333333337,2130.5094003310282,1326.6666666666667,0.0,0
44,MOEA/D,23,282.6666666666667,2136.108564240844,1319.1666666666667,0.0,0
44,MOEA/D,24,277.6666666666667,2143.4402679445475,1311.8333333333335,0.0,0
44,MOEA/D,25,277.6666666666667,2154.9395272038064,1308.5,0.0,0
44,MOEA/D,27,298.6666666666667,2118.316954392757,1343.3333333333335,0.0,0
44,MOEA/D,29,277.6666666666667,2143.4402679445475,1311.8333333333335,0.0,0
44,MOEA/D,30,298.6666666666667,2118.316954392757,1343.3333333333335,0.0,0
44,MOEA/D,32,277.6666666666667,2143.4402679445475,1311.8333333333335,0.0,0
44,MOEA/D,34,298.6666666666667,2118.316954392757,1343.3333333333335,0.0,0
44,MOEA/D,35,312.33333333333337,2127.0316659772943,1332.6666666666667,0.0,0
44,MOEA/D,36,312.33333333333337,2130.5094003310282,1326.6666666666667,0.0,0
44,MOEA/D,37,298.6666666666667,2118.316954392757,1343.3333333333335,0.0,0
44,MOEA/D,39,277.6666666666667,2177.104934611214,1302.8333333333335,0.0,0
44,MOEA/D,41,298.6666666666667,2118.316954392757,1343.3333333333335,0.0,0
44,MOEA/D,43,312.33333333333337,2130.5094003310282,1326.6666666666667,0.0,0
44,MOEA/D,44,312.33333333333337,2123.510955886584,1333.6666666666667,0.0,0
44,MOEA/D,45,298.6666666666667,2118.316954392757,1343.3333333333335,0.0,0
44,MOEA/D,46,277.6666666666667,2143.4402679445475,1311.8333333333335,0.0,0
44,MOEA/D,47,298.6666666666667,2118.316954392757,1343.3333333333335,0.0,0
44,MOEA/D,48,277.6666666666667,2154.9395272038064,1308.5,0.0,0
44,MOEA/D,49,312.33333333333337,2123.510955886584,1333.6666666666667,0.0,0
44,MOEA/D,51,277.6666666666667,2143.4402679445475,1311.8333333333335,0.0,0
44,MOEA/D,54,277.6666666666667,2143.4402679445475,1311.8333333333335,0.0,0
44,MOEA/D,55,277.6666666666667,2154.9395272038064,1308.5,0.0,0
44,MOEA/D,56,277.6666666666667,2154.9395272038064,1308.5,0.0,0
44,MOEA/D,57,277.6666666666667,2143.4402679445475,1311.8333333333335,0.0,0
44,MOEA/D,58,277.6666666666667,2154.9395272038064,1308.5,0.0,0
44,MOEA/D,60,312.33333333333337,2130.5094003310282,1326.6666666666667,0.0,0
44,MOEA/D,61,312.33333333333337,2127.0316659772943,1332.6666666666667,0.0,0
44,MOEA/D,62,277.6666666666667,2143.4402679445475,1311.8333333333335,0.0,0
44,MOEA/D,64,312.33333333333337,2120.03322153285,1339.666666666667,0.0,0
44,MOEA/D,65,312.33333333333337,2127.0316659772943,1332.6666666666667,0.0,0
44,MOEA/D,67,277.6666666666667,2143.4402679445475,1311.8333333333335,0.0,0
44,MOEA/D,68,277.6666666666667,2143.4402679445475,1311.8333333333335,0.0,0
44,MOEA/D,69,277.6666666666667,2143.4402679445475,1311.8333333333335,0.0,0
44,MOEA/D,70,312.33333333333337,2130.5094003310282,1326.6666666666667,0.0,0
44,MOEA/D,71,277.6666666666667,2177.104934611214,1302.8333333333335,0.0,0
44,MOEA/D,72,277.6666666666667,2154.9395272038064,1308.5,0.0,0
44,MOEA/D,73,299.6666666666667,2198.438156833436,1302.3333333333335,0.0,0
44,MOEA/D,74,277.6666666666667,2143.4402679445475,1311.8333333333335,0.0,0
44,MOEA/D,75,298.6666666666667,2118.316954392757,1343.3333333333335,0.0,0
44,MOEA/D,76,277.6666666666667,2154.9395272038064,1308.5,0.0,0
44,MOEA/D,77,277.6666666666667,2154.9395272038064,1308.5,0.0,0
44,MOEA/D,78,312.33333333333337,2130.5094003310282,1326.6666666666667,0.0,0
44,MOEA/D,79,277.6666666666667,2143.4402679445475,1311.8333333333335,0.0,0
44,MOEA/D,80,277.6666666666667,2154.9395272038064,1308.5,0.0,0
44,MOEA/D,81,277.6666666666667,2143.4402679445475,1311.8333333333335,0.0,0
44,MOEA/D,83,277.6666666666667,2154.9395272038064,1308.5,0.0,0
44,MOEA/D,84,282.6666666666667,2136.108564240844,1319.1666666666667,0.0,0
44,MOEA/D,85,312.33333333333337,2130.5094003310282,1326.6666666666667,0.0,0
44,MOEA/D,86,312.33333333333337,2130.5094003310282,1326.6666666666667,0.0,0
44,MOEA/D,87,277.6666666666667,2143.4402679445475,1311.8333333333335,0.0,0
44,MOEA/D,88,277.6666666666667,2154.9395272038064,1308.5,0.0,0
44,MOEA/D,94,277.6666666666667,2143.4402679445475,1311.8333333333335,0.0,0
44,MOEA/D,96,283.3333333333333,2130.4763273409762,1336.4999999999998,0.0,0
44,MOEA/D,97,277.6666666666667,2143.4402679445475,1311.8333333333335,0.0,0
44,MOEA/D,99,277.6666666666667,2143.4402679445475,1311.8333333333335,0.0,0
44,GA-SA,0,288.0,2339.435882966668,1295.8333333333333,0.0,1
44,A*-GA,0,303.6666666666667,2394.7356060686498,1403.8333333333333,0.0,1
44,A*-GA,1,303.6666666666667,2399.538367352761,1412.166666666667,0.0,0
44,A*-GA,2,303.6666666666667,2394.733791253835,1395.6666666666667,0.0,0
44,A*-GA,3,303.6666666666667,2371.902791253835,1406.1666666666667,0.0,0
44,A*-GA,4,303.6666666666667,2452.322272434559,1406.1666666666667,0.0,0
44,A*-GA,5,303.6666666666667,2396.9016801427238,1401.1666666666667,0.0,0
44,A*-GA,6,303.6666666666667,2512.822069657407,1396.6666666666665,0.0,0
44,A*-GA,7,303.6666666666667,2489.750988627717,1392.3333333333335,0.0,0
44,A*-GA,8,303.6666666666667,2371.902791253835,1406.1666666666667,0.0,0
44,A*-GA,9,303.6666666666667,2480.9188635489577,1400.333333333333,0.0,0
44,LWC,0,313.33333333333337,2257.812351349826,1353.3333333333333,0.0,0
44,LWC,1,295.0,2391.4207152540794,1331.8333333333333,0.0,0
44,LWC,2,311.6666666666667,2336.2900122569813,1317.6666666666665,0.0,0
44,LWC,3,289.3333333333333,2569.1570154265473,1364.5000000000002,0.0,0
44,LWC,4,308.6666666666667,2260.574243987358,1333.0,0.0,0
44,LWC,5,289.3333333333333,2569.4078569940443,1356.8333333333335,0.0,0
44,LWC,6,313.33333333333337,2255.526003699089,1361.1666666666665,0.0,0
44,LWC,7,290.0,2439.371172235199,1333.8333333333333,0.0,0
44,LWC,8,313.33333333333337,2235.3158698683446,1369.1666666666665,0.0,0
44,LWC,9,295.0,2391.4207152540794,1331.8333333333333,0.0,0
44,LWC,10,318.0,2247.69772960103,1360.6666666666665,0.0,0
44,LWC,11,289.3333333333333,2569.1570154265473,1364.5000000000002,0.0,0
44,LWC,12,364.33333333333337,2586.901494380897,1304.6666666666667,0.0,1
44,LWC,13,300.66666666666663,2449.1667875278804,1317.5,0.0,0
44,LWC,14,357.66666666666663,2443.4382948500747,1305.8333333333333,0.0,0
44,LWC,15,300.0,2299.116886027036,1327.3333333333333,0.0,0
44,LWC,16,289.3333333333333,2569.1570154265473,1364.5000000000002,0.0,0
44,LWC,17,289.3333333333333,2569.1570154265473,1364.5000000000002,0.0,0
44,LWC,18,303.99999999999994,2395.886809782057,1316.0000000000002,0.0,0
44,LWC,19,308.6666666666667,2260.574243987358,1333.0,0.0,0
44,LWC,20,313.33333333333337,2255.8124994979744,1353.9999999999998,0.0,0
44,LWC,21,295.0,2346.861668113196,1334.4999999999998,0.0,0
44,LWC,22,307.6666666666667,2346.742472299421,1315.0,0.0,0
44,LWC,23,300.0,2290.9988952205695,1340.6666666666667,0.0,0
44,LWC,24,308.6666666666667,2260.574243987358,1333.0,0.0,0
44,LWC,25,296.3333333333333,2333.283039692785,1321.3333333333335,0.0,0
44,LWC,26,308.6666666666667,2260.574243987358,1333.0,0.0,0
44,LWC,27,311.6666666666667,2336.2900122569813,1317.6666666666665,0.0,0
44,LWC,28,295.0,2391.4207152540794,1331.8333333333333,0.0,0
44,LWC,29,330.0,2276.957141040596,1329.8333333333333,0.0,0
44,LWC,30,306.0,2298.6029432966507,1329.0,0.0,0
44,LWC,31,303.99999999999994,2395.886809782057,1316.0000000000002,0.0,0
44,LWC,32,289.3333333333333,2569.1570154265473,1364.5000000000002,0.0,0
44,LWC,33,308.6666666666667,2260.574243987358,1333.0,0.0,0
44,LWC,34,311.6666666666667,2336.2900122569813,1317.6666666666665,0.0,0
44,LWC,35,306.0,2298.6029432966507,1329.0,0.0,0
44,LWC,36,295.0,2427.9119806812746,1318.1666666666667,0.0,0
44,LWC,37,303.99999999999994,2396.4830805833817,1312.5000000000002,0.0,0
44,LWC,38,295.0,2391.4207152540794,1331.8333333333333,0.0,0
44,LWC,39,300.0,2323.8391289556107,1318.0,0.0,0
44,LWC,40,295.0,2391.4207152540794,1331.8333333333333,0.0,0
44,LWC,41,308.6666666666667,2297.796185102035,1326.0,0.0,0
44,LWC,42,331.3333333333333,2279.6089576182694,1322.6666666666665,0.0,0
45,AW-NSGA-II,0,278.3333333333333,2228.650593839213,1302.3333333333335,0.0,0
45,AW-NSGA-II,1,278.33333333333337,2226.425742696673,1307.4999999999998,0.0,0
45,AW-NSGA-II,2,283.33333333333337,2226.6505568021757,1302.1666666666665,0.0,0
45,AW-NSGA-II,3,344.0,2353.8318330262045,1295.8333333333333,0.0,0
45,AW-NSGA-II,4,311.3333333333333,2280.217193958131,1297.6666666666667,0.0,0
45,AW-NSGA-II,5,336.0,2364.011236237636,1295.1666666666665,0.0,0
45,AW-NSGA-II,6,272.3333333333333,2201.7319006195958,1312.1666666666667,0.0,0
45,AW-NSGA-II,7,283.0,2221.5549182222135,1311.0000000000002,0.0,0
45,AW-NSGA-II,8,338.0,2443.7941635958127,1294.5000000000002,0.0,1
45,AW-NSGA-II,9,294.0,2217.9832975429163,1299.5,0.0,0
45,AW-NSGA-II,10,336.0,2364.011236237636,1295.1666666666665,0.0,0
45,AW-NSGA-II,11,297.0,2189.5675302492255,1322.5000000000002,0.0,0
45,AW-NSGA-II,12,278.33333333333337,2226.425742696673,1307.4999999999998,0.0,0
45,NSGA-II-2obj,0,298.6666666666667,2397.796508240538,1380.0000000000002,0.0,0
45,NSGA-II-2obj,1,298.6666666666667,2397.796508240538,1380.0000000000002,0.0,0
45,NSGA-II-2obj,2,303.6666666666667,2348.626234876362,1388.0,0.0,0
45,NSGA-II-2obj,3,298.6666666666667,2397.796508240538,1380.0000000000002,0.0,0
45,NSGA-II-2obj,4,303.6666666666667,2348.626234876362,1388.0,0.0,0
45,NSGA-II-2obj,5,330.6666666666667,2278.5679382580533,1388.8333333333333,0.0,1
45,NSGA-II-2obj,6,298.6666666666667,2397.796508240538,1380.0000000000002,0.0,0
45,NSGA-II-2obj,7,326.0,2286.745313185004,1391.6666666666665,0.0,0
45,NSGA-II-2obj,8,300.0,2378.0747863001316,1376.6666666666667,0.0,0
45,NSGA-II-2obj,9,314.66666666666663,2287.396295858467,1369.3333333333333,0.0,0
45,NSGA-II-2obj,10,307.0,2326.8765220505193,1402.5000000000002,0.0,0
45,NSGA-II-3obj,0,286.3333333333333,2255.29560425937,1308.8333333333335,0.0,0
45,NSGA-II-3obj,1,286.3333333333333,2255.29560425937,1308.8333333333335,0.0,0
45,NSGA-II-3obj,2,286.3333333333333,2280.8671095793316,1299.8333333333335,0.0,0
45,NSGA-II-3obj,3,286.3333333333333,2280.8671095793316,1299.8333333333335,0.0,0
45,NSGA-II-3obj,4,286.3333333333333,2280.8671095793316,1299.8333333333335,0.0,0
45,NSGA-II-3obj,5,286.3333333333333,2240.1211685588623,1310.1666666666665,0.0,0
45,NSGA-II-3obj,6,280.3333333333333,2252.130752407518,1316.9999999999998,0.0,0
45,NSGA-II-3obj,7,286.3333333333333,2255.29560425937,1308.8333333333335,0.0,0
45,NSGA-II-3obj,8,286.3333333333333,2255.29560425937,1308.8333333333335,0.0,0
45,NSGA-II-3obj,9,286.3333333333333,2240.1211685588623,1310.1666666666665,0.0,0
45,NSGA-II-3obj,10,286.3333333333333,2280.8671095793316,1299.8333333333335,0.0,0
45,NSGA-II-3obj,11,308.3333333333333,2250.224832066368,1308.5,0.0,0
45,NSGA-II-3obj,12,286.3333333333333,2228.462715370481,1310.8333333333335,0.0,0
45,NSGA-II-3obj,13,280.3333333333333,2273.127567222333,1302.6666666666667,0.0,0
45,NSGA-II-3obj,14,275.66666666666663,2278.5839414336533,1306.8333333333335,0.0,0
45,NSGA-II-3obj,15,286.3333333333333,2256.462159814925,1308.3333333333335,0.0,0
45,NSGA-II-3obj,16,299.0,2262.603262174717,1299.666666666667,0.0,0
45,NSGA-II-3obj,17,275.66666666666663,2289.083459952172,1304.6666666666667,0.0,0
45,NSGA-II-3obj,18,286.3333333333333,2255.29560425937,1308.8333333333335,0.0,0
45,NSGA-II-3obj,19,280.3333333333333,2252.130752407518,1316.9999999999998,0.0,0
45,NSGA-II-3obj,20,286.3333333333333,2280.8671095793316,1299.8333333333335,0.0,0
45,NSGA-II-3obj,21,304.0,2295.4677304778893,1289.5,0.0,0
45,NSGA-II-3obj,22,286.3333333333333,2255.29560425937,1308.8333333333335,0.0,0
45,NSGA-II-3obj,23,286.3333333333333,2255.29560425937,1308.8333333333335,0.0,0
45,NSGA-II-3obj,24,286.3333333333333,2224.1750434617707,1319.3333333333335,0.0,0
45,NSGA-II-3obj,25,308.0,2256.961851294392,1305.3333333333333,0.0,0
45,NSGA-II-3obj,26,275.66666666666663,2289.083459952172,1304.6666666666667,0.0,0
45,NSGA-II-3obj,27,280.3333333333333,2273.127567222333,1302.6666666666667,0.0,0
45,NSGA-II-3obj,28,286.3333333333333,2255.29560425937,1308.8333333333335,0.0,0
45,NSGA-II-3obj,29,286.3333333333333,2280.8671095793316,1299.8333333333335,0.0,0
45,NSGA-II-3obj,30,286.3333333333333,2224.1750434617707,1319.3333333333335,0.0,0
45,NSGA-II-3obj,31,286.3333333333333,2260.329681835338,1301.5000000000002,0.0,0
45,NSGA-II-3obj,32,286.3333333333333,2228.462715370481,1310.8333333333335,0.0,0
45,NSGA-II-3obj,33,286.3333333333333,2240.1211685588623,1310.1666666666665,0.0,0
45,NSGA-II-3obj,34,287.6666666666667,2263.769558471014,1298.0,0.0,0
45,NSGA-II-3obj,35,280.3333333333333,2273.127567222333,1302.6666666666667,0.0,0
45,NSGA-II-3obj,36,286.3333333333333,2255.29560425937,1308.8333333333335,0.0,0
45,NSGA-II-3obj,37,286.3333333333333,2255.29560425937,1308.8333333333335,0.0,0
45,NSGA-II-3obj,38,286.3333333333333,2255.29560425937,1308.8333333333335,0.0,0
45,NSGA-II-3obj,39,311.0,2238.3563126104254,1308.0000000000002,0.0,1
45,NSGA-II-3obj,40,280.3333333333333,2273.127567222333,1302.6666666666667,0.0,0
45,NSGA-III,0,371.6666666666667,2672.0177008607548,1304.0,0.0,0
45,NSGA-III,1,308.0,2403.8189595095328,1336.333333333333,0.0,0
45,NSGA-III,2,308.0,2376.4769515732664,1344.0,0.0,0
45,NSGA-III,3,323.3333333333333,2469.202459948648,1324.8333333333335,0.0,0
45,NSGA-III,4,301.66666666666663,2367.8898046460818,1348.5,0.0,0
45,NSGA-III,5,311.33333333333337,2357.475567412323,1353.0,0.0,1
45,NSGA-III,6,301.66666666666663,2382.768754267097,1337.5,0.0,0
45,NSGA-III,7,296.0,2364.4884376113278,1350.3333333333335,0.0,0
45,NSGA-III,8,323.3333333333333,2469.202459948648,1324.8333333333335,0.0,0
45,NSGA-III,9,361.0,2686.964630961871,1299.6666666666667,0.0,0
45,NSGA-III,10,371.6666666666667,2672.0177008607548,1304.0,0.0,0
45,NSGA-III,11,289.0,2393.7826164472003,1349.3333333333335,0.0,0
45,NSGA-III,12,312.33333333333337,2443.131308104916,1325.1666666666667,0.0,0
45,NSGA-III,13,296.0,2364.4884376113278,1350.3333333333335,0.0,0
45,NSGA-III,14,371.6666666666667,2672.0177008607548,1304.0,0.0,0
45,NSGA-III,15,361.0,2686.964630961871,1299.6666666666667,0.0,0
45,NSGA-III,16,361.0,2686.964630961871,1299.6666666666667,0.0,0
45,NSGA-III,17,296.0,2387.2803732877296,1337.0,0.0,0
45,NSGA-III,18,296.0,2364.4884376113278,1350.3333333333335,0.0,0
45,NSGA-III,19,308.0,2376.4769515732664,1344.0,0.0,0
45,NSGA-III,20,323.3333333333333,2469.202459948648,1324.8333333333335,0.0,0
45,NSGA-III,21,310.3333333333333,2377.604543553596,1333.6666666666665,0.0,0
45,NSGA-III,22,371.6666666666667,2672.0177008607548,1304.0,0.0,0
45,NSGA-III,23,367.6666666666667,2611.63314948039,1308.0,0.0,0
45,NSGA-III,24,305.66666666666663,2358.55721205349,1351.8333333333335,0.0,0
45,NSGA-III,25,310.6666666666667,2428.164940819648,1332.6666666666665,0.0,0
45,NSGA-III,26,312.33333333333337,2443.131308104916,1325.1666666666667,0.0,0
45,NSGA-III,27,296.0,2364.4884376113278,1350.3333333333335,0.0,0
45,NSGA-III,28,323.66666666666663,2630.4656679989084,1304.3333333333333,0.0,0
45,NSGA-III,29,282.0,2544.73126736861,1309.6666666666667,0.0,0
45,NSGA-III,30,323.3333333333333,2469.202459948648,1324.8333333333335,0.0,0
45,NSGA-III,31,295.66666666666663,2534.2061080509106,1310.1666666666665,0.0,0
45,NSGA-III,32,371.6666666666667,2672.0177008607548,1304.0,0.0,0
45,NSGA-III,33,312.33333333333337,2443.131308104916,1325.1666666666667,0.0,0
45,NSGA-III,34,303.0,2438.9649006975087,1326.3333333333333,0.0,0
45,NSGA-III,35,371.6666666666667,2672.0177008607548,1304.0,0.0,0
45,NSGA-III,36,301.66666666666663,2367.8898046460818,1348.5,0.0,0
45,NSGA-III,37,371.6666666666667,2672.0177008607548,1304.0,0.0,0
45,NSGA-III,38,312.33333333333337,2420.7984932901018,1327.5,0.0,0
45,NSGA-III,39,361.0,2684.9650754063164,1301.6666666666667,0.0,0
45,NSGA-III,40,298.0,2361.9750488938043,1350.6666666666665,0.0,0
45,NSGA-III,41,371.6666666666667,2672.0177008607548,1304.0,0.0,0
45,NSGA-III,42,296.0,2387.2803732877296,1337.0,0.0,0
45,NSGA-III,43,361.0,2684.9650754063164,1301.6666666666667,0.0,0
45,NSGA-III,44,301.66666666666663,2373.810877499192,1346.666666666667,0.0,0
45,NSGA-III,45,301.66666666666663,2367.8898046460818,1348.5,0.0,0
45,NSGA-III,46,305.33333333333337,2368.973641486397,1344.3333333333333,0.0,0
45,NSGA-III,47,331.0,2416.632085882694,1328.666666666667,0.0,0
45,NSGA-III,48,315.33333333333337,2473.903335657447,1317.3333333333333,0.0,0
45,NSGA-III,49,323.3333333333333,2469.202459948648,1324.8333333333335,0.0,0
45,NSGA-III,50,361.0,2684.9650754063164,1301.6666666666667,0.0,0
45,NSGA-III,51,306.3333333333333,2381.8101367584513,1343.3333333333335,0.0,0
45,NSGA-III,52,301.66666666666663,2382.768754267097,1337.5,0.0,0
45,NSGA-III,53,301.66666666666663,2420.4665673641757,1333.8333333333337,0.0,0
45,MOEA/D,0,293.3333333333333,2242.265752223717,1300.3333333333333,0.0,0
45,MOEA/D,1,295.0,2238.7347017388392,1297.0,0.0,0
45,MOEA/D,2,298.0,2204.728938590365,1321.0,0.0,0
45,MOEA/D,3,298.0,2204.728938590365,1321.0,0.0,0
45,MOEA/D,4,285.0,2220.591409097094,1322.3333333333335,0.0,0
45,MOEA/D,5,292.66666666666663,2215.8970331841556,1319.8333333333335,0.0,0
45,MOEA/D,6,286.3333333333333,2219.4354929644583,1314.1666666666665,0.0,0
45,MOEA/D,7,285.0,2226.7296257767484,1316.5,0.0,0
45,MOEA/D,8,296.33333333333337,2213.5705906277285,1308.4999999999998,0.0,0
45,MOEA/D,10,296.33333333333337,2213.5705906277285,1308.4999999999998,0.0,0
45,MOEA/D,11,285.0,2220.591409097094,1322.3333333333335,0.0,0
45,MOEA/D,12,298.0,2204.728938590365,1321.0,0.0,0
45,MOEA/D,13,296.33333333333337,2232.9378420369903,1298.0,0.0,0
45,MOEA/D,14,296.33333333333337,2221.5689239610615,1301.0,0.0,0
45,MOEA/D,15,298.0,2204.728938590365,1321.0,0.0,0
45,MOEA/D,16,326.3333333333333,2197.5662719236984,1339.0,0.0,0
45,MOEA/D,17,285.0,2220.591409097094,1322.3333333333335,0.0,0
45,MOEA/D,18,285.0,2227.5898535415386,1315.3333333333335,0.0,0
45,MOEA/D,19,296.33333333333337,2213.570590627728,1308.5,0.0,1
45,MOEA/D,20,296.33333333333337,2206.905405442543,1315.1666666666667,0.0,0
45,MOEA/D,21,285.0,2221.142361482522,1319.3333333333333,0.0,0
45,MOEA/D,22,298.0,2210.904516553654,1311.1666666666665,0.0,0
45,MOEA/D,23,286.3333333333333,2219.4354929644583,1314.1666666666665,0.0,0
45,MOEA/D,24,284.0,2225.896292443415,1316.5000000000002,0.0,0
45,MOEA/D,25,293.3333333333333,2242.265752223717,1300.3333333333333,0.0,0
45,MOEA/D,27,326.3333333333333,2197.5662719236984,1339.0,0.0,0
45,MOEA/D,28,285.0,2220.591409097094,1322.3333333333335,0.0,0
45,MOEA/D,29,285.0,2228.140805926966,1312.3333333333335,0.0,0
45,MOEA/D,30,296.33333333333337,2206.5632348866616,1325.3333333333335,0.0,0
45,MOEA/D,31,296.33333333333337,2213.5705906277285,1308.4999999999998,0.0,0
45,MOEA/D,32,296.33333333333337,2221.5689239610615,1301.0,0.0,0
45,MOEA/D,33,296.33333333333337,2213.5705906277285,1308.4999999999998,0.0,0
45,MOEA/D,34,298.0,2204.728938590365,1321.0,0.0,0
45,MOEA/D,35,296.33333333333337,2206.905405442543,1315.1666666666667,0.0,0
45,MOEA/D,36,296.33333333333337,2206.905405442543,1315.1666666666667,0.0,0
45,MOEA/D,37,298.0,2204.728938590365,1321.0,0.0,0
45,MOEA/D,38,285.0,2220.591409097094,1322.3333333333335,0.0,0
45,MOEA/D,39,293.3333333333333,2242.265752223717,1300.3333333333333,0.0,0
45,MOEA/D,40,296.33333333333337,2213.5705906277285,1308.4999999999998,0.0,0
45,MOEA/D,41,296.33333333333337,2206.5632348866616,1325.3333333333335,0.0,0
45,MOEA/D,42,295.0,2223.2814331848763,1305.3333333333335,0.0,0
45,MOEA/D,43,296.33333333333337,2206.905405442543,1315.1666666666667,0.0,0
45,MOEA/D,44,298.0,2204.728938590365,1321.0,0.0,0
45,MOEA/D,45,298.0,2204.728938590365,1321.0,0.0,0
45,MOEA/D,47,296.33333333333337,2206.5632348866616,1325.3333333333335,0.0,0
45,MOEA/D,48,293.3333333333333,2242.265752223717,1300.3333333333333,0.0,0
45,MOEA/D,49,298.0,2204.728938590365,1321.0,0.0,0
45,MOEA/D,50,285.0,2223.614948532547,1318.1666666666667,0.0,0
45,MOEA/D,51,296.33333333333337,2221.5689239610615,1301.0,0.0,0
45,MOEA/D,52,296.33333333333337,2213.5705906277285,1308.4999999999998,0.0,0
45,MOEA/D,53,286.3333333333333,2219.4354929644583,1314.1666666666665,0.0,0
45,MOEA/D,54,296.33333333333337,2221.5689239610615,1301.0,0.0,0
45,MOEA/D,55,293.3333333333333,2242.265752223717,1300.3333333333333,0.0,0
45,MOEA/D,56,295.0,2238.7347017388392,1297.0,0.0,0
45,MOEA/D,57,285.0,2228.140805926966,1312.3333333333335,0.0,0
45,MOEA/D,59,285.0,2221.142361482522,1319.3333333333333,0.0,0
45,MOEA/D,61,298.0,2204.728938590365,1321.0,0.0,0
45,MOEA/D,62,296.33333333333337,2221.5689239610615,1301.0,0.0,0
45,MOEA/D,64,326.3333333333333,2196.899901553328,1340.3333333333333,0.0,0
45,MOEA/D,65,296.33333333333337,2206.905405442543,1315.1666666666667,0.0,0
45,MOEA/D,66,296.33333333333337,2213.5705906277285,1308.4999999999998,0.0,0
45,MOEA/D,67,295.0,2223.2814331848763,1305.3333333333335,0.0,0
45,MOEA/D,68,285.0,2228.140805926966,1312.3333333333335,0.0,0
45,MOEA/D,69,296.33333333333337,2221.5689239610615,1301.0,0.0,0
45,MOEA/D,70,296.33333333333337,2206.905405442543,1315.1666666666667,0.0,0
45,MOEA/D,71,295.0,2238.7347017388392,1297.0,0.0,0
45,MOEA/D,72,296.33333333333337,2232.9378420369903,1298.0,0.0,0
45,MOEA/D,73,303.3333333333333,2237.067516553654,1294.6666666666667,0.0,0
45,MOEA/D,74,296.33333333333337,2221.5689239610615,1301.0,0.0,0
45,MOEA/D,75,296.33333333333337,2201.07412833213,1329.0,0.0,0
45,MOEA/D,76,285.0,2229.613392976991,1311.1666666666667,0.0,0
45,MOEA/D,77,293.3333333333333,2242.265752223717,1300.3333333333333,0.0,0
45,MOEA/D,79,298.33333333333337,2217.7363684055063,1304.5,0.0,0
45,MOEA/D,80,296.33333333333337,2232.9378420369903,1298.0,0.0,0
45,MOEA/D,81,285.0,2220.591409097094,1322.3333333333335,0.0,0
45,MOEA/D,82,296.33333333333337,2213.5705906277285,1308.4999999999998,0.0,0
45,MOEA/D,84,286.3333333333333,2219.4354929644583,1314.1666666666665,0.0,0
45,MOEA/D,85,296.33333333333337,2206.905405442543,1315.1666666666667,0.0,0
45,MOEA/D,86,298.0,2210.904516553654,1311.1666666666665,0.0,0
45,MOEA/D,87,296.33333333333337,2221.5689239610615,1301.0,0.0,0
45,MOEA/D,88,296.33333333333337,2232.9378420369903,1298.0,0.0,0
45,MOEA/D,89,296.33333333333337,2214.9037387758763,1307.6666666666665,0.0,0
45,MOEA/D,90,296.33333333333337,2213.5705906277285,1308.4999999999998,0.0,0
45,MOEA/D,92,296.33333333333337,2213.5705906277285,1308.4999999999998,0.0,0
45,MOEA/D,93,285.0,2228.140805926966,1312.3333333333335,0.0,0
45,MOEA/D,94,296.33333333333337,2221.5689239610615,1301.0,0.0,0
45,MOEA/D,95,285.0,2223.614948532547,1318.1666666666667,0.0,0
45,MOEA/D,97,296.33333333333337,2221.5689239610615,1301.0,0.0,0
45,MOEA/D,98,285.0,2223.614948532547,1318.1666666666667,0.0,0
45,MOEA/D,99,284.0,2225.896292443415,1316.5000000000002,0.0,0
45,GA-SA,0,334.6666666666667,2474.7226598323887,1280.1666666666665,0.0,1
45,A*-GA,0,300.3333333333333,2321.228034363278,1371.8333333333335,0.0,1
45,A*-GA,1,300.3333333333333,2470.0361581217885,1378.6666666666665,0.0,0
45,A*-GA,2,300.3333333333333,2470.0361581217885,1378.6666666666665,0.0,0
45,LWC,0,301.6666666666667,2278.904502069567,1310.5,0.0,0
45,LWC,1,281.0,2329.400576143641,1292.8333333333335,0.0,0
45,LWC,2,301.6666666666667,2278.904502069567,1310.5,0.0,0
45,LWC,3,283.66666666666663,2318.551755591001,1321.3333333333333,0.0,0
45,LWC,4,309.3333333333333,2281.5708724399374,1309.1666666666667,0.0,0
45,LWC,5,326.33333333333326,2280.3997242917894,1289.0000000000002,0.0,1
45,LWC,6,304.0,2308.4294367062325,1304.3333333333335,0.0,0
45,LWC,7,282.66666666666663,2328.904205773271,1309.1666666666667,0.0,0
45,LWC,8,305.0,2305.8820232091075,1307.8333333333333,0.0,0
45,LWC,9,292.99999999999994,2314.812022891429,1300.8333333333335,0.0,0
45,LWC,10,288.0,2289.003408051952,1308.8333333333333,0.0,0
45,LWC,11,320.0,2231.905390958456,1314.5,0.0,0
45,LWC,12,282.66666666666663,2328.904205773271,1309.1666666666667,0.0,0
45,LWC,13,309.3333333333333,2281.5708724399374,1309.1666666666667,0.0,0
45,LWC,14,301.6666666666667,2269.5506586104084,1311.5,0.0,0
45,LWC,15,296.3333333333333,2258.489255572685,1313.1666666666667,0.0,0
45,LWC,16,309.3333333333333,2302.3133201935434,1308.0,0.0,0
46,AW-NSGA-II,0,283.0,2501.809383989295,1305.6666666666665,0.0,0
46,AW-NSGA-II,1,338.66666666666663,2368.6995672014805,1296.6666666666667,0.0,0
46,AW-NSGA-II,2,308.0,2357.5269675711234,1308.666666666667,0.0,0
46,AW-NSGA-II,3,320.3333333333333,2349.498557184761,1305.1666666666667,0.0,0
46,AW-NSGA-II,4,298.3333333333333,2317.268459617991,1323.0,0.0,0
46,AW-NSGA-II,5,308.0,2357.5269675711234,1308.666666666667,0.0,0
46,AW-NSGA-II,6,317.00000000000006,2383.569697469762,1293.1666666666665,0.0,0
46,AW-NSGA-II,7,298.3333333333333,2358.52230766822,1318.1666666666667,0.0,0
46,AW-NSGA-II,8,308.0,2357.5269675711234,1308.666666666667,0.0,0
46,AW-NSGA-II,9,321.0,2349.9767704513656,1302.1666666666667,0.0,0
46,AW-NSGA-II,10,283.0,2501.809383989295,1305.6666666666665,0.0,0
46,AW-NSGA-II,11,283.0,2501.809383989295,1305.6666666666665,0.0,0
46,AW-NSGA-II,12,301.0,2357.6396797773,1318.1666666666667,0.0,0
46,AW-NSGA-II,13,282.66666666666663,2495.888020642903,1313.8333333333333,0.0,0
46,AW-NSGA-II,14,297.0,2369.502551208099,1293.8333333333335,0.0,1
46,AW-NSGA-II,15,298.3333333333333,2346.364697131575,1319.0,0.0,0
46,AW-NSGA-II,16,286.33333333333337,2413.729613131537,1287.0,0.0,0
46,AW-NSGA-II,17,299.0,2423.3955760945,1283.8333333333333,0.0,0
46,AW-NSGA-II,18,303.66666666666663,2356.6382723698925,1311.8333333333335,0.0,0
46,AW-NSGA-II,19,297.0,2369.502551208099,1293.8333333333335,0.0,0
46,AW-NSGA-II,20,286.33333333333337,2365.5324426633338,1303.5,0.0,0
46,AW-NSGA-II,21,308.0,2357.5269675711234,1308.666666666667,0.0,0
46,AW-NSGA-II,22,299.0,2383.835069726618,1290.166666666667,0.0,0
46,AW-NSGA-II,23,295.6666666666667,2401.168847504395,1292.1666666666665,0.0,0
46,AW-NSGA-II,24,320.3333333333333,2349.498557184761,1305.1666666666667,0.0,0
46,AW-NSGA-II,25,314.0,2468.0594649833884,1271.3333333333335,0.0,0
46,AW-NSGA-II,26,286.33333333333337,2365.5324426633338,1303.5,0.0,0
46,AW-NSGA-II,27,289.0,2387.5652427611662,1297.3333333333333,0.0,0
46,AW-NSGA-II,28,283.0,2497.450059112314,1306.0,0.0,0
46,AW-NSGA-II,29,286.33333333333337,2365.5324426633338,1303.5,0.0,0
46,AW-NSGA-II,30,314.0,2468.0594649833884,1271.3333333333335,0.0,0
46,AW-NSGA-II,31,283.0,2501.809383989295,1305.6666666666665,0.0,0
46,AW-NSGA-II,32,305.0,2347.324848110903,1309.3333333333333,0.0,0
46,AW-NSGA-II,33,283.0,2501.809383989295,1305.6666666666665,0.0,0
46,AW-NSGA-II,34,299.0,2428.5611316500554,1278.8333333333333,0.0,0
46,AW-NSGA-II,35,299.0,2423.3955760945,1283.8333333333333,0.0,0
46,AW-NSGA-II,36,308.0,2358.191412015568,1298.6666666666667,0.0,0
46,AW-NSGA-II,37,283.0,2492.0606348156552,1310.5000000000002,0.0,0
46,AW-NSGA-II,38,301.0,2357.306420518041,1318.4999999999998,0.0,0
46,AW-NSGA-II,39,297.0,2365.101733215345,1309.0000000000002,0.0,0
46,AW-NSGA-II,40,282.66666666666663,2502.8482117293584,1304.3333333333335,0.0,0
46,AW-NSGA-II,41,308.6666666666667,2338.006664812203,1305.3333333333335,0.0,0
46,AW-NSGA-II,42,297.0,2367.927281504022,1301.0000000000002,0.0,0
46,AW-NSGA-II,43,298.3333333333333,2358.52230766822,1318.1666666666667,0.0,0
46,AW-NSGA-II,44,308.0,2358.191412015568,1298.6666666666667,0.0,0
46,AW-NSGA-II,45,299.0,2395.9828061307494,1287.5000000000002,0.0,0
46,AW-NSGA-II,46,303.66666666666663,2356.6382723698925,1311.8333333333335,0.0,0
46,AW-NSGA-II,47,283.0,2497.450059112314,1306.0,0.0,0
46,NSGA-II-2obj,0,293.6666666666667,2295.3619993089405,1309.3333333333333,0.0,0
46,NSGA-II-2obj,1,285.6666666666667,2348.2772618302547,1303.0,0.0,1
46,NSGA-II-2obj,2,285.6666666666667,2348.2772618302547,1303.0,0.0,0
46,NSGA-II-2obj,3,288.0,2338.235581570822,1310.1666666666667,0.0,0
46,NSGA-II-2obj,4,314.3333333333333,2264.90487195284,1317.3333333333333,0.0,0
46,NSGA-II-2obj,5,291.0,2323.988974291224,1315.6666666666667,0.0,0
46,NSGA-II-2obj,6,299.0,2282.571983063951,1319.3333333333335,0.0,0
46,NSGA-II-2obj,7,283.66666666666663,2350.89204808315,1308.3333333333333,0.0,0
46,NSGA-II-3obj,0,298.0,2401.0370507492603,1275.3333333333333,0.0,1
46,NSGA-II-3obj,1,288.3333333333333,2430.592525513079,1298.3333333333333,0.0,0
46,NSGA-II-3obj,2,297.33333333333337,2333.928779874555,1311.0,0.0,0
46,NSGA-II-3obj,3,294.3333333333333,2380.0480659540117,1284.1666666666665,0.0,0
46,NSGA-II-3obj,4,293.6666666666667,2501.8351227708754,1276.9999999999998,0.0,0
46,NSGA-II-3obj,5,287.0,2319.9531114436163,1318.0000000000002,0.0,0
46,NSGA-II-3obj,6,298.0,2418.879632852401,1268.9999999999998,0.0,0
46,NSGA-II-3obj,7,291.0,2406.08149699572,1297.5,0.0,0
46,NSGA-II-3obj,8,291.0,2406.08149699572,1297.5,0.0,0
46,NSGA-II-3obj,9,290.99999999999994,2404.3151809039996,1307.5,0.0,0
46,NSGA-II-3obj,10,342.99999999999994,2697.5560826992278,1268.5,0.0,0
46,NSGA-II-3obj,11,293.6666666666667,2357.335682358399,1308.6666666666667,0.0,0
46,NSGA-II-3obj,12,298.0,2386.217428185209,1279.833333333333,0.0,0
46,NSGA-II-3obj,13,293.6666666666667,2357.335682358399,1308.6666666666667,0.0,0
46,NSGA-II-3obj,14,293.6666666666667,2377.9230020967775,1284.9999999999998,0.0,0
46,NSGA-II-3obj,15,281.6666666666667,2469.7396160886165,1289.0,0.0,0
46,NSGA-II-3obj,16,329.3333333333333,2324.337546465793,1298.3333333333333,0.0,0
46,NSGA-II-3obj,17,298.0,2401.0370507492603,1275.3333333333333,0.0,0
46,NSGA-II-3obj,18,324.0,2365.910274773498,1277.0,0.0,0
46,NSGA-II-3obj,19,297.33333333333337,2331.2627058004805,1313.6666666666667,0.0,0
46,NSGA-II-3obj,20,324.0,2352.746311810535,1289.1666666666667,0.0,0
46,NSGA-II-3obj,21,291.0,2406.08149699572,1297.5,0.0,0
46,NSGA-II-3obj,22,342.99999999999994,2697.5560826992278,1268.5,0.0,0
46,NSGA-II-3obj,23,285.66666666666663,2405.2485710697943,1299.3333333333333,0.0,0
46,NSGA-II-3obj,24,329.3333333333333,2302.3020351558125,1299.0,0.0,0
46,NSGA-II-3obj,25,291.0,2384.2508673660905,1309.6666666666665,0.0,0
46,NSGA-II-3obj,26,308.3333333333333,2339.4283724671473,1309.1666666666667,0.0,0
46,NSGA-II-3obj,27,293.6666666666667,2360.4236317264067,1287.8333333333333,0.0,0
46,NSGA-II-3obj,28,284.33333333333337,2431.4990006088374,1308.8333333333333,0.0,0
46,NSGA-II-3obj,29,296.3333333333333,2346.2633724671477,1316.6666666666665,0.0,0
46,NSGA-II-3obj,30,294.3333333333333,2380.0480659540117,1284.1666666666665,0.0,0
46,NSGA-II-3obj,31,324.0,2364.744237736461,1279.8333333333333,0.0,0
46,NSGA-II-3obj,32,329.3333333333333,2296.9695907113683,1303.0,0.0,0
46,NSGA-II-3obj,33,305.3333333333333,2346.5264908585696,1289.6666666666667,0.0,0
46,NSGA-II-3obj,34,293.6666666666667,2351.1698675435837,1312.5000000000002,0.0,0
46,NSGA-II-3obj,35,324.0,2335.5813118105348,1296.6666666666667,0.0,0
46,NSGA-II-3obj,36,329.3333333333333,2296.9695907113683,1303.0,0.0,0
46,NSGA-III,0,296.6666666666667,2497.980768151233,1286.1666666666665,0.0,0
46,NSGA-III,1,296.66666666666663,2350.7218420667195,1300.0,0.0,0
46,NSGA-III,2,296.66666666666663,2427.6140009298065,1286.3333333333335,0.0,0
46,NSGA-III,3,308.0,2376.7530755839844,1281.6666666666667,0.0,0
46,NSGA-III,4,308.0,2376.7530755839844,1281.6666666666667,0.0,0
46,NSGA-III,5,305.3333333333333,2287.7005223899696,1284.5,0.0,0
46,NSGA-III,6,300.6666666666667,2369.2896909611736,1282.5000000000002,0.0,0
46,NSGA-III,7,309.0,2445.379476723549,1275.3333333333333,0.0,0
46,NSGA-III,8,296.66666666666663,2350.7218420667195,1300.0,0.0,0
46,NSGA-III,9,298.6666666666667,2304.033576344836,1290.8333333333333,0.0,0
46,NSGA-III,10,319.3333333333333,2326.2677899505097,1278.3333333333335,0.0,0
46,NSGA-III,11,300.6666666666667,2390.456209479692,1281.8333333333335,0.0,0
46,NSGA-III,12,305.3333333333333,2310.917793974693,1282.6666666666667,0.0,0
46,NSGA-III,13,300.6666666666667,2369.2896909611736,1282.5000000000002,0.0,0
46,NSGA-III,14,308.0,2376.7530755839844,1281.6666666666667,0.0,0
46,NSGA-III,15,305.3333333333333,2298.4732606606667,1283.5000000000002,0.0,0
46,NSGA-III,16,281.6666666666667,2315.2027615300217,1302.1666666666665,0.0,0
46,NSGA-III,17,364.66666666666663,2422.702113055586,1273.1666666666667,0.0,1
46,NSGA-III,18,290.66666666666663,2366.373855042823,1292.5,0.0,0
46,NSGA-III,19,309.0,2445.379476723549,1275.3333333333333,0.0,0
46,MOEA/D,0,265.0,2228.6968675562557,1264.1666666666667,0.0,0
46,MOEA/D,1,277.3333333333333,2233.196274963663,1261.5,0.0,0
46,MOEA/D,2,301.66666666666663,2192.5329786673665,1276.6666666666667,0.0,0
46,MOEA/D,3,301.66666666666663,2192.5329786673665,1276.6666666666667,0.0,0
46,MOEA/D,4,272.3333333333333,2219.700497185885,1280.5,0.0,0
46,MOEA/D,5,274.33333333333337,2210.199423111811,1275.6666666666667,0.0,0
46,MOEA/D,6,272.3333333333333,2215.701237926626,1283.8333333333333,0.0,0
46,MOEA/D,7,272.3333333333333,2220.199126815515,1274.333333333333,0.0,0
46,MOEA/D,8,301.66666666666663,2200.531200889589,1268.6666666666667,0.0,0
46,MOEA/D,9,278.33333333333337,2207.0305712599593,1265.8333333333335,0.0,0
46,MOEA/D,10,301.66666666666663,2200.531200889589,1268.6666666666667,0.0,0
46,MOEA/D,11,269.6666666666667,2227.6987194081075,1272.4999999999998,0.0,0
46,MOEA/D,12,281.0,2196.5357934821814,1289.3333333333335,0.0,0
46,MOEA/D,13,265.0,2228.6968675562557,1264.1666666666667,0.0,0
46,MOEA/D,14,278.33333333333337,2207.0305712599593,1265.8333333333335,0.0,1
46,MOEA/D,15,281.0,2196.5357934821814,1289.3333333333335,0.0,0
46,MOEA/D,16,301.66666666666663,2192.5329786673665,1276.6666666666667,0.0,0
46,MOEA/D,17,269.6666666666667,2227.6987194081075,1272.4999999999998,0.0,0
46,MOEA/D,18,265.0,2228.198237926626,1270.3333333333333,0.0,0
46,MOEA/D,19,278.33333333333337,2206.531052741441,1268.0,0.0,0
46,MOEA/D,20,278.33333333333337,2198.5328305192184,1275.9999999999998,0.0,0
46,MOEA/D,21,269.6666666666667,2227.6987194081075,1272.4999999999998,0.0,0
46,MOEA/D,22,278.33333333333337,2198.5328305192184,1275.9999999999998,0.0,0
46,MOEA/D,23,272.3333333333333,2215.701237926626,1283.8333333333333,0.0,0
46,MOEA/D,24,265.0,2228.198237926626,1270.3333333333333,0.0,0
46,MOEA/D,25,274.33333333333337,2222.3630157044036,1261.8333333333333,0.0,0
46,MOEA/D,26,301.66666666666663,2200.531200889589,1268.6666666666667,0.0,0
46,MOEA/D,27,301.66666666666663,2192.5329786673665,1276.6666666666667,0.0,0
46,MOEA/D,28,272.3333333333333,2215.701237926626,1283.8333333333333,0.0,0
46,MOEA/D,30,278.33333333333337,2198.5328305192184,1275.9999999999998,0.0,0
46,MOEA/D,31,301.66666666666663,2200.531200889589,1268.6666666666667,0.0,0
46,MOEA/D,32,278.33333333333337,2207.0305712599593,1265.8333333333335,0.0,0
46,MOEA/D,33,278.33333333333337,2207.0305712599593,1265.8333333333335,0.0,0
46,MOEA/D,34,278.33333333333337,2198.5328305192184,1275.9999999999998,0.0,0
46,MOEA/D,35,301.66666666666663,2197.532163852552,1273.0,0.0,0
46,MOEA/D,36,301.66666666666663,2197.532163852552,1273.0,0.0,0
46,MOEA/D,37,281.0,2196.5357934821814,1289.3333333333335,0.0,0
46,MOEA/D,38,272.3333333333333,2215.701237926626,1283.8333333333333,0.0,0
46,MOEA/D,39,265.0,2228.6968675562557,1264.1666666666667,0.0,0
46,MOEA/D,40,301.66666666666663,2200.531200889589,1268.6666666666667,0.0,0
46,MOEA/D,41,278.33333333333337,2198.5328305192184,1275.9999999999998,0.0,0
46,MOEA/D,42,274.33333333333337,2210.199423111811,1275.6666666666667,0.0,0
46,MOEA/D,43,278.33333333333337,2198.5328305192184,1275.9999999999998,0.0,0
46,MOEA/D,44,301.66666666666663,2197.532163852552,1273.0,0.0,0
46,MOEA/D,45,281.0,2196.5357934821814,1289.3333333333335,0.0,0
46,MOEA/D,46,278.33333333333337,2207.0305712599593,1265.8333333333335,0.0,0
46,MOEA/D,47,278.33333333333337,2198.5328305192184,1275.9999999999998,0.0,0
46,MOEA/D,48,265.0,2228.6968675562557,1264.1666666666667,0.0,0
46,MOEA/D,49,301.66666666666663,2192.5329786673665,1276.6666666666667,0.0,0
46,MOEA/D,50,274.33333333333337,2213.865274963663,1272.0,0.0,0
46,MOEA/D,51,278.33333333333337,2207.0305712599593,1265.8333333333335,0.0,0
46,MOEA/D,52,278.33333333333337,2206.531052741441,1268.0,0.0,0
46,MOEA/D,53,278.33333333333337,2198.5328305192184,1275.9999999999998,0.0,0
46,MOEA/D,54,278.33333333333337,2207.0305712599593,1265.8333333333335,0.0,0
46,MOEA/D,55,274.33333333333337,2222.3630157044036,1261.8333333333333,0.0,0
46,MOEA/D,56,278.33333333333337,2217.8638305192185,1265.5,0.0,0
46,MOEA/D,57,272.3333333333333,2220.199126815515,1274.333333333333,0.0,0
46,MOEA/D,58,265.0,2228.6968675562557,1264.1666666666667,0.0,0
46,MOEA/D,59,272.3333333333333,2215.701237926626,1283.8333333333333,0.0,0
46,MOEA/D,60,301.66666666666663,2197.532163852552,1273.0,0.0,0
46,MOEA/D,61,278.33333333333337,2198.5328305192184,1275.9999999999998,0.0,0
46,MOEA/D,62,278.33333333333337,2207.0305712599593,1265.8333333333335,0.0,0
46,MOEA/D,63,282.0,2260.1959045932927,1259.833333333333,0.0,0
46,MOEA/D,64,301.66666666666663,2192.5329786673665,1276.6666666666667,0.0,0
46,MOEA/D,65,301.66666666666663,2197.532163852552,1273.0,0.0,0
46,MOEA/D,66,301.66666666666663,2200.531200889589,1268.6666666666667,0.0,0
46,MOEA/D,67,278.33333333333337,2207.0305712599593,1265.8333333333335,0.0,0
46,MOEA/D,68,272.3333333333333,2220.199126815515,1274.333333333333,0.0,0
46,MOEA/D,69,278.33333333333337,2217.8638305192185,1265.5,0.0,0
46,MOEA/D,70,301.66666666666663,2197.532163852552,1273.0,0.0,0
46,MOEA/D,71,274.33333333333337,2222.3630157044036,1261.8333333333333,0.0,0
46,MOEA/D,72,277.3333333333333,2233.196274963663,1261.5,0.0,0
46,MOEA/D,73,303.33333333333337,2255.5293860747743,1260.5,0.0,0
46,MOEA/D,74,278.33333333333337,2207.0305712599593,1265.8333333333335,0.0,0
46,MOEA/D,75,281.0,2196.5357934821814,1289.3333333333335,0.0,0
46,MOEA/D,76,265.0,2228.6968675562557,1264.1666666666667,0.0,0
46,MOEA/D,77,265.0,2228.6968675562557,1264.1666666666667,0.0,0
46,MOEA/D,78,301.66666666666663,2197.532163852552,1273.0,0.0,0
46,MOEA/D,79,278.33333333333337,2207.0305712599593,1265.8333333333335,0.0,0
46,MOEA/D,80,274.33333333333337,2221.8634971858855,1264.0,0.0,0
46,MOEA/D,81,269.6666666666667,2227.6987194081075,1272.4999999999998,0.0,0
46,MOEA/D,82,301.66666666666663,2200.531200889589,1268.6666666666667,0.0,0
46,MOEA/D,84,272.3333333333333,2215.701237926626,1283.8333333333333,0.0,0
46,MOEA/D,85,301.66666666666663,2197.532163852552,1273.0,0.0,0
46,MOEA/D,86,278.33333333333337,2198.5328305192184,1275.9999999999998,0.0,0
46,MOEA/D,87,278.33333333333337,2207.0305712599593,1265.8333333333335,0.0,0
46,MOEA/D,88,274.33333333333337,2221.8634971858855,1264.0,0.0,0
46,MOEA/D,89,278.33333333333337,2206.531052741441,1268.0,0.0,0
46,MOEA/D,90,278.33333333333337,2206.531052741441,1268.0,0.0,0
46,MOEA/D,91,278.33333333333337,2198.5328305192184,1275.9999999999998,0.0,0
46,MOEA/D,92,278.33333333333337,2203.5320157044034,1272.3333333333333,0.0,0
46,MOEA/D,93,272.3333333333333,2220.199126815515,1274.333333333333,0.0,0
46,MOEA/D,94,278.33333333333337,2207.0305712599593,1265.8333333333335,0.0,0
46,MOEA/D,95,274.33333333333337,2213.865274963663,1272.0,0.0,0
46,MOEA/D,96,278.33333333333337,2198.5328305192184,1275.9999999999998,0.0,0
46,MOEA/D,97,278.33333333333337,2207.0305712599593,1265.8333333333335,0.0,0
46,MOEA/D,98,274.33333333333337,2213.865274963663,1272.0,0.0,0
46,MOEA/D,99,265.0,2228.198237926626,1270.3333333333333,0.0,0
46,GA-SA,0,278.6666666666667,2307.266306241412,1261.8333333333335,0.0,1
46,A*-GA,0,293.0,2138.838372031511,1329.1666666666667,0.0,1
46,LWC,0,292.66666666666663,2505.5697802841178,1275.0,0.0,0
46,LWC,1,294.3333333333333,2441.1567744629087,1320.5,0.0,0
46,LWC,2,298.6666666666667,2381.580446934408,1304.3333333333335,0.0,0
46,LWC,3,294.3333333333333,2441.1567744629087,1320.5,0.0,0
46,LWC,4,298.6666666666667,2379.205064430845,1313.5000000000002,0.0,0
46,LWC,5,326.3333333333333,2499.5629738028856,1273.0000000000002,0.0,0
46,LWC,6,288.3333333333333,2508.4463655124077,1320.5,0.0,0
46,LWC,7,292.3333333333333,2441.255562242668,1290.3333333333333,0.0,0
46,LWC,8,295.0,2423.406660615728,1319.5,0.0,0
46,LWC,9,292.3333333333333,2479.4809515792826,1281.0000000000002,0.0,0
46,LWC,10,296.3333333333333,2420.121723195659,1311.8333333333335,0.0,0
46,LWC,11,326.3333333333333,2523.330950745753,1272.166666666667,0.0,0
46,LWC,12,299.6666666666667,2414.3352492225217,1297.6666666666667,0.0,0
46,LWC,13,290.6666666666667,2547.9265235101684,1294.8333333333335,0.0,0
46,LWC,14,292.3333333333333,2479.4809515792826,1281.0000000000002,0.0,0
46,LWC,15,298.6666666666667,2381.580446934408,1304.3333333333335,0.0,0
46,LWC,16,312.0,2419.4997307040026,1287.8333333333333,0.0,0
46,LWC,17,340.0,2446.9588088460378,1286.8333333333333,0.0,0
46,LWC,18,298.6666666666667,2376.950890913639,1317.8333333333335,0.0,0
46,LWC,19,290.6666666666667,2547.9265235101684,1294.8333333333335,0.0,0
46,LWC,20,298.6666666666667,2362.9271207334914,1323.0,0.0,0
46,LWC,21,298.6666666666667,2381.580446934408,1304.3333333333335,0.0,0
46,LWC,22,345.6666666666667,2453.5993724611308,1286.6666666666667,0.0,1
46,LWC,23,288.3333333333333,2512.445476623519,1316.5,0.0,0
46,LWC,24,301.66666666666663,2358.9794378374127,1293.9999999999998,0.0,0
46,LWC,25,296.3333333333333,2394.3797111721437,1312.8333333333333,0.0,0
46,LWC,26,312.0,2419.4997307040026,1287.8333333333333,0.0,0
46,LWC,27,292.3333333333333,2457.6018829834074,1286.5,0.0,0
46,LWC,28,303.33333333333337,2452.0017125957675,1287.3333333333333,0.0,0
46,LWC,29,298.6666666666667,2362.9271207334914,1323.0,0.0,0
46,LWC,30,292.3333333333333,2441.255562242668,1290.3333333333333,0.0,0
46,LWC,31,291.0,2539.6026744401565,1284.666666666667,0.0,0
47,AW-NSGA-II,0,309.6666666666667,2286.975975943437,1397.6666666666667,0.0,0
47,AW-NSGA-II,1,317.99999999999994,2277.1418648323256,1394.166666666667,0.0,0
47,AW-NSGA-II,2,324.0,2346.7286891651947,1366.5000000000002,0.0,0
47,AW-NSGA-II,3,313.33333333333337,2286.4101502860017,1392.5000000000002,0.0,0
47,AW-NSGA-II,4,309.6666666666667,2278.9359560259186,1407.6666666666667,0.0,1
47,AW-NSGA-II,5,309.6666666666667,2286.975975943437,1397.6666666666667,0.0,0
47,AW-NSGA-II,6,322.66666666666663,2429.834355780095,1372.0,0.0,0
47,AW-NSGA-II,7,291.0,2296.701163821759,1375.3333333333335,0.0,0
47,AW-NSGA-II,8,388.3333333333333,2624.6885860221278,1364.0,0.0,0
47,AW-NSGA-II,9,291.0,2295.950552037745,1387.8333333333335,0.0,0
47,AW-NSGA-II,10,309.6666666666667,2285.976198165659,1398.6666666666667,0.0,0
47,NSGA-II-2obj,0,317.0,2263.14433115983,1399.1666666666667,0.0,0
47,NSGA-II-2obj,1,336.6666666666667,2256.52105262174,1417.8333333333333,0.0,0
47,NSGA-II-2obj,2,305.6666666666667,2277.0657218594397,1378.8333333333333,0.0,1
47,NSGA-II-2obj,3,330.00000000000006,2260.8885855825365,1415.3333333333335,0.0,0
47,NSGA-II-2obj,4,323.33333333333337,2261.6876081772953,1417.3333333333333,0.0,0
47,NSGA-II-2obj,5,323.33333333333337,2261.6876081772953,1417.3333333333333,0.0,0
47,NSGA-II-3obj,0,317.6666666666667,2292.805183525387,1372.8333333333335,0.0,0
47,NSGA-II-3obj,1,335.3333333333333,2401.9495645798156,1351.5,0.0,0
47,NSGA-II-3obj,2,335.3333333333333,2401.9495645798156,1351.5,0.0,0
47,NSGA-II-3obj,3,298.0,2452.8886919105134,1369.6666666666665,0.0,0
47,NSGA-II-3obj,4,330.3333333333333,2347.9654053654617,1365.6666666666667,0.0,0
47,NSGA-II-3obj,5,335.3333333333333,2348.221899292115,1361.0,0.0,1
47,NSGA-II-3obj,6,317.6666666666667,2309.164987755566,1371.8333333333335,0.0,0
47,NSGA-II-3obj,7,353.33333333333337,2343.944628351163,1369.5,0.0,0
47,NSGA-II-3obj,8,326.66666666666663,2389.723047440263,1366.1666666666667,0.0,0
47,NSGA-II-3obj,9,335.3333333333333,2401.9495645798156,1351.5,0.0,0
47,NSGA-II-3obj,10,335.3333333333333,2393.9499349501857,1353.166666666667,0.0,0
47,NSGA-II-3obj,11,330.3333333333333,2347.9654053654617,1365.6666666666667,0.0,0
47,NSGA-II-3obj,12,335.3333333333333,2393.9499349501857,1353.166666666667,0.0,0
47,NSGA-II-3obj,13,335.3333333333333,2401.9495645798156,1351.5,0.0,0
47,NSGA-II-3obj,14,311.6666666666667,2353.962525680986,1370.4999999999998,0.0,0
47,NSGA-II-3obj,15,321.6666666666667,2371.201863667842,1367.9999999999998,0.0,0
47,NSGA-II-3obj,16,321.6666666666667,2371.201863667842,1367.9999999999998,0.0,0
47,NSGA-II-3obj,17,310.6666666666667,2383.7245659587816,1373.0,0.0,0
47,NSGA-II-3obj,18,335.3333333333333,2348.221899292115,1361.0,0.0,0
47,NSGA-II-3obj,19,298.0,2300.5634305860453,1373.1666666666665,0.0,0
47,NSGA-II-3obj,20,335.3333333333333,2401.9495645798156,1351.5,0.0,0
47,NSGA-III,0,325.3333333333333,2385.6191851671724,1375.1666666666667,0.0,0
47,NSGA-III,1,314.0,2356.396514163848,1378.1666666666667,0.0,1
47,NSGA-III,2,325.3333333333333,2385.6191851671724,1375.1666666666667,0.0,0
47,NSGA-III,3,303.66666666666663,2389.5003704011096,1411.8333333333333,0.0,0
47,NSGA-III,4,402.33333333333337,2523.176329017454,1365.5,0.0,0
47,NSGA-III,5,311.3333333333333,2353.536397397623,1390.6666666666667,0.0,0
47,NSGA-III,6,341.0,2258.4190471534293,1411.6666666666667,0.0,0
47,NSGA-III,7,331.33333333333337,2380.325686762946,1366.8333333333333,0.0,0
47,NSGA-III,8,314.0,2356.396514163848,1378.1666666666667,0.0,0
47,NSGA-III,9,318.3333333333333,2339.3256763283516,1395.1666666666667,0.0,0
47,NSGA-III,10,325.3333333333333,2331.14826990999,1382.1666666666665,0.0,0
47,NSGA-III,11,323.33333333333337,2270.118062321751,1405.5,0.0,0
47,NSGA-III,12,306.33333333333337,2383.8260606267195,1391.1666666666667,0.0,0
47,NSGA-III,13,305.0,2384.5851581042602,1383.6666666666667,0.0,0
47,NSGA-III,14,338.66666666666663,2304.2618437386855,1405.1666666666665,0.0,0
47,NSGA-III,15,306.33333333333337,2399.657690256349,1383.5,0.0,0
47,NSGA-III,16,391.6666666666667,2537.8432179063425,1366.5,0.0,0
47,MOEA/D,0,297.0,2137.11319500779,1364.8333333333335,0.0,1
47,MOEA/D,1,299.3333333333333,2197.7792320448275,1362.0,0.0,0
47,MOEA/D,2,297.0,2137.11319500779,1364.8333333333335,0.0,0
47,MOEA/D,3,297.0,2137.11319500779,1364.8333333333335,0.0,0
47,MOEA/D,4,290.3333333333333,2127.781935748531,1374.1666666666667,0.0,0
47,MOEA/D,5,290.3333333333333,2127.781935748531,1374.1666666666667,0.0,0
47,MOEA/D,6,290.3333333333333,2127.781935748531,1374.1666666666667,0.0,0
47,MOEA/D,7,290.3333333333333,2127.781935748531,1374.1666666666667,0.0,0
47,MOEA/D,8,297.0,2137.11319500779,1364.8333333333335,0.0,0
47,MOEA/D,9,297.0,2137.11319500779,1364.8333333333335,0.0,0
47,MOEA/D,10,297.0,2137.11319500779,1364.8333333333335,0.0,0
47,MOEA/D,11,290.3333333333333,2127.781935748531,1374.1666666666667,0.0,0
47,MOEA/D,12,297.0,2137.11319500779,1364.8333333333335,0.0,0
47,MOEA/D,13,297.0,2137.11319500779,1364.8333333333335,0.0,0
47,MOEA/D,14,297.0,2137.11319500779,1364.8333333333335,0.0,0
47,MOEA/D,15,297.0,2137.11319500779,1364.8333333333335,0.0,0
47,MOEA/D,16,297.0,2137.11319500779,1364.8333333333335,0.0,0
47,MOEA/D,17,290.3333333333333,2127.781935748531,1374.1666666666667,0.0,0
47,MOEA/D,19,297.0,2137.11319500779,1364.8333333333335,0.0,0
47,MOEA/D,20,297.0,2137.11319500779,1364.8333333333335,0.0,0
47,MOEA/D,21,290.3333333333333,2127.781935748531,1374.1666666666667,0.0,0
47,MOEA/D,22,297.0,2137.11319500779,1364.8333333333335,0.0,0
47,MOEA/D,23,290.3333333333333,2127.781935748531,1374.1666666666667,0.0,0
47,MOEA/D,24,290.3333333333333,2127.781935748531,1374.1666666666667,0.0,0
47,MOEA/D,25,297.0,2137.11319500779,1364.8333333333335,0.0,0
47,MOEA/D,26,297.0,2137.11319500779,1364.8333333333335,0.0,0
47,MOEA/D,27,297.0,2137.11319500779,1364.8333333333335,0.0,0
47,MOEA/D,28,290.3333333333333,2127.781935748531,1374.1666666666667,0.0,0
47,MOEA/D,29,297.0,2137.11319500779,1364.8333333333335,0.0,0
47,MOEA/D,30,297.0,2137.11319500779,1364.8333333333335,0.0,0
47,MOEA/D,31,297.0,2137.11319500779,1364.8333333333335,0.0,0
47,MOEA/D,32,297.0,2137.11319500779,1364.8333333333335,0.0,0
47,MOEA/D,33,297.0,2137.11319500779,1364.8333333333335,0.0,0
47,MOEA/D,34,297.0,2137.11319500779,1364.8333333333335,0.0,0
47,MOEA/D,35,297.0,2137.11319500779,1364.8333333333335,0.0,0
47,MOEA/D,36,297.0,2137.11319500779,1364.8333333333335,0.0,0
47,MOEA/D,37,297.0,2137.11319500779,1364.8333333333335,0.0,0
47,MOEA/D,38,290.3333333333333,2127.781935748531,1374.1666666666667,0.0,0
47,MOEA/D,39,297.0,2137.11319500779,1364.8333333333335,0.0,0
47,MOEA/D,40,297.0,2137.11319500779,1364.8333333333335,0.0,0
47,MOEA/D,41,297.0,2137.11319500779,1364.8333333333335,0.0,0
47,MOEA/D,42,297.0,2137.11319500779,1364.8333333333335,0.0,0
47,MOEA/D,43,297.0,2137.11319500779,1364.8333333333335,0.0,0
47,MOEA/D,44,297.0,2137.11319500779,1364.8333333333335,0.0,0
47,MOEA/D,45,297.0,2137.11319500779,1364.8333333333335,0.0,0
47,MOEA/D,46,297.0,2137.11319500779,1364.8333333333335,0.0,0
47,MOEA/D,47,297.0,2137.11319500779,1364.8333333333335,0.0,0
47,MOEA/D,48,297.0,2137.11319500779,1364.8333333333335,0.0,0
47,MOEA/D,49,297.0,2137.11319500779,1364.8333333333335,0.0,0
47,MOEA/D,50,297.0,2137.11319500779,1364.8333333333335,0.0,0
47,MOEA/D,51,297.0,2137.11319500779,1364.8333333333335,0.0,0
47,MOEA/D,52,297.0,2137.11319500779,1364.8333333333335,0.0,0
47,MOEA/D,53,297.0,2137.11319500779,1364.8333333333335,0.0,0
47,MOEA/D,54,297.0,2137.11319500779,1364.8333333333335,0.0,0
47,MOEA/D,55,297.0,2137.11319500779,1364.8333333333335,0.0,0
47,MOEA/D,56,297.0,2137.11319500779,1364.8333333333335,0.0,0
47,MOEA/D,57,290.3333333333333,2127.781935748531,1374.1666666666667,0.0,0
47,MOEA/D,58,297.0,2137.11319500779,1364.8333333333335,0.0,0
47,MOEA/D,59,290.3333333333333,2127.781935748531,1374.1666666666667,0.0,0
47,MOEA/D,60,297.0,2137.11319500779,1364.8333333333335,0.0,0
47,MOEA/D,61,297.0,2137.11319500779,1364.8333333333335,0.0,0
47,MOEA/D,62,297.0,2137.11319500779,1364.8333333333335,0.0,0
47,MOEA/D,63,297.0,2173.1126024151977,1362.1666666666667,0.0,0
47,MOEA/D,64,297.0,2137.11319500779,1364.8333333333335,0.0,0
47,MOEA/D,65,297.0,2137.11319500779,1364.8333333333335,0.0,0
47,MOEA/D,66,297.0,2137.11319500779,1364.8333333333335,0.0,0
47,MOEA/D,67,297.0,2137.11319500779,1364.8333333333335,0.0,0
47,MOEA/D,68,297.0,2137.11319500779,1364.8333333333335,0.0,0
47,MOEA/D,69,297.0,2137.11319500779,1364.8333333333335,0.0,0
47,MOEA/D,70,297.0,2137.11319500779,1364.8333333333335,0.0,0
47,MOEA/D,71,297.0,2173.1126024151977,1362.1666666666667,0.0,0
47,MOEA/D,72,297.0,2137.11319500779,1364.8333333333335,0.0,0
47,MOEA/D,73,297.0,2163.2155451467993,1364.6666666666667,0.0,0
47,MOEA/D,74,297.0,2137.11319500779,1364.8333333333335,0.0,0
47,MOEA/D,75,297.0,2137.11319500779,1364.8333333333335,0.0,0
47,MOEA/D,76,290.3333333333333,2127.781935748531,1374.1666666666667,0.0,0
47,MOEA/D,77,297.0,2137.11319500779,1364.8333333333335,0.0,0
47,MOEA/D,78,297.0,2137.11319500779,1364.8333333333335,0.0,0
47,MOEA/D,79,297.0,2137.11319500779,1364.8333333333335,0.0,0
47,MOEA/D,80,297.0,2137.11319500779,1364.8333333333335,0.0,0
47,MOEA/D,81,290.3333333333333,2127.781935748531,1374.1666666666667,0.0,0
47,MOEA/D,82,297.0,2137.11319500779,1364.8333333333335,0.0,0
47,MOEA/D,83,297.0,2137.11319500779,1364.8333333333335,0.0,0
47,MOEA/D,84,290.3333333333333,2127.781935748531,1374.1666666666667,0.0,0
47,MOEA/D,85,297.0,2137.11319500779,1364.8333333333335,0.0,0
47,MOEA/D,86,297.0,2137.11319500779,1364.8333333333335,0.0,0
47,MOEA/D,87,297.0,2137.11319500779,1364.8333333333335,0.0,0
47,MOEA/D,88,297.0,2137.11319500779,1364.8333333333335,0.0,0
47,MOEA/D,89,297.0,2137.11319500779,1364.8333333333335,0.0,0
47,MOEA/D,90,297.0,2137.11319500779,1364.8333333333335,0.0,0
47,MOEA/D,91,297.0,2137.11319500779,1364.8333333333335,0.0,0
47,MOEA/D,92,297.0,2137.11319500779,1364.8333333333335,0.0,0
47,MOEA/D,93,290.3333333333333,2127.781935748531,1374.1666666666667,0.0,0
47,MOEA/D,94,297.0,2137.11319500779,1364.8333333333335,0.0,0
47,MOEA/D,96,290.3333333333333,2127.781935748531,1374.1666666666667,0.0,0
47,MOEA/D,97,297.0,2137.11319500779,1364.8333333333335,0.0,0
47,MOEA/D,98,297.0,2137.11319500779,1364.8333333333335,0.0,0
47,MOEA/D,99,290.3333333333333,2127.781935748531,1374.1666666666667,0.0,0
47,GA-SA,1,316.6666666666667,2333.590313101214,1347.8333333333335,0.0,1
47,A*-GA,0,310.33333333333337,2317.5559669457552,1444.1666666666667,0.0,1
47,A*-GA,1,310.33333333333337,2364.001372444848,1450.166666666667,0.0,0
47,A*-GA,2,310.33333333333337,2317.5559669457552,1444.1666666666667,0.0,0
47,LWC,0,396.6666666666667,2622.5972471563696,1376.3333333333335,0.0,0
47,LWC,1,342.33333333333337,2327.8659587017837,1386.8333333333333,0.0,0
47,LWC,2,302.33333333333337,2354.3663278392733,1378.6666666666667,0.0,0
47,LWC,3,329.0,2267.1802237969873,1425.666666666667,0.0,0
47,LWC,4,396.6666666666667,2622.5972471563696,1376.3333333333335,0.0,0
47,LWC,5,326.3333333333333,2302.196033256734,1414.8333333333333,0.0,0
47,LWC,6,342.33333333333337,2371.699179691125,1376.5,0.0,0
47,LWC,7,327.6666666666667,2293.4151077557704,1433.0,0.0,0
47,LWC,8,300.0,2368.1592421581795,1385.1666666666667,0.0,0
47,LWC,9,396.6666666666667,2622.5972471563696,1376.3333333333335,0.0,0
47,LWC,10,308.33333333333337,2329.8256125285498,1383.8333333333335,0.0,0
47,LWC,11,396.6666666666667,2657.262210119333,1368.6666666666667,0.0,1
47,LWC,12,342.33333333333337,2371.699179691125,1376.5,0.0,0
47,LWC,13,329.0,2291.8438904636546,1412.166666666667,0.0,0
47,LWC,14,396.6666666666667,2638.9302101193325,1374.666666666667,0.0,0
47,LWC,15,316.0,2295.745552200215,1420.0,0.0,0
47,LWC,16,327.6666666666667,2293.4151077557704,1433.0,0.0,0
47,LWC,17,316.0,2295.745552200215,1420.0,0.0,0
47,LWC,18,396.6666666666667,2628.0713207476956,1376.1666666666667,0.0,0
47,LWC,19,308.33333333333337,2306.994316232254,1393.0,0.0,0
48,AW-NSGA-II,0,294.3333333333333,2543.6189624151234,1378.3333333333335,0.0,0
48,AW-NSGA-II,1,301.0,2538.6048259025342,1382.6666666666667,0.0,0
48,AW-NSGA-II,2,296.33333333333337,2547.9360851617944,1373.3333333333333,0.0,0
48,AW-NSGA-II,3,314.6666666666667,2651.592322791138,1339.0,0.0,0
48,AW-NSGA-II,4,309.0,2513.0423871910702,1359.3333333333335,0.0,0
48,AW-NSGA-II,5,295.0,2563.4674715250712,1374.6666666666667,0.0,0
48,AW-NSGA-II,6,294.3333333333333,2539.452555007716,1379.4999999999998,0.0,0
48,AW-NSGA-II,7,296.33333333333337,2552.611427064514,1371.1666666666667,0.0,0
48,AW-NSGA-II,8,304.33333333333337,2645.555969001321,1357.0,0.0,0
48,AW-NSGA-II,9,309.0,2603.834712118551,1354.8333333333335,0.0,0
48,AW-NSGA-II,10,309.0,2513.0423871910702,1359.3333333333335,0.0,0
48,AW-NSGA-II,11,314.6666666666667,2561.31638698023,1350.8333333333335,0.0,0
48,AW-NSGA-II,12,310.0,2482.771805212892,1389.5,0.0,0
48,AW-NSGA-II,13,296.33333333333337,2547.9360851617944,1373.3333333333333,0.0,0
48,AW-NSGA-II,14,304.6666666666667,2531.8890896457456,1360.3333333333333,0.0,0
48,AW-NSGA-II,15,304.0,2513.543979783663,1366.4999999999998,0.0,0
48,AW-NSGA-II,16,359.6666666666667,2458.8816232471972,1353.4999999999998,0.0,0
48,AW-NSGA-II,17,309.0,2486.2134949789815,1367.3333333333333,0.0,0
48,AW-NSGA-II,18,296.33333333333337,2547.9360851617944,1373.3333333333333,0.0,0
48,AW-NSGA-II,19,294.3333333333333,2532.2650798844584,1386.1666666666665,0.0,0
48,AW-NSGA-II,20,311.6666666666667,2493.1993079607605,1355.0,0.0,0
48,AW-NSGA-II,21,309.0,2486.2134949789815,1367.3333333333333,0.0,0
48,AW-NSGA-II,22,314.6666666666667,2620.343320141477,1345.6666666666667,0.0,0
48,AW-NSGA-II,23,310.0,2482.771805212892,1389.5,0.0,0
48,AW-NSGA-II,24,304.33333333333337,2621.8196326872667,1362.3333333333335,0.0,0
48,AW-NSGA-II,25,304.0,2530.460350154033,1365.1666666666665,0.0,0
48,AW-NSGA-II,26,295.0,2572.5732065495854,1371.5,0.0,0
48,AW-NSGA-II,27,321.0,2601.8897867857904,1349.0,0.0,0
48,AW-NSGA-II,28,310.3333333333333,2470.3543146938964,1383.5,0.0,0
48,AW-NSGA-II,29,311.6666666666667,2493.1993079607605,1355.0,0.0,1
48,AW-NSGA-II,30,294.3333333333333,2536.953480933642,1383.6666666666667,0.0,0
48,AW-NSGA-II,31,309.0,2486.2134949789815,1367.3333333333333,0.0,0
48,AW-NSGA-II,32,304.6666666666667,2544.8882748309316,1356.6666666666667,0.0,0
48,AW-NSGA-II,33,311.6666666666667,2437.5498084323826,1360.3333333333335,0.0,0
48,AW-NSGA-II,34,296.33333333333337,2521.4112670680884,1388.6666666666665,0.0,0
48,AW-NSGA-II,35,331.0,2599.7718032733974,1349.3333333333333,0.0,0
48,AW-NSGA-II,36,301.0,2573.8765723762554,1363.1666666666667,0.0,0
48,AW-NSGA-II,37,295.0,2596.543903805359,1371.3333333333333,0.0,0
48,AW-NSGA-II,38,359.6666666666667,2459.870290913086,1349.8333333333333,0.0,0
48,AW-NSGA-II,39,296.33333333333337,2521.4112670680884,1388.6666666666665,0.0,0
48,AW-NSGA-II,40,301.0,2538.6048259025342,1382.6666666666667,0.0,0
48,AW-NSGA-II,41,359.6666666666667,2458.8816232471972,1353.4999999999998,0.0,0
48,AW-NSGA-II,42,304.0,2501.5026911507116,1384.5,0.0,0
48,AW-NSGA-II,43,304.33333333333337,2647.3047838161365,1351.6666666666667,0.0,0
48,AW-NSGA-II,44,309.0,2515.0414983021815,1355.3333333333335,0.0,0
48,AW-NSGA-II,45,359.6666666666667,2444.215401024975,1355.4999999999998,0.0,0
48,AW-NSGA-II,46,311.6666666666667,2493.1993079607605,1355.0,0.0,0
48,NSGA-II-2obj,0,306.6666666666667,2539.0499073595115,1389.3333333333333,0.0,0
48,NSGA-II-2obj,1,309.0,2496.3826945985375,1388.0,0.0,0
48,NSGA-II-2obj,2,309.66666666666663,2435.6939731453112,1401.1666666666667,0.0,0
48,NSGA-II-2obj,3,298.3333333333333,2564.6268093472395,1404.0,0.0,0
48,NSGA-II-2obj,4,322.99999999999994,2413.6173594774937,1401.8333333333335,0.0,1
48,NSGA-II-2obj,5,307.0,2521.0273595454382,1417.1666666666667,0.0,0
48,NSGA-II-3obj,0,304.3333333333333,2534.8500913455428,1361.1666666666667,0.0,0
48,NSGA-II-3obj,1,338.66666666666663,2515.5472083538793,1369.8333333333333,0.0,0
48,NSGA-II-3obj,2,304.3333333333333,2534.8500913455428,1361.1666666666667,0.0,0
48,NSGA-II-3obj,3,304.3333333333333,2521.5501892033653,1373.0000000000002,0.0,0
48,NSGA-II-3obj,4,312.33333333333337,2511.8426541042936,1382.5,0.0,0
48,NSGA-II-3obj,5,312.33333333333337,2511.8426541042936,1382.5,0.0,0
48,NSGA-II-3obj,6,304.3333333333333,2534.2740418131584,1371.5,0.0,0
48,NSGA-II-3obj,7,319.66666666666663,2491.320154516303,1383.3333333333333,0.0,0
48,NSGA-II-3obj,8,315.33333333333326,2517.973288504585,1367.6666666666667,0.0,0
48,NSGA-II-3obj,9,360.0,2516.836287881081,1368.1666666666667,0.0,0
48,NSGA-II-3obj,10,304.3333333333333,2534.8500913455428,1361.1666666666667,0.0,0
48,NSGA-II-3obj,11,353.3333333333333,2742.564976387223,1337.1666666666665,0.0,0
48,NSGA-II-3obj,12,334.66666666666663,2651.421384223318,1340.8333333333333,0.0,0
48,NSGA-II-3obj,13,304.3333333333333,2534.8500913455428,1361.1666666666667,0.0,0
48,NSGA-II-3obj,14,311.3333333333333,2509.2180839891685,1385.5000000000002,0.0,0
48,NSGA-II-3obj,15,304.3333333333333,2524.5499669811434,1372.0000000000002,0.0,0
48,NSGA-II-3obj,16,327.0,2495.6297556651775,1376.0,0.0,0
48,NSGA-II-3obj,17,311.3333333333333,2509.2180839891685,1385.5000000000002,0.0,0
48,NSGA-II-3obj,18,365.3333333333333,2519.2038229616714,1366.1666666666667,0.0,0
48,NSGA-II-3obj,19,356.66666666666663,2490.038897035746,1374.0,0.0,1
48,NSGA-II-3obj,20,365.3333333333333,2500.537897035745,1369.5,0.0,0
48,NSGA-II-3obj,21,312.33333333333337,2480.9745506004338,1385.5,0.0,0
48,NSGA-II-3obj,22,356.0,2518.271503098656,1367.3333333333335,0.0,0
48,NSGA-II-3obj,23,356.0,2515.522449752832,1371.0,0.0,0
48,NSGA-II-3obj,24,365.3333333333333,2519.2038229616714,1366.1666666666667,0.0,0
48,NSGA-II-3obj,25,353.3333333333333,2742.564976387223,1337.1666666666665,0.0,0
48,NSGA-II-3obj,26,311.3333333333333,2509.2180839891685,1385.5000000000002,0.0,0
48,NSGA-II-3obj,27,304.3333333333333,2534.8500913455428,1361.1666666666667,0.0,0
48,NSGA-II-3obj,28,315.33333333333326,2517.973288504585,1367.6666666666667,0.0,0
48,NSGA-II-3obj,29,304.3333333333333,2534.8500913455428,1361.1666666666667,0.0,0
48,NSGA-II-3obj,30,326.6666666666667,2731.7794442818968,1340.5,0.0,0
48,NSGA-II-3obj,31,315.33333333333326,2517.973288504585,1367.6666666666667,0.0,0
48,NSGA-II-3obj,32,360.0,2516.836287881081,1368.1666666666667,0.0,0
48,NSGA-II-3obj,33,307.0,2587.3366855125623,1341.9999999999998,0.0,0
48,NSGA-II-3obj,34,301.66666666666663,2671.329209175057,1347.8333333333335,0.0,0
48,NSGA-II-3obj,35,287.0,2561.649388787578,1349.3333333333335,0.0,0
48,NSGA-III,0,320.3333333333333,2570.830734798145,1372.3333333333333,0.0,0
48,NSGA-III,1,296.3333333333333,2643.6680073432594,1377.5000000000002,0.0,0
48,NSGA-III,2,343.3333333333333,2621.581568787132,1361.3333333333335,0.0,0
48,NSGA-III,3,357.99999999999994,2715.079376433384,1352.3333333333333,0.0,0
48,NSGA-III,4,320.3333333333333,2598.607067516251,1361.6666666666665,0.0,0
48,NSGA-III,5,320.3333333333333,2596.607511960696,1363.6666666666667,0.0,0
48,NSGA-III,6,320.3333333333333,2596.607511960696,1363.6666666666667,0.0,0
48,NSGA-III,7,357.99999999999994,2715.079376433384,1352.3333333333333,0.0,0
48,NSGA-III,8,303.6666666666667,2682.9372683231677,1373.5,0.0,0
48,NSGA-III,9,314.0,2707.9359085403466,1362.1666666666667,0.0,0
48,NSGA-III,10,304.3333333333333,2588.7629988011786,1366.3333333333335,0.0,0
48,NSGA-III,11,320.3333333333333,2570.830734798145,1372.3333333333333,0.0,0
48,NSGA-III,12,320.3333333333333,2593.9414378866218,1366.3333333333333,0.0,0
48,NSGA-III,13,292.3333333333333,2661.049068081829,1378.8333333333333,0.0,0
48,NSGA-III,14,338.6666666666667,2788.8558440843376,1342.5,0.0,0
48,NSGA-III,15,320.3333333333333,2558.621428367554,1397.0,0.0,0
48,NSGA-III,16,315.3333333333333,2570.0233603081538,1392.8333333333335,0.0,0
48,NSGA-III,17,332.3333333333333,2555.7503852510854,1394.5,0.0,0
48,NSGA-III,18,320.3333333333333,2563.331734798145,1376.8333333333333,0.0,0
48,NSGA-III,19,320.3333333333333,2556.456206145332,1403.5000000000002,0.0,0
48,NSGA-III,20,320.3333333333333,2632.3888871429062,1352.8333333333333,0.0,0
48,NSGA-III,21,314.0,2707.9359085403466,1362.1666666666667,0.0,0
48,NSGA-III,22,328.33333333333337,2558.0834963621965,1393.5000000000002,0.0,0
48,NSGA-III,23,303.3333333333333,2579.0845333992334,1398.1666666666667,0.0,0
48,NSGA-III,24,320.3333333333333,2593.9414378866218,1366.3333333333333,0.0,0
48,NSGA-III,25,312.99999999999994,2600.1075489977325,1363.8333333333333,0.0,0
48,NSGA-III,26,315.6666666666667,2560.6420382429246,1393.0000000000002,0.0,0
48,NSGA-III,27,300.3333333333333,2634.9853075910855,1389.5,0.0,0
48,NSGA-III,28,357.99999999999994,2715.079376433384,1352.3333333333333,0.0,0
48,NSGA-III,29,348.66666666666663,2750.078413470421,1347.9999999999998,0.0,0
48,NSGA-III,30,320.3333333333333,2556.456206145332,1403.5000000000002,0.0,0
48,NSGA-III,31,297.0,2635.1186642587677,1373.8333333333335,0.0,0
48,NSGA-III,32,332.3333333333333,2555.085051917752,1400.5,0.0,1
48,NSGA-III,33,309.0,2622.0644172997336,1364.4999999999998,0.0,0
48,NSGA-III,34,310.66666666666663,2587.9090550592964,1370.4999999999998,0.0,0
48,NSGA-III,35,315.3333333333333,2570.0233603081538,1392.8333333333335,0.0,0
48,NSGA-III,36,296.3333333333333,2643.6680073432594,1377.5000000000002,0.0,0
48,NSGA-III,37,320.3333333333333,2556.456206145332,1403.5000000000002,0.0,0
48,MOEA/D,0,285.3333333333333,2360.9241654650896,1371.166666666667,0.0,0
48,MOEA/D,1,295.3333333333333,2366.7973381836327,1361.6666666666665,0.0,0
48,MOEA/D,2,317.3333333333333,2330.2610543539786,1387.1666666666665,0.0,0
48,MOEA/D,3,317.3333333333333,2330.2610543539786,1387.1666666666665,0.0,0
48,MOEA/D,4,288.0,2354.924461761386,1372.5,0.0,0
48,MOEA/D,5,295.3333333333333,2344.5904617613855,1369.5,0.0,1
48,MOEA/D,7,288.0,2354.924461761386,1372.5,0.0,0
48,MOEA/D,8,295.3333333333333,2340.5913506502748,1373.5,0.0,0
48,MOEA/D,9,295.3333333333333,2344.5904617613855,1369.5,0.0,0
48,MOEA/D,10,295.3333333333333,2342.9241654650896,1371.166666666667,0.0,0
48,MOEA/D,11,288.0,2354.924461761386,1372.5,0.0,0
48,MOEA/D,12,295.3333333333333,2340.5913506502748,1373.5,0.0,0
48,MOEA/D,13,295.3333333333333,2355.183143892362,1367.3333333333335,0.0,0
48,MOEA/D,14,295.3333333333333,2344.5904617613855,1369.5,0.0,0
48,MOEA/D,15,317.3333333333333,2330.2610543539786,1387.1666666666665,0.0,0
48,MOEA/D,16,317.3333333333333,2330.2610543539786,1387.1666666666665,0.0,0
48,MOEA/D,17,285.3333333333333,2360.9241654650896,1371.166666666667,0.0,0
48,MOEA/D,18,285.3333333333333,2360.9241654650896,1371.166666666667,0.0,0
48,MOEA/D,19,295.3333333333333,2340.5913506502748,1373.5,0.0,0
48,MOEA/D,20,317.6666666666667,2336.2609432428676,1386.6666666666665,0.0,0
48,MOEA/D,21,288.0,2354.924461761386,1372.5,0.0,0
48,MOEA/D,23,288.0,2354.924461761386,1372.5,0.0,0
48,MOEA/D,24,285.3333333333333,2360.9241654650896,1371.166666666667,0.0,0
48,MOEA/D,25,295.3333333333333,2366.7973381836327,1361.6666666666665,0.0,0
48,MOEA/D,26,295.3333333333333,2342.9241654650896,1371.166666666667,0.0,0
48,MOEA/D,27,317.3333333333333,2330.2610543539786,1387.1666666666665,0.0,0
48,MOEA/D,28,288.0,2354.924461761386,1372.5,0.0,0
48,MOEA/D,29,288.0,2354.924461761386,1372.5,0.0,0
48,MOEA/D,31,295.3333333333333,2340.5913506502748,1373.5,0.0,0
48,MOEA/D,32,295.3333333333333,2344.5904617613855,1369.5,0.0,0
48,MOEA/D,33,295.3333333333333,2340.5913506502748,1373.5,0.0,0
48,MOEA/D,35,317.6666666666667,2336.2609432428676,1386.6666666666665,0.0,0
48,MOEA/D,36,295.3333333333333,2340.5913506502748,1373.5,0.0,0
48,MOEA/D,37,317.3333333333333,2330.2610543539786,1387.1666666666665,0.0,0
48,MOEA/D,38,288.0,2354.924461761386,1372.5,0.0,0
48,MOEA/D,40,295.3333333333333,2342.9241654650896,1371.166666666667,0.0,0
48,MOEA/D,42,295.3333333333333,2344.5904617613855,1369.5,0.0,0
48,MOEA/D,44,317.3333333333333,2330.2610543539786,1387.1666666666665,0.0,0
48,MOEA/D,45,317.3333333333333,2330.2610543539786,1387.1666666666665,0.0,0
48,MOEA/D,46,295.3333333333333,2344.5904617613855,1369.5,0.0,0
48,MOEA/D,48,285.3333333333333,2360.9241654650896,1371.166666666667,0.0,0
48,MOEA/D,49,317.3333333333333,2330.2610543539786,1387.1666666666665,0.0,0
48,MOEA/D,51,295.3333333333333,2344.5904617613855,1369.5,0.0,0
48,MOEA/D,52,295.3333333333333,2340.5913506502748,1373.5,0.0,0
48,MOEA/D,53,295.3333333333333,2342.9241654650896,1371.166666666667,0.0,0
48,MOEA/D,54,295.3333333333333,2344.5904617613855,1369.5,0.0,0
48,MOEA/D,55,295.3333333333333,2366.7973381836327,1361.6666666666665,0.0,0
48,MOEA/D,57,288.0,2354.924461761386,1372.5,0.0,0
48,MOEA/D,58,285.3333333333333,2360.9241654650896,1371.166666666667,0.0,0
48,MOEA/D,59,288.0,2354.924461761386,1372.5,0.0,0
48,MOEA/D,60,295.3333333333333,2340.5913506502748,1373.5,0.0,0
48,MOEA/D,61,317.3333333333333,2330.2610543539786,1387.1666666666665,0.0,0
48,MOEA/D,62,295.3333333333333,2344.5904617613855,1369.5,0.0,0
48,MOEA/D,63,295.3333333333333,2366.7973381836327,1361.6666666666665,0.0,0
48,MOEA/D,64,317.3333333333333,2330.2610543539786,1387.1666666666665,0.0,0
48,MOEA/D,65,317.6666666666667,2336.2609432428676,1386.6666666666665,0.0,0
48,MOEA/D,66,295.3333333333333,2342.9241654650896,1371.166666666667,0.0,0
48,MOEA/D,67,295.3333333333333,2342.9241654650896,1371.166666666667,0.0,0
48,MOEA/D,68,288.0,2354.924461761386,1372.5,0.0,0
48,MOEA/D,69,295.3333333333333,2355.183143892362,1367.3333333333335,0.0,0
48,MOEA/D,70,317.6666666666667,2336.2609432428676,1386.6666666666665,0.0,0
48,MOEA/D,71,284.0,2390.08853583546,1360.8333333333333,0.0,0
48,MOEA/D,72,295.3333333333333,2366.7973381836327,1361.6666666666665,0.0,0
48,MOEA/D,74,295.3333333333333,2344.5904617613855,1369.5,0.0,0
48,MOEA/D,75,310.6666666666667,2329.5149273591323,1390.1666666666667,0.0,0
48,MOEA/D,76,285.3333333333333,2360.9241654650896,1371.166666666667,0.0,0
48,MOEA/D,77,295.3333333333333,2344.5904617613855,1369.5,0.0,0
48,MOEA/D,78,295.3333333333333,2340.5913506502748,1373.5,0.0,0
48,MOEA/D,79,295.3333333333333,2344.5904617613855,1369.5,0.0,0
48,MOEA/D,80,295.3333333333333,2355.183143892362,1367.3333333333335,0.0,0
48,MOEA/D,81,288.0,2354.924461761386,1372.5,0.0,0
48,MOEA/D,82,295.3333333333333,2342.9241654650896,1371.166666666667,0.0,0
48,MOEA/D,83,295.3333333333333,2355.183143892362,1367.3333333333335,0.0,0
48,MOEA/D,84,288.0,2354.924461761386,1372.5,0.0,0
48,MOEA/D,86,295.3333333333333,2340.5913506502748,1373.5,0.0,0
48,MOEA/D,87,295.3333333333333,2344.5904617613855,1369.5,0.0,0
48,MOEA/D,88,295.3333333333333,2355.183143892362,1367.3333333333335,0.0,0
48,MOEA/D,89,295.3333333333333,2342.9241654650896,1371.166666666667,0.0,0
48,MOEA/D,90,295.3333333333333,2342.9241654650896,1371.166666666667,0.0,0
48,MOEA/D,91,295.3333333333333,2340.5913506502748,1373.5,0.0,0
48,MOEA/D,92,295.3333333333333,2342.9241654650896,1371.166666666667,0.0,0
48,MOEA/D,93,285.3333333333333,2360.9241654650896,1371.166666666667,0.0,0
48,MOEA/D,94,295.3333333333333,2344.5904617613855,1369.5,0.0,0
48,MOEA/D,95,285.3333333333333,2360.9241654650896,1371.166666666667,0.0,0
48,MOEA/D,96,295.3333333333333,2340.5913506502748,1373.5,0.0,0
48,MOEA/D,97,295.3333333333333,2344.5904617613855,1369.5,0.0,0
48,MOEA/D,98,295.3333333333333,2342.9241654650896,1371.166666666667,0.0,0
48,MOEA/D,99,285.3333333333333,2360.9241654650896,1371.166666666667,0.0,0
48,GA-SA,0,294.6666666666667,2568.667365124305,1329.3333333333333,0.0,1
48,A*-GA,0,304.3333333333333,2500.254351649021,1420.3333333333335,0.0,1
48,A*-GA,1,304.3333333333333,2507.2527960934653,1413.3333333333335,0.0,0
48,A*-GA,2,304.3333333333333,2510.9381479028175,1414.666666666667,0.0,0
48,LWC,0,327.3333333333333,2575.487272067937,1369.5,0.0,0
48,LWC,1,346.99999999999994,2564.596107497233,1359.5,0.0,0
48,LWC,2,329.3333333333333,2694.4131740427138,1355.4999999999998,0.0,0
48,LWC,3,346.99999999999994,2564.596107497233,1359.5,0.0,0
48,LWC,4,299.0,2530.4371430236474,1382.3333333333333,0.0,0
48,LWC,5,316.6666666666667,2556.820894202208,1371.4999999999998,0.0,0
48,LWC,6,351.3333333333333,2693.413396264936,1356.5,0.0,0
48,LWC,7,304.66666666666663,2474.1502300861775,1386.8333333333333,0.0,0
48,LWC,8,316.6666666666667,2556.820894202208,1371.4999999999998,0.0,0
48,LWC,9,335.66666666666663,2513.436577220149,1377.3333333333333,0.0,0
48,LWC,10,316.6666666666667,2708.9027007782247,1364.0000000000002,0.0,0
48,LWC,11,316.0,2607.0080720522637,1365.1666666666665,0.0,0
48,LWC,12,301.0,2638.968526301012,1368.8333333333333,0.0,0
48,LWC,13,316.6666666666667,2708.9027007782247,1364.0000000000002,0.0,0
48,LWC,14,327.3333333333333,2575.487272067937,1369.5,0.0,0
48,LWC,15,313.0,2621.2503939646385,1365.8333333333335,0.0,0
48,LWC,16,316.0,2607.0080720522637,1365.1666666666665,0.0,0
48,LWC,17,327.3333333333333,2575.487272067937,1369.5,0.0,0
48,LWC,18,305.3333333333333,2534.1545238318377,1372.8333333333333,0.0,0
48,LWC,19,314.3333333333333,2487.097465398226,1378.8333333333335,0.0,0
48,LWC,20,340.3333333333333,2549.565652475639,1368.5,0.0,0
48,LWC,21,321.3333333333333,2719.9130258945656,1354.8333333333333,0.0,0
48,LWC,22,318.66666666666663,2686.2881448239946,1359.8333333333333,0.0,0
48,LWC,23,301.0,2638.968526301012,1368.8333333333333,0.0,0
48,LWC,24,322.0,2699.428669866615,1355.1666666666665,0.0,0
48,LWC,25,300.0,2603.8350498272375,1372.8333333333333,0.0,0
48,LWC,26,304.66666666666663,2474.1502300861775,1386.8333333333333,0.0,0
48,LWC,27,302.3333333333333,2527.2076474174187,1396.6666666666667,0.0,0
48,LWC,28,318.66666666666663,2766.84272892151,1359.6666666666665,0.0,1
48,LWC,29,340.66666666666663,2565.473639020064,1365.8333333333333,0.0,0
48,LWC,30,323.00000000000006,2632.808311801637,1359.9999999999998,0.0,0
48,LWC,31,406.3333333333333,2577.6889669468414,1351.6666666666667,0.0,0
48,LWC,32,320.0,2588.951225696468,1366.9999999999998,0.0,0
48,LWC,33,346.99999999999994,2560.097329719455,1365.0,0.0,0
48,LWC,34,349.66666666666663,2527.366678373392,1363.5,0.0,0
48,LWC,35,327.3333333333333,2575.487272067937,1369.5,0.0,0
48,LWC,36,346.99999999999994,2500.2649223120475,1369.1666666666667,0.0,0
48,LWC,37,346.99999999999994,2553.440629997211,1367.6666666666667,0.0,0
48,LWC,38,314.3333333333333,2487.097465398226,1378.8333333333335,0.0,0
48,LWC,39,323.00000000000006,2603.475665582371,1363.333333333333,0.0,0
48,LWC,40,301.0,2633.4967167281766,1370.1666666666667,0.0,0
48,LWC,41,301.0,2633.4967167281766,1370.1666666666667,0.0,0
48,LWC,42,320.0,2588.951225696468,1366.9999999999998,0.0,0
48,LWC,43,323.00000000000006,2632.808311801637,1359.9999999999998,0.0,0
48,LWC,44,333.0,2507.5450092710616,1377.3333333333335,0.0,0
48,LWC,45,346.99999999999994,2500.2649223120475,1369.1666666666667,0.0,0
48,LWC,46,349.66666666666663,2523.0343080030216,1367.8333333333333,0.0,0
48,LWC,47,348.3333333333333,2600.084532494963,1358.5,0.0,0
48,LWC,48,305.3333333333333,2527.6432331443484,1386.833333333333,0.0,0
48,LWC,49,337.66666666666663,2424.414265512856,1380.1666666666667,0.0,0
48,LWC,50,323.00000000000006,2631.142015505341,1361.6666666666665,0.0,0
48,LWC,51,316.6666666666667,2525.988412720727,1375.333333333333,0.0,0
48,LWC,52,340.3333333333333,2583.0650969200833,1366.0,0.0,0
49,AW-NSGA-II,0,320.0,2484.932111370839,1350.8333333333333,0.0,0
49,AW-NSGA-II,1,294.33333333333337,2348.3757597977333,1369.6666666666667,0.0,0
49,AW-NSGA-II,2,320.0,2418.265481741209,1351.0,0.0,0
49,AW-NSGA-II,3,287.6666666666667,2565.647918551385,1370.5,0.0,0
49,AW-NSGA-II,4,287.33333333333337,2424.49488281992,1374.666666666667,0.0,0
49,AW-NSGA-II,5,320.0,2417.848082027701,1351.6666666666665,0.0,0
49,AW-NSGA-II,6,303.6666666666667,2362.8746857236592,1364.8333333333337,0.0,0
49,AW-NSGA-II,7,320.0,2484.932111370839,1350.8333333333333,0.0,0
49,AW-NSGA-II,8,368.0,2386.3409335029346,1351.5,0.0,0
49,AW-NSGA-II,9,368.0,2386.3409335029346,1351.5,0.0,0
49,AW-NSGA-II,10,316.3333333333333,2421.668798781153,1352.8333333333335,0.0,0
49,AW-NSGA-II,11,291.0,2374.6502449704153,1372.1666666666667,0.0,0
49,AW-NSGA-II,12,291.0,2414.4405772573264,1362.166666666667,0.0,0
49,AW-NSGA-II,13,291.33333333333337,2381.212754595319,1370.8333333333333,0.0,0
49,AW-NSGA-II,14,287.3333333333333,2573.314881514348,1371.8333333333333,0.0,0
49,AW-NSGA-II,15,333.6666666666667,2440.1524041148623,1350.5,0.0,0
49,AW-NSGA-II,16,287.33333333333337,2424.49488281992,1374.666666666667,0.0,0
49,AW-NSGA-II,17,287.33333333333337,2424.49488281992,1374.666666666667,0.0,0
49,AW-NSGA-II,18,292.0,2380.319606574739,1358.8333333333333,0.0,0
49,AW-NSGA-II,19,294.33333333333337,2345.4533081943105,1373.6666666666667,0.0,0
49,AW-NSGA-II,20,291.33333333333337,2359.4377097051365,1380.0000000000002,0.0,0
49,AW-NSGA-II,21,288.33333333333337,2423.612965248148,1366.5000000000002,0.0,0
49,AW-NSGA-II,22,295.3333333333333,2388.835724707079,1354.0,0.0,0
49,AW-NSGA-II,23,331.0,2484.432000259728,1350.3333333333335,0.0,0
49,AW-NSGA-II,24,303.6666666666667,2362.8746857236592,1364.8333333333337,0.0,0
49,AW-NSGA-II,25,291.0,2414.4405772573264,1362.166666666667,0.0,0
49,AW-NSGA-II,26,291.0,2414.4405772573264,1362.166666666667,0.0,0
49,AW-NSGA-II,27,375.33333333333337,2490.2647039634317,1347.4999999999998,0.0,0
49,AW-NSGA-II,28,303.6666666666667,2362.8746857236592,1364.8333333333337,0.0,0
49,AW-NSGA-II,29,291.0,2407.9316059071207,1363.5,0.0,0
49,AW-NSGA-II,30,368.0,2386.3409335029346,1351.5,0.0,0
49,AW-NSGA-II,31,292.0,2380.319606574739,1358.8333333333333,0.0,0
49,AW-NSGA-II,32,291.0,2414.4405772573264,1362.166666666667,0.0,0
49,AW-NSGA-II,33,291.0,2414.4405772573264,1362.166666666667,0.0,0
49,AW-NSGA-II,34,306.66666666666663,2315.4895158250083,1354.1666666666667,0.0,0
49,AW-NSGA-II,35,368.0,2386.3409335029346,1351.5,0.0,0
49,AW-NSGA-II,36,291.33333333333337,2359.4377097051365,1380.0000000000002,0.0,0
49,AW-NSGA-II,37,291.0,2414.4405772573264,1362.166666666667,0.0,0
49,AW-NSGA-II,38,303.6666666666667,2365.9082718089467,1363.0,0.0,0
49,AW-NSGA-II,39,291.33333333333337,2387.957722760696,1363.5000000000002,0.0,0
49,AW-NSGA-II,40,291.33333333333337,2381.212754595319,1370.8333333333333,0.0,0
49,AW-NSGA-II,41,292.0,2370.1545695377017,1366.1666666666665,0.0,0
49,AW-NSGA-II,42,294.33333333333337,2345.4533081943105,1373.6666666666667,0.0,0
49,AW-NSGA-II,43,320.0,2377.33240570307,1352.4999999999998,0.0,0
49,AW-NSGA-II,44,295.66666666666663,2333.7943105937525,1385.3333333333335,0.0,0
49,AW-NSGA-II,45,340.0,2395.840526095527,1349.6666666666667,0.0,0
49,AW-NSGA-II,46,291.33333333333337,2387.957722760696,1363.5000000000002,0.0,0
49,AW-NSGA-II,47,320.0,2484.932111370839,1350.8333333333333,0.0,0
49,AW-NSGA-II,48,368.0,2386.3409335029346,1351.5,0.0,0
49,AW-NSGA-II,49,295.3333333333333,2388.835724707079,1354.0,0.0,0
49,AW-NSGA-II,50,344.99999999999994,2419.8837573676656,1348.3333333333335,0.0,0
49,AW-NSGA-II,51,287.33333333333337,2423.328512449549,1376.0,0.0,0
49,AW-NSGA-II,52,291.0,2414.4405772573264,1362.166666666667,0.0,0
49,AW-NSGA-II,53,296.33333333333337,2332.390626567364,1371.0000000000002,0.0,0
49,AW-NSGA-II,54,320.0,2484.932111370839,1350.8333333333333,0.0,0
49,AW-NSGA-II,55,291.0,2414.4405772573264,1362.166666666667,0.0,0
49,AW-NSGA-II,56,295.3333333333333,2388.835724707079,1354.0,0.0,0
49,AW-NSGA-II,57,291.0,2394.0059074441133,1369.5,0.0,0
49,AW-NSGA-II,58,292.0,2362.3217176858498,1368.3333333333335,0.0,0
49,AW-NSGA-II,59,306.66666666666663,2315.4895158250083,1354.1666666666667,0.0,1
49,AW-NSGA-II,60,291.0,2414.4405772573264,1362.166666666667,0.0,0
49,AW-NSGA-II,61,319.3333333333333,2512.899828796961,1344.8333333333335,0.0,0
49,AW-NSGA-II,62,320.0,2377.33240570307,1352.4999999999998,0.0,0
49,AW-NSGA-II,63,303.6666666666667,2365.9082718089467,1363.0,0.0,0
49,NSGA-II-2obj,0,305.0,2363.305398715243,1389.6666666666667,0.0,0
49,NSGA-II-2obj,1,319.0,2291.389354567908,1409.6666666666667,0.0,0
49,NSGA-II-2obj,2,310.0,2330.154175128585,1397.0,0.0,0
49,NSGA-II-2obj,3,319.0,2291.389354567908,1409.6666666666667,0.0,0
49,NSGA-II-2obj,4,309.6666666666667,2344.1504643044195,1383.3333333333333,0.0,0
49,NSGA-II-2obj,5,298.33333333333337,2365.945320478187,1394.3333333333335,0.0,0
49,NSGA-II-2obj,6,310.33333333333337,2293.8439364756678,1386.1666666666667,0.0,0
49,NSGA-II-2obj,7,295.0,2415.3061764930208,1393.1666666666665,0.0,0
49,NSGA-II-2obj,8,329.0,2268.3758821671886,1401.1666666666667,0.0,1
49,NSGA-II-2obj,9,305.0,2363.305398715243,1389.6666666666667,0.0,0
49,NSGA-II-2obj,10,327.66666666666663,2279.3892804938337,1409.3333333333335,0.0,0
49,NSGA-II-3obj,0,322.6666666666667,2496.972871342674,1377.8333333333333,0.0,0
49,NSGA-II-3obj,1,327.66666666666663,2458.639804882569,1385.1666666666667,0.0,0
49,NSGA-II-3obj,2,337.3333333333333,2529.175203644833,1361.5000000000002,0.0,0
49,NSGA-II-3obj,3,314.0,2455.41395339281,1397.3333333333335,0.0,0
49,NSGA-II-3obj,4,334.0,2456.7512868656277,1371.166666666667,0.0,0
49,NSGA-II-3obj,5,367.3333333333333,2512.8414999411298,1359.8333333333333,0.0,0
49,NSGA-II-3obj,6,335.3333333333333,2640.5671415210986,1352.0,0.0,0
49,NSGA-II-3obj,7,318.3333333333333,2600.9857378232823,1365.8333333333335,0.0,0
49,NSGA-II-3obj,8,367.3333333333333,2512.8414999411298,1359.8333333333333,0.0,0
49,NSGA-II-3obj,9,334.0,2455.841251643432,1380.166666666667,0.0,0
49,NSGA-II-3obj,10,303.33333333333337,2529.8441934515527,1374.8333333333335,0.0,0
49,NSGA-II-3obj,11,370.33333333333326,2575.2684412583712,1359.5,0.0,0
49,NSGA-II-3obj,12,323.0,2499.3838257627376,1371.6666666666665,0.0,0
49,NSGA-II-3obj,13,349.66666666666663,2517.313420663553,1364.6666666666667,0.0,0
49,NSGA-II-3obj,14,323.0,2495.445380190131,1391.8333333333337,0.0,0
49,NSGA-II-3obj,15,295.3333333333333,2557.7059577323535,1392.166666666667,0.0,0
49,NSGA-II-3obj,16,322.6666666666667,2503.8936772182933,1375.1666666666667,0.0,0
49,NSGA-II-3obj,17,314.0,2455.41395339281,1397.3333333333335,0.0,0
49,NSGA-II-3obj,18,335.3333333333333,2640.5671415210986,1352.0,0.0,0
49,NSGA-II-3obj,19,381.0,2590.427683693856,1352.8333333333335,0.0,1
49,NSGA-II-3obj,20,332.0,2666.6592771909836,1357.0,0.0,0
49,NSGA-II-3obj,21,335.3333333333333,2640.5671415210986,1352.0,0.0,0
49,NSGA-II-3obj,22,307.99999999999994,2506.891378453376,1366.0,0.0,0
49,NSGA-II-3obj,23,320.99999999999994,2554.2176669219352,1360.3333333333335,0.0,0
49,NSGA-II-3obj,24,335.3333333333333,2629.067660039617,1354.3333333333333,0.0,0
49,NSGA-II-3obj,25,327.66666666666663,2443.845603327553,1403.5000000000002,0.0,0
49,NSGA-III,0,324.0,2320.8429040420588,1391.3333333333333,0.0,0
49,NSGA-III,1,295.0,2456.7926764830345,1375.8333333333333,0.0,0
49,NSGA-III,2,317.33333333333337,2482.9010215778294,1354.8333333333335,0.0,0
49,NSGA-III,3,324.0,2320.8429040420588,1391.3333333333333,0.0,0
49,NSGA-III,4,307.0,2350.712654667678,1377.0000000000002,0.0,0
49,NSGA-III,5,302.3333333333333,2353.72332154259,1375.8333333333333,0.0,0
49,NSGA-III,6,324.0,2320.8429040420588,1391.3333333333333,0.0,0
49,NSGA-III,7,303.0,2392.0948493530664,1364.8333333333333,0.0,0
49,NSGA-III,8,303.0,2429.04845672191,1355.666666666667,0.0,0
49,NSGA-III,9,324.0,2320.8429040420588,1391.3333333333333,0.0,0
49,NSGA-III,10,301.0,2479.122429360693,1363.8333333333335,0.0,0
49,NSGA-III,11,303.0,2339.2128768899,1378.0000000000002,0.0,0
49,NSGA-III,12,338.6666666666667,2443.3932312771703,1351.5,0.0,0
49,NSGA-III,13,338.6666666666667,2477.39123127717,1342.5000000000002,0.0,0
49,NSGA-III,14,295.0,2456.7926764830345,1375.8333333333333,0.0,0
49,NSGA-III,15,303.0,2339.2128768899,1378.0000000000002,0.0,0
49,NSGA-III,16,317.33333333333337,2468.7343919481996,1355.0000000000002,0.0,0
49,NSGA-III,17,371.6666666666667,2358.630716685064,1374.0,0.0,0
49,NSGA-III,18,338.6666666666667,2477.39123127717,1342.5000000000002,0.0,0
49,NSGA-III,19,338.6666666666667,2445.2672134507516,1350.1666666666667,0.0,0
49,NSGA-III,20,371.6666666666667,2360.5302260137264,1373.3333333333335,0.0,0
49,NSGA-III,21,324.0,2513.7001548960957,1346.8333333333337,0.0,0
49,NSGA-III,22,316.0,2386.4503452672634,1368.0000000000002,0.0,0
49,NSGA-III,23,325.3333333333333,2493.37900508649,1351.8333333333335,0.0,0
49,NSGA-III,24,303.0,2429.04845672191,1355.666666666667,0.0,0
49,NSGA-III,25,296.66666666666663,2500.767400225392,1367.6666666666667,0.0,0
49,NSGA-III,26,338.6666666666667,2477.39123127717,1342.5000000000002,0.0,0
49,NSGA-III,27,371.6666666666667,2358.630716685064,1374.0,0.0,0
49,NSGA-III,28,295.0,2512.0419357422934,1372.5,0.0,0
49,NSGA-III,29,338.6666666666667,2443.3932312771703,1351.5,0.0,0
49,NSGA-III,30,322.99999999999994,2406.971905925053,1355.8333333333337,0.0,0
49,NSGA-III,31,303.0,2339.2128768899,1378.0000000000002,0.0,0
49,NSGA-III,32,297.6666666666667,2439.518506605278,1387.5,0.0,0
49,NSGA-III,33,324.33333333333326,2455.4291855633774,1352.8333333333335,0.0,0
49,NSGA-III,34,338.6666666666667,2443.3932312771703,1351.5,0.0,0
49,NSGA-III,35,313.66666666666663,2406.2198866662534,1359.6666666666667,0.0,0
49,NSGA-III,36,303.0,2339.2128768899,1378.0000000000002,0.0,0
49,NSGA-III,37,313.66666666666663,2406.2198866662534,1359.6666666666667,0.0,0
49,NSGA-III,38,338.6666666666667,2518.217534054681,1337.5,0.0,1
49,NSGA-III,39,324.0,2320.8429040420588,1391.3333333333333,0.0,0
49,NSGA-III,40,301.3333333333333,2401.0433273799235,1375.6666666666667,0.0,0
49,NSGA-III,41,303.0,2373.9359768935456,1373.8333333333335,0.0,0
49,NSGA-III,42,313.66666666666663,2393.386590369957,1359.8333333333335,0.0,0
49,NSGA-III,43,319.66666666666663,2366.8881295314754,1360.3333333333337,0.0,0
49,NSGA-III,44,296.66666666666663,2500.767400225392,1367.6666666666667,0.0,0
49,NSGA-III,45,303.0,2339.2128768899,1378.0000000000002,0.0,0
49,NSGA-III,46,324.0,2321.8426818198363,1390.3333333333333,0.0,0
49,MOEA/D,0,297.3333333333333,2311.4752314723155,1357.1666666666665,0.0,1
49,MOEA/D,3,297.3333333333333,2293.809898138982,1363.1666666666667,0.0,0
49,MOEA/D,11,296.3333333333333,2332.143898138982,1366.1666666666665,0.0,0
49,MOEA/D,12,297.3333333333333,2293.809898138982,1363.1666666666667,0.0,0
49,MOEA/D,15,298.0,2291.56519300282,1367.1666666666667,0.0,0
49,MOEA/D,16,298.0,2291.56519300282,1367.1666666666667,0.0,0
49,MOEA/D,20,297.3333333333333,2293.809898138982,1363.1666666666667,0.0,0
49,MOEA/D,22,297.3333333333333,2293.809898138982,1363.1666666666667,0.0,0
49,MOEA/D,24,290.0,2397.310787027871,1367.1666666666667,0.0,0
49,MOEA/D,25,297.3333333333333,2311.4752314723155,1357.1666666666665,0.0,0
49,MOEA/D,27,298.0,2291.56519300282,1367.1666666666667,0.0,0
49,MOEA/D,30,297.3333333333333,2293.809898138982,1363.1666666666667,0.0,0
49,MOEA/D,34,297.3333333333333,2293.809898138982,1363.1666666666667,0.0,0
49,MOEA/D,35,297.3333333333333,2293.809898138982,1363.1666666666667,0.0,0
49,MOEA/D,36,298.0,2291.56519300282,1367.1666666666667,0.0,0
49,MOEA/D,37,297.3333333333333,2293.809898138982,1363.1666666666667,0.0,0
49,MOEA/D,39,297.3333333333333,2311.4752314723155,1357.1666666666665,0.0,0
49,MOEA/D,41,298.0,2291.56519300282,1367.1666666666667,0.0,0
49,MOEA/D,43,297.3333333333333,2293.809898138982,1363.1666666666667,0.0,0
49,MOEA/D,45,298.0,2291.56519300282,1367.1666666666667,0.0,0
49,MOEA/D,47,297.3333333333333,2293.809898138982,1363.1666666666667,0.0,0
49,MOEA/D,48,297.3333333333333,2311.4752314723155,1357.1666666666665,0.0,0
49,MOEA/D,49,297.3333333333333,2293.809898138982,1363.1666666666667,0.0,0
49,MOEA/D,51,297.3333333333333,2311.4752314723155,1357.1666666666665,0.0,0
49,MOEA/D,54,297.3333333333333,2311.4752314723155,1357.1666666666665,0.0,0
49,MOEA/D,55,297.3333333333333,2311.4752314723155,1357.1666666666665,0.0,0
49,MOEA/D,61,297.3333333333333,2293.809898138982,1363.1666666666667,0.0,0
49,MOEA/D,62,297.3333333333333,2311.4752314723155,1357.1666666666665,0.0,0
49,MOEA/D,63,297.3333333333333,2311.4752314723155,1357.1666666666665,0.0,0
49,MOEA/D,64,298.0,2291.56519300282,1367.1666666666667,0.0,0
49,MOEA/D,65,297.3333333333333,2293.809898138982,1363.1666666666667,0.0,0
49,MOEA/D,67,297.3333333333333,2311.4752314723155,1357.1666666666665,0.0,0
49,MOEA/D,69,297.3333333333333,2311.4752314723155,1357.1666666666665,0.0,0
49,MOEA/D,70,297.3333333333333,2293.809898138982,1363.1666666666667,0.0,0
49,MOEA/D,71,297.3333333333333,2311.4752314723155,1357.1666666666665,0.0,0
49,MOEA/D,72,297.3333333333333,2311.4752314723155,1357.1666666666665,0.0,0
49,MOEA/D,74,297.3333333333333,2311.4752314723155,1357.1666666666665,0.0,0
49,MOEA/D,76,293.3333333333333,2393.2648216504167,1365.6666666666667,0.0,0
49,MOEA/D,77,296.3333333333333,2338.142564805649,1360.1666666666665,0.0,0
49,MOEA/D,81,296.3333333333333,2332.143898138982,1366.1666666666665,0.0,0
49,MOEA/D,85,297.3333333333333,2293.809898138982,1363.1666666666667,0.0,0
49,MOEA/D,87,297.3333333333333,2311.4752314723155,1357.1666666666665,0.0,0
49,MOEA/D,88,297.3333333333333,2311.4752314723155,1357.1666666666665,0.0,0
49,MOEA/D,94,297.3333333333333,2311.4752314723155,1357.1666666666665,0.0,0
49,MOEA/D,97,297.3333333333333,2311.4752314723155,1357.1666666666665,0.0,0
49,MOEA/D,99,290.0,2397.310787027871,1367.1666666666667,0.0,0
49,GA-SA,0,283.3333333333333,2428.3595559682963,1327.0,0.0,1
49,A*-GA,0,298.0,2427.1717454361533,1413.1666666666667,0.0,1
49,LWC,0,316.3333333333333,2331.838893889065,1387.1666666666667,0.0,0
49,LWC,1,298.66666666666663,2334.033888822717,1360.5,0.0,0
49,LWC,2,311.0,2332.615672169931,1368.833333333333,0.0,0
49,LWC,3,308.0,2518.5258867240404,1348.5000000000002,0.0,0
49,LWC,4,400.66666666666674,2549.8190828660013,1347.0,0.0,1
49,LWC,5,304.6666666666667,2429.6645116188647,1352.1666666666667,0.0,0
49,LWC,6,304.6666666666667,2399.1661782855317,1359.6666666666665,0.0,0
49,LWC,7,400.66666666666674,2549.8190828660013,1347.0,0.0,0
49,LWC,8,306.66666666666663,2331.838893889065,1387.166666666667,0.0,0
49,LWC,9,302.3333333333333,2434.10748020511,1349.6666666666667,0.0,0
49,LWC,10,346.33333333333337,2533.1180277228927,1348.3333333333335,0.0,0
49,LWC,11,302.3333333333333,2434.10748020511,1349.6666666666667,0.0,0
50,AW-NSGA-II,0,310.0,2184.721230410969,1354.6666666666665,0.0,0
50,AW-NSGA-II,1,304.6666666666667,2327.694353297047,1303.1666666666665,0.0,0
50,AW-NSGA-II,2,302.0,2225.615610536029,1314.9999999999998,0.0,0
50,AW-NSGA-II,3,312.0,2298.946129054548,1302.3333333333333,0.0,0
50,AW-NSGA-II,4,310.0,2187.554304485043,1353.5,0.0,0
50,AW-NSGA-II,5,312.0,2298.946129054548,1302.3333333333333,0.0,0
50,AW-NSGA-II,6,286.0,2227.849654963593,1315.0000000000002,0.0,0
50,AW-NSGA-II,7,286.0,2240.514543852482,1307.0,0.0,0
50,AW-NSGA-II,8,286.0,2233.2805734989925,1307.3333333333335,0.0,0
50,AW-NSGA-II,9,326.0,2181.545937601196,1363.0,0.0,0
50,AW-NSGA-II,10,344.33333333333337,2455.778832758252,1299.5,0.0,1
50,AW-NSGA-II,11,312.0,2353.279092017511,1300.6666666666667,0.0,0
50,AW-NSGA-II,12,286.0,2240.514543852482,1307.0,0.0,0
50,AW-NSGA-II,13,312.0,2298.946129054548,1302.3333333333333,0.0,0
50,AW-NSGA-II,14,326.0,2181.545937601196,1363.0,0.0,0
50,AW-NSGA-II,15,312.33333333333337,2242.5375349957094,1300.3333333333333,0.0,0
50,AW-NSGA-II,16,286.0,2240.514543852482,1307.0,0.0,0
50,AW-NSGA-II,17,310.0,2187.554304485043,1353.5,0.0,0
50,AW-NSGA-II,18,275.6666666666667,2245.6944273711215,1303.5,0.0,0
50,AW-NSGA-II,19,274.3333333333333,2199.436128725869,1315.1666666666667,0.0,0
50,AW-NSGA-II,20,286.0,2233.2805734989925,1307.3333333333335,0.0,0
50,AW-NSGA-II,21,306.0,2214.2682768740174,1309.8333333333333,0.0,0
50,AW-NSGA-II,22,306.0,2214.2682768740174,1309.8333333333333,0.0,0
50,NSGA-II-2obj,0,301.3333333333333,2351.2814383515342,1374.8333333333335,0.0,0
50,NSGA-II-2obj,1,306.33333333333337,2214.7807041785095,1376.9999999999998,0.0,0
50,NSGA-II-2obj,2,301.3333333333333,2351.2814383515342,1374.8333333333335,0.0,0
50,NSGA-II-2obj,3,294.3333333333333,2364.925626382289,1372.8333333333335,0.0,0
50,NSGA-II-2obj,4,294.3333333333333,2364.925626382289,1372.8333333333335,0.0,0
50,NSGA-II-2obj,5,302.0,2305.545722716889,1381.5,0.0,0
50,NSGA-II-2obj,6,302.3333333333333,2230.901167536428,1378.3333333333333,0.0,1
50,NSGA-II-2obj,7,301.66666666666663,2348.466199256428,1382.1666666666665,0.0,0
50,NSGA-II-2obj,8,301.6666666666667,2340.2846235367188,1389.1666666666665,0.0,0
50,NSGA-II-2obj,9,305.0,2215.8576316993267,1355.6666666666667,0.0,0
50,NSGA-II-2obj,10,302.3333333333333,2230.901167536428,1378.3333333333333,0.0,0
50,NSGA-II-2obj,11,287.6666666666667,2383.5918486045116,1370.8333333333333,0.0,0
50,NSGA-II-3obj,0,311.6666666666667,2485.262328595942,1314.3333333333335,0.0,0
50,NSGA-II-3obj,1,311.6666666666667,2485.5955878552018,1314.0,0.0,0
50,NSGA-II-3obj,2,273.6666666666667,2339.096978289136,1317.666666666667,0.0,0
50,NSGA-II-3obj,3,314.3333333333333,2235.778362315047,1337.1666666666667,0.0,0
50,NSGA-II-3obj,4,310.0,2303.188515225279,1318.833333333333,0.0,0
50,NSGA-II-3obj,5,308.6666666666667,2269.1541704652072,1333.6666666666667,0.0,0
50,NSGA-II-3obj,6,305.0,2232.8095493460355,1349.0000000000002,0.0,0
50,NSGA-II-3obj,7,273.6666666666667,2339.096978289136,1317.666666666667,0.0,0
50,NSGA-II-3obj,8,292.33333333333337,2269.1876686439764,1325.0000000000002,0.0,0
50,NSGA-II-3obj,9,273.6666666666667,2339.096978289136,1317.666666666667,0.0,0
50,NSGA-II-3obj,10,306.33333333333337,2230.992433539668,1345.1666666666667,0.0,0
50,NSGA-II-3obj,11,380.66666666666663,2401.7029440524398,1299.166666666667,0.0,0
50,NSGA-II-3obj,12,380.66666666666663,2401.7029440524398,1299.166666666667,0.0,0
50,NSGA-II-3obj,13,330.66666666666674,2224.6406160721713,1338.5,0.0,0
50,NSGA-II-3obj,14,304.33333333333337,2248.4917298359646,1342.0,0.0,0
50,NSGA-II-3obj,15,311.6666666666667,2485.262328595942,1314.3333333333335,0.0,0
50,NSGA-II-3obj,16,305.0,2229.495618724853,1359.5,0.0,1
50,NSGA-II-3obj,17,380.66666666666663,2401.7029440524398,1299.166666666667,0.0,0
50,NSGA-II-3obj,18,380.66666666666663,2401.7029440524398,1299.166666666667,0.0,0
50,NSGA-II-3obj,19,311.6666666666667,2485.262328595942,1314.3333333333335,0.0,0
50,NSGA-II-3obj,20,323.33333333333337,2303.4852101163997,1318.4999999999998,0.0,0
50,NSGA-II-3obj,21,315.33333333333337,2274.0221818919454,1320.3333333333333,0.0,0
50,NSGA-II-3obj,22,305.0,2245.6004737379035,1334.0,0.0,0
50,NSGA-II-3obj,23,330.66666666666674,2224.6406160721713,1338.5,0.0,0
50,NSGA-II-3obj,24,354.6666666666667,2291.885456086925,1315.3333333333333,0.0,0
50,NSGA-II-3obj,25,323.33333333333337,2303.4852101163997,1318.4999999999998,0.0,0
50,NSGA-II-3obj,26,296.33333333333337,2236.1268580261744,1345.0000000000002,0.0,0
50,NSGA-II-3obj,27,298.0,2407.0693883594463,1316.3333333333335,0.0,0
50,NSGA-II-3obj,28,392.6666666666667,2478.2392996727444,1298.1666666666667,0.0,0
50,NSGA-II-3obj,29,295.0,2303.5845817055592,1316.4999999999998,0.0,0
50,NSGA-II-3obj,30,333.33333333333337,2231.6390605166157,1331.5,0.0,0
50,NSGA-II-3obj,31,311.6666666666667,2422.317935636118,1315.3333333333333,0.0,0
50,NSGA-II-3obj,32,312.6666666666667,2215.974023479578,1338.8333333333335,0.0,0
50,NSGA-II-3obj,33,306.33333333333337,2230.992433539668,1345.1666666666667,0.0,0
50,NSGA-II-3obj,34,380.66666666666663,2401.7029440524398,1299.166666666667,0.0,0
50,NSGA-II-3obj,35,318.0,2410.0205455282367,1298.166666666667,0.0,0
50,NSGA-II-3obj,36,268.33333333333337,2306.527521913751,1322.5,0.0,0
50,NSGA-II-3obj,37,273.6666666666667,2322.806293894979,1322.1666666666665,0.0,0
50,NSGA-II-3obj,38,296.33333333333337,2236.1268580261744,1345.0000000000002,0.0,0
50,NSGA-II-3obj,39,296.66666666666663,2253.0779082890504,1335.0,0.0,0
50,NSGA-II-3obj,40,311.6666666666667,2485.262328595942,1314.3333333333335,0.0,0
50,NSGA-II-3obj,41,349.33333333333337,2353.122836451673,1301.333333333333,0.0,0
50,NSGA-II-3obj,42,281.0,2278.7306685062276,1320.1666666666667,0.0,0
50,NSGA-II-3obj,43,314.3333333333333,2327.344300872349,1303.8333333333333,0.0,0
50,NSGA-II-3obj,44,300.6666666666667,2502.716734985381,1316.3333333333333,0.0,0
50,NSGA-II-3obj,45,330.66666666666674,2224.6406160721713,1338.5,0.0,0
50,NSGA-II-3obj,46,300.6666666666667,2502.716734985381,1316.3333333333333,0.0,0
50,NSGA-II-3obj,47,314.3333333333333,2235.778362315047,1337.1666666666667,0.0,0
50,NSGA-II-3obj,48,312.6666666666667,2215.974023479578,1338.8333333333335,0.0,0
50,NSGA-II-3obj,49,334.0,2379.521138120829,1300.8333333333337,0.0,0
50,NSGA-II-3obj,50,323.33333333333337,2318.650802708992,1313.6666666666665,0.0,0
50,NSGA-III,0,308.0,2236.5175724841674,1316.5,0.0,0
50,NSGA-III,1,289.66666666666663,2185.9353131645385,1344.166666666667,0.0,0
50,NSGA-III,2,294.66666666666663,2274.806149932677,1305.333333333333,0.0,0
50,NSGA-III,3,309.0,2233.743630355312,1310.8333333333337,0.0,0
50,NSGA-III,4,297.6666666666667,2257.123200999652,1306.5000000000002,0.0,0
50,NSGA-III,5,295.6666666666667,2211.816510852992,1320.6666666666667,0.0,0
50,NSGA-III,6,297.6666666666667,2257.123200999652,1306.5000000000002,0.0,0
50,NSGA-III,7,297.6666666666667,2257.123200999652,1306.5000000000002,0.0,0
50,NSGA-III,8,292.0,2251.6424832660105,1318.833333333333,0.0,0
50,NSGA-III,9,307.0,2211.2129540497804,1321.1666666666667,0.0,0
50,NSGA-III,10,295.0,2376.183020875841,1298.1666666666667,0.0,0
50,NSGA-III,11,295.6666666666667,2196.6734490719555,1322.3333333333333,0.0,0
50,NSGA-III,12,289.66666666666663,2185.9353131645385,1344.166666666667,0.0,0
50,NSGA-III,13,292.0,2278.3158812233623,1317.8333333333335,0.0,0
50,NSGA-III,14,294.66666666666663,2215.8098165993433,1321.8333333333335,0.0,0
50,NSGA-III,15,307.0,2211.2129540497804,1321.1666666666667,0.0,0
50,NSGA-III,16,295.0,2214.7661279793533,1332.8333333333335,0.0,0
50,NSGA-III,17,294.66666666666663,2279.642752998254,1302.1666666666663,0.0,0
50,NSGA-III,18,297.6666666666667,2257.123200999652,1306.5000000000002,0.0,0
50,NSGA-III,19,307.0,2144.7418768178622,1346.3333333333333,0.0,0
50,NSGA-III,20,309.0,2214.4113340590156,1315.5,0.0,0
50,NSGA-III,21,294.66666666666663,2236.8091499326765,1318.8333333333335,0.0,0
50,NSGA-III,22,300.0,2296.3441347130915,1291.3333333333333,0.0,0
50,NSGA-III,23,303.0,2191.8528812405852,1342.5,0.0,0
50,NSGA-III,24,292.0,2251.6424832660105,1318.833333333333,0.0,0
50,NSGA-III,25,293.66666666666663,2230.302621767735,1330.3333333333335,0.0,0
50,NSGA-III,26,300.0,2296.3441347130915,1291.3333333333333,0.0,0
50,NSGA-III,27,297.6666666666667,2257.123200999652,1306.5000000000002,0.0,0
50,NSGA-III,28,309.0,2233.743630355312,1310.8333333333337,0.0,0
50,NSGA-III,29,282.6666666666667,2242.1531034455843,1335.3333333333333,0.0,0
50,NSGA-III,30,307.0,2129.7452101511954,1361.3333333333335,0.0,0
50,NSGA-III,31,307.0,2144.7418768178622,1346.3333333333333,0.0,0
50,NSGA-III,32,329.66666666666663,2189.5038278498846,1342.5,0.0,1
50,NSGA-III,33,289.66666666666663,2185.9353131645385,1344.166666666667,0.0,0
50,NSGA-III,34,289.66666666666663,2185.9353131645385,1344.166666666667,0.0,0
50,NSGA-III,35,303.0,2191.8528812405852,1342.5,0.0,0
50,NSGA-III,36,293.66666666666663,2226.6367699158836,1334.0,0.0,0
50,NSGA-III,37,297.6666666666667,2257.123200999652,1306.5000000000002,0.0,0
50,NSGA-III,38,289.6666666666667,2269.865099278227,1324.166666666667,0.0,0
50,NSGA-III,39,303.0,2166.686547907252,1344.0,0.0,0
50,NSGA-III,40,307.0,2129.7452101511954,1361.3333333333335,0.0,0
50,NSGA-III,41,286.66666666666663,2314.6958988633432,1306.0,0.0,0
50,NSGA-III,42,292.0,2251.6424832660105,1318.833333333333,0.0,0
50,NSGA-III,43,295.0,2236.9812886307695,1312.1666666666667,0.0,0
50,NSGA-III,44,294.66666666666663,2242.3861149946374,1307.0,0.0,0
50,MOEA/D,0,276.0,2159.9967950380064,1301.1666666666665,0.0,0
50,MOEA/D,1,295.0,2128.573514579994,1295.3333333333333,0.0,0
50,MOEA/D,2,295.0,2101.2422553207352,1304.6666666666667,0.0,0
50,MOEA/D,3,295.0,2101.2422553207352,1304.6666666666667,0.0,0
50,MOEA/D,4,280.33333333333337,2120.2836490614472,1318.8333333333333,0.0,0
50,MOEA/D,5,280.33333333333337,2120.2836490614472,1318.8333333333333,0.0,0
50,MOEA/D,6,280.33333333333337,2120.2836490614472,1318.8333333333333,0.0,0
50,MOEA/D,7,282.6666666666667,2124.8585803842275,1307.0,0.0,1
50,MOEA/D,9,297.33333333333337,2105.0355342984485,1297.6666666666665,0.0,0
50,MOEA/D,11,278.3333333333333,2124.667609852821,1319.8333333333335,0.0,0
50,MOEA/D,12,295.0,2101.2422553207352,1304.6666666666667,0.0,0
50,MOEA/D,13,297.33333333333337,2105.0355342984485,1297.6666666666665,0.0,0
50,MOEA/D,15,295.0,2101.2422553207352,1304.6666666666667,0.0,0
50,MOEA/D,16,295.0,2101.2422553207352,1304.6666666666667,0.0,0
50,MOEA/D,17,280.33333333333337,2120.2836490614472,1318.8333333333333,0.0,0
50,MOEA/D,18,278.3333333333333,2133.665609852821,1310.8333333333335,0.0,0
50,MOEA/D,19,295.0,2101.2422553207352,1304.6666666666667,0.0,0
50,MOEA/D,20,295.0,2101.2422553207352,1304.6666666666667,0.0,0
50,MOEA/D,21,280.33333333333337,2120.2836490614472,1318.8333333333333,0.0,0
50,MOEA/D,23,280.33333333333337,2120.2836490614472,1318.8333333333333,0.0,0
50,MOEA/D,24,277.0,2134.998795038006,1310.1666666666665,0.0,0
50,MOEA/D,25,288.0,2133.6905803842274,1301.0,0.0,0
50,MOEA/D,26,297.33333333333337,2105.0355342984485,1297.6666666666665,0.0,0
50,MOEA/D,27,295.0,2101.2422553207352,1304.6666666666667,0.0,0
50,MOEA/D,28,280.33333333333337,2120.2836490614472,1318.8333333333333,0.0,0
50,MOEA/D,29,282.6666666666667,2124.8585803842275,1307.0,0.0,0
50,MOEA/D,30,295.0,2101.2422553207352,1304.6666666666667,0.0,0
50,MOEA/D,32,297.33333333333337,2105.0355342984485,1297.6666666666665,0.0,0
50,MOEA/D,33,295.0,2101.2422553207352,1304.6666666666667,0.0,0
50,MOEA/D,34,295.0,2101.2422553207352,1304.6666666666667,0.0,0
50,MOEA/D,35,295.0,2101.2422553207352,1304.6666666666667,0.0,0
50,MOEA/D,37,295.0,2101.2422553207352,1304.6666666666667,0.0,0
50,MOEA/D,38,280.33333333333337,2120.2836490614472,1318.8333333333333,0.0,0
50,MOEA/D,39,280.33333333333337,2158.279352765151,1299.4999999999998,0.0,0
50,MOEA/D,41,295.0,2101.2422553207352,1304.6666666666667,0.0,0
50,MOEA/D,42,280.33333333333337,2129.2816490614478,1309.8333333333333,0.0,0
50,MOEA/D,44,295.0,2101.2422553207352,1304.6666666666667,0.0,0
50,MOEA/D,45,295.0,2101.2422553207352,1304.6666666666667,0.0,0
50,MOEA/D,46,297.33333333333337,2105.0355342984485,1297.6666666666665,0.0,0
50,MOEA/D,47,295.0,2101.2422553207352,1304.6666666666667,0.0,0
50,MOEA/D,48,280.33333333333337,2158.279352765151,1299.4999999999998,0.0,0
50,MOEA/D,49,295.0,2101.2422553207352,1304.6666666666667,0.0,0
50,MOEA/D,50,280.33333333333337,2120.2836490614472,1318.8333333333333,0.0,0
50,MOEA/D,51,297.33333333333337,2112.7019787428926,1296.6666666666667,0.0,0
50,MOEA/D,52,295.0,2101.2422553207352,1304.6666666666667,0.0,0
50,MOEA/D,53,280.33333333333337,2120.2836490614472,1318.8333333333333,0.0,0
50,MOEA/D,54,295.0,2101.2422553207352,1304.6666666666667,0.0,0
50,MOEA/D,55,288.0,2133.6905803842274,1301.0,0.0,0
50,MOEA/D,56,276.0,2159.9967950380064,1301.1666666666665,0.0,0
50,MOEA/D,57,280.33333333333337,2129.2816490614478,1309.8333333333333,0.0,0
50,MOEA/D,58,280.33333333333337,2158.279352765151,1299.4999999999998,0.0,0
50,MOEA/D,59,282.6666666666667,2124.8585803842275,1307.0,0.0,0
50,MOEA/D,61,295.0,2101.2422553207352,1304.6666666666667,0.0,0
50,MOEA/D,62,297.33333333333337,2112.7019787428926,1296.6666666666667,0.0,0
50,MOEA/D,63,297.33333333333337,2145.1031544537277,1291.3333333333333,0.0,0
50,MOEA/D,64,295.0,2101.2422553207352,1304.6666666666667,0.0,0
50,MOEA/D,65,295.0,2101.2422553207352,1304.6666666666667,0.0,0
50,MOEA/D,67,289.0,2132.0763221645416,1300.1666666666667,0.0,0
50,MOEA/D,68,282.6666666666667,2124.8585803842275,1307.0,0.0,0
50,MOEA/D,69,289.0,2132.0763221645416,1300.1666666666667,0.0,0
50,MOEA/D,70,295.0,2101.2422553207352,1304.6666666666667,0.0,0
50,MOEA/D,71,276.0,2159.9967950380064,1301.1666666666665,0.0,0
50,MOEA/D,72,297.33333333333337,2126.2909570756374,1294.5,0.0,0
50,MOEA/D,73,297.33333333333337,2145.1031544537277,1291.3333333333333,0.0,0
50,MOEA/D,74,295.0,2118.907477542957,1298.1666666666667,0.0,0
50,MOEA/D,75,295.0,2101.2422553207352,1304.6666666666667,0.0,0
50,MOEA/D,76,276.0,2159.9967950380064,1301.1666666666665,0.0,0
50,MOEA/D,77,276.0,2159.9967950380064,1301.1666666666665,0.0,0
50,MOEA/D,79,295.0,2118.907477542957,1298.1666666666667,0.0,0
50,MOEA/D,80,297.33333333333337,2105.0355342984485,1297.6666666666665,0.0,0
50,MOEA/D,81,278.3333333333333,2124.667609852821,1319.8333333333335,0.0,0
50,MOEA/D,83,297.33333333333337,2124.035275039189,1296.5,0.0,0
50,MOEA/D,84,280.33333333333337,2120.2836490614472,1318.8333333333333,0.0,0
50,MOEA/D,86,295.0,2101.2422553207352,1304.6666666666667,0.0,0
50,MOEA/D,87,297.33333333333337,2112.7019787428926,1296.6666666666667,0.0,0
50,MOEA/D,88,297.33333333333337,2126.2909570756374,1294.5,0.0,0
50,MOEA/D,89,297.33333333333337,2105.0355342984485,1297.6666666666665,0.0,0
50,MOEA/D,90,297.33333333333337,2105.0355342984485,1297.6666666666665,0.0,0
50,MOEA/D,91,280.33333333333337,2120.2836490614472,1318.8333333333333,0.0,0
50,MOEA/D,92,295.0,2101.2422553207352,1304.6666666666667,0.0,0
50,MOEA/D,93,280.33333333333337,2129.2816490614478,1309.8333333333333,0.0,0
50,MOEA/D,94,297.33333333333337,2112.7019787428926,1296.6666666666667,0.0,0
50,MOEA/D,95,280.33333333333337,2120.2836490614472,1318.8333333333333,0.0,0
50,MOEA/D,96,280.33333333333337,2120.2836490614472,1318.8333333333333,0.0,0
50,MOEA/D,97,297.33333333333337,2112.7019787428926,1296.6666666666667,0.0,0
50,MOEA/D,98,280.33333333333337,2120.2836490614472,1318.8333333333333,0.0,0
50,MOEA/D,99,277.0,2134.998795038006,1310.1666666666665,0.0,0
50,GA-SA,0,297.0,2199.034346040453,1265.666666666667,0.0,1
50,A*-GA,0,296.99999999999994,2252.4413673477598,1359.3333333333335,0.0,1
50,LWC,0,302.6666666666667,2241.527433938445,1325.8333333333333,0.0,0
50,LWC,1,302.6666666666667,2233.8624709754818,1333.5,0.0,0
50,LWC,2,289.66666666666663,2254.086428121211,1321.5,0.0,0
50,LWC,3,280.3333333333333,2250.922177984591,1331.6666666666665,0.0,0
50,LWC,4,282.3333333333333,2365.3916095096356,1302.6666666666667,0.0,0
50,LWC,5,282.0,2242.811548839717,1326.5,0.0,0
50,LWC,6,300.3333333333333,2229.371552896041,1345.1666666666667,0.0,0
50,LWC,7,280.0,2287.852536399072,1313.1666666666667,0.0,0
50,LWC,8,282.3333333333333,2332.0516370274204,1304.5,0.0,0
50,LWC,9,304.33333333333337,2225.6712892402825,1351.1666666666667,0.0,0
50,LWC,10,350.33333333333337,2530.2440948972985,1297.0000000000002,0.0,1
50,LWC,11,289.66666666666663,2254.086428121211,1321.5,0.0,0
50,LWC,12,309.0,2311.591090881674,1297.1666666666667,0.0,0
50,LWC,13,280.0,2278.9735170463305,1317.1666666666667,0.0,0
50,LWC,14,289.66666666666663,2254.086428121211,1321.5,0.0,0
50,LWC,15,302.6666666666667,2233.8624709754818,1333.5,0.0,0
50,LWC,16,302.6666666666667,2233.8624709754818,1333.5,0.0,0
50,LWC,17,288.0,2254.3817243835206,1298.8333333333333,0.0,0
50,LWC,18,289.66666666666663,2254.086428121211,1321.5,0.0,0
50,LWC,19,295.6666666666667,2246.212602039364,1325.8333333333335,0.0,0
50,LWC,20,280.0,2278.9735170463305,1317.1666666666667,0.0,0
50,LWC,21,309.0,2311.591090881674,1297.1666666666667,0.0,0
50,LWC,22,280.3333333333333,2260.2308646980223,1321.6666666666667,0.0,0
50,LWC,23,299.6666666666667,2250.6842153733396,1322.1666666666665,0.0,0
50,LWC,24,302.6666666666667,2231.862767271778,1334.8333333333333,0.0,0
50,LWC,25,282.0,2269.716650309447,1306.0,0.0,0
50,LWC,26,350.0,2253.38498364278,1313.5000000000002,0.0,0
50,LWC,27,309.0,2311.591090881674,1297.1666666666667,0.0,0
51,AW-NSGA-II,0,334.33333333333337,2205.812390979823,1291.3333333333335,0.0,0
51,AW-NSGA-II,1,334.33333333333337,2205.7703117117476,1300.6666666666667,0.0,0
51,AW-NSGA-II,2,278.0,2207.4342391372907,1274.1666666666667,0.0,1
51,AW-NSGA-II,3,334.33333333333337,2196.1478724613044,1301.0000000000002,0.0,0
51,AW-NSGA-II,4,384.0,2667.601391854989,1263.6666666666665,0.0,0
51,AW-NSGA-II,5,287.0,2352.814801503477,1271.4999999999998,0.0,0
51,AW-NSGA-II,6,311.0,2223.4191108119153,1272.166666666667,0.0,0
51,AW-NSGA-II,7,388.6666666666667,2335.476754106509,1266.5,0.0,0
51,AW-NSGA-II,8,315.0,2303.8612964156005,1271.3333333333335,0.0,0
51,AW-NSGA-II,9,334.33333333333337,2205.7703117117476,1300.6666666666667,0.0,0
51,AW-NSGA-II,10,344.0,2342.077970435972,1265.0,0.0,0
51,AW-NSGA-II,11,308.3333333333333,2206.9171564074704,1303.3333333333335,0.0,0
51,AW-NSGA-II,12,287.0,2341.3370882637087,1272.8333333333335,0.0,0
51,AW-NSGA-II,13,362.0,2341.4763096620645,1264.5,0.0,0
51,AW-NSGA-II,14,278.0,2207.4342391372907,1274.1666666666667,0.0,0
51,AW-NSGA-II,15,362.0,2341.4763096620645,1264.5,0.0,0
51,AW-NSGA-II,16,344.0,2336.78816474567,1266.9999999999998,0.0,0
51,AW-NSGA-II,17,334.33333333333337,2205.812390979823,1291.3333333333335,0.0,0
51,AW-NSGA-II,18,427.6666666666667,2463.652927706524,1259.5000000000002,0.0,0
51,NSGA-II-2obj,0,319.66666666666663,2166.657484726033,1319.0000000000002,0.0,0
51,NSGA-II-2obj,1,304.0,2198.482621161299,1312.1666666666665,0.0,1
51,NSGA-II-2obj,2,287.6666666666667,2242.244514222459,1305.6666666666665,0.0,0
51,NSGA-II-2obj,3,323.6666666666667,2164.1205948504644,1327.0000000000005,0.0,0
51,NSGA-II-2obj,4,291.0,2233.8400802086767,1303.3333333333333,0.0,0
51,NSGA-II-2obj,5,304.0,2198.482621161299,1312.1666666666665,0.0,0
51,NSGA-II-2obj,6,299.0,2223.613376454034,1313.6666666666667,0.0,0
51,NSGA-II-2obj,7,302.66666666666663,2201.8634261186485,1293.0,0.0,0
51,NSGA-II-2obj,8,319.66666666666663,2166.657484726033,1319.0000000000002,0.0,0
51,NSGA-II-3obj,0,379.3333333333333,2512.414940757815,1249.1666666666667,0.0,0
51,NSGA-II-3obj,1,326.0,2327.815319858203,1273.8333333333337,0.0,0
51,NSGA-II-3obj,2,326.0,2327.815319858203,1273.8333333333337,0.0,0
51,NSGA-II-3obj,3,326.0,2327.815319858203,1273.8333333333337,0.0,0
51,NSGA-II-3obj,4,326.0,2327.815319858203,1273.8333333333337,0.0,0
51,NSGA-II-3obj,5,291.3333333333333,2355.2733083818057,1271.0,0.0,0
51,NSGA-II-3obj,6,296.0,2343.4488195436757,1271.3333333333335,0.0,0
51,NSGA-II-3obj,7,291.3333333333333,2349.3191343272138,1274.6666666666667,0.0,0
51,NSGA-II-3obj,8,309.3333333333333,2266.5216448077836,1286.8333333333333,0.0,0
51,NSGA-II-3obj,9,379.3333333333333,2515.7475333504076,1245.8333333333335,0.0,0
51,NSGA-II-3obj,10,296.0,2343.4488195436757,1271.3333333333335,0.0,0
51,NSGA-II-3obj,11,301.3333333333333,2408.538433667408,1254.6666666666665,0.0,0
51,NSGA-II-3obj,12,314.66666666666663,2281.4396756532387,1277.6666666666667,0.0,0
51,NSGA-II-3obj,13,326.0,2240.1268574939404,1286.3333333333335,0.0,0
51,NSGA-II-3obj,14,291.3333333333333,2405.756828909961,1259.0000000000002,0.0,0
51,NSGA-II-3obj,15,286.6666666666667,2398.297049934536,1272.1666666666665,0.0,0
51,NSGA-II-3obj,16,379.3333333333333,2540.4084382135275,1244.8333333333333,0.0,1
51,NSGA-II-3obj,17,326.0,2254.384986624376,1283.0,0.0,0
51,NSGA-II-3obj,18,296.0,2343.4488195436757,1271.3333333333335,0.0,0
51,NSGA-II-3obj,19,296.0,2287.300671312699,1276.8333333333333,0.0,0
51,NSGA-II-3obj,20,292.0,2310.833562631157,1301.5,0.0,0
51,NSGA-II-3obj,21,326.0,2327.815319858203,1273.8333333333337,0.0,0
51,NSGA-II-3obj,22,301.3333333333333,2408.538433667408,1254.6666666666665,0.0,0
51,NSGA-II-3obj,23,296.0,2287.300671312699,1276.8333333333333,0.0,0
51,NSGA-II-3obj,24,326.0,2291.8155420804255,1274.8333333333333,0.0,0
51,NSGA-II-3obj,25,331.0,2347.6631195586906,1264.8333333333335,0.0,0
51,NSGA-II-3obj,26,316.0,2353.4853940015814,1261.5,0.0,0
51,NSGA-II-3obj,27,379.3333333333333,2540.4084382135275,1244.8333333333333,0.0,0
51,NSGA-II-3obj,28,326.0,2327.815319858203,1273.8333333333337,0.0,0
51,NSGA-II-3obj,29,295.6666666666667,2346.2859741497305,1299.8333333333333,0.0,0
51,NSGA-II-3obj,30,296.0,2318.633486127513,1274.5,0.0,0
51,NSGA-II-3obj,31,301.3333333333333,2408.538433667408,1254.6666666666665,0.0,0
51,NSGA-II-3obj,32,326.0,2327.815319858203,1273.8333333333337,0.0,0
51,NSGA-II-3obj,33,291.3333333333333,2349.3191343272138,1274.6666666666667,0.0,0
51,NSGA-II-3obj,34,296.0,2287.300671312699,1276.8333333333333,0.0,0
51,NSGA-II-3obj,35,292.0,2310.833562631157,1301.5,0.0,0
51,NSGA-II-3obj,36,291.3333333333333,2355.2733083818057,1271.0,0.0,0
51,NSGA-II-3obj,37,379.3333333333333,2513.112409336203,1248.8333333333333,0.0,0
51,NSGA-II-3obj,38,298.3333333333333,2392.192730313003,1262.1666666666665,0.0,0
51,NSGA-II-3obj,39,379.3333333333333,2512.414940757815,1249.1666666666667,0.0,0
51,NSGA-II-3obj,40,304.0,2356.2805232473793,1264.0,0.0,0
51,NSGA-II-3obj,41,291.3333333333333,2355.2733083818057,1271.0,0.0,0
51,NSGA-II-3obj,42,326.0,2291.8155420804255,1274.8333333333333,0.0,0
51,NSGA-II-3obj,43,379.3333333333333,2453.08175557263,1249.8333333333333,0.0,0
51,NSGA-II-3obj,44,296.0,2287.300671312699,1276.8333333333333,0.0,0
51,NSGA-II-3obj,45,326.0,2327.815319858203,1273.8333333333337,0.0,0
51,NSGA-II-3obj,46,291.3333333333333,2355.2733083818057,1271.0,0.0,0
51,NSGA-II-3obj,47,286.6666666666667,2383.7082776158754,1283.0000000000002,0.0,0
51,NSGA-II-3obj,48,296.0,2287.300671312699,1276.8333333333333,0.0,0
51,NSGA-II-3obj,49,378.0,2515.328763458998,1249.8333333333333,0.0,0
51,NSGA-II-3obj,50,342.3333333333333,2331.05722552737,1263.3333333333333,0.0,0
51,NSGA-II-3obj,51,326.0,2327.815319858203,1273.8333333333337,0.0,0
51,NSGA-II-3obj,52,315.3333333333333,2259.913713456959,1289.6666666666667,0.0,0
51,NSGA-II-3obj,53,342.3333333333333,2431.331903720778,1250.5000000000002,0.0,0
51,NSGA-III,0,354.00000000000006,2363.996433199003,1245.3333333333335,0.0,0
51,NSGA-III,1,318.33333333333337,2284.5006183841883,1264.1666666666667,0.0,0
51,NSGA-III,2,307.6666666666667,2252.7396984977518,1267.1666666666667,0.0,0
51,NSGA-III,3,287.3333333333333,2276.9283882786726,1290.666666666667,0.0,0
51,NSGA-III,4,318.0,2284.7477743831037,1260.8333333333333,0.0,0
51,NSGA-III,5,337.0,2303.613085315107,1250.8333333333333,0.0,0
51,NSGA-III,6,310.0,2230.041598993309,1289.5000000000002,0.0,0
51,NSGA-III,7,310.0,2230.041598993309,1289.5000000000002,0.0,0
51,NSGA-III,8,337.0,2303.613085315107,1250.8333333333333,0.0,0
51,NSGA-III,9,319.0,2299.963924041912,1259.0,0.0,0
51,NSGA-III,10,294.3333333333333,2254.589787411894,1264.3333333333333,0.0,1
51,NSGA-III,11,289.0,2246.4278238531615,1288.5000000000002,0.0,0
51,NSGA-III,12,287.3333333333333,2348.024322145515,1252.8333333333333,0.0,0
51,NSGA-III,13,319.0,2299.963924041912,1259.0,0.0,0
51,NSGA-III,14,300.6666666666667,2215.696386329696,1291.3333333333335,0.0,0
51,NSGA-III,15,287.3333333333333,2276.9283882786726,1290.666666666667,0.0,0
51,NSGA-III,16,336.6666666666667,2308.0289861592473,1252.6666666666667,0.0,0
51,NSGA-III,17,318.0,2232.9082170162706,1275.5,0.0,0
51,NSGA-III,18,294.3333333333333,2254.589787411894,1264.3333333333333,0.0,0
51,NSGA-III,19,296.33333333333337,2234.6649432108225,1287.1666666666667,0.0,0
51,NSGA-III,20,310.0,2230.041598993309,1289.5000000000002,0.0,0
51,NSGA-III,21,319.0,2299.963924041912,1259.0,0.0,0
51,NSGA-III,22,319.0,2268.964887004875,1263.3333333333333,0.0,0
51,NSGA-III,23,322.6666666666667,2297.9987294952994,1255.6666666666665,0.0,0
51,NSGA-III,24,300.6666666666667,2215.696386329696,1291.3333333333335,0.0,0
51,NSGA-III,25,287.3333333333333,2272.929277167561,1294.666666666667,0.0,0
51,NSGA-III,26,287.3333333333333,2324.2132836694477,1264.6666666666665,0.0,0
51,NSGA-III,27,287.3333333333333,2290.3082069824045,1266.1666666666667,0.0,0
51,NSGA-III,28,294.3333333333333,2254.589787411894,1264.3333333333333,0.0,0
51,NSGA-III,29,309.6666666666667,2316.9356040590596,1263.3333333333335,0.0,0
51,NSGA-III,30,300.6666666666667,2215.696386329696,1291.3333333333335,0.0,0
51,NSGA-III,31,319.0,2299.963924041912,1259.0,0.0,0
51,NSGA-III,32,300.6666666666667,2215.696386329696,1291.3333333333335,0.0,0
51,NSGA-III,33,287.3333333333333,2290.3082069824045,1266.1666666666667,0.0,0
51,NSGA-III,34,321.33333333333326,2347.296300799429,1249.1666666666667,0.0,0
51,NSGA-III,35,310.0,2232.299226950697,1282.0000000000002,0.0,0
51,NSGA-III,36,318.0,2232.9082170162706,1275.5,0.0,0
51,NSGA-III,37,287.3333333333333,2348.024322145515,1252.8333333333333,0.0,0
51,NSGA-III,38,304.6666666666667,2332.5706762393306,1256.8333333333337,0.0,0
51,NSGA-III,39,299.66666666666663,2247.3088736490713,1269.1666666666667,0.0,0
51,NSGA-III,40,311.6666666666667,2304.386819818823,1259.8333333333335,0.0,0
51,NSGA-III,41,316.66666666666663,2335.987719663514,1253.0,0.0,0
51,NSGA-III,42,286.0,2386.275655478849,1258.8333333333333,0.0,0
51,NSGA-III,43,307.6666666666667,2252.7396984977518,1267.1666666666667,0.0,0
51,NSGA-III,44,318.0,2323.498914680485,1256.5,0.0,0
51,NSGA-III,45,318.33333333333337,2284.5006183841883,1264.1666666666667,0.0,0
51,MOEA/D,0,273.33333333333337,2169.720104374375,1272.6666666666665,0.0,1
51,MOEA/D,1,292.0,2260.219294847271,1266.333333333333,0.0,0
51,MOEA/D,2,289.66666666666663,2150.20929911817,1279.3333333333333,0.0,0
51,MOEA/D,3,289.66666666666663,2150.20929911817,1279.3333333333333,0.0,0
51,MOEA/D,4,273.33333333333337,2157.604384423095,1279.3333333333335,0.0,0
51,MOEA/D,5,274.66666666666663,2154.055141411412,1280.3333333333335,0.0,0
51,MOEA/D,6,273.33333333333337,2157.604384423095,1279.3333333333335,0.0,0
51,MOEA/D,7,273.33333333333337,2160.053808078079,1274.3333333333333,0.0,0
51,MOEA/D,8,289.66666666666663,2154.0536599299307,1273.6666666666665,0.0,0
51,MOEA/D,9,289.66666666666663,2154.0536599299307,1273.6666666666665,0.0,0
51,MOEA/D,10,289.66666666666663,2154.0536599299307,1273.6666666666665,0.0,0
51,MOEA/D,11,273.33333333333337,2157.604384423095,1279.3333333333335,0.0,0
51,MOEA/D,12,289.66666666666663,2153.3871414114124,1274.3333333333333,0.0,0
51,MOEA/D,13,273.33333333333337,2169.720104374375,1272.6666666666665,0.0,0
51,MOEA/D,14,273.33333333333337,2169.720104374375,1272.6666666666665,0.0,0
51,MOEA/D,15,289.66666666666663,2150.20929911817,1279.3333333333333,0.0,0
51,MOEA/D,16,289.66666666666663,2147.7100768959476,1282.8333333333335,0.0,0
51,MOEA/D,17,273.33333333333337,2157.604384423095,1279.3333333333335,0.0,0
51,MOEA/D,18,273.33333333333337,2169.720104374375,1272.6666666666665,0.0,0
51,MOEA/D,19,273.33333333333337,2160.053808078079,1274.3333333333333,0.0,0
51,MOEA/D,20,289.66666666666663,2151.3875858558567,1276.3333333333335,0.0,0
51,MOEA/D,21,273.33333333333337,2160.053808078079,1274.3333333333333,0.0,0
51,MOEA/D,22,289.66666666666663,2154.0536599299307,1273.6666666666665,0.0,0
51,MOEA/D,23,273.33333333333337,2157.604384423095,1279.3333333333335,0.0,0
51,MOEA/D,24,273.33333333333337,2160.053808078079,1274.3333333333333,0.0,0
51,MOEA/D,25,273.33333333333337,2169.720104374375,1272.6666666666665,0.0,0
51,MOEA/D,26,289.66666666666663,2154.0536599299307,1273.6666666666665,0.0,0
51,MOEA/D,27,289.66666666666663,2147.7100768959476,1282.8333333333335,0.0,0
51,MOEA/D,28,274.66666666666663,2154.055141411412,1280.3333333333335,0.0,0
51,MOEA/D,29,273.33333333333337,2160.053808078079,1274.3333333333333,0.0,0
51,MOEA/D,30,273.33333333333337,2157.604384423095,1279.3333333333335,0.0,0
51,MOEA/D,31,289.66666666666663,2154.0536599299307,1273.6666666666665,0.0,0
51,MOEA/D,32,273.33333333333337,2169.720104374375,1272.6666666666665,0.0,0
51,MOEA/D,33,273.33333333333337,2160.053808078079,1274.3333333333333,0.0,0
51,MOEA/D,34,289.66666666666663,2151.3875858558567,1276.3333333333335,0.0,0
51,MOEA/D,35,289.66666666666663,2151.3875858558567,1276.3333333333335,0.0,0
51,MOEA/D,36,289.66666666666663,2153.3871414114124,1274.3333333333333,0.0,0
51,MOEA/D,37,289.66666666666663,2151.3875858558567,1276.3333333333335,0.0,0
51,MOEA/D,38,274.66666666666663,2154.055141411412,1280.3333333333335,0.0,0
51,MOEA/D,39,274.66666666666663,2215.553739291716,1271.3333333333333,0.0,0
51,MOEA/D,40,289.66666666666663,2154.0536599299307,1273.6666666666665,0.0,0
51,MOEA/D,41,273.33333333333337,2157.604384423095,1279.3333333333335,0.0,0
51,MOEA/D,42,273.33333333333337,2160.053808078079,1274.3333333333333,0.0,0
51,MOEA/D,43,289.66666666666663,2153.3871414114124,1274.3333333333333,0.0,0
51,MOEA/D,44,289.66666666666663,2150.20929911817,1279.3333333333333,0.0,0
51,MOEA/D,45,289.66666666666663,2150.20929911817,1279.3333333333333,0.0,0
51,MOEA/D,46,289.66666666666663,2154.0536599299307,1273.6666666666665,0.0,0
51,MOEA/D,47,273.33333333333337,2157.604384423095,1279.3333333333335,0.0,0
51,MOEA/D,48,273.33333333333337,2169.720104374375,1272.6666666666665,0.0,0
51,MOEA/D,49,289.66666666666663,2150.20929911817,1279.3333333333333,0.0,0
51,MOEA/D,50,273.33333333333337,2157.604384423095,1279.3333333333335,0.0,0
51,MOEA/D,51,273.33333333333337,2169.720104374375,1272.6666666666665,0.0,0
51,MOEA/D,52,273.33333333333337,2160.053808078079,1274.3333333333333,0.0,0
51,MOEA/D,53,273.33333333333337,2160.053808078079,1274.3333333333333,0.0,0
51,MOEA/D,54,273.33333333333337,2168.598923490221,1273.6666666666665,0.0,0
51,MOEA/D,55,273.33333333333337,2169.720104374375,1272.6666666666665,0.0,0
51,MOEA/D,56,273.33333333333337,2169.720104374375,1272.6666666666665,0.0,0
51,MOEA/D,57,273.33333333333337,2160.053808078079,1274.3333333333333,0.0,0
51,MOEA/D,58,273.33333333333337,2169.720104374375,1272.6666666666665,0.0,0
51,MOEA/D,59,273.33333333333337,2160.053808078079,1274.3333333333333,0.0,0
51,MOEA/D,60,289.66666666666663,2151.3875858558567,1276.3333333333335,0.0,0
51,MOEA/D,61,289.66666666666663,2151.3875858558567,1276.3333333333335,0.0,0
51,MOEA/D,62,273.33333333333337,2169.720104374375,1272.6666666666665,0.0,0
51,MOEA/D,64,289.66666666666663,2147.7100768959476,1282.8333333333335,0.0,0
51,MOEA/D,65,289.66666666666663,2151.3875858558567,1276.3333333333335,0.0,0
51,MOEA/D,66,289.66666666666663,2154.0536599299307,1273.6666666666665,0.0,0
51,MOEA/D,67,273.33333333333337,2168.598923490221,1273.6666666666665,0.0,0
51,MOEA/D,68,273.33333333333337,2160.053808078079,1274.3333333333333,0.0,0
51,MOEA/D,69,273.33333333333337,2169.720104374375,1272.6666666666665,0.0,0
51,MOEA/D,70,289.66666666666663,2151.3875858558567,1276.3333333333335,0.0,0
51,MOEA/D,71,271.6666666666667,2218.5387961616657,1268.8333333333333,0.0,0
51,MOEA/D,72,273.33333333333337,2169.720104374375,1272.6666666666665,0.0,0
51,MOEA/D,74,273.33333333333337,2160.053808078079,1274.3333333333333,0.0,0
51,MOEA/D,75,289.66666666666663,2147.7100768959476,1282.8333333333335,0.0,0
51,MOEA/D,76,273.33333333333337,2169.720104374375,1272.6666666666665,0.0,0
51,MOEA/D,77,271.6666666666667,2218.5387961616657,1268.8333333333333,0.0,0
51,MOEA/D,78,289.66666666666663,2153.3871414114124,1274.3333333333333,0.0,0
51,MOEA/D,79,273.33333333333337,2160.053808078079,1274.3333333333333,0.0,0
51,MOEA/D,80,273.33333333333337,2169.720104374375,1272.6666666666665,0.0,0
51,MOEA/D,81,273.33333333333337,2157.604384423095,1279.3333333333335,0.0,0
51,MOEA/D,82,289.66666666666663,2154.0536599299307,1273.6666666666665,0.0,0
51,MOEA/D,83,273.33333333333337,2169.720104374375,1272.6666666666665,0.0,0
51,MOEA/D,84,273.33333333333337,2157.604384423095,1279.3333333333335,0.0,0
51,MOEA/D,85,289.66666666666663,2153.3871414114124,1274.3333333333333,0.0,0
51,MOEA/D,86,289.66666666666663,2153.3871414114124,1274.3333333333333,0.0,0
51,MOEA/D,87,273.33333333333337,2169.720104374375,1272.6666666666665,0.0,0
51,MOEA/D,88,311.66666666666663,2186.719808078079,1271.3333333333335,0.0,0
51,MOEA/D,89,289.66666666666663,2154.0536599299307,1273.6666666666665,0.0,0
51,MOEA/D,90,289.66666666666663,2154.0536599299307,1273.6666666666665,0.0,0
51,MOEA/D,91,273.33333333333337,2157.604384423095,1279.3333333333335,0.0,0
51,MOEA/D,92,289.66666666666663,2154.0536599299307,1273.6666666666665,0.0,0
51,MOEA/D,93,273.33333333333337,2160.053808078079,1274.3333333333333,0.0,0
51,MOEA/D,94,273.33333333333337,2169.720104374375,1272.6666666666665,0.0,0
51,MOEA/D,95,273.33333333333337,2157.604384423095,1279.3333333333335,0.0,0
51,MOEA/D,96,273.33333333333337,2157.604384423095,1279.3333333333335,0.0,0
51,MOEA/D,97,273.33333333333337,2169.720104374375,1272.6666666666665,0.0,0
51,MOEA/D,98,273.33333333333337,2157.604384423095,1279.3333333333335,0.0,0
51,MOEA/D,99,273.33333333333337,2160.053808078079,1274.3333333333333,0.0,0
51,GA-SA,0,290.3333333333333,2320.211353560043,1237.8333333333335,0.0,1
51,A*-GA,0,290.0,2296.3997689476555,1329.0,0.0,1
51,A*-GA,1,290.0,2296.3997689476555,1329.0,0.0,0
51,LWC,0,300.33333333333337,2248.331320340389,1269.5000000000002,0.0,0
51,LWC,1,296.33333333333337,2152.7523738062405,1306.6666666666667,0.0,0
51,LWC,2,300.33333333333337,2244.417868009577,1270.5,0.0,0
51,LWC,3,302.0,2191.142833601329,1287.3333333333333,0.0,0
51,LWC,4,319.33333333333337,2179.7709138746163,1277.6666666666667,0.0,0
51,LWC,5,296.33333333333337,2133.422744176611,1323.3333333333337,0.0,1
51,LWC,6,302.0,2204.639055823551,1270.3333333333335,0.0,0
51,LWC,7,302.0,2182.0721003306403,1292.0000000000002,0.0,0
51,LWC,8,319.33333333333337,2178.7711360968383,1278.6666666666665,0.0,0
51,LWC,9,291.0,2276.5174346924205,1274.3333333333335,0.0,0
51,LWC,10,302.0,2218.138722490218,1268.8333333333333,0.0,0
51,LWC,11,309.3333333333333,2160.971410952065,1297.1666666666667,0.0,0
51,LWC,12,352.0,2277.384930676037,1263.5000000000002,0.0,0
51,LWC,13,348.6666666666667,2309.6259243717627,1263.0000000000002,0.0,0
51,LWC,14,291.0,2276.5174346924205,1274.3333333333335,0.0,0
51,LWC,15,306.6666666666667,2182.4369827293976,1279.3333333333333,0.0,0
51,LWC,16,291.0,2276.5174346924205,1274.3333333333335,0.0,0
51,LWC,17,293.6666666666667,2262.1886939516794,1295.0,0.0,0
51,LWC,18,320.3333333333333,2398.972647108389,1260.8333333333335,0.0,0
51,LWC,19,291.0,2276.5174346924205,1274.3333333333335,0.0,0
51,LWC,20,283.0,2282.1841754331613,1274.6666666666667,0.0,0
51,LWC,21,348.6666666666667,2309.6259243717627,1263.0000000000002,0.0,0
51,LWC,22,291.0,2287.5163235813093,1269.3333333333335,0.0,0
51,LWC,23,303.66666666666663,2159.5252050839904,1303.166666666667,0.0,0
51,LWC,24,306.6666666666667,2182.4369827293976,1279.3333333333333,0.0,0
51,LWC,25,291.6666666666667,2270.4376815556407,1282.6666666666667,0.0,0
51,LWC,26,306.6666666666667,2182.4369827293976,1279.3333333333333,0.0,0
51,LWC,27,309.3333333333333,2160.971410952065,1297.1666666666667,0.0,0
51,LWC,28,293.6666666666667,2247.8566198776057,1300.6666666666667,0.0,0
51,LWC,29,302.0,2186.642870638366,1287.5000000000002,0.0,0
51,LWC,30,295.0,2207.5606700971584,1271.0000000000002,0.0,0
51,LWC,31,306.6666666666667,2171.106167914583,1290.6666666666667,0.0,0
51,LWC,32,307.0,2189.200121760531,1269.8333333333335,0.0,0
51,LWC,33,309.6666666666667,2142.972744285398,1303.1666666666665,0.0,0
51,LWC,34,283.0,2329.682027285013,1265.0,0.0,0
51,LWC,35,300.33333333333337,2244.417868009577,1270.5,0.0,0
51,LWC,36,306.33333333333337,2196.2683212820234,1266.0,0.0,0
51,LWC,37,348.6666666666667,2320.2085910384294,1260.0,0.0,0
52,AW-NSGA-II,0,295.0,2408.773390387382,1297.5,0.0,0
52,AW-NSGA-II,1,292.6666666666667,2473.1026404535664,1290.6666666666667,0.0,0
52,AW-NSGA-II,2,301.33333333333337,2373.917211270426,1292.3333333333333,0.0,0
52,AW-NSGA-II,3,307.3333333333333,2511.258128847328,1284.0,0.0,0
52,AW-NSGA-II,4,292.6666666666667,2460.724388511323,1295.0,0.0,0
52,AW-NSGA-II,5,321.33333333333337,2313.3411540395514,1302.3333333333333,0.0,1
52,AW-NSGA-II,6,292.6666666666667,2473.1026404535664,1290.6666666666667,0.0,0
52,AW-NSGA-II,7,277.0,2388.0724308361755,1301.1666666666665,0.0,0
52,AW-NSGA-II,8,301.0,2326.4897261523065,1309.5,0.0,0
52,AW-NSGA-II,9,286.33333333333337,2406.3082243296094,1299.0,0.0,0
52,AW-NSGA-II,10,296.66666666666663,2400.191015706921,1294.6666666666667,0.0,0
52,AW-NSGA-II,11,318.66666666666663,2455.8668096038928,1285.0,0.0,0
52,AW-NSGA-II,12,310.3333333333333,2476.570873759259,1282.8333333333335,0.0,0
52,AW-NSGA-II,13,274.33333333333337,2399.9153061136553,1303.1666666666667,0.0,0
52,AW-NSGA-II,14,301.33333333333337,2349.4178409000556,1295.1666666666665,0.0,0
52,AW-NSGA-II,15,296.66666666666663,2388.04976824661,1296.6666666666665,0.0,0
52,AW-NSGA-II,16,293.0,2329.7151203722865,1298.3333333333333,0.0,0
52,AW-NSGA-II,17,310.66666666666663,2447.2008836779664,1288.3333333333333,0.0,0
52,AW-NSGA-II,18,310.66666666666663,2447.2008836779664,1288.3333333333333,0.0,0
52,AW-NSGA-II,19,298.33333333333337,2557.634896574725,1286.1666666666667,0.0,0
52,AW-NSGA-II,20,296.66666666666663,2404.047916394758,1288.3333333333335,0.0,0
52,AW-NSGA-II,21,301.33333333333337,2392.0052977381206,1290.166666666667,0.0,0
52,AW-NSGA-II,22,296.66666666666663,2400.191015706921,1294.6666666666667,0.0,0
52,AW-NSGA-II,23,285.0,2333.009508927493,1307.3333333333335,0.0,0
52,AW-NSGA-II,24,286.33333333333337,2406.3082243296094,1299.0,0.0,0
52,AW-NSGA-II,25,293.0,2329.7151203722865,1298.3333333333333,0.0,0
52,AW-NSGA-II,26,318.66666666666663,2455.8668096038928,1285.0,0.0,0
52,AW-NSGA-II,27,310.66666666666663,2447.2008836779664,1288.3333333333333,0.0,0
52,AW-NSGA-II,28,289.33333333333337,2347.6720608567534,1305.0,0.0,0
52,AW-NSGA-II,29,298.33333333333337,2557.634896574725,1286.1666666666667,0.0,0
52,AW-NSGA-II,30,286.33333333333337,2406.3082243296094,1299.0,0.0,0
52,AW-NSGA-II,31,310.66666666666663,2447.2008836779664,1288.3333333333333,0.0,0
52,AW-NSGA-II,32,301.0,2326.4897261523065,1309.5,0.0,0
52,AW-NSGA-II,33,314.66666666666663,2465.033439233522,1284.8333333333335,0.0,0
52,AW-NSGA-II,34,292.6666666666667,2473.1026404535664,1290.6666666666667,0.0,0
52,NSGA-II-2obj,0,305.6666666666667,2399.352161853798,1352.3333333333335,0.0,0
52,NSGA-II-2obj,1,309.33333333333337,2379.3172880279617,1356.3333333333335,0.0,0
52,NSGA-II-2obj,2,320.33333333333337,2361.20906118367,1357.8333333333333,0.0,1
52,NSGA-II-2obj,3,298.0,2484.877256151397,1343.8333333333335,0.0,0
52,NSGA-II-2obj,4,298.66666666666674,2423.091697572278,1354.3333333333333,0.0,0
52,NSGA-II-2obj,5,298.0,2484.877256151397,1343.8333333333335,0.0,0
52,NSGA-II-2obj,6,309.33333333333337,2379.3172880279617,1356.3333333333335,0.0,0
52,NSGA-II-2obj,7,308.00000000000006,2382.2548810655617,1340.8333333333333,0.0,0
52,NSGA-II-3obj,0,333.33333333333337,2487.511291678731,1315.8333333333333,0.0,0
52,NSGA-II-3obj,1,300.6666666666667,2584.899937627506,1295.6666666666667,0.0,0
52,NSGA-II-3obj,2,290.66666666666663,2689.509926252264,1340.166666666667,0.0,0
52,NSGA-II-3obj,3,299.3333333333333,2472.736057760419,1317.1666666666665,0.0,0
52,NSGA-II-3obj,4,294.0,2515.6535957345864,1309.0,0.0,0
52,NSGA-II-3obj,5,294.0,2504.880377595884,1327.0,0.0,0
52,NSGA-II-3obj,6,298.33333333333337,2422.569232680046,1335.8333333333335,0.0,0
52,NSGA-II-3obj,7,333.33333333333337,2487.511291678731,1315.8333333333333,0.0,0
52,NSGA-II-3obj,8,298.0,2486.153911340702,1328.1666666666667,0.0,0
52,NSGA-II-3obj,9,299.3333333333333,2472.736057760419,1317.1666666666665,0.0,0
52,NSGA-II-3obj,10,298.33333333333337,2395.3638918913693,1339.1666666666665,0.0,0
52,NSGA-II-3obj,11,298.33333333333337,2422.569232680046,1335.8333333333335,0.0,0
52,NSGA-II-3obj,12,286.6666666666667,2578.4271484744863,1342.6666666666667,0.0,0
52,NSGA-II-3obj,13,293.0,2471.0654750379153,1329.8333333333335,0.0,0
52,NSGA-II-3obj,14,293.0,2468.4245465603176,1338.9999999999998,0.0,0
52,NSGA-II-3obj,15,294.0,2510.3506904402784,1325.3333333333335,0.0,0
52,NSGA-II-3obj,16,298.0,2486.2605098390873,1323.6666666666665,0.0,0
52,NSGA-II-3obj,17,313.3333333333333,2435.0689872153953,1330.4999999999998,0.0,0
52,NSGA-II-3obj,18,293.66666666666663,2440.6833411090065,1343.8333333333335,0.0,0
52,NSGA-II-3obj,19,313.3333333333333,2436.1519131413206,1328.6666666666665,0.0,0
52,NSGA-II-3obj,20,313.3333333333333,2435.0689872153953,1330.4999999999998,0.0,0
52,NSGA-II-3obj,21,298.0,2423.070162259058,1332.0,0.0,0
52,NSGA-II-3obj,22,313.33333333333337,2413.2921640908617,1328.5,0.0,0
52,NSGA-II-3obj,23,298.0,2492.8404291525417,1319.6666666666665,0.0,0
52,NSGA-II-3obj,24,298.0,2486.153911340702,1328.1666666666667,0.0,0
52,NSGA-II-3obj,25,300.6666666666667,2584.899937627506,1295.6666666666667,0.0,0
52,NSGA-II-3obj,26,310.0,2413.8423617414937,1337.5000000000002,0.0,0
52,NSGA-II-3obj,27,354.6666666666667,2410.4451638753135,1333.5,0.0,0
52,NSGA-II-3obj,28,293.66666666666663,2442.341870799429,1333.6666666666665,0.0,0
52,NSGA-II-3obj,29,313.3333333333333,2458.065950178358,1316.8333333333333,0.0,0
52,NSGA-II-3obj,30,313.66666666666663,2423.63667086061,1323.1666666666667,0.0,0
52,NSGA-II-3obj,31,325.33333333333337,2557.23364133121,1297.3333333333335,0.0,0
52,NSGA-II-3obj,32,293.0,2456.317543402885,1342.0,0.0,0
52,NSGA-II-3obj,33,298.0,2425.442328488692,1330.8333333333333,0.0,0
52,NSGA-II-3obj,34,316.3333333333333,2378.4938454198186,1367.6666666666667,0.0,0
52,NSGA-II-3obj,35,293.66666666666663,2442.341870799429,1333.6666666666665,0.0,0
52,NSGA-II-3obj,36,298.0,2478.1542076369983,1329.5,0.0,0
52,NSGA-II-3obj,37,293.0,2468.4245465603176,1338.9999999999998,0.0,0
52,NSGA-II-3obj,38,313.66666666666663,2406.028702055068,1335.5,0.0,0
52,NSGA-II-3obj,39,298.33333333333337,2395.3638918913693,1339.1666666666665,0.0,0
52,NSGA-II-3obj,40,296.66666666666663,2423.806294495092,1350.6666666666665,0.0,0
52,NSGA-II-3obj,41,305.6666666666667,2474.822003141994,1316.833333333333,0.0,0
52,NSGA-II-3obj,42,358.33333333333337,2592.7931006048516,1295.3333333333335,0.0,1
52,NSGA-II-3obj,43,293.66666666666663,2440.6833411090065,1343.8333333333335,0.0,0
52,NSGA-II-3obj,44,293.0,2440.769238151342,1347.6666666666667,0.0,0
52,NSGA-II-3obj,45,298.33333333333337,2422.569232680046,1335.8333333333335,0.0,0
52,NSGA-II-3obj,46,298.0,2486.153911340702,1328.1666666666667,0.0,0
52,NSGA-II-3obj,47,298.33333333333337,2422.569232680046,1335.8333333333335,0.0,0
52,NSGA-II-3obj,48,298.0,2421.7084358146985,1336.1666666666667,0.0,0
52,NSGA-II-3obj,49,309.66666666666663,2453.646983104501,1320.0,0.0,0
52,NSGA-II-3obj,50,298.0,2492.8404291525417,1319.6666666666665,0.0,0
52,NSGA-II-3obj,51,300.6666666666667,2487.6789530296414,1300.3333333333333,0.0,0
52,NSGA-II-3obj,52,294.0,2510.3506904402784,1325.3333333333335,0.0,0
52,NSGA-II-3obj,53,290.66666666666663,2710.293850259792,1337.8333333333337,0.0,0
52,NSGA-II-3obj,54,344.66666666666663,2377.7578812390675,1366.3333333333333,0.0,0
52,NSGA-II-3obj,55,313.66666666666663,2431.8856338235732,1318.5,0.0,0
52,NSGA-II-3obj,56,313.66666666666663,2419.0599702403283,1326.5,0.0,0
52,NSGA-II-3obj,57,298.0,2478.1542076369983,1329.5,0.0,0
52,NSGA-II-3obj,58,299.3333333333333,2472.736057760419,1317.1666666666665,0.0,0
52,NSGA-II-3obj,59,299.3333333333333,2462.737835538197,1325.1666666666667,0.0,0
52,NSGA-II-3obj,60,286.6666666666667,2578.3841415252346,1343.6666666666667,0.0,0
52,NSGA-II-3obj,61,286.3333333333333,2605.0450133505965,1344.6666666666667,0.0,0
52,NSGA-II-3obj,62,293.66666666666663,2442.341870799429,1333.6666666666665,0.0,0
52,NSGA-II-3obj,63,293.0,2456.317543402885,1342.0,0.0,0
52,NSGA-II-3obj,64,313.3333333333333,2436.1519131413206,1328.6666666666665,0.0,0
52,NSGA-II-3obj,65,354.6666666666667,2410.4451638753135,1333.5,0.0,0
52,NSGA-II-3obj,66,313.66666666666663,2406.028702055068,1335.5,0.0,0
52,NSGA-II-3obj,67,325.33333333333337,2557.23364133121,1297.3333333333335,0.0,0
52,NSGA-III,0,313.3333333333333,2319.2859084395654,1323.6666666666665,0.0,0
52,NSGA-III,1,274.33333333333337,2321.916021209442,1285.8333333333333,0.0,1
52,NSGA-III,2,323.00000000000006,2456.7489100983307,1283.8333333333335,0.0,0
52,NSGA-III,3,274.33333333333337,2321.916021209442,1285.8333333333333,0.0,0
52,NSGA-III,4,303.3333333333333,2508.025371937597,1282.666666666667,0.0,0
52,NSGA-III,5,311.3333333333333,2576.1731577388673,1282.6666666666667,0.0,0
52,NSGA-III,6,336.0,2505.880995406372,1283.3333333333333,0.0,0
52,NSGA-III,7,307.33333333333337,2321.6508848266944,1322.5,0.0,0
52,MOEA/D,0,280.6666666666667,2262.2140503928867,1282.6666666666665,0.0,0
52,MOEA/D,1,291.0,2272.9775500453725,1279.5,0.0,0
52,MOEA/D,4,278.33333333333337,2237.5500874299237,1294.8333333333333,0.0,0
52,MOEA/D,5,278.33333333333337,2237.5500874299237,1294.8333333333333,0.0,0
52,MOEA/D,6,278.33333333333337,2237.5500874299237,1294.8333333333333,0.0,0
52,MOEA/D,7,280.6666666666667,2244.881198541035,1284.8333333333333,0.0,1
52,MOEA/D,8,289.0,2226.4769555901407,1291.5,0.0,0
52,MOEA/D,11,278.33333333333337,2237.5500874299237,1294.8333333333333,0.0,0
52,MOEA/D,13,280.6666666666667,2262.2140503928867,1282.6666666666665,0.0,0
52,MOEA/D,14,280.6666666666667,2262.2140503928867,1282.6666666666665,0.0,0
52,MOEA/D,17,278.33333333333337,2237.5500874299237,1294.8333333333333,0.0,0
52,MOEA/D,18,278.33333333333337,2237.5500874299237,1294.8333333333333,0.0,0
52,MOEA/D,19,289.0,2226.4769555901407,1291.5,0.0,0
52,MOEA/D,21,278.33333333333337,2237.5500874299237,1294.8333333333333,0.0,0
52,MOEA/D,22,278.33333333333337,2237.5500874299237,1294.8333333333333,0.0,0
52,MOEA/D,23,278.33333333333337,2237.5500874299237,1294.8333333333333,0.0,0
52,MOEA/D,24,278.33333333333337,2237.5500874299237,1294.8333333333333,0.0,0
52,MOEA/D,25,280.6666666666667,2262.2140503928867,1282.6666666666665,0.0,0
52,MOEA/D,26,280.6666666666667,2244.881198541035,1284.8333333333333,0.0,0
52,MOEA/D,28,278.33333333333337,2237.5500874299237,1294.8333333333333,0.0,0
52,MOEA/D,29,280.6666666666667,2244.881198541035,1284.8333333333333,0.0,0
52,MOEA/D,31,278.33333333333337,2237.5500874299237,1294.8333333333333,0.0,0
52,MOEA/D,33,289.0,2226.4769555901407,1291.5,0.0,0
52,MOEA/D,36,278.33333333333337,2237.5500874299237,1294.8333333333333,0.0,0
52,MOEA/D,38,278.33333333333337,2237.5500874299237,1294.8333333333333,0.0,0
52,MOEA/D,39,280.6666666666667,2262.2140503928867,1282.6666666666665,0.0,0
52,MOEA/D,40,278.33333333333337,2237.5500874299237,1294.8333333333333,0.0,0
52,MOEA/D,42,280.6666666666667,2244.881198541035,1284.8333333333333,0.0,0
52,MOEA/D,43,278.33333333333337,2237.5500874299237,1294.8333333333333,0.0,0
52,MOEA/D,48,280.6666666666667,2262.2140503928867,1282.6666666666665,0.0,0
52,MOEA/D,50,278.33333333333337,2237.5500874299237,1294.8333333333333,0.0,0
52,MOEA/D,52,289.0,2226.4769555901407,1291.5,0.0,0
52,MOEA/D,53,281.0,2226.695301925604,1293.0,0.0,0
52,MOEA/D,54,280.6666666666667,2244.881198541035,1284.8333333333333,0.0,0
52,MOEA/D,55,280.6666666666667,2262.2140503928867,1282.6666666666665,0.0,0
52,MOEA/D,56,280.6666666666667,2262.2140503928867,1282.6666666666665,0.0,0
52,MOEA/D,57,280.6666666666667,2244.881198541035,1284.8333333333333,0.0,0
52,MOEA/D,58,280.6666666666667,2262.2140503928867,1282.6666666666665,0.0,0
52,MOEA/D,59,280.6666666666667,2244.881198541035,1284.8333333333333,0.0,0
52,MOEA/D,62,280.6666666666667,2244.881198541035,1284.8333333333333,0.0,0
52,MOEA/D,63,291.0,2272.9775500453725,1279.5,0.0,0
52,MOEA/D,66,278.33333333333337,2237.5500874299237,1294.8333333333333,0.0,0
52,MOEA/D,67,280.6666666666667,2244.881198541035,1284.8333333333333,0.0,0
52,MOEA/D,68,280.6666666666667,2244.881198541035,1284.8333333333333,0.0,0
52,MOEA/D,69,280.6666666666667,2244.881198541035,1284.8333333333333,0.0,0
52,MOEA/D,71,280.6666666666667,2352.8204800081335,1281.1666666666667,0.0,0
52,MOEA/D,72,291.0,2272.9775500453725,1279.5,0.0,0
52,MOEA/D,73,339.6666666666667,2328.4765500453723,1275.0,0.0,0
52,MOEA/D,74,280.6666666666667,2244.881198541035,1284.8333333333333,0.0,0
52,MOEA/D,76,279.6666666666667,2263.1949685922705,1291.5,0.0,0
52,MOEA/D,77,280.6666666666667,2262.2140503928867,1282.6666666666665,0.0,0
52,MOEA/D,78,289.0,2226.4769555901407,1291.5,0.0,0
52,MOEA/D,79,280.6666666666667,2244.881198541035,1284.8333333333333,0.0,0
52,MOEA/D,80,280.6666666666667,2262.2140503928867,1282.6666666666665,0.0,0
52,MOEA/D,81,278.33333333333337,2237.5500874299237,1294.8333333333333,0.0,0
52,MOEA/D,82,278.33333333333337,2237.5500874299237,1294.8333333333333,0.0,0
52,MOEA/D,83,280.6666666666667,2262.2140503928867,1282.6666666666665,0.0,0
52,MOEA/D,84,278.33333333333337,2237.5500874299237,1294.8333333333333,0.0,0
52,MOEA/D,85,278.33333333333337,2237.5500874299237,1294.8333333333333,0.0,0
52,MOEA/D,86,289.0,2226.4769555901407,1291.5,0.0,0
52,MOEA/D,87,280.6666666666667,2244.881198541035,1284.8333333333333,0.0,0
52,MOEA/D,88,280.6666666666667,2262.2140503928867,1282.6666666666665,0.0,0
52,MOEA/D,89,280.6666666666667,2244.881198541035,1284.8333333333333,0.0,0
52,MOEA/D,90,280.6666666666667,2244.881198541035,1284.8333333333333,0.0,0
52,MOEA/D,91,281.0,2226.695301925604,1293.0,0.0,0
52,MOEA/D,92,278.33333333333337,2237.5500874299237,1294.8333333333333,0.0,0
52,MOEA/D,93,280.6666666666667,2244.881198541035,1284.8333333333333,0.0,0
52,MOEA/D,94,280.6666666666667,2244.881198541035,1284.8333333333333,0.0,0
52,MOEA/D,95,278.33333333333337,2237.5500874299237,1294.8333333333333,0.0,0
52,MOEA/D,96,278.33333333333337,2237.408803467315,1302.9999999999998,0.0,0
52,MOEA/D,98,278.33333333333337,2237.5500874299237,1294.8333333333333,0.0,0
52,MOEA/D,99,278.33333333333337,2237.5500874299237,1294.8333333333333,0.0,0
52,GA-SA,0,266.0,2343.4041238737514,1257.3333333333333,0.0,1
52,A*-GA,0,297.6666666666667,2315.8412823414074,1365.0,0.0,1
52,A*-GA,1,297.6666666666667,2343.8305430213136,1365.0,0.0,0
52,A*-GA,2,297.6666666666667,2329.393698963433,1363.6666666666665,0.0,0
52,A*-GA,3,297.6666666666667,2311.210523691042,1371.3333333333333,0.0,0
52,A*-GA,4,297.6666666666667,2300.838837896963,1354.0,0.0,0
52,A*-GA,5,297.6666666666667,2278.895353111285,1359.6666666666665,0.0,0
52,A*-GA,6,297.6666666666667,2420.1092229265278,1385.3333333333335,0.0,0
52,A*-GA,7,297.6666666666667,2347.3074502618188,1353.3333333333333,0.0,0
52,A*-GA,8,297.6666666666667,2395.3079786786975,1372.9999999999998,0.0,0
52,A*-GA,9,297.6666666666667,2335.8305430213136,1365.0,0.0,0
52,A*-GA,10,297.6666666666667,2317.7650671793244,1360.5,0.0,0
52,LWC,0,307.6666666666667,2383.7752469060956,1324.5,0.0,0
52,LWC,1,290.3333333333333,2418.8631671932762,1319.3333333333333,0.0,0
52,LWC,2,295.6666666666667,2488.2777537722422,1303.3333333333335,0.0,0
52,LWC,3,307.6666666666667,2383.7752469060956,1324.5,0.0,0
52,LWC,4,293.0,2498.4448278463165,1305.1666666666665,0.0,0
52,LWC,5,298.00000000000006,2493.7035561026537,1295.8333333333333,0.0,0
52,LWC,6,290.3333333333333,2429.5960754947428,1311.0,0.0,0
52,LWC,7,289.0,2452.3246747757603,1315.8333333333335,0.0,0
52,LWC,8,311.66666666666663,2490.9426426611317,1295.3333333333335,0.0,0
52,LWC,9,293.0,2498.4448278463165,1305.1666666666665,0.0,0
52,LWC,10,290.3333333333333,2440.256206649927,1310.5,0.0,0
52,LWC,11,289.0,2437.3318136852513,1317.5,0.0,0
52,LWC,12,287.6666666666667,2452.6247537955246,1320.3333333333335,0.0,0
52,LWC,13,311.66666666666663,2490.9426426611317,1295.3333333333335,0.0,0
52,LWC,14,288.0,2506.143030296276,1306.5,0.0,0
52,LWC,15,295.6666666666667,2488.2777537722422,1303.3333333333335,0.0,0
52,LWC,16,288.0,2505.144289555535,1312.1666666666665,0.0,0
52,LWC,17,290.3333333333333,2440.256206649927,1310.5,0.0,0
52,LWC,18,295.6666666666667,2456.1228752448883,1309.5,0.0,0
52,LWC,19,292.6666666666667,2412.1151447531447,1316.3333333333333,0.0,0
52,LWC,20,342.66666666666663,2579.774420438909,1288.3333333333335,0.0,1
52,LWC,21,307.6666666666667,2383.7752469060956,1324.5,0.0,0
52,LWC,22,312.3333333333333,2352.0051890234236,1337.8333333333335,0.0,0
52,LWC,23,293.0,2498.4448278463165,1305.1666666666665,0.0,0
52,LWC,24,312.3333333333333,2369.6895143332636,1332.3333333333335,0.0,0
52,LWC,25,289.0,2452.3246747757603,1315.8333333333335,0.0,0
52,LWC,26,294.33333333333337,2482.4447537722426,1304.8333333333333,0.0,0
52,LWC,27,288.0,2503.4227915972947,1314.1666666666667,0.0,0
52,LWC,28,290.3333333333333,2418.8631671932762,1319.3333333333333,0.0,0
52,LWC,29,311.66666666666663,2490.9426426611317,1295.3333333333335,0.0,0
52,LWC,30,315.3333333333333,2558.2032598063574,1294.5,0.0,0
52,LWC,31,309.99999999999994,2484.5371116582096,1296.8333333333333,0.0,0
52,LWC,32,312.3333333333333,2369.6895143332636,1332.3333333333335,0.0,0
52,LWC,33,312.3333333333333,2369.6895143332636,1332.3333333333335,0.0,0
52,LWC,34,290.6666666666667,2640.2252054976,1305.5000000000002,0.0,0
52,LWC,35,307.6666666666667,2372.2756172764657,1326.1666666666667,0.0,0
52,LWC,36,335.3333333333333,2548.702667213765,1291.8333333333333,0.0,0
52,LWC,37,312.3333333333333,2363.892487660563,1332.8333333333333,0.0,0
52,LWC,38,298.00000000000006,2391.2627101948315,1300.6666666666667,0.0,0
52,LWC,39,307.6666666666667,2383.7752469060956,1324.5,0.0,0
52,LWC,40,312.3333333333333,2359.004818653053,1336.1666666666667,0.0,0
52,LWC,41,290.3333333333333,2440.256206649927,1310.5,0.0,0
52,LWC,42,307.6666666666667,2363.0981653814665,1336.3333333333333,0.0,0
52,LWC,43,293.0,2498.4448278463165,1305.1666666666665,0.0,0
52,LWC,44,293.0,2498.4448278463165,1305.1666666666665,0.0,0
52,LWC,45,290.3333333333333,2435.758381733225,1310.6666666666667,0.0,0
52,LWC,46,309.99999999999994,2484.5371116582096,1296.8333333333333,0.0,0
52,LWC,47,287.6666666666667,2452.6247537955246,1320.3333333333335,0.0,0
52,LWC,48,299.66666666666663,2496.0558537794336,1294.9999999999998,0.0,0
52,LWC,49,312.3333333333333,2371.022551370301,1331.0,0.0,0
52,LWC,50,289.0,2458.8938939469595,1313.1666666666665,0.0,0
52,LWC,51,348.6666666666667,2503.034778324876,1286.3333333333335,0.0,0
52,LWC,52,292.6666666666667,2412.1151447531447,1316.3333333333333,0.0,0
52,LWC,53,288.0,2503.4227915972947,1314.1666666666667,0.0,0
52,LWC,54,295.6666666666667,2454.207652951327,1310.3333333333333,0.0,0
52,LWC,55,289.0,2434.1133196083274,1319.3333333333335,0.0,0
52,LWC,56,335.3333333333333,2548.702667213765,1291.8333333333333,0.0,0
53,AW-NSGA-II,0,314.66666666666663,2418.4177661618833,1277.6666666666665,0.0,0
53,AW-NSGA-II,1,314.66666666666663,2418.4177661618833,1277.6666666666665,0.0,0
53,AW-NSGA-II,2,338.33333333333337,2319.493759581258,1281.6666666666667,0.0,0
53,AW-NSGA-II,3,391.6666666666667,2498.4543800126953,1275.3333333333333,0.0,1
53,AW-NSGA-II,4,333.3333333333333,2257.664574396073,1300.3333333333333,0.0,0
53,AW-NSGA-II,5,333.3333333333333,2257.664574396073,1300.3333333333333,0.0,0
53,AW-NSGA-II,6,391.6666666666667,2498.4543800126953,1275.3333333333333,0.0,0
53,AW-NSGA-II,7,338.33333333333337,2315.823271915988,1291.6666666666667,0.0,0
53,AW-NSGA-II,8,292.3333333333333,2382.2986726489635,1310.3333333333333,0.0,0
53,AW-NSGA-II,9,292.3333333333333,2422.2607314945294,1309.0,0.0,0
53,AW-NSGA-II,10,292.3333333333333,2382.2986726489635,1310.3333333333333,0.0,0
53,AW-NSGA-II,11,333.3333333333333,2257.664574396073,1300.3333333333333,0.0,0
53,AW-NSGA-II,12,338.33333333333337,2444.0863342777825,1277.0,0.0,0
53,AW-NSGA-II,13,293.66666666666663,2349.0881896956516,1326.4999999999998,0.0,0
53,AW-NSGA-II,14,333.3333333333333,2271.164018840517,1297.8333333333333,0.0,0
53,AW-NSGA-II,15,293.66666666666663,2364.4210785845403,1324.5,0.0,0
53,AW-NSGA-II,16,333.3333333333333,2257.664574396073,1300.3333333333333,0.0,0
53,AW-NSGA-II,17,301.3333333333333,2360.5042816324317,1278.3333333333335,0.0,0
53,AW-NSGA-II,18,295.3333333333333,2346.7641250894335,1307.4999999999998,0.0,0
53,AW-NSGA-II,19,301.3333333333333,2352.1360326346903,1278.5000000000002,0.0,0
53,AW-NSGA-II,20,303.6666666666667,2240.8075559343692,1321.1666666666665,0.0,0
53,AW-NSGA-II,21,311.0,2235.944025127466,1325.5,0.0,0
53,AW-NSGA-II,22,333.3333333333333,2271.164018840517,1297.8333333333333,0.0,0
53,AW-NSGA-II,23,333.3333333333333,2257.664574396073,1300.3333333333333,0.0,0
53,AW-NSGA-II,24,293.66666666666663,2364.4210785845403,1324.5,0.0,0
53,AW-NSGA-II,25,293.66666666666663,2349.0881896956516,1326.4999999999998,0.0,0
53,AW-NSGA-II,26,333.3333333333333,2257.664574396073,1300.3333333333333,0.0,0
53,AW-NSGA-II,27,301.3333333333333,2342.9722178198754,1291.3333333333333,0.0,0
53,AW-NSGA-II,28,377.0,2505.2873059386216,1273.5,0.0,0
53,AW-NSGA-II,29,362.0,2246.278064271577,1308.3333333333335,0.0,0
53,AW-NSGA-II,30,292.3333333333333,2382.2986726489635,1310.3333333333333,0.0,0
53,AW-NSGA-II,31,306.3333333333333,2259.9112256922726,1299.3333333333333,0.0,0
53,AW-NSGA-II,32,301.3333333333333,2352.1360326346903,1278.5000000000002,0.0,0
53,AW-NSGA-II,33,333.3333333333333,2257.664574396073,1300.3333333333333,0.0,0
53,AW-NSGA-II,34,333.3333333333333,2257.664574396073,1300.3333333333333,0.0,0
53,AW-NSGA-II,35,325.3333333333333,2257.3313151368134,1300.6666666666667,0.0,0
53,AW-NSGA-II,36,301.3333333333333,2352.1360326346903,1278.5000000000002,0.0,0
53,AW-NSGA-II,37,294.6666666666667,2390.0139908585847,1306.1666666666667,0.0,0
53,AW-NSGA-II,38,306.3333333333333,2277.577077544124,1295.6666666666667,0.0,0
53,AW-NSGA-II,39,333.3333333333333,2239.993901545617,1309.4999999999998,0.0,0
53,AW-NSGA-II,40,322.6666666666667,2259.3308706923685,1298.6666666666667,0.0,0
53,AW-NSGA-II,41,292.3333333333333,2424.1514816349213,1305.5,0.0,0
53,AW-NSGA-II,42,319.6666666666667,2234.0420638404626,1330.5,0.0,0
53,AW-NSGA-II,43,294.6666666666667,2327.495453238516,1308.8333333333335,0.0,0
53,AW-NSGA-II,44,338.33333333333337,2444.0863342777825,1277.0,0.0,0
53,AW-NSGA-II,45,296.3333333333333,2281.6191696580786,1293.0,0.0,0
53,AW-NSGA-II,46,292.3333333333333,2367.301191167482,1321.6666666666667,0.0,0
53,AW-NSGA-II,47,295.3333333333333,2346.7641250894335,1307.4999999999998,0.0,0
53,AW-NSGA-II,48,301.3333333333333,2352.1360326346903,1278.5000000000002,0.0,0
53,AW-NSGA-II,49,362.0,2251.777805012318,1307.1666666666667,0.0,0
53,AW-NSGA-II,50,292.3333333333333,2382.2986726489635,1310.3333333333333,0.0,0
53,AW-NSGA-II,51,291.0,2380.71967609742,1313.3333333333335,0.0,0
53,AW-NSGA-II,52,301.3333333333333,2360.5042816324317,1278.3333333333335,0.0,0
53,AW-NSGA-II,53,319.6666666666667,2250.3340188405173,1312.8333333333333,0.0,0
53,AW-NSGA-II,54,333.3333333333333,2239.993901545617,1309.4999999999998,0.0,0
53,NSGA-II-2obj,0,310.33333333333337,2179.444440340348,1349.1666666666665,0.0,0
53,NSGA-II-2obj,1,310.33333333333337,2179.444440340348,1349.1666666666665,0.0,0
53,NSGA-II-2obj,2,304.33333333333337,2203.886679635417,1339.6666666666667,0.0,0
53,NSGA-II-2obj,3,304.33333333333337,2203.886679635417,1339.6666666666667,0.0,0
53,NSGA-II-2obj,4,292.0,2529.4505355506462,1337.5,0.0,1
53,NSGA-II-2obj,5,304.33333333333337,2203.886679635417,1339.6666666666667,0.0,0
53,NSGA-II-2obj,6,304.0,2220.825565099968,1333.5,0.0,0
53,NSGA-II-2obj,7,304.33333333333337,2203.886679635417,1339.6666666666667,0.0,0
53,NSGA-II-2obj,8,299.6666666666667,2239.141100550512,1327.0,0.0,0
53,NSGA-II-2obj,9,303.0,2232.695500661161,1328.8333333333333,0.0,0
53,NSGA-II-2obj,10,304.33333333333337,2203.886679635417,1339.6666666666667,0.0,0
53,NSGA-II-2obj,11,299.33333333333337,2422.055795214266,1331.3333333333337,0.0,0
53,NSGA-II-2obj,12,292.0,2529.4505355506462,1337.5,0.0,0
53,NSGA-II-2obj,13,294.6666666666667,2481.246437897295,1353.0000000000002,0.0,0
53,NSGA-II-3obj,0,385.6666666666667,2740.605616861168,1274.8333333333335,0.0,0
53,NSGA-II-3obj,1,304.6666666666667,2335.8061857994585,1279.0000000000002,0.0,1
53,NSGA-II-3obj,2,304.6666666666667,2335.8061857994585,1279.0000000000002,0.0,0
53,NSGA-II-3obj,3,304.6666666666667,2308.808704317977,1290.3333333333333,0.0,0
53,NSGA-II-3obj,4,322.0,2447.6491525531223,1275.3333333333333,0.0,0
53,NSGA-II-3obj,5,313.3333333333333,2273.686818970438,1315.1666666666665,0.0,0
53,NSGA-II-3obj,6,317.0,2228.240988351793,1328.5,0.0,0
53,NSGA-II-3obj,7,304.6666666666667,2308.808704317977,1290.3333333333333,0.0,0
53,NSGA-II-3obj,8,292.6666666666667,2385.4825599605297,1275.6666666666667,0.0,0
53,NSGA-II-3obj,9,341.3333333333333,2264.7392846480893,1320.8333333333333,0.0,0
53,NSGA-II-3obj,10,304.6666666666667,2334.474408021681,1286.0000000000002,0.0,0
53,NSGA-II-3obj,11,311.0,2235.2406179814225,1326.8333333333335,0.0,0
53,NSGA-II-3obj,12,294.66666666666663,2321.3246939245,1330.666666666667,0.0,0
53,NSGA-II-3obj,13,309.0,2279.267236675947,1293.3333333333333,0.0,0
53,NSGA-II-3obj,14,292.6666666666667,2374.150708108678,1282.3333333333333,0.0,0
53,NSGA-II-3obj,15,307.66666666666663,2237.1979067704733,1323.1666666666665,0.0,0
53,NSGA-II-3obj,16,305.3333333333333,2323.3287233566007,1290.1666666666667,0.0,0
53,NSGA-II-3obj,17,304.6666666666667,2308.808704317977,1290.3333333333333,0.0,0
53,NSGA-II-3obj,18,302.0,2337.975630243903,1291.5,0.0,0
53,NSGA-II-3obj,19,341.3333333333333,2264.7392846480893,1320.8333333333333,0.0,0
53,NSGA-II-3obj,20,304.6666666666667,2308.808704317977,1290.3333333333333,0.0,0
53,NSGA-II-3obj,21,317.0,2228.240988351793,1328.5,0.0,0
53,NSGA-II-3obj,22,301.6666666666667,2257.004171948699,1322.5,0.0,0
53,NSGA-II-3obj,23,311.0,2233.069436453126,1334.4999999999998,0.0,0
53,NSGA-II-3obj,24,292.6666666666667,2374.150708108678,1282.3333333333333,0.0,0
53,NSGA-II-3obj,25,286.0,2329.2665357714827,1298.1666666666667,0.0,0
53,NSGA-II-3obj,26,282.0,2398.3968372211907,1289.1666666666667,0.0,0
53,NSGA-II-3obj,27,317.0,2228.240988351793,1328.5,0.0,0
53,NSGA-II-3obj,28,301.6666666666667,2310.269236675947,1302.3333333333333,0.0,0
53,NSGA-II-3obj,29,325.66666666666663,2273.2111415047716,1318.5,0.0,0
53,NSGA-II-3obj,30,304.3333333333333,2276.6433709846438,1296.3333333333333,0.0,0
53,NSGA-II-3obj,31,325.66666666666663,2273.2111415047716,1318.5,0.0,0
53,NSGA-II-3obj,32,296.66666666666663,2287.978926540199,1306.3333333333337,0.0,0
53,NSGA-II-3obj,33,297.0,2320.598906141853,1293.8333333333335,0.0,0
53,NSGA-II-3obj,34,304.6666666666667,2305.1421857994587,1291.0000000000002,0.0,0
53,NSGA-II-3obj,35,296.3333333333333,2294.021558562614,1312.3333333333335,0.0,0
53,NSGA-II-3obj,36,296.3333333333333,2294.021558562614,1312.3333333333335,0.0,0
53,NSGA-II-3obj,37,299.0,2284.35422522928,1309.3333333333335,0.0,0
53,NSGA-II-3obj,38,299.0,2284.35422522928,1309.3333333333335,0.0,0
53,NSGA-II-3obj,39,302.0,2280.59578504717,1309.0000000000002,0.0,0
53,NSGA-II-3obj,40,299.0,2284.35422522928,1309.3333333333335,0.0,0
53,NSGA-II-3obj,41,286.0,2329.2665357714827,1298.1666666666667,0.0,0
53,NSGA-II-3obj,42,311.0,2233.069436453126,1334.4999999999998,0.0,0
53,NSGA-II-3obj,43,325.66666666666663,2273.2111415047716,1318.5,0.0,0
53,NSGA-II-3obj,44,304.6666666666667,2305.1421857994587,1291.0000000000002,0.0,0
53,NSGA-II-3obj,45,302.0,2280.59578504717,1309.0000000000002,0.0,0
53,NSGA-II-3obj,46,302.0,2280.59578504717,1309.0000000000002,0.0,0
53,NSGA-III,0,312.66666666666663,2279.461652729865,1287.6666666666667,0.0,0
53,NSGA-III,1,319.66666666666663,2212.71662781305,1318.0,0.0,0
53,NSGA-III,2,297.3333333333333,2279.5093359176512,1290.4999999999998,0.0,0
53,NSGA-III,3,294.66666666666663,2329.152372355691,1266.0,0.0,0
53,NSGA-III,4,337.0,2389.8467683095632,1265.1666666666667,0.0,0
53,NSGA-III,5,319.33333333333337,2270.4386939262417,1287.3333333333335,0.0,0
53,NSGA-III,6,294.3333333333333,2227.6355248819405,1323.1666666666665,0.0,0
53,NSGA-III,7,306.33333333333337,2225.4545439216595,1316.6666666666665,0.0,0
53,NSGA-III,8,282.0,2362.135771413599,1291.3333333333333,0.0,0
53,NSGA-III,9,337.0,2389.8467683095632,1265.1666666666667,0.0,0
53,NSGA-III,10,294.66666666666663,2324.052679593572,1280.0,0.0,0
53,NSGA-III,11,320.66666666666663,2203.0540352204575,1336.3333333333333,0.0,1
53,NSGA-III,12,290.33333333333337,2323.553420334313,1283.333333333333,0.0,0
53,NSGA-III,13,294.66666666666663,2292.1139515055393,1291.5000000000002,0.0,0
53,NSGA-III,14,287.33333333333337,2231.119062440178,1307.0,0.0,0
53,NSGA-III,15,321.6666666666667,2224.9539883661037,1314.1666666666665,0.0,0
53,NSGA-III,16,337.0,2389.8467683095632,1265.1666666666667,0.0,0
53,NSGA-III,17,324.0,2267.4547850467425,1284.5,0.0,0
53,NSGA-III,18,284.3333333333333,2237.7835068846225,1296.9999999999998,0.0,0
53,NSGA-III,19,336.6666666666667,2229.606699025012,1311.3333333333333,0.0,0
53,NSGA-III,20,320.6666666666667,2322.515953494748,1276.5,0.0,0
53,NSGA-III,21,320.6666666666667,2322.515953494748,1276.5,0.0,0
53,NSGA-III,22,284.3333333333333,2293.4256278805965,1295.8333333333333,0.0,0
53,NSGA-III,23,320.6666666666667,2319.806945809514,1280.4999999999998,0.0,0
53,NSGA-III,24,294.66666666666663,2296.0289885425764,1284.1666666666667,0.0,0
53,NSGA-III,25,289.0,2333.944545591587,1292.3333333333335,0.0,0
53,NSGA-III,26,322.0,2306.3229279112466,1283.5,0.0,0
53,NSGA-III,27,336.6666666666667,2229.606699025012,1311.3333333333333,0.0,0
53,NSGA-III,28,324.0,2267.4547850467425,1284.5,0.0,0
53,NSGA-III,29,320.66666666666663,2203.0540352204575,1336.3333333333333,0.0,0
53,MOEA/D,0,283.0,2177.611536454191,1286.9999999999998,0.0,0
53,MOEA/D,1,289.33333333333337,2178.4437216393767,1281.8333333333335,0.0,0
53,MOEA/D,2,285.6666666666667,2129.614092009747,1298.5,0.0,0
53,MOEA/D,3,285.6666666666667,2129.614092009747,1298.5,0.0,0
53,MOEA/D,4,283.33333333333337,2149.2196676147655,1308.3333333333333,0.0,0
53,MOEA/D,6,283.33333333333337,2149.2196676147655,1308.3333333333333,0.0,0
53,MOEA/D,7,283.33333333333337,2154.5527046518023,1307.0,0.0,0
53,MOEA/D,8,285.6666666666667,2139.946499417154,1294.3333333333333,0.0,0
53,MOEA/D,9,285.6666666666667,2145.279388306043,1292.3333333333333,0.0,0
53,MOEA/D,10,285.6666666666667,2145.279388306043,1292.3333333333333,0.0,0
53,MOEA/D,11,283.33333333333337,2149.2196676147655,1308.3333333333333,0.0,0
53,MOEA/D,12,285.6666666666667,2124.615203120858,1303.5,0.0,0
53,MOEA/D,13,289.33333333333337,2156.4444623801173,1285.1666666666667,0.0,0
53,MOEA/D,14,285.6666666666667,2156.27805497271,1286.3333333333333,0.0,1
53,MOEA/D,15,285.6666666666667,2124.615203120858,1303.5,0.0,0
53,MOEA/D,16,285.6666666666667,2124.615203120858,1303.5,0.0,0
53,MOEA/D,17,283.33333333333337,2149.2196676147655,1308.3333333333333,0.0,0
53,MOEA/D,18,280.0,2189.715260207358,1288.5,0.0,0
53,MOEA/D,19,285.6666666666667,2139.946499417154,1294.3333333333333,0.0,0
53,MOEA/D,20,285.6666666666667,2129.614092009747,1298.5,0.0,0
53,MOEA/D,21,283.33333333333337,2149.2196676147655,1308.3333333333333,0.0,0
53,MOEA/D,22,285.6666666666667,2129.614092009747,1298.5,0.0,0
53,MOEA/D,23,283.33333333333337,2149.2196676147655,1308.3333333333333,0.0,0
53,MOEA/D,25,285.6666666666667,2156.27805497271,1286.3333333333333,0.0,0
53,MOEA/D,26,285.6666666666667,2139.946499417154,1294.3333333333333,0.0,0
53,MOEA/D,27,285.6666666666667,2124.615203120858,1303.5,0.0,0
53,MOEA/D,28,283.33333333333337,2149.2196676147655,1308.3333333333333,0.0,0
53,MOEA/D,29,285.6666666666667,2145.279388306043,1292.3333333333333,0.0,0
53,MOEA/D,30,285.6666666666667,2129.614092009747,1298.5,0.0,0
53,MOEA/D,31,285.6666666666667,2139.946499417154,1294.3333333333333,0.0,0
53,MOEA/D,32,290.6666666666667,2154.166308222695,1291.8333333333333,0.0,0
53,MOEA/D,33,285.6666666666667,2139.946499417154,1294.3333333333333,0.0,0
53,MOEA/D,34,285.6666666666667,2129.614092009747,1298.5,0.0,0
53,MOEA/D,35,285.6666666666667,2129.614092009747,1298.5,0.0,0
53,MOEA/D,36,285.6666666666667,2129.614092009747,1298.5,0.0,0
53,MOEA/D,37,285.6666666666667,2124.615203120858,1303.5,0.0,0
53,MOEA/D,38,283.33333333333337,2149.2196676147655,1308.3333333333333,0.0,0
53,MOEA/D,39,283.0,2177.611536454191,1286.9999999999998,0.0,0
53,MOEA/D,40,285.6666666666667,2129.614092009747,1298.5,0.0,0
53,MOEA/D,41,285.6666666666667,2129.614092009747,1298.5,0.0,0
53,MOEA/D,42,285.6666666666667,2139.946499417154,1294.3333333333333,0.0,0
53,MOEA/D,43,285.6666666666667,2129.614092009747,1298.5,0.0,0
53,MOEA/D,44,285.6666666666667,2129.614092009747,1298.5,0.0,0
53,MOEA/D,45,285.6666666666667,2124.615203120858,1303.5,0.0,0
53,MOEA/D,46,285.6666666666667,2145.279388306043,1292.3333333333333,0.0,0
53,MOEA/D,47,285.6666666666667,2124.615203120858,1303.5,0.0,0
53,MOEA/D,48,283.0,2177.611536454191,1286.9999999999998,0.0,0
53,MOEA/D,49,285.6666666666667,2129.614092009747,1298.5,0.0,0
53,MOEA/D,50,285.6666666666667,2129.614092009747,1298.5,0.0,0
53,MOEA/D,51,290.6666666666667,2154.166308222695,1291.8333333333333,0.0,0
53,MOEA/D,52,285.6666666666667,2139.946499417154,1294.3333333333333,0.0,0
53,MOEA/D,53,285.6666666666667,2139.946499417154,1294.3333333333333,0.0,0
53,MOEA/D,54,285.6666666666667,2145.279388306043,1292.3333333333333,0.0,0
53,MOEA/D,55,285.6666666666667,2156.27805497271,1286.3333333333333,0.0,0
53,MOEA/D,56,285.6666666666667,2156.27805497271,1286.3333333333333,0.0,0
53,MOEA/D,57,283.33333333333337,2163.885223170321,1303.3333333333335,0.0,0
53,MOEA/D,58,283.0,2177.611536454191,1286.9999999999998,0.0,0
53,MOEA/D,59,283.33333333333337,2149.2196676147655,1308.3333333333333,0.0,0
53,MOEA/D,60,285.6666666666667,2129.614092009747,1298.5,0.0,0
53,MOEA/D,61,285.6666666666667,2129.614092009747,1298.5,0.0,0
53,MOEA/D,62,285.6666666666667,2156.27805497271,1286.3333333333333,0.0,0
53,MOEA/D,63,289.33333333333337,2178.4437216393767,1281.8333333333335,0.0,0
53,MOEA/D,64,285.6666666666667,2124.615203120858,1303.5,0.0,0
53,MOEA/D,65,285.6666666666667,2129.614092009747,1298.5,0.0,0
53,MOEA/D,66,285.6666666666667,2129.614092009747,1298.5,0.0,0
53,MOEA/D,67,285.6666666666667,2145.279388306043,1292.3333333333333,0.0,0
53,MOEA/D,69,285.6666666666667,2156.27805497271,1286.3333333333333,0.0,0
53,MOEA/D,70,285.6666666666667,2129.614092009747,1298.5,0.0,0
53,MOEA/D,71,283.0,2197.943980898636,1283.0,0.0,0
53,MOEA/D,72,289.33333333333337,2156.4444623801173,1285.1666666666667,0.0,0
53,MOEA/D,74,285.6666666666667,2145.279388306043,1292.3333333333333,0.0,0
53,MOEA/D,75,285.6666666666667,2124.615203120858,1303.5,0.0,0
53,MOEA/D,76,280.0,2189.715260207358,1288.5,0.0,0
53,MOEA/D,77,283.0,2177.611536454191,1286.9999999999998,0.0,0
53,MOEA/D,78,285.6666666666667,2129.614092009747,1298.5,0.0,0
53,MOEA/D,79,285.6666666666667,2145.279388306043,1292.3333333333333,0.0,0
53,MOEA/D,80,285.6666666666667,2156.27805497271,1286.3333333333333,0.0,0
53,MOEA/D,81,283.33333333333337,2149.2196676147655,1308.3333333333333,0.0,0
53,MOEA/D,82,285.6666666666667,2129.614092009747,1298.5,0.0,0
53,MOEA/D,83,285.6666666666667,2156.27805497271,1286.3333333333333,0.0,0
53,MOEA/D,84,283.33333333333337,2149.2196676147655,1308.3333333333333,0.0,0
53,MOEA/D,85,285.6666666666667,2129.614092009747,1298.5,0.0,0
53,MOEA/D,86,285.6666666666667,2129.614092009747,1298.5,0.0,0
53,MOEA/D,87,285.6666666666667,2156.27805497271,1286.3333333333333,0.0,0
53,MOEA/D,88,289.33333333333337,2156.4444623801173,1285.1666666666667,0.0,0
53,MOEA/D,89,285.6666666666667,2145.279388306043,1292.3333333333333,0.0,0
53,MOEA/D,90,285.6666666666667,2129.614092009747,1298.5,0.0,0
53,MOEA/D,91,285.6666666666667,2129.614092009747,1298.5,0.0,0
53,MOEA/D,92,285.6666666666667,2129.614092009747,1298.5,0.0,0
53,MOEA/D,93,285.6666666666667,2156.27805497271,1286.3333333333333,0.0,0
53,MOEA/D,94,285.6666666666667,2145.279388306043,1292.3333333333333,0.0,0
53,MOEA/D,95,283.33333333333337,2149.2196676147655,1308.3333333333333,0.0,0
53,MOEA/D,96,285.6666666666667,2129.614092009747,1298.5,0.0,0
53,MOEA/D,97,285.6666666666667,2145.279388306043,1292.3333333333333,0.0,0
53,MOEA/D,98,283.33333333333337,2149.2196676147655,1308.3333333333333,0.0,0
53,GA-SA,1,289.6666666666667,2206.2541778766804,1254.1666666666667,0.0,1
53,A*-GA,0,287.0,2290.878566253858,1336.0000000000002,0.0,1
53,A*-GA,1,287.0,2290.878566253858,1336.0000000000002,0.0,0
53,LWC,0,310.6666666666667,2476.634185836847,1281.0000000000002,0.0,0
53,LWC,1,305.33333333333337,2447.4750141364025,1282.6666666666665,0.0,0
53,LWC,2,299.6666666666667,2349.466515969176,1301.1666666666667,0.0,0
53,LWC,3,294.6666666666667,2404.775676047834,1290.0,0.0,0
53,LWC,4,296.33333333333337,2371.5933001896324,1294.666666666667,0.0,0
53,LWC,5,323.6666666666667,2460.692690666855,1274.3333333333333,0.0,1
53,LWC,6,294.6666666666667,2434.9414908626495,1286.1666666666667,0.0,0
53,LWC,7,323.6666666666667,2436.128475435301,1277.1666666666667,0.0,0
53,LWC,8,312.00000000000006,2390.44749039227,1280.6666666666665,0.0,0
53,LWC,9,294.6666666666667,2434.9414908626495,1286.1666666666667,0.0,0
53,LWC,10,305.33333333333337,2447.4750141364025,1282.6666666666665,0.0,0
53,LWC,11,296.33333333333337,2371.5933001896324,1294.666666666667,0.0,0
53,LWC,12,294.6666666666667,2380.358236403159,1292.5,0.0,0
53,LWC,13,312.00000000000006,2390.44749039227,1280.6666666666665,0.0,0
53,LWC,14,296.33333333333337,2371.5933001896324,1294.666666666667,0.0,0
53,LWC,15,292.3333333333333,2448.9923857494987,1299.3333333333333,0.0,0
53,LWC,16,312.0,2412.9120954681257,1282.333333333333,0.0,0
53,LWC,17,294.6666666666667,2434.9414908626495,1286.1666666666667,0.0,0
53,LWC,18,294.6666666666667,2434.9414908626495,1286.1666666666667,0.0,0
53,LWC,19,309.0,2329.889863839156,1283.1666666666665,0.0,0
53,LWC,20,294.6666666666667,2404.775676047834,1290.0,0.0,0
53,LWC,21,294.0,2445.1187861622775,1307.166666666667,0.0,0
53,LWC,22,312.0,2412.9120954681257,1282.333333333333,0.0,0
53,LWC,23,302.66666666666663,2304.4665159691763,1301.1666666666667,0.0,0
53,LWC,24,292.0,2454.94136315078,1305.0,0.0,0
53,LWC,25,302.3333333333333,2410.277936462451,1287.1666666666665,0.0,0
53,LWC,26,294.6666666666667,2434.9414908626495,1286.1666666666667,0.0,0
53,LWC,27,294.6666666666667,2350.8376065239336,1296.0,0.0,0
53,LWC,28,294.66666666666663,2306.4845417001566,1310.5000000000002,0.0,0
53,LWC,29,294.6666666666667,2380.358236403159,1292.5,0.0,0
53,LWC,30,299.6666666666667,2304.338791709119,1301.3333333333333,0.0,0
53,LWC,31,309.66666666666663,2297.2827919587153,1328.0000000000002,0.0,0
53,LWC,32,294.6666666666667,2440.305739264382,1283.8333333333335,0.0,0
53,LWC,33,294.6666666666667,2409.4734059310485,1288.3333333333333,0.0,0
53,LWC,34,292.3333333333333,2490.550154437942,1297.8333333333335,0.0,0
53,LWC,35,294.6666666666667,2434.9414908626495,1286.1666666666667,0.0,0
53,LWC,36,296.33333333333337,2371.5933001896324,1294.666666666667,0.0,0
53,LWC,37,309.66666666666663,2295.2037946160694,1336.5,0.0,0
53,LWC,38,286.6666666666667,2316.17390282023,1309.3333333333335,0.0,0
54,AW-NSGA-II,0,328.33333333333337,2402.914986784067,1449.8333333333333,0.0,0
54,AW-NSGA-II,1,395.33333333333337,2383.567407793403,1429.6666666666667,0.0,0
54,AW-NSGA-II,2,320.33333333333337,2405.6337366615785,1457.5,0.0,0
54,AW-NSGA-II,3,330.33333333333337,2487.517915234339,1438.5000000000002,0.0,0
54,AW-NSGA-II,4,335.3333333333333,2402.4293027283043,1440.6666666666665,0.0,0
54,AW-NSGA-II,5,319.3333333333333,2486.7569965590405,1458.833333333333,0.0,0
54,AW-NSGA-II,6,319.33333333333337,2415.1016344876302,1439.5000000000002,0.0,0
54,AW-NSGA-II,7,336.00000000000006,2462.3048011800556,1438.9999999999998,0.0,0
54,AW-NSGA-II,8,336.66666666666663,2492.4131967856433,1432.8333333333333,0.0,0
54,AW-NSGA-II,9,320.33333333333337,2405.6337366615785,1457.5,0.0,0
54,AW-NSGA-II,10,348.66666666666663,2340.103893004536,1454.0,0.0,0
54,AW-NSGA-II,11,335.3333333333333,2399.7632286542303,1443.3333333333333,0.0,0
54,AW-NSGA-II,12,316.3333333333333,2544.516673871898,1472.1666666666667,0.0,0
54,AW-NSGA-II,13,319.3333333333333,2499.7803026478314,1454.5000000000002,0.0,0
54,AW-NSGA-II,14,348.66666666666663,2340.103893004536,1454.0,0.0,0
54,AW-NSGA-II,15,346.3333333333333,2529.598714708217,1428.0,0.0,0
54,AW-NSGA-II,16,323.33333333333337,2410.3861470791217,1445.1666666666665,0.0,0
54,AW-NSGA-II,17,319.3333333333333,2497.898866778092,1457.5,0.0,0
54,AW-NSGA-II,18,318.0,2405.5785187349275,1459.1666666666667,0.0,0
54,AW-NSGA-II,19,351.6666666666667,2390.4436865450807,1421.6666666666667,0.0,0
54,AW-NSGA-II,20,348.66666666666663,2340.103893004536,1454.0,0.0,0
54,AW-NSGA-II,21,346.3333333333333,2577.738539172146,1426.3333333333333,0.0,0
54,AW-NSGA-II,22,348.66666666666663,2340.103893004536,1454.0,0.0,0
54,AW-NSGA-II,23,348.66666666666663,2337.273633745277,1467.8333333333333,0.0,1
54,AW-NSGA-II,24,328.33333333333337,2402.914986784067,1449.8333333333333,0.0,0
54,AW-NSGA-II,25,322.0,2370.9766631367647,1450.0,0.0,0
54,AW-NSGA-II,26,355.6666666666667,2369.9110097514426,1452.0,0.0,0
54,AW-NSGA-II,27,350.3333333333333,2526.083143085237,1429.8333333333335,0.0,0
54,AW-NSGA-II,28,316.6666666666667,2479.168844974555,1461.4999999999998,0.0,0
54,AW-NSGA-II,29,329.0,2552.1640684537383,1436.1666666666665,0.0,0
54,NSGA-II-2obj,0,325.6666666666667,2498.1126761542605,1484.5000000000005,0.0,1
54,NSGA-II-2obj,1,311.0,2605.831242078157,1484.1666666666665,0.0,0
54,NSGA-II-2obj,2,325.0,2541.9077920178534,1464.6666666666667,0.0,0
54,NSGA-II-2obj,3,355.3333333333333,2451.4334137448077,1475.1666666666665,0.0,0
54,NSGA-II-2obj,4,333.6666666666667,2469.791649927876,1493.8333333333333,0.0,0
54,NSGA-II-2obj,5,315.6666666666667,2569.161631330863,1480.0,0.0,0
54,NSGA-II-2obj,6,333.33333333333337,2477.739109856283,1479.8333333333333,0.0,0
54,NSGA-II-2obj,7,311.0,2605.831242078157,1484.1666666666665,0.0,0
54,NSGA-II-2obj,8,338.3333333333333,2453.072296402748,1480.6666666666667,0.0,0
54,NSGA-II-2obj,9,312.66666666666663,2576.1580197157323,1471.1666666666667,0.0,0
54,NSGA-II-2obj,10,325.6666666666667,2498.1126761542605,1484.5000000000005,0.0,0
54,NSGA-II-2obj,11,334.0,2453.5380124570197,1489.1666666666667,0.0,0
54,NSGA-II-2obj,12,307.66666666666663,2634.488889288403,1486.5,0.0,0
54,NSGA-II-2obj,13,311.3333333333333,2592.2107313552015,1473.6666666666667,0.0,0
54,NSGA-II-3obj,0,350.66666666666663,2435.138058595594,1410.666666666667,0.0,0
54,NSGA-II-3obj,1,297.3333333333333,2391.409351002221,1436.3333333333333,0.0,0
54,NSGA-II-3obj,2,331.0,2345.8538810597806,1428.8333333333335,0.0,0
54,NSGA-II-3obj,3,296.6666666666667,2432.5738780406627,1425.8333333333333,0.0,0
54,NSGA-II-3obj,4,300.66666666666663,2355.3557508964295,1414.6666666666665,0.0,1
54,NSGA-II-3obj,5,355.3333333333333,2329.032391339411,1432.3333333333335,0.0,0
54,NSGA-II-3obj,6,297.3333333333333,2391.409351002221,1436.3333333333333,0.0,0
54,NSGA-II-3obj,7,321.3333333333333,2332.293373610339,1438.8333333333333,0.0,0
54,NSGA-II-3obj,8,351.3333333333333,2333.519398322519,1434.1666666666667,0.0,0
54,NSGA-II-3obj,9,318.0,2340.9599443598177,1440.1666666666667,0.0,0
54,NSGA-II-3obj,10,300.66666666666663,2355.3557508964295,1414.6666666666665,0.0,0
54,NSGA-II-3obj,11,344.3333333333333,2571.789848777046,1410.5000000000002,0.0,0
54,NSGA-II-3obj,12,296.6666666666667,2393.574128779999,1427.8333333333333,0.0,0
54,NSGA-II-3obj,13,321.3333333333333,2333.4591143510797,1434.6666666666665,0.0,0
54,NSGA-II-3obj,14,359.6666666666667,2471.070740242627,1410.5000000000002,0.0,0
54,NSGA-II-3obj,15,300.66666666666663,2355.3557508964295,1414.6666666666665,0.0,0
54,NSGA-II-3obj,16,318.0,2339.295722137595,1451.1666666666667,0.0,0
54,NSGA-III,0,326.0,2408.543138138694,1413.1666666666667,0.0,0
54,NSGA-III,1,325.33333333333337,2313.6796256120647,1427.666666666667,0.0,1
54,NSGA-III,2,317.0,2414.096496992179,1451.5,0.0,0
54,NSGA-III,3,325.33333333333337,2313.6796256120647,1427.666666666667,0.0,0
54,NSGA-III,4,326.0,2432.188218979491,1410.5,0.0,0
54,NSGA-III,5,320.0,2409.8225190985386,1411.3333333333335,0.0,0
54,NSGA-III,6,340.6666666666667,2304.1985711240186,1431.8333333333335,0.0,0
54,NSGA-III,7,320.0,2380.6272122127675,1416.5,0.0,0
54,NSGA-III,8,325.33333333333337,2344.0126256120643,1426.1666666666667,0.0,0
54,NSGA-III,9,313.6666666666667,2418.7395033773937,1457.3333333333333,0.0,0
54,NSGA-III,10,320.6666666666667,2331.2077272018564,1438.0000000000002,0.0,0
54,NSGA-III,11,313.6666666666667,2417.90879967369,1469.1666666666667,0.0,0
54,NSGA-III,12,336.66666666666663,2305.0625290407324,1419.6666666666667,0.0,0
54,NSGA-III,13,321.66666666666663,2307.1753228499524,1442.3333333333333,0.0,0
54,NSGA-III,14,313.6666666666667,2418.7395033773937,1457.3333333333333,0.0,0
54,NSGA-III,15,366.6666666666667,2398.9272466370676,1411.0,0.0,0
54,NSGA-III,16,320.0,2409.8225190985386,1411.3333333333335,0.0,0
54,NSGA-III,17,326.0,2432.188218979491,1410.5,0.0,0
54,NSGA-III,18,325.33333333333337,2311.680736723176,1432.6666666666665,0.0,0
54,NSGA-III,19,325.33333333333337,2313.6796256120647,1427.666666666667,0.0,0
54,NSGA-III,20,314.0,2421.4350097219567,1412.3333333333335,0.0,0
54,NSGA-III,21,317.0,2414.096496992179,1451.5,0.0,0
54,NSGA-III,22,325.33333333333337,2313.6796256120647,1427.666666666667,0.0,0
54,NSGA-III,23,331.3333333333333,2336.9249356193927,1420.1666666666667,0.0,0
54,NSGA-III,24,320.6666666666667,2331.2077272018564,1438.0000000000002,0.0,0
54,NSGA-III,25,328.66666666666663,2347.758987853265,1418.5000000000002,0.0,0
54,NSGA-III,26,361.3333333333333,2398.6544449199355,1415.0000000000002,0.0,0
54,NSGA-III,27,325.33333333333337,2344.0126256120643,1426.1666666666667,0.0,0
54,NSGA-III,28,366.6666666666667,2398.9272466370676,1411.0,0.0,0
54,NSGA-III,29,320.6666666666667,2330.207949424079,1439.0000000000002,0.0,0
54,NSGA-III,30,320.0,2350.2315727258656,1420.6666666666667,0.0,0
54,MOEA/D,0,305.66666666666663,2300.732917107454,1414.3333333333333,0.0,1
54,MOEA/D,1,305.66666666666663,2300.732917107454,1414.3333333333333,0.0,0
54,MOEA/D,2,338.3333333333333,2262.7063573562864,1429.6666666666667,0.0,0
54,MOEA/D,3,338.3333333333333,2262.7063573562864,1429.6666666666667,0.0,0
54,MOEA/D,4,305.66666666666663,2297.8589388115984,1416.0,0.0,0
54,MOEA/D,5,305.66666666666663,2297.8589388115984,1416.0,0.0,0
54,MOEA/D,6,305.66666666666663,2287.0264573301174,1419.8333333333335,0.0,0
54,MOEA/D,7,305.66666666666663,2297.8589388115984,1416.0,0.0,0
54,MOEA/D,8,317.99999999999994,2279.8310457270973,1425.3333333333333,0.0,0
54,MOEA/D,9,305.66666666666663,2297.8589388115984,1416.0,0.0,0
54,MOEA/D,10,317.99999999999994,2279.8310457270973,1425.3333333333333,0.0,0
54,MOEA/D,11,305.66666666666663,2297.8589388115984,1416.0,0.0,0
54,MOEA/D,12,338.3333333333333,2262.7063573562864,1429.6666666666667,0.0,0
54,MOEA/D,13,305.66666666666663,2300.732917107454,1414.3333333333333,0.0,0
54,MOEA/D,14,305.66666666666663,2297.8589388115984,1416.0,0.0,0
54,MOEA/D,15,338.3333333333333,2262.7063573562864,1429.6666666666667,0.0,0
54,MOEA/D,16,338.3333333333333,2262.7063573562864,1429.6666666666667,0.0,0
54,MOEA/D,17,305.66666666666663,2287.0264573301174,1419.8333333333335,0.0,0
54,MOEA/D,18,305.66666666666663,2287.0264573301174,1419.8333333333335,0.0,0
54,MOEA/D,19,317.99999999999994,2279.8310457270973,1425.3333333333333,0.0,0
54,MOEA/D,20,338.3333333333333,2259.832379060431,1431.3333333333335,0.0,0
54,MOEA/D,21,305.66666666666663,2297.8589388115984,1416.0,0.0,0
54,MOEA/D,22,338.3333333333333,2259.832379060431,1431.3333333333335,0.0,0
54,MOEA/D,23,305.66666666666663,2287.0264573301174,1419.8333333333335,0.0,0
54,MOEA/D,24,303.66666666666663,2308.193531404191,1421.6666666666667,0.0,0
54,MOEA/D,25,305.66666666666663,2300.732917107454,1414.3333333333333,0.0,0
54,MOEA/D,26,317.99999999999994,2282.705024022953,1423.6666666666665,0.0,0
54,MOEA/D,27,338.3333333333333,2262.7063573562864,1429.6666666666667,0.0,0
54,MOEA/D,28,305.66666666666663,2297.8589388115984,1416.0,0.0,0
54,MOEA/D,29,305.66666666666663,2287.0264573301174,1419.8333333333335,0.0,0
54,MOEA/D,30,317.99999999999994,2277.039950411882,1427.5,0.0,0
54,MOEA/D,31,317.99999999999994,2279.8310457270973,1425.3333333333333,0.0,0
54,MOEA/D,32,305.66666666666663,2297.8589388115984,1416.0,0.0,0
54,MOEA/D,33,317.99999999999994,2282.705024022953,1423.6666666666665,0.0,0
54,MOEA/D,34,317.99999999999994,2277.039950411882,1427.5,0.0,0
54,MOEA/D,35,338.3333333333333,2262.7063573562864,1429.6666666666667,0.0,0
54,MOEA/D,36,346.0,2272.1650827641342,1428.5,0.0,0
54,MOEA/D,37,338.3333333333333,2262.7063573562864,1429.6666666666667,0.0,0
54,MOEA/D,38,305.66666666666663,2297.8589388115984,1416.0,0.0,0
54,MOEA/D,39,305.66666666666663,2345.378856865784,1406.6666666666665,0.0,0
54,MOEA/D,40,317.99999999999994,2279.8310457270973,1425.3333333333333,0.0,0
54,MOEA/D,41,317.99999999999994,2277.039950411882,1427.5,0.0,0
54,MOEA/D,42,305.66666666666663,2287.0264573301174,1419.8333333333335,0.0,0
54,MOEA/D,43,338.3333333333333,2262.7063573562864,1429.6666666666667,0.0,0
54,MOEA/D,44,338.3333333333333,2262.7063573562864,1429.6666666666667,0.0,0
54,MOEA/D,45,338.3333333333333,2262.7063573562864,1429.6666666666667,0.0,0
54,MOEA/D,47,317.99999999999994,2277.039950411882,1427.5,0.0,0
54,MOEA/D,48,305.66666666666663,2300.732917107454,1414.3333333333333,0.0,0
54,MOEA/D,49,338.3333333333333,2262.7063573562864,1429.6666666666667,0.0,0
54,MOEA/D,50,305.66666666666663,2287.0264573301174,1419.8333333333335,0.0,0
54,MOEA/D,52,317.99999999999994,2279.8310457270973,1425.3333333333333,0.0,0
54,MOEA/D,53,305.66666666666663,2287.0264573301174,1419.8333333333335,0.0,0
54,MOEA/D,54,305.66666666666663,2287.0264573301174,1419.8333333333335,0.0,0
54,MOEA/D,55,305.66666666666663,2300.732917107454,1414.3333333333333,0.0,0
54,MOEA/D,56,305.66666666666663,2300.732917107454,1414.3333333333333,0.0,0
54,MOEA/D,57,305.66666666666663,2287.0264573301174,1419.8333333333335,0.0,0
54,MOEA/D,58,305.66666666666663,2300.732917107454,1414.3333333333333,0.0,0
54,MOEA/D,59,305.66666666666663,2297.8589388115984,1416.0,0.0,0
54,MOEA/D,60,338.3333333333333,2262.7063573562864,1429.6666666666667,0.0,0
54,MOEA/D,61,338.3333333333333,2259.832379060431,1431.3333333333335,0.0,0
54,MOEA/D,62,305.66666666666663,2297.8589388115984,1416.0,0.0,0
54,MOEA/D,64,338.3333333333333,2262.7063573562864,1429.6666666666667,0.0,0
54,MOEA/D,65,338.3333333333333,2262.7063573562864,1429.6666666666667,0.0,0
54,MOEA/D,66,317.99999999999994,2279.8310457270973,1425.3333333333333,0.0,0
54,MOEA/D,67,305.66666666666663,2287.0264573301174,1419.8333333333335,0.0,0
54,MOEA/D,69,305.66666666666663,2297.8589388115984,1416.0,0.0,0
54,MOEA/D,70,346.0,2272.1650827641342,1428.5,0.0,0
54,MOEA/D,71,305.66666666666663,2345.378856865784,1406.6666666666665,0.0,0
54,MOEA/D,72,305.66666666666663,2300.732917107454,1414.3333333333333,0.0,0
54,MOEA/D,73,305.66666666666663,2345.378856865784,1406.6666666666665,0.0,0
54,MOEA/D,74,305.66666666666663,2287.0264573301174,1419.8333333333335,0.0,0
54,MOEA/D,75,338.3333333333333,2259.832379060431,1431.3333333333335,0.0,0
54,MOEA/D,76,299.66666666666663,2341.923891738921,1419.8333333333333,0.0,0
54,MOEA/D,77,305.66666666666663,2300.732917107454,1414.3333333333333,0.0,0
54,MOEA/D,78,338.3333333333333,2262.7063573562864,1429.6666666666667,0.0,0
54,MOEA/D,79,305.66666666666663,2287.0264573301174,1419.8333333333335,0.0,0
54,MOEA/D,80,305.66666666666663,2300.732917107454,1414.3333333333333,0.0,0
54,MOEA/D,81,305.66666666666663,2297.8589388115984,1416.0,0.0,0
54,MOEA/D,82,317.99999999999994,2279.8310457270973,1425.3333333333333,0.0,0
54,MOEA/D,83,305.66666666666663,2300.732917107454,1414.3333333333333,0.0,0
54,MOEA/D,84,305.66666666666663,2287.0264573301174,1419.8333333333335,0.0,0
54,MOEA/D,85,346.0,2272.1650827641342,1428.5,0.0,0
54,MOEA/D,86,338.3333333333333,2259.832379060431,1431.3333333333335,0.0,0
54,MOEA/D,87,305.66666666666663,2297.8589388115984,1416.0,0.0,0
54,MOEA/D,88,305.66666666666663,2300.732917107454,1414.3333333333333,0.0,0
54,MOEA/D,89,317.99999999999994,2279.8310457270973,1425.3333333333333,0.0,0
54,MOEA/D,90,317.99999999999994,2279.8310457270973,1425.3333333333333,0.0,0
54,MOEA/D,91,317.99999999999994,2279.8310457270973,1425.3333333333333,0.0,0
54,MOEA/D,92,317.99999999999994,2279.8310457270973,1425.3333333333333,0.0,0
54,MOEA/D,93,305.66666666666663,2287.0264573301174,1419.8333333333335,0.0,0
54,MOEA/D,94,305.66666666666663,2287.0264573301174,1419.8333333333335,0.0,0
54,MOEA/D,95,305.66666666666663,2287.0264573301174,1419.8333333333335,0.0,0
54,MOEA/D,96,317.99999999999994,2282.705024022953,1423.6666666666665,0.0,0
54,MOEA/D,97,305.66666666666663,2287.0264573301174,1419.8333333333335,0.0,0
54,MOEA/D,98,305.66666666666663,2287.0264573301174,1419.8333333333335,0.0,0
54,MOEA/D,99,299.66666666666663,2341.923891738921,1419.8333333333333,0.0,0
54,GA-SA,0,301.33333333333337,2346.565606288423,1401.8333333333335,0.0,1
54,A*-GA,0,319.0,2516.841292778668,1509.6666666666667,0.0,1
54,A*-GA,1,319.0,2516.841292778668,1509.6666666666667,0.0,0
54,LWC,0,329.66666666666663,2405.32755953373,1411.3333333333335,0.0,0
54,LWC,1,333.3333333333333,2481.1080113294174,1410.8333333333335,0.0,0
54,LWC,2,329.66666666666663,2405.32755953373,1411.3333333333335,0.0,0
54,LWC,3,345.66666666666663,2426.2463766264596,1405.8333333333333,0.0,0
54,LWC,4,325.3333333333333,2345.1298024128146,1441.5,0.0,0
54,LWC,5,311.33333333333337,2346.540282913409,1416.3333333333333,0.0,0
54,LWC,6,325.3333333333333,2335.40282244814,1443.6666666666665,0.0,0
54,LWC,7,329.66666666666663,2405.32755953373,1411.3333333333335,0.0,0
54,LWC,8,350.6666666666667,2346.459323203545,1415.6666666666667,0.0,0
54,LWC,9,325.3333333333333,2335.40282244814,1443.6666666666665,0.0,0
54,LWC,10,329.66666666666663,2516.099254407336,1411.0,0.0,1
54,LWC,11,298.0,2366.3828668875644,1427.6666666666665,0.0,0
54,LWC,12,329.66666666666663,2391.6695294807423,1414.8333333333333,0.0,0
54,LWC,13,333.3333333333333,2381.956912543039,1416.1666666666665,0.0,0
54,LWC,14,298.6666666666667,2394.956915174789,1423.8333333333333,0.0,0
54,LWC,15,325.3333333333333,2335.40282244814,1443.6666666666665,0.0,0
54,LWC,16,350.6666666666667,2344.32870478245,1423.5,0.0,0
54,LWC,17,344.0,2405.566215794493,1408.8333333333335,0.0,0
54,LWC,18,339.0,2464.5935136182015,1411.333333333333,0.0,0
54,LWC,19,329.66666666666663,2405.32755953373,1411.3333333333335,0.0,0
54,LWC,20,298.0,2366.3828668875644,1427.6666666666665,0.0,0
54,LWC,21,333.3333333333333,2381.956912543039,1416.1666666666665,0.0,0
54,LWC,22,362.00000000000006,2380.2067643948903,1415.5,0.0,0
55,AW-NSGA-II,0,353.0,2787.3985792978087,1331.1666666666665,0.0,1
55,AW-NSGA-II,1,345.6666666666667,2622.7993025842416,1336.1666666666667,0.0,0
55,AW-NSGA-II,2,361.0,2630.74017748921,1333.3333333333335,0.0,0
55,AW-NSGA-II,3,294.3333333333333,2650.579216664589,1374.6666666666667,0.0,0
55,AW-NSGA-II,4,338.0,2482.122896848223,1362.3333333333333,0.0,0
55,AW-NSGA-II,5,361.0,2624.9070293410623,1334.166666666667,0.0,0
55,AW-NSGA-II,6,316.3333333333333,2623.4905543488153,1357.9999999999998,0.0,0
55,AW-NSGA-II,7,294.3333333333333,2650.579216664589,1374.6666666666667,0.0,0
55,AW-NSGA-II,8,294.3333333333333,2650.579216664589,1374.6666666666667,0.0,0
55,AW-NSGA-II,9,353.0,2787.3985792978087,1331.1666666666665,0.0,0
55,AW-NSGA-II,10,338.0,2482.122896848223,1362.3333333333333,0.0,0
55,AW-NSGA-II,11,313.3333333333333,2611.7509903216155,1360.5,0.0,0
55,AW-NSGA-II,12,306.6666666666667,2661.2398833312554,1347.666666666667,0.0,0
55,AW-NSGA-II,13,361.0,2630.74017748921,1333.3333333333335,0.0,0
55,AW-NSGA-II,14,294.3333333333333,2650.579216664589,1374.6666666666667,0.0,0
55,AW-NSGA-II,15,312.66666666666663,2603.8791112502113,1361.6666666666667,0.0,0
55,AW-NSGA-II,16,302.6666666666667,2596.229126870776,1364.3333333333335,0.0,0
55,AW-NSGA-II,17,302.6666666666667,2596.229126870776,1364.3333333333335,0.0,0
55,AW-NSGA-II,18,302.6666666666667,2596.229126870776,1364.3333333333335,0.0,0
55,AW-NSGA-II,19,294.3333333333333,2650.579216664589,1374.6666666666667,0.0,0
55,AW-NSGA-II,20,351.3333333333333,2709.4691152607147,1334.6666666666667,0.0,0
55,AW-NSGA-II,21,294.3333333333333,2663.74469814607,1369.3333333333333,0.0,0
55,AW-NSGA-II,22,313.33333333333337,2488.603922286272,1379.1666666666667,0.0,0
55,AW-NSGA-II,23,314.3333333333333,2472.62393388526,1366.9999999999998,0.0,0
55,AW-NSGA-II,24,300.3333333333333,2627.0766611090335,1363.1666666666667,0.0,0
55,AW-NSGA-II,25,300.3333333333333,2550.41980513643,1370.1666666666667,0.0,0
55,AW-NSGA-II,26,345.6666666666667,2622.7993025842416,1336.1666666666667,0.0,0
55,AW-NSGA-II,27,312.66666666666663,2603.8791112502113,1361.6666666666667,0.0,0
55,AW-NSGA-II,28,302.6666666666667,2596.229126870776,1364.3333333333335,0.0,0
55,AW-NSGA-II,29,304.0,2503.0740323298355,1393.1666666666667,0.0,0
55,AW-NSGA-II,30,300.3333333333333,2550.41980513643,1370.1666666666667,0.0,0
55,AW-NSGA-II,31,316.6666666666667,2513.3421149595365,1336.3333333333335,0.0,0
55,AW-NSGA-II,32,316.6666666666667,2496.8166139699097,1355.1666666666665,0.0,0
55,AW-NSGA-II,33,312.66666666666663,2621.3788890279893,1360.6666666666667,0.0,0
55,AW-NSGA-II,34,294.3333333333333,2650.579216664589,1374.6666666666667,0.0,0
55,AW-NSGA-II,35,294.0,2654.7828729530547,1380.6666666666665,0.0,0
55,AW-NSGA-II,36,300.3333333333333,2561.9193606919857,1368.1666666666667,0.0,0
55,AW-NSGA-II,37,304.0,2503.0740323298355,1393.1666666666667,0.0,0
55,AW-NSGA-II,38,312.66666666666663,2603.8791112502113,1361.6666666666667,0.0,0
55,AW-NSGA-II,39,316.6666666666667,2501.467261798318,1349.6666666666667,0.0,0
55,AW-NSGA-II,40,295.33333333333337,2640.2368630113947,1350.0,0.0,0
55,AW-NSGA-II,41,300.3333333333333,2577.4192125438376,1367.5,0.0,0
55,AW-NSGA-II,42,313.0,2503.740254552058,1391.1666666666667,0.0,0
55,AW-NSGA-II,43,299.0,2600.1147248049065,1374.0,0.0,0
55,AW-NSGA-II,44,302.6666666666667,2596.229126870776,1364.3333333333335,0.0,0
55,AW-NSGA-II,45,361.0,2624.9070293410623,1334.166666666667,0.0,0
55,AW-NSGA-II,46,299.0,2591.2824285086103,1378.6666666666665,0.0,0
55,AW-NSGA-II,47,338.0,2482.122896848223,1362.3333333333333,0.0,0
55,AW-NSGA-II,48,302.6666666666667,2596.229126870776,1364.3333333333335,0.0,0
55,AW-NSGA-II,49,316.6666666666667,2501.9817621180578,1348.3333333333333,0.0,0
55,AW-NSGA-II,50,296.33333333333337,2584.724263105425,1381.8333333333333,0.0,0
55,AW-NSGA-II,51,301.6666666666667,2506.401328626132,1366.0,0.0,0
55,AW-NSGA-II,52,310.3333333333333,2505.033585725592,1369.5,0.0,0
55,AW-NSGA-II,53,300.3333333333333,2546.0874347660597,1374.5,0.0,0
55,AW-NSGA-II,54,291.6666666666667,2656.7004038720966,1375.0000000000002,0.0,0
55,AW-NSGA-II,55,302.6666666666667,2593.7745206586396,1365.1666666666667,0.0,0
55,AW-NSGA-II,56,300.3333333333333,2565.585953284578,1367.8333333333333,0.0,0
55,AW-NSGA-II,57,304.3333333333333,2516.1985857255922,1362.0,0.0,0
55,NSGA-II-2obj,0,301.00000000000006,2497.0674943929985,1371.3333333333333,0.0,0
55,NSGA-II-2obj,1,303.3333333333333,2458.9042043857808,1396.9999999999998,0.0,0
55,NSGA-II-2obj,2,303.3333333333333,2458.9042043857808,1396.9999999999998,0.0,0
55,NSGA-II-2obj,3,323.3333333333333,2399.418084332675,1397.0000000000002,0.0,0
55,NSGA-II-2obj,4,300.66666666666663,2510.8218840948566,1404.6666666666665,0.0,0
55,NSGA-II-2obj,5,340.0,2383.8544671336654,1394.8333333333335,0.0,0
55,NSGA-II-2obj,6,316.33333333333337,2412.1507168833796,1401.8333333333335,0.0,0
55,NSGA-II-2obj,7,299.6666666666667,2535.255435627818,1386.3333333333333,0.0,1
55,NSGA-II-2obj,8,328.0,2397.8135427214506,1401.8333333333335,0.0,0
55,NSGA-II-3obj,0,302.0,2458.804703416771,1363.6666666666667,0.0,0
55,NSGA-II-3obj,1,290.0,2552.1357612109928,1352.1666666666665,0.0,0
55,NSGA-II-3obj,2,288.0,2520.195064177598,1352.6666666666667,0.0,0
55,NSGA-II-3obj,3,302.0,2458.804703416771,1363.6666666666667,0.0,0
55,NSGA-II-3obj,4,290.0,2552.1357612109928,1352.1666666666665,0.0,0
55,NSGA-II-3obj,5,302.0,2458.804703416771,1363.6666666666667,0.0,0
55,NSGA-II-3obj,6,288.0,2520.195064177598,1352.6666666666667,0.0,0
55,NSGA-II-3obj,7,308.6666666666667,2454.838398930982,1353.8333333333335,0.0,0
55,NSGA-II-3obj,8,288.0,2520.195064177598,1352.6666666666667,0.0,0
55,NSGA-II-3obj,9,294.0,2527.0824038297733,1349.3333333333333,0.0,0
55,NSGA-II-3obj,10,308.6666666666667,2454.838398930982,1353.8333333333335,0.0,0
55,NSGA-II-3obj,11,308.6666666666667,2447.8399544865374,1360.8333333333335,0.0,0
55,NSGA-II-3obj,12,297.3333333333333,2498.972051604885,1343.1666666666665,0.0,0
55,NSGA-II-3obj,13,297.3333333333333,2498.972051604885,1343.1666666666665,0.0,0
55,NSGA-II-3obj,14,329.6666666666667,2433.6082086675,1383.0,0.0,0
55,NSGA-II-3obj,15,302.0,2441.6562247919223,1370.6666666666667,0.0,0
55,NSGA-II-3obj,16,290.0,2552.1357612109928,1352.1666666666665,0.0,0
55,NSGA-II-3obj,17,329.3333333333333,2508.4714219752555,1340.3333333333335,0.0,0
55,NSGA-II-3obj,18,308.6666666666667,2493.8601012146355,1345.3333333333333,0.0,0
55,NSGA-II-3obj,19,308.6666666666667,2447.8399544865374,1360.8333333333335,0.0,0
55,NSGA-II-3obj,20,292.0,2448.0115100420935,1382.8333333333335,0.0,0
55,NSGA-II-3obj,21,316.0,2535.470347901182,1335.5,0.0,0
55,NSGA-II-3obj,22,294.66666666666663,2482.160731811811,1363.3333333333333,0.0,0
55,NSGA-II-3obj,23,302.0,2462.969481194549,1355.1666666666665,0.0,0
55,NSGA-II-3obj,24,295.6666666666667,2465.063373513162,1355.5,0.0,0
55,NSGA-II-3obj,25,296.0,2463.255662724262,1350.8333333333333,0.0,1
55,NSGA-II-3obj,26,330.00000000000006,2429.5262275893474,1383.1666666666667,0.0,0
55,NSGA-II-3obj,27,297.3333333333333,2498.972051604885,1343.1666666666665,0.0,0
55,NSGA-II-3obj,28,295.6666666666667,2465.063373513162,1355.5,0.0,0
55,NSGA-II-3obj,29,297.3333333333333,2498.972051604885,1343.1666666666665,0.0,0
55,NSGA-II-3obj,30,308.6666666666667,2445.1738804124634,1363.5000000000002,0.0,0
55,NSGA-II-3obj,31,307.0,2455.2574405020396,1358.833333333333,0.0,0
55,NSGA-II-3obj,32,295.6666666666667,2451.8743855601633,1364.1666666666665,0.0,0
55,NSGA-II-3obj,33,304.6666666666667,2479.694138251672,1348.5000000000002,0.0,0
55,NSGA-II-3obj,34,306.6666666666667,2450.007250782834,1363.6666666666667,0.0,0
55,NSGA-II-3obj,35,302.0,2458.804703416771,1363.6666666666667,0.0,0
55,NSGA-II-3obj,36,308.6666666666667,2454.838398930982,1353.8333333333335,0.0,0
55,NSGA-II-3obj,37,297.33333333333337,2481.6401997530334,1349.833333333333,0.0,0
55,NSGA-II-3obj,38,302.0,2458.804703416771,1363.6666666666667,0.0,0
55,NSGA-II-3obj,39,306.6666666666667,2455.840065597649,1361.3333333333335,0.0,0
55,NSGA-II-3obj,40,304.6666666666667,2479.694138251672,1348.5000000000002,0.0,0
55,NSGA-II-3obj,41,288.0,2520.195064177598,1352.6666666666667,0.0,0
55,NSGA-II-3obj,42,304.6666666666667,2479.694138251672,1348.5000000000002,0.0,0
55,NSGA-II-3obj,43,302.6666666666667,2447.259625687225,1368.6666666666665,0.0,0
55,NSGA-II-3obj,44,293.0,2504.8750304382534,1352.8333333333333,0.0,0
55,NSGA-II-3obj,45,308.6666666666667,2493.8601012146355,1345.3333333333333,0.0,0
55,NSGA-II-3obj,46,287.3333333333333,2572.1965456590797,1359.3333333333335,0.0,0
55,NSGA-II-3obj,47,308.6666666666667,2447.8399544865374,1360.8333333333335,0.0,0
55,NSGA-II-3obj,48,292.0,2559.629430398183,1350.8333333333333,0.0,0
55,NSGA-II-3obj,49,288.0,2520.195064177598,1352.6666666666667,0.0,0
55,NSGA-II-3obj,50,309.66666666666663,2443.505874876721,1358.9999999999998,0.0,0
55,NSGA-II-3obj,51,300.0,2460.654713306522,1363.666666666667,0.0,0
55,NSGA-II-3obj,52,308.6666666666667,2473.55497299679,1347.0,0.0,0
55,NSGA-II-3obj,53,296.0,2463.255662724262,1350.8333333333333,0.0,0
55,NSGA-II-3obj,54,304.6666666666667,2479.694138251672,1348.5000000000002,0.0,0
55,NSGA-II-3obj,55,302.0,2458.804703416771,1363.6666666666667,0.0,0
55,NSGA-II-3obj,56,287.3333333333333,2572.1965456590797,1359.3333333333335,0.0,0
55,NSGA-II-3obj,57,291.6666666666667,2516.192046626442,1355.1666666666665,0.0,0
55,NSGA-II-3obj,58,329.6666666666667,2439.905966665776,1373.0000000000002,0.0,0
55,NSGA-II-3obj,59,309.66666666666663,2443.505874876721,1358.9999999999998,0.0,0
55,NSGA-II-3obj,60,308.6666666666667,2452.1447667185885,1358.166666666667,0.0,0
55,NSGA-II-3obj,61,300.0,2460.654713306522,1363.666666666667,0.0,0
55,NSGA-II-3obj,62,308.6666666666667,2473.55497299679,1347.0,0.0,0
55,NSGA-II-3obj,63,297.3333333333333,2485.9727182715515,1346.1666666666665,0.0,0
55,NSGA-II-3obj,64,329.6666666666667,2439.905966665776,1373.0000000000002,0.0,0
55,NSGA-III,0,327.3333333333333,2622.0390940971265,1344.8333333333333,0.0,0
55,NSGA-III,1,331.99999999999994,2624.307740621938,1343.6666666666667,0.0,0
55,NSGA-III,2,331.99999999999994,2633.973814696012,1340.9999999999995,0.0,0
55,NSGA-III,3,356.6666666666667,2573.9547696475215,1345.666666666667,0.0,0
55,NSGA-III,4,322.33333333333337,2667.514668000764,1339.3333333333333,0.0,0
55,NSGA-III,5,315.0,2548.5228236685584,1348.5,0.0,0
55,NSGA-III,6,327.99999999999994,2700.8088220117015,1337.3333333333333,0.0,0
55,NSGA-III,7,299.6666666666667,2613.552613287667,1347.666666666667,0.0,0
55,NSGA-III,8,315.0,2548.5228236685584,1348.5,0.0,0
55,NSGA-III,9,308.6666666666667,2623.039242245274,1345.5,0.0,0
55,NSGA-III,10,327.3333333333333,2622.0390940971265,1344.8333333333333,0.0,0
55,NSGA-III,11,309.66666666666663,2585.9190099872494,1348.6666666666667,0.0,0
55,NSGA-III,12,294.33333333333337,2543.2079918697436,1360.166666666667,0.0,0
55,NSGA-III,13,327.3333333333333,2666.1145280850674,1338.1666666666667,0.0,0
55,NSGA-III,14,356.66666666666663,2662.3734501756967,1332.5000000000002,0.0,0
55,NSGA-III,15,321.0,2539.5400940971267,1349.3333333333335,0.0,0
55,NSGA-III,16,315.6666666666667,2573.371732610484,1346.9999999999998,0.0,0
55,NSGA-III,17,368.0,2607.7514173946565,1344.5,0.0,0
55,NSGA-III,18,372.0,2587.119695573447,1337.8333333333335,0.0,0
55,NSGA-III,19,307.66666666666663,2608.3733903934226,1349.1666666666665,0.0,0
55,NSGA-III,20,326.0,2458.7417295744863,1384.6666666666667,0.0,0
55,NSGA-III,21,338.99999999999994,2619.4477132702527,1337.5,0.0,0
55,NSGA-III,22,331.99999999999994,2624.307740621938,1343.6666666666667,0.0,0
55,NSGA-III,23,321.0,2539.5400940971267,1349.3333333333335,0.0,0
55,NSGA-III,24,294.3333333333333,2464.6247326104844,1360.5,0.0,0
55,NSGA-III,25,338.99999999999994,2619.4477132702527,1337.5,0.0,0
55,NSGA-III,26,327.3333333333333,2666.1145280850674,1338.1666666666667,0.0,0
55,NSGA-III,27,338.99999999999994,2609.781565122104,1339.8333333333333,0.0,0
55,NSGA-III,28,327.99999999999994,2700.8088220117015,1337.3333333333333,0.0,0
55,NSGA-III,29,327.3333333333333,2666.1145280850674,1338.1666666666667,0.0,0
55,NSGA-III,30,338.99999999999994,2582.5989983972404,1345.1666666666667,0.0,0
55,NSGA-III,31,314.66666666666663,2539.3849791507187,1355.5,0.0,0
55,NSGA-III,32,299.6666666666667,2613.552613287667,1347.666666666667,0.0,0
55,NSGA-III,33,309.66666666666663,2585.9190099872494,1348.6666666666667,0.0,0
55,NSGA-III,34,304.66666666666663,2540.456871874904,1349.8333333333335,0.0,0
55,NSGA-III,35,372.0,2550.865240672499,1346.666666666667,0.0,1
55,NSGA-III,36,307.66666666666663,2608.3733903934226,1349.1666666666665,0.0,0
55,NSGA-III,37,372.0,2550.865240672499,1346.666666666667,0.0,0
55,NSGA-III,38,304.66666666666663,2528.1251311341634,1356.9999999999998,0.0,0
55,NSGA-III,39,319.6666666666667,2712.643192382072,1342.0,0.0,0
55,NSGA-III,40,338.99999999999994,2619.4477132702527,1337.5,0.0,0
55,NSGA-III,41,294.3333333333333,2464.6247326104844,1360.5,0.0,0
55,NSGA-III,42,372.0,2550.865240672499,1346.666666666667,0.0,0
55,NSGA-III,43,307.66666666666663,2608.3733903934226,1349.1666666666665,0.0,0
55,NSGA-III,44,372.0,2575.531314746573,1344.0000000000002,0.0,0
55,NSGA-III,45,338.99999999999994,2619.4477132702527,1337.5,0.0,0
55,NSGA-III,46,307.66666666666663,2608.3733903934226,1349.1666666666665,0.0,0
55,NSGA-III,47,338.99999999999994,2619.4477132702527,1337.5,0.0,0
55,NSGA-III,48,331.3333333333333,2510.3538912769372,1357.3333333333333,0.0,0
55,MOEA/D,0,281.6666666666667,2323.2579491402607,1336.8333333333333,0.0,1
55,MOEA/D,1,281.6666666666667,2323.2579491402607,1336.8333333333333,0.0,0
55,MOEA/D,2,289.6666666666667,2297.477554456367,1355.8333333333333,0.0,0
55,MOEA/D,3,289.6666666666667,2297.477554456367,1355.8333333333333,0.0,0
55,MOEA/D,4,281.6666666666667,2307.4776285304415,1356.1666666666665,0.0,0
55,MOEA/D,5,286.0,2302.1439248267375,1354.5,0.0,0
55,MOEA/D,6,283.0,2302.47814704896,1358.5,0.0,0
55,MOEA/D,7,281.6666666666667,2314.1417766785894,1344.833333333333,0.0,0
55,MOEA/D,8,286.0,2306.47614704896,1349.5,0.0,0
55,MOEA/D,9,284.6666666666667,2314.759356547668,1343.1666666666665,0.0,0
55,MOEA/D,10,287.33333333333337,2310.476072974886,1349.1666666666667,0.0,0
55,MOEA/D,11,281.6666666666667,2307.4776285304415,1356.1666666666665,0.0,0
55,MOEA/D,12,288.33333333333337,2294.8037050685966,1360.8333333333333,0.0,0
55,MOEA/D,13,281.6666666666667,2323.2579491402607,1336.8333333333333,0.0,0
55,MOEA/D,15,289.6666666666667,2291.804816179708,1365.8333333333335,0.0,0
55,MOEA/D,16,289.6666666666667,2291.804816179708,1365.8333333333335,0.0,0
55,MOEA/D,17,281.6666666666667,2307.4776285304415,1356.1666666666665,0.0,0
55,MOEA/D,18,281.6666666666667,2318.974221123034,1340.833333333333,0.0,0
55,MOEA/D,19,286.0,2306.47614704896,1349.5,0.0,0
55,MOEA/D,20,289.6666666666667,2298.477332234145,1354.8333333333335,0.0,0
55,MOEA/D,21,281.6666666666667,2314.1417766785894,1344.833333333333,0.0,0
55,MOEA/D,22,286.0,2302.1439248267375,1354.5,0.0,0
55,MOEA/D,23,281.6666666666667,2307.4776285304415,1356.1666666666665,0.0,0
55,MOEA/D,24,281.33333333333337,2337.4779248267378,1357.4999999999998,0.0,0
55,MOEA/D,25,281.6666666666667,2323.2579491402607,1336.8333333333333,0.0,0
55,MOEA/D,26,283.0,2313.475258160071,1345.4999999999998,0.0,0
55,MOEA/D,27,289.6666666666667,2291.804816179708,1365.8333333333335,0.0,0
55,MOEA/D,28,281.6666666666667,2307.4776285304415,1356.1666666666665,0.0,0
55,MOEA/D,29,281.6666666666667,2314.1417766785894,1344.833333333333,0.0,0
55,MOEA/D,30,289.6666666666667,2298.477332234145,1354.8333333333335,0.0,0
55,MOEA/D,31,286.0,2306.47614704896,1349.5,0.0,0
55,MOEA/D,32,281.6666666666667,2318.974221123034,1340.833333333333,0.0,0
55,MOEA/D,33,286.0,2306.47614704896,1349.5,0.0,0
55,MOEA/D,34,289.6666666666667,2297.477554456367,1355.8333333333333,0.0,0
55,MOEA/D,35,289.6666666666667,2298.477332234145,1354.8333333333335,0.0,0
55,MOEA/D,36,286.0,2302.1439248267375,1354.5,0.0,0
55,MOEA/D,37,288.33333333333337,2294.8037050685966,1360.8333333333333,0.0,0
55,MOEA/D,38,281.6666666666667,2307.4776285304415,1356.1666666666665,0.0,0
55,MOEA/D,39,281.6666666666667,2323.2579491402607,1336.8333333333333,0.0,0
55,MOEA/D,40,287.33333333333337,2310.476072974886,1349.1666666666667,0.0,0
55,MOEA/D,41,286.0,2296.4711865500785,1364.5000000000002,0.0,0
55,MOEA/D,42,283.0,2313.475258160071,1345.4999999999998,0.0,0
55,MOEA/D,43,286.0,2302.1439248267375,1354.5,0.0,0
55,MOEA/D,44,289.6666666666667,2297.477554456367,1355.8333333333333,0.0,0
55,MOEA/D,45,288.33333333333337,2294.8037050685966,1360.8333333333333,0.0,0
55,MOEA/D,46,284.6666666666667,2314.759356547668,1343.1666666666665,0.0,0
55,MOEA/D,47,289.6666666666667,2298.477332234145,1354.8333333333335,0.0,0
55,MOEA/D,48,281.6666666666667,2323.2579491402607,1336.8333333333333,0.0,0
55,MOEA/D,49,289.6666666666667,2297.477554456367,1355.8333333333333,0.0,0
55,MOEA/D,50,283.0,2302.47814704896,1358.5,0.0,0
55,MOEA/D,51,281.6666666666667,2318.974221123034,1340.833333333333,0.0,0
55,MOEA/D,52,286.0,2306.47614704896,1349.5,0.0,0
55,MOEA/D,53,286.0,2306.47614704896,1349.5,0.0,0
55,MOEA/D,54,284.6666666666667,2314.759356547668,1343.1666666666665,0.0,0
55,MOEA/D,55,281.6666666666667,2323.2579491402607,1336.8333333333333,0.0,0
55,MOEA/D,56,281.6666666666667,2323.2579491402607,1336.8333333333333,0.0,0
55,MOEA/D,57,283.0,2313.475258160071,1345.4999999999998,0.0,0
55,MOEA/D,58,281.6666666666667,2323.2579491402607,1336.8333333333333,0.0,0
55,MOEA/D,60,289.6666666666667,2297.477554456367,1355.8333333333333,0.0,0
55,MOEA/D,61,289.6666666666667,2298.477332234145,1354.8333333333335,0.0,0
55,MOEA/D,62,281.6666666666667,2318.974221123034,1340.833333333333,0.0,0
55,MOEA/D,63,304.6666666666667,2370.0543669258686,1331.1666666666665,0.0,0
55,MOEA/D,64,289.6666666666667,2291.804816179708,1365.8333333333335,0.0,0
55,MOEA/D,65,289.6666666666667,2298.477332234145,1354.8333333333335,0.0,0
55,MOEA/D,66,286.0,2306.47614704896,1349.5,0.0,0
55,MOEA/D,67,284.6666666666667,2314.759356547668,1343.1666666666665,0.0,0
55,MOEA/D,68,281.6666666666667,2314.1417766785894,1344.833333333333,0.0,0
55,MOEA/D,69,281.6666666666667,2323.2579491402607,1336.8333333333333,0.0,0
55,MOEA/D,70,289.6666666666667,2298.477332234145,1354.8333333333335,0.0,0
55,MOEA/D,71,281.6666666666667,2323.2579491402607,1336.8333333333333,0.0,0
55,MOEA/D,72,281.6666666666667,2323.2579491402607,1336.8333333333333,0.0,0
55,MOEA/D,73,304.6666666666667,2370.0543669258686,1331.1666666666665,0.0,0
55,MOEA/D,74,284.6666666666667,2314.759356547668,1343.1666666666665,0.0,0
55,MOEA/D,75,289.6666666666667,2291.804816179708,1365.8333333333335,0.0,0
55,MOEA/D,76,281.6666666666667,2323.2579491402607,1336.8333333333333,0.0,0
55,MOEA/D,77,281.6666666666667,2323.2579491402607,1336.8333333333333,0.0,0
55,MOEA/D,78,286.0,2302.1439248267375,1354.5,0.0,0
55,MOEA/D,79,283.0,2313.475258160071,1345.4999999999998,0.0,0
55,MOEA/D,80,281.6666666666667,2323.2579491402607,1336.8333333333333,0.0,0
55,MOEA/D,81,281.6666666666667,2307.4776285304415,1356.1666666666665,0.0,0
55,MOEA/D,82,287.33333333333337,2310.476072974886,1349.1666666666667,0.0,0
55,MOEA/D,83,281.6666666666667,2323.2579491402607,1336.8333333333333,0.0,0
55,MOEA/D,84,281.6666666666667,2307.4776285304415,1356.1666666666665,0.0,0
55,MOEA/D,85,286.0,2302.1439248267375,1354.5,0.0,0
55,MOEA/D,86,286.0,2302.1439248267375,1354.5,0.0,0
55,MOEA/D,87,281.6666666666667,2318.974221123034,1340.833333333333,0.0,0
55,MOEA/D,88,281.6666666666667,2323.2579491402607,1336.8333333333333,0.0,0
55,MOEA/D,89,287.33333333333337,2310.476072974886,1349.1666666666667,0.0,0
55,MOEA/D,90,287.33333333333337,2310.476072974886,1349.1666666666667,0.0,0
55,MOEA/D,91,286.0,2302.1439248267375,1354.5,0.0,0
55,MOEA/D,92,286.0,2302.1439248267375,1354.5,0.0,0
55,MOEA/D,93,283.0,2313.475258160071,1345.4999999999998,0.0,0
55,MOEA/D,94,284.6666666666667,2314.759356547668,1343.1666666666665,0.0,0
55,MOEA/D,95,283.0,2302.47814704896,1358.5,0.0,0
55,MOEA/D,96,286.0,2296.4711865500785,1364.5000000000002,0.0,0
55,MOEA/D,97,284.6666666666667,2314.759356547668,1343.1666666666665,0.0,0
55,MOEA/D,98,281.6666666666667,2311.1425914934043,1348.5,0.0,0
55,MOEA/D,99,281.6666666666667,2314.1417766785894,1344.833333333333,0.0,0
55,GA-SA,0,273.6666666666667,2387.339456675242,1315.0,0.0,1
55,A*-GA,0,288.33333333333337,2433.206457538924,1377.166666666667,0.0,1
55,A*-GA,1,288.33333333333337,2388.616484119457,1376.1666666666667,0.0,0
55,A*-GA,2,288.33333333333337,2433.206457538924,1377.166666666667,0.0,0
55,A*-GA,3,288.33333333333337,2388.616484119457,1376.1666666666667,0.0,0
55,A*-GA,4,288.33333333333337,2388.616484119457,1376.1666666666667,0.0,0
55,LWC,0,302.33333333333337,2570.0037650057056,1347.6666666666667,0.0,1
55,LWC,1,287.0,2456.797040647071,1358.6666666666665,0.0,0
55,LWC,2,293.66666666666663,2479.530382229101,1354.1666666666667,0.0,0
55,LWC,3,288.0,2498.948504326864,1349.8333333333333,0.0,0
55,LWC,4,287.6666666666667,2525.562363295501,1355.8333333333335,0.0,0
55,LWC,5,297.3333333333333,2440.6464756026558,1359.8333333333333,0.0,0
55,LWC,6,292.0,2462.450262197271,1356.1666666666667,0.0,0
55,LWC,7,304.0,2511.2159041470777,1345.1666666666667,0.0,0
55,LWC,8,293.66666666666663,2451.4023859596127,1368.666666666667,0.0,0
55,LWC,9,332.00000000000006,2494.370772122959,1349.8333333333333,0.0,0
55,LWC,10,305.6666666666667,2426.9561078047186,1380.1666666666665,0.0,0
55,LWC,11,288.3333333333333,2491.863493340212,1353.1666666666667,0.0,0
55,LWC,12,305.6666666666667,2426.9561078047186,1380.1666666666665,0.0,0
55,LWC,13,297.3333333333333,2456.9711288302087,1353.1666666666667,0.0,0
56,AW-NSGA-II,0,338.3333333333333,2293.640821025631,1269.3333333333333,0.0,0
56,AW-NSGA-II,1,338.3333333333333,2251.7351151679068,1292.0000000000002,0.0,1
56,AW-NSGA-II,2,311.66666666666663,2245.2261424045514,1293.0,0.0,0
56,AW-NSGA-II,3,311.66666666666663,2245.2261424045514,1293.0,0.0,0
56,AW-NSGA-II,4,338.3333333333333,2252.1005485290475,1290.1666666666667,0.0,0
56,AW-NSGA-II,5,321.0,2471.240544984941,1266.1666666666665,0.0,0
56,AW-NSGA-II,6,338.3333333333333,2252.9315114920105,1279.5,0.0,0
56,AW-NSGA-II,7,302.66666666666663,2328.638720958483,1270.8333333333333,0.0,0
56,AW-NSGA-II,8,298.3333333333333,2350.46932627974,1266.8333333333333,0.0,0
56,AW-NSGA-II,9,338.3333333333333,2366.1099031731023,1265.8333333333335,0.0,0
56,AW-NSGA-II,10,286.3333333333333,2390.811806978837,1284.0,0.0,0
56,AW-NSGA-II,11,338.3333333333333,2298.6010406406635,1266.3333333333333,0.0,0
56,AW-NSGA-II,12,338.3333333333333,2293.640821025631,1269.3333333333333,0.0,0
56,AW-NSGA-II,13,298.3333333333333,2298.5732629614554,1275.9999999999998,0.0,0
56,AW-NSGA-II,14,321.0,2464.3273301112395,1266.5,0.0,0
56,AW-NSGA-II,15,302.66666666666663,2328.638720958483,1270.8333333333333,0.0,0
56,AW-NSGA-II,16,302.66666666666663,2328.638720958483,1270.8333333333333,0.0,0
56,AW-NSGA-II,17,298.3333333333333,2298.5732629614554,1275.9999999999998,0.0,0
56,AW-NSGA-II,18,286.3333333333333,2390.811806978837,1284.0,0.0,0
56,AW-NSGA-II,19,311.66666666666663,2237.783800390926,1311.1666666666665,0.0,0
56,AW-NSGA-II,20,296.66666666666663,2265.076173302538,1278.3333333333333,0.0,0
56,AW-NSGA-II,21,317.33333333333337,2264.058549879739,1276.1666666666667,0.0,0
56,AW-NSGA-II,22,322.66666666666663,2425.8583461762382,1263.1666666666665,0.0,0
56,AW-NSGA-II,23,338.3333333333333,2278.9746358404454,1271.4999999999998,0.0,0
56,AW-NSGA-II,24,311.66666666666663,2237.783800390926,1311.1666666666665,0.0,0
56,AW-NSGA-II,25,286.3333333333333,2390.811806978837,1284.0,0.0,0
56,AW-NSGA-II,26,298.3333333333333,2314.300946005156,1273.1666666666667,0.0,0
56,AW-NSGA-II,27,324.0,2372.457855712909,1264.5,0.0,0
56,AW-NSGA-II,28,311.66666666666663,2245.2261424045514,1293.0,0.0,0
56,AW-NSGA-II,29,311.66666666666663,2245.2261424045514,1293.0,0.0,0
56,AW-NSGA-II,30,302.66666666666663,2328.638720958483,1270.8333333333333,0.0,0
56,AW-NSGA-II,31,307.3333333333333,2244.345662326981,1294.6666666666667,0.0,0
56,AW-NSGA-II,32,302.66666666666663,2328.638720958483,1270.8333333333333,0.0,0
56,AW-NSGA-II,33,311.66666666666663,2252.225475737885,1290.0,0.0,0
56,AW-NSGA-II,34,302.66666666666663,2328.638720958483,1270.8333333333333,0.0,0
56,AW-NSGA-II,35,302.66666666666663,2328.638720958483,1270.8333333333333,0.0,0
56,AW-NSGA-II,36,303.33333333333337,2312.131931417659,1268.6666666666667,0.0,0
56,AW-NSGA-II,37,286.3333333333333,2378.146918089948,1292.0000000000002,0.0,0
56,AW-NSGA-II,38,311.66666666666663,2245.2261424045514,1293.0,0.0,0
56,AW-NSGA-II,39,317.33333333333337,2267.35896837045,1274.3333333333335,0.0,0
56,AW-NSGA-II,40,296.66666666666663,2312.044308769534,1275.1666666666667,0.0,0
56,AW-NSGA-II,41,279.33333333333337,2404.693671233761,1285.1666666666665,0.0,0
56,AW-NSGA-II,42,302.66666666666663,2328.638720958483,1270.8333333333333,0.0,0
56,AW-NSGA-II,43,311.66666666666663,2245.2261424045514,1293.0,0.0,0
56,NSGA-II-2obj,0,296.6666666666667,2501.298623745227,1306.0,0.0,0
56,NSGA-II-2obj,1,300.6666666666667,2443.5853657095363,1312.6666666666667,0.0,1
56,NSGA-II-2obj,2,300.6666666666667,2443.5853657095363,1312.6666666666667,0.0,0
56,NSGA-II-2obj,3,297.66666666666663,2478.88597616331,1319.3333333333333,0.0,0
56,NSGA-II-2obj,4,303.3333333333333,2442.0453451450758,1319.6666666666665,0.0,0
56,NSGA-II-2obj,5,307.3333333333333,2430.4538981882333,1329.1666666666667,0.0,0
56,NSGA-II-2obj,6,320.6666666666667,2360.998419270696,1331.1666666666665,0.0,0
56,NSGA-II-2obj,7,300.6666666666667,2443.5853657095363,1312.6666666666667,0.0,0
56,NSGA-II-2obj,8,300.6666666666667,2443.5853657095363,1312.6666666666667,0.0,0
56,NSGA-II-2obj,9,295.6666666666667,2689.1201260678067,1319.5,0.0,0
56,NSGA-II-2obj,10,307.6666666666667,2374.227746335491,1326.1666666666665,0.0,0
56,NSGA-II-2obj,11,302.0,2442.751995339165,1312.4999999999998,0.0,0
56,NSGA-II-2obj,12,307.3333333333333,2430.4538981882333,1329.1666666666667,0.0,0
56,NSGA-II-2obj,13,299.0,2477.1724944306343,1301.6666666666665,0.0,0
56,NSGA-II-2obj,14,299.33333333333337,2462.5631537428985,1335.4999999999998,0.0,0
56,NSGA-II-2obj,15,303.3333333333333,2442.0453451450758,1319.6666666666665,0.0,0
56,NSGA-II-3obj,0,434.66666666666663,2608.5602610717124,1258.3333333333335,0.0,0
56,NSGA-II-3obj,1,434.66666666666663,2608.5602610717124,1258.3333333333335,0.0,0
56,NSGA-II-3obj,2,434.66666666666663,2603.3939277383797,1259.8333333333333,0.0,0
56,NSGA-II-3obj,3,434.66666666666663,2603.3939277383797,1259.8333333333333,0.0,0
56,NSGA-II-3obj,4,333.0,2188.1888151861476,1296.3333333333335,0.0,1
56,NSGA-II-3obj,5,311.33333333333337,2233.1891332479063,1293.1666666666665,0.0,0
56,NSGA-II-3obj,6,286.33333333333337,2244.408900690657,1274.6666666666665,0.0,0
56,NSGA-II-3obj,7,318.3333333333333,2220.7037574481305,1279.8333333333333,0.0,0
56,NSGA-II-3obj,8,434.66666666666663,2603.3939277383797,1259.8333333333333,0.0,0
56,NSGA-II-3obj,9,318.3333333333333,2215.206979670353,1294.3333333333333,0.0,0
56,NSGA-II-3obj,10,318.3333333333333,2215.206979670353,1294.3333333333333,0.0,0
56,NSGA-II-3obj,11,335.6666666666667,2315.6256888871826,1268.6666666666667,0.0,0
56,NSGA-II-3obj,12,306.0,2472.6860603578134,1272.5,0.0,0
56,NSGA-II-3obj,13,434.66666666666663,2603.3939277383797,1259.8333333333333,0.0,0
56,NSGA-II-3obj,14,318.3333333333333,2220.7037574481305,1279.8333333333333,0.0,0
56,NSGA-II-3obj,15,320.00000000000006,2411.3947425531946,1263.5000000000002,0.0,0
56,NSGA-II-3obj,16,311.33333333333337,2230.351451048535,1293.8333333333335,0.0,0
56,NSGA-II-3obj,17,434.66666666666663,2603.3939277383797,1259.8333333333333,0.0,0
56,NSGA-II-3obj,18,311.33333333333337,2228.3683275262806,1295.1666666666667,0.0,0
56,NSGA-II-3obj,19,327.0,2200.7185726422977,1288.6666666666667,0.0,0
56,NSGA-II-3obj,20,333.0,2188.1888151861476,1296.3333333333335,0.0,0
56,NSGA-II-3obj,21,330.0,2335.395149960602,1265.333333333333,0.0,0
56,NSGA-II-3obj,22,318.3333333333333,2234.370357766729,1278.8333333333333,0.0,0
56,NSGA-II-3obj,23,329.6666666666667,2280.725087742384,1271.1666666666665,0.0,0
56,NSGA-II-3obj,24,434.66666666666663,2603.3939277383797,1259.8333333333333,0.0,0
56,NSGA-II-3obj,25,311.33333333333337,2241.02343280415,1285.9999999999998,0.0,0
56,NSGA-II-3obj,26,311.33333333333337,2234.522022136795,1291.1666666666667,0.0,0
56,NSGA-II-3obj,27,311.33333333333337,2228.7510864122655,1294.8333333333333,0.0,0
56,NSGA-II-3obj,28,335.6666666666667,2315.6256888871826,1268.6666666666667,0.0,0
56,NSGA-II-3obj,29,434.66666666666663,2673.7262981087497,1255.5,0.0,0
56,NSGA-II-3obj,30,333.0,2190.022111482444,1296.1666666666667,0.0,0
56,NSGA-II-3obj,31,327.0,2198.575736418438,1291.3333333333333,0.0,0
56,NSGA-II-3obj,32,328.0,2386.8787579596387,1265.0,0.0,0
56,NSGA-II-3obj,33,311.33333333333337,2227.5352534522062,1296.3333333333333,0.0,0
56,NSGA-II-3obj,34,307.66666666666663,2365.4802736719894,1270.1666666666667,0.0,0
56,NSGA-II-3obj,35,308.0,2443.562409219862,1267.9999999999998,0.0,0
56,NSGA-II-3obj,36,319.33333333333337,2209.896439742789,1292.3333333333333,0.0,0
56,NSGA-II-3obj,37,320.00000000000006,2411.3947425531946,1263.5000000000002,0.0,0
56,NSGA-II-3obj,38,329.6666666666667,2280.725087742384,1271.1666666666665,0.0,0
56,NSGA-II-3obj,39,336.3333333333333,2455.520513673836,1261.6666666666667,0.0,0
56,NSGA-II-3obj,40,322.0,2387.0460542559354,1267.8333333333333,0.0,0
56,NSGA-II-3obj,41,318.3333333333333,2220.7037574481305,1279.8333333333333,0.0,0
56,NSGA-II-3obj,42,434.66666666666663,2603.3939277383797,1259.8333333333333,0.0,0
56,NSGA-II-3obj,43,327.0,2200.7185726422977,1288.6666666666667,0.0,0
56,NSGA-II-3obj,44,434.66666666666663,2608.5602610717124,1258.3333333333335,0.0,0
56,NSGA-II-3obj,45,434.66666666666663,2603.3939277383797,1259.8333333333333,0.0,0
56,NSGA-II-3obj,46,320.00000000000006,2418.2746134192457,1263.166666666667,0.0,0
56,NSGA-II-3obj,47,331.33333333333337,2198.3630796547372,1295.6666666666667,0.0,0
56,NSGA-III,0,297.00000000000006,2390.1201075826107,1284.6666666666667,0.0,0
56,NSGA-III,1,297.00000000000006,2390.1201075826107,1284.6666666666667,0.0,0
56,NSGA-III,2,287.6666666666667,2413.1802030988265,1269.3333333333333,0.0,0
56,NSGA-III,3,297.00000000000006,2390.1201075826107,1284.6666666666667,0.0,0
56,NSGA-III,4,297.00000000000006,2390.1201075826107,1284.6666666666667,0.0,0
56,NSGA-III,5,297.00000000000006,2390.1201075826107,1284.6666666666667,0.0,0
56,NSGA-III,6,297.00000000000006,2401.1198853603883,1283.6666666666665,0.0,0
56,NSGA-III,7,297.00000000000006,2390.1201075826107,1284.6666666666667,0.0,0
56,NSGA-III,8,320.6666666666667,2407.7445609073343,1264.5,0.0,0
56,NSGA-III,9,297.00000000000006,2401.6174938999307,1275.0,0.0,0
56,NSGA-III,10,325.3333333333333,2340.7699995055063,1271.833333333333,0.0,0
56,NSGA-III,11,327.66666666666663,2455.9952998228455,1260.5000000000002,0.0,0
56,NSGA-III,12,323.33333333333337,2352.4532586932655,1275.6666666666667,0.0,0
56,NSGA-III,13,323.33333333333337,2358.777319290922,1273.9999999999998,0.0,0
56,NSGA-III,14,297.00000000000006,2401.6174938999307,1275.0,0.0,0
56,NSGA-III,15,293.66666666666663,2396.6529479513006,1294.9999999999998,0.0,1
56,NSGA-III,16,298.33333333333337,2391.7233840991566,1281.0,0.0,0
56,NSGA-III,17,304.0,2339.253655624425,1277.1666666666665,0.0,0
56,NSGA-III,18,293.66666666666663,2396.6529479513006,1294.9999999999998,0.0,0
56,NSGA-III,19,320.6666666666667,2357.936240007518,1274.0000000000002,0.0,0
56,NSGA-III,20,301.6666666666667,2391.5739219680218,1273.8333333333333,0.0,0
56,NSGA-III,21,297.00000000000006,2390.1201075826107,1284.6666666666667,0.0,0
56,NSGA-III,22,297.00000000000006,2390.1201075826107,1284.6666666666667,0.0,0
56,NSGA-III,23,297.00000000000006,2390.1201075826107,1284.6666666666667,0.0,0
56,NSGA-III,24,297.00000000000006,2376.544273351203,1288.1666666666667,0.0,0
56,NSGA-III,25,320.6666666666667,2368.3386076216975,1267.3333333333335,0.0,0
56,NSGA-III,26,297.00000000000006,2387.5440511289808,1287.1666666666667,0.0,0
56,NSGA-III,27,293.66666666666663,2439.5518194018923,1265.0,0.0,0
56,NSGA-III,28,287.6666666666667,2413.1802030988265,1269.3333333333333,0.0,0
56,NSGA-III,29,293.66666666666663,2408.714257746652,1283.3333333333333,0.0,0
56,NSGA-III,30,297.00000000000006,2376.544273351203,1288.1666666666667,0.0,0
56,NSGA-III,31,301.6666666666667,2391.5739219680218,1273.8333333333333,0.0,0
56,NSGA-III,32,298.33333333333337,2391.7233840991566,1281.0,0.0,0
56,NSGA-III,33,320.6666666666667,2357.936240007518,1274.0000000000002,0.0,0
56,NSGA-III,34,297.00000000000006,2390.1201075826107,1284.6666666666667,0.0,0
56,NSGA-III,35,298.33333333333337,2371.7323365539005,1282.8333333333335,0.0,0
56,NSGA-III,36,293.66666666666663,2407.4540335085367,1287.3333333333335,0.0,0
56,NSGA-III,37,304.66666666666663,2365.7272263682253,1276.0,0.0,0
56,NSGA-III,38,301.0,2363.255285254055,1284.5,0.0,0
56,NSGA-III,39,365.99999999999994,2418.8515557361106,1263.4999999999998,0.0,0
56,NSGA-III,40,293.66666666666663,2361.076189019353,1296.3333333333335,0.0,0
56,NSGA-III,41,293.66666666666663,2439.5518194018923,1265.0,0.0,0
56,NSGA-III,42,301.3333333333333,2377.344296495517,1276.3333333333335,0.0,0
56,NSGA-III,43,297.00000000000006,2363.1529479513006,1294.9999999999998,0.0,0
56,NSGA-III,44,320.6666666666667,2407.7445609073343,1264.5,0.0,0
56,NSGA-III,45,293.66666666666663,2407.4540335085367,1287.3333333333335,0.0,0
56,NSGA-III,46,355.33333333333337,2422.807530585387,1262.5,0.0,0
56,NSGA-III,47,320.6666666666667,2407.7445609073343,1264.5,0.0,0
56,NSGA-III,48,323.33333333333337,2352.4532586932655,1275.6666666666667,0.0,0
56,NSGA-III,49,297.00000000000006,2390.1201075826107,1284.6666666666667,0.0,0
56,NSGA-III,50,297.00000000000006,2390.1201075826107,1284.6666666666667,0.0,0
56,NSGA-III,51,316.6666666666667,2426.9694742443994,1268.1666666666667,0.0,0
56,NSGA-III,52,301.0,2358.9233593281288,1290.8333333333333,0.0,0
56,NSGA-III,53,334.66666666666663,2357.701674731589,1270.3333333333335,0.0,0
56,NSGA-III,54,293.66666666666663,2439.5518194018923,1265.0,0.0,0
56,NSGA-III,55,320.6666666666667,2357.936240007518,1274.0000000000002,0.0,0
56,MOEA/D,0,282.3333333333333,2238.873212805049,1268.3333333333333,0.0,1
56,MOEA/D,1,288.0,2277.2203734709537,1267.1666666666665,0.0,0
56,MOEA/D,2,294.33333333333337,2203.283870213172,1279.6666666666665,0.0,0
56,MOEA/D,3,294.33333333333337,2201.404369717491,1281.6666666666665,0.0,0
56,MOEA/D,4,282.3333333333333,2230.39002565853,1277.3333333333333,0.0,0
56,MOEA/D,5,282.3333333333333,2230.39002565853,1277.3333333333333,0.0,0
56,MOEA/D,6,282.3333333333333,2230.39002565853,1277.3333333333333,0.0,0
56,MOEA/D,7,282.3333333333333,2230.39002565853,1277.3333333333333,0.0,0
56,MOEA/D,8,294.33333333333337,2210.783166509468,1276.5,0.0,0
56,MOEA/D,9,294.33333333333337,2209.8662091369847,1278.0,0.0,0
56,MOEA/D,10,294.33333333333337,2209.8662091369847,1278.0,0.0,0
56,MOEA/D,11,282.3333333333333,2230.39002565853,1277.3333333333333,0.0,0
56,MOEA/D,12,294.33333333333337,2203.283870213172,1279.6666666666665,0.0,0
56,MOEA/D,13,282.3333333333333,2238.873212805049,1268.3333333333333,0.0,0
56,MOEA/D,14,294.33333333333337,2227.7907369140476,1275.0,0.0,0
56,MOEA/D,15,294.33333333333337,2197.40525860638,1285.6666666666667,0.0,0
56,MOEA/D,16,294.33333333333337,2197.40525860638,1285.6666666666667,0.0,0
56,MOEA/D,17,282.3333333333333,2230.39002565853,1277.3333333333333,0.0,0
56,MOEA/D,18,282.3333333333333,2230.39002565853,1277.3333333333333,0.0,0
56,MOEA/D,19,294.33333333333337,2210.783166509468,1276.5,0.0,0
56,MOEA/D,20,294.33333333333337,2203.283870213172,1279.6666666666665,0.0,0
56,MOEA/D,21,282.3333333333333,2230.39002565853,1277.3333333333333,0.0,0
56,MOEA/D,22,294.33333333333337,2203.283870213172,1279.6666666666665,0.0,0
56,MOEA/D,23,282.3333333333333,2230.39002565853,1277.3333333333333,0.0,0
56,MOEA/D,24,282.3333333333333,2230.39002565853,1277.3333333333333,0.0,0
56,MOEA/D,25,282.3333333333333,2238.873212805049,1268.3333333333333,0.0,0
56,MOEA/D,26,294.33333333333337,2209.8662091369847,1278.0,0.0,0
56,MOEA/D,27,294.33333333333337,2197.40525860638,1285.6666666666667,0.0,0
56,MOEA/D,28,282.3333333333333,2230.39002565853,1277.3333333333333,0.0,0
56,MOEA/D,29,282.3333333333333,2230.39002565853,1277.3333333333333,0.0,0
56,MOEA/D,30,294.33333333333337,2197.40525860638,1285.6666666666667,0.0,0
56,MOEA/D,31,294.33333333333337,2210.783166509468,1276.5,0.0,0
56,MOEA/D,32,294.33333333333337,2227.7907369140476,1275.0,0.0,0
56,MOEA/D,33,294.33333333333337,2210.783166509468,1276.5,0.0,0
56,MOEA/D,34,294.33333333333337,2203.283870213172,1279.6666666666665,0.0,0
56,MOEA/D,35,294.33333333333337,2203.283870213172,1279.6666666666665,0.0,0
56,MOEA/D,36,294.33333333333337,2203.283870213172,1279.6666666666665,0.0,0
56,MOEA/D,37,294.33333333333337,2197.40525860638,1285.6666666666667,0.0,0
56,MOEA/D,38,282.3333333333333,2230.39002565853,1277.3333333333333,0.0,0
56,MOEA/D,39,282.3333333333333,2275.993486854012,1267.9999999999998,0.0,0
56,MOEA/D,40,294.33333333333337,2209.8662091369847,1278.0,0.0,0
56,MOEA/D,41,294.33333333333337,2203.283870213172,1279.6666666666665,0.0,0
56,MOEA/D,42,282.3333333333333,2230.39002565853,1277.3333333333333,0.0,0
56,MOEA/D,43,294.33333333333337,2203.283870213172,1279.6666666666665,0.0,0
56,MOEA/D,44,294.33333333333337,2203.283870213172,1279.6666666666665,0.0,0
56,MOEA/D,45,294.33333333333337,2197.40525860638,1285.6666666666667,0.0,0
56,MOEA/D,47,294.33333333333337,2197.40525860638,1285.6666666666667,0.0,0
56,MOEA/D,48,282.3333333333333,2238.873212805049,1268.3333333333333,0.0,0
56,MOEA/D,49,294.33333333333337,2201.404369717491,1281.6666666666665,0.0,0
56,MOEA/D,50,282.3333333333333,2230.39002565853,1277.3333333333333,0.0,0
56,MOEA/D,51,294.33333333333337,2227.7907369140476,1275.0,0.0,0
56,MOEA/D,52,294.33333333333337,2210.783166509468,1276.5,0.0,0
56,MOEA/D,53,294.33333333333337,2203.283870213172,1279.6666666666665,0.0,0
56,MOEA/D,54,294.33333333333337,2227.7907369140476,1275.0,0.0,0
56,MOEA/D,55,282.3333333333333,2238.873212805049,1268.3333333333333,0.0,0
56,MOEA/D,56,282.3333333333333,2262.7448316869263,1268.0,0.0,0
56,MOEA/D,57,282.3333333333333,2230.39002565853,1277.3333333333333,0.0,0
56,MOEA/D,58,282.3333333333333,2238.873212805049,1268.3333333333333,0.0,0
56,MOEA/D,59,282.3333333333333,2230.39002565853,1277.3333333333333,0.0,0
56,MOEA/D,60,294.33333333333337,2203.283870213172,1279.6666666666665,0.0,0
56,MOEA/D,61,294.33333333333337,2203.283870213172,1279.6666666666665,0.0,0
56,MOEA/D,63,328.3333333333333,2273.1906097937954,1266.3333333333333,0.0,0
56,MOEA/D,64,294.33333333333337,2197.40525860638,1285.6666666666667,0.0,0
56,MOEA/D,65,294.33333333333337,2203.283870213172,1279.6666666666665,0.0,0
56,MOEA/D,66,294.33333333333337,2209.8662091369847,1278.0,0.0,0
56,MOEA/D,68,282.3333333333333,2230.39002565853,1277.3333333333333,0.0,0
56,MOEA/D,69,282.3333333333333,2235.2075091013453,1272.6666666666667,0.0,0
56,MOEA/D,70,294.33333333333337,2203.283870213172,1279.6666666666665,0.0,0
56,MOEA/D,71,282.3333333333333,2321.5745896986764,1265.3333333333333,0.0,0
56,MOEA/D,72,282.3333333333333,2238.873212805049,1268.3333333333333,0.0,0
56,MOEA/D,73,288.66666666666663,2281.2059535457897,1265.666666666667,0.0,0
56,MOEA/D,74,294.33333333333337,2227.7907369140476,1275.0,0.0,0
56,MOEA/D,75,294.33333333333337,2197.40525860638,1285.6666666666667,0.0,0
56,MOEA/D,76,282.3333333333333,2230.39002565853,1277.3333333333333,0.0,0
56,MOEA/D,77,282.3333333333333,2238.873212805049,1268.3333333333333,0.0,0
56,MOEA/D,78,294.33333333333337,2203.283870213172,1279.6666666666665,0.0,0
56,MOEA/D,79,294.33333333333337,2210.783166509468,1276.5,0.0,0
56,MOEA/D,80,282.3333333333333,2238.873212805049,1268.3333333333333,0.0,0
56,MOEA/D,81,282.3333333333333,2230.39002565853,1277.3333333333333,0.0,0
56,MOEA/D,82,294.33333333333337,2209.8662091369847,1278.0,0.0,0
56,MOEA/D,83,282.3333333333333,2238.873212805049,1268.3333333333333,0.0,0
56,MOEA/D,84,282.3333333333333,2230.39002565853,1277.3333333333333,0.0,0
56,MOEA/D,85,294.33333333333337,2203.283870213172,1279.6666666666665,0.0,0
56,MOEA/D,86,294.33333333333337,2203.283870213172,1279.6666666666665,0.0,0
56,MOEA/D,87,311.0,2233.918428047181,1271.3333333333333,0.0,0
56,MOEA/D,88,282.3333333333333,2238.873212805049,1268.3333333333333,0.0,0
56,MOEA/D,89,294.33333333333337,2209.8662091369847,1278.0,0.0,0
56,MOEA/D,90,294.33333333333337,2209.8662091369847,1278.0,0.0,0
56,MOEA/D,91,294.33333333333337,2210.783166509468,1276.5,0.0,0
56,MOEA/D,92,294.33333333333337,2209.8662091369847,1278.0,0.0,0
56,MOEA/D,93,282.3333333333333,2230.39002565853,1277.3333333333333,0.0,0
56,MOEA/D,94,294.33333333333337,2227.7907369140476,1275.0,0.0,0
56,MOEA/D,95,282.3333333333333,2230.39002565853,1277.3333333333333,0.0,0
56,MOEA/D,96,294.33333333333337,2203.283870213172,1279.6666666666665,0.0,0
56,MOEA/D,97,294.33333333333337,2227.7907369140476,1275.0,0.0,0
56,MOEA/D,98,282.3333333333333,2230.39002565853,1277.3333333333333,0.0,0
56,MOEA/D,99,282.3333333333333,2230.39002565853,1277.3333333333333,0.0,0
56,GA-SA,1,330.33333333333337,2431.3648945881987,1248.8333333333333,0.0,1
56,A*-GA,0,293.0,2324.9614456712043,1331.5000000000002,0.0,1
56,A*-GA,1,293.0,2303.169018512971,1330.8333333333333,0.0,0
56,A*-GA,2,293.0,2376.5478728125636,1339.3333333333333,0.0,0
56,A*-GA,3,293.0,2341.6728584785164,1329.3333333333335,0.0,0
56,A*-GA,4,293.0,2341.6728584785164,1329.3333333333335,0.0,0
56,A*-GA,5,293.0,2333.463038263797,1338.666666666667,0.0,0
56,A*-GA,6,293.0,2340.747159777534,1331.9999999999998,0.0,0
56,A*-GA,7,293.0,2282.816552031147,1321.3333333333337,0.0,0
56,A*-GA,8,293.0,2288.4835890681834,1323.0,0.0,0
56,A*-GA,9,293.0,2377.714317257008,1338.3333333333333,0.0,0
56,A*-GA,10,293.0,2367.524551601586,1327.3333333333335,0.0,0
56,A*-GA,11,293.0,2282.426848505764,1328.5000000000002,0.0,0
56,LWC,0,298.66666666666663,2528.648028226363,1296.6666666666665,0.0,0
56,LWC,1,289.0,2491.319898984413,1311.6666666666667,0.0,0
56,LWC,2,299.6666666666667,2522.24762138831,1295.1666666666667,0.0,0
56,LWC,3,300.6666666666667,2505.5118256129085,1290.166666666667,0.0,0
56,LWC,4,322.6666666666667,2488.2574479567625,1280.0000000000002,0.0,0
56,LWC,5,312.6666666666667,2404.692134361418,1289.4999999999998,0.0,0
56,LWC,6,295.6666666666667,2477.221217802078,1296.6666666666667,0.0,0
56,LWC,7,322.6666666666667,2487.2717002764875,1280.6666666666665,0.0,0
56,LWC,8,299.6666666666667,2522.24762138831,1295.1666666666667,0.0,0
56,LWC,9,317.6666666666667,2391.027023250307,1296.5,0.0,0
56,LWC,10,322.6666666666667,2488.2574479567625,1280.0000000000002,0.0,0
56,LWC,11,312.33333333333337,2488.0409656013153,1282.8333333333333,0.0,0
56,LWC,12,301.3333333333333,2478.827643821904,1285.8333333333333,0.0,0
56,LWC,13,400.6666666666667,2587.135210941476,1275.9999999999998,0.0,1
56,LWC,14,301.3333333333333,2478.827643821904,1285.8333333333333,0.0,0
56,LWC,15,299.6666666666667,2522.24762138831,1295.1666666666667,0.0,0
56,LWC,16,301.3333333333333,2478.827643821904,1285.8333333333333,0.0,0
56,LWC,17,314.33333333333337,2401.235914685211,1283.1666666666665,0.0,0
56,LWC,18,294.33333333333337,2529.011894726002,1290.1666666666667,0.0,0
56,LWC,19,289.0,2491.319898984413,1311.6666666666667,0.0,0
56,LWC,20,321.3333333333333,2397.902433203729,1282.5,0.0,0
56,LWC,21,301.3333333333333,2478.827643821904,1285.8333333333333,0.0,0
56,LWC,22,308.0,2419.9687663649784,1293.6666666666667,0.0,0
56,LWC,23,301.3333333333333,2478.827643821904,1285.8333333333333,0.0,0
56,LWC,24,298.0,2445.354178203179,1305.9999999999998,0.0,0
56,LWC,25,301.3333333333333,2442.166357197455,1292.8333333333337,0.0,0
56,LWC,26,291.33333333333337,2468.8066407471415,1297.1666666666667,0.0,0
56,LWC,27,299.6666666666667,2522.24762138831,1295.1666666666667,0.0,0
56,LWC,28,313.33333333333337,2423.610140872881,1289.1666666666665,0.0,0
56,LWC,29,322.6666666666667,2487.2717002764875,1280.6666666666665,0.0,0
56,LWC,30,305.33333333333337,2462.829309835894,1290.5000000000002,0.0,0
56,LWC,31,298.0,2436.870271800592,1314.333333333333,0.0,0
56,LWC,32,298.0,2445.354178203179,1305.9999999999998,0.0,0
56,LWC,33,361.0,2548.4926808589416,1278.5000000000002,0.0,0
56,LWC,34,299.6666666666667,2522.24762138831,1295.1666666666667,0.0,0
56,LWC,35,307.6666666666667,2476.3782520720315,1285.1666666666665,0.0,0
56,LWC,36,295.3333333333333,2455.3041337955187,1302.666666666667,0.0,0
56,LWC,37,312.6666666666667,2398.360208435492,1295.8333333333333,0.0,0
56,LWC,38,312.6666666666667,2404.692134361418,1289.4999999999998,0.0,0
56,LWC,39,301.3333333333333,2478.6020082441028,1287.5000000000002,0.0,0
56,LWC,40,301.3333333333333,2458.8329497900477,1292.5000000000002,0.0,0
56,LWC,41,322.6666666666667,2487.2717002764875,1280.6666666666665,0.0,0
56,LWC,42,301.3333333333333,2471.891289071553,1288.0,0.0,0
56,LWC,43,289.0,2491.319898984413,1311.6666666666667,0.0,0
56,LWC,44,322.6666666666667,2488.2574479567625,1280.0000000000002,0.0,0
57,AW-NSGA-II,0,273.33333333333337,2165.80847843748,1239.8333333333333,0.0,0
57,AW-NSGA-II,1,290.0,2185.17229906555,1224.5,0.0,0
57,AW-NSGA-II,2,273.0,2204.977823032348,1227.1666666666667,0.0,0
57,AW-NSGA-II,3,290.0,2212.892340027061,1219.333333333333,0.0,0
57,AW-NSGA-II,4,290.0,2185.17229906555,1224.5,0.0,0
57,AW-NSGA-II,5,273.0,2204.977823032348,1227.1666666666667,0.0,0
57,AW-NSGA-II,6,290.0,2185.17229906555,1224.5,0.0,0
57,AW-NSGA-II,7,273.0,2204.977823032348,1227.1666666666667,0.0,0
57,AW-NSGA-II,8,290.0,2185.17229906555,1224.5,0.0,0
57,AW-NSGA-II,9,273.33333333333337,2165.80847843748,1239.8333333333333,0.0,0
57,AW-NSGA-II,10,322.6666666666667,2148.624563548535,1247.5000000000002,0.0,0
57,AW-NSGA-II,11,273.0,2204.977823032348,1227.1666666666667,0.0,0
57,AW-NSGA-II,12,290.0,2158.330814273292,1248.9999999999998,0.0,0
57,AW-NSGA-II,13,277.6666666666667,2208.2728253827004,1226.5,0.0,0
57,AW-NSGA-II,14,290.0,2185.17229906555,1224.5,0.0,0
57,AW-NSGA-II,15,256.6666666666667,2225.3127797471266,1240.6666666666665,0.0,0
57,AW-NSGA-II,16,273.0,2213.310267476793,1223.1666666666667,0.0,0
57,AW-NSGA-II,17,273.33333333333337,2165.80847843748,1239.8333333333333,0.0,0
57,AW-NSGA-II,18,273.66666666666663,2164.92550152064,1239.8333333333333,0.0,0
57,AW-NSGA-II,19,273.0,2239.7450489121256,1218.6666666666667,0.0,0
57,AW-NSGA-II,20,290.0,2185.17229906555,1224.5,0.0,0
57,AW-NSGA-II,21,273.0,2204.977823032348,1227.1666666666667,0.0,0
57,AW-NSGA-II,22,273.0,2174.478489699015,1230.1666666666667,0.0,1
57,AW-NSGA-II,23,273.0,2213.310267476793,1223.1666666666667,0.0,0
57,AW-NSGA-II,24,299.3333333333333,2160.3378012834487,1242.4999999999998,0.0,0
57,AW-NSGA-II,25,273.33333333333337,2165.80847843748,1239.8333333333333,0.0,0
57,AW-NSGA-II,26,273.0,2239.7450489121256,1218.6666666666667,0.0,0
57,AW-NSGA-II,27,279.0,2156.3386366096993,1254.1666666666667,0.0,0
57,AW-NSGA-II,28,273.33333333333337,2165.80847843748,1239.8333333333333,0.0,0
57,AW-NSGA-II,29,273.33333333333337,2165.80847843748,1239.8333333333333,0.0,0
57,AW-NSGA-II,30,290.0,2212.892340027061,1219.333333333333,0.0,0
57,AW-NSGA-II,31,273.0,2213.310267476793,1223.1666666666667,0.0,0
57,AW-NSGA-II,32,273.0,2204.977823032348,1227.1666666666667,0.0,0
57,AW-NSGA-II,33,290.0,2185.17229906555,1224.5,0.0,0
57,AW-NSGA-II,34,273.33333333333337,2165.80847843748,1239.8333333333333,0.0,0
57,AW-NSGA-II,35,273.0,2213.310267476793,1223.1666666666667,0.0,0
57,AW-NSGA-II,36,273.0,2174.478489699015,1230.1666666666667,0.0,0
57,AW-NSGA-II,37,290.0,2183.173187954439,1228.4999999999998,0.0,0
57,AW-NSGA-II,38,290.0,2168.705936231323,1231.9999999999998,0.0,0
57,AW-NSGA-II,39,273.33333333333337,2165.80847843748,1239.8333333333333,0.0,0
57,AW-NSGA-II,40,290.0,2197.2266363233575,1223.6666666666667,0.0,0
57,AW-NSGA-II,41,273.33333333333337,2162.266582433532,1248.4999999999998,0.0,0
57,AW-NSGA-II,42,311.3333333333333,2149.7358765447534,1263.6666666666665,0.0,0
57,AW-NSGA-II,43,322.6666666666667,2148.051077122511,1255.1666666666667,0.0,0
57,AW-NSGA-II,44,290.0,2162.714785731357,1243.0,0.0,0
57,AW-NSGA-II,45,290.0,2162.9536554837473,1235.3333333333335,0.0,0
57,AW-NSGA-II,46,273.33333333333337,2165.80847843748,1239.8333333333333,0.0,0
57,AW-NSGA-II,47,315.3333333333333,2159.8516262182047,1235.6666666666667,0.0,0
57,NSGA-II-2obj,0,305.3333333333333,2230.522302140004,1293.3333333333333,0.0,0
57,NSGA-II-2obj,1,305.3333333333333,2230.522302140004,1293.3333333333333,0.0,0
57,NSGA-II-2obj,2,299.3333333333333,2233.042906816171,1280.6666666666667,0.0,0
57,NSGA-II-2obj,3,299.3333333333333,2233.042906816171,1280.6666666666667,0.0,0
57,NSGA-II-2obj,4,305.3333333333333,2230.522302140004,1293.3333333333333,0.0,0
57,NSGA-II-2obj,5,294.66666666666663,2248.768992000335,1284.0,0.0,0
57,NSGA-II-2obj,6,283.0,2286.9209343127677,1285.6666666666665,0.0,1
57,NSGA-II-2obj,7,299.3333333333333,2233.042906816171,1280.6666666666667,0.0,0
57,NSGA-II-2obj,8,292.33333333333337,2249.69868853454,1291.1666666666667,0.0,0
57,NSGA-II-3obj,0,301.3333333333333,2247.8148077974165,1231.3333333333335,0.0,0
57,NSGA-II-3obj,1,272.3333333333333,2219.3016450275627,1239.3333333333333,0.0,0
57,NSGA-II-3obj,2,272.3333333333333,2219.3016450275627,1239.3333333333333,0.0,0
57,NSGA-II-3obj,3,275.66666666666663,2322.1343799113783,1231.8333333333333,0.0,0
57,NSGA-II-3obj,4,287.6666666666667,2261.960972601473,1217.6666666666667,0.0,0
57,NSGA-II-3obj,5,287.6666666666667,2261.960972601473,1217.6666666666667,0.0,0
57,NSGA-II-3obj,6,275.66666666666663,2322.1343799113783,1231.8333333333333,0.0,0
57,NSGA-II-3obj,7,287.6666666666667,2261.960972601473,1217.6666666666667,0.0,0
57,NSGA-II-3obj,8,279.0,2198.8516415353806,1243.6666666666665,0.0,0
57,NSGA-II-3obj,9,272.3333333333333,2190.9670814842066,1243.8333333333333,0.0,0
57,NSGA-II-3obj,10,296.0,2185.523156284927,1246.4999999999998,0.0,0
57,NSGA-II-3obj,11,287.6666666666667,2261.960972601473,1217.6666666666667,0.0,0
57,NSGA-II-3obj,12,307.0,2260.3226034167924,1226.3333333333335,0.0,0
57,NSGA-II-3obj,13,289.6666666666667,2176.4682396586004,1247.5,0.0,0
57,NSGA-II-3obj,14,287.66666666666663,2167.398200720239,1254.8333333333335,0.0,0
57,NSGA-II-3obj,15,272.3333333333333,2219.3016450275627,1239.3333333333333,0.0,0
57,NSGA-II-3obj,16,287.6666666666667,2261.960972601473,1217.6666666666667,0.0,0
57,NSGA-II-3obj,17,307.0,2260.3226034167924,1226.3333333333335,0.0,0
57,NSGA-II-3obj,18,275.66666666666663,2322.1343799113783,1231.8333333333333,0.0,0
57,NSGA-II-3obj,19,287.6666666666667,2306.2541896669945,1215.3333333333333,0.0,0
57,NSGA-II-3obj,20,307.0,2248.459834050849,1229.5,0.0,0
57,NSGA-II-3obj,21,287.6666666666667,2261.960972601473,1217.6666666666667,0.0,0
57,NSGA-II-3obj,22,275.66666666666663,2321.801120652119,1232.1666666666667,0.0,0
57,NSGA-II-3obj,23,275.66666666666663,2321.801120652119,1232.1666666666667,0.0,0
57,NSGA-II-3obj,24,275.66666666666663,2321.801120652119,1232.1666666666667,0.0,0
57,NSGA-II-3obj,25,320.0,2288.746300086611,1217.3333333333333,0.0,0
57,NSGA-II-3obj,26,273.0,2201.710592613571,1235.8333333333335,0.0,0
57,NSGA-II-3obj,27,272.3333333333333,2219.3016450275627,1239.3333333333333,0.0,0
57,NSGA-II-3obj,28,267.0,2201.9490973729958,1249.3333333333335,0.0,0
57,NSGA-II-3obj,29,267.0,2201.9490973729958,1249.3333333333335,0.0,0
57,NSGA-II-3obj,30,287.6666666666667,2261.960972601473,1217.6666666666667,0.0,0
57,NSGA-II-3obj,31,275.66666666666663,2325.654355014047,1229.5,0.0,0
57,NSGA-II-3obj,32,273.0,2190.6792232369994,1244.1666666666667,0.0,0
57,NSGA-II-3obj,33,341.3333333333333,2219.1413655829006,1234.3333333333333,0.0,1
57,NSGA-II-3obj,34,272.3333333333333,2219.3016450275627,1239.3333333333333,0.0,0
57,NSGA-II-3obj,35,279.0,2198.8516415353806,1243.6666666666665,0.0,0
57,NSGA-II-3obj,36,312.0,2186.5461852061635,1246.0,0.0,0
57,NSGA-II-3obj,37,275.66666666666663,2321.801120652119,1232.1666666666667,0.0,0
57,NSGA-II-3obj,38,287.6666666666667,2261.960972601473,1217.6666666666667,0.0,0
57,NSGA-II-3obj,39,272.3333333333333,2223.604449139969,1234.0000000000002,0.0,0
57,NSGA-II-3obj,40,272.3333333333333,2219.3016450275627,1239.3333333333333,0.0,0
57,NSGA-II-3obj,41,272.3333333333333,2219.3016450275627,1239.3333333333333,0.0,0
57,NSGA-II-3obj,42,304.0,2201.2728393640964,1241.6666666666667,0.0,0
57,NSGA-II-3obj,43,284.0,2184.023947463061,1254.3333333333333,0.0,0
57,NSGA-II-3obj,44,289.6666666666667,2176.4682396586004,1247.5,0.0,0
57,NSGA-III,0,316.66666666666663,2413.5784654446547,1208.4999999999998,0.0,1
57,NSGA-III,1,268.0,2220.8215548453195,1260.8333333333335,0.0,0
57,NSGA-III,2,288.3333333333333,2289.2813870186196,1231.6666666666665,0.0,0
57,NSGA-III,3,291.3333333333333,2218.7091080832133,1235.8333333333335,0.0,0
57,NSGA-III,4,290.99999999999994,2245.534368889799,1222.8333333333335,0.0,0
57,NSGA-III,5,268.0,2200.193903251285,1261.5000000000002,0.0,0
57,NSGA-III,6,316.66666666666663,2383.891568416847,1209.6666666666667,0.0,0
57,NSGA-III,7,283.33333333333337,2190.0674094689994,1244.6666666666665,0.0,0
57,NSGA-III,8,316.66666666666663,2383.891568416847,1209.6666666666667,0.0,0
57,NSGA-III,9,316.66666666666663,2413.5784654446547,1208.4999999999998,0.0,0
57,NSGA-III,10,277.0,2227.697747957196,1250.6666666666667,0.0,0
57,NSGA-III,11,291.3333333333333,2167.8244745856996,1249.8333333333333,0.0,0
57,NSGA-III,12,286.3333333333333,2228.431749852359,1237.1666666666667,0.0,0
57,NSGA-III,13,268.0,2200.193903251285,1261.5000000000002,0.0,0
57,NSGA-III,14,290.99999999999994,2257.2597643780814,1219.6666666666667,0.0,0
57,NSGA-III,15,267.6666666666667,2262.2871015415753,1246.3333333333333,0.0,0
57,NSGA-III,16,270.0,2287.5254941283465,1239.8333333333333,0.0,0
57,NSGA-III,17,301.99999999999994,2418.723840817106,1213.8333333333333,0.0,0
57,NSGA-III,18,268.0,2200.193903251285,1261.5000000000002,0.0,0
57,NSGA-III,19,270.3333333333333,2147.575921906879,1270.5,0.0,0
57,NSGA-III,20,287.0,2258.96194731118,1234.6666666666665,0.0,0
57,NSGA-III,21,312.33333333333337,2238.7783725982063,1223.3333333333333,0.0,0
57,NSGA-III,22,316.66666666666663,2383.413111611045,1215.0,0.0,0
57,NSGA-III,23,325.33333333333337,2294.2351893014666,1215.5000000000002,0.0,0
57,NSGA-III,24,290.99999999999994,2266.0940861909953,1217.3333333333335,0.0,0
57,NSGA-III,25,297.33333333333337,2348.1826471517015,1217.1666666666667,0.0,0
57,NSGA-III,26,290.99999999999994,2219.425020805653,1224.333333333333,0.0,0
57,NSGA-III,27,288.33333333333337,2225.930641746551,1231.8333333333335,0.0,0
57,NSGA-III,28,291.3333333333333,2169.4357207311573,1241.1666666666667,0.0,0
57,NSGA-III,29,286.3333333333333,2228.431749852359,1237.1666666666667,0.0,0
57,NSGA-III,30,281.66666666666663,2227.788917121414,1240.1666666666665,0.0,0
57,NSGA-III,31,301.99999999999994,2418.723840817106,1213.8333333333333,0.0,0
57,NSGA-III,32,270.0,2255.1427764707655,1241.0,0.0,0
57,NSGA-III,33,272.33333333333337,2235.376955033065,1236.3333333333333,0.0,0
57,NSGA-III,34,316.66666666666663,2413.5784654446547,1208.4999999999998,0.0,0
57,NSGA-III,35,290.99999999999994,2266.0940861909953,1217.3333333333335,0.0,0
57,NSGA-III,36,288.66666666666663,2174.1867624701617,1244.5,0.0,0
57,NSGA-III,37,291.3333333333333,2169.4357207311573,1241.1666666666667,0.0,0
57,NSGA-III,38,268.0,2200.193903251285,1261.5000000000002,0.0,0
57,NSGA-III,39,299.00000000000006,2214.308279763602,1240.9999999999998,0.0,0
57,NSGA-III,40,277.0,2227.697747957196,1250.6666666666667,0.0,0
57,MOEA/D,0,266.33333333333337,2097.8574501709763,1219.6666666666667,0.0,0
57,MOEA/D,1,261.6666666666667,2120.6904131339397,1218.0,0.0,0
57,MOEA/D,2,277.0,2074.4670131708353,1244.3333333333335,0.0,0
57,MOEA/D,4,266.33333333333337,2084.691672393199,1223.6666666666667,0.0,0
57,MOEA/D,5,266.33333333333337,2084.691672393199,1223.6666666666667,0.0,0
57,MOEA/D,6,266.33333333333337,2084.691672393199,1223.6666666666667,0.0,0
57,MOEA/D,7,266.33333333333337,2084.691672393199,1223.6666666666667,0.0,0
57,MOEA/D,8,277.0,2082.6921168376434,1225.6666666666665,0.0,0
57,MOEA/D,9,266.33333333333337,2084.691672393199,1223.6666666666667,0.0,0
57,MOEA/D,10,277.0,2082.6921168376434,1225.6666666666665,0.0,0
57,MOEA/D,13,266.33333333333337,2097.8574501709763,1219.6666666666667,0.0,0
57,MOEA/D,14,266.33333333333337,2084.691672393199,1223.6666666666667,0.0,0
57,MOEA/D,17,261.6666666666667,2091.6913020228285,1221.9999999999998,0.0,1
57,MOEA/D,18,261.6666666666667,2091.6913020228285,1221.9999999999998,0.0,0
57,MOEA/D,19,266.33333333333337,2084.691672393199,1223.6666666666667,0.0,0
57,MOEA/D,20,277.0,2079.2655464889194,1234.3333333333335,0.0,0
57,MOEA/D,21,261.6666666666667,2091.6913020228285,1221.9999999999998,0.0,0
57,MOEA/D,22,277.0,2082.6921168376434,1225.6666666666665,0.0,0
57,MOEA/D,23,266.33333333333337,2084.691672393199,1223.6666666666667,0.0,0
57,MOEA/D,25,266.33333333333337,2097.8574501709763,1219.6666666666667,0.0,0
57,MOEA/D,26,277.0,2082.6921168376434,1225.6666666666665,0.0,0
57,MOEA/D,28,266.33333333333337,2084.691672393199,1223.6666666666667,0.0,0
57,MOEA/D,29,266.33333333333337,2084.691672393199,1223.6666666666667,0.0,0
57,MOEA/D,30,277.0,2079.2655464889194,1234.3333333333335,0.0,0
57,MOEA/D,31,277.0,2082.6921168376434,1225.6666666666665,0.0,0
57,MOEA/D,32,266.33333333333337,2084.691672393199,1223.6666666666667,0.0,0
57,MOEA/D,33,266.33333333333337,2084.691672393199,1223.6666666666667,0.0,0
57,MOEA/D,34,277.0,2079.2655464889194,1234.3333333333335,0.0,0
57,MOEA/D,35,277.0,2079.2655464889194,1234.3333333333335,0.0,0
57,MOEA/D,36,277.0,2079.2655464889194,1234.3333333333335,0.0,0
57,MOEA/D,38,266.33333333333337,2084.691672393199,1223.6666666666667,0.0,0
57,MOEA/D,39,261.6666666666667,2116.8571168376434,1218.166666666667,0.0,0
57,MOEA/D,40,277.0,2082.6921168376434,1225.6666666666665,0.0,0
57,MOEA/D,41,277.0,2079.2655464889194,1234.3333333333335,0.0,0
57,MOEA/D,42,266.33333333333337,2084.691672393199,1223.6666666666667,0.0,0
57,MOEA/D,43,277.0,2079.2655464889194,1234.3333333333335,0.0,0
57,MOEA/D,44,277.0,2074.4670131708353,1244.3333333333335,0.0,0
57,MOEA/D,46,266.33333333333337,2084.691672393199,1223.6666666666667,0.0,0
57,MOEA/D,47,277.0,2079.2655464889194,1234.3333333333335,0.0,0
57,MOEA/D,48,266.33333333333337,2097.8574501709763,1219.6666666666667,0.0,0
57,MOEA/D,50,266.33333333333337,2084.691672393199,1223.6666666666667,0.0,0
57,MOEA/D,51,266.33333333333337,2084.691672393199,1223.6666666666667,0.0,0
57,MOEA/D,52,266.33333333333337,2084.691672393199,1223.6666666666667,0.0,0
57,MOEA/D,53,266.33333333333337,2084.691672393199,1223.6666666666667,0.0,0
57,MOEA/D,54,266.33333333333337,2084.691672393199,1223.6666666666667,0.0,0
57,MOEA/D,55,266.33333333333337,2097.8574501709763,1219.6666666666667,0.0,0
57,MOEA/D,56,261.6666666666667,2116.8571168376434,1218.166666666667,0.0,0
57,MOEA/D,57,261.6666666666667,2091.6913020228285,1221.9999999999998,0.0,0
57,MOEA/D,58,261.6666666666667,2091.6913020228285,1221.9999999999998,0.0,0
57,MOEA/D,59,266.33333333333337,2084.691672393199,1223.6666666666667,0.0,0
57,MOEA/D,60,277.0,2079.2655464889194,1234.3333333333335,0.0,0
57,MOEA/D,61,277.0,2079.2655464889194,1234.3333333333335,0.0,0
57,MOEA/D,62,261.6666666666667,2091.6913020228285,1221.9999999999998,0.0,0
57,MOEA/D,63,261.6666666666667,2116.8571168376434,1218.166666666667,0.0,0
57,MOEA/D,65,277.0,2079.2655464889194,1234.3333333333335,0.0,0
57,MOEA/D,66,277.0,2082.6921168376434,1225.6666666666665,0.0,0
57,MOEA/D,67,266.33333333333337,2084.691672393199,1223.6666666666667,0.0,0
57,MOEA/D,68,266.33333333333337,2084.691672393199,1223.6666666666667,0.0,0
57,MOEA/D,69,266.33333333333337,2084.691672393199,1223.6666666666667,0.0,0
57,MOEA/D,70,277.0,2079.2655464889194,1234.3333333333335,0.0,0
57,MOEA/D,71,261.6666666666667,2120.6904131339397,1218.0,0.0,0
57,MOEA/D,72,266.33333333333337,2097.8574501709763,1219.6666666666667,0.0,0
57,MOEA/D,73,261.6666666666667,2116.8571168376434,1218.166666666667,0.0,0
57,MOEA/D,74,266.33333333333337,2084.691672393199,1223.6666666666667,0.0,0
57,MOEA/D,75,277.0,2074.4670131708353,1244.3333333333335,0.0,0
57,MOEA/D,76,261.6666666666667,2091.6913020228285,1221.9999999999998,0.0,0
57,MOEA/D,77,261.6666666666667,2116.8571168376434,1218.166666666667,0.0,0
57,MOEA/D,78,277.0,2079.2655464889194,1234.3333333333335,0.0,0
57,MOEA/D,79,266.33333333333337,2084.691672393199,1223.6666666666667,0.0,0
57,MOEA/D,80,277.0,2095.8578946154207,1221.6666666666667,0.0,0
57,MOEA/D,81,261.6666666666667,2091.6913020228285,1221.9999999999998,0.0,0
57,MOEA/D,82,277.0,2082.6921168376434,1225.6666666666665,0.0,0
57,MOEA/D,83,277.0,2092.024598319125,1221.8333333333335,0.0,0
57,MOEA/D,84,266.33333333333337,2084.691672393199,1223.6666666666667,0.0,0
57,MOEA/D,85,277.0,2079.2655464889194,1234.3333333333335,0.0,0
57,MOEA/D,86,277.0,2079.2655464889194,1234.3333333333335,0.0,0
57,MOEA/D,87,261.6666666666667,2091.6913020228285,1221.9999999999998,0.0,0
57,MOEA/D,88,266.33333333333337,2097.8574501709763,1219.6666666666667,0.0,0
57,MOEA/D,89,277.0,2082.6921168376434,1225.6666666666665,0.0,0
57,MOEA/D,90,277.0,2082.6921168376434,1225.6666666666665,0.0,0
57,MOEA/D,91,271.0,2083.0273390598654,1234.1666666666665,0.0,0
57,MOEA/D,92,277.0,2082.6921168376434,1225.6666666666665,0.0,0
57,MOEA/D,93,266.33333333333337,2084.691672393199,1223.6666666666667,0.0,0
57,MOEA/D,94,266.33333333333337,2084.691672393199,1223.6666666666667,0.0,0
57,MOEA/D,95,266.33333333333337,2084.691672393199,1223.6666666666667,0.0,0
57,MOEA/D,96,271.0,2083.0273390598654,1234.1666666666665,0.0,0
57,MOEA/D,97,266.33333333333337,2084.691672393199,1223.6666666666667,0.0,0
57,MOEA/D,98,266.33333333333337,2084.691672393199,1223.6666666666667,0.0,0
57,GA-SA,0,267.0,2131.9747671586574,1207.0,0.0,1
57,A*-GA,0,282.0,2274.446990517649,1302.5,0.0,1
57,A*-GA,1,282.0,2259.8719787360915,1288.5,0.0,0
57,A*-GA,2,282.0,2256.287885639751,1285.6666666666667,0.0,0
57,A*-GA,3,282.0,2246.9544780884157,1285.5,0.0,0
57,A*-GA,4,282.0,2238.9562558661933,1293.5,0.0,0
57,A*-GA,5,282.0,2256.287885639751,1285.6666666666667,0.0,0
57,A*-GA,6,282.0,2218.0422463901455,1280.3333333333333,0.0,0
57,A*-GA,7,282.0,2218.0422463901455,1280.3333333333333,0.0,0
57,LWC,0,269.99999999999994,2247.59431172533,1243.1666666666667,0.0,0
57,LWC,1,308.66666666666663,2304.0042691882027,1216.0,0.0,0
57,LWC,2,325.66666666666663,2341.1320934180144,1211.8333333333335,0.0,0
57,LWC,3,300.3333333333333,2198.9158796326137,1223.6666666666667,0.0,0
57,LWC,4,310.66666666666663,2237.9711637315113,1216.6666666666665,0.0,0
57,LWC,5,310.66666666666663,2237.9711637315113,1216.6666666666665,0.0,0
57,LWC,6,276.0,2188.664883134655,1234.1666666666667,0.0,0
57,LWC,7,271.6666666666667,2248.6192114141986,1232.1666666666665,0.0,0
57,LWC,8,310.66666666666663,2237.9711637315113,1216.6666666666665,0.0,0
57,LWC,9,274.33333333333337,2222.5813522472363,1233.8333333333335,0.0,0
57,LWC,10,325.66666666666663,2341.1320934180144,1211.8333333333335,0.0,0
57,LWC,11,276.0,2186.9985868383587,1235.8333333333333,0.0,0
57,LWC,12,275.0,2215.7205402411028,1235.1666666666667,0.0,0
57,LWC,13,292.66666666666663,2151.3726826693623,1231.1666666666667,0.0,0
57,LWC,14,286.3333333333333,2151.8979478148262,1235.0,0.0,0
57,LWC,15,276.0,2193.1720796601794,1229.3333333333333,0.0,0
57,LWC,16,275.0,2215.7205402411028,1235.1666666666667,0.0,0
57,LWC,17,279.0,2201.1888803930224,1227.1666666666667,0.0,0
57,LWC,18,347.33333333333337,2501.5917892026287,1207.8333333333335,0.0,0
57,LWC,19,269.3333333333333,2249.068015952743,1231.8333333333333,0.0,0
57,LWC,20,275.0,2215.7205402411028,1235.1666666666667,0.0,0
57,LWC,21,297.3333333333333,2220.8123551959106,1224.3333333333335,0.0,0
57,LWC,22,304.0,2306.5470195725798,1214.3333333333333,0.0,0
57,LWC,23,269.99999999999994,2247.59431172533,1243.1666666666667,0.0,0
57,LWC,24,283.0,2238.498511607,1218.8333333333333,0.0,1
57,LWC,25,276.0,2193.1720796601794,1229.3333333333333,0.0,0
57,LWC,26,283.0,2153.2888493375285,1231.666666666667,0.0,0
57,LWC,27,297.3333333333333,2220.8123551959106,1224.3333333333335,0.0,0
57,LWC,28,283.0,2238.498511607,1218.8333333333333,0.0,0
57,LWC,29,279.0,2201.1888803930224,1227.1666666666667,0.0,0
57,LWC,30,276.0,2193.1720796601794,1229.3333333333333,0.0,0
57,LWC,31,283.0,2193.7507699197936,1227.0000000000002,0.0,0
57,LWC,32,283.0,2183.751510660534,1230.3333333333335,0.0,0
57,LWC,33,275.66666666666663,2206.386740329849,1227.9999999999998,0.0,0
57,LWC,34,311.6666666666667,2216.5624790853913,1218.3333333333335,0.0,0
57,LWC,35,283.0,2183.751510660534,1230.3333333333335,0.0,0
57,LWC,36,271.6666666666667,2265.053689982717,1221.1666666666665,0.0,0
57,LWC,37,279.0,2230.311642956482,1224.8333333333335,0.0,0
57,LWC,38,283.0,2150.9566271153058,1236.6666666666667,0.0,0
57,LWC,39,279.0,2230.311642956482,1224.8333333333335,0.0,0
58,AW-NSGA-II,0,304.33333333333337,2629.5616678523515,1445.1666666666665,0.0,0
58,AW-NSGA-II,1,304.33333333333337,2638.559964148648,1437.5,0.0,0
58,AW-NSGA-II,2,331.3333333333333,2517.842708017916,1405.8333333333333,0.0,0
58,AW-NSGA-II,3,331.3333333333333,2517.842708017916,1405.8333333333333,0.0,0
58,AW-NSGA-II,4,303.3333333333333,2671.5598900745736,1437.1666666666665,0.0,1
58,AW-NSGA-II,5,306.6666666666667,2649.7839959410385,1406.3333333333335,0.0,0
58,AW-NSGA-II,6,331.3333333333333,2517.842708017916,1405.8333333333333,0.0,0
58,AW-NSGA-II,7,326.0,2543.5015395280775,1400.3333333333335,0.0,0
58,AW-NSGA-II,8,318.6666666666667,2469.912524265107,1419.8333333333335,0.0,0
58,AW-NSGA-II,9,304.33333333333337,2629.5616678523515,1445.1666666666665,0.0,0
58,AW-NSGA-II,10,311.6666666666667,2567.507569839596,1402.666666666667,0.0,0
58,AW-NSGA-II,11,323.3333333333333,2551.581464836948,1405.3333333333337,0.0,0
58,AW-NSGA-II,12,310.66666666666663,2552.3409402099664,1402.8333333333335,0.0,0
58,AW-NSGA-II,13,331.3333333333333,2517.842708017916,1405.8333333333333,0.0,0
58,AW-NSGA-II,14,309.3333333333333,2492.363785819206,1413.8333333333333,0.0,0
58,AW-NSGA-II,15,309.33333333333337,2578.321791959195,1402.5000000000002,0.0,0
58,AW-NSGA-II,16,311.6666666666667,2567.507569839596,1402.666666666667,0.0,0
58,AW-NSGA-II,17,313.66666666666663,2476.5785983391806,1417.1666666666667,0.0,0
58,AW-NSGA-II,18,305.3333333333333,2656.594301080375,1436.1666666666667,0.0,0
58,AW-NSGA-II,19,323.3333333333333,2551.581464836948,1405.3333333333337,0.0,0
58,AW-NSGA-II,20,306.0,2500.0453903869275,1411.8333333333333,0.0,0
58,AW-NSGA-II,21,331.3333333333333,2517.0887528295348,1407.166666666667,0.0,0
58,AW-NSGA-II,22,309.3333333333333,2511.576561302144,1408.0000000000002,0.0,0
58,AW-NSGA-II,23,305.6666666666667,2527.4095613021436,1406.5000000000002,0.0,0
58,AW-NSGA-II,24,313.66666666666663,2483.690875967984,1416.8333333333335,0.0,0
58,AW-NSGA-II,25,331.3333333333333,2517.842708017916,1405.8333333333333,0.0,0
58,AW-NSGA-II,26,305.6666666666667,2480.525258121196,1418.1666666666667,0.0,0
58,AW-NSGA-II,27,305.6666666666667,2480.525258121196,1418.1666666666667,0.0,0
58,AW-NSGA-II,28,322.0,2600.001206194744,1398.8333333333335,0.0,0
58,AW-NSGA-II,29,305.66666666666663,2502.527924787863,1430.1666666666665,0.0,0
58,AW-NSGA-II,30,331.3333333333333,2517.842708017916,1405.8333333333333,0.0,0
58,AW-NSGA-II,31,319.6666666666667,2551.673680950707,1400.1666666666667,0.0,0
58,AW-NSGA-II,32,316.3333333333333,2478.948652809546,1411.666666666667,0.0,0
58,AW-NSGA-II,33,310.66666666666663,2441.7147977943355,1424.1666666666667,0.0,0
58,NSGA-II-2obj,0,316.33333333333337,2501.8630176416036,1459.833333333333,0.0,1
58,NSGA-II-2obj,1,332.6666666666667,2494.5075950316295,1463.6666666666665,0.0,0
58,NSGA-II-2obj,2,316.33333333333337,2501.8630176416036,1459.833333333333,0.0,0
58,NSGA-II-2obj,3,308.6666666666667,2557.5652807214055,1452.0,0.0,0
58,NSGA-II-2obj,4,332.6666666666667,2494.5075950316295,1463.6666666666665,0.0,0
58,NSGA-II-2obj,5,335.0,2400.221839588916,1458.8333333333335,0.0,0
58,NSGA-II-3obj,0,311.3333333333333,2425.34387641852,1432.833333333333,0.0,0
58,NSGA-II-3obj,1,303.3333333333333,2492.018485921041,1425.3333333333333,0.0,0
58,NSGA-II-3obj,2,311.3333333333333,2429.8437282703717,1432.1666666666665,0.0,0
58,NSGA-II-3obj,3,303.3333333333333,2505.348856291411,1412.0,0.0,0
58,NSGA-II-3obj,4,303.3333333333333,2499.7016423880436,1415.8333333333333,0.0,0
58,NSGA-II-3obj,5,316.6666666666667,2426.1648255441164,1401.8333333333333,0.0,0
58,NSGA-II-3obj,6,303.3333333333333,2499.7016423880436,1415.8333333333333,0.0,0
58,NSGA-II-3obj,7,334.33333333333337,2422.8949042167615,1426.8333333333333,0.0,0
58,NSGA-II-3obj,8,303.3333333333333,2497.3786453104667,1422.1666666666665,0.0,0
58,NSGA-II-3obj,9,303.3333333333333,2497.3786453104667,1422.1666666666665,0.0,0
58,NSGA-II-3obj,10,316.6666666666667,2426.1648255441164,1401.8333333333333,0.0,0
58,NSGA-II-3obj,11,308.0,2446.489507165603,1407.8333333333337,0.0,0
58,NSGA-II-3obj,12,303.3333333333333,2492.018485921041,1425.3333333333333,0.0,0
58,NSGA-II-3obj,13,311.3333333333333,2433.3420986407423,1424.8333333333333,0.0,0
58,NSGA-II-3obj,14,330.6666666666667,2494.9831344083786,1389.1666666666667,0.0,0
58,NSGA-II-3obj,15,304.66666666666663,2463.10969704797,1394.8333333333333,0.0,0
58,NSGA-II-3obj,16,304.66666666666663,2461.0346079219626,1400.8333333333333,0.0,0
58,NSGA-II-3obj,17,311.3333333333333,2429.8437282703717,1432.1666666666665,0.0,0
58,NSGA-II-3obj,18,310.6666666666667,2436.662397096075,1422.6666666666665,0.0,0
58,NSGA-II-3obj,19,312.3333333333333,2454.81698626023,1391.5000000000002,0.0,0
58,NSGA-II-3obj,20,303.3333333333333,2505.348856291411,1412.0,0.0,0
58,NSGA-II-3obj,21,297.3333333333333,2607.3523748099296,1427.8333333333335,0.0,1
58,NSGA-II-3obj,22,303.3333333333333,2489.352411846967,1428.0,0.0,0
58,NSGA-II-3obj,23,303.3333333333333,2505.348856291411,1412.0,0.0,0
58,NSGA-III,0,324.0,2576.883176399709,1406.5,0.0,0
58,NSGA-III,1,324.0,2576.883176399709,1406.5,0.0,0
58,NSGA-III,2,326.33333333333337,2486.748792650364,1421.833333333333,0.0,0
58,NSGA-III,3,307.6666666666667,2683.4348361141224,1456.3333333333335,0.0,0
58,NSGA-III,4,333.3333333333333,2424.3544880297536,1414.3333333333335,0.0,0
58,NSGA-III,5,307.6666666666667,2683.4348361141224,1456.3333333333335,0.0,0
58,NSGA-III,6,324.0,2576.883176399709,1406.5,0.0,0
58,NSGA-III,7,333.3333333333333,2424.3544880297536,1414.3333333333335,0.0,1
58,NSGA-III,8,324.0,2584.2162134367463,1405.1666666666665,0.0,0
58,NSGA-III,9,321.33333333333337,2553.0503615848943,1408.8333333333335,0.0,0
58,NSGA-III,10,307.0,2684.0289130669116,1455.0,0.0,0
58,NSGA-III,11,324.0,2576.883176399709,1406.5,0.0,0
58,NSGA-III,12,307.0,2684.0289130669116,1455.0,0.0,0
58,NSGA-III,13,333.3333333333333,2424.3544880297536,1414.3333333333335,0.0,0
58,NSGA-III,14,348.0,2421.620734591413,1408.3333333333335,0.0,0
58,NSGA-III,15,324.0,2496.213118379062,1422.0000000000002,0.0,0
58,NSGA-III,16,324.0,2584.2162134367463,1405.1666666666665,0.0,0
58,NSGA-III,17,308.0,2675.1012264737537,1453.3333333333333,0.0,0
58,NSGA-III,18,348.0,2419.550827940561,1419.8333333333335,0.0,0
58,NSGA-III,19,308.0,2744.2665968441243,1447.5000000000002,0.0,0
58,NSGA-III,20,390.33333333333337,2614.716065288598,1404.5000000000002,0.0,0
58,NSGA-III,21,324.0,2496.213118379062,1422.0000000000002,0.0,0
58,NSGA-III,22,326.33333333333337,2443.8887171528518,1422.1666666666667,0.0,0
58,NSGA-III,23,313.0,2484.2168672759226,1441.6666666666665,0.0,0
58,NSGA-III,24,324.0,2584.2162134367463,1405.1666666666665,0.0,0
58,NSGA-III,25,324.0,2584.2162134367463,1405.1666666666665,0.0,0
58,NSGA-III,26,321.33333333333337,2598.550065288598,1407.4999999999998,0.0,0
58,NSGA-III,27,333.3333333333333,2351.237994903319,1423.166666666667,0.0,0
58,NSGA-III,28,324.0,2584.2162134367463,1405.1666666666665,0.0,0
58,NSGA-III,29,311.6666666666667,2505.322773648846,1421.5000000000002,0.0,0
58,NSGA-III,30,358.33333333333337,2344.405772681097,1428.1666666666667,0.0,0
58,NSGA-III,31,321.6666666666667,2490.002601443549,1425.166666666667,0.0,0
58,NSGA-III,32,324.0,2576.883176399709,1406.5,0.0,0
58,NSGA-III,33,324.0,2584.2162134367463,1405.1666666666665,0.0,0
58,NSGA-III,34,324.0,2576.883176399709,1406.5,0.0,0
58,NSGA-III,35,379.3333333333333,2330.407809718134,1437.3333333333335,0.0,0
58,NSGA-III,36,376.0,2650.2152504737833,1400.8333333333333,0.0,0
58,NSGA-III,37,307.6666666666667,2707.433873151159,1452.0000000000002,0.0,0
58,MOEA/D,0,286.00000000000006,2315.282369069322,1386.8333333333335,0.0,0
58,MOEA/D,1,286.00000000000006,2315.282369069322,1386.8333333333335,0.0,0
58,MOEA/D,2,296.33333333333337,2299.6196283285817,1404.5000000000002,0.0,0
58,MOEA/D,3,296.33333333333337,2299.6196283285817,1404.5000000000002,0.0,0
58,MOEA/D,4,286.00000000000006,2305.1186283285815,1400.0000000000002,0.0,0
58,MOEA/D,5,286.00000000000006,2301.2854801804338,1400.8333333333335,0.0,0
58,MOEA/D,6,286.00000000000006,2301.2854801804338,1400.8333333333335,0.0,0
58,MOEA/D,8,286.00000000000006,2306.950443143396,1393.1666666666667,0.0,1
58,MOEA/D,9,286.00000000000006,2315.282369069322,1386.8333333333335,0.0,0
58,MOEA/D,11,283.6666666666667,2308.8300316331515,1398.5000000000002,0.0,0
58,MOEA/D,12,289.6666666666667,2298.303208686635,1410.5,0.0,0
58,MOEA/D,13,286.00000000000006,2315.282369069322,1386.8333333333335,0.0,0
58,MOEA/D,14,286.00000000000006,2315.282369069322,1386.8333333333335,0.0,0
58,MOEA/D,15,289.6666666666667,2298.303208686635,1410.5,0.0,0
58,MOEA/D,16,296.33333333333337,2296.637356834783,1414.1666666666667,0.0,0
58,MOEA/D,17,286.00000000000006,2305.1186283285815,1400.0000000000002,0.0,0
58,MOEA/D,18,286.00000000000006,2315.282369069322,1386.8333333333335,0.0,0
58,MOEA/D,19,286.00000000000006,2306.950443143396,1393.1666666666667,0.0,0
58,MOEA/D,20,286.00000000000006,2301.2854801804338,1400.8333333333335,0.0,0
58,MOEA/D,22,286.00000000000006,2306.950443143396,1393.1666666666667,0.0,0
58,MOEA/D,23,286.00000000000006,2306.950443143396,1393.1666666666667,0.0,0
58,MOEA/D,24,283.6666666666667,2308.8300316331515,1398.5000000000002,0.0,0
58,MOEA/D,25,286.00000000000006,2315.282369069322,1386.8333333333335,0.0,0
58,MOEA/D,26,286.00000000000006,2306.950443143396,1393.1666666666667,0.0,0
58,MOEA/D,27,296.33333333333337,2296.637356834783,1414.1666666666667,0.0,0
58,MOEA/D,28,286.00000000000006,2305.1186283285815,1400.0000000000002,0.0,0
58,MOEA/D,29,286.00000000000006,2315.282369069322,1386.8333333333335,0.0,0
58,MOEA/D,30,286.00000000000006,2301.2854801804338,1400.8333333333335,0.0,0
58,MOEA/D,31,286.00000000000006,2306.950443143396,1393.1666666666667,0.0,0
58,MOEA/D,32,286.00000000000006,2315.282369069322,1386.8333333333335,0.0,0
58,MOEA/D,33,286.00000000000006,2306.950443143396,1393.1666666666667,0.0,0
58,MOEA/D,34,286.00000000000006,2301.2854801804338,1400.8333333333335,0.0,0
58,MOEA/D,35,286.00000000000006,2301.2854801804338,1400.8333333333335,0.0,0
58,MOEA/D,36,286.00000000000006,2305.1186283285815,1400.0000000000002,0.0,0
58,MOEA/D,37,289.6666666666667,2298.303208686635,1410.5,0.0,0
58,MOEA/D,38,286.00000000000006,2305.1186283285815,1400.0000000000002,0.0,0
58,MOEA/D,39,287.6666666666667,2336.448739439693,1385.5,0.0,0
58,MOEA/D,40,286.00000000000006,2306.950443143396,1393.1666666666667,0.0,0
58,MOEA/D,41,289.6666666666667,2298.303208686635,1410.5,0.0,0
58,MOEA/D,42,286.00000000000006,2306.950443143396,1393.1666666666667,0.0,0
58,MOEA/D,43,286.00000000000006,2305.1186283285815,1400.0000000000002,0.0,0
58,MOEA/D,44,296.33333333333337,2299.6196283285817,1404.5000000000002,0.0,0
58,MOEA/D,45,289.6666666666667,2298.303208686635,1410.5,0.0,0
58,MOEA/D,46,286.00000000000006,2315.282369069322,1386.8333333333335,0.0,0
58,MOEA/D,47,286.00000000000006,2301.2854801804338,1400.8333333333335,0.0,0
58,MOEA/D,48,287.6666666666667,2336.448739439693,1385.5,0.0,0
58,MOEA/D,49,296.33333333333337,2299.6196283285817,1404.5000000000002,0.0,0
58,MOEA/D,50,286.00000000000006,2301.2854801804338,1400.8333333333335,0.0,0
58,MOEA/D,51,286.00000000000006,2315.282369069322,1386.8333333333335,0.0,0
58,MOEA/D,52,286.00000000000006,2306.950443143396,1393.1666666666667,0.0,0
58,MOEA/D,53,286.00000000000006,2306.950443143396,1393.1666666666667,0.0,0
58,MOEA/D,54,286.00000000000006,2315.282369069322,1386.8333333333335,0.0,0
58,MOEA/D,55,286.00000000000006,2315.282369069322,1386.8333333333335,0.0,0
58,MOEA/D,56,286.00000000000006,2315.282369069322,1386.8333333333335,0.0,0
58,MOEA/D,58,286.00000000000006,2315.282369069322,1386.8333333333335,0.0,0
58,MOEA/D,60,286.00000000000006,2301.2854801804338,1400.8333333333335,0.0,0
58,MOEA/D,61,286.00000000000006,2301.2854801804338,1400.8333333333335,0.0,0
58,MOEA/D,62,286.00000000000006,2315.282369069322,1386.8333333333335,0.0,0
58,MOEA/D,64,296.33333333333337,2296.637356834783,1414.1666666666667,0.0,0
58,MOEA/D,65,286.00000000000006,2301.2854801804338,1400.8333333333335,0.0,0
58,MOEA/D,66,286.00000000000006,2306.950443143396,1393.1666666666667,0.0,0
58,MOEA/D,67,286.00000000000006,2315.282369069322,1386.8333333333335,0.0,0
58,MOEA/D,68,286.00000000000006,2315.282369069322,1386.8333333333335,0.0,0
58,MOEA/D,69,286.00000000000006,2315.282369069322,1386.8333333333335,0.0,0
58,MOEA/D,70,286.00000000000006,2301.2854801804338,1400.8333333333335,0.0,0
58,MOEA/D,71,287.6666666666667,2336.448739439693,1385.5,0.0,0
58,MOEA/D,72,307.33333333333337,2335.782220921174,1386.1666666666667,0.0,0
58,MOEA/D,73,318.6666666666667,2346.39197294677,1384.5,0.0,0
58,MOEA/D,74,286.00000000000006,2315.282369069322,1386.8333333333335,0.0,0
58,MOEA/D,75,296.33333333333337,2296.637356834783,1414.1666666666667,0.0,0
58,MOEA/D,76,286.00000000000006,2315.282369069322,1386.8333333333335,0.0,0
58,MOEA/D,77,286.00000000000006,2315.282369069322,1386.8333333333335,0.0,0
58,MOEA/D,78,286.00000000000006,2305.1186283285815,1400.0000000000002,0.0,0
58,MOEA/D,79,286.00000000000006,2315.282369069322,1386.8333333333335,0.0,0
58,MOEA/D,80,286.00000000000006,2315.282369069322,1386.8333333333335,0.0,0
58,MOEA/D,83,286.00000000000006,2315.282369069322,1386.8333333333335,0.0,0
58,MOEA/D,84,286.00000000000006,2306.950443143396,1393.1666666666667,0.0,0
58,MOEA/D,85,286.00000000000006,2305.1186283285815,1400.0000000000002,0.0,0
58,MOEA/D,86,286.00000000000006,2305.1186283285815,1400.0000000000002,0.0,0
58,MOEA/D,87,286.00000000000006,2315.282369069322,1386.8333333333335,0.0,0
58,MOEA/D,88,286.00000000000006,2315.282369069322,1386.8333333333335,0.0,0
58,MOEA/D,90,286.00000000000006,2306.950443143396,1393.1666666666667,0.0,0
58,MOEA/D,91,286.00000000000006,2305.1186283285815,1400.0000000000002,0.0,0
58,MOEA/D,93,286.00000000000006,2306.950443143396,1393.1666666666667,0.0,0
58,MOEA/D,94,286.00000000000006,2315.282369069322,1386.8333333333335,0.0,0
58,MOEA/D,95,286.00000000000006,2305.1186283285815,1400.0000000000002,0.0,0
58,MOEA/D,96,286.00000000000006,2301.2854801804338,1400.8333333333335,0.0,0
58,MOEA/D,97,286.00000000000006,2315.282369069322,1386.8333333333335,0.0,0
58,MOEA/D,98,286.00000000000006,2306.950443143396,1393.1666666666667,0.0,0
58,MOEA/D,99,283.6666666666667,2309.49655015167,1397.8333333333335,0.0,0
58,GA-SA,0,295.3333333333333,2483.244360627938,1364.6666666666665,0.0,1
58,A*-GA,0,315.0,2505.9720656971313,1463.0000000000002,0.0,1
58,A*-GA,1,315.0,2505.9720656971313,1463.0000000000002,0.0,0
58,A*-GA,2,315.0,2507.1022836349944,1466.5000000000002,0.0,0
58,A*-GA,3,315.0,2438.213001010407,1459.1666666666667,0.0,0
58,A*-GA,4,315.0,2561.4360614127722,1468.5000000000002,0.0,0
58,A*-GA,5,315.0,2503.6243358745974,1462.5000000000002,0.0,0
58,A*-GA,6,315.0,2438.213001010407,1459.1666666666667,0.0,0
58,A*-GA,7,315.0,2447.4907554228566,1453.5,0.0,0
58,A*-GA,8,315.0,2444.53347431259,1468.8333333333335,0.0,0
58,LWC,0,317.0,2430.958750701855,1415.3333333333335,0.0,0
58,LWC,1,328.33333333333337,2537.454819600134,1411.5,0.0,0
58,LWC,2,307.0,2519.763609898452,1413.1666666666667,0.0,0
58,LWC,3,359.0,2584.102171127677,1406.1666666666667,0.0,0
58,LWC,4,345.33333333333337,2413.51634479079,1437.6666666666665,0.0,0
58,LWC,5,327.3333333333333,2587.169976507204,1407.0,0.0,0
58,LWC,6,353.0,2662.837003815887,1403.1666666666665,0.0,0
58,LWC,7,345.33333333333337,2413.51634479079,1437.6666666666665,0.0,0
58,LWC,8,302.33333333333337,2521.5631014492865,1429.0,0.0,0
58,LWC,9,327.3333333333333,2587.169976507204,1407.0,0.0,0
58,LWC,10,309.66666666666663,2474.3162011526483,1412.8333333333333,0.0,0
58,LWC,11,420.99999999999994,2699.6875782142697,1399.1666666666667,0.0,1
58,LWC,12,344.3333333333333,2539.455470917669,1408.5,0.0,0
58,LWC,13,327.3333333333333,2587.169976507204,1407.0,0.0,0
58,LWC,14,344.3333333333333,2524.528910009259,1410.8333333333335,0.0,0
58,LWC,15,415.3333333333333,2696.3542819179734,1399.3333333333333,0.0,0
58,LWC,16,344.3333333333333,2539.455470917669,1408.5,0.0,0
58,LWC,17,344.3333333333333,2575.788359806558,1406.5,0.0,0
58,LWC,18,305.6666666666667,2528.792515894683,1413.0,0.0,0
58,LWC,19,311.6666666666667,2454.105702163491,1423.6666666666665,0.0,0
58,LWC,20,352.0,2495.8507603065977,1412.5000000000002,0.0,0
58,LWC,21,301.6666666666667,2504.715132393448,1431.3333333333333,0.0,0
58,LWC,22,327.3333333333333,2663.695078682334,1400.6666666666667,0.0,0
58,LWC,23,322.3333333333333,2428.551374738791,1464.3333333333333,0.0,0
58,LWC,24,296.33333333333337,2532.5181918063763,1417.3333333333333,0.0,0
58,LWC,25,305.0,2483.1687179711507,1426.5,0.0,0
58,LWC,26,305.6666666666667,2506.0698087675382,1420.0,0.0,0
58,LWC,27,309.0,2476.8241679799407,1412.8333333333333,0.0,0
58,LWC,28,305.6666666666667,2544.09813571472,1407.4999999999998,0.0,0
59,AW-NSGA-II,0,310.33333333333337,2330.1681402752183,1315.8333333333335,0.0,0
59,AW-NSGA-II,1,314.0,2372.9130809898575,1302.5,0.0,0
59,AW-NSGA-II,2,310.33333333333337,2395.8729270625413,1303.666666666667,0.0,0
59,AW-NSGA-II,3,310.33333333333337,2298.3822995448204,1320.1666666666667,0.0,0
59,AW-NSGA-II,4,309.0,2295.7457502554203,1320.6666666666667,0.0,0
59,AW-NSGA-II,5,325.33333333333326,2290.841713367696,1320.1666666666665,0.0,0
59,AW-NSGA-II,6,284.3333333333333,2411.5040081737543,1308.6666666666665,0.0,0
59,AW-NSGA-II,7,310.33333333333337,2298.3822995448204,1320.1666666666667,0.0,0
59,AW-NSGA-II,8,288.6666666666667,2400.0461545289445,1317.5,0.0,0
59,AW-NSGA-II,9,310.33333333333337,2275.0492995448208,1321.6666666666667,0.0,0
59,AW-NSGA-II,10,309.0,2295.7457502554203,1320.6666666666667,0.0,0
59,AW-NSGA-II,11,285.33333333333337,2407.704216745745,1330.8333333333333,0.0,0
59,AW-NSGA-II,12,291.00000000000006,2341.896271557917,1311.8333333333335,0.0,1
59,AW-NSGA-II,13,314.0,2339.0810441995022,1309.3333333333335,0.0,0
59,AW-NSGA-II,14,325.33333333333326,2290.841713367696,1320.1666666666665,0.0,0
59,AW-NSGA-II,15,288.6666666666667,2352.0130301360173,1317.8333333333333,0.0,0
59,AW-NSGA-II,16,309.0,2283.7740084191173,1321.1666666666667,0.0,0
59,AW-NSGA-II,17,297.6666666666667,2285.9875890312182,1324.5,0.0,0
59,AW-NSGA-II,18,305.6666666666667,2379.413488397265,1304.3333333333335,0.0,0
59,AW-NSGA-II,19,304.66666666666663,2370.752372148301,1311.6666666666667,0.0,0
59,AW-NSGA-II,20,309.0,2302.9345537419144,1317.3333333333333,0.0,0
59,AW-NSGA-II,21,292.33333333333337,2389.6025471127605,1310.5,0.0,0
59,AW-NSGA-II,22,297.6666666666667,2292.653514957144,1321.1666666666667,0.0,0
59,AW-NSGA-II,23,291.00000000000006,2341.896271557917,1311.8333333333335,0.0,0
59,AW-NSGA-II,24,285.33333333333337,2407.704216745745,1330.8333333333333,0.0,0
59,AW-NSGA-II,25,314.0,2372.9130809898575,1302.5,0.0,0
59,AW-NSGA-II,26,297.6666666666667,2307.373621469394,1317.5000000000002,0.0,0
59,AW-NSGA-II,27,314.0,2339.0810441995022,1309.3333333333335,0.0,0
59,AW-NSGA-II,28,310.33333333333337,2298.3822995448204,1320.1666666666667,0.0,0
59,AW-NSGA-II,29,314.0,2339.0810441995022,1309.3333333333335,0.0,0
59,AW-NSGA-II,30,286.66666666666663,2322.0729180318062,1338.3333333333333,0.0,0
59,AW-NSGA-II,31,321.0,2361.890084562171,1309.1666666666667,0.0,0
59,AW-NSGA-II,32,325.33333333333326,2290.841713367696,1320.1666666666665,0.0,0
59,NSGA-II-2obj,0,297.33333333333337,2434.3851186079346,1363.6666666666667,0.0,0
59,NSGA-II-2obj,1,297.33333333333337,2434.3851186079346,1363.6666666666667,0.0,0
59,NSGA-II-2obj,2,297.66666666666663,2354.0352085012346,1370.0,0.0,0
59,NSGA-II-2obj,3,297.33333333333337,2434.3851186079346,1363.6666666666667,0.0,0
59,NSGA-II-2obj,4,297.66666666666663,2354.0352085012346,1370.0,0.0,0
59,NSGA-II-2obj,5,297.66666666666663,2354.0352085012346,1370.0,0.0,0
59,NSGA-II-2obj,6,333.0,2321.108944085332,1367.3333333333335,0.0,1
59,NSGA-II-2obj,7,297.33333333333337,2434.3851186079346,1363.6666666666667,0.0,0
59,NSGA-II-2obj,8,295.66666666666663,2442.639606839425,1364.1666666666665,0.0,0
59,NSGA-II-2obj,9,300.0,2350.0649855107517,1368.5000000000002,0.0,0
59,NSGA-II-2obj,10,301.3333333333333,2338.720863574397,1369.3333333333335,0.0,0
59,NSGA-II-2obj,11,295.66666666666663,2442.639606839425,1364.1666666666665,0.0,0
59,NSGA-II-3obj,0,323.3333333333333,2256.671076839814,1305.5000000000002,0.0,0
59,NSGA-II-3obj,1,319.6666666666667,2404.803483341629,1279.1666666666665,0.0,1
59,NSGA-II-3obj,2,314.0,2354.1363005726816,1284.8333333333335,0.0,0
59,NSGA-II-3obj,3,290.66666666666663,2279.174223951781,1315.8333333333335,0.0,0
59,NSGA-II-3obj,4,302.6666666666667,2361.498104744557,1287.6666666666667,0.0,0
59,NSGA-II-3obj,5,286.66666666666674,2272.789767165837,1324.5,0.0,0
59,NSGA-II-3obj,6,290.66666666666663,2279.4564302829467,1313.5000000000002,0.0,0
59,NSGA-II-3obj,7,290.0,2331.505131538617,1301.1666666666667,0.0,0
59,NSGA-II-3obj,8,290.66666666666663,2279.508228548805,1289.5,0.0,0
59,NSGA-II-3obj,9,323.3333333333333,2256.671076839814,1305.5000000000002,0.0,0
59,NSGA-II-3obj,10,290.66666666666663,2279.4564302829467,1313.5000000000002,0.0,0
59,NSGA-II-3obj,11,286.33333333333337,2330.8538153178424,1309.8333333333335,0.0,0
59,NSGA-II-3obj,12,286.33333333333337,2284.279672170139,1331.3333333333335,0.0,0
59,NSGA-II-3obj,13,302.6666666666667,2365.4601093029637,1282.1666666666667,0.0,0
59,NSGA-II-3obj,14,290.0,2331.505131538617,1301.1666666666667,0.0,0
59,NSGA-II-3obj,15,322.3333333333333,2257.839299062036,1312.4999999999998,0.0,0
59,NSGA-II-3obj,16,298.66666666666663,2273.271044701033,1311.6666666666667,0.0,0
59,NSGA-II-3obj,17,323.3333333333333,2256.671076839814,1305.5000000000002,0.0,0
59,NSGA-II-3obj,18,282.33333333333337,2290.1713891851377,1320.8333333333335,0.0,0
59,NSGA-II-3obj,19,322.6666666666667,2249.0020388270023,1325.3333333333335,0.0,0
59,NSGA-II-3obj,20,290.0,2298.584714310411,1305.1666666666667,0.0,0
59,NSGA-II-3obj,21,323.3333333333333,2246.0335286400928,1327.3333333333333,0.0,0
59,NSGA-II-3obj,22,302.6666666666667,2361.498104744557,1287.6666666666667,0.0,0
59,NSGA-II-3obj,23,298.66666666666663,2257.9288530818812,1317.8333333333333,0.0,0
59,NSGA-II-3obj,24,323.3333333333333,2256.671076839814,1305.5000000000002,0.0,0
59,NSGA-III,0,304.66666666666663,2348.1892410380983,1310.4999999999998,0.0,0
59,NSGA-III,1,303.6666666666667,2290.257553138621,1342.5,0.0,0
59,NSGA-III,2,304.66666666666663,2389.7453023917124,1307.6666666666665,0.0,0
59,NSGA-III,3,399.33333333333337,2661.8180398201944,1297.3333333333333,0.0,1
59,NSGA-III,4,303.6666666666667,2290.257553138621,1342.5,0.0,0
59,NSGA-III,5,285.3333333333333,2314.050162344691,1317.6666666666667,0.0,0
59,NSGA-III,6,304.6666666666667,2416.65221633948,1302.6666666666667,0.0,0
59,NSGA-III,7,304.66666666666663,2389.7453023917124,1307.6666666666665,0.0,0
59,NSGA-III,8,304.6666666666667,2416.65221633948,1302.6666666666667,0.0,0
59,NSGA-III,9,303.6666666666667,2290.257553138621,1342.5,0.0,0
59,NSGA-III,10,304.66666666666663,2395.854768770758,1304.5,0.0,0
59,NSGA-III,11,305.66666666666663,2314.780614366957,1311.4999999999998,0.0,0
59,NSGA-III,12,304.66666666666663,2389.7453023917124,1307.6666666666665,0.0,0
59,NSGA-III,13,291.66666666666663,2338.790777647605,1313.1666666666667,0.0,0
59,NSGA-III,14,303.6666666666667,2292.349439272947,1340.833333333333,0.0,0
59,NSGA-III,15,285.3333333333333,2316.382977159506,1315.3333333333335,0.0,0
59,NSGA-III,16,368.6666666666667,2511.0125023260734,1298.1666666666665,0.0,0
59,NSGA-III,17,306.3333333333333,2282.2206808632095,1335.0000000000002,0.0,0
59,NSGA-III,18,304.6666666666667,2416.65221633948,1302.6666666666667,0.0,0
59,NSGA-III,19,307.33333333333337,2330.5006239260083,1306.3333333333335,0.0,0
59,NSGA-III,20,399.33333333333337,2661.8180398201944,1297.3333333333333,0.0,0
59,NSGA-III,21,304.66666666666663,2389.7453023917124,1307.6666666666665,0.0,0
59,NSGA-III,22,290.66666666666663,2298.806102032379,1326.1666666666667,0.0,0
59,NSGA-III,23,303.6666666666667,2295.7465415441166,1333.3333333333333,0.0,0
59,NSGA-III,24,368.6666666666667,2512.5347957075996,1297.8333333333333,0.0,0
59,NSGA-III,25,318.0,2465.5983175545553,1302.5,0.0,0
59,MOEA/D,0,289.66666666666663,2268.0858172089897,1302.8333333333335,0.0,1
59,MOEA/D,2,292.33333333333337,2218.0286047054415,1314.3333333333333,0.0,0
59,MOEA/D,3,292.33333333333337,2214.028826927664,1315.3333333333335,0.0,0
59,MOEA/D,4,283.3333333333333,2239.0887801719527,1316.1666666666667,0.0,0
59,MOEA/D,6,283.3333333333333,2239.0887801719527,1316.1666666666667,0.0,0
59,MOEA/D,7,283.3333333333333,2239.0887801719527,1316.1666666666667,0.0,0
59,MOEA/D,8,292.33333333333337,2221.8347036106484,1313.6666666666667,0.0,0
59,MOEA/D,9,292.33333333333337,2231.60708931889,1312.6666666666667,0.0,0
59,MOEA/D,10,292.33333333333337,2221.8347036106484,1313.6666666666667,0.0,0
59,MOEA/D,11,283.3333333333333,2239.0887801719527,1316.1666666666667,0.0,0
59,MOEA/D,12,292.33333333333337,2214.028826927664,1315.3333333333335,0.0,0
59,MOEA/D,13,305.0,2251.151892153213,1306.5,0.0,0
59,MOEA/D,14,292.33333333333337,2238.9398300596304,1310.0,0.0,0
59,MOEA/D,15,292.33333333333337,2214.028826927664,1315.3333333333335,0.0,0
59,MOEA/D,16,292.33333333333337,2214.028826927664,1315.3333333333335,0.0,0
59,MOEA/D,17,283.3333333333333,2239.0887801719527,1316.1666666666667,0.0,0
59,MOEA/D,18,283.3333333333333,2246.8946568549372,1314.5000000000002,0.0,0
59,MOEA/D,19,292.33333333333337,2221.8347036106484,1313.6666666666667,0.0,0
59,MOEA/D,20,292.33333333333337,2218.0286047054415,1314.3333333333333,0.0,0
59,MOEA/D,21,283.3333333333333,2239.0887801719527,1316.1666666666667,0.0,0
59,MOEA/D,22,292.33333333333337,2221.8347036106484,1313.6666666666667,0.0,0
59,MOEA/D,23,283.3333333333333,2239.0887801719527,1316.1666666666667,0.0,0
59,MOEA/D,24,283.3333333333333,2239.0887801719527,1316.1666666666667,0.0,0
59,MOEA/D,25,289.66666666666663,2268.0858172089897,1302.8333333333335,0.0,0
59,MOEA/D,26,292.33333333333337,2231.3943235216034,1313.0,0.0,0
59,MOEA/D,27,292.33333333333337,2214.028826927664,1315.3333333333335,0.0,0
59,MOEA/D,28,283.3333333333333,2239.0887801719527,1316.1666666666667,0.0,0
59,MOEA/D,29,283.3333333333333,2239.0887801719527,1316.1666666666667,0.0,0
59,MOEA/D,30,292.33333333333337,2218.0286047054415,1314.3333333333333,0.0,0
59,MOEA/D,31,292.33333333333337,2221.8347036106484,1313.6666666666667,0.0,0
59,MOEA/D,32,292.33333333333337,2238.9398300596304,1310.0,0.0,0
59,MOEA/D,33,292.33333333333337,2221.8347036106484,1313.6666666666667,0.0,0
59,MOEA/D,34,292.33333333333337,2218.0286047054415,1314.3333333333333,0.0,0
59,MOEA/D,35,292.33333333333337,2218.0286047054415,1314.3333333333333,0.0,0
59,MOEA/D,36,292.33333333333337,2218.0286047054415,1314.3333333333333,0.0,0
59,MOEA/D,37,292.33333333333337,2214.028826927664,1315.3333333333335,0.0,0
59,MOEA/D,38,283.3333333333333,2239.0887801719527,1316.1666666666667,0.0,0
59,MOEA/D,39,289.66666666666663,2268.0858172089897,1302.8333333333335,0.0,0
59,MOEA/D,40,292.33333333333337,2221.8347036106484,1313.6666666666667,0.0,0
59,MOEA/D,41,292.33333333333337,2214.028826927664,1315.3333333333335,0.0,0
59,MOEA/D,42,292.33333333333337,2221.8347036106484,1313.6666666666667,0.0,0
59,MOEA/D,43,292.33333333333337,2221.8347036106484,1313.6666666666667,0.0,0
59,MOEA/D,44,292.33333333333337,2214.028826927664,1315.3333333333335,0.0,0
59,MOEA/D,45,292.33333333333337,2214.028826927664,1315.3333333333335,0.0,0
59,MOEA/D,46,292.33333333333337,2231.60708931889,1312.6666666666667,0.0,0
59,MOEA/D,47,292.33333333333337,2218.0286047054415,1314.3333333333333,0.0,0
59,MOEA/D,48,289.66666666666663,2268.0858172089897,1302.8333333333335,0.0,0
59,MOEA/D,49,292.33333333333337,2218.0286047054415,1314.3333333333333,0.0,0
59,MOEA/D,50,292.33333333333337,2221.8347036106484,1313.6666666666667,0.0,0
59,MOEA/D,51,292.33333333333337,2238.9398300596304,1310.0,0.0,0
59,MOEA/D,52,292.33333333333337,2221.8347036106484,1313.6666666666667,0.0,0
59,MOEA/D,53,292.33333333333337,2221.8347036106484,1313.6666666666667,0.0,0
59,MOEA/D,54,292.33333333333337,2237.8339999069444,1310.5,0.0,0
59,MOEA/D,55,289.66666666666663,2268.0858172089897,1302.8333333333335,0.0,0
59,MOEA/D,57,283.3333333333333,2239.0887801719527,1316.1666666666667,0.0,0
59,MOEA/D,58,289.66666666666663,2268.0858172089897,1302.8333333333335,0.0,0
59,MOEA/D,59,283.3333333333333,2239.0887801719527,1316.1666666666667,0.0,0
59,MOEA/D,60,292.33333333333337,2218.0286047054415,1314.3333333333333,0.0,0
59,MOEA/D,61,292.33333333333337,2218.0286047054415,1314.3333333333333,0.0,0
59,MOEA/D,62,292.33333333333337,2238.9398300596304,1310.0,0.0,0
59,MOEA/D,63,289.66666666666663,2268.0858172089897,1302.8333333333335,0.0,0
59,MOEA/D,64,292.33333333333337,2214.028826927664,1315.3333333333335,0.0,0
59,MOEA/D,65,292.33333333333337,2218.0286047054415,1314.3333333333333,0.0,0
59,MOEA/D,66,292.33333333333337,2221.8347036106484,1313.6666666666667,0.0,0
59,MOEA/D,67,292.33333333333337,2237.8339999069444,1310.5,0.0,0
59,MOEA/D,68,283.3333333333333,2239.0887801719527,1316.1666666666667,0.0,0
59,MOEA/D,69,292.33333333333337,2238.9398300596304,1310.0,0.0,0
59,MOEA/D,70,292.33333333333337,2218.0286047054415,1314.3333333333333,0.0,0
59,MOEA/D,71,289.66666666666663,2268.0858172089897,1302.8333333333335,0.0,0
59,MOEA/D,72,305.0,2251.151892153213,1306.5,0.0,0
59,MOEA/D,73,292.33333333333337,2294.104348578149,1300.3333333333333,0.0,0
59,MOEA/D,74,292.33333333333337,2237.8339999069444,1310.5,0.0,0
59,MOEA/D,75,292.33333333333337,2214.028826927664,1315.3333333333335,0.0,0
59,MOEA/D,76,283.3333333333333,2246.8946568549372,1314.5000000000002,0.0,0
59,MOEA/D,77,292.33333333333337,2294.104348578149,1300.3333333333333,0.0,0
59,MOEA/D,78,292.33333333333337,2221.8347036106484,1313.6666666666667,0.0,0
59,MOEA/D,79,292.33333333333337,2231.3943235216034,1313.0,0.0,0
59,MOEA/D,80,305.0,2251.151892153213,1306.5,0.0,0
59,MOEA/D,81,283.3333333333333,2239.0887801719527,1316.1666666666667,0.0,0
59,MOEA/D,82,292.33333333333337,2221.8347036106484,1313.6666666666667,0.0,0
59,MOEA/D,83,305.0,2251.151892153213,1306.5,0.0,0
59,MOEA/D,84,283.3333333333333,2239.0887801719527,1316.1666666666667,0.0,0
59,MOEA/D,85,292.33333333333337,2218.0286047054415,1314.3333333333333,0.0,0
59,MOEA/D,86,292.33333333333337,2221.8347036106484,1313.6666666666667,0.0,0
59,MOEA/D,87,292.33333333333337,2238.9398300596304,1310.0,0.0,0
59,MOEA/D,88,305.0,2251.151892153213,1306.5,0.0,0
59,MOEA/D,89,292.33333333333337,2221.8347036106484,1313.6666666666667,0.0,0
59,MOEA/D,90,292.33333333333337,2221.8347036106484,1313.6666666666667,0.0,0
59,MOEA/D,91,292.33333333333337,2221.8347036106484,1313.6666666666667,0.0,0
59,MOEA/D,92,292.33333333333337,2221.8347036106484,1313.6666666666667,0.0,0
59,MOEA/D,93,283.3333333333333,2239.0887801719527,1316.1666666666667,0.0,0
59,MOEA/D,94,292.33333333333337,2237.8339999069444,1310.5,0.0,0
59,MOEA/D,95,283.3333333333333,2239.0887801719527,1316.1666666666667,0.0,0
59,MOEA/D,97,292.33333333333337,2237.8339999069444,1310.5,0.0,0
59,MOEA/D,98,283.3333333333333,2239.0887801719527,1316.1666666666667,0.0,0
59,MOEA/D,99,283.3333333333333,2246.8946568549372,1314.5000000000002,0.0,0
59,GA-SA,0,272.0,2353.6582983218905,1291.6666666666667,0.0,1
59,A*-GA,0,293.3333333333333,2354.4616720770227,1391.1666666666665,0.0,1
59,A*-GA,1,293.3333333333333,2293.210423662915,1377.5,0.0,0
59,A*-GA,2,293.3333333333333,2252.5224084169263,1367.6666666666667,0.0,0
59,A*-GA,3,293.3333333333333,2301.877386625878,1378.8333333333335,0.0,0
59,A*-GA,4,293.3333333333333,2255.1687726310693,1373.0000000000002,0.0,0
59,A*-GA,5,293.3333333333333,2263.375497736989,1370.3333333333335,0.0,0
59,A*-GA,6,293.3333333333333,2350.075258039291,1382.6666666666667,0.0,0
59,A*-GA,7,293.3333333333333,2329.431057674794,1377.0,0.0,0
59,LWC,0,316.3333333333333,2344.8320557773836,1340.166666666667,0.0,0
59,LWC,1,316.3333333333333,2344.8320557773836,1340.166666666667,0.0,0
59,LWC,2,342.66666666666663,2398.070716536351,1316.3333333333333,0.0,0
59,LWC,3,297.6666666666667,2354.53398906058,1322.1666666666665,0.0,1
59,LWC,4,322.33333333333337,2488.2804012929896,1320.5,0.0,0
59,LWC,5,328.0,2469.2140991910633,1319.5,0.0,0
59,LWC,6,294.6666666666667,2522.4921495278195,1349.8333333333333,0.0,0
59,LWC,7,297.6666666666667,2354.53398906058,1322.1666666666665,0.0,0
59,LWC,8,339.6666666666667,2489.56634812475,1308.6666666666665,0.0,0
59,LWC,9,316.3333333333333,2333.3443243176544,1340.5,0.0,0
59,LWC,10,331.33333333333326,2420.182298324351,1321.8333333333333,0.0,0
59,LWC,11,363.3333333333333,2393.404716536351,1319.3333333333333,0.0,0
59,LWC,12,339.6666666666667,2422.1034123472964,1310.3333333333333,0.0,0
59,LWC,13,291.66666666666663,2523.5474900086333,1342.8333333333333,0.0,0
60,AW-NSGA-II,0,293.66666666666663,2511.339168706136,1325.1666666666667,0.0,0
60,AW-NSGA-II,1,293.66666666666663,2511.339168706136,1325.1666666666667,0.0,0
60,AW-NSGA-II,2,348.6666666666667,2651.989832847386,1274.3333333333333,0.0,0
60,AW-NSGA-II,3,293.66666666666663,2511.339168706136,1325.1666666666667,0.0,0
60,AW-NSGA-II,4,348.6666666666667,2681.905134908849,1271.4999999999998,0.0,1
60,AW-NSGA-II,5,293.66666666666663,2511.339168706136,1325.1666666666667,0.0,0
60,AW-NSGA-II,6,341.3333333333333,2509.415197583659,1280.3333333333335,0.0,0
60,AW-NSGA-II,7,341.3333333333333,2508.4154198058814,1281.3333333333333,0.0,0
60,AW-NSGA-II,8,341.3333333333333,2530.4896357663265,1276.9999999999998,0.0,0
60,AW-NSGA-II,9,301.3333333333333,2479.842909446877,1342.0,0.0,0
60,AW-NSGA-II,10,314.6666666666667,2599.779669814486,1287.8333333333333,0.0,0
60,AW-NSGA-II,11,290.0,2572.4086942777435,1306.0,0.0,0
60,AW-NSGA-II,12,293.66666666666663,2511.339168706136,1325.1666666666667,0.0,0
60,AW-NSGA-II,13,303.0,2534.082851066323,1299.3333333333333,0.0,0
60,AW-NSGA-II,14,293.66666666666663,2507.005909446877,1325.4999999999998,0.0,0
60,AW-NSGA-II,15,308.0,2595.7768033797847,1291.1666666666667,0.0,0
60,AW-NSGA-II,16,341.3333333333333,2511.065660521897,1279.5,0.0,0
60,AW-NSGA-II,17,330.6666666666667,2519.2815008729262,1287.8333333333335,0.0,0
60,AW-NSGA-II,18,323.0,2452.445438774581,1303.3333333333335,0.0,0
60,AW-NSGA-II,19,298.3333333333333,2586.5604655466545,1300.8333333333335,0.0,0
60,AW-NSGA-II,20,294.66666666666663,2510.672205743173,1323.8333333333333,0.0,0
60,AW-NSGA-II,21,293.66666666666663,2511.339168706136,1325.1666666666667,0.0,0
60,AW-NSGA-II,22,341.3333333333333,2505.5838272132887,1289.1666666666667,0.0,0
60,AW-NSGA-II,23,301.3333333333333,2479.842909446877,1342.0,0.0,0
60,AW-NSGA-II,24,294.66666666666663,2510.672205743173,1323.8333333333333,0.0,0
60,AW-NSGA-II,25,308.3333333333333,2488.7368586069806,1298.6666666666665,0.0,0
60,AW-NSGA-II,26,296.33333333333337,2483.4440811840527,1304.8333333333333,0.0,0
60,AW-NSGA-II,27,341.3333333333333,2505.5838272132887,1289.1666666666667,0.0,0
60,AW-NSGA-II,28,294.66666666666663,2510.672205743173,1323.8333333333333,0.0,0
60,AW-NSGA-II,29,331.33333333333337,2499.6136555470857,1289.6666666666667,0.0,0
60,AW-NSGA-II,30,323.0,2469.500753900059,1294.1666666666667,0.0,0
60,AW-NSGA-II,31,294.66666666666663,2510.672205743173,1323.8333333333333,0.0,0
60,AW-NSGA-II,32,296.33333333333337,2483.4440811840527,1304.8333333333333,0.0,0
60,AW-NSGA-II,33,331.33333333333337,2548.860988880419,1277.6666666666667,0.0,0
60,AW-NSGA-II,34,308.0,2595.7768033797847,1291.1666666666667,0.0,0
60,AW-NSGA-II,35,294.66666666666663,2510.672205743173,1323.8333333333333,0.0,0
60,AW-NSGA-II,36,323.0,2469.500753900059,1294.1666666666667,0.0,0
60,AW-NSGA-II,37,293.66666666666663,2511.339168706136,1325.1666666666667,0.0,0
60,AW-NSGA-II,38,290.0,2572.4086942777435,1306.0,0.0,0
60,AW-NSGA-II,39,303.6666666666667,2492.8336427889476,1292.1666666666667,0.0,0
60,AW-NSGA-II,40,290.0,2572.4086942777435,1306.0,0.0,0
60,AW-NSGA-II,41,293.66666666666663,2517.337835372802,1319.1666666666667,0.0,0
60,AW-NSGA-II,42,293.66666666666663,2511.339168706136,1325.1666666666667,0.0,0
60,AW-NSGA-II,43,293.66666666666663,2518.9219174488817,1312.8333333333335,0.0,0
60,AW-NSGA-II,44,323.0,2469.500753900059,1294.1666666666667,0.0,0
60,AW-NSGA-II,45,303.0,2534.082851066323,1299.3333333333333,0.0,0
60,AW-NSGA-II,46,293.66666666666663,2511.339168706136,1325.1666666666667,0.0,0
60,AW-NSGA-II,47,294.3333333333333,2530.2019600389913,1311.0,0.0,0
60,AW-NSGA-II,48,331.33333333333337,2548.860988880419,1277.6666666666667,0.0,0
60,AW-NSGA-II,49,293.66666666666663,2511.339168706136,1325.1666666666667,0.0,0
60,AW-NSGA-II,50,301.3333333333333,2479.842909446877,1342.0,0.0,0
60,AW-NSGA-II,51,301.3333333333333,2479.842909446877,1342.0,0.0,0
60,AW-NSGA-II,52,293.66666666666663,2517.337835372802,1319.1666666666667,0.0,0
60,AW-NSGA-II,53,289.6666666666667,2567.2970039290853,1306.3333333333333,0.0,0
60,AW-NSGA-II,54,301.3333333333333,2479.842909446877,1342.0,0.0,0
60,AW-NSGA-II,55,298.3333333333333,2586.5604655466545,1300.8333333333335,0.0,0
60,AW-NSGA-II,56,323.0,2457.4441795153216,1297.6666666666665,0.0,0
60,AW-NSGA-II,57,323.0,2469.500753900059,1294.1666666666667,0.0,0
60,AW-NSGA-II,58,332.0,2484.8871215804147,1292.6666666666667,0.0,0
60,AW-NSGA-II,59,323.0,2469.500753900059,1294.1666666666667,0.0,0
60,AW-NSGA-II,60,322.0,2536.8897135290463,1284.5,0.0,0
60,AW-NSGA-II,61,294.66666666666663,2510.672205743173,1323.8333333333333,0.0,0
60,AW-NSGA-II,62,323.0,2475.360581157563,1293.1666666666665,0.0,0
60,AW-NSGA-II,63,302.33333333333337,2466.3884612067122,1316.8333333333335,0.0,0
60,AW-NSGA-II,64,294.66666666666663,2512.807822614665,1321.6666666666667,0.0,0
60,AW-NSGA-II,65,293.66666666666663,2511.339168706136,1325.1666666666667,0.0,0
60,AW-NSGA-II,66,336.3333333333333,2469.1920903769064,1296.3333333333335,0.0,0
60,AW-NSGA-II,67,293.66666666666663,2550.8685108388004,1301.1666666666667,0.0,0
60,NSGA-II-2obj,0,306.3333333333333,2452.1341170156247,1322.833333333333,0.0,0
60,NSGA-II-2obj,1,299.0,2473.152335636753,1319.3333333333333,0.0,1
60,NSGA-II-2obj,2,306.3333333333333,2452.1341170156247,1322.833333333333,0.0,0
60,NSGA-II-2obj,3,321.6666666666667,2440.808270268142,1342.0,0.0,0
60,NSGA-II-2obj,4,299.0,2473.152335636753,1319.3333333333333,0.0,0
60,NSGA-II-2obj,5,297.6666666666667,2530.5760506421448,1331.6666666666667,0.0,0
60,NSGA-II-2obj,6,310.33333333333337,2448.1431591570313,1349.0000000000002,0.0,0
60,NSGA-II-3obj,0,327.6666666666667,2620.1408667642318,1284.3333333333333,0.0,0
60,NSGA-II-3obj,1,332.99999999999994,2535.6793881044346,1295.1666666666665,0.0,0
60,NSGA-II-3obj,2,317.0,2537.912201075276,1297.1666666666667,0.0,0
60,NSGA-II-3obj,3,320.0,2662.7514289973096,1283.3333333333335,0.0,0
60,NSGA-II-3obj,4,295.66666666666663,2583.53936827267,1307.4999999999998,0.0,0
60,NSGA-II-3obj,5,337.3333333333333,2490.81175565312,1303.3333333333335,0.0,0
60,NSGA-II-3obj,6,299.6666666666667,2494.0120906568563,1306.0000000000002,0.0,0
60,NSGA-II-3obj,7,304.6666666666667,2596.0586673116454,1288.3333333333335,0.0,0
60,NSGA-II-3obj,8,295.66666666666663,2583.53936827267,1307.4999999999998,0.0,0
60,NSGA-II-3obj,9,337.3333333333333,2490.81175565312,1303.3333333333335,0.0,0
60,NSGA-II-3obj,10,320.0,2662.7514289973096,1283.3333333333335,0.0,0
60,NSGA-II-3obj,11,317.0,2537.912201075276,1297.1666666666667,0.0,0
60,NSGA-II-3obj,12,295.66666666666663,2583.53936827267,1307.4999999999998,0.0,0
60,NSGA-II-3obj,13,313.3333333333333,2485.9815133983307,1312.8333333333333,0.0,0
60,NSGA-II-3obj,14,331.6666666666667,2569.4095344086095,1285.1666666666665,0.0,0
60,NSGA-II-3obj,15,315.6666666666667,2492.0129795457456,1310.0000000000002,0.0,0
60,NSGA-II-3obj,16,332.99999999999994,2535.6793881044346,1295.1666666666665,0.0,0
60,NSGA-II-3obj,17,337.3333333333333,2490.81175565312,1303.3333333333335,0.0,0
60,NSGA-II-3obj,18,348.66666666666674,2528.141883768701,1284.5,0.0,0
60,NSGA-II-3obj,19,295.66666666666663,2583.53936827267,1307.4999999999998,0.0,0
60,NSGA-II-3obj,20,330.0,2539.3701460504476,1296.0,0.0,0
60,NSGA-II-3obj,21,315.6666666666667,2492.0129795457456,1310.0000000000002,0.0,0
60,NSGA-II-3obj,22,380.3333333333333,2814.185367622499,1274.3333333333335,0.0,1
60,NSGA-II-3obj,23,313.3333333333333,2505.4772371346016,1298.0000000000002,0.0,0
60,NSGA-II-3obj,24,313.3333333333333,2485.9815133983307,1312.8333333333333,0.0,0
60,NSGA-II-3obj,25,307.3333333333333,2571.1552377019566,1296.6666666666667,0.0,0
60,NSGA-II-3obj,26,295.66666666666663,2580.5397386430404,1309.1666666666667,0.0,0
60,NSGA-II-3obj,27,299.6666666666667,2494.0120906568563,1306.0000000000002,0.0,0
60,NSGA-II-3obj,28,304.6666666666667,2585.9172030354357,1294.1666666666667,0.0,0
60,NSGA-II-3obj,29,299.6666666666667,2505.818134489296,1301.3333333333335,0.0,0
60,NSGA-II-3obj,30,317.0,2537.912201075276,1297.1666666666667,0.0,0
60,NSGA-II-3obj,31,328.0,2626.583540108421,1277.8333333333333,0.0,0
60,NSGA-II-3obj,32,396.3333333333333,2753.8522565113876,1275.3333333333335,0.0,0
60,NSGA-II-3obj,33,327.6666666666667,2620.1408667642318,1284.3333333333333,0.0,0
60,NSGA-II-3obj,34,295.66666666666663,2592.7051090134105,1303.333333333333,0.0,0
60,NSGA-II-3obj,35,328.0,2626.583540108421,1277.8333333333333,0.0,0
60,NSGA-II-3obj,36,307.6666666666667,2530.4607053659356,1297.6666666666667,0.0,0
60,NSGA-II-3obj,37,337.3333333333333,2482.671846932467,1316.1666666666667,0.0,0
60,NSGA-II-3obj,38,322.3333333333333,2480.185610326657,1323.1666666666667,0.0,0
60,NSGA-II-3obj,39,313.3333333333333,2485.9815133983307,1312.8333333333333,0.0,0
60,NSGA-II-3obj,40,295.66666666666663,2592.7051090134105,1303.333333333333,0.0,0
60,NSGA-II-3obj,41,328.0,2626.583540108421,1277.8333333333333,0.0,0
60,NSGA-II-3obj,42,364.3333333333333,2823.019282018092,1270.3333333333335,0.0,0
60,NSGA-II-3obj,43,348.66666666666674,2528.141883768701,1284.5,0.0,0
60,NSGA-II-3obj,44,285.66666666666663,2595.7460835094803,1293.4999999999998,0.0,0
60,NSGA-II-3obj,45,295.66666666666663,2580.5397386430404,1309.1666666666667,0.0,0
60,NSGA-II-3obj,46,295.66666666666663,2583.53936827267,1307.4999999999998,0.0,0
60,NSGA-II-3obj,47,327.6666666666667,2620.1408667642318,1284.3333333333333,0.0,0
60,NSGA-II-3obj,48,295.66666666666663,2587.3719608652623,1304.1666666666665,0.0,0
60,NSGA-II-3obj,49,396.3333333333333,2753.8522565113876,1275.3333333333335,0.0,0
60,NSGA-II-3obj,50,299.6666666666667,2505.818134489296,1301.3333333333335,0.0,0
60,NSGA-II-3obj,51,334.3333333333333,2521.843832548879,1285.1666666666667,0.0,0
60,NSGA-II-3obj,52,322.6666666666667,2548.833160233233,1287.6666666666665,0.0,0
60,NSGA-II-3obj,53,298.3333333333333,2574.5585719222854,1310.5,0.0,0
60,NSGA-II-3obj,54,293.33333333333337,2547.046512947008,1316.6666666666663,0.0,0
60,NSGA-II-3obj,55,295.66666666666663,2592.7051090134105,1303.333333333333,0.0,0
60,NSGA-II-3obj,56,313.3333333333333,2505.4772371346016,1298.0000000000002,0.0,0
60,NSGA-II-3obj,57,313.3333333333333,2505.4772371346016,1298.0000000000002,0.0,0
60,NSGA-II-3obj,58,337.3333333333333,2490.81175565312,1303.3333333333335,0.0,0
60,NSGA-II-3obj,59,308.6666666666667,2542.4876821464013,1292.6666666666667,0.0,0
60,NSGA-II-3obj,60,307.3333333333333,2571.1552377019566,1296.6666666666667,0.0,0
60,NSGA-II-3obj,61,328.0,2626.583540108421,1277.8333333333333,0.0,0
60,NSGA-II-3obj,62,330.6666666666667,2593.011625951876,1276.0,0.0,0
60,NSGA-II-3obj,63,308.6666666666667,2542.4876821464013,1292.6666666666667,0.0,0
60,NSGA-II-3obj,64,295.66666666666663,2580.5397386430404,1309.1666666666667,0.0,0
60,NSGA-II-3obj,65,320.0,2661.085132701013,1285.0,0.0,0
60,NSGA-II-3obj,66,290.0,2583.3738497541513,1312.6666666666667,0.0,0
60,NSGA-II-3obj,67,334.3333333333333,2538.8422769933236,1278.1666666666667,0.0,0
60,NSGA-II-3obj,68,285.66666666666663,2595.7460835094803,1293.4999999999998,0.0,0
60,NSGA-II-3obj,69,307.6666666666667,2530.4607053659356,1297.6666666666667,0.0,0
60,NSGA-II-3obj,70,322.3333333333333,2480.185610326657,1323.1666666666667,0.0,0
60,NSGA-II-3obj,71,307.3333333333333,2571.1552377019566,1296.6666666666667,0.0,0
60,NSGA-III,0,311.6666666666667,2479.550150075028,1277.0,0.0,0
60,NSGA-III,1,311.6666666666667,2479.550150075028,1277.0,0.0,0
60,NSGA-III,2,314.3333333333333,2474.3580296091645,1282.5,0.0,0
60,NSGA-III,3,297.33333333333337,2515.730031431348,1301.0000000000002,0.0,0
60,NSGA-III,4,322.6666666666667,2387.6784271377137,1300.6666666666667,0.0,0
60,NSGA-III,5,330.33333333333337,2394.550888352605,1297.1666666666667,0.0,0
60,NSGA-III,6,316.0,2432.2598685060357,1288.5,0.0,0
60,NSGA-III,7,353.3333333333333,2587.622792604059,1264.8333333333335,0.0,0
60,NSGA-III,8,327.0,2522.2595120844276,1269.8333333333335,0.0,0
60,NSGA-III,9,297.33333333333337,2515.730031431348,1301.0000000000002,0.0,0
60,NSGA-III,10,314.3333333333333,2385.946995648249,1311.5,0.0,0
60,NSGA-III,11,296.6666666666667,2540.1326110689606,1310.3333333333333,0.0,0
60,NSGA-III,12,297.33333333333337,2515.730031431348,1301.0000000000002,0.0,0
60,NSGA-III,13,295.33333333333337,2567.974795490754,1305.6666666666667,0.0,0
60,NSGA-III,14,330.33333333333337,2394.550888352605,1297.1666666666667,0.0,0
60,NSGA-III,15,316.0,2455.76783165222,1285.8333333333333,0.0,0
60,NSGA-III,16,297.33333333333337,2515.730031431348,1301.0000000000002,0.0,0
60,NSGA-III,17,295.33333333333337,2567.974795490754,1305.6666666666667,0.0,0
60,NSGA-III,18,307.33333333333337,2392.587847444523,1303.9999999999998,0.0,0
60,NSGA-III,19,297.33333333333337,2484.806859145565,1307.6666666666667,0.0,0
60,NSGA-III,20,295.33333333333337,2567.974795490754,1305.6666666666667,0.0,0
60,NSGA-III,21,306.6666666666667,2482.345811456846,1286.8333333333333,0.0,0
60,NSGA-III,22,323.33333333333337,2376.180871582158,1311.6666666666667,0.0,0
60,NSGA-III,23,298.00000000000006,2543.626496307764,1281.5,0.0,0
60,NSGA-III,24,299.33333333333337,2531.960607418874,1285.0,0.0,0
60,NSGA-III,25,308.3333333333333,2501.957311122578,1270.166666666667,0.0,0
60,NSGA-III,26,297.33333333333337,2515.730031431348,1301.0000000000002,0.0,0
60,NSGA-III,27,307.3333333333333,2496.5210917776185,1286.0,0.0,0
60,NSGA-III,28,295.33333333333337,2547.1387879161866,1313.0000000000002,0.0,1
60,NSGA-III,29,298.0,2398.5935351727026,1290.0,0.0,0
60,NSGA-III,30,308.3333333333333,2490.025474053609,1285.9999999999998,0.0,0
60,NSGA-III,31,305.66666666666663,2397.1521554357655,1302.6666666666667,0.0,0
60,NSGA-III,32,297.33333333333337,2517.0630684683847,1299.6666666666665,0.0,0
60,NSGA-III,33,297.33333333333337,2515.730031431348,1301.0000000000002,0.0,0
60,NSGA-III,34,313.3333333333333,2369.347649359936,1312.1666666666667,0.0,0
60,NSGA-III,35,297.33333333333337,2588.119535228281,1298.3333333333335,0.0,0
60,NSGA-III,36,353.3333333333333,2587.622792604059,1264.8333333333335,0.0,0
60,NSGA-III,37,314.3333333333333,2417.179737382772,1289.5,0.0,0
60,NSGA-III,38,295.33333333333337,2547.1387879161866,1313.0000000000002,0.0,0
60,NSGA-III,39,298.00000000000006,2515.9607555670227,1285.6666666666667,0.0,0
60,NSGA-III,40,313.3333333333333,2369.347649359936,1312.1666666666667,0.0,0
60,NSGA-III,41,311.6666666666667,2479.550150075028,1277.0,0.0,0
60,NSGA-III,42,308.0,2546.7926444559116,1279.166666666667,0.0,0
60,NSGA-III,43,352.0,2584.624809608529,1269.5000000000002,0.0,0
60,NSGA-III,44,297.33333333333337,2515.730031431348,1301.0000000000002,0.0,0
60,NSGA-III,45,316.0,2362.0152789895656,1316.5,0.0,0
60,NSGA-III,46,316.0,2455.76783165222,1285.8333333333333,0.0,0
60,NSGA-III,47,295.33333333333337,2547.1387879161866,1313.0000000000002,0.0,0
60,NSGA-III,48,295.33333333333337,2579.473684379643,1300.666666666667,0.0,0
60,NSGA-III,49,308.3333333333333,2499.2227229519694,1279.1666666666667,0.0,0
60,NSGA-III,50,297.33333333333337,2515.730031431348,1301.0000000000002,0.0,0
60,NSGA-III,51,298.00000000000006,2515.9607555670227,1285.6666666666667,0.0,0
60,NSGA-III,52,299.33333333333337,2540.626903715171,1283.3333333333335,0.0,0
60,NSGA-III,53,311.6666666666667,2460.551409334287,1282.6666666666667,0.0,0
60,MOEA/D,0,286.33333333333337,2364.1651536574936,1279.5000000000002,0.0,0
60,MOEA/D,1,285.6666666666667,2386.7071440704626,1270.8333333333335,0.0,0
60,MOEA/D,2,301.0,2296.4196779411786,1303.1666666666665,0.0,0
60,MOEA/D,3,301.0,2296.4196779411786,1303.1666666666665,0.0,0
60,MOEA/D,4,287.33333333333337,2327.750566830068,1292.1666666666667,0.0,0
60,MOEA/D,5,296.0,2316.6690795834197,1297.166666666667,0.0,0
60,MOEA/D,6,296.0,2318.417826089327,1294.8333333333335,0.0,0
60,MOEA/D,7,287.33333333333337,2327.750566830068,1292.1666666666667,0.0,0
60,MOEA/D,8,301.0,2307.5833446078454,1289.6666666666667,0.0,0
60,MOEA/D,10,301.0,2312.2497149782157,1288.3333333333335,0.0,0
60,MOEA/D,11,287.33333333333337,2327.750566830068,1292.1666666666667,0.0,0
60,MOEA/D,12,301.0,2289.421233496734,1310.1666666666665,0.0,0
60,MOEA/D,14,301.0,2327.7481223856234,1281.166666666667,0.0,0
60,MOEA/D,15,301.0,2289.421233496734,1310.1666666666665,0.0,0
60,MOEA/D,16,301.0,2289.421233496734,1310.1666666666665,0.0,0
60,MOEA/D,17,287.33333333333337,2327.750566830068,1292.1666666666667,0.0,0
60,MOEA/D,18,283.6666666666667,2338.7499001634014,1289.1666666666667,0.0,1
60,MOEA/D,19,301.0,2307.5833446078454,1289.6666666666667,0.0,0
60,MOEA/D,20,301.0,2301.5846779411786,1295.6666666666667,0.0,0
60,MOEA/D,21,287.33333333333337,2327.750566830068,1292.1666666666667,0.0,0
60,MOEA/D,22,301.0,2304.9172334967343,1292.1666666666667,0.0,0
60,MOEA/D,23,287.33333333333337,2327.750566830068,1292.1666666666667,0.0,0
60,MOEA/D,24,286.33333333333337,2337.001153657494,1291.5,0.0,0
60,MOEA/D,25,299.0,2338.4144557189566,1279.6666666666665,0.0,0
60,MOEA/D,26,301.0,2312.2497149782157,1288.3333333333335,0.0,0
60,MOEA/D,27,301.0,2289.421233496734,1310.1666666666665,0.0,0
60,MOEA/D,28,296.0,2316.6690795834197,1297.166666666667,0.0,0
60,MOEA/D,29,287.33333333333337,2327.750566830068,1292.1666666666667,0.0,0
60,MOEA/D,30,301.0,2298.918566830068,1298.1666666666667,0.0,0
60,MOEA/D,31,301.0,2307.5833446078454,1289.6666666666667,0.0,0
60,MOEA/D,32,301.0,2327.7481223856234,1281.166666666667,0.0,0
60,MOEA/D,33,301.0,2307.5833446078454,1289.6666666666667,0.0,0
60,MOEA/D,34,301.0,2295.4199001634006,1304.1666666666667,0.0,0
60,MOEA/D,35,301.0,2298.918566830068,1298.1666666666667,0.0,0
60,MOEA/D,36,301.0,2301.5846779411786,1295.6666666666667,0.0,0
60,MOEA/D,37,301.0,2289.421233496734,1310.1666666666665,0.0,0
60,MOEA/D,38,287.33333333333337,2327.750566830068,1292.1666666666667,0.0,0
60,MOEA/D,39,285.6666666666667,2386.7071440704626,1270.8333333333335,0.0,0
60,MOEA/D,40,301.0,2307.5833446078454,1289.6666666666667,0.0,0
60,MOEA/D,41,301.0,2298.918566830068,1298.1666666666667,0.0,0
60,MOEA/D,42,299.0,2316.7500853485863,1290.0000000000002,0.0,0
60,MOEA/D,43,301.0,2301.5846779411786,1295.6666666666667,0.0,0
60,MOEA/D,44,301.0,2296.4196779411786,1303.1666666666665,0.0,0
60,MOEA/D,45,301.0,2294.7541223856233,1308.1666666666667,0.0,0
60,MOEA/D,47,301.0,2289.421233496734,1310.1666666666665,0.0,0
60,MOEA/D,48,287.33333333333337,2356.4141594226603,1278.3333333333335,0.0,0
60,MOEA/D,49,301.0,2296.4196779411786,1303.1666666666665,0.0,0
60,MOEA/D,50,296.0,2318.417826089327,1294.8333333333335,0.0,0
60,MOEA/D,51,301.0,2327.7481223856234,1281.166666666667,0.0,0
60,MOEA/D,52,301.0,2307.5833446078454,1289.6666666666667,0.0,0
60,MOEA/D,53,299.0,2316.7500853485863,1290.0000000000002,0.0,0
60,MOEA/D,54,301.0,2316.9156779411787,1285.1666666666667,0.0,0
60,MOEA/D,55,299.0,2347.9141964596975,1278.5000000000002,0.0,0
60,MOEA/D,56,285.6666666666667,2386.7071440704626,1270.8333333333335,0.0,0
60,MOEA/D,57,287.33333333333337,2327.750566830068,1292.1666666666667,0.0,0
60,MOEA/D,58,287.33333333333337,2356.4141594226603,1278.3333333333335,0.0,0
60,MOEA/D,59,296.0,2316.6690795834197,1297.166666666667,0.0,0
60,MOEA/D,60,301.0,2301.5846779411786,1295.6666666666667,0.0,0
60,MOEA/D,61,301.0,2298.918566830068,1298.1666666666667,0.0,0
60,MOEA/D,62,301.0,2327.7481223856234,1281.166666666667,0.0,0
60,MOEA/D,63,299.0,2368.7074403667584,1272.1666666666667,0.0,0
60,MOEA/D,64,301.0,2289.421233496734,1310.1666666666665,0.0,0
60,MOEA/D,65,301.0,2298.918566830068,1298.1666666666667,0.0,0
60,MOEA/D,66,301.0,2307.5833446078454,1289.6666666666667,0.0,0
60,MOEA/D,67,301.0,2316.9156779411787,1285.1666666666667,0.0,0
60,MOEA/D,68,287.33333333333337,2327.750566830068,1292.1666666666667,0.0,0
60,MOEA/D,69,301.0,2327.7481223856234,1281.166666666667,0.0,0
60,MOEA/D,70,301.0,2301.5846779411786,1295.6666666666667,0.0,0
60,MOEA/D,71,285.6666666666667,2386.7071440704626,1270.8333333333335,0.0,0
60,MOEA/D,72,301.0,2340.079752015253,1273.5,0.0,0
60,MOEA/D,73,285.6666666666667,2386.7071440704626,1270.8333333333335,0.0,0
60,MOEA/D,74,301.0,2316.9156779411787,1285.1666666666667,0.0,0
60,MOEA/D,75,301.0,2289.421233496734,1310.1666666666665,0.0,0
60,MOEA/D,76,285.6666666666667,2365.913900163401,1277.1666666666665,0.0,0
60,MOEA/D,77,285.6666666666667,2365.913900163401,1277.1666666666665,0.0,0
60,MOEA/D,78,301.0,2301.5846779411786,1295.6666666666667,0.0,0
60,MOEA/D,79,301.0,2316.9156779411787,1285.1666666666667,0.0,0
60,MOEA/D,80,301.0,2327.7481223856234,1281.166666666667,0.0,0
60,MOEA/D,81,287.33333333333337,2327.750566830068,1292.1666666666667,0.0,0
60,MOEA/D,82,301.0,2307.5833446078454,1289.6666666666667,0.0,0
60,MOEA/D,83,301.0,2327.7481223856234,1281.166666666667,0.0,0
60,MOEA/D,84,287.33333333333337,2327.750566830068,1292.1666666666667,0.0,0
60,MOEA/D,85,301.0,2301.5846779411786,1295.6666666666667,0.0,0
60,MOEA/D,86,301.0,2301.5846779411786,1295.6666666666667,0.0,0
60,MOEA/D,87,301.0,2329.2473075708085,1277.5000000000002,0.0,0
60,MOEA/D,88,301.0,2329.2473075708085,1277.5000000000002,0.0,0
60,MOEA/D,89,301.0,2312.2497149782157,1288.3333333333335,0.0,0
60,MOEA/D,90,301.0,2307.5833446078454,1289.6666666666667,0.0,0
60,MOEA/D,91,301.0,2301.5846779411786,1295.6666666666667,0.0,0
60,MOEA/D,92,301.0,2305.9170112745123,1291.1666666666667,0.0,0
60,MOEA/D,93,287.33333333333337,2327.750566830068,1292.1666666666667,0.0,0
60,MOEA/D,94,301.0,2316.9156779411787,1285.1666666666667,0.0,0
60,MOEA/D,95,287.33333333333337,2327.750566830068,1292.1666666666667,0.0,0
60,MOEA/D,96,301.0,2301.5846779411786,1295.6666666666667,0.0,0
60,MOEA/D,97,301.0,2316.9156779411787,1285.1666666666667,0.0,0
60,MOEA/D,98,296.0,2318.417826089327,1294.8333333333335,0.0,0
60,MOEA/D,99,283.6666666666667,2338.7499001634014,1289.1666666666667,0.0,0
60,GA-SA,0,300.33333333333337,2533.859051720602,1269.5000000000002,0.0,1
60,A*-GA,0,293.6666666666667,2486.6201037500896,1325.3333333333335,0.0,1
60,A*-GA,1,293.6666666666667,2528.296206193889,1343.6666666666667,0.0,0
60,A*-GA,2,293.6666666666667,2480.620400046386,1326.6666666666665,0.0,0
60,A*-GA,3,293.6666666666667,2585.0437125539183,1343.3333333333333,0.0,0
60,A*-GA,4,293.6666666666667,2486.6201037500896,1325.3333333333335,0.0,0
60,A*-GA,5,293.6666666666667,2505.955363009349,1334.0000000000002,0.0,0
60,A*-GA,6,293.6666666666667,2486.6201037500896,1325.3333333333335,0.0,0
60,A*-GA,7,293.6666666666667,2475.950770416756,1313.3333333333333,0.0,0
60,A*-GA,8,293.6666666666667,2531.0209811628283,1330.9999999999998,0.0,0
60,A*-GA,9,293.6666666666667,2528.296206193889,1343.6666666666667,0.0,0
60,A*-GA,10,293.6666666666667,2488.2824567990747,1330.3333333333335,0.0,0
60,A*-GA,11,293.6666666666667,2486.6201037500896,1325.3333333333335,0.0,0
60,A*-GA,12,293.6666666666667,2541.9160355143645,1338.8333333333335,0.0,0
60,A*-GA,13,293.6666666666667,2486.6201037500896,1325.3333333333335,0.0,0
60,A*-GA,14,293.6666666666667,2569.9545481945343,1330.3333333333335,0.0,0
60,A*-GA,15,293.6666666666667,2540.278335877606,1346.666666666667,0.0,0
60,A*-GA,16,293.6666666666667,2582.876268109474,1339.8333333333333,0.0,0
60,A*-GA,17,293.6666666666667,2475.6270904331905,1338.3333333333333,0.0,0
60,A*-GA,18,293.6666666666667,2594.5241663480133,1345.3333333333333,0.0,0
60,A*-GA,19,293.6666666666667,2486.6201037500896,1325.3333333333335,0.0,0
60,A*-GA,20,293.6666666666667,2541.9160355143645,1338.8333333333335,0.0,0
60,A*-GA,21,293.6666666666667,2577.209045887252,1337.333333333333,0.0,0
60,A*-GA,22,293.6666666666667,2486.6201037500896,1325.3333333333335,0.0,0
60,A*-GA,23,293.6666666666667,2574.7095644057704,1339.6666666666667,0.0,0
60,A*-GA,24,293.6666666666667,2569.9545481945343,1330.3333333333335,0.0,0
60,A*-GA,25,293.6666666666667,2577.209045887252,1337.333333333333,0.0,0
60,A*-GA,26,293.6666666666667,2498.146309831773,1342.0,0.0,0
60,A*-GA,27,293.6666666666667,2531.08222069955,1336.6666666666667,0.0,0
60,A*-GA,28,293.6666666666667,2528.296206193889,1343.6666666666667,0.0,0
60,A*-GA,29,293.6666666666667,2508.78440734063,1341.8333333333335,0.0,0
60,A*-GA,30,293.6666666666667,2594.5241663480133,1345.3333333333333,0.0,0
60,A*-GA,31,293.6666666666667,2486.6201037500896,1325.3333333333335,0.0,0
60,A*-GA,32,293.6666666666667,2508.78440734063,1341.8333333333335,0.0,0
60,A*-GA,33,293.6666666666667,2486.6201037500896,1325.3333333333335,0.0,0
60,A*-GA,34,293.6666666666667,2581.0907670564684,1338.3333333333333,0.0,0
60,A*-GA,35,293.6666666666667,2486.6201037500896,1325.3333333333335,0.0,0
60,A*-GA,36,293.6666666666667,2473.137769576347,1338.3333333333335,0.0,0
60,A*-GA,37,293.6666666666667,2481.285585231571,1320.0,0.0,0
60,A*-GA,38,293.6666666666667,2541.9160355143645,1338.8333333333335,0.0,0
60,A*-GA,39,293.6666666666667,2559.288705641857,1322.6666666666667,0.0,0
60,A*-GA,40,293.6666666666667,2489.6170740072967,1338.8333333333335,0.0,0
60,A*-GA,41,293.6666666666667,2511.2884000463855,1332.6666666666665,0.0,0
60,A*-GA,42,293.6666666666667,2541.9160355143645,1338.8333333333335,0.0,0
60,A*-GA,43,293.6666666666667,2569.9545481945343,1330.3333333333335,0.0,0
60,A*-GA,44,293.6666666666667,2520.6930131989125,1340.6666666666665,0.0,0
60,A*-GA,45,293.6666666666667,2563.1262993813452,1336.6666666666665,0.0,0
60,A*-GA,46,293.6666666666667,2504.9866713944716,1333.3333333333335,0.0,0
60,A*-GA,47,293.6666666666667,2568.3279777454068,1336.0,0.0,0
60,A*-GA,48,293.6666666666667,2486.6201037500896,1325.3333333333335,0.0,0
60,A*-GA,49,293.6666666666667,2530.6279839716667,1336.6666666666667,0.0,0
60,A*-GA,50,293.6666666666667,2577.209045887252,1337.333333333333,0.0,0
60,A*-GA,51,293.6666666666667,2475.6270904331905,1338.3333333333333,0.0,0
60,A*-GA,52,293.6666666666667,2581.80488125497,1330.1666666666667,0.0,0
60,A*-GA,53,293.6666666666667,2597.044601442807,1347.3333333333333,0.0,0
60,A*-GA,54,293.6666666666667,2594.5241663480133,1345.3333333333333,0.0,0
60,A*-GA,55,293.6666666666667,2477.739035608244,1324.0,0.0,0
60,A*-GA,56,293.6666666666667,2595.711564405771,1348.6666666666667,0.0,0
60,A*-GA,57,293.6666666666667,2528.0754059786145,1337.6666666666667,0.0,0
60,A*-GA,58,293.6666666666667,2556.3809914284197,1333.6666666666665,0.0,0
60,A*-GA,59,293.6666666666667,2528.0754059786145,1337.6666666666667,0.0,0
60,A*-GA,60,293.6666666666667,2491.2061190056024,1333.8333333333333,0.0,0
60,A*-GA,61,293.6666666666667,2569.9545481945343,1330.3333333333335,0.0,0
60,A*-GA,62,293.6666666666667,2545.522573755421,1338.1666666666665,0.0,0
60,A*-GA,63,293.6666666666667,2486.6201037500896,1325.3333333333335,0.0,0
60,A*-GA,64,293.6666666666667,2480.903055323896,1336.5,0.0,0
60,A*-GA,65,293.6666666666667,2490.8719708574545,1330.1666666666667,0.0,0
60,A*-GA,66,293.6666666666667,2486.6201037500896,1325.3333333333335,0.0,0
60,A*-GA,67,293.6666666666667,2532.6204000463854,1326.6666666666667,0.0,0
60,A*-GA,68,293.6666666666667,2577.209045887252,1337.333333333333,0.0,0
60,A*-GA,69,293.6666666666667,2540.278335877606,1346.666666666667,0.0,0
60,A*-GA,70,293.6666666666667,2480.620400046386,1326.6666666666665,0.0,0
60,A*-GA,71,293.6666666666667,2552.053082470592,1343.5,0.0,0
60,A*-GA,72,293.6666666666667,2544.3757866279925,1337.6666666666665,0.0,0
60,A*-GA,73,293.6666666666667,2577.6183179501013,1330.3333333333335,0.0,0
60,A*-GA,74,293.6666666666667,2477.739035608244,1324.0,0.0,0
60,A*-GA,75,293.6666666666667,2592.190610792458,1344.3333333333333,0.0,0
60,A*-GA,76,293.6666666666667,2461.351716966508,1319.6666666666667,0.0,0
60,A*-GA,77,293.6666666666667,2574.7095644057704,1339.6666666666667,0.0,0
60,A*-GA,78,293.6666666666667,2540.278335877606,1346.666666666667,0.0,0
60,A*-GA,79,293.6666666666667,2486.6201037500896,1325.3333333333335,0.0,0
60,A*-GA,80,293.6666666666667,2569.7103792205853,1343.3333333333333,0.0,0
60,A*-GA,81,293.6666666666667,2549.4839325191156,1337.6666666666665,0.0,0
60,A*-GA,82,293.6666666666667,2495.188721903569,1335.8333333333333,0.0,0
60,A*-GA,83,293.6666666666667,2486.6201037500896,1325.3333333333335,0.0,0
60,A*-GA,84,293.6666666666667,2504.9866713944716,1333.3333333333335,0.0,0
60,A*-GA,85,293.6666666666667,2523.777558099828,1343.1666666666667,0.0,0
60,A*-GA,86,293.6666666666667,2477.614308650926,1323.6666666666667,0.0,0
60,A*-GA,87,293.6666666666667,2545.1111136553845,1344.1666666666667,0.0,0
60,A*-GA,88,293.6666666666667,2517.9714362430136,1339.8333333333333,0.0,0
60,A*-GA,89,293.6666666666667,2561.2502577365867,1342.8333333333333,0.0,0
60,LWC,0,287.33333333333337,2496.8912577275864,1287.3333333333335,0.0,1
60,LWC,1,297.3333333333333,2457.9538942992594,1308.3333333333333,0.0,0
60,LWC,2,289.0,2532.8694444939943,1280.3333333333335,0.0,0
60,LWC,3,295.33333333333337,2492.712470000698,1317.3333333333333,0.0,0
60,LWC,4,296.0,2474.454170562988,1305.1666666666665,0.0,0
60,LWC,5,296.6666666666667,2580.2478664885934,1269.3333333333333,0.0,0
60,LWC,6,289.0,2520.203518568068,1283.6666666666665,0.0,0
60,LWC,7,289.0,2532.8694444939943,1280.3333333333335,0.0,0
60,LWC,8,295.33333333333337,2492.712470000698,1317.3333333333333,0.0,0
60,LWC,9,298.99999999999994,2511.8318550322897,1280.3333333333333,0.0,0
60,LWC,10,296.0,2474.454170562988,1305.1666666666665,0.0,0
60,LWC,11,295.0,2545.070907118912,1270.6666666666667,0.0,0
60,LWC,12,298.99999999999994,2511.8318550322897,1280.3333333333333,0.0,0
60,LWC,13,289.0,2532.8694444939943,1280.3333333333335,0.0,0
60,LWC,14,295.33333333333337,2492.712470000698,1317.3333333333333,0.0,0
60,LWC,15,296.0,2474.454170562988,1305.1666666666665,0.0,0
60,LWC,16,289.0,2532.8694444939943,1280.3333333333335,0.0,0
60,LWC,17,296.0,2474.454170562988,1305.1666666666665,0.0,0
60,LWC,18,293.3333333333333,2495.9530446253557,1293.3333333333333,0.0,0
60,LWC,19,297.0,2459.6703184466155,1290.166666666667,0.0,0
60,LWC,20,289.0,2520.203518568068,1283.6666666666665,0.0,0
60,LWC,21,289.0,2520.203518568068,1283.6666666666665,0.0,0
60,LWC,22,300.3333333333333,2570.097899529034,1267.5000000000002,0.0,0
60,LWC,23,295.33333333333337,2492.712470000698,1317.3333333333333,0.0,0
60,LWC,24,296.0,2474.454170562988,1305.1666666666665,0.0,0
60,LWC,25,289.0,2532.8694444939943,1280.3333333333335,0.0,0
60,LWC,26,302.6666666666667,2476.6015860112675,1288.8333333333333,0.0,0
60,LWC,27,289.0,2520.203518568068,1283.6666666666665,0.0,0
60,LWC,28,289.0,2523.2028519014016,1280.6666666666667,0.0,0
60,LWC,29,289.0,2520.203518568068,1283.6666666666665,0.0,0
60,LWC,30,297.0,2501.487932699646,1280.3333333333335,0.0,0
60,LWC,31,289.0,2520.203518568068,1283.6666666666665,0.0,0
60,LWC,32,298.0,2457.5598503201795,1296.0,0.0,0
60,LWC,33,289.0,2520.203518568068,1283.6666666666665,0.0,0
60,LWC,34,289.0,2532.8694444939943,1280.3333333333335,0.0,0
60,LWC,35,289.0,2532.8694444939943,1280.3333333333335,0.0,0
60,LWC,36,289.0,2520.203518568068,1283.6666666666665,0.0,0
60,LWC,37,304.66666666666663,2454.561257727587,1302.3333333333335,0.0,0
60,LWC,38,289.0,2532.8694444939943,1280.3333333333335,0.0,0
60,LWC,39,288.6666666666667,2535.5361111606608,1280.3333333333335,0.0,0
60,LWC,40,289.0,2532.8694444939943,1280.3333333333335,0.0,0
60,LWC,41,289.0,2532.8694444939943,1280.3333333333335,0.0,0
60,LWC,42,293.3333333333333,2495.9530446253557,1293.3333333333333,0.0,0
60,LWC,43,289.0,2520.203518568068,1283.6666666666665,0.0,0
60,LWC,44,289.0,2532.8694444939943,1280.3333333333335,0.0,0
60,LWC,45,289.0,2532.8694444939943,1280.3333333333335,0.0,0
60,LWC,46,296.0,2474.454170562988,1305.1666666666665,0.0,0
60,LWC,47,289.0,2532.8694444939943,1280.3333333333335,0.0,0
60,LWC,48,287.33333333333337,2496.8912577275864,1287.3333333333335,0.0,0
60,LWC,49,296.0,2517.5374444939944,1286.3333333333333,0.0,0
60,LWC,50,293.3333333333333,2495.9530446253557,1293.3333333333333,0.0,0
60,LWC,51,289.0,2532.8694444939943,1280.3333333333335,0.0,0
60,LWC,52,289.0,2532.8694444939943,1280.3333333333335,0.0,0
60,LWC,53,289.0,2520.203518568068,1283.6666666666665,0.0,0
60,LWC,54,289.0,2520.203518568068,1283.6666666666665,0.0,0
60,LWC,55,291.0,2523.9672931209057,1272.0000000000002,0.0,0
60,LWC,56,289.0,2532.8694444939943,1280.3333333333335,0.0,0
60,LWC,57,289.0,2533.869222271772,1279.3333333333335,0.0,0
60,LWC,58,287.33333333333337,2496.8912577275864,1287.3333333333335,0.0,0
60,LWC,59,289.0,2532.8694444939943,1280.3333333333335,0.0,0
60,LWC,60,289.0,2520.203518568068,1283.6666666666665,0.0,0
60,LWC,61,289.0,2520.203518568068,1283.6666666666665,0.0,0
60,LWC,62,289.0,2532.8694444939943,1280.3333333333335,0.0,0
60,LWC,63,297.0,2459.6703184466155,1290.166666666667,0.0,0
60,LWC,64,317.0,2513.0695968088417,1277.6666666666667,0.0,0
60,LWC,65,289.0,2532.8694444939943,1280.3333333333335,0.0,0
60,LWC,66,289.0,2520.203518568068,1283.6666666666665,0.0,0
