seed,algo,t_ms,hv_now,bsf_hv
1,AW-NSGA-II,49.529,0.0,0.0
1,AW-NSGA-II,94.488,0.0,0.0
1,AW-NSGA-II,148.84,0.004781009974094033,0.004781009974094033
1,AW-NSGA-II,197.885,0.04702596013195819,0.04702596013195819
1,AW-NSGA-II,246.588,0.08972990954984864,0.08972990954984864
1,AW-NSGA-II,299.095,0.11293776012308926,0.11293776012308926
1,AW-NSGA-II,347.149,0.20257705319301256,0.20257705319301256
1,AW-NSGA-II,398.445,0.27656056838585646,0.27656056838585646
1,AW-NSGA-II,447.106,0.3447354368631002,0.3447354368631002
1,AW-NSGA-II,497.042,0.4311810440102076,0.4311810440102076
1,AW-NSGA-II,549.71,0.5178374413118854,0.5178374413118854
1,AW-NSGA-II,596.444,0.5222342978602277,0.5222342978602277
1,AW-NSGA-II,648.023,0.5394771830703893,0.5394771830703893
1,AW-NSGA-II,698.407,0.5698682295591618,0.5698682295591618
1,AW-NSGA-II,749.833,0.6378930238667229,0.6378930238667229
1,AW-NSGA-II,799.837,0.6410584436699343,0.6410584436699343
1,AW-NSGA-II,829.44,0.6502085804476812,0.6502085804476812
1,MOEA/D,47.687,0.0,0.0
1,MOEA/D,93.88,0.0,0.0
1,MOEA/D,143.704,0.0,0.0
1,MOEA/D,190.312,0.004791574122841058,0.004791574122841058
1,MOEA/D,237.941,0.02030352995008261,0.02030352995008261
1,MOEA/D,285.573,0.025061611745737043,0.025061611745737043
1,MOEA/D,348.253,0.049525937532015396,0.049525937532015396
1,MOEA/D,397.121,0.14795869733898345,0.14795869733898345
1,MOEA/D,445.567,0.19861624890050666,0.19861624890050666
1,MOEA/D,492.359,0.338625504193631,0.338625504193631
1,MOEA/D,540.556,0.35116637301774023,0.35116637301774023
1,MOEA/D,588.118,0.38939321428007995,0.38939321428007995
1,MOEA/D,636.656,0.4275704645874637,0.4275704645874637
1,MOEA/D,699.996,0.5151390655370498,0.5151390655370498
1,MOEA/D,747.367,0.5368722284429446,0.5368722284429446
1,MOEA/D,795.151,0.5368722284429446,0.5368722284429446
1,MOEA/D,843.267,0.5821136158631527,0.5821136158631527
1,MOEA/D,891.546,0.5968394636971581,0.5968394636971581
1,MOEA/D,940.437,0.6318726240434156,0.6318726240434156
1,MOEA/D,986.669,0.6370886038062277,0.6370886038062277
1,MOEA/D,1034.628,0.6373790093734463,0.6373790093734463
1,MOEA/D,1099.836,0.6559947178897285,0.6559947178897285
1,MOEA/D,1145.459,0.6671461908860536,0.6671461908860536
1,MOEA/D,1191.496,0.6784158931304145,0.6784158931304145
1,MOEA/D,1236.847,0.6995327757195506,0.6995327757195506
1,MOEA/D,1298.69,0.7095734653336846,0.7095734653336846
1,MOEA/D,1346.1,0.7185973440922906,0.7185973440922906
1,MOEA/D,1392.959,0.7195406483282325,0.7195406483282325
1,MOEA/D,1441.67,0.7330640620764323,0.7330640620764323
1,MOEA/D,1490.144,0.7486816834687293,0.7486816834687293
1,MOEA/D,1535.772,0.7486816834687293,0.7486816834687293
1,MOEA/D,1599.146,0.7713032983975753,0.7713032983975753
1,MOEA/D,1645.461,0.773127180039521,0.773127180039521
1,MOEA/D,1691.602,0.7746826784227138,0.7746826784227138
1,MOEA/D,1737.288,0.778434881911158,0.778434881911158
1,MOEA/D,1797.638,0.8060560156063509,0.8060560156063509
1,MOEA/D,1845.18,0.8278904692960531,0.8278904692960531
1,MOEA/D,1892.577,0.8254642506869321,0.8278904692960531
1,MOEA/D,1937.926,0.8507060612566117,0.8507060612566117
1,MOEA/D,1985.385,0.853123104798202,0.853123104798202
1,MOEA/D,2047.673,0.8480572223770442,0.853123104798202
1,MOEA/D,2093.844,0.8506357515756434,0.853123104798202
1,MOEA/D,2140.905,0.8661507156598542,0.8661507156598542
1,MOEA/D,2186.978,0.8941980371187899,0.8941980371187899
1,MOEA/D,2249.831,0.8941980371187899,0.8941980371187899
1,MOEA/D,2296.855,0.9062438621767326,0.9062438621767326
1,MOEA/D,2342.944,0.910698134281372,0.910698134281372
1,MOEA/D,2390.557,0.9154053670981355,0.9154053670981355
1,MOEA/D,2438.13,0.9151355784588715,0.9154053670981355
1,MOEA/D,2499.236,0.9144685265996599,0.9154053670981355
1,MOEA/D,2545.017,0.9165199655645935,0.9165199655645935
1,MOEA/D,2591.9,0.9165202325329693,0.9165202325329693
1,MOEA/D,2638.588,0.9170814278375914,0.9170814278375914
1,MOEA/D,2685.703,0.9157359714607739,0.9170814278375914
1,MOEA/D,2747.191,0.9289000281649379,0.9289000281649379
1,MOEA/D,2793.879,0.9291638565927749,0.9291638565927749
1,MOEA/D,2841.619,0.9297221924448842,0.9297221924448842
1,MOEA/D,2888.973,0.9297404939649749,0.9297404939649749
1,MOEA/D,2935.336,0.9307720121359928,0.9307720121359928
1,MOEA/D,2998.182,0.9308465601459484,0.9308465601459484
1,MOEA/D,3044.165,0.9308465601459484,0.9308465601459484
1,MOEA/D,3089.548,0.9308465601459484,0.9308465601459484
1,MOEA/D,3121.173,0.9308282586258575,0.9308465601459484
2,AW-NSGA-II,48.669,0.0,0.0
2,AW-NSGA-II,96.357,0.0,0.0
2,AW-NSGA-II,146.676,0.008366301985553534,0.008366301985553534
2,AW-NSGA-II,196.227,0.011461696479837335,0.011461696479837335
2,AW-NSGA-II,246.738,0.05773635219166412,0.05773635219166412
2,AW-NSGA-II,299.866,0.06384320857215961,0.06384320857215961
2,AW-NSGA-II,347.416,0.07422945138617887,0.07422945138617887
2,AW-NSGA-II,397.448,0.10642779423022555,0.10642779423022555
2,AW-NSGA-II,447.57,0.15015524324672525,0.15015524324672525
2,AW-NSGA-II,498.706,0.17551156543669558,0.17551156543669558
2,AW-NSGA-II,548.992,0.19164923444152393,0.19164923444152393
2,AW-NSGA-II,596.091,0.2159912234216308,0.2159912234216308
2,AW-NSGA-II,648.619,0.2287461252179317,0.2287461252179317
2,AW-NSGA-II,697.242,0.23714462304676234,0.23714462304676234
2,AW-NSGA-II,749.3,0.25085872167625667,0.25085872167625667
2,AW-NSGA-II,799.952,0.25667417193201114,0.25667417193201114
2,AW-NSGA-II,836.149,0.26008948206912164,0.26008948206912164
2,MOEA/D,33.734,0.0,0.0
2,MOEA/D,84.117,0.0,0.0
2,MOEA/D,149.18,0.0,0.0
2,MOEA/D,199.785,0.0,0.0
2,MOEA/D,248.729,0.010471547418393786,0.010471547418393786
2,MOEA/D,284.16,0.04140985298937268,0.04140985298937268
2,MOEA/D,348.92,0.07183041314319039,0.07183041314319039
2,MOEA/D,397.173,0.11307204065693585,0.11307204065693585
2,MOEA/D,445.542,0.18235566030415104,0.18235566030415104
2,MOEA/D,493.228,0.21038482578223378,0.21038482578223378
2,MOEA/D,541.089,0.21942672291194873,0.21942672291194873
2,MOEA/D,588.862,0.2845292402929521,0.2845292402929521
2,MOEA/D,637.493,0.3100232121560194,0.3100232121560194
2,MOEA/D,687.034,0.382661163316815,0.382661163316815
2,MOEA/D,735.461,0.40047225041168555,0.40047225041168555
2,MOEA/D,799.872,0.42146995911521434,0.42146995911521434
2,MOEA/D,849.359,0.42555576288553976,0.42555576288553976
2,MOEA/D,883.356,0.4256154082175554,0.4256154082175554
2,MOEA/D,936.223,0.44048448367196597,0.44048448367196597
2,MOEA/D,985.542,0.4416474957267877,0.4416474957267877
2,MOEA/D,1040.903,0.439279750558382,0.4416474957267877
2,MOEA/D,1086.487,0.4712723502400066,0.4712723502400066
2,MOEA/D,1148.053,0.48352976823806726,0.48352976823806726
2,MOEA/D,1196.574,0.49511289666696223,0.49511289666696223
2,MOEA/D,1243.029,0.5194958704039901,0.5194958704039901
2,MOEA/D,1291.181,0.5207841918015808,0.5207841918015808
2,MOEA/D,1339.38,0.5208002035601973,0.5208002035601973
2,MOEA/D,1386.823,0.535281137757389,0.535281137757389
2,MOEA/D,1437.314,0.5587079241192555,0.5587079241192555
2,MOEA/D,1484.224,0.5586169188712737,0.5587079241192555
2,MOEA/D,1549.674,0.6211997401375792,0.6211997401375792
2,MOEA/D,1596.132,0.6231887130602733,0.6231887130602733
2,MOEA/D,1642.504,0.6436819803052257,0.6436819803052257
2,MOEA/D,1690.776,0.6672019723240352,0.6672019723240352
2,MOEA/D,1740.512,0.6736413884475672,0.6736413884475672
2,MOEA/D,1785.539,0.6862150280937132,0.6862150280937132
2,MOEA/D,1848.817,0.7098262673154334,0.7098262673154334
2,MOEA/D,1894.985,0.7595560143335205,0.7595560143335205
2,MOEA/D,1942.25,0.774685270905576,0.774685270905576
2,MOEA/D,1988.57,0.7824742833471159,0.7824742833471159
2,MOEA/D,2049.574,0.8006001798557597,0.8006001798557597
2,MOEA/D,2096.269,0.8135356671420393,0.8135356671420393
2,MOEA/D,2144.751,0.8161527825436103,0.8161527825436103
2,MOEA/D,2191.108,0.8161527825436103,0.8161527825436103
2,MOEA/D,2238.895,0.822566548091265,0.822566548091265
2,MOEA/D,2286.853,0.8170036519887964,0.822566548091265
2,MOEA/D,2349.579,0.8292780622765638,0.8292780622765638
2,MOEA/D,2397.385,0.8445810844917675,0.8445810844917675
2,MOEA/D,2443.623,0.8450379826269855,0.8450379826269855
2,MOEA/D,2491.725,0.8484400231467273,0.8484400231467273
2,MOEA/D,2540.04,0.8484400231467273,0.8484400231467273
2,MOEA/D,2586.548,0.8484400231467273,0.8484400231467273
2,MOEA/D,2649.127,0.8641154182744153,0.8641154182744153
2,MOEA/D,2694.739,0.8911784186926172,0.8911784186926172
2,MOEA/D,2742.302,0.8920071341742223,0.8920071341742223
2,MOEA/D,2789.542,0.8920071341742223,0.8920071341742223
2,MOEA/D,2836.272,0.8920071341742223,0.8920071341742223
2,MOEA/D,2899.65,0.8933488533682188,0.8933488533682188
2,MOEA/D,2947.701,0.8933488533682188,0.8933488533682188
2,MOEA/D,2994.112,0.894080308045998,0.894080308045998
2,MOEA/D,3041.762,0.894080308045998,0.894080308045998
2,MOEA/D,3087.397,0.894080308045998,0.894080308045998
2,MOEA/D,3148.572,0.895059862089103,0.895059862089103
2,MOEA/D,3197.092,0.895536591679964,0.895536591679964
3,AW-NSGA-II,48.61,0.0,0.0
3,AW-NSGA-II,98.512,0.0,0.0
3,AW-NSGA-II,147.307,0.0,0.0
3,AW-NSGA-II,196.384,0.032206715783276135,0.032206715783276135
3,AW-NSGA-II,246.151,0.10009976245970076,0.10009976245970076
3,AW-NSGA-II,296.918,0.1501842707325282,0.1501842707325282
3,AW-NSGA-II,349.743,0.1893340978482693,0.1893340978482693
3,AW-NSGA-II,398.623,0.20869517041611507,0.20869517041611507
3,AW-NSGA-II,449.098,0.22486692968605582,0.22486692968605582
3,AW-NSGA-II,498.092,0.2644216495036018,0.2644216495036018
3,AW-NSGA-II,546.936,0.28644559388149704,0.28644559388149704
3,AW-NSGA-II,597.628,0.3176172849856238,0.3176172849856238
3,AW-NSGA-II,646.618,0.3305943388868759,0.3305943388868759
3,AW-NSGA-II,698.185,0.3404669524615141,0.3404669524615141
3,AW-NSGA-II,748.673,0.34362961150986393,0.34362961150986393
3,AW-NSGA-II,796.826,0.40846820115218163,0.40846820115218163
3,AW-NSGA-II,827.079,0.4224347035053846,0.4224347035053846
3,MOEA/D,46.673,0.0,0.0
3,MOEA/D,93.839,0.0,0.0
3,MOEA/D,140.271,0.0,0.0
3,MOEA/D,186.756,0.0,0.0
3,MOEA/D,249.828,0.0,0.0
3,MOEA/D,296.337,0.0,0.0
3,MOEA/D,342.723,0.005022030086356244,0.005022030086356244
3,MOEA/D,390.796,0.012515261503346128,0.012515261503346128
3,MOEA/D,438.633,0.03109873423375433,0.03109873423375433
3,MOEA/D,487.087,0.03610772382196806,0.03610772382196806
3,MOEA/D,534.083,0.035551534180084124,0.03610772382196806
3,MOEA/D,597.072,0.040654454163887396,0.040654454163887396
3,MOEA/D,644.34,0.05756024411540418,0.05756024411540418
3,MOEA/D,689.312,0.07520078584120317,0.07520078584120317
3,MOEA/D,735.99,0.08334751215148328,0.08334751215148328
3,MOEA/D,799.17,0.13208297959536974,0.13208297959536974
3,MOEA/D,844.801,0.13470240694700386,0.13470240694700386
3,MOEA/D,891.381,0.14908444213982996,0.14908444213982996
3,MOEA/D,939.416,0.15188712269003657,0.15188712269003657
3,MOEA/D,988.356,0.15410843522607898,0.15410843522607898
3,MOEA/D,1036.116,0.1713661895366311,0.1713661895366311
3,MOEA/D,1097.404,0.1752939602954594,0.1752939602954594
3,MOEA/D,1146.383,0.17583658825761841,0.17583658825761841
3,MOEA/D,1195.014,0.18655336995556776,0.18655336995556776
3,MOEA/D,1241.473,0.19905571773619868,0.19905571773619868
3,MOEA/D,1289.407,0.20300853166446997,0.20300853166446997
3,MOEA/D,1336.02,0.21366995858908866,0.21366995858908866
3,MOEA/D,1384.744,0.21222952771252585,0.21366995858908866
3,MOEA/D,1432.259,0.22738047133012362,0.22738047133012362
3,MOEA/D,1497.076,0.2422901348366463,0.2422901348366463
3,MOEA/D,1544.264,0.2423400864557219,0.2423400864557219
3,MOEA/D,1592.223,0.24866742705222622,0.24866742705222622
3,MOEA/D,1640.458,0.2889319332557259,0.2889319332557259
3,MOEA/D,1687.961,0.29805777627866725,0.29805777627866725
3,MOEA/D,1734.7,0.38081045391870344,0.38081045391870344
3,MOEA/D,1784.937,0.404289936497865,0.404289936497865
3,MOEA/D,1848.288,0.4069492978037522,0.4069492978037522
3,MOEA/D,1895.004,0.42986613373765126,0.42986613373765126
3,MOEA/D,1942.038,0.45916223466923495,0.45916223466923495
3,MOEA/D,1988.784,0.4619068573561829,0.4619068573561829
3,MOEA/D,2037.447,0.46520285999055144,0.46520285999055144
3,MOEA/D,2086.768,0.46520285999055144,0.46520285999055144
3,MOEA/D,2148.886,0.5070993597019795,0.5070993597019795
3,MOEA/D,2196.659,0.5108304205164301,0.5108304205164301
3,MOEA/D,2243.582,0.5134012215917281,0.5134012215917281
3,MOEA/D,2291.529,0.5314974401652673,0.5314974401652673
3,MOEA/D,2339.19,0.537388830347226,0.537388830347226
3,MOEA/D,2386.027,0.5382655818232496,0.5382655818232496
3,MOEA/D,2434.684,0.5382655818232496,0.5382655818232496
3,MOEA/D,2498.681,0.5398601028452263,0.5398601028452263
3,MOEA/D,2545.403,0.5446908654716017,0.5446908654716017
3,MOEA/D,2595.984,0.5460789923935399,0.5460789923935399
3,MOEA/D,2641.894,0.5618236122603004,0.5618236122603004
3,MOEA/D,2689.677,0.5595165261196642,0.5618236122603004
3,MOEA/D,2737.864,0.5699425147529908,0.5699425147529908
3,MOEA/D,2783.798,0.5697811064062812,0.5699425147529908
3,MOEA/D,2848.068,0.5946094809110002,0.5946094809110002
3,MOEA/D,2894.776,0.5997513461780754,0.5997513461780754
3,MOEA/D,2943.937,0.603468914604299,0.603468914604299
3,MOEA/D,2989.938,0.6035301577114374,0.6035301577114374
3,MOEA/D,3038.185,0.6038854047432931,0.6038854047432931
3,MOEA/D,3085.117,0.6035374641157321,0.6038854047432931
3,MOEA/D,3148.744,0.60839422921773,0.60839422921773
4,AW-NSGA-II,47.564,0.0,0.0
4,AW-NSGA-II,99.188,0.0,0.0
4,AW-NSGA-II,147.258,0.0023822782124339283,0.0023822782124339283
4,AW-NSGA-II,199.335,0.0026142935831260515,0.0026142935831260515
4,AW-NSGA-II,246.855,0.00395430188677868,0.00395430188677868
4,AW-NSGA-II,299.846,0.01592849427021802,0.01592849427021802
4,AW-NSGA-II,347.338,0.04586230536214883,0.04586230536214883
4,AW-NSGA-II,398.18,0.0694325815169429,0.0694325815169429
4,AW-NSGA-II,449.896,0.0994834512809216,0.0994834512809216
4,AW-NSGA-II,497.173,0.15390164634655706,0.15390164634655706
4,AW-NSGA-II,549.188,0.18537598253403853,0.18537598253403853
4,AW-NSGA-II,599.963,0.21086864278572998,0.21086864278572998
4,AW-NSGA-II,647.67,0.25923880252931375,0.25923880252931375
4,AW-NSGA-II,695.553,0.36869448981621733,0.36869448981621733
4,AW-NSGA-II,749.586,0.3709644700224426,0.3709644700224426
4,AW-NSGA-II,797.715,0.41646890321040403,0.41646890321040403
4,AW-NSGA-II,801.877,0.4164806347323032,0.4164806347323032
4,MOEA/D,46.479,0.0,0.0
4,MOEA/D,92.359,0.0,0.0
4,MOEA/D,138.92,0.0,0.0
4,MOEA/D,185.046,0.0,0.0
4,MOEA/D,245.679,0.0,0.0
4,MOEA/D,291.502,0.00944823092548856,0.00944823092548856
4,MOEA/D,339.259,0.02596645109864126,0.02596645109864126
4,MOEA/D,385.966,0.07232333739093554,0.07232333739093554
4,MOEA/D,447.203,0.1226689527189723,0.1226689527189723
4,MOEA/D,493.867,0.14498204659575156,0.14498204659575156
4,MOEA/D,540.258,0.17425267640552952,0.17425267640552952
4,MOEA/D,585.885,0.19896405419063895,0.19896405419063895
4,MOEA/D,648.194,0.2122157457277965,0.2122157457277965
4,MOEA/D,694.605,0.21584938068101645,0.21584938068101645
4,MOEA/D,742.057,0.23683887097702644,0.23683887097702644
4,MOEA/D,787.916,0.25096934555250194,0.25096934555250194
4,MOEA/D,835.492,0.26975863836809566,0.26975863836809566
4,MOEA/D,896.926,0.28511628505228126,0.28511628505228126
4,MOEA/D,942.614,0.28774600446560683,0.28774600446560683
4,MOEA/D,988.406,0.28909547220387255,0.28909547220387255
4,MOEA/D,1049.536,0.334558423622099,0.334558423622099
4,MOEA/D,1096.146,0.3756688075513368,0.3756688075513368
4,MOEA/D,1142.36,0.37502199355993204,0.3756688075513368
4,MOEA/D,1188.605,0.3803677562224107,0.3803677562224107
4,MOEA/D,1235.118,0.40854698365392367,0.40854698365392367
4,MOEA/D,1296.6,0.4253711307411783,0.4253711307411783
4,MOEA/D,1342.436,0.43502174454175363,0.43502174454175363
4,MOEA/D,1387.977,0.43138722259601314,0.43502174454175363
4,MOEA/D,1449.219,0.43138722259601314,0.43502174454175363
4,MOEA/D,1495.545,0.43440911837757235,0.43502174454175363
4,MOEA/D,1541.001,0.4267817145495628,0.43502174454175363
4,MOEA/D,1586.937,0.42696114807545726,0.43502174454175363
4,MOEA/D,1647.658,0.4335833084072783,0.43502174454175363
4,MOEA/D,1693.371,0.4467569464712699,0.4467569464712699
4,MOEA/D,1738.774,0.44727463819605917,0.44727463819605917
4,MOEA/D,1784.777,0.44984615730808264,0.44984615730808264
4,MOEA/D,1846.83,0.45006770413887603,0.45006770413887603
4,MOEA/D,1892.452,0.45079901019776036,0.45079901019776036
4,MOEA/D,1938.517,0.45100918219600133,0.45100918219600133
4,MOEA/D,1998.431,0.4516215576856414,0.4516215576856414
4,MOEA/D,2043.632,0.4540015784665252,0.4540015784665252
4,MOEA/D,2089.598,0.4550578195120965,0.4550578195120965
4,MOEA/D,2149.735,0.4558750981716403,0.4558750981716403
4,MOEA/D,2195.833,0.4578528363014498,0.4578528363014498
4,MOEA/D,2241.462,0.4610901955545419,0.4610901955545419
4,MOEA/D,2288.186,0.4668200505911788,0.4668200505911788
4,MOEA/D,2349.607,0.46791765243868566,0.46791765243868566
4,MOEA/D,2396.733,0.47826011195514107,0.47826011195514107
4,MOEA/D,2443.325,0.47826929585605893,0.47826929585605893
4,MOEA/D,2489.768,0.47826929585605893,0.47826929585605893
4,MOEA/D,2535.343,0.4797939284788706,0.4797939284788706
4,MOEA/D,2596.662,0.48798724303032115,0.48798724303032115
4,MOEA/D,2643.106,0.48789423438232665,0.48798724303032115
4,MOEA/D,2689.451,0.49335322368275175,0.49335322368275175
4,MOEA/D,2736.122,0.4893558455359458,0.49335322368275175
4,MOEA/D,2799.46,0.4903431303595607,0.49335322368275175
4,MOEA/D,2845.648,0.49222374820909787,0.49335322368275175
4,MOEA/D,2890.777,0.49589259118380974,0.49589259118380974
4,MOEA/D,2937.381,0.5023570127854933,0.5023570127854933
4,MOEA/D,2998.411,0.5027262755352173,0.5027262755352173
4,MOEA/D,3043.51,0.4967826949194023,0.5027262755352173
4,MOEA/D,3058.934,0.4967826949194023,0.5027262755352173
5,AW-NSGA-II,48.172,0.0,0.0
5,AW-NSGA-II,98.306,0.0,0.0
5,AW-NSGA-II,146.762,0.0005577490892699111,0.0005577490892699111
5,AW-NSGA-II,196.768,0.037082829073479456,0.037082829073479456
5,AW-NSGA-II,249.311,0.08220934385167852,0.08220934385167852
5,AW-NSGA-II,299.414,0.1420291966779698,0.1420291966779698
5,AW-NSGA-II,349.1,0.1581111845154493,0.1581111845154493
5,AW-NSGA-II,397.889,0.22534520513760042,0.22534520513760042
5,AW-NSGA-II,447.479,0.29047324152009935,0.29047324152009935
5,AW-NSGA-II,498.229,0.31088505539636946,0.31088505539636946
5,AW-NSGA-II,548.132,0.33328122143591227,0.33328122143591227
5,AW-NSGA-II,596.151,0.35126378288430454,0.35126378288430454
5,AW-NSGA-II,648.448,0.3914737914457051,0.3914737914457051
5,AW-NSGA-II,699.337,0.4103486788987054,0.4103486788987054
5,AW-NSGA-II,746.92,0.42059558186361756,0.42059558186361756
5,AW-NSGA-II,798.318,0.4379416773497109,0.4379416773497109
5,AW-NSGA-II,836.814,0.45715835777386765,0.45715835777386765
5,MOEA/D,48.759,0.0,0.0
5,MOEA/D,96.152,0.0,0.0
5,MOEA/D,143.442,0.0,0.0
5,MOEA/D,192.154,0.0,0.0
5,MOEA/D,240.382,0.0,0.0
5,MOEA/D,289.076,0.003653372587680096,0.003653372587680096
5,MOEA/D,337.391,0.012065746982782963,0.012065746982782963
5,MOEA/D,385.07,0.034393999670795754,0.034393999670795754
5,MOEA/D,448.613,0.1113754750075039,0.1113754750075039
5,MOEA/D,497.074,0.21158697810624916,0.21158697810624916
5,MOEA/D,543.913,0.23764150752315674,0.23764150752315674
5,MOEA/D,592.994,0.2569415240202007,0.2569415240202007
5,MOEA/D,640.249,0.2569701184617752,0.2569701184617752
5,MOEA/D,688.195,0.260565858999357,0.260565858999357
5,MOEA/D,736.585,0.3146919684208395,0.3146919684208395
5,MOEA/D,786.012,0.3418421655025998,0.3418421655025998
5,MOEA/D,834.227,0.3432070745613675,0.3432070745613675
5,MOEA/D,899.598,0.4314984062447198,0.4314984062447198
5,MOEA/D,949.46,0.4695422907764145,0.4695422907764145
5,MOEA/D,998.305,0.47476200136723734,0.47476200136723734
5,MOEA/D,1047.895,0.5506503609950089,0.5506503609950089
5,MOEA/D,1096.198,0.5506503609950089,0.5506503609950089
5,MOEA/D,1144.924,0.5912571842192935,0.5912571842192935
5,MOEA/D,1194.127,0.5912571842192935,0.5912571842192935
5,MOEA/D,1241.792,0.627598194113497,0.627598194113497
5,MOEA/D,1290.722,0.6280928730236246,0.6280928730236246
5,MOEA/D,1339.174,0.6325191155303839,0.6325191155303839
5,MOEA/D,1385.909,0.6344987672241673,0.6344987672241673
5,MOEA/D,1449.917,0.6444477139642886,0.6444477139642886
5,MOEA/D,1499.072,0.6436704901104016,0.6444477139642886
5,MOEA/D,1547.718,0.6501538694680311,0.6501538694680311
5,MOEA/D,1594.94,0.6502414811747373,0.6502414811747373
5,MOEA/D,1643.077,0.658468389102254,0.658468389102254
5,MOEA/D,1689.699,0.6628813986182298,0.6628813986182298
5,MOEA/D,1736.449,0.6770135915144393,0.6770135915144393
5,MOEA/D,1799.449,0.6805494432669784,0.6805494432669784
5,MOEA/D,1846.16,0.6707431590470971,0.6805494432669784
5,MOEA/D,1893.091,0.6725868171439854,0.6805494432669784
5,MOEA/D,1940.819,0.6723241541466711,0.6805494432669784
5,MOEA/D,1988.524,0.6729238656954091,0.6805494432669784
5,MOEA/D,2035.589,0.6759428454483969,0.6805494432669784
5,MOEA/D,2098.641,0.6765560485126397,0.6805494432669784
5,MOEA/D,2146.016,0.676711288237212,0.6805494432669784
5,MOEA/D,2192.948,0.693368776846323,0.693368776846323
5,MOEA/D,2239.624,0.7047148529864563,0.7047148529864563
5,MOEA/D,2286.742,0.7047148529864563,0.7047148529864563
5,MOEA/D,2334.368,0.7065756174417949,0.7065756174417949
5,MOEA/D,2396.95,0.7092079355994029,0.7092079355994029
5,MOEA/D,2444.588,0.7092079355994029,0.7092079355994029
5,MOEA/D,2491.527,0.709214164059558,0.709214164059558
5,MOEA/D,2538.496,0.7171659842779359,0.7171659842779359
5,MOEA/D,2585.376,0.7173476494414117,0.7173476494414117
5,MOEA/D,2647.832,0.7173476494414117,0.7173476494414117
5,MOEA/D,2695.751,0.7176131295722051,0.7176131295722051
5,MOEA/D,2742.876,0.7176131295722051,0.7176131295722051
5,MOEA/D,2789.645,0.7176131295722051,0.7176131295722051
5,MOEA/D,2837.143,0.7176643886604224,0.7176643886604224
5,MOEA/D,2899.719,0.7241915047845239,0.7241915047845239
5,MOEA/D,2946.522,0.7253222655584483,0.7253222655584483
5,MOEA/D,2993.449,0.7253778627606748,0.7253778627606748
5,MOEA/D,3040.187,0.7265637153378537,0.7265637153378537
5,MOEA/D,3087.215,0.7666395091625775,0.7666395091625775
5,MOEA/D,3134.628,0.7666674860780094,0.7666674860780094
5,MOEA/D,3166.273,0.7667328366884997,0.7667328366884997
6,AW-NSGA-II,49.5,0.0,0.0
6,AW-NSGA-II,99.194,0.0,0.0
6,AW-NSGA-II,148.153,0.0,0.0
6,AW-NSGA-II,197.627,0.0,0.0
6,AW-NSGA-II,247.888,0.0,0.0
6,AW-NSGA-II,297.922,0.0018116264101708458,0.0018116264101708458
6,AW-NSGA-II,347.351,0.021244754722643113,0.021244754722643113
6,AW-NSGA-II,397.066,0.035491007561703716,0.035491007561703716
6,AW-NSGA-II,446.533,0.05601110221577981,0.05601110221577981
6,AW-NSGA-II,496.435,0.08242900732072113,0.08242900732072113
6,AW-NSGA-II,546.686,0.12057855413727368,0.12057855413727368
6,AW-NSGA-II,597.276,0.18126159287001414,0.18126159287001414
6,AW-NSGA-II,647.767,0.22370763928044435,0.22370763928044435
6,AW-NSGA-II,696.78,0.23660692689289614,0.23660692689289614
6,AW-NSGA-II,746.869,0.27041061281069695,0.27041061281069695
6,AW-NSGA-II,796.56,0.327348883180805,0.327348883180805
6,AW-NSGA-II,825.356,0.34112351025875554,0.34112351025875554
6,MOEA/D,47.04,0.0,0.0
6,MOEA/D,94.537,0.0,0.0
6,MOEA/D,142.157,0.0,0.0
6,MOEA/D,189.344,0.0,0.0
6,MOEA/D,239.398,0.0,0.0
6,MOEA/D,285.533,0.007466863308418417,0.007466863308418417
6,MOEA/D,349.459,0.04494103986431314,0.04494103986431314
6,MOEA/D,396.65,0.057356945009665955,0.057356945009665955
6,MOEA/D,443.363,0.06783381663573448,0.06783381663573448
6,MOEA/D,490.566,0.1376741100254099,0.1376741100254099
6,MOEA/D,538.477,0.17739070621122907,0.17739070621122907
6,MOEA/D,587.446,0.20919446612181464,0.20919446612181464
6,MOEA/D,646.236,0.25403466087764526,0.25403466087764526
6,MOEA/D,693.139,0.27804802886191726,0.27804802886191726
6,MOEA/D,741.003,0.3310723341043006,0.3310723341043006
6,MOEA/D,788.771,0.36446691613062393,0.36446691613062393
6,MOEA/D,836.562,0.370297011680671,0.370297011680671
6,MOEA/D,899.318,0.3812206367169202,0.3812206367169202
6,MOEA/D,947.094,0.3945433808929838,0.3945433808929838
6,MOEA/D,995.243,0.4191670154508716,0.4191670154508716
6,MOEA/D,1043.059,0.4318432956096379,0.4318432956096379
6,MOEA/D,1090.793,0.4462914535106629,0.4462914535106629
6,MOEA/D,1137.917,0.5051894513229209,0.5051894513229209
6,MOEA/D,1185.965,0.5167836002319299,0.5167836002319299
6,MOEA/D,1248.392,0.5394685231982275,0.5394685231982275
6,MOEA/D,1295.224,0.5435667357087053,0.5435667357087053
6,MOEA/D,1343.082,0.5410574470873126,0.5435667357087053
6,MOEA/D,1390.195,0.5575368939594145,0.5575368939594145
6,MOEA/D,1439.342,0.5680148145841348,0.5680148145841348
6,MOEA/D,1487.321,0.570892110130049,0.570892110130049
6,MOEA/D,1535.257,0.5823486515627181,0.5823486515627181
6,MOEA/D,1599.03,0.6226263576729859,0.6226263576729859
6,MOEA/D,1646.535,0.6335792799350559,0.6335792799350559
6,MOEA/D,1693.757,0.633646520594046,0.633646520594046
6,MOEA/D,1742.656,0.6385455878266543,0.6385455878266543
6,MOEA/D,1790.029,0.6385455878266543,0.6385455878266543
6,MOEA/D,1837.565,0.6397632218659965,0.6397632218659965
6,MOEA/D,1884.777,0.6452696357687225,0.6452696357687225
6,MOEA/D,1948.435,0.656512663713109,0.656512663713109
6,MOEA/D,1995.631,0.678194595750441,0.678194595750441
6,MOEA/D,2043.104,0.7009575394610311,0.7009575394610311
6,MOEA/D,2090.774,0.7103370643191372,0.7103370643191372
6,MOEA/D,2139.004,0.7119041156292234,0.7119041156292234
6,MOEA/D,2185.816,0.711957974590112,0.711957974590112
6,MOEA/D,2249.763,0.7121523486936018,0.7121523486936018
6,MOEA/D,2296.84,0.7140884230004279,0.7140884230004279
6,MOEA/D,2343.482,0.7145361872700778,0.7145361872700778
6,MOEA/D,2389.645,0.7425421840369202,0.7425421840369202
6,MOEA/D,2436.933,0.7428409305041007,0.7428409305041007
6,MOEA/D,2499.22,0.7375112579738657,0.7428409305041007
6,MOEA/D,2546.894,0.7378731117530306,0.7428409305041007
6,MOEA/D,2594.26,0.7383744074064675,0.7428409305041007
6,MOEA/D,2641.639,0.7505718752551523,0.7505718752551523
6,MOEA/D,2689.73,0.7672779129516315,0.7672779129516315
6,MOEA/D,2737.952,0.7629121791657754,0.7672779129516315
6,MOEA/D,2786.619,0.8198470500405207,0.8198470500405207
6,MOEA/D,2836.091,0.8211786285293939,0.8211786285293939
6,MOEA/D,2885.43,0.8308496828658378,0.8308496828658378
6,MOEA/D,2934.112,0.8645549860849668,0.8645549860849668
6,MOEA/D,2999.38,0.8714639346775388,0.8714639346775388
6,MOEA/D,3049.009,0.8846625884306014,0.8846625884306014
6,MOEA/D,3097.785,0.8806582900181776,0.8846625884306014
6,MOEA/D,3146.554,0.8893864464374945,0.8893864464374945
6,MOEA/D,3179.812,0.8898684897875173,0.8898684897875173
7,AW-NSGA-II,46.496,0.0,0.0
7,AW-NSGA-II,99.131,0.0,0.0
7,AW-NSGA-II,148.885,0.0,0.0
7,AW-NSGA-II,199.254,0.0,0.0
7,AW-NSGA-II,249.325,0.0,0.0
7,AW-NSGA-II,296.268,0.0,0.0
7,AW-NSGA-II,349.275,0.06009879219412577,0.06009879219412577
7,AW-NSGA-II,396.669,0.08413656858761981,0.08413656858761981
7,AW-NSGA-II,449.624,0.11748852703516291,0.11748852703516291
7,AW-NSGA-II,499.496,0.1539817957755951,0.1539817957755951
7,AW-NSGA-II,549.621,0.16511441792566556,0.16511441792566556
7,AW-NSGA-II,597.293,0.18493125456557213,0.18493125456557213
7,AW-NSGA-II,647.447,0.19025428480369283,0.19025428480369283
7,AW-NSGA-II,698.133,0.23452852457845508,0.23452852457845508
7,AW-NSGA-II,748.783,0.3554781439003185,0.3554781439003185
7,AW-NSGA-II,798.372,0.37064619015972966,0.37064619015972966
7,AW-NSGA-II,831.755,0.370806773991725,0.370806773991725
7,MOEA/D,49.617,0.0,0.0
7,MOEA/D,99.468,0.0,0.0
7,MOEA/D,147.984,0.0,0.0
7,MOEA/D,196.875,0.0,0.0
7,MOEA/D,244.108,0.0,0.0
7,MOEA/D,291.408,0.003322764211422471,0.003322764211422471
7,MOEA/D,339.11,0.0217095279084433,0.0217095279084433
7,MOEA/D,386.343,0.03354689355666684,0.03354689355666684
7,MOEA/D,449.173,0.07976992582387864,0.07976992582387864
7,MOEA/D,497.771,0.09796990981994165,0.09796990981994165
7,MOEA/D,544.931,0.10723933377902728,0.10723933377902728
7,MOEA/D,593.64,0.1122307786477046,0.1122307786477046
7,MOEA/D,640.723,0.12186699035193174,0.12186699035193174
7,MOEA/D,689.095,0.1308607530530777,0.1308607530530777
7,MOEA/D,736.21,0.1307696597389243,0.1308607530530777
7,MOEA/D,799.058,0.1361661794608998,0.1361661794608998
7,MOEA/D,846.354,0.14289694188984367,0.14289694188984367
7,MOEA/D,895.607,0.15762555445301007,0.15762555445301007
7,MOEA/D,942.868,0.16393553488410575,0.16393553488410575
7,MOEA/D,988.848,0.16068094006602085,0.16393553488410575
7,MOEA/D,1036.325,0.15873758100342159,0.16393553488410575
7,MOEA/D,1084.52,0.16893123455526982,0.16893123455526982
7,MOEA/D,1147.664,0.18068756016941862,0.18068756016941862
7,MOEA/D,1194.659,0.18859407199690315,0.18859407199690315
7,MOEA/D,1241.899,0.21161279792271837,0.21161279792271837
7,MOEA/D,1289.994,0.23002903210910952,0.23002903210910952
7,MOEA/D,1338.511,0.2580021055257907,0.2580021055257907
7,MOEA/D,1386.301,0.2531589480944872,0.2580021055257907
7,MOEA/D,1433.806,0.2945390026768667,0.2945390026768667
7,MOEA/D,1499.059,0.29488461945793165,0.29488461945793165
7,MOEA/D,1547.295,0.304522999595953,0.304522999595953
7,MOEA/D,1595.532,0.4202376679161908,0.4202376679161908
7,MOEA/D,1643.445,0.4359926988271695,0.4359926988271695
7,MOEA/D,1691.415,0.4714095306383378,0.4714095306383378
7,MOEA/D,1739.105,0.6147053394575381,0.6147053394575381
7,MOEA/D,1786.911,0.6808021970679455,0.6808021970679455
7,MOEA/D,1834.241,0.7448577137560191,0.7448577137560191
7,MOEA/D,1896.985,0.7784757164221869,0.7784757164221869
7,MOEA/D,1944.138,0.7700033810181828,0.7784757164221869
7,MOEA/D,1991.785,0.7696467541210436,0.7784757164221869
7,MOEA/D,2037.915,0.7929378096942604,0.7929378096942604
7,MOEA/D,2084.951,0.8068333185006621,0.8068333185006621
7,MOEA/D,2148.409,0.8203628219560022,0.8203628219560022
7,MOEA/D,2196.169,0.820422579791267,0.820422579791267
7,MOEA/D,2244.504,0.8212991322022618,0.8212991322022618
7,MOEA/D,2291.937,0.8326346089259686,0.8326346089259686
7,MOEA/D,2339.346,0.8349439740115844,0.8349439740115844
7,MOEA/D,2386.585,0.8351609633549549,0.8351609633549549
7,MOEA/D,2434.168,0.8390559815062626,0.8390559815062626
7,MOEA/D,2483.839,0.8582260913732164,0.8582260913732164
7,MOEA/D,2549.734,0.8681418920245358,0.8681418920245358
7,MOEA/D,2598.768,0.8753617361021668,0.8753617361021668
7,MOEA/D,2645.724,0.8757395864513486,0.8757395864513486
7,MOEA/D,2691.843,0.8765036981162303,0.8765036981162303
7,MOEA/D,2738.343,0.8779843550452079,0.8779843550452079
7,MOEA/D,2786.606,0.8781989550291134,0.8781989550291134
7,MOEA/D,2848.665,0.8781989550291134,0.8781989550291134
7,MOEA/D,2896.463,0.8778967550071879,0.8781989550291134
7,MOEA/D,2943.948,0.8835361023333181,0.8835361023333181
7,MOEA/D,2989.988,0.8835845857558369,0.8835845857558369
7,MOEA/D,3037.457,0.8836149647348134,0.8836149647348134
7,MOEA/D,3099.945,0.9039831256778349,0.9039831256778349
7,MOEA/D,3147.152,0.9078763660186617,0.9078763660186617
7,MOEA/D,3162.501,0.9078763660186617,0.9078763660186617
8,AW-NSGA-II,49.138,0.0,0.0
8,AW-NSGA-II,98.053,0.0005710692101156981,0.0005710692101156981
8,AW-NSGA-II,147.41,0.009437164504848099,0.009437164504848099
8,AW-NSGA-II,195.894,0.040487270184709725,0.040487270184709725
8,AW-NSGA-II,248.448,0.09481958695283563,0.09481958695283563
8,AW-NSGA-II,297.706,0.14254635909925473,0.14254635909925473
8,AW-NSGA-II,346.879,0.16440413432795076,0.16440413432795076
8,AW-NSGA-II,399.326,0.18468440127636337,0.18468440127636337
8,AW-NSGA-II,448.916,0.202797948377913,0.202797948377913
8,AW-NSGA-II,497.82,0.2135749530012836,0.2135749530012836
8,AW-NSGA-II,549.972,0.22195476764088318,0.22195476764088318
8,AW-NSGA-II,599.288,0.23189487136566195,0.23189487136566195
8,AW-NSGA-II,649.161,0.2507835606655726,0.2507835606655726
8,AW-NSGA-II,698.456,0.2546003986131522,0.2546003986131522
8,AW-NSGA-II,748.32,0.2713716331332987,0.2713716331332987
8,AW-NSGA-II,798.84,0.2888304063658226,0.2888304063658226
8,AW-NSGA-II,819.857,0.2942050611541953,0.2942050611541953
8,MOEA/D,46.461,0.0,0.0
8,MOEA/D,94.633,0.0,0.0
8,MOEA/D,141.595,0.0,0.0
8,MOEA/D,189.421,0.0,0.0
8,MOEA/D,237.316,0.0,0.0
8,MOEA/D,285.031,0.0037454500715455004,0.0037454500715455004
8,MOEA/D,347.254,0.02193267429769309,0.02193267429769309
8,MOEA/D,395.512,0.03370820851187411,0.03370820851187411
8,MOEA/D,443.295,0.04019483909300976,0.04019483909300976
8,MOEA/D,491.384,0.09239707794932012,0.09239707794932012
8,MOEA/D,537.648,0.1346156173072505,0.1346156173072505
8,MOEA/D,584.72,0.17130337044798322,0.17130337044798322
8,MOEA/D,648.327,0.18100672903266068,0.18100672903266068
8,MOEA/D,696.729,0.18594899297077064,0.18594899297077064
8,MOEA/D,744.21,0.24017910341236304,0.24017910341236304
8,MOEA/D,792.046,0.2602376026362166,0.2602376026362166
8,MOEA/D,838.937,0.2729954740036825,0.2729954740036825
8,MOEA/D,886.046,0.31148876845234236,0.31148876845234236
8,MOEA/D,933.657,0.29299607554012264,0.31148876845234236
8,MOEA/D,998.27,0.32437070642021953,0.32437070642021953
8,MOEA/D,1044.927,0.3540739109234792,0.3540739109234792
8,MOEA/D,1093.112,0.4122678597367625,0.4122678597367625
8,MOEA/D,1141.313,0.4420912489099752,0.4420912489099752
8,MOEA/D,1189.582,0.46212299459970096,0.46212299459970096
8,MOEA/D,1237.739,0.4688841190092631,0.4688841190092631
8,MOEA/D,1285.826,0.4782102643183993,0.4782102643183993
8,MOEA/D,1348.808,0.48775547069534064,0.48775547069534064
8,MOEA/D,1395.906,0.511750881494548,0.511750881494548
8,MOEA/D,1443.49,0.5494978976492768,0.5494978976492768
8,MOEA/D,1491.784,0.6129895527763068,0.6129895527763068
8,MOEA/D,1539.952,0.621915275249839,0.621915275249839
8,MOEA/D,1588.324,0.62728827343809,0.62728827343809
8,MOEA/D,1635.611,0.6284181287363085,0.6284181287363085
8,MOEA/D,1698.0,0.6282403880944335,0.6284181287363085
8,MOEA/D,1745.019,0.6396575055141389,0.6396575055141389
8,MOEA/D,1792.346,0.667614914349967,0.667614914349967
8,MOEA/D,1840.425,0.7091597126221186,0.7091597126221186
8,MOEA/D,1889.511,0.7085755070663264,0.7091597126221186
8,MOEA/D,1938.087,0.709897510068715,0.709897510068715
8,MOEA/D,1987.347,0.7099824848836758,0.7099824848836758
8,MOEA/D,2036.38,0.741832256293832,0.741832256293832
8,MOEA/D,2085.038,0.7496441722302278,0.7496441722302278
8,MOEA/D,2134.154,0.8066922724972257,0.8066922724972257
8,MOEA/D,2199.372,0.8059397439158625,0.8066922724972257
8,MOEA/D,2248.939,0.8059397439158625,0.8066922724972257
8,MOEA/D,2296.591,0.8127629441212387,0.8127629441212387
8,MOEA/D,2345.418,0.818749049769434,0.818749049769434
8,MOEA/D,2393.642,0.8334105323198369,0.8334105323198369
8,MOEA/D,2442.613,0.8342366628878394,0.8342366628878394
8,MOEA/D,2490.114,0.8342366628878395,0.8342366628878395
8,MOEA/D,2537.595,0.8448520689938661,0.8448520689938661
8,MOEA/D,2584.224,0.8453641947255022,0.8453641947255022
8,MOEA/D,2647.342,0.8453641947255022,0.8453641947255022
8,MOEA/D,2694.717,0.852208443873711,0.852208443873711
8,MOEA/D,2740.974,0.852317970827693,0.852317970827693
8,MOEA/D,2787.325,0.852317970827693,0.852317970827693
8,MOEA/D,2834.715,0.852317970827693,0.852317970827693
8,MOEA/D,2897.385,0.853828446805088,0.853828446805088
8,MOEA/D,2944.038,0.8556160575413989,0.8556160575413989
8,MOEA/D,2991.012,0.8556160575413989,0.8556160575413989
8,MOEA/D,3038.183,0.8588786826610456,0.8588786826610456
8,MOEA/D,3085.37,0.8588786826610456,0.8588786826610456
8,MOEA/D,3148.002,0.8588786826610456,0.8588786826610456
8,MOEA/D,3163.37,0.8588786826610456,0.8588786826610456
9,AW-NSGA-II,47.099,0.0,0.0
9,AW-NSGA-II,98.818,0.0,0.0
9,AW-NSGA-II,149.731,0.0,0.0
9,AW-NSGA-II,198.013,0.0,0.0
9,AW-NSGA-II,246.549,0.0,0.0
9,AW-NSGA-II,296.398,0.0,0.0
9,AW-NSGA-II,346.912,0.005268880913612925,0.005268880913612925
9,AW-NSGA-II,397.931,0.015312066315625863,0.015312066315625863
9,AW-NSGA-II,449.004,0.03697477048811963,0.03697477048811963
9,AW-NSGA-II,498.482,0.12312568072931947,0.12312568072931947
9,AW-NSGA-II,548.64,0.15280224513586407,0.15280224513586407
9,AW-NSGA-II,598.59,0.17233049587866656,0.17233049587866656
9,AW-NSGA-II,648.703,0.27073268794167965,0.27073268794167965
9,AW-NSGA-II,699.476,0.3190409505296705,0.3190409505296705
9,AW-NSGA-II,747.589,0.3460507092447634,0.3460507092447634
9,AW-NSGA-II,798.056,0.3970700779310645,0.3970700779310645
9,AW-NSGA-II,843.642,0.3995344193605211,0.3995344193605211
9,MOEA/D,48.859,0.0,0.0
9,MOEA/D,97.706,0.0,0.0
9,MOEA/D,145.955,0.0,0.0
9,MOEA/D,195.026,0.0,0.0
9,MOEA/D,245.258,0.0054601075207264625,0.0054601075207264625
9,MOEA/D,292.459,0.025756684484524773,0.025756684484524773
9,MOEA/D,340.774,0.04260297236096205,0.04260297236096205
9,MOEA/D,389.69,0.05056464712949041,0.05056464712949041
9,MOEA/D,438.53,0.0836212188682737,0.0836212188682737
9,MOEA/D,487.411,0.11433759516469333,0.11433759516469333
9,MOEA/D,534.687,0.12576487307742862,0.12576487307742862
9,MOEA/D,597.941,0.1544989546487362,0.1544989546487362
9,MOEA/D,645.615,0.18055807589927295,0.18055807589927295
9,MOEA/D,692.935,0.18287832828162218,0.18287832828162218
9,MOEA/D,739.515,0.19958754305692156,0.19958754305692156
9,MOEA/D,786.966,0.20071728481232706,0.20071728481232706
9,MOEA/D,849.441,0.26263748609472626,0.26263748609472626
9,MOEA/D,897.034,0.24873231066530807,0.26263748609472626
9,MOEA/D,944.801,0.2531020410465821,0.26263748609472626
9,MOEA/D,992.459,0.2533817147394899,0.26263748609472626
9,MOEA/D,1039.251,0.25564135714301933,0.26263748609472626
9,MOEA/D,1088.586,0.2795893519887359,0.2795893519887359
9,MOEA/D,1136.11,0.28115482003567516,0.28115482003567516
9,MOEA/D,1198.986,0.2821255126562591,0.2821255126562591
9,MOEA/D,1246.662,0.27919799067399365,0.2821255126562591
9,MOEA/D,1293.761,0.30156783593845155,0.30156783593845155
9,MOEA/D,1341.21,0.3173503247178504,0.3173503247178504
9,MOEA/D,1388.508,0.338494095849349,0.338494095849349
9,MOEA/D,1435.546,0.3326573953475964,0.338494095849349
9,MOEA/D,1498.237,0.373555674984051,0.373555674984051
9,MOEA/D,1545.312,0.4188735465792667,0.4188735465792667
9,MOEA/D,1593.626,0.49188955511371757,0.49188955511371757
9,MOEA/D,1642.156,0.468037467334045,0.49188955511371757
9,MOEA/D,1690.173,0.48723659053004986,0.49188955511371757
9,MOEA/D,1737.487,0.48723659053004986,0.49188955511371757
9,MOEA/D,1799.576,0.48739806489862747,0.49188955511371757
9,MOEA/D,1847.991,0.4905235513495277,0.49188955511371757
9,MOEA/D,1895.234,0.5549162820349666,0.5549162820349666
9,MOEA/D,1942.481,0.5577485377532226,0.5577485377532226
9,MOEA/D,1989.489,0.5635525707392808,0.5635525707392808
9,MOEA/D,2036.672,0.5835128531413304,0.5835128531413304
9,MOEA/D,2099.756,0.5869391898436258,0.5869391898436258
9,MOEA/D,2147.065,0.5867703680250924,0.5869391898436258
9,MOEA/D,2194.52,0.6118474761899312,0.6118474761899312
9,MOEA/D,2241.416,0.6097113365176943,0.6118474761899312
9,MOEA/D,2288.987,0.6242429111711774,0.6242429111711774
9,MOEA/D,2336.051,0.6261891357658276,0.6261891357658276
9,MOEA/D,2398.663,0.6284591551426641,0.6284591551426641
9,MOEA/D,2446.075,0.6284649150869233,0.6284649150869233
9,MOEA/D,2493.306,0.6317605411269452,0.6317605411269452
9,MOEA/D,2539.606,0.6320469411998765,0.6320469411998765
9,MOEA/D,2587.852,0.6177849159666264,0.6320469411998765
9,MOEA/D,2635.001,0.6177849159666264,0.6320469411998765
9,MOEA/D,2697.156,0.6184080134248069,0.6320469411998765
9,MOEA/D,2744.534,0.618965880990995,0.6320469411998765
9,MOEA/D,2792.041,0.6291418126523662,0.6320469411998765
9,MOEA/D,2839.114,0.6484171547842107,0.6484171547842107
9,MOEA/D,2885.895,0.6484915023735363,0.6484915023735363
9,MOEA/D,2949.095,0.668749521279996,0.668749521279996
9,MOEA/D,2996.301,0.6662717856267467,0.668749521279996
9,MOEA/D,3044.007,0.6688336020813905,0.6688336020813905
9,MOEA/D,3090.882,0.6735358385336085,0.6735358385336085
9,MOEA/D,3137.718,0.6732354593738032,0.6735358385336085
9,MOEA/D,3153.594,0.6732354593738032,0.6735358385336085
10,AW-NSGA-II,45.951,0.0,0.0
10,AW-NSGA-II,99.15,0.0,0.0
10,AW-NSGA-II,149.985,0.0,0.0
10,AW-NSGA-II,199.171,0.0005302746752038736,0.0005302746752038736
10,AW-NSGA-II,248.366,0.007808239745533607,0.007808239745533607
10,AW-NSGA-II,297.01,0.027216975351455844,0.027216975351455844
10,AW-NSGA-II,349.817,0.053028836186043954,0.053028836186043954
10,AW-NSGA-II,398.65,0.08137581771020523,0.08137581771020523
10,AW-NSGA-II,448.372,0.14388105053307365,0.14388105053307365
10,AW-NSGA-II,498.621,0.15348995930483228,0.15348995930483228
10,AW-NSGA-II,548.028,0.20495759946448183,0.20495759946448183
10,AW-NSGA-II,598.779,0.2237298818647908,0.2237298818647908
10,AW-NSGA-II,649.337,0.24620319585084383,0.24620319585084383
10,AW-NSGA-II,698.482,0.2676731681586661,0.2676731681586661
10,AW-NSGA-II,747.431,0.27722357366315253,0.27722357366315253
10,AW-NSGA-II,797.199,0.3031805808935562,0.3031805808935562
10,AW-NSGA-II,822.64,0.3081348409676504,0.3081348409676504
10,MOEA/D,48.236,0.0,0.0
10,MOEA/D,96.032,0.0,0.0
10,MOEA/D,143.663,0.0,0.0
10,MOEA/D,193.561,0.0,0.0
10,MOEA/D,243.301,0.0,0.0
10,MOEA/D,292.996,0.0005733052656390188,0.0005733052656390188
10,MOEA/D,343.124,0.013397368505480288,0.013397368505480288
10,MOEA/D,392.149,0.019878709154179434,0.019878709154179434
10,MOEA/D,442.695,0.061429287454339634,0.061429287454339634
10,MOEA/D,493.159,0.0803180593698376,0.0803180593698376
10,MOEA/D,542.968,0.10781037201271045,0.10781037201271045
10,MOEA/D,592.174,0.20001923590586307,0.20001923590586307
10,MOEA/D,642.12,0.21412671982817938,0.21412671982817938
10,MOEA/D,691.682,0.21887383196649463,0.21887383196649463
10,MOEA/D,741.425,0.25671208729449635,0.25671208729449635
10,MOEA/D,790.611,0.27909554550556814,0.27909554550556814
10,MOEA/D,841.079,0.2884973450761639,0.2884973450761639
10,MOEA/D,891.493,0.3046693163901175,0.3046693163901175
10,MOEA/D,941.998,0.3503843347257904,0.3503843347257904
10,MOEA/D,991.302,0.35661389348289374,0.35661389348289374
10,MOEA/D,1041.82,0.35251901651541884,0.35661389348289374
10,MOEA/D,1092.139,0.3553147345515345,0.35661389348289374
10,MOEA/D,1142.143,0.3553147345515345,0.35661389348289374
10,MOEA/D,1191.365,0.3576165363790683,0.3576165363790683
10,MOEA/D,1241.973,0.3631982785964093,0.3631982785964093
10,MOEA/D,1291.416,0.3632181672599061,0.3632181672599061
10,MOEA/D,1341.705,0.3841168342000213,0.3841168342000213
10,MOEA/D,1391.065,0.39571877656166665,0.39571877656166665
10,MOEA/D,1441.177,0.3951214081159332,0.39571877656166665
10,MOEA/D,1492.427,0.3951882913869103,0.39571877656166665
10,MOEA/D,1542.5,0.3951882913869103,0.39571877656166665
10,MOEA/D,1592.03,0.40100357876653875,0.40100357876653875
10,MOEA/D,1642.477,0.4013714105322814,0.4013714105322814
10,MOEA/D,1692.907,0.4014481954138932,0.4014481954138932
10,MOEA/D,1741.137,0.4014552482822904,0.4014552482822904
10,MOEA/D,1788.564,0.4014552482822904,0.4014552482822904
10,MOEA/D,1836.242,0.4023089461171267,0.4023089461171267
10,MOEA/D,1883.994,0.4043237821668549,0.4043237821668549
10,MOEA/D,1949.574,0.4044322477143826,0.4044322477143826
10,MOEA/D,1983.139,0.4044322477143826,0.4044322477143826
10,MOEA/D,2049.309,0.41122769588364094,0.41122769588364094
10,MOEA/D,2097.526,0.4167109992149147,0.4167109992149147
10,MOEA/D,2146.63,0.4167109992149147,0.4167109992149147
10,MOEA/D,2196.123,0.41671535046515595,0.41671535046515595
10,MOEA/D,2244.852,0.4158983738739724,0.41671535046515595
10,MOEA/D,2293.019,0.41591369116921706,0.41671535046515595
10,MOEA/D,2342.827,0.4176540430834766,0.4176540430834766
10,MOEA/D,2393.906,0.4187884000202966,0.4187884000202966
10,MOEA/D,2442.695,0.4188783078733769,0.4188783078733769
10,MOEA/D,2491.151,0.4188783078733769,0.4188783078733769
10,MOEA/D,2539.084,0.4271922135959585,0.4271922135959585
10,MOEA/D,2587.785,0.4272696143963862,0.4272696143963862
10,MOEA/D,2635.469,0.4276101728611556,0.4276101728611556
10,MOEA/D,2699.406,0.4278186119221879,0.4278186119221879
10,MOEA/D,2746.685,0.4429894710194,0.4429894710194
10,MOEA/D,2794.878,0.4669204529333807,0.4669204529333807
10,MOEA/D,2843.024,0.46849753546861,0.46849753546861
10,MOEA/D,2891.434,0.5119295419315334,0.5119295419315334
10,MOEA/D,2938.612,0.533711689323551,0.533711689323551
10,MOEA/D,2986.836,0.533711689323551,0.533711689323551
10,MOEA/D,3049.649,0.5603347761418901,0.5603347761418901
10,MOEA/D,3099.434,0.5678253327484002,0.5678253327484002
10,MOEA/D,3148.435,0.5968938796057602,0.5968938796057602
10,MOEA/D,3198.786,0.6005974895175463,0.6005974895175463
10,MOEA/D,3248.415,0.6000437192126836,0.6005974895175463
10,MOEA/D,3263.964,0.602259706284014,0.602259706284014
11,AW-NSGA-II,49.61,0.0,0.0
11,AW-NSGA-II,98.8,0.0,0.0
11,AW-NSGA-II,147.806,0.0031987049652167344,0.0031987049652167344
11,AW-NSGA-II,198.278,0.009246812209796968,0.009246812209796968
11,AW-NSGA-II,248.245,0.0830590546331727,0.0830590546331727
11,AW-NSGA-II,298.348,0.0835177820426376,0.0835177820426376
11,AW-NSGA-II,348.628,0.12316379016711138,0.12316379016711138
11,AW-NSGA-II,399.285,0.20093259828633386,0.20093259828633386
11,AW-NSGA-II,448.686,0.2178393500723536,0.2178393500723536
11,AW-NSGA-II,499.126,0.2948493595294692,0.2948493595294692
11,AW-NSGA-II,549.018,0.32909155332831685,0.32909155332831685
11,AW-NSGA-II,598.463,0.424313261055036,0.424313261055036
11,AW-NSGA-II,649.166,0.4409687572261027,0.4409687572261027
11,AW-NSGA-II,699.774,0.5143530486421085,0.5143530486421085
11,AW-NSGA-II,745.951,0.5242472065840159,0.5242472065840159
11,AW-NSGA-II,796.229,0.5345211013090505,0.5345211013090505
11,AW-NSGA-II,829.491,0.5900093243866569,0.5900093243866569
11,MOEA/D,48.186,0.0,0.0
11,MOEA/D,95.801,0.005628207551640553,0.005628207551640553
11,MOEA/D,144.095,0.01130276753982936,0.01130276753982936
11,MOEA/D,191.477,0.024788454175618535,0.024788454175618535
11,MOEA/D,238.093,0.05334909861596657,0.05334909861596657
11,MOEA/D,285.299,0.0981915552868762,0.0981915552868762
11,MOEA/D,348.28,0.20374568395134446,0.20374568395134446
11,MOEA/D,394.809,0.2961213231602935,0.2961213231602935
11,MOEA/D,443.447,0.34086137384233817,0.34086137384233817
11,MOEA/D,492.396,0.43888183393654523,0.43888183393654523
11,MOEA/D,540.621,0.45849511058874337,0.45849511058874337
11,MOEA/D,588.756,0.46836948872923245,0.46836948872923245
11,MOEA/D,635.557,0.47182652840733824,0.47182652840733824
11,MOEA/D,697.393,0.49704920938144626,0.49704920938144626
11,MOEA/D,744.589,0.4971993613483936,0.4971993613483936
11,MOEA/D,791.552,0.5525208596694897,0.5525208596694897
11,MOEA/D,840.078,0.5539121808541674,0.5539121808541674
11,MOEA/D,888.822,0.5868309297765872,0.5868309297765872
11,MOEA/D,936.59,0.5962112223584295,0.5962112223584295
11,MOEA/D,982.297,0.6014170368966593,0.6014170368966593
11,MOEA/D,1048.879,0.6218298552213694,0.6218298552213694
11,MOEA/D,1093.789,0.6218459149458686,0.6218459149458686
11,MOEA/D,1141.0,0.6220928095606761,0.6220928095606761
11,MOEA/D,1187.94,0.6510482818123452,0.6510482818123452
11,MOEA/D,1236.577,0.6519319593802217,0.6519319593802217
11,MOEA/D,1284.66,0.6524982627778478,0.6524982627778478
11,MOEA/D,1348.13,0.6972346219242787,0.6972346219242787
11,MOEA/D,1394.783,0.6974368471943034,0.6974368471943034
11,MOEA/D,1443.224,0.7108692546039332,0.7108692546039332
11,MOEA/D,1490.914,0.7134569351809944,0.7134569351809944
11,MOEA/D,1539.773,0.7182981734301688,0.7182981734301688
11,MOEA/D,1586.623,0.7295791264124052,0.7295791264124052
11,MOEA/D,1649.754,0.7461942552607841,0.7461942552607841
11,MOEA/D,1696.751,0.7706911482376084,0.7706911482376084
11,MOEA/D,1745.367,0.7889781390913713,0.7889781390913713
11,MOEA/D,1792.205,0.7943175143032877,0.7943175143032877
11,MOEA/D,1839.057,0.7991380118439906,0.7991380118439906
11,MOEA/D,1886.548,0.8280059365574164,0.8280059365574164
11,MOEA/D,1949.888,0.8316834133026689,0.8316834133026689
11,MOEA/D,1997.645,0.8282135418485121,0.8316834133026689
11,MOEA/D,2045.757,0.8282595940072672,0.8316834133026689
11,MOEA/D,2092.402,0.8289600443147325,0.8316834133026689
11,MOEA/D,2138.7,0.8297376952190405,0.8316834133026689
11,MOEA/D,2186.198,0.829279333411879,0.8316834133026689
11,MOEA/D,2249.424,0.8409377639289453,0.8409377639289453
11,MOEA/D,2296.682,0.8696830035911253,0.8696830035911253
11,MOEA/D,2344.125,0.8692197749827997,0.8696830035911253
11,MOEA/D,2391.049,0.8693318511290908,0.8696830035911253
11,MOEA/D,2437.907,0.8702086740292553,0.8702086740292553
11,MOEA/D,2484.675,0.8708035781815495,0.8708035781815495
11,MOEA/D,2548.006,0.8716957412610277,0.8716957412610277
11,MOEA/D,2595.146,0.9000758989019366,0.9000758989019366
11,MOEA/D,2641.831,0.9310825738262438,0.9310825738262438
11,MOEA/D,2687.536,0.9310825738262438,0.9310825738262438
11,MOEA/D,2734.565,0.936005113037843,0.936005113037843
11,MOEA/D,2797.795,0.936005113037843,0.936005113037843
11,MOEA/D,2845.866,0.9363325537231789,0.9363325537231789
11,MOEA/D,2894.283,0.9363325537231789,0.9363325537231789
11,MOEA/D,2943.083,0.936429023502759,0.936429023502759
11,MOEA/D,2990.278,0.9373031693460872,0.9373031693460872
11,MOEA/D,3037.582,0.9373846299482069,0.9373846299482069
11,MOEA/D,3085.099,0.9369051095190515,0.9373846299482069
11,MOEA/D,3133.864,0.9377120133744312,0.9377120133744312
11,MOEA/D,3166.216,0.9377120133744312,0.9377120133744312
12,AW-NSGA-II,45.5,0.0,0.0
12,AW-NSGA-II,98.195,0.002099465153549988,0.002099465153549988
12,AW-NSGA-II,146.732,0.04927801545736485,0.04927801545736485
12,AW-NSGA-II,198.31,0.1539423525288897,0.1539423525288897
12,AW-NSGA-II,249.235,0.17970317123992402,0.17970317123992402
12,AW-NSGA-II,295.315,0.2374266467436954,0.2374266467436954
12,AW-NSGA-II,346.52,0.2865592481667804,0.2865592481667804
12,AW-NSGA-II,398.065,0.36850289377930656,0.36850289377930656
12,AW-NSGA-II,446.7,0.3744659185163773,0.3744659185163773
12,AW-NSGA-II,497.886,0.3937240689564825,0.3937240689564825
12,AW-NSGA-II,549.525,0.42146910162608636,0.42146910162608636
12,AW-NSGA-II,596.992,0.43597039264264803,0.43597039264264803
12,AW-NSGA-II,649.229,0.4493544835570277,0.4493544835570277
12,AW-NSGA-II,699.15,0.4761709065235058,0.4761709065235058
12,AW-NSGA-II,746.118,0.4859178912104926,0.4859178912104926
12,AW-NSGA-II,799.856,0.48757054494854996,0.48757054494854996
12,AW-NSGA-II,846.457,0.522363524682598,0.522363524682598
12,AW-NSGA-II,851.189,0.522363524682598,0.522363524682598
12,MOEA/D,47.641,0.0,0.0
12,MOEA/D,88.097,0.0,0.0
12,MOEA/D,135.668,0.0,0.0
12,MOEA/D,185.118,0.0,0.0
12,MOEA/D,247.97,0.0,0.0
12,MOEA/D,294.383,0.0,0.0
12,MOEA/D,341.637,0.0031011493662647773,0.0031011493662647773
12,MOEA/D,389.17,0.019116125211849782,0.019116125211849782
12,MOEA/D,436.488,0.038957362625263656,0.038957362625263656
12,MOEA/D,486.446,0.08018281802736296,0.08018281802736296
12,MOEA/D,534.28,0.17123679404971973,0.17123679404971973
12,MOEA/D,597.413,0.36660913854782273,0.36660913854782273
12,MOEA/D,645.701,0.4218085107921545,0.4218085107921545
12,MOEA/D,693.138,0.4839697595983802,0.4839697595983802
12,MOEA/D,740.775,0.5251081463328229,0.5251081463328229
12,MOEA/D,789.415,0.5430108584967115,0.5430108584967115
12,MOEA/D,836.041,0.5578375459076826,0.5578375459076826
12,MOEA/D,899.662,0.6010425652047102,0.6010425652047102
12,MOEA/D,947.261,0.6059651579395169,0.6059651579395169
12,MOEA/D,995.396,0.6157900254872606,0.6157900254872606
12,MOEA/D,1044.224,0.6157330514952318,0.6157900254872606
12,MOEA/D,1092.182,0.6897700185527487,0.6897700185527487
12,MOEA/D,1140.271,0.6932026477587987,0.6932026477587987
12,MOEA/D,1188.739,0.7012818520985973,0.7012818520985973
12,MOEA/D,1237.143,0.7012818520985973,0.7012818520985973
12,MOEA/D,1285.63,0.7767773877890475,0.7767773877890475
12,MOEA/D,1349.992,0.7983978875779713,0.7983978875779713
12,MOEA/D,1399.63,0.8053180731931082,0.8053180731931082
12,MOEA/D,1449.097,0.8071084235330065,0.8071084235330065
12,MOEA/D,1498.334,0.8197491330114107,0.8197491330114107
12,MOEA/D,1547.996,0.8202084824173359,0.8202084824173359
12,MOEA/D,1596.304,0.8206155297637003,0.8206155297637003
12,MOEA/D,1644.276,0.8340004346956422,0.8340004346956422
12,MOEA/D,1692.643,0.8588270191054488,0.8588270191054488
12,MOEA/D,1740.381,0.8669267211179679,0.8669267211179679
12,MOEA/D,1788.625,0.8775638179891202,0.8775638179891202
12,MOEA/D,1836.524,0.8775638179891202,0.8775638179891202
12,MOEA/D,1885.037,0.8787659243554404,0.8787659243554404
12,MOEA/D,1948.427,0.883880911482025,0.883880911482025
12,MOEA/D,1995.669,0.883880911482025,0.883880911482025
12,MOEA/D,2043.06,0.8848920284047944,0.8848920284047944
12,MOEA/D,2091.629,0.8857665597928818,0.8857665597928818
12,MOEA/D,2138.271,0.8828735088125612,0.8857665597928818
12,MOEA/D,2185.7,0.882435004786209,0.8857665597928818
12,MOEA/D,2249.706,0.8859354110135554,0.8859354110135554
12,MOEA/D,2296.411,0.8860342920818176,0.8860342920818176
12,MOEA/D,2344.997,0.8880451711741397,0.8880451711741397
12,MOEA/D,2393.209,0.9130432641128442,0.9130432641128442
12,MOEA/D,2441.326,0.9134913753454896,0.9134913753454896
12,MOEA/D,2488.841,0.9174701265616158,0.9174701265616158
12,MOEA/D,2535.9,0.9193803863135641,0.9193803863135641
12,MOEA/D,2583.561,0.9199724735144416,0.9199724735144416
12,MOEA/D,2646.763,0.9362285771864369,0.9362285771864369
12,MOEA/D,2693.357,0.9362227311359176,0.9362285771864369
12,MOEA/D,2740.695,0.9367035589728461,0.9367035589728461
12,MOEA/D,2788.157,0.9374983486474202,0.9374983486474202
12,MOEA/D,2835.634,0.9374997824121882,0.9374997824121882
12,MOEA/D,2899.338,0.9389663557112907,0.9389663557112907
12,MOEA/D,2945.952,0.9421581885307915,0.9421581885307915
12,MOEA/D,2992.682,0.9448184951049845,0.9448184951049845
12,MOEA/D,3040.391,0.9448214669410223,0.9448214669410223
12,MOEA/D,3087.007,0.9467360115757398,0.9467360115757398
12,MOEA/D,3134.048,0.9467360115757398,0.9467360115757398
12,MOEA/D,3181.992,0.9471955791046605,0.9471955791046605
13,AW-NSGA-II,49.134,0.0,0.0
13,AW-NSGA-II,98.864,0.022727779197408156,0.022727779197408156
13,AW-NSGA-II,148.05,0.07628940915440288,0.07628940915440288
13,AW-NSGA-II,197.507,0.1890917725470406,0.1890917725470406
13,AW-NSGA-II,248.179,0.28237136167907717,0.28237136167907717
13,AW-NSGA-II,299.224,0.3670757940373989,0.3670757940373989
13,AW-NSGA-II,347.184,0.45071778213738883,0.45071778213738883
13,AW-NSGA-II,396.065,0.5337523599958662,0.5337523599958662
13,AW-NSGA-II,445.481,0.5649300084448992,0.5649300084448992
13,AW-NSGA-II,497.991,0.5784504717422279,0.5784504717422279
13,AW-NSGA-II,549.117,0.5945794583318151,0.5945794583318151
13,AW-NSGA-II,597.772,0.6846215808042889,0.6846215808042889
13,AW-NSGA-II,649.871,0.6924149721091173,0.6924149721091173
13,AW-NSGA-II,697.199,0.7016686240397806,0.7016686240397806
13,AW-NSGA-II,749.151,0.721900516239969,0.721900516239969
13,AW-NSGA-II,797.302,0.760740887939794,0.760740887939794
13,AW-NSGA-II,846.465,0.7818706440728724,0.7818706440728724
13,AW-NSGA-II,855.84,0.7831195337978527,0.7831195337978527
13,MOEA/D,48.395,0.0,0.0
13,MOEA/D,97.419,0.0,0.0
13,MOEA/D,145.169,0.0,0.0
13,MOEA/D,192.881,0.0,0.0
13,MOEA/D,242.498,0.0,0.0
13,MOEA/D,290.569,0.0006554528388353178,0.0006554528388353178
13,MOEA/D,338.9,0.013376772491230635,0.013376772491230635
13,MOEA/D,386.91,0.024778274993961312,0.024778274993961312
13,MOEA/D,449.913,0.059931727872408816,0.059931727872408816
13,MOEA/D,497.824,0.09138523286335522,0.09138523286335522
13,MOEA/D,545.863,0.09616761192776718,0.09616761192776718
13,MOEA/D,593.402,0.11881269292627791,0.11881269292627791
13,MOEA/D,642.009,0.12378883809489027,0.12378883809489027
13,MOEA/D,689.454,0.1173122332881476,0.12378883809489027
13,MOEA/D,736.602,0.12537405475831462,0.12537405475831462
13,MOEA/D,799.932,0.14228450236441864,0.14228450236441864
13,MOEA/D,847.021,0.17250979611351439,0.17250979611351439
13,MOEA/D,895.092,0.17914028456089284,0.17914028456089284
13,MOEA/D,941.762,0.29319324563210725,0.29319324563210725
13,MOEA/D,988.581,0.3789526272265267,0.3789526272265267
13,MOEA/D,1036.603,0.4171383126948729,0.4171383126948729
13,MOEA/D,1085.498,0.4380454797801418,0.4380454797801418
13,MOEA/D,1135.606,0.4750645801232759,0.4750645801232759
13,MOEA/D,1185.173,0.45427112174882994,0.4750645801232759
13,MOEA/D,1235.195,0.48919246392782423,0.48919246392782423
13,MOEA/D,1285.281,0.5460718258219232,0.5460718258219232
13,MOEA/D,1336.051,0.5878095088808564,0.5878095088808564
13,MOEA/D,1384.945,0.6379544221933862,0.6379544221933862
13,MOEA/D,1448.949,0.6834940385705026,0.6834940385705026
13,MOEA/D,1498.317,0.6830730053007392,0.6834940385705026
13,MOEA/D,1547.871,0.6968229811594367,0.6968229811594367
13,MOEA/D,1596.14,0.7425988138713304,0.7425988138713304
13,MOEA/D,1646.491,0.7450272391480813,0.7450272391480813
13,MOEA/D,1693.894,0.7518296901116572,0.7518296901116572
13,MOEA/D,1741.561,0.7593031284218126,0.7593031284218126
13,MOEA/D,1790.294,0.7661202410444244,0.7661202410444244
13,MOEA/D,1840.502,0.7698475773647008,0.7698475773647008
13,MOEA/D,1889.121,0.7743468020597104,0.7743468020597104
13,MOEA/D,1938.232,0.7815144338300942,0.7815144338300942
13,MOEA/D,1988.215,0.7815144338300942,0.7815144338300942
13,MOEA/D,2037.494,0.7832096158349551,0.7832096158349551
13,MOEA/D,2087.877,0.7832437008104369,0.7832437008104369
13,MOEA/D,2136.25,0.7975152087399581,0.7975152087399581
13,MOEA/D,2185.362,0.8036722843869915,0.8036722843869915
13,MOEA/D,2236.283,0.8025180721292446,0.8036722843869915
13,MOEA/D,2285.178,0.8130177505129978,0.8130177505129978
13,MOEA/D,2334.775,0.8186320023278181,0.8186320023278181
13,MOEA/D,2384.136,0.8189364405647552,0.8189364405647552
13,MOEA/D,2433.45,0.8228140138492657,0.8228140138492657
13,MOEA/D,2498.604,0.8224891683307507,0.8228140138492657
13,MOEA/D,2547.981,0.8224891683307507,0.8228140138492657
13,MOEA/D,2597.466,0.8371711178747799,0.8371711178747799
13,MOEA/D,2646.305,0.8372268384715911,0.8372268384715911
13,MOEA/D,2695.356,0.83722831163068,0.83722831163068
13,MOEA/D,2742.537,0.83722831163068,0.83722831163068
13,MOEA/D,2789.196,0.83722831163068,0.83722831163068
13,MOEA/D,2836.974,0.8376647719635031,0.8376647719635031
13,MOEA/D,2884.394,0.8376647719635031,0.8376647719635031
13,MOEA/D,2947.84,0.8376647719635031,0.8376647719635031
13,MOEA/D,2995.492,0.8383109337440812,0.8383109337440812
13,MOEA/D,3042.351,0.8394094048236973,0.8394094048236973
13,MOEA/D,3089.703,0.8396391639134052,0.8396391639134052
13,MOEA/D,3137.197,0.8402932994547762,0.8402932994547762
13,MOEA/D,3184.824,0.8403463386907999,0.8403463386907999
13,MOEA/D,3216.645,0.8416818200231013,0.8416818200231013
14,AW-NSGA-II,48.171,0.0,0.0
14,AW-NSGA-II,95.656,0.0,0.0
14,AW-NSGA-II,147.968,0.0,0.0
14,AW-NSGA-II,195.607,0.01846433165091188,0.01846433165091188
14,AW-NSGA-II,249.05,0.04957382507531427,0.04957382507531427
14,AW-NSGA-II,297.117,0.09622837123644962,0.09622837123644962
14,AW-NSGA-II,349.835,0.1654959056533923,0.1654959056533923
14,AW-NSGA-II,398.148,0.2460192135101773,0.2460192135101773
14,AW-NSGA-II,449.492,0.33499606561490175,0.33499606561490175
14,AW-NSGA-II,497.766,0.40380574954239373,0.40380574954239373
14,AW-NSGA-II,549.77,0.4568640328810197,0.4568640328810197
14,AW-NSGA-II,599.922,0.511575261535418,0.511575261535418
14,AW-NSGA-II,647.932,0.5656077070047005,0.5656077070047005
14,AW-NSGA-II,699.542,0.5884584699298813,0.5884584699298813
14,AW-NSGA-II,747.876,0.6120774461911895,0.6120774461911895
14,AW-NSGA-II,797.884,0.6365925870067424,0.6365925870067424
14,AW-NSGA-II,846.613,0.6422710436035821,0.6422710436035821
14,AW-NSGA-II,872.261,0.6446970437232379,0.6446970437232379
14,MOEA/D,48.822,0.0,0.0
14,MOEA/D,97.012,0.0,0.0
14,MOEA/D,145.719,0.0,0.0
14,MOEA/D,193.119,0.0,0.0
14,MOEA/D,240.837,0.0012269482388874659,0.0012269482388874659
14,MOEA/D,287.823,0.0018107726874819299,0.0018107726874819299
14,MOEA/D,334.701,0.0008029223483958339,0.0018107726874819299
14,MOEA/D,398.106,0.009230726332897659,0.009230726332897659
14,MOEA/D,445.946,0.03327743085174466,0.03327743085174466
14,MOEA/D,494.234,0.060627831286258566,0.060627831286258566
14,MOEA/D,540.878,0.06390454113180864,0.06390454113180864
14,MOEA/D,588.402,0.06894522104533857,0.06894522104533857
14,MOEA/D,636.403,0.08406607213825822,0.08406607213825822
14,MOEA/D,688.012,0.09125579950115778,0.09125579950115778
14,MOEA/D,737.359,0.09229943387750215,0.09229943387750215
14,MOEA/D,786.613,0.1047282730568406,0.1047282730568406
14,MOEA/D,835.79,0.10801319570560841,0.10801319570560841
14,MOEA/D,884.648,0.11333256531947702,0.11333256531947702
14,MOEA/D,933.851,0.17704924575931455,0.17704924575931455
14,MOEA/D,983.929,0.2041547573198522,0.2041547573198522
14,MOEA/D,1049.66,0.23014989858260765,0.23014989858260765
14,MOEA/D,1099.846,0.2357978024998346,0.2357978024998346
14,MOEA/D,1149.301,0.28126694087621795,0.28126694087621795
14,MOEA/D,1198.697,0.2879745899231104,0.2879745899231104
14,MOEA/D,1248.491,0.347500536706215,0.347500536706215
14,MOEA/D,1299.454,0.3928750971906648,0.3928750971906648
14,MOEA/D,1348.531,0.4321299398834555,0.4321299398834555
14,MOEA/D,1398.455,0.44043103985343673,0.44043103985343673
14,MOEA/D,1448.044,0.45156567060363795,0.45156567060363795
14,MOEA/D,1499.044,0.46410380170709037,0.46410380170709037
14,MOEA/D,1532.903,0.4692960364358166,0.4692960364358166
14,MOEA/D,1586.024,0.5396541294059292,0.5396541294059292
14,MOEA/D,1648.396,0.5559903379677461,0.5559903379677461
14,MOEA/D,1695.149,0.56374513211167,0.56374513211167
14,MOEA/D,1741.984,0.5673242569452761,0.5673242569452761
14,MOEA/D,1788.758,0.5952580374931662,0.5952580374931662
14,MOEA/D,1836.847,0.5954052550485353,0.5954052550485353
14,MOEA/D,1884.844,0.5954052550485353,0.5954052550485353
14,MOEA/D,1948.358,0.6098800485447766,0.6098800485447766
14,MOEA/D,1995.995,0.610700720370006,0.610700720370006
14,MOEA/D,2042.684,0.6174590238437138,0.6174590238437138
14,MOEA/D,2090.075,0.6174590238437138,0.6174590238437138
14,MOEA/D,2137.986,0.6206575042427263,0.6206575042427263
14,MOEA/D,2185.229,0.6208089038011054,0.6208089038011054
14,MOEA/D,2234.552,0.6208089038011054,0.6208089038011054
14,MOEA/D,2284.211,0.6213239657153747,0.6213239657153747
14,MOEA/D,2349.728,0.6222165111388405,0.6222165111388405
14,MOEA/D,2399.966,0.622292891431631,0.622292891431631
14,MOEA/D,2433.156,0.622292891431631,0.622292891431631
14,MOEA/D,2499.201,0.6226209597154074,0.6226209597154074
14,MOEA/D,2546.393,0.6226559941439234,0.6226559941439234
14,MOEA/D,2595.485,0.6226559941439234,0.6226559941439234
14,MOEA/D,2644.806,0.6224537934597946,0.6226559941439234
14,MOEA/D,2693.088,0.6224417234413222,0.6226559941439234
14,MOEA/D,2742.077,0.6464429944431365,0.6464429944431365
14,MOEA/D,2791.25,0.6503094959238677,0.6503094959238677
14,MOEA/D,2839.396,0.6507119788353442,0.6507119788353442
14,MOEA/D,2885.855,0.6515709873660039,0.6515709873660039
14,MOEA/D,2948.614,0.6573548937954529,0.6573548937954529
14,MOEA/D,2995.065,0.6573548937954529,0.6573548937954529
14,MOEA/D,3040.805,0.6573548937954529,0.6573548937954529
14,MOEA/D,3087.73,0.6573548937954529,0.6573548937954529
14,MOEA/D,3149.025,0.6602041163613144,0.6602041163613144
14,MOEA/D,3195.536,0.675922156131131,0.675922156131131
14,MOEA/D,3211.261,0.675922156131131,0.675922156131131
15,AW-NSGA-II,45.832,0.0,0.0
15,AW-NSGA-II,97.095,0.0,0.0
15,AW-NSGA-II,147.701,0.0,0.0
15,AW-NSGA-II,197.895,0.02618058593137977,0.02618058593137977
15,AW-NSGA-II,249.772,0.05425399471620289,0.05425399471620289
15,AW-NSGA-II,299.894,0.08472804067569549,0.08472804067569549
15,AW-NSGA-II,346.419,0.10725626670954269,0.10725626670954269
15,AW-NSGA-II,396.53,0.14175163578074282,0.14175163578074282
15,AW-NSGA-II,446.651,0.16092998556304777,0.16092998556304777
15,AW-NSGA-II,496.293,0.22367607983878274,0.22367607983878274
15,AW-NSGA-II,549.195,0.24089221535408367,0.24089221535408367
15,AW-NSGA-II,598.604,0.29014992435579096,0.29014992435579096
15,AW-NSGA-II,649.621,0.3192196678897069,0.3192196678897069
15,AW-NSGA-II,699.995,0.34266744379167935,0.34266744379167935
15,AW-NSGA-II,746.638,0.35683286151892346,0.35683286151892346
15,AW-NSGA-II,797.656,0.3729207076162543,0.3729207076162543
15,AW-NSGA-II,847.543,0.3804749371416266,0.3804749371416266
15,AW-NSGA-II,869.466,0.3855573321473113,0.3855573321473113
15,MOEA/D,33.982,0.0,0.0
15,MOEA/D,99.517,0.0,0.0
15,MOEA/D,149.522,0.0,0.0
15,MOEA/D,197.943,0.0,0.0
15,MOEA/D,246.965,0.0,0.0
15,MOEA/D,295.609,0.0004840634609127693,0.0004840634609127693
15,MOEA/D,344.749,0.023475835675783478,0.023475835675783478
15,MOEA/D,393.686,0.06668349007248309,0.06668349007248309
15,MOEA/D,442.034,0.10668602716574119,0.10668602716574119
15,MOEA/D,491.222,0.1261803166059149,0.1261803166059149
15,MOEA/D,540.251,0.16697004229748671,0.16697004229748671
15,MOEA/D,588.601,0.18319979571561762,0.18319979571561762
15,MOEA/D,636.3,0.2095569074215652,0.2095569074215652
15,MOEA/D,699.355,0.24665367221225623,0.24665367221225623
15,MOEA/D,747.17,0.2705939311122655,0.2705939311122655
15,MOEA/D,794.476,0.30438745601562317,0.30438745601562317
15,MOEA/D,842.353,0.345385051842777,0.345385051842777
15,MOEA/D,890.633,0.3708983316264014,0.3708983316264014
15,MOEA/D,938.909,0.37519716560954053,0.37519716560954053
15,MOEA/D,985.944,0.38143129797114983,0.38143129797114983
15,MOEA/D,1047.823,0.42376408458529313,0.42376408458529313
15,MOEA/D,1094.963,0.43036821498935196,0.43036821498935196
15,MOEA/D,1142.006,0.43860849904751376,0.43860849904751376
15,MOEA/D,1189.897,0.4408131347169576,0.4408131347169576
15,MOEA/D,1236.527,0.4464614157263132,0.4464614157263132
15,MOEA/D,1284.508,0.469313561638181,0.469313561638181
15,MOEA/D,1348.438,0.5019021778743841,0.5019021778743841
15,MOEA/D,1396.663,0.5033276998637348,0.5033276998637348
15,MOEA/D,1444.125,0.5039064368412002,0.5039064368412002
15,MOEA/D,1491.677,0.6511764544649306,0.6511764544649306
15,MOEA/D,1540.588,0.6566015681409783,0.6566015681409783
15,MOEA/D,1587.875,0.6670672560534517,0.6670672560534517
15,MOEA/D,1635.802,0.6671511202078473,0.6671511202078473
15,MOEA/D,1685.135,0.6763269002849361,0.6763269002849361
15,MOEA/D,1749.427,0.6822176844470593,0.6822176844470593
15,MOEA/D,1797.253,0.688331291797475,0.688331291797475
15,MOEA/D,1845.849,0.6944070589903677,0.6944070589903677
15,MOEA/D,1892.928,0.7204135254720156,0.7204135254720156
15,MOEA/D,1941.084,0.7204135254720156,0.7204135254720156
15,MOEA/D,1986.686,0.7299577434138921,0.7299577434138921
15,MOEA/D,2048.102,0.730994487391254,0.730994487391254
15,MOEA/D,2096.539,0.730994487391254,0.730994487391254
15,MOEA/D,2143.153,0.731343209159734,0.731343209159734
15,MOEA/D,2191.082,0.7312964104232833,0.731343209159734
15,MOEA/D,2238.171,0.7312964104232833,0.731343209159734
15,MOEA/D,2284.468,0.7317370878604695,0.7317370878604695
15,MOEA/D,2347.55,0.7334198755909389,0.7334198755909389
15,MOEA/D,2394.756,0.7334198755909389,0.7334198755909389
15,MOEA/D,2441.65,0.7336691093144133,0.7336691093144133
15,MOEA/D,2488.737,0.7354426105930831,0.7354426105930831
15,MOEA/D,2535.68,0.7409237115850343,0.7409237115850343
15,MOEA/D,2599.176,0.7372959305621556,0.7409237115850343
15,MOEA/D,2646.744,0.7378086306023256,0.7409237115850343
15,MOEA/D,2694.831,0.7505282570551954,0.7505282570551954
15,MOEA/D,2742.649,0.7504743151615754,0.7505282570551954
15,MOEA/D,2789.861,0.7506982713070985,0.7506982713070985
15,MOEA/D,2840.022,0.7539326779029183,0.7539326779029183
15,MOEA/D,2889.159,0.7539869713291785,0.7539869713291785
15,MOEA/D,2937.978,0.7541160618795111,0.7541160618795111
15,MOEA/D,2988.111,0.7616338387027611,0.7616338387027611
15,MOEA/D,3037.135,0.7726571488296148,0.7726571488296148
15,MOEA/D,3085.997,0.7725505654408036,0.7726571488296148
15,MOEA/D,3135.674,0.772659652981253,0.772659652981253
15,MOEA/D,3185.03,0.7732148380947031,0.7732148380947031
16,AW-NSGA-II,48.713,0.0,0.0
16,AW-NSGA-II,96.609,0.0,0.0
16,AW-NSGA-II,149.844,0.0,0.0
16,AW-NSGA-II,197.671,0.008551669720634413,0.008551669720634413
16,AW-NSGA-II,246.95,0.021389853471516423,0.021389853471516423
16,AW-NSGA-II,297.5,0.07623278395031349,0.07623278395031349
16,AW-NSGA-II,347.022,0.09658117900652682,0.09658117900652682
16,AW-NSGA-II,397.66,0.1586074647329004,0.1586074647329004
16,AW-NSGA-II,447.457,0.2087822519529206,0.2087822519529206
16,AW-NSGA-II,499.571,0.25423332410092336,0.25423332410092336
16,AW-NSGA-II,547.295,0.2837410779843861,0.2837410779843861
16,AW-NSGA-II,598.191,0.326500197687035,0.326500197687035
16,AW-NSGA-II,645.928,0.4023153923116969,0.4023153923116969
16,AW-NSGA-II,698.321,0.4456337113030423,0.4456337113030423
16,AW-NSGA-II,749.47,0.45391651917978826,0.45391651917978826
16,AW-NSGA-II,797.656,0.4851754586793623,0.4851754586793623
16,AW-NSGA-II,836.125,0.501610801993163,0.501610801993163
16,MOEA/D,47.564,0.0,0.0
16,MOEA/D,95.465,0.0,0.0
16,MOEA/D,142.625,0.004009889914377811,0.004009889914377811
16,MOEA/D,190.926,0.005793051804543948,0.005793051804543948
16,MOEA/D,238.352,0.024987395916833535,0.024987395916833535
16,MOEA/D,287.435,0.03963404496404388,0.03963404496404388
16,MOEA/D,338.347,0.04289460565294124,0.04289460565294124
16,MOEA/D,387.761,0.05594441665456536,0.05594441665456536
16,MOEA/D,436.813,0.07114709460032542,0.07114709460032542
16,MOEA/D,485.875,0.13237068063387764,0.13237068063387764
16,MOEA/D,536.031,0.21479636135288432,0.21479636135288432
16,MOEA/D,586.685,0.2536722826971611,0.2536722826971611
16,MOEA/D,637.587,0.312635795076098,0.312635795076098
16,MOEA/D,690.068,0.35428305924709025,0.35428305924709025
16,MOEA/D,740.372,0.41235287737598825,0.41235287737598825
16,MOEA/D,792.827,0.445418372696227,0.445418372696227
16,MOEA/D,844.104,0.44326488897649063,0.445418372696227
16,MOEA/D,895.98,0.4587930567703327,0.4587930567703327
16,MOEA/D,946.418,0.5008852538659502,0.5008852538659502
16,MOEA/D,996.391,0.5190559941795166,0.5190559941795166
16,MOEA/D,1044.762,0.5329841846640423,0.5329841846640423
16,MOEA/D,1092.035,0.5695110329025072,0.5695110329025072
16,MOEA/D,1140.5,0.5962904118008192,0.5962904118008192
16,MOEA/D,1189.465,0.6196312919032892,0.6196312919032892
16,MOEA/D,1236.649,0.6337525624554814,0.6337525624554814
16,MOEA/D,1299.815,0.651960099539068,0.651960099539068
16,MOEA/D,1347.446,0.6820494842492141,0.6820494842492141
16,MOEA/D,1395.306,0.6847503093979788,0.6847503093979788
16,MOEA/D,1443.621,0.7090219090949776,0.7090219090949776
16,MOEA/D,1491.447,0.7180538106440298,0.7180538106440298
16,MOEA/D,1538.466,0.71822600401166,0.71822600401166
16,MOEA/D,1586.385,0.7184938822940262,0.7184938822940262
16,MOEA/D,1649.509,0.7953925032504765,0.7953925032504765
16,MOEA/D,1698.016,0.8058710128060604,0.8058710128060604
16,MOEA/D,1744.407,0.80599258174426,0.80599258174426
16,MOEA/D,1790.754,0.8202126172371069,0.8202126172371069
16,MOEA/D,1837.844,0.820618825087327,0.820618825087327
16,MOEA/D,1884.916,0.8217880080037231,0.8217880080037231
16,MOEA/D,1947.685,0.8217431034134599,0.8217880080037231
16,MOEA/D,1994.978,0.8239368052596683,0.8239368052596683
16,MOEA/D,2042.824,0.8416366579496375,0.8416366579496375
16,MOEA/D,2089.858,0.8416785511049794,0.8416785511049794
16,MOEA/D,2136.624,0.8456622531814018,0.8456622531814018
16,MOEA/D,2199.95,0.8463165369705751,0.8463165369705751
16,MOEA/D,2246.64,0.8467010785180346,0.8467010785180346
16,MOEA/D,2293.182,0.8470400002239062,0.8470400002239062
16,MOEA/D,2340.253,0.8470832975620024,0.8470832975620024
16,MOEA/D,2387.435,0.8419517062662423,0.8470832975620024
16,MOEA/D,2449.623,0.843539237971775,0.8470832975620024
16,MOEA/D,2496.894,0.8447277719148312,0.8470832975620024
16,MOEA/D,2543.446,0.8864612725513179,0.8864612725513179
16,MOEA/D,2590.033,0.9027904123726203,0.9027904123726203
16,MOEA/D,2636.807,0.9037917080981104,0.9037917080981104
16,MOEA/D,2699.697,0.9051613374954746,0.9051613374954746
16,MOEA/D,2746.577,0.905578012574092,0.905578012574092
16,MOEA/D,2794.088,0.9097720700823758,0.9097720700823758
16,MOEA/D,2840.476,0.9276365737411155,0.9276365737411155
16,MOEA/D,2887.166,0.9265608245566592,0.9276365737411155
16,MOEA/D,2935.096,0.9265608245566592,0.9276365737411155
16,MOEA/D,2997.985,0.9266965961667903,0.9276365737411155
16,MOEA/D,3044.505,0.9266540062588458,0.9276365737411155
16,MOEA/D,3091.083,0.9267003266934015,0.9276365737411155
16,MOEA/D,3137.629,0.9271199272179342,0.9276365737411155
16,MOEA/D,3184.38,0.9291239665316593,0.9291239665316593
17,AW-NSGA-II,47.033,0.0,0.0
17,AW-NSGA-II,96.57,0.0,0.0
17,AW-NSGA-II,146.118,0.00034319290421530005,0.00034319290421530005
17,AW-NSGA-II,196.175,0.0464616160747298,0.0464616160747298
17,AW-NSGA-II,245.931,0.21133742278532072,0.21133742278532072
17,AW-NSGA-II,297.104,0.31192717675791154,0.31192717675791154
17,AW-NSGA-II,347.478,0.4095574743854232,0.4095574743854232
17,AW-NSGA-II,396.624,0.4551924128299084,0.4551924128299084
17,AW-NSGA-II,449.449,0.5008300653015318,0.5008300653015318
17,AW-NSGA-II,498.863,0.5210932089585945,0.5210932089585945
17,AW-NSGA-II,547.486,0.5561621473930322,0.5561621473930322
17,AW-NSGA-II,597.334,0.5623016395344195,0.5623016395344195
17,AW-NSGA-II,646.635,0.6001590068605276,0.6001590068605276
17,AW-NSGA-II,696.832,0.6084282681719062,0.6084282681719062
17,AW-NSGA-II,747.179,0.6267221003884932,0.6267221003884932
17,AW-NSGA-II,798.732,0.6603658848456586,0.6603658848456586
17,AW-NSGA-II,828.208,0.668788578806393,0.668788578806393
17,MOEA/D,47.324,0.0,0.0
17,MOEA/D,95.218,0.0,0.0
17,MOEA/D,143.06,0.0,0.0
17,MOEA/D,190.594,0.0,0.0
17,MOEA/D,237.437,0.015876361943961463,0.015876361943961463
17,MOEA/D,285.656,0.04132943738871735,0.04132943738871735
17,MOEA/D,348.893,0.09026016284398194,0.09026016284398194
17,MOEA/D,395.58,0.11574075831807445,0.11574075831807445
17,MOEA/D,442.732,0.13588724896520038,0.13588724896520038
17,MOEA/D,489.639,0.15100781237239946,0.15100781237239946
17,MOEA/D,538.811,0.19037344037087964,0.19037344037087964
17,MOEA/D,588.697,0.19734140010650386,0.19734140010650386
17,MOEA/D,638.164,0.22886986206414034,0.22886986206414034
17,MOEA/D,687.445,0.2514267062483931,0.2514267062483931
17,MOEA/D,737.225,0.2706931635001436,0.2706931635001436
17,MOEA/D,786.861,0.2710694775491547,0.2710694775491547
17,MOEA/D,838.007,0.31143852720884024,0.31143852720884024
17,MOEA/D,886.843,0.3328589873200976,0.3328589873200976
17,MOEA/D,935.932,0.34326980942078844,0.34326980942078844
17,MOEA/D,986.206,0.4058655026227801,0.4058655026227801
17,MOEA/D,1034.982,0.40895916387915093,0.40895916387915093
17,MOEA/D,1084.342,0.4216851065239905,0.4216851065239905
17,MOEA/D,1134.714,0.5107121780613422,0.5107121780613422
17,MOEA/D,1185.804,0.5116139024081677,0.5116139024081677
17,MOEA/D,1236.747,0.5155224184322822,0.5155224184322822
17,MOEA/D,1288.169,0.5155224184322822,0.5155224184322822
17,MOEA/D,1339.523,0.5158985662342456,0.5158985662342456
17,MOEA/D,1391.534,0.518432604936431,0.518432604936431
17,MOEA/D,1443.278,0.5205363994975691,0.5205363994975691
17,MOEA/D,1494.484,0.5124710338895815,0.5205363994975691
17,MOEA/D,1545.717,0.5136500078497377,0.5205363994975691
17,MOEA/D,1597.061,0.5146204915227016,0.5205363994975691
17,MOEA/D,1648.236,0.5182077676178413,0.5205363994975691
17,MOEA/D,1682.781,0.545558624527114,0.545558624527114
17,MOEA/D,1748.33,0.5463077852576234,0.5463077852576234
17,MOEA/D,1794.64,0.5541449687226727,0.5541449687226727
17,MOEA/D,1841.033,0.554267701086226,0.554267701086226
17,MOEA/D,1887.743,0.5541901616789533,0.554267701086226
17,MOEA/D,1935.783,0.5544199722344411,0.5544199722344411
17,MOEA/D,1998.694,0.5770285446621797,0.5770285446621797
17,MOEA/D,2045.365,0.5561130873030531,0.5770285446621797
17,MOEA/D,2092.425,0.5561392244160188,0.5770285446621797
17,MOEA/D,2139.001,0.5615777389878194,0.5770285446621797
17,MOEA/D,2186.227,0.5673155501949068,0.5770285446621797
17,MOEA/D,2249.77,0.5735502902818368,0.5770285446621797
17,MOEA/D,2298.421,0.573576988875536,0.5770285446621797
17,MOEA/D,2346.276,0.5751454697881864,0.5770285446621797
17,MOEA/D,2394.131,0.574474437885892,0.5770285446621797
17,MOEA/D,2440.958,0.5909006045444789,0.5909006045444789
17,MOEA/D,2488.162,0.5924056972110225,0.5924056972110225
17,MOEA/D,2535.504,0.5924331950359722,0.5924331950359722
17,MOEA/D,2598.035,0.5943449215603587,0.5943449215603587
17,MOEA/D,2646.706,0.5943449215603587,0.5943449215603587
17,MOEA/D,2694.022,0.5945294820072842,0.5945294820072842
17,MOEA/D,2741.909,0.5942271473278686,0.5945294820072842
17,MOEA/D,2789.403,0.6094616360677741,0.6094616360677741
17,MOEA/D,2837.873,0.6094801059493706,0.6094801059493706
17,MOEA/D,2885.598,0.6093379886331407,0.6094801059493706
17,MOEA/D,2949.236,0.6094031671447964,0.6094801059493706
17,MOEA/D,2996.53,0.6093754818227212,0.6094801059493706
17,MOEA/D,3044.776,0.6093413174219628,0.6094801059493706
17,MOEA/D,3092.164,0.6097486151946336,0.6097486151946336
17,MOEA/D,3139.731,0.610348580264293,0.610348580264293
17,MOEA/D,3186.393,0.6108540735129937,0.6108540735129937
17,MOEA/D,3217.937,0.6009627690517491,0.6108540735129937
18,AW-NSGA-II,49.322,0.0,0.0
18,AW-NSGA-II,98.182,0.0,0.0
18,AW-NSGA-II,148.046,0.0,0.0
18,AW-NSGA-II,197.822,0.017689678740381895,0.017689678740381895
18,AW-NSGA-II,246.949,0.027524961783316565,0.027524961783316565
18,AW-NSGA-II,296.253,0.12278771682688312,0.12278771682688312
18,AW-NSGA-II,346.879,0.2245535018647034,0.2245535018647034
18,AW-NSGA-II,397.052,0.2560612888933359,0.2560612888933359
18,AW-NSGA-II,447.881,0.3096632395728781,0.3096632395728781
18,AW-NSGA-II,499.728,0.3292238563236991,0.3292238563236991
18,AW-NSGA-II,546.304,0.3947131738188828,0.3947131738188828
18,AW-NSGA-II,599.668,0.41851077451074503,0.41851077451074503
18,AW-NSGA-II,649.942,0.4401464417566925,0.4401464417566925
18,AW-NSGA-II,695.555,0.5080583483167729,0.5080583483167729
18,AW-NSGA-II,749.919,0.5559808306440599,0.5559808306440599
18,AW-NSGA-II,796.448,0.5827222171714661,0.5827222171714661
18,AW-NSGA-II,830.246,0.5900244127598455,0.5900244127598455
18,MOEA/D,48.429,0.0,0.0
18,MOEA/D,96.779,0.0,0.0
18,MOEA/D,144.689,0.0,0.0
18,MOEA/D,192.547,0.0,0.0
18,MOEA/D,240.618,0.003417007949295969,0.003417007949295969
18,MOEA/D,289.325,0.010758885539038539,0.010758885539038539
18,MOEA/D,337.589,0.02864773019991647,0.02864773019991647
18,MOEA/D,385.64,0.0750107675272615,0.0750107675272615
18,MOEA/D,448.067,0.12844431886823604,0.12844431886823604
18,MOEA/D,495.874,0.1518781047110575,0.1518781047110575
18,MOEA/D,544.019,0.173413548871613,0.173413548871613
18,MOEA/D,591.714,0.22916742038558935,0.22916742038558935
18,MOEA/D,639.392,0.260054917542036,0.260054917542036
18,MOEA/D,687.605,0.3213723531130478,0.3213723531130478
18,MOEA/D,735.447,0.35272779534679577,0.35272779534679577
18,MOEA/D,799.772,0.3539227928942808,0.3539227928942808
18,MOEA/D,848.549,0.36687575136597034,0.36687575136597034
18,MOEA/D,896.387,0.38464228887623503,0.38464228887623503
18,MOEA/D,944.125,0.42974895692385556,0.42974895692385556
18,MOEA/D,992.238,0.4238345977300061,0.42974895692385556
18,MOEA/D,1040.674,0.4369410540177269,0.4369410540177269
18,MOEA/D,1088.725,0.4598075884626939,0.4598075884626939
18,MOEA/D,1137.419,0.47936357846348143,0.47936357846348143
18,MOEA/D,1184.883,0.49867544895395316,0.49867544895395316
18,MOEA/D,1248.194,0.5283856826115199,0.5283856826115199
18,MOEA/D,1296.024,0.5407193669963839,0.5407193669963839
18,MOEA/D,1344.066,0.5404977337981401,0.5407193669963839
18,MOEA/D,1391.638,0.5414220044488582,0.5414220044488582
18,MOEA/D,1438.623,0.5439140177088908,0.5439140177088908
18,MOEA/D,1485.976,0.5430854038967646,0.5439140177088908
18,MOEA/D,1549.814,0.545285188908132,0.545285188908132
18,MOEA/D,1597.356,0.5499197661690626,0.5499197661690626
18,MOEA/D,1644.448,0.5591020125624968,0.5591020125624968
18,MOEA/D,1691.037,0.5618306292673679,0.5618306292673679
18,MOEA/D,1738.712,0.5642813317920297,0.5642813317920297
18,MOEA/D,1785.843,0.5657279454081867,0.5657279454081867
18,MOEA/D,1849.474,0.5952835032931891,0.5952835032931891
18,MOEA/D,1896.55,0.6147180742748217,0.6147180742748217
18,MOEA/D,1947.311,0.6681691756251829,0.6681691756251829
18,MOEA/D,1996.067,0.6918114303952912,0.6918114303952912
18,MOEA/D,2044.576,0.7082229193668412,0.7082229193668412
18,MOEA/D,2092.834,0.7070640728038554,0.7082229193668412
18,MOEA/D,2140.013,0.7237052426288606,0.7237052426288606
18,MOEA/D,2187.213,0.7558731662453665,0.7558731662453665
18,MOEA/D,2234.216,0.7877685950427626,0.7877685950427626
18,MOEA/D,2297.457,0.8322524902698083,0.8322524902698083
18,MOEA/D,2344.066,0.9033661519604328,0.9033661519604328
18,MOEA/D,2392.131,0.9139317978082255,0.9139317978082255
18,MOEA/D,2440.226,0.9167284185543739,0.9167284185543739
18,MOEA/D,2488.013,0.9173572262646174,0.9173572262646174
18,MOEA/D,2536.266,0.9364550230294918,0.9364550230294918
18,MOEA/D,2585.431,0.9404791960210477,0.9404791960210477
18,MOEA/D,2634.146,0.9269381380114526,0.9404791960210477
18,MOEA/D,2683.304,0.9611688203166919,0.9611688203166919
18,MOEA/D,2749.293,0.9615945384684577,0.9615945384684577
18,MOEA/D,2798.086,0.9619026851580168,0.9619026851580168
18,MOEA/D,2849.052,0.9621014161516945,0.9621014161516945
18,MOEA/D,2883.219,0.9620995331049648,0.9621014161516945
18,MOEA/D,2936.149,0.962062624675245,0.9621014161516945
18,MOEA/D,2985.51,0.9626953561377636,0.9626953561377636
18,MOEA/D,3034.235,0.9630238379935938,0.9630238379935938
18,MOEA/D,3099.651,0.9630238379935938,0.9630238379935938
18,MOEA/D,3131.852,0.9630238379935938,0.9630238379935938
18,MOEA/D,3199.426,0.9631042606732485,0.9631042606732485
18,MOEA/D,3214.08,0.9631042606732485,0.9631042606732485
19,AW-NSGA-II,47.111,0.0,0.0
19,AW-NSGA-II,96.769,0.0,0.0
19,AW-NSGA-II,149.127,0.0,0.0
19,AW-NSGA-II,196.258,0.0037962688693286193,0.0037962688693286193
19,AW-NSGA-II,245.65,0.025594387187535924,0.025594387187535924
19,AW-NSGA-II,296.109,0.09340979529604446,0.09340979529604446
19,AW-NSGA-II,347.009,0.2609930164203387,0.2609930164203387
19,AW-NSGA-II,396.542,0.2824459552380925,0.2824459552380925
19,AW-NSGA-II,448.037,0.3408779644318568,0.3408779644318568
19,AW-NSGA-II,495.33,0.37580549938978103,0.37580549938978103
19,AW-NSGA-II,548.984,0.4259979216102223,0.4259979216102223
19,AW-NSGA-II,596.524,0.4728344826956177,0.4728344826956177
19,AW-NSGA-II,648.185,0.4871052972977169,0.4871052972977169
19,AW-NSGA-II,695.642,0.5102892993767008,0.5102892993767008
19,AW-NSGA-II,747.564,0.5186461466159087,0.5186461466159087
19,AW-NSGA-II,796.527,0.5324054731385162,0.5324054731385162
19,AW-NSGA-II,847.005,0.5462923144329623,0.5462923144329623
19,AW-NSGA-II,871.683,0.5825045451143831,0.5825045451143831
19,MOEA/D,49.558,0.0,0.0
19,MOEA/D,98.831,0.0,0.0
19,MOEA/D,148.285,0.0,0.0
19,MOEA/D,196.195,0.006791687840353738,0.006791687840353738
19,MOEA/D,243.893,0.037808119246422876,0.037808119246422876
19,MOEA/D,291.175,0.06330992714752337,0.06330992714752337
19,MOEA/D,339.927,0.10946717938394672,0.10946717938394672
19,MOEA/D,388.969,0.14936592672519805,0.14936592672519805
19,MOEA/D,438.119,0.15879002047726534,0.15879002047726534
19,MOEA/D,486.516,0.19129275646769023,0.19129275646769023
19,MOEA/D,535.132,0.24511146716530996,0.24511146716530996
19,MOEA/D,599.258,0.2996589710611608,0.2996589710611608
19,MOEA/D,647.572,0.34944793842961264,0.34944793842961264
19,MOEA/D,694.872,0.39179087142182933,0.39179087142182933
19,MOEA/D,742.094,0.41581894195425206,0.41581894195425206
19,MOEA/D,789.86,0.42854395068739026,0.42854395068739026
19,MOEA/D,838.438,0.47248643848751504,0.47248643848751504
19,MOEA/D,892.396,0.47943148371309163,0.47943148371309163
19,MOEA/D,939.559,0.5215560316126301,0.5215560316126301
19,MOEA/D,986.561,0.5649112754350404,0.5649112754350404
19,MOEA/D,1049.218,0.583100034504123,0.583100034504123
19,MOEA/D,1095.567,0.5915403908183816,0.5915403908183816
19,MOEA/D,1142.081,0.6075486032314084,0.6075486032314084
19,MOEA/D,1191.809,0.6075486032314084,0.6075486032314084
19,MOEA/D,1240.309,0.6101200019811884,0.6101200019811884
19,MOEA/D,1289.324,0.6452985507296858,0.6452985507296858
19,MOEA/D,1335.815,0.645322266650751,0.645322266650751
19,MOEA/D,1399.28,0.6343464333822396,0.645322266650751
19,MOEA/D,1434.769,0.6344675883136617,0.645322266650751
19,MOEA/D,1484.481,0.6915262289174935,0.6915262289174935
19,MOEA/D,1548.537,0.6979262717470658,0.6979262717470658
19,MOEA/D,1594.114,0.698775636644942,0.698775636644942
19,MOEA/D,1641.116,0.6779142505326414,0.698775636644942
19,MOEA/D,1689.637,0.6781602879026367,0.698775636644942
19,MOEA/D,1737.332,0.691724714653043,0.698775636644942
19,MOEA/D,1784.985,0.7087747680504836,0.7087747680504836
19,MOEA/D,1847.3,0.7093134575907993,0.7093134575907993
19,MOEA/D,1893.565,0.7099645463376789,0.7099645463376789
19,MOEA/D,1940.426,0.7104649763538617,0.7104649763538617
19,MOEA/D,1987.664,0.7485987697913881,0.7485987697913881
19,MOEA/D,2049.449,0.7358685712702275,0.7485987697913881
19,MOEA/D,2095.985,0.7415908209041322,0.7485987697913881
19,MOEA/D,2143.275,0.7397424240100391,0.7485987697913881
19,MOEA/D,2192.339,0.7394692525519991,0.7485987697913881
19,MOEA/D,2240.952,0.7420967403572851,0.7485987697913881
19,MOEA/D,2288.595,0.7448743227911905,0.7485987697913881
19,MOEA/D,2334.694,0.7467819779598334,0.7485987697913881
19,MOEA/D,2396.58,0.8228723099713398,0.8228723099713398
19,MOEA/D,2442.71,0.822962555003256,0.822962555003256
19,MOEA/D,2492.469,0.8230060383541379,0.8230060383541379
19,MOEA/D,2540.105,0.8230060383541379,0.8230060383541379
19,MOEA/D,2586.539,0.8380597416507121,0.8380597416507121
19,MOEA/D,2648.169,0.8256335564516625,0.8380597416507121
19,MOEA/D,2695.055,0.8257271797099015,0.8380597416507121
19,MOEA/D,2742.891,0.8264060532146315,0.8380597416507121
19,MOEA/D,2790.089,0.8397287138761437,0.8397287138761437
19,MOEA/D,2838.127,0.8476956652723422,0.8476956652723422
19,MOEA/D,2885.625,0.8479681308703746,0.8479681308703746
19,MOEA/D,2948.945,0.850012891909788,0.850012891909788
19,MOEA/D,2996.865,0.850056377029615,0.850056377029615
19,MOEA/D,3044.239,0.8497021667573788,0.850056377029615
19,MOEA/D,3091.685,0.8501700487475978,0.8501700487475978
19,MOEA/D,3138.913,0.8508378516096926,0.8508378516096926
19,MOEA/D,3171.094,0.8501700487475978,0.8508378516096926
20,AW-NSGA-II,46.851,0.0,0.0
20,AW-NSGA-II,98.265,0.0,0.0
20,AW-NSGA-II,148.674,0.0,0.0
20,AW-NSGA-II,197.886,0.005566620184607895,0.005566620184607895
20,AW-NSGA-II,247.724,0.0184850122284037,0.0184850122284037
20,AW-NSGA-II,297.043,0.030836926160306467,0.030836926160306467
20,AW-NSGA-II,347.62,0.03472591215619051,0.03472591215619051
20,AW-NSGA-II,397.432,0.047690232665050715,0.047690232665050715
20,AW-NSGA-II,447.786,0.06802129400567605,0.06802129400567605
20,AW-NSGA-II,499.355,0.09215337844974786,0.09215337844974786
20,AW-NSGA-II,549.895,0.11226872543466654,0.11226872543466654
20,AW-NSGA-II,596.757,0.11968735206096025,0.11968735206096025
20,AW-NSGA-II,647.35,0.13241120441069262,0.13241120441069262
20,AW-NSGA-II,697.355,0.15187403432501345,0.15187403432501345
20,AW-NSGA-II,748.675,0.17046608128954077,0.17046608128954077
20,AW-NSGA-II,798.618,0.17527631379708608,0.17527631379708608
20,AW-NSGA-II,836.241,0.19596310553486898,0.19596310553486898
20,MOEA/D,47.66,0.0,0.0
20,MOEA/D,95.248,0.0,0.0
20,MOEA/D,143.281,0.0,0.0
20,MOEA/D,191.058,0.0,0.0
20,MOEA/D,238.0,0.0,0.0
20,MOEA/D,285.071,0.005854138974880571,0.005854138974880571
20,MOEA/D,347.726,0.02383895348066736,0.02383895348066736
20,MOEA/D,395.669,0.07570305301268393,0.07570305301268393
20,MOEA/D,444.083,0.11932433064151066,0.11932433064151066
20,MOEA/D,492.005,0.1353565341110605,0.1353565341110605
20,MOEA/D,539.157,0.13965804079513028,0.13965804079513028
20,MOEA/D,596.746,0.16216643524716595,0.16216643524716595
20,MOEA/D,649.669,0.19539531724211406,0.19539531724211406
20,MOEA/D,696.755,0.20479039385815717,0.20479039385815717
20,MOEA/D,744.315,0.22270896607263038,0.22270896607263038
20,MOEA/D,789.349,0.22864935009940301,0.22864935009940301
20,MOEA/D,837.113,0.23066074311964724,0.23066074311964724
20,MOEA/D,899.299,0.2764198936884786,0.2764198936884786
20,MOEA/D,947.406,0.28927552705985876,0.28927552705985876
20,MOEA/D,994.961,0.29250710405700114,0.29250710405700114
20,MOEA/D,1041.713,0.29341689583386765,0.29341689583386765
20,MOEA/D,1091.301,0.3021231262590976,0.3021231262590976
20,MOEA/D,1139.314,0.3021231262590976,0.3021231262590976
20,MOEA/D,1186.089,0.30909671429246705,0.30909671429246705
20,MOEA/D,1249.16,0.34391062025922603,0.34391062025922603
20,MOEA/D,1296.111,0.3816861914477475,0.3816861914477475
20,MOEA/D,1342.527,0.3821302090103068,0.3821302090103068
20,MOEA/D,1390.423,0.40601997605928486,0.40601997605928486
20,MOEA/D,1438.455,0.4074545025886733,0.4074545025886733
20,MOEA/D,1485.485,0.43389875423028207,0.43389875423028207
20,MOEA/D,1547.803,0.4802067980987461,0.4802067980987461
20,MOEA/D,1594.738,0.49814463162222083,0.49814463162222083
20,MOEA/D,1641.143,0.5012925141503599,0.5012925141503599
20,MOEA/D,1688.022,0.49887903073010553,0.5012925141503599
20,MOEA/D,1737.989,0.49887903073010553,0.5012925141503599
20,MOEA/D,1787.064,0.4994766924326312,0.5012925141503599
20,MOEA/D,1849.597,0.4994765095349333,0.5012925141503599
20,MOEA/D,1888.652,0.5256421668147084,0.5256421668147084
20,MOEA/D,1949.539,0.5355819390185205,0.5355819390185205
20,MOEA/D,1996.515,0.5356958930969331,0.5356958930969331
20,MOEA/D,2042.966,0.5377777269140943,0.5377777269140943
20,MOEA/D,2089.789,0.5377777269140943,0.5377777269140943
20,MOEA/D,2136.308,0.5378787026488565,0.5378787026488565
20,MOEA/D,2198.531,0.5384191820405191,0.5384191820405191
20,MOEA/D,2246.155,0.5384191820405191,0.5384191820405191
20,MOEA/D,2293.768,0.5426127406711702,0.5426127406711702
20,MOEA/D,2342.232,0.5429047641488954,0.5429047641488954
20,MOEA/D,2391.05,0.5429047641488954,0.5429047641488954
20,MOEA/D,2439.895,0.6036507858107604,0.6036507858107604
20,MOEA/D,2487.686,0.6048238841031583,0.6048238841031583
20,MOEA/D,2537.776,0.6048238841031583,0.6048238841031583
20,MOEA/D,2586.91,0.6068258864347865,0.6068258864347865
20,MOEA/D,2636.433,0.6092494644692226,0.6092494644692226
20,MOEA/D,2685.514,0.6119475708955826,0.6119475708955826
20,MOEA/D,2733.733,0.6167426657047427,0.6167426657047427
20,MOEA/D,2799.477,0.6188700204270855,0.6188700204270855
20,MOEA/D,2839.146,0.6193525378594724,0.6193525378594724
20,MOEA/D,2888.661,0.6212253128541992,0.6212253128541992
20,MOEA/D,2934.442,0.622360063169221,0.622360063169221
20,MOEA/D,2995.92,0.6243090081918283,0.6243090081918283
20,MOEA/D,3042.546,0.6272423525481376,0.6272423525481376
20,MOEA/D,3090.438,0.63021264684717,0.63021264684717
20,MOEA/D,3137.76,0.6303896450203984,0.6303896450203984
20,MOEA/D,3184.289,0.6563782083485111,0.6563782083485111
21,AW-NSGA-II,47.206,0.0,0.0
21,AW-NSGA-II,98.046,0.0,0.0
21,AW-NSGA-II,145.818,0.0,0.0
21,AW-NSGA-II,198.413,0.0006725682881687845,0.0006725682881687845
21,AW-NSGA-II,249.223,0.024854063300391874,0.024854063300391874
21,AW-NSGA-II,299.714,0.05543530230355062,0.05543530230355062
21,AW-NSGA-II,348.697,0.07386099886399282,0.07386099886399282
21,AW-NSGA-II,398.773,0.10185242938026184,0.10185242938026184
21,AW-NSGA-II,446.446,0.15760677783501048,0.15760677783501048
21,AW-NSGA-II,498.343,0.22750391832888212,0.22750391832888212
21,AW-NSGA-II,547.602,0.26522730945523565,0.26522730945523565
21,AW-NSGA-II,597.75,0.33039157398789964,0.33039157398789964
21,AW-NSGA-II,648.419,0.36454567121335285,0.36454567121335285
21,AW-NSGA-II,698.939,0.4135605721030258,0.4135605721030258
21,AW-NSGA-II,746.448,0.48385920085556156,0.48385920085556156
21,AW-NSGA-II,796.597,0.49582421168018176,0.49582421168018176
21,AW-NSGA-II,842.9,0.5132748382174406,0.5132748382174406
21,MOEA/D,48.568,0.0,0.0
21,MOEA/D,97.881,0.0,0.0
21,MOEA/D,146.993,0.0,0.0
21,MOEA/D,196.865,0.0,0.0
21,MOEA/D,245.918,0.0,0.0
21,MOEA/D,296.548,0.0,0.0
21,MOEA/D,346.089,0.004182658860469664,0.004182658860469664
21,MOEA/D,395.433,0.013470074493053874,0.013470074493053874
21,MOEA/D,442.009,0.031997522579223496,0.031997522579223496
21,MOEA/D,488.122,0.045664547341859346,0.045664547341859346
21,MOEA/D,535.164,0.06961856298995746,0.06961856298995746
21,MOEA/D,598.975,0.07940565845286458,0.07940565845286458
21,MOEA/D,646.232,0.16487983508765475,0.16487983508765475
21,MOEA/D,693.74,0.17578572512062662,0.17578572512062662
21,MOEA/D,740.811,0.17717655227280202,0.17717655227280202
21,MOEA/D,788.549,0.18725218645914182,0.18725218645914182
21,MOEA/D,837.017,0.20758925612188367,0.20758925612188367
21,MOEA/D,884.216,0.21960813204377466,0.21960813204377466
21,MOEA/D,947.89,0.23803509178691118,0.23803509178691118
21,MOEA/D,996.211,0.2401510447351614,0.2401510447351614
21,MOEA/D,1044.187,0.26281769207233374,0.26281769207233374
21,MOEA/D,1091.91,0.27243407422005506,0.27243407422005506
21,MOEA/D,1139.126,0.2789376918322408,0.2789376918322408
21,MOEA/D,1186.776,0.29213430288231107,0.29213430288231107
21,MOEA/D,1249.334,0.2927462264327139,0.2927462264327139
21,MOEA/D,1297.351,0.3010781133109989,0.3010781133109989
21,MOEA/D,1345.338,0.31875485704388196,0.31875485704388196
21,MOEA/D,1394.136,0.34592987247166784,0.34592987247166784
21,MOEA/D,1442.255,0.3470070940938341,0.3470070940938341
21,MOEA/D,1490.3,0.347332616310262,0.347332616310262
21,MOEA/D,1538.343,0.3502098327839783,0.3502098327839783
21,MOEA/D,1586.322,0.35264165404134334,0.35264165404134334
21,MOEA/D,1634.494,0.3534569464933424,0.3534569464933424
21,MOEA/D,1697.583,0.35673738169697683,0.35673738169697683
21,MOEA/D,1744.666,0.3622405758431881,0.3622405758431881
21,MOEA/D,1792.681,0.36889199321195926,0.36889199321195926
21,MOEA/D,1842.566,0.36973973144319594,0.36973973144319594
21,MOEA/D,1891.781,0.36991858038596753,0.36991858038596753
21,MOEA/D,1940.812,0.3799520387783127,0.3799520387783127
21,MOEA/D,1990.716,0.38064934139362977,0.38064934139362977
21,MOEA/D,2041.497,0.382274257651258,0.382274257651258
21,MOEA/D,2091.838,0.3933700878465488,0.3933700878465488
21,MOEA/D,2140.82,0.4033311492217263,0.4033311492217263
21,MOEA/D,2190.94,0.4153419348660915,0.4153419348660915
21,MOEA/D,2241.761,0.4617424778225824,0.4617424778225824
21,MOEA/D,2291.857,0.4619439213264386,0.4619439213264386
21,MOEA/D,2341.586,0.474700275304116,0.474700275304116
21,MOEA/D,2391.878,0.47429444483693695,0.474700275304116
21,MOEA/D,2440.969,0.47850612261444736,0.47850612261444736
21,MOEA/D,2489.606,0.44752442864957465,0.47850612261444736
21,MOEA/D,2537.111,0.45446268941620893,0.47850612261444736
21,MOEA/D,2584.861,0.458838736404186,0.47850612261444736
21,MOEA/D,2648.527,0.4787346339208707,0.4787346339208707
21,MOEA/D,2695.474,0.4790913658779148,0.4790913658779148
21,MOEA/D,2741.998,0.4874854211775568,0.4874854211775568
21,MOEA/D,2789.753,0.4942570880862587,0.4942570880862587
21,MOEA/D,2837.415,0.488030128265328,0.4942570880862587
21,MOEA/D,2884.789,0.48794974449855755,0.4942570880862587
21,MOEA/D,2947.187,0.500674998668014,0.500674998668014
21,MOEA/D,2995.147,0.500674998668014,0.500674998668014
21,MOEA/D,3041.703,0.5075645519201232,0.5075645519201232
21,MOEA/D,3088.066,0.5079645566150909,0.5079645566150909
21,MOEA/D,3136.739,0.5135493718045964,0.5135493718045964
21,MOEA/D,3183.804,0.5153174943383576,0.5153174943383576
21,MOEA/D,3201.112,0.5153056124102178,0.5153174943383576
22,AW-NSGA-II,49.168,0.0,0.0
22,AW-NSGA-II,99.042,0.0,0.0
22,AW-NSGA-II,148.315,0.0,0.0
22,AW-NSGA-II,196.832,0.0,0.0
22,AW-NSGA-II,248.231,0.0,0.0
22,AW-NSGA-II,299.965,0.0,0.0
22,AW-NSGA-II,347.047,0.006496133824205428,0.006496133824205428
22,AW-NSGA-II,397.301,0.03209382847948817,0.03209382847948817
22,AW-NSGA-II,448.366,0.06046718042269446,0.06046718042269446
22,AW-NSGA-II,498.971,0.1396383938724893,0.1396383938724893
22,AW-NSGA-II,549.605,0.17375490525190623,0.17375490525190623
22,AW-NSGA-II,596.017,0.1825937080297545,0.1825937080297545
22,AW-NSGA-II,647.131,0.20574803249585844,0.20574803249585844
22,AW-NSGA-II,697.22,0.2207505619158579,0.2207505619158579
22,AW-NSGA-II,747.197,0.25699302576547195,0.25699302576547195
22,AW-NSGA-II,797.529,0.2958459804108402,0.2958459804108402
22,AW-NSGA-II,842.081,0.30884974597516035,0.30884974597516035
22,MOEA/D,47.248,0.0,0.0
22,MOEA/D,95.875,0.0,0.0
22,MOEA/D,143.331,0.0,0.0
22,MOEA/D,190.184,0.0,0.0
22,MOEA/D,237.607,0.027740409118006272,0.027740409118006272
22,MOEA/D,285.847,0.03925956428939992,0.03925956428939992
22,MOEA/D,349.213,0.07526314972994956,0.07526314972994956
22,MOEA/D,396.581,0.08367539273686703,0.08367539273686703
22,MOEA/D,444.207,0.09942446478087005,0.09942446478087005
22,MOEA/D,491.396,0.12946929039081514,0.12946929039081514
22,MOEA/D,540.222,0.17975720539359094,0.17975720539359094
22,MOEA/D,588.152,0.1906830035127567,0.1906830035127567
22,MOEA/D,635.617,0.20349922676971577,0.20349922676971577
22,MOEA/D,684.622,0.21195326608679366,0.21195326608679366
22,MOEA/D,748.65,0.23260303355941545,0.23260303355941545
22,MOEA/D,796.713,0.26945767827593137,0.26945767827593137
22,MOEA/D,843.23,0.2698636064347264,0.2698636064347264
22,MOEA/D,890.981,0.2825130061422907,0.2825130061422907
22,MOEA/D,938.746,0.2975295172859864,0.2975295172859864
22,MOEA/D,988.513,0.3091768514227631,0.3091768514227631
22,MOEA/D,1036.828,0.3208733477381504,0.3208733477381504
22,MOEA/D,1086.473,0.3320130196855827,0.3320130196855827
22,MOEA/D,1135.37,0.4249657401470301,0.4249657401470301
22,MOEA/D,1185.072,0.4681225281063038,0.4681225281063038
22,MOEA/D,1234.079,0.4883191264381758,0.4883191264381758
22,MOEA/D,1299.761,0.5265173261969073,0.5265173261969073
22,MOEA/D,1347.946,0.5522869340111191,0.5522869340111191
22,MOEA/D,1397.793,0.5643585277600826,0.5643585277600826
22,MOEA/D,1446.937,0.5630859591894173,0.5643585277600826
22,MOEA/D,1495.893,0.5630859591894173,0.5643585277600826
22,MOEA/D,1544.693,0.563192152017501,0.5643585277600826
22,MOEA/D,1592.502,0.563611316810299,0.5643585277600826
22,MOEA/D,1639.848,0.5650492480738698,0.5650492480738698
22,MOEA/D,1689.438,0.592181369952342,0.592181369952342
22,MOEA/D,1736.942,0.586684424486658,0.592181369952342
22,MOEA/D,1799.759,0.5868499462684253,0.592181369952342
22,MOEA/D,1847.001,0.5870490908544135,0.592181369952342
22,MOEA/D,1893.545,0.5873206733962697,0.592181369952342
22,MOEA/D,1941.466,0.5880855190485271,0.592181369952342
22,MOEA/D,1988.176,0.5880855190485271,0.592181369952342
22,MOEA/D,2035.177,0.5885224315482157,0.592181369952342
22,MOEA/D,2098.055,0.5886098611068646,0.592181369952342
22,MOEA/D,2144.923,0.5885128241521981,0.592181369952342
22,MOEA/D,2191.87,0.5955473288639754,0.5955473288639754
22,MOEA/D,2239.278,0.5955651964639502,0.5955651964639502
22,MOEA/D,2285.154,0.5956543852130332,0.5956543852130332
22,MOEA/D,2348.585,0.5959707107932921,0.5959707107932921
22,MOEA/D,2395.822,0.596497630030141,0.596497630030141
22,MOEA/D,2442.511,0.6012852300586449,0.6012852300586449
22,MOEA/D,2489.224,0.6019218831839519,0.6019218831839519
22,MOEA/D,2535.57,0.6231959825270144,0.6231959825270144
22,MOEA/D,2582.82,0.6231980655575291,0.6231980655575291
22,MOEA/D,2646.779,0.6360040636293643,0.6360040636293643
22,MOEA/D,2694.022,0.6351229829263882,0.6360040636293643
22,MOEA/D,2741.015,0.6334846644599345,0.6360040636293643
22,MOEA/D,2786.733,0.6702301342729317,0.6702301342729317
22,MOEA/D,2835.072,0.6704195677823475,0.6704195677823475
22,MOEA/D,2898.617,0.6771817150688874,0.6771817150688874
22,MOEA/D,2946.268,0.6824937336004573,0.6824937336004573
22,MOEA/D,2992.978,0.6861740275722545,0.6861740275722545
22,MOEA/D,3040.851,0.7230114882414634,0.7230114882414634
22,MOEA/D,3088.243,0.7408547470832376,0.7408547470832376
22,MOEA/D,3136.132,0.7629916870103988,0.7629916870103988
22,MOEA/D,3167.482,0.76690776389499,0.76690776389499
23,AW-NSGA-II,47.705,0.0,0.0
23,AW-NSGA-II,99.336,0.0,0.0
23,AW-NSGA-II,149.441,0.005855964168844624,0.005855964168844624
23,AW-NSGA-II,199.162,0.02452606621016178,0.02452606621016178
23,AW-NSGA-II,249.789,0.04312557193065678,0.04312557193065678
23,AW-NSGA-II,299.461,0.07204878973789737,0.07204878973789737
23,AW-NSGA-II,349.598,0.12717008072940186,0.12717008072940186
23,AW-NSGA-II,399.866,0.1478916273596016,0.1478916273596016
23,AW-NSGA-II,446.187,0.16547823546522666,0.16547823546522666
23,AW-NSGA-II,496.222,0.19531233105497653,0.19531233105497653
23,AW-NSGA-II,547.125,0.21492709817139188,0.21492709817139188
23,AW-NSGA-II,597.692,0.23024418210129355,0.23024418210129355
23,AW-NSGA-II,647.519,0.24658054814637764,0.24658054814637764
23,AW-NSGA-II,699.192,0.27392594141520554,0.27392594141520554
23,AW-NSGA-II,749.266,0.27829808568503644,0.27829808568503644
23,AW-NSGA-II,796.185,0.3085092773090248,0.3085092773090248
23,AW-NSGA-II,838.619,0.3161259482716233,0.3161259482716233
23,MOEA/D,49.164,0.0,0.0
23,MOEA/D,96.852,0.0,0.0
23,MOEA/D,143.493,0.0,0.0
23,MOEA/D,189.803,0.0027785934550475615,0.0027785934550475615
23,MOEA/D,237.94,0.017380994886150455,0.017380994886150455
23,MOEA/D,285.768,0.038567772230351495,0.038567772230351495
23,MOEA/D,349.035,0.079493444269337,0.079493444269337
23,MOEA/D,396.391,0.12744747895805425,0.12744747895805425
23,MOEA/D,444.129,0.1814193322917435,0.1814193322917435
23,MOEA/D,493.178,0.3244399967945839,0.3244399967945839
23,MOEA/D,540.7,0.3324323809115467,0.3324323809115467
23,MOEA/D,588.37,0.3634281710894807,0.3634281710894807
23,MOEA/D,636.073,0.4031158067037942,0.4031158067037942
23,MOEA/D,685.113,0.46801985420458125,0.46801985420458125
23,MOEA/D,748.856,0.48278448312833133,0.48278448312833133
23,MOEA/D,796.626,0.5378951273446628,0.5378951273446628
23,MOEA/D,843.241,0.5397580304785898,0.5397580304785898
23,MOEA/D,891.611,0.5651967104151014,0.5651967104151014
23,MOEA/D,939.984,0.5861536880825234,0.5861536880825234
23,MOEA/D,988.343,0.6362222240857242,0.6362222240857242
23,MOEA/D,1036.157,0.641072363585879,0.641072363585879
23,MOEA/D,1084.071,0.6506542496238932,0.6506542496238932
23,MOEA/D,1148.235,0.6480707447112608,0.6506542496238932
23,MOEA/D,1195.032,0.6480707447112608,0.6506542496238932
23,MOEA/D,1242.411,0.6481827726238467,0.6506542496238932
23,MOEA/D,1289.072,0.6480031317592545,0.6506542496238932
23,MOEA/D,1336.106,0.6482250567048747,0.6506542496238932
23,MOEA/D,1384.149,0.6578964203271616,0.6578964203271616
23,MOEA/D,1447.127,0.6581653355331007,0.6581653355331007
23,MOEA/D,1494.246,0.6581653355331007,0.6581653355331007
23,MOEA/D,1541.981,0.6548388148449373,0.6581653355331007
23,MOEA/D,1588.701,0.6638517631529138,0.6638517631529138
23,MOEA/D,1636.429,0.7055158685733254,0.7055158685733254
23,MOEA/D,1685.194,0.7056375398730943,0.7056375398730943
23,MOEA/D,1734.078,0.7159690765208381,0.7159690765208381
23,MOEA/D,1784.44,0.7166085201075838,0.7166085201075838
23,MOEA/D,1834.658,0.7171786642907604,0.7171786642907604
23,MOEA/D,1883.621,0.7171806889331702,0.7171806889331702
23,MOEA/D,1949.319,0.760499454264913,0.760499454264913
23,MOEA/D,1999.004,0.7627604290376574,0.7627604290376574
23,MOEA/D,2048.07,0.7627604290376574,0.7627604290376574
23,MOEA/D,2097.613,0.7729687786388184,0.7729687786388184
23,MOEA/D,2145.598,0.8281846386126563,0.8281846386126563
23,MOEA/D,2193.097,0.8601106964869755,0.8601106964869755
23,MOEA/D,2241.081,0.8657598042618118,0.8657598042618118
23,MOEA/D,2287.785,0.8949135085881109,0.8949135085881109
23,MOEA/D,2335.147,0.8951564929878377,0.8951564929878377
23,MOEA/D,2398.03,0.8951564929878377,0.8951564929878377
23,MOEA/D,2445.449,0.8960969431404853,0.8960969431404853
23,MOEA/D,2492.823,0.8965606242920388,0.8965606242920388
23,MOEA/D,2539.885,0.8971199365788236,0.8971199365788236
23,MOEA/D,2587.735,0.8971199365788236,0.8971199365788236
23,MOEA/D,2635.402,0.9008844696479587,0.9008844696479587
23,MOEA/D,2697.742,0.9007742772814762,0.9008844696479587
23,MOEA/D,2746.041,0.9249070058195423,0.9249070058195423
23,MOEA/D,2794.33,0.9257537917556931,0.9257537917556931
23,MOEA/D,2842.157,0.9257537917556931,0.9257537917556931
23,MOEA/D,2890.058,0.9257537917556931,0.9257537917556931
23,MOEA/D,2938.125,0.935004177745777,0.935004177745777
23,MOEA/D,2985.293,0.935004177745777,0.935004177745777
23,MOEA/D,3048.193,0.9354590864077507,0.9354590864077507
23,MOEA/D,3094.32,0.9354590864077507,0.9354590864077507
23,MOEA/D,3142.027,0.9354590864077507,0.9354590864077507
23,MOEA/D,3173.275,0.9363650578582665,0.9363650578582665
24,AW-NSGA-II,46.583,0.0,0.0
24,AW-NSGA-II,97.797,0.0,0.0
24,AW-NSGA-II,148.789,0.003875561684450644,0.003875561684450644
24,AW-NSGA-II,196.355,0.08554695522168515,0.08554695522168515
24,AW-NSGA-II,249.134,0.1196979332858763,0.1196979332858763
24,AW-NSGA-II,295.376,0.17000125505142966,0.17000125505142966
24,AW-NSGA-II,347.204,0.2151384376346016,0.2151384376346016
24,AW-NSGA-II,398.366,0.2915219405642257,0.2915219405642257
24,AW-NSGA-II,445.427,0.3060265308469271,0.3060265308469271
24,AW-NSGA-II,497.036,0.3424699613131136,0.3424699613131136
24,AW-NSGA-II,546.828,0.3986434419897714,0.3986434419897714
24,AW-NSGA-II,596.696,0.41103372372801106,0.41103372372801106
24,AW-NSGA-II,647.91,0.46038885784696704,0.46038885784696704
24,AW-NSGA-II,699.166,0.4796239912817298,0.4796239912817298
24,AW-NSGA-II,746.236,0.4832327173228457,0.4832327173228457
24,AW-NSGA-II,796.325,0.48871276800871544,0.48871276800871544
24,AW-NSGA-II,846.488,0.589161632170691,0.589161632170691
24,MOEA/D,48.913,0.0,0.0
24,MOEA/D,96.814,0.0,0.0
24,MOEA/D,145.006,7.742016646313948e-05,7.742016646313948e-05
24,MOEA/D,193.903,0.019159055826721727,0.019159055826721727
24,MOEA/D,241.067,0.13893012527135665,0.13893012527135665
24,MOEA/D,288.5,0.17861221221347923,0.17861221221347923
24,MOEA/D,336.617,0.21628688380031574,0.21628688380031574
24,MOEA/D,384.369,0.26392305656032045,0.26392305656032045
24,MOEA/D,449.124,0.27200506039264605,0.27200506039264605
24,MOEA/D,496.855,0.35371346521935987,0.35371346521935987
24,MOEA/D,544.867,0.38173216686868666,0.38173216686868666
24,MOEA/D,592.323,0.4220493461415829,0.4220493461415829
24,MOEA/D,639.895,0.44125912935159717,0.44125912935159717
24,MOEA/D,686.801,0.44234856166257674,0.44234856166257674
24,MOEA/D,734.034,0.532662138276763,0.532662138276763
24,MOEA/D,798.565,0.5797353552084176,0.5797353552084176
24,MOEA/D,846.768,0.5871517583827204,0.5871517583827204
24,MOEA/D,894.583,0.6252903940178579,0.6252903940178579
24,MOEA/D,941.255,0.6323210860333386,0.6323210860333386
24,MOEA/D,989.807,0.6282914010135783,0.6323210860333386
24,MOEA/D,1037.508,0.6030552508146262,0.6323210860333386
24,MOEA/D,1085.347,0.6090051000453377,0.6323210860333386
24,MOEA/D,1149.284,0.6829700848176001,0.6829700848176001
24,MOEA/D,1196.444,0.6829700848176001,0.6829700848176001
24,MOEA/D,1244.57,0.6834056677032981,0.6834056677032981
24,MOEA/D,1292.352,0.6839872676028332,0.6839872676028332
24,MOEA/D,1339.706,0.6841151371160152,0.6841151371160152
24,MOEA/D,1386.847,0.6914782203546819,0.6914782203546819
24,MOEA/D,1449.946,0.6927627155150554,0.6927627155150554
24,MOEA/D,1496.709,0.6928019043760264,0.6928019043760264
24,MOEA/D,1544.748,0.6928019043760264,0.6928019043760264
24,MOEA/D,1592.188,0.702827807129045,0.702827807129045
24,MOEA/D,1639.42,0.7196350606812995,0.7196350606812995
24,MOEA/D,1686.371,0.7235240095307695,0.7235240095307695
24,MOEA/D,1749.746,0.7243664718141218,0.7243664718141218
24,MOEA/D,1797.815,0.7661496521912995,0.7661496521912995
24,MOEA/D,1846.002,0.7661394886958198,0.7661496521912995
24,MOEA/D,1893.739,0.7446647885592312,0.7661496521912995
24,MOEA/D,1940.608,0.7505142179849855,0.7661496521912995
24,MOEA/D,1988.594,0.7505589578015123,0.7661496521912995
24,MOEA/D,2036.173,0.7505602355831921,0.7661496521912995
24,MOEA/D,2084.812,0.7598858987049313,0.7661496521912995
24,MOEA/D,2148.316,0.7600901462404732,0.7661496521912995
24,MOEA/D,2195.986,0.7600901462404732,0.7661496521912995
24,MOEA/D,2243.547,0.7607041560961753,0.7661496521912995
24,MOEA/D,2290.267,0.7620005479361983,0.7661496521912995
24,MOEA/D,2337.636,0.7619825569005289,0.7661496521912995
24,MOEA/D,2385.664,0.7825741386015957,0.7825741386015957
24,MOEA/D,2435.173,0.7825624384543952,0.7825741386015957
24,MOEA/D,2484.39,0.7839114300533816,0.7839114300533816
24,MOEA/D,2548.584,0.7835769925775075,0.7839114300533816
24,MOEA/D,2596.652,0.786764718163011,0.786764718163011
24,MOEA/D,2645.618,0.7887207740022272,0.7887207740022272
24,MOEA/D,2693.766,0.7887166960297649,0.7887207740022272
24,MOEA/D,2742.672,0.788713718557529,0.7887207740022272
24,MOEA/D,2792.263,0.7888250832019365,0.7888250832019365
24,MOEA/D,2841.033,0.7890948819187226,0.7890948819187226
24,MOEA/D,2889.536,0.7891973761403777,0.7891973761403777
24,MOEA/D,2938.755,0.7983950532284729,0.7983950532284729
24,MOEA/D,2986.55,0.7924786712077031,0.7983950532284729
24,MOEA/D,3034.182,0.7925989944195062,0.7983950532284729
24,MOEA/D,3098.063,0.7895577025433105,0.7983950532284729
24,MOEA/D,3145.104,0.789630931947256,0.7983950532284729
24,MOEA/D,3176.422,0.7905935144878236,0.7983950532284729
25,AW-NSGA-II,46.507,0.0,0.0
25,AW-NSGA-II,97.145,0.0,0.0
25,AW-NSGA-II,146.537,0.012621211929796941,0.012621211929796941
25,AW-NSGA-II,196.01,0.047220958576161785,0.047220958576161785
25,AW-NSGA-II,249.164,0.06578826956196897,0.06578826956196897
25,AW-NSGA-II,298.663,0.1387263641438746,0.1387263641438746
25,AW-NSGA-II,347.905,0.1973813217159139,0.1973813217159139
25,AW-NSGA-II,397.32,0.24690882882131135,0.24690882882131135
25,AW-NSGA-II,448.0,0.2779757686899987,0.2779757686899987
25,AW-NSGA-II,498.622,0.348860599183666,0.348860599183666
25,AW-NSGA-II,549.544,0.38365345627452946,0.38365345627452946
25,AW-NSGA-II,599.809,0.4087847046875618,0.4087847046875618
25,AW-NSGA-II,649.993,0.4255204532671185,0.4255204532671185
25,AW-NSGA-II,699.531,0.43898005854894373,0.43898005854894373
25,AW-NSGA-II,745.823,0.46256253458689645,0.46256253458689645
25,AW-NSGA-II,797.015,0.5185445921621796,0.5185445921621796
25,AW-NSGA-II,835.943,0.5286825521431486,0.5286825521431486
25,MOEA/D,33.416,0.0,0.0
25,MOEA/D,83.945,0.0,0.0
25,MOEA/D,148.991,0.0,0.0
25,MOEA/D,197.913,0.0,0.0
25,MOEA/D,246.006,0.0,0.0
25,MOEA/D,294.085,0.0,0.0
25,MOEA/D,341.554,0.004474881240995366,0.004474881240995366
25,MOEA/D,390.794,0.006100030513033227,0.006100030513033227
25,MOEA/D,439.255,0.006846740840686717,0.006846740840686717
25,MOEA/D,487.47,0.015501178989021928,0.015501178989021928
25,MOEA/D,534.965,0.06570612520990046,0.06570612520990046
25,MOEA/D,597.968,0.09965496327032661,0.09965496327032661
25,MOEA/D,645.609,0.12177416177582831,0.12177416177582831
25,MOEA/D,694.056,0.26928087309335186,0.26928087309335186
25,MOEA/D,741.743,0.29062845983688146,0.29062845983688146
25,MOEA/D,788.861,0.3424084070169629,0.3424084070169629
25,MOEA/D,836.224,0.3475026088634513,0.3475026088634513
25,MOEA/D,898.179,0.35106946502275227,0.35106946502275227
25,MOEA/D,946.304,0.3570512120674054,0.3570512120674054
25,MOEA/D,993.378,0.4195792344770456,0.4195792344770456
25,MOEA/D,1040.277,0.4366701531150662,0.4366701531150662
25,MOEA/D,1087.813,0.44059843119549624,0.44059843119549624
25,MOEA/D,1136.743,0.45471161076540906,0.45471161076540906
25,MOEA/D,1184.503,0.4588159302121123,0.4588159302121123
25,MOEA/D,1247.64,0.4710528980042743,0.4710528980042743
25,MOEA/D,1294.45,0.48578001007724325,0.48578001007724325
25,MOEA/D,1342.594,0.4862927890426119,0.4862927890426119
25,MOEA/D,1392.339,0.4904389940999324,0.4904389940999324
25,MOEA/D,1440.783,0.4910905935931054,0.4910905935931054
25,MOEA/D,1487.157,0.5713887615930098,0.5713887615930098
25,MOEA/D,1535.093,0.6335267916129996,0.6335267916129996
25,MOEA/D,1597.711,0.6366012131277076,0.6366012131277076
25,MOEA/D,1644.9,0.6224794425598961,0.6366012131277076
25,MOEA/D,1692.012,0.6238953283413655,0.6366012131277076
25,MOEA/D,1739.21,0.6268111173145652,0.6366012131277076
25,MOEA/D,1786.356,0.6268173002913784,0.6366012131277076
25,MOEA/D,1849.154,0.6349177418445272,0.6366012131277076
25,MOEA/D,1896.769,0.636889548122839,0.636889548122839
25,MOEA/D,1944.168,0.6229716649198525,0.636889548122839
25,MOEA/D,1990.857,0.6679839369266029,0.6679839369266029
25,MOEA/D,2038.651,0.671386388667368,0.671386388667368
25,MOEA/D,2086.875,0.6803437180136289,0.6803437180136289
25,MOEA/D,2134.365,0.690165327468929,0.690165327468929
25,MOEA/D,2197.217,0.6903735054611901,0.6903735054611901
25,MOEA/D,2244.587,0.75271866176492,0.75271866176492
25,MOEA/D,2291.472,0.7535290051932622,0.7535290051932622
25,MOEA/D,2339.161,0.7535263132839908,0.7535290051932622
25,MOEA/D,2387.966,0.7534045821784132,0.7535290051932622
25,MOEA/D,2436.652,0.753397210206739,0.7535290051932622
25,MOEA/D,2499.178,0.7562386544932749,0.7562386544932749
25,MOEA/D,2546.037,0.7562717727177929,0.7562717727177929
25,MOEA/D,2593.32,0.7570083431276239,0.7570083431276239
25,MOEA/D,2646.515,0.7571499158785568,0.7571499158785568
25,MOEA/D,2690.925,0.7589543647056594,0.7589543647056594
25,MOEA/D,2737.019,0.7594440861536857,0.7594440861536857
25,MOEA/D,2799.547,0.7736482082029994,0.7736482082029994
25,MOEA/D,2846.009,0.7954802667074423,0.7954802667074423
25,MOEA/D,2892.69,0.7968266180964129,0.7968266180964129
25,MOEA/D,2940.385,0.7970141242552473,0.7970141242552473
25,MOEA/D,2988.401,0.8037926496054417,0.8037926496054417
25,MOEA/D,3036.157,0.8264388286068153,0.8264388286068153
25,MOEA/D,3083.635,0.8115483745877634,0.8264388286068153
25,MOEA/D,3146.957,0.804984227898273,0.8264388286068153
25,MOEA/D,3163.359,0.804984227898273,0.8264388286068153
26,AW-NSGA-II,47.049,0.0,0.0
26,AW-NSGA-II,99.24,0.0,0.0
26,AW-NSGA-II,146.25,0.0,0.0
26,AW-NSGA-II,196.826,0.002339135557002112,0.002339135557002112
26,AW-NSGA-II,247.056,0.015378310143041874,0.015378310143041874
26,AW-NSGA-II,298.134,0.03122220491664089,0.03122220491664089
26,AW-NSGA-II,348.299,0.0512243075333452,0.0512243075333452
26,AW-NSGA-II,399.517,0.05697503324365545,0.05697503324365545
26,AW-NSGA-II,446.168,0.09096898306560676,0.09096898306560676
26,AW-NSGA-II,496.974,0.09313629244139994,0.09313629244139994
26,AW-NSGA-II,548.197,0.11704507954988025,0.11704507954988025
26,AW-NSGA-II,599.572,0.1686187752999125,0.1686187752999125
26,AW-NSGA-II,646.408,0.18732161239697762,0.18732161239697762
26,AW-NSGA-II,697.764,0.2267972430809266,0.2267972430809266
26,AW-NSGA-II,746.086,0.2770497521027481,0.2770497521027481
26,AW-NSGA-II,798.246,0.291179307016306,0.291179307016306
26,AW-NSGA-II,848.064,0.32142478071012454,0.32142478071012454
26,AW-NSGA-II,898.304,0.35332598337541,0.35332598337541
26,MOEA/D,47.915,0.0,0.0
26,MOEA/D,97.6,0.0,0.0
26,MOEA/D,146.576,0.0,0.0
26,MOEA/D,196.455,0.0,0.0
26,MOEA/D,234.708,0.008027522713499694,0.008027522713499694
26,MOEA/D,286.779,0.05904056536893182,0.05904056536893182
26,MOEA/D,339.512,0.1072704105447237,0.1072704105447237
26,MOEA/D,392.892,0.12245222445468162,0.12245222445468162
26,MOEA/D,443.813,0.1747220339915289,0.1747220339915289
26,MOEA/D,491.48,0.21513182103474254,0.21513182103474254
26,MOEA/D,539.828,0.279261777158875,0.279261777158875
26,MOEA/D,587.657,0.30437724945242417,0.30437724945242417
26,MOEA/D,637.146,0.3274830132088175,0.3274830132088175
26,MOEA/D,685.936,0.3359902074596275,0.3359902074596275
26,MOEA/D,735.73,0.34047881571014715,0.34047881571014715
26,MOEA/D,785.898,0.3441372748086528,0.3441372748086528
26,MOEA/D,834.487,0.3528793573890231,0.3528793573890231
26,MOEA/D,898.263,0.3629061204777251,0.3629061204777251
26,MOEA/D,947.428,0.3669896417392311,0.3669896417392311
26,MOEA/D,997.653,0.368369319867053,0.368369319867053
26,MOEA/D,1046.997,0.3683770204901645,0.3683770204901645
26,MOEA/D,1096.375,0.3684438694603881,0.3684438694603881
26,MOEA/D,1145.053,0.3878158576584281,0.3878158576584281
26,MOEA/D,1194.233,0.3878246159145493,0.3878246159145493
26,MOEA/D,1244.838,0.4200675406014388,0.4200675406014388
26,MOEA/D,1295.035,0.4221478142716861,0.4221478142716861
26,MOEA/D,1344.604,0.4226188684364129,0.4226188684364129
26,MOEA/D,1394.653,0.4235433630844283,0.4235433630844283
26,MOEA/D,1443.153,0.4257884109061001,0.4257884109061001
26,MOEA/D,1491.216,0.4293270711798633,0.4293270711798633
26,MOEA/D,1539.645,0.4396761012333607,0.4396761012333607
26,MOEA/D,1587.045,0.4527092471377785,0.4527092471377785
26,MOEA/D,1649.774,0.4791593618493151,0.4791593618493151
26,MOEA/D,1697.297,0.47941632817498636,0.47941632817498636
26,MOEA/D,1745.293,0.4877356085847814,0.4877356085847814
26,MOEA/D,1793.0,0.48936985121957544,0.48936985121957544
26,MOEA/D,1840.538,0.48828014726083935,0.48936985121957544
26,MOEA/D,1888.223,0.49384062076960666,0.49384062076960666
26,MOEA/D,1936.697,0.5119489334089998,0.5119489334089998
26,MOEA/D,1984.348,0.530169545658738,0.530169545658738
26,MOEA/D,2048.674,0.5380962513157539,0.5380962513157539
26,MOEA/D,2096.16,0.5392478922066448,0.5392478922066448
26,MOEA/D,2144.26,0.5400960348515369,0.5400960348515369
26,MOEA/D,2192.952,0.5458689190710272,0.5458689190710272
26,MOEA/D,2239.86,0.5496131768083108,0.5496131768083108
26,MOEA/D,2286.411,0.5504015179211736,0.5504015179211736
26,MOEA/D,2335.091,0.5584585922973859,0.5584585922973859
26,MOEA/D,2399.587,0.5607837904828574,0.5607837904828574
26,MOEA/D,2447.644,0.5612434423753969,0.5612434423753969
26,MOEA/D,2495.322,0.5613798765638731,0.5613798765638731
26,MOEA/D,2543.16,0.5616531791497653,0.5616531791497653
26,MOEA/D,2591.274,0.5643252823618489,0.5643252823618489
26,MOEA/D,2639.371,0.5651044524229945,0.5651044524229945
26,MOEA/D,2685.993,0.5641523330027562,0.5651044524229945
26,MOEA/D,2734.007,0.5660459138181084,0.5660459138181084
26,MOEA/D,2798.152,0.5685822087797223,0.5685822087797223
26,MOEA/D,2846.483,0.5700600982839026,0.5700600982839026
26,MOEA/D,2893.511,0.5737478101412641,0.5737478101412641
26,MOEA/D,2940.83,0.5814479541265704,0.5814479541265704
26,MOEA/D,2988.91,0.5837582350297981,0.5837582350297981
26,MOEA/D,3036.019,0.5847162870769256,0.5847162870769256
26,MOEA/D,3085.028,0.5857458601172874,0.5857458601172874
26,MOEA/D,3133.643,0.5863407495853667,0.5863407495853667
26,MOEA/D,3199.875,0.5868652716013354,0.5868652716013354
26,MOEA/D,3231.891,0.6003977801796243,0.6003977801796243
27,AW-NSGA-II,46.823,0.0,0.0
27,AW-NSGA-II,97.082,0.0,0.0
27,AW-NSGA-II,147.082,0.0034176186487818007,0.0034176186487818007
27,AW-NSGA-II,197.783,0.022799897069316732,0.022799897069316732
27,AW-NSGA-II,248.011,0.06529074060524608,0.06529074060524608
27,AW-NSGA-II,298.899,0.14169603546234447,0.14169603546234447
27,AW-NSGA-II,349.738,0.16841299020694328,0.16841299020694328
27,AW-NSGA-II,397.649,0.20636872018676441,0.20636872018676441
27,AW-NSGA-II,448.8,0.23670470671249128,0.23670470671249128
27,AW-NSGA-II,499.994,0.2770409665413707,0.2770409665413707
27,AW-NSGA-II,549.268,0.29782175423719265,0.29782175423719265
27,AW-NSGA-II,597.977,0.3024161130201202,0.3024161130201202
27,AW-NSGA-II,649.944,0.32416069573739525,0.32416069573739525
27,AW-NSGA-II,695.973,0.331703674251255,0.331703674251255
27,AW-NSGA-II,747.344,0.34517282083147677,0.34517282083147677
27,AW-NSGA-II,797.266,0.35633660341215667,0.35633660341215667
27,AW-NSGA-II,839.222,0.38842165005101137,0.38842165005101137
27,MOEA/D,47.798,0.0,0.0
27,MOEA/D,96.259,0.0,0.0
27,MOEA/D,144.422,5.731940557142772e-06,5.731940557142772e-06
27,MOEA/D,191.839,0.020476309898276365,0.020476309898276365
27,MOEA/D,239.57,0.03108400347118058,0.03108400347118058
27,MOEA/D,287.157,0.05579757593372686,0.05579757593372686
27,MOEA/D,335.012,0.07740027079079854,0.07740027079079854
27,MOEA/D,398.511,0.11795769139629042,0.11795769139629042
27,MOEA/D,445.947,0.18257489488865755,0.18257489488865755
27,MOEA/D,495.104,0.18973257470745036,0.18973257470745036
27,MOEA/D,544.219,0.24122809615737928,0.24122809615737928
27,MOEA/D,592.721,0.2505752907412563,0.2505752907412563
27,MOEA/D,640.793,0.25403224025703075,0.25403224025703075
27,MOEA/D,688.915,0.28488207640124097,0.28488207640124097
27,MOEA/D,737.758,0.29524238966608907,0.29524238966608907
27,MOEA/D,788.9,0.3003115052186091,0.3003115052186091
27,MOEA/D,838.209,0.30436104039998824,0.30436104039998824
27,MOEA/D,888.224,0.3052464994089651,0.3052464994089651
27,MOEA/D,938.48,0.3054389618917877,0.3054389618917877
27,MOEA/D,987.698,0.31780929126993285,0.31780929126993285
27,MOEA/D,1035.249,0.32404035958173194,0.32404035958173194
27,MOEA/D,1099.915,0.3349855305026501,0.3349855305026501
27,MOEA/D,1147.385,0.38658607703125114,0.38658607703125114
27,MOEA/D,1197.051,0.4006544627602592,0.4006544627602592
27,MOEA/D,1245.51,0.40810602462268875,0.40810602462268875
27,MOEA/D,1292.131,0.4083176057079544,0.4083176057079544
27,MOEA/D,1339.344,0.4191951075223894,0.4191951075223894
27,MOEA/D,1388.007,0.4750384062591688,0.4750384062591688
27,MOEA/D,1437.881,0.4708059576847007,0.4750384062591688
27,MOEA/D,1487.56,0.4708059576847007,0.4750384062591688
27,MOEA/D,1536.925,0.47324323503307747,0.4750384062591688
27,MOEA/D,1586.207,0.4740238669324841,0.4750384062591688
27,MOEA/D,1636.234,0.48469098131150123,0.48469098131150123
27,MOEA/D,1684.853,0.5021835884872079,0.5021835884872079
27,MOEA/D,1734.631,0.5080446683200852,0.5080446683200852
27,MOEA/D,1799.766,0.5183334708982819,0.5183334708982819
27,MOEA/D,1849.066,0.5195899457690344,0.5195899457690344
27,MOEA/D,1897.451,0.5274844764087961,0.5274844764087961
27,MOEA/D,1946.805,0.5252601983764972,0.5274844764087961
27,MOEA/D,1995.377,0.5256084603526178,0.5274844764087961
27,MOEA/D,2041.349,0.5299386144070182,0.5299386144070182
27,MOEA/D,2088.078,0.5355727084557876,0.5355727084557876
27,MOEA/D,2136.208,0.5405245399281692,0.5405245399281692
27,MOEA/D,2199.919,0.5445259139798565,0.5445259139798565
27,MOEA/D,2248.508,0.5462438441868327,0.5462438441868327
27,MOEA/D,2295.518,0.5833891982242401,0.5833891982242401
27,MOEA/D,2342.604,0.5834977732517644,0.5834977732517644
27,MOEA/D,2390.44,0.5834977732517644,0.5834977732517644
27,MOEA/D,2438.923,0.5868822463555229,0.5868822463555229
27,MOEA/D,2486.153,0.6284876561022654,0.6284876561022654
27,MOEA/D,2549.127,0.6470287463571458,0.6470287463571458
27,MOEA/D,2597.134,0.6492152485531993,0.6492152485531993
27,MOEA/D,2645.225,0.6563996437391828,0.6563996437391828
27,MOEA/D,2693.036,0.6563996437391828,0.6563996437391828
27,MOEA/D,2740.95,0.6563996437391828,0.6563996437391828
27,MOEA/D,2788.807,0.6563996437391828,0.6563996437391828
27,MOEA/D,2836.481,0.6563996437391828,0.6563996437391828
27,MOEA/D,2884.807,0.6735825522889095,0.6735825522889095
27,MOEA/D,2949.193,0.6739022059045425,0.6739022059045425
27,MOEA/D,2997.869,0.6739022059045425,0.6739022059045425
27,MOEA/D,3045.062,0.6770029501297614,0.6770029501297614
27,MOEA/D,3092.657,0.6871008521941198,0.6871008521941198
27,MOEA/D,3139.945,0.6930383097018824,0.6930383097018824
27,MOEA/D,3188.017,0.7079868049136113,0.7079868049136113
27,MOEA/D,3203.285,0.7079868049136113,0.7079868049136113
28,AW-NSGA-II,48.664,0.0,0.0
28,AW-NSGA-II,97.46,0.0,0.0
28,AW-NSGA-II,148.247,0.013491770048443116,0.013491770048443116
28,AW-NSGA-II,197.799,0.08800592725072959,0.08800592725072959
28,AW-NSGA-II,248.283,0.1133424418399692,0.1133424418399692
28,AW-NSGA-II,297.28,0.14329049112964365,0.14329049112964365
28,AW-NSGA-II,345.575,0.2214536776238673,0.2214536776238673
28,AW-NSGA-II,399.446,0.25394780658238697,0.25394780658238697
28,AW-NSGA-II,449.705,0.2868430079549736,0.2868430079549736
28,AW-NSGA-II,496.548,0.3256051760970268,0.3256051760970268
28,AW-NSGA-II,545.836,0.33487384932500325,0.33487384932500325
28,AW-NSGA-II,599.371,0.36362496979089004,0.36362496979089004
28,AW-NSGA-II,649.146,0.3915488260326453,0.3915488260326453
28,AW-NSGA-II,699.672,0.4653499113290224,0.4653499113290224
28,AW-NSGA-II,746.701,0.47851835937123127,0.47851835937123127
28,AW-NSGA-II,797.663,0.5282234384521448,0.5282234384521448
28,AW-NSGA-II,827.19,0.542175301307881,0.542175301307881
28,MOEA/D,47.64,0.0,0.0
28,MOEA/D,96.793,0.0,0.0
28,MOEA/D,144.741,0.0,0.0
28,MOEA/D,192.648,0.0,0.0
28,MOEA/D,240.359,0.0,0.0
28,MOEA/D,288.747,0.0039800490983466635,0.0039800490983466635
28,MOEA/D,336.996,0.02380993334597497,0.02380993334597497
28,MOEA/D,384.355,0.03490510525271459,0.03490510525271459
28,MOEA/D,447.889,0.06480675166825146,0.06480675166825146
28,MOEA/D,496.067,0.07281576277951132,0.07281576277951132
28,MOEA/D,543.509,0.07542800046076255,0.07542800046076255
28,MOEA/D,590.537,0.07627173094003688,0.07627173094003688
28,MOEA/D,637.79,0.08122245524559295,0.08122245524559295
28,MOEA/D,686.551,0.09089673578414408,0.09089673578414408
28,MOEA/D,735.927,0.11026035531084728,0.11026035531084728
28,MOEA/D,799.268,0.1997040139604563,0.1997040139604563
28,MOEA/D,848.442,0.2227914239694495,0.2227914239694495
28,MOEA/D,896.573,0.24845850928922866,0.24845850928922866
28,MOEA/D,945.767,0.3077445469870532,0.3077445469870532
28,MOEA/D,993.541,0.3093754044637431,0.3093754044637431
28,MOEA/D,1042.218,0.31431883394519333,0.31431883394519333
28,MOEA/D,1089.649,0.3172691576118071,0.3172691576118071
28,MOEA/D,1137.561,0.32454447587260643,0.32454447587260643
28,MOEA/D,1185.815,0.33959419584025957,0.33959419584025957
28,MOEA/D,1248.729,0.34068927802571236,0.34068927802571236
28,MOEA/D,1295.897,0.3459024599551386,0.3459024599551386
28,MOEA/D,1343.285,0.34782654871511054,0.34782654871511054
28,MOEA/D,1391.395,0.3523501459546813,0.3523501459546813
28,MOEA/D,1439.542,0.425489344218966,0.425489344218966
28,MOEA/D,1487.241,0.40777752211271623,0.425489344218966
28,MOEA/D,1535.047,0.4555123402582436,0.4555123402582436
28,MOEA/D,1598.511,0.5023811286104412,0.5023811286104412
28,MOEA/D,1646.265,0.5170913606282971,0.5170913606282971
28,MOEA/D,1693.677,0.5278026759010948,0.5278026759010948
28,MOEA/D,1741.094,0.5514839492756742,0.5514839492756742
28,MOEA/D,1789.53,0.5547399029731932,0.5547399029731932
28,MOEA/D,1836.815,0.5740096768399167,0.5740096768399167
28,MOEA/D,1899.708,0.5909644074900815,0.5909644074900815
28,MOEA/D,1947.132,0.6156776092280781,0.6156776092280781
28,MOEA/D,1994.183,0.616451889245616,0.616451889245616
28,MOEA/D,2041.915,0.6165736567893737,0.6165736567893737
28,MOEA/D,2090.337,0.6145702820510404,0.6165736567893737
28,MOEA/D,2138.471,0.6146254367109499,0.6165736567893737
28,MOEA/D,2186.053,0.6186724603837874,0.6186724603837874
28,MOEA/D,2249.282,0.6250870569775637,0.6250870569775637
28,MOEA/D,2297.993,0.652821306344297,0.652821306344297
28,MOEA/D,2344.938,0.6759393564766645,0.6759393564766645
28,MOEA/D,2393.459,0.6770424864720043,0.6770424864720043
28,MOEA/D,2441.962,0.7039389277466619,0.7039389277466619
28,MOEA/D,2490.149,0.7039389277466619,0.7039389277466619
28,MOEA/D,2538.361,0.7037803300793481,0.7039389277466619
28,MOEA/D,2587.404,0.7078654065212906,0.7078654065212906
28,MOEA/D,2636.886,0.7233007859708052,0.7233007859708052
28,MOEA/D,2685.022,0.7238513243756656,0.7238513243756656
28,MOEA/D,2735.281,0.7191167846408115,0.7238513243756656
28,MOEA/D,2799.965,0.7209399372262325,0.7238513243756656
28,MOEA/D,2849.441,0.7231764557018506,0.7238513243756656
28,MOEA/D,2898.527,0.8011503089877947,0.8011503089877947
28,MOEA/D,2947.081,0.8111798359962498,0.8111798359962498
28,MOEA/D,2995.362,0.8113040068757272,0.8113040068757272
28,MOEA/D,3043.296,0.8145949537789223,0.8145949537789223
28,MOEA/D,3090.092,0.8157939402678915,0.8157939402678915
28,MOEA/D,3138.174,0.8160326225098694,0.8160326225098694
28,MOEA/D,3185.895,0.8160326225098694,0.8160326225098694
29,AW-NSGA-II,48.469,0.0,0.0
29,AW-NSGA-II,97.736,0.001330035554184221,0.001330035554184221
29,AW-NSGA-II,146.778,0.029966972444404855,0.029966972444404855
29,AW-NSGA-II,199.407,0.06643634352975554,0.06643634352975554
29,AW-NSGA-II,247.91,0.14579960724480767,0.14579960724480767
29,AW-NSGA-II,296.284,0.2026324021721352,0.2026324021721352
29,AW-NSGA-II,348.807,0.24466100340253036,0.24466100340253036
29,AW-NSGA-II,396.076,0.3091998411735699,0.3091998411735699
29,AW-NSGA-II,448.996,0.3304985059897341,0.3304985059897341
29,AW-NSGA-II,496.905,0.35802637451153385,0.35802637451153385
29,AW-NSGA-II,546.899,0.3942471050134804,0.3942471050134804
29,AW-NSGA-II,599.493,0.45504941719841674,0.45504941719841674
29,AW-NSGA-II,646.158,0.46721460889553,0.46721460889553
29,AW-NSGA-II,696.955,0.503040192150413,0.503040192150413
29,AW-NSGA-II,746.615,0.518949186460398,0.518949186460398
29,AW-NSGA-II,796.343,0.5298790515328817,0.5298790515328817
29,AW-NSGA-II,848.707,0.5549322346597398,0.5549322346597398
29,AW-NSGA-II,865.652,0.6074484971332277,0.6074484971332277
29,MOEA/D,49.036,0.0,0.0
29,MOEA/D,98.499,0.0,0.0
29,MOEA/D,148.456,0.008168313191442358,0.008168313191442358
29,MOEA/D,198.186,0.028922995715067387,0.028922995715067387
29,MOEA/D,247.904,0.045143824562664206,0.045143824562664206
29,MOEA/D,296.559,0.04879317525486823,0.04879317525486823
29,MOEA/D,345.934,0.05249836903115575,0.05249836903115575
29,MOEA/D,395.805,0.08018028514308595,0.08018028514308595
29,MOEA/D,444.206,0.13179410104487688,0.13179410104487688
29,MOEA/D,493.545,0.14847055093970699,0.14847055093970699
29,MOEA/D,542.875,0.1731112577669851,0.1731112577669851
29,MOEA/D,592.175,0.19149812017694973,0.19149812017694973
29,MOEA/D,642.276,0.20598629958958856,0.20598629958958856
29,MOEA/D,692.358,0.2298749172127419,0.2298749172127419
29,MOEA/D,741.522,0.2519939920245854,0.2519939920245854
29,MOEA/D,791.393,0.2913356020345351,0.2913356020345351
29,MOEA/D,841.89,0.3524566715458386,0.3524566715458386
29,MOEA/D,891.578,0.3861743815071855,0.3861743815071855
29,MOEA/D,942.26,0.4121629522744109,0.4121629522744109
29,MOEA/D,991.316,0.41697674524047273,0.41697674524047273
29,MOEA/D,1040.534,0.43923655764870717,0.43923655764870717
29,MOEA/D,1090.007,0.43866035997886316,0.43923655764870717
29,MOEA/D,1137.023,0.4564236422225996,0.4564236422225996
29,MOEA/D,1185.277,0.5135790672200596,0.5135790672200596
29,MOEA/D,1249.368,0.5620985349077127,0.5620985349077127
29,MOEA/D,1297.156,0.6448081830442287,0.6448081830442287
29,MOEA/D,1344.679,0.6979962660621759,0.6979962660621759
29,MOEA/D,1391.751,0.7017829949448473,0.7017829949448473
29,MOEA/D,1439.547,0.7095896574593499,0.7095896574593499
29,MOEA/D,1487.33,0.7121020095553476,0.7121020095553476
29,MOEA/D,1542.42,0.7721541444590857,0.7721541444590857
29,MOEA/D,1588.146,0.78343360414637,0.78343360414637
29,MOEA/D,1634.365,0.7847270612455337,0.7847270612455337
29,MOEA/D,1698.56,0.80997915758553,0.80997915758553
29,MOEA/D,1746.183,0.8165704314553242,0.8165704314553242
29,MOEA/D,1793.058,0.8192347296999494,0.8192347296999494
29,MOEA/D,1840.015,0.8048481662793611,0.8192347296999494
29,MOEA/D,1887.424,0.8066140698663407,0.8192347296999494
29,MOEA/D,1934.802,0.8185064994310854,0.8192347296999494
29,MOEA/D,1997.97,0.8287762774398564,0.8287762774398564
29,MOEA/D,2046.006,0.8503940658703376,0.8503940658703376
29,MOEA/D,2093.081,0.86021373120725,0.86021373120725
29,MOEA/D,2141.325,0.8646425220251395,0.8646425220251395
29,MOEA/D,2188.846,0.918403617502396,0.918403617502396
29,MOEA/D,2235.975,0.9211327941373058,0.9211327941373058
29,MOEA/D,2299.241,0.9233899094565989,0.9233899094565989
29,MOEA/D,2346.516,0.973048784815501,0.973048784815501
29,MOEA/D,2394.448,0.9631697348248041,0.973048784815501
29,MOEA/D,2442.196,0.9630361950749415,0.973048784815501
29,MOEA/D,2489.561,0.9630361950749415,0.973048784815501
29,MOEA/D,2537.244,0.9640361361823211,0.973048784815501
29,MOEA/D,2585.069,0.9642088751375201,0.973048784815501
29,MOEA/D,2649.819,0.9643860895229293,0.973048784815501
29,MOEA/D,2698.858,0.9642858406552433,0.973048784815501
29,MOEA/D,2747.588,0.9643176131363963,0.973048784815501
29,MOEA/D,2796.595,0.9649753809812722,0.973048784815501
29,MOEA/D,2845.466,0.9732836622597607,0.9732836622597607
29,MOEA/D,2893.647,0.9733043984081828,0.9733043984081828
29,MOEA/D,2944.468,0.974520468528322,0.974520468528322
29,MOEA/D,2993.496,0.9745534772300296,0.9745534772300296
29,MOEA/D,3043.741,0.9748479285529155,0.9748479285529155
29,MOEA/D,3094.118,0.9751223735021527,0.9751223735021527
29,MOEA/D,3143.086,0.9752493496961531,0.9752493496961531
29,MOEA/D,3191.358,0.9752391551910828,0.9752493496961531
29,MOEA/D,3225.02,0.9752391551910828,0.9752493496961531
30,AW-NSGA-II,47.737,0.0,0.0
30,AW-NSGA-II,99.314,0.0,0.0
30,AW-NSGA-II,146.15,0.0,0.0
30,AW-NSGA-II,199.604,0.0008036681398692669,0.0008036681398692669
30,AW-NSGA-II,248.17,0.010089916584791678,0.010089916584791678
30,AW-NSGA-II,297.499,0.045053533125708485,0.045053533125708485
30,AW-NSGA-II,346.911,0.07980589838066203,0.07980589838066203
30,AW-NSGA-II,395.942,0.15012631682231048,0.15012631682231048
30,AW-NSGA-II,447.226,0.15369908521232284,0.15369908521232284
30,AW-NSGA-II,499.2,0.1783158984358753,0.1783158984358753
30,AW-NSGA-II,548.465,0.2159225030265111,0.2159225030265111
30,AW-NSGA-II,597.103,0.23435193427700496,0.23435193427700496
30,AW-NSGA-II,646.006,0.261412629394741,0.261412629394741
30,AW-NSGA-II,699.162,0.2754136160858587,0.2754136160858587
30,AW-NSGA-II,748.51,0.304565435195423,0.304565435195423
30,AW-NSGA-II,796.636,0.3221886124759124,0.3221886124759124
30,AW-NSGA-II,849.924,0.33199499426390233,0.33199499426390233
30,AW-NSGA-II,890.247,0.34678138712361467,0.34678138712361467
30,MOEA/D,47.556,0.0,0.0
30,MOEA/D,95.471,0.0,0.0
30,MOEA/D,145.22,0.0,0.0
30,MOEA/D,193.259,0.0,0.0
30,MOEA/D,240.215,0.0,0.0
30,MOEA/D,288.921,0.0,0.0
30,MOEA/D,337.207,0.01605183297360777,0.01605183297360777
30,MOEA/D,384.584,0.029263656322538953,0.029263656322538953
30,MOEA/D,448.417,0.1277874426016887,0.1277874426016887
30,MOEA/D,498.373,0.18028090376816258,0.18028090376816258
30,MOEA/D,548.928,0.200247676812907,0.200247676812907
30,MOEA/D,598.706,0.23591601105437562,0.23591601105437562
30,MOEA/D,647.955,0.2728105438825449,0.2728105438825449
30,MOEA/D,697.205,0.2914095405766579,0.2914095405766579
30,MOEA/D,745.951,0.3133999383927038,0.3133999383927038
30,MOEA/D,796.011,0.32777303037875516,0.32777303037875516
30,MOEA/D,846.468,0.3399917237265452,0.3399917237265452
30,MOEA/D,896.424,0.34166571467394735,0.34166571467394735
30,MOEA/D,945.026,0.3676301724344651,0.3676301724344651
30,MOEA/D,993.848,0.37237589503043333,0.37237589503043333
30,MOEA/D,1043.084,0.37812358572039634,0.37812358572039634
30,MOEA/D,1092.05,0.3795507990747953,0.3795507990747953
30,MOEA/D,1139.89,0.4036239610307081,0.4036239610307081
30,MOEA/D,1188.632,0.40856101824212215,0.40856101824212215
30,MOEA/D,1236.571,0.4139795511685921,0.4139795511685921
30,MOEA/D,1285.343,0.4435493994959129,0.4435493994959129
30,MOEA/D,1333.72,0.4466483326175072,0.4466483326175072
30,MOEA/D,1398.716,0.45314793967060674,0.45314793967060674
30,MOEA/D,1447.101,0.45314479464178475,0.45314793967060674
30,MOEA/D,1495.789,0.45639470020265527,0.45639470020265527
30,MOEA/D,1543.684,0.4595787239182055,0.4595787239182055
30,MOEA/D,1591.109,0.46101837318070155,0.46101837318070155
30,MOEA/D,1639.491,0.4973363450828491,0.4973363450828491
30,MOEA/D,1685.932,0.5041865961540499,0.5041865961540499
30,MOEA/D,1749.618,0.5118356131077988,0.5118356131077988
30,MOEA/D,1797.334,0.551754704570422,0.551754704570422
30,MOEA/D,1845.175,0.5718512355143699,0.5718512355143699
30,MOEA/D,1893.535,0.5805934456014545,0.5805934456014545
30,MOEA/D,1940.466,0.6314877939457334,0.6314877939457334
30,MOEA/D,1989.383,0.6935763651901076,0.6935763651901076
30,MOEA/D,2038.681,0.8067993289295704,0.8067993289295704
30,MOEA/D,2086.059,0.8067993289295704,0.8067993289295704
30,MOEA/D,2149.761,0.8323225388906483,0.8323225388906483
30,MOEA/D,2197.831,0.8323225388906483,0.8323225388906483
30,MOEA/D,2247.184,0.8337507685544558,0.8337507685544558
30,MOEA/D,2296.28,0.8434580950105144,0.8434580950105144
30,MOEA/D,2345.424,0.8470656848604236,0.8470656848604236
30,MOEA/D,2393.983,0.847428127041394,0.847428127041394
30,MOEA/D,2443.213,0.847428127041394,0.847428127041394
30,MOEA/D,2493.392,0.847428127041394,0.847428127041394
30,MOEA/D,2542.867,0.8882264807488722,0.8882264807488722
30,MOEA/D,2593.441,0.8897084182392877,0.8897084182392877
30,MOEA/D,2640.366,0.8900385723995639,0.8900385723995639
30,MOEA/D,2686.136,0.8897073468842951,0.8900385723995639
30,MOEA/D,2735.038,0.891197557761271,0.891197557761271
30,MOEA/D,2798.949,0.8931399140095472,0.8931399140095472
30,MOEA/D,2846.555,0.9302601484490898,0.9302601484490898
30,MOEA/D,2895.129,0.9307630694238127,0.9307630694238127
30,MOEA/D,2942.674,0.9333042491860193,0.9333042491860193
30,MOEA/D,2990.95,0.9435247684039725,0.9435247684039725
30,MOEA/D,3037.432,0.9455165219311348,0.9455165219311348
30,MOEA/D,3087.395,0.9456716730372199,0.9456716730372199
30,MOEA/D,3135.754,0.945658714385081,0.9456716730372199
30,MOEA/D,3184.702,0.9543570483136868,0.9543570483136868
30,MOEA/D,3216.735,0.9758032834800955,0.9758032834800955
31,AW-NSGA-II,46.863,0.0,0.0
31,AW-NSGA-II,97.463,0.0,0.0
31,AW-NSGA-II,147.266,0.020908536531094507,0.020908536531094507
31,AW-NSGA-II,197.504,0.06311691020452687,0.06311691020452687
31,AW-NSGA-II,248.932,0.08918674715706046,0.08918674715706046
31,AW-NSGA-II,299.368,0.1576247813325748,0.1576247813325748
31,AW-NSGA-II,347.257,0.24051972824248544,0.24051972824248544
31,AW-NSGA-II,397.466,0.27739956084829925,0.27739956084829925
31,AW-NSGA-II,448.552,0.3427614339293132,0.3427614339293132
31,AW-NSGA-II,497.422,0.3434025228750781,0.3434025228750781
31,AW-NSGA-II,546.949,0.37977364109485606,0.37977364109485606
31,AW-NSGA-II,598.102,0.4171469800143185,0.4171469800143185
31,AW-NSGA-II,648.651,0.43667077292823175,0.43667077292823175
31,AW-NSGA-II,698.314,0.4427168789708936,0.4427168789708936
31,AW-NSGA-II,749.452,0.46954720311233256,0.46954720311233256
31,AW-NSGA-II,799.684,0.5066981457376918,0.5066981457376918
31,AW-NSGA-II,837.162,0.5117283599428452,0.5117283599428452
31,MOEA/D,48.007,0.0,0.0
31,MOEA/D,95.283,0.0,0.0
31,MOEA/D,143.612,0.0,0.0
31,MOEA/D,191.612,0.0,0.0
31,MOEA/D,239.625,0.0,0.0
31,MOEA/D,289.481,0.006524232838098568,0.006524232838098568
31,MOEA/D,338.627,0.009463438265192503,0.009463438265192503
31,MOEA/D,384.996,0.01021022832610012,0.01021022832610012
31,MOEA/D,433.966,0.009926027003063054,0.01021022832610012
31,MOEA/D,499.496,0.09285050577624475,0.09285050577624475
31,MOEA/D,547.405,0.14741070167068354,0.14741070167068354
31,MOEA/D,595.138,0.17225528353017622,0.17225528353017622
31,MOEA/D,643.688,0.17774294847522942,0.17774294847522942
31,MOEA/D,692.586,0.17938012276781656,0.17938012276781656
31,MOEA/D,739.959,0.1800628002092849,0.1800628002092849
31,MOEA/D,787.547,0.1815794432846593,0.1815794432846593
31,MOEA/D,835.481,0.1837895225388765,0.1837895225388765
31,MOEA/D,884.536,0.21443954080086486,0.21443954080086486
31,MOEA/D,949.502,0.25326724395501077,0.25326724395501077
31,MOEA/D,996.322,0.2770969288704838,0.2770969288704838
31,MOEA/D,1043.12,0.277141622988611,0.277141622988611
31,MOEA/D,1090.533,0.284080271861032,0.284080271861032
31,MOEA/D,1136.19,0.2948134206035654,0.2948134206035654
31,MOEA/D,1199.802,0.3169811684542185,0.3169811684542185
31,MOEA/D,1248.222,0.321257215484015,0.321257215484015
31,MOEA/D,1295.193,0.3217630176624797,0.3217630176624797
31,MOEA/D,1345.305,0.336568682411075,0.336568682411075
31,MOEA/D,1392.938,0.3406357233507248,0.3406357233507248
31,MOEA/D,1438.504,0.3397490485004749,0.3406357233507248
31,MOEA/D,1486.607,0.38272784029489326,0.38272784029489326
31,MOEA/D,1547.68,0.3844350870167712,0.3844350870167712
31,MOEA/D,1594.29,0.39328629561394535,0.39328629561394535
31,MOEA/D,1640.63,0.3933468787550809,0.3933468787550809
31,MOEA/D,1687.231,0.39332845471158373,0.3933468787550809
31,MOEA/D,1749.22,0.4133582997889125,0.4133582997889125
31,MOEA/D,1795.615,0.4134040810125393,0.4134040810125393
31,MOEA/D,1841.117,0.41715865732935853,0.41715865732935853
31,MOEA/D,1889.014,0.4189393482507236,0.4189393482507236
31,MOEA/D,1936.676,0.4189393482507236,0.4189393482507236
31,MOEA/D,1990.029,0.41904227038433717,0.41904227038433717
31,MOEA/D,2043.2,0.4198073569729223,0.4198073569729223
31,MOEA/D,2086.881,0.42038610343629457,0.42038610343629457
31,MOEA/D,2149.645,0.42313875747328733,0.42313875747328733
31,MOEA/D,2196.311,0.42613332016964983,0.42613332016964983
31,MOEA/D,2243.624,0.4269700112503836,0.4269700112503836
31,MOEA/D,2294.19,0.4481947279539111,0.4481947279539111
31,MOEA/D,2340.482,0.44750189489634845,0.4481947279539111
31,MOEA/D,2386.723,0.4481078265644656,0.4481947279539111
31,MOEA/D,2448.666,0.4492597529819007,0.4492597529819007
31,MOEA/D,2497.673,0.4711724674838764,0.4711724674838764
31,MOEA/D,2548.194,0.47171318592913564,0.47171318592913564
31,MOEA/D,2596.275,0.4718049114870924,0.4718049114870924
31,MOEA/D,2647.899,0.4718049114870924,0.4718049114870924
31,MOEA/D,2698.84,0.4961967652395112,0.4961967652395112
31,MOEA/D,2749.527,0.4964693188670188,0.4964693188670188
31,MOEA/D,2783.642,0.49869446141067997,0.49869446141067997
31,MOEA/D,2835.055,0.49925170075426645,0.49925170075426645
31,MOEA/D,2883.787,0.49990755817162674,0.49990755817162674
31,MOEA/D,2948.739,0.5384496549171662,0.5384496549171662
31,MOEA/D,2996.698,0.5290461250439052,0.5384496549171662
31,MOEA/D,3045.406,0.5290461250439052,0.5384496549171662
31,MOEA/D,3093.364,0.5290186601001908,0.5384496549171662
31,MOEA/D,3141.764,0.55532660863896,0.55532660863896
31,MOEA/D,3189.679,0.556551046740533,0.556551046740533
32,AW-NSGA-II,48.044,0.0,0.0
32,AW-NSGA-II,95.931,0.0,0.0
32,AW-NSGA-II,147.06,0.06303968624661162,0.06303968624661162
32,AW-NSGA-II,199.604,0.1390632174030789,0.1390632174030789
32,AW-NSGA-II,249.614,0.16992479131805355,0.16992479131805355
32,AW-NSGA-II,299.323,0.20610754012774052,0.20610754012774052
32,AW-NSGA-II,346.415,0.23033417140466309,0.23033417140466309
32,AW-NSGA-II,398.832,0.26851819152986317,0.26851819152986317
32,AW-NSGA-II,448.695,0.27689983834922616,0.27689983834922616
32,AW-NSGA-II,498.558,0.29061818218441204,0.29061818218441204
32,AW-NSGA-II,545.936,0.30946309995050425,0.30946309995050425
32,AW-NSGA-II,595.959,0.3453795803720826,0.3453795803720826
32,AW-NSGA-II,646.821,0.35568186458266593,0.35568186458266593
32,AW-NSGA-II,698.281,0.39356128249910605,0.39356128249910605
32,AW-NSGA-II,748.948,0.44255032525721394,0.44255032525721394
32,AW-NSGA-II,796.423,0.45089844849698724,0.45089844849698724
32,AW-NSGA-II,846.96,0.4868392855311664,0.4868392855311664
32,MOEA/D,49.508,0.0,0.0
32,MOEA/D,98.581,0.0,0.0
32,MOEA/D,147.538,0.0,0.0
32,MOEA/D,196.945,0.0,0.0
32,MOEA/D,246.863,0.0034192348185845454,0.0034192348185845454
32,MOEA/D,294.757,0.0114545114737943,0.0114545114737943
32,MOEA/D,343.361,0.025888297422616238,0.025888297422616238
32,MOEA/D,391.34,0.0471885713283347,0.0471885713283347
32,MOEA/D,439.05,0.07981693938383,0.07981693938383
32,MOEA/D,486.778,0.08915652918568477,0.08915652918568477
32,MOEA/D,549.793,0.11356859324719015,0.11356859324719015
32,MOEA/D,597.853,0.13840476117120182,0.13840476117120182
32,MOEA/D,645.414,0.1507392848791509,0.1507392848791509
32,MOEA/D,693.498,0.20013072467922238,0.20013072467922238
32,MOEA/D,740.972,0.2138774145909014,0.2138774145909014
32,MOEA/D,790.147,0.21715172069930042,0.21715172069930042
32,MOEA/D,838.741,0.25701905521221075,0.25701905521221075
32,MOEA/D,887.598,0.26351661257779746,0.26351661257779746
32,MOEA/D,937.238,0.2718175591909654,0.2718175591909654
32,MOEA/D,986.658,0.28752231557145175,0.28752231557145175
32,MOEA/D,1035.352,0.2971628085151348,0.2971628085151348
32,MOEA/D,1084.259,0.3047996106452534,0.3047996106452534
32,MOEA/D,1133.227,0.31133414410663907,0.31133414410663907
32,MOEA/D,1199.488,0.3165434205921216,0.3165434205921216
32,MOEA/D,1249.239,0.32895457811567547,0.32895457811567547
32,MOEA/D,1298.255,0.3318321529786993,0.3318321529786993
32,MOEA/D,1349.227,0.3349228404412745,0.3349228404412745
32,MOEA/D,1397.683,0.3415410337588496,0.3415410337588496
32,MOEA/D,1446.381,0.35511997042455146,0.35511997042455146
32,MOEA/D,1493.652,0.35247749990372934,0.35511997042455146
32,MOEA/D,1540.936,0.35649609020613854,0.35649609020613854
32,MOEA/D,1587.811,0.3618987846836027,0.3618987846836027
32,MOEA/D,1636.179,0.36199631539805366,0.36199631539805366
32,MOEA/D,1687.291,0.3693919411689986,0.3693919411689986
32,MOEA/D,1749.786,0.37063323770051154,0.37063323770051154
32,MOEA/D,1797.494,0.372606756313879,0.372606756313879
32,MOEA/D,1844.56,0.39109958931362365,0.39109958931362365
32,MOEA/D,1892.859,0.38983917003278434,0.39109958931362365
32,MOEA/D,1940.586,0.4785140459085453,0.4785140459085453
32,MOEA/D,1989.486,0.4785140459085453,0.4785140459085453
32,MOEA/D,2037.443,0.4813345413549239,0.4813345413549239
32,MOEA/D,2085.485,0.493282383566837,0.493282383566837
32,MOEA/D,2149.625,0.49433562915306045,0.49433562915306045
32,MOEA/D,2196.917,0.5020057485256402,0.5020057485256402
32,MOEA/D,2245.08,0.5022167024893865,0.5022167024893865
32,MOEA/D,2294.337,0.5022167024893865,0.5022167024893865
32,MOEA/D,2344.091,0.49557448169353646,0.5022167024893865
32,MOEA/D,2392.524,0.5024281963445045,0.5024281963445045
32,MOEA/D,2442.419,0.5119565808119004,0.5119565808119004
32,MOEA/D,2490.275,0.5130656522528483,0.5130656522528483
32,MOEA/D,2538.83,0.5137858098981556,0.5137858098981556
32,MOEA/D,2588.313,0.5261095304037589,0.5261095304037589
32,MOEA/D,2636.892,0.5261095304037599,0.5261095304037599
32,MOEA/D,2686.886,0.5303661184220585,0.5303661184220585
32,MOEA/D,2735.268,0.5310495650148835,0.5310495650148835
32,MOEA/D,2798.648,0.5311048616655275,0.5311048616655275
32,MOEA/D,2846.035,0.5695473181078576,0.5695473181078576
32,MOEA/D,2892.762,0.571529110324253,0.571529110324253
32,MOEA/D,2940.443,0.5718934053223321,0.5718934053223321
32,MOEA/D,2988.231,0.5718934053223321,0.5718934053223321
32,MOEA/D,3034.821,0.6349578723895696,0.6349578723895696
32,MOEA/D,3098.585,0.6349239996074187,0.6349578723895696
32,MOEA/D,3146.016,0.6421197068354728,0.6421197068354728
32,MOEA/D,3193.292,0.6424434310301739,0.6424434310301739
32,MOEA/D,3209.197,0.6424434310301739,0.6424434310301739
33,AW-NSGA-II,45.436,0.0,0.0
33,AW-NSGA-II,96.437,0.0,0.0
33,AW-NSGA-II,149.17,0.00117369463045805,0.00117369463045805
33,AW-NSGA-II,198.684,0.038225883549205794,0.038225883549205794
33,AW-NSGA-II,248.159,0.05138182584004729,0.05138182584004729
33,AW-NSGA-II,296.817,0.08908532035867366,0.08908532035867366
33,AW-NSGA-II,346.827,0.12605770903540375,0.12605770903540375
33,AW-NSGA-II,396.986,0.21492777586838827,0.21492777586838827
33,AW-NSGA-II,447.691,0.26887749517929993,0.26887749517929993
33,AW-NSGA-II,497.563,0.31123037435280815,0.31123037435280815
33,AW-NSGA-II,547.686,0.3460459593540829,0.3460459593540829
33,AW-NSGA-II,598.587,0.37065459356963004,0.37065459356963004
33,AW-NSGA-II,648.949,0.39678660768044804,0.39678660768044804
33,AW-NSGA-II,699.47,0.4558019759915616,0.4558019759915616
33,AW-NSGA-II,746.452,0.5400248213924441,0.5400248213924441
33,AW-NSGA-II,796.775,0.5896894327972684,0.5896894327972684
33,AW-NSGA-II,848.085,0.6022713823713383,0.6022713823713383
33,AW-NSGA-II,856.18,0.6096568974051342,0.6096568974051342
33,MOEA/D,49.225,0.0,0.0
33,MOEA/D,98.812,0.0,0.0
33,MOEA/D,148.328,0.0,0.0
33,MOEA/D,198.872,0.0,0.0
33,MOEA/D,247.002,0.0,0.0
33,MOEA/D,295.137,0.013590623235667626,0.013590623235667626
33,MOEA/D,343.692,0.044947556960741125,0.044947556960741125
33,MOEA/D,391.446,0.05832817704444587,0.05832817704444587
33,MOEA/D,438.751,0.08567915031358835,0.08567915031358835
33,MOEA/D,486.415,0.12083996711201436,0.12083996711201436
33,MOEA/D,534.931,0.12739289120681205,0.12739289120681205
33,MOEA/D,598.303,0.12733265468588228,0.12739289120681205
33,MOEA/D,644.666,0.12936937235706156,0.12936937235706156
33,MOEA/D,692.839,0.14387007345878977,0.14387007345878977
33,MOEA/D,741.744,0.17117214788828594,0.17117214788828594
33,MOEA/D,790.049,0.17663782872286254,0.17663782872286254
33,MOEA/D,837.649,0.23032947816906363,0.23032947816906363
33,MOEA/D,885.702,0.2396762928510151,0.2396762928510151
33,MOEA/D,948.914,0.25362670288239914,0.25362670288239914
33,MOEA/D,996.53,0.26156186317577745,0.26156186317577745
33,MOEA/D,1044.541,0.27021669627673495,0.27021669627673495
33,MOEA/D,1091.696,0.28206830653036974,0.28206830653036974
33,MOEA/D,1140.65,0.2861421628035145,0.2861421628035145
33,MOEA/D,1191.453,0.2891791240122257,0.2891791240122257
33,MOEA/D,1239.072,0.28950280011592755,0.28950280011592755
33,MOEA/D,1286.487,0.2944563993515715,0.2944563993515715
33,MOEA/D,1349.839,0.30051692479588066,0.30051692479588066
33,MOEA/D,1397.935,0.30599429220061025,0.30599429220061025
33,MOEA/D,1445.61,0.30619979312671863,0.30619979312671863
33,MOEA/D,1494.002,0.35060951073099084,0.35060951073099084
33,MOEA/D,1542.199,0.35967078291040916,0.35967078291040916
33,MOEA/D,1590.195,0.36271061685569483,0.36271061685569483
33,MOEA/D,1638.453,0.4001480374666967,0.4001480374666967
33,MOEA/D,1687.912,0.4034405273878608,0.4034405273878608
33,MOEA/D,1736.82,0.4094241409424342,0.4094241409424342
33,MOEA/D,1786.511,0.4132811420280079,0.4132811420280079
33,MOEA/D,1834.673,0.4245108032544964,0.4245108032544964
33,MOEA/D,1897.776,0.4651525028090228,0.4651525028090228
33,MOEA/D,1945.694,0.463384785086703,0.4651525028090228
33,MOEA/D,1993.441,0.46344175084711964,0.4651525028090228
33,MOEA/D,2041.663,0.46950792311195105,0.46950792311195105
33,MOEA/D,2090.881,0.5011423623453456,0.5011423623453456
33,MOEA/D,2141.438,0.5428759592752215,0.5428759592752215
33,MOEA/D,2191.618,0.5592743758221714,0.5592743758221714
33,MOEA/D,2240.753,0.6112885066474547,0.6112885066474547
33,MOEA/D,2290.076,0.6239577806645494,0.6239577806645494
33,MOEA/D,2339.052,0.6361766500071026,0.6361766500071026
33,MOEA/D,2388.675,0.6502231592202787,0.6502231592202787
33,MOEA/D,2438.399,0.6701759340912576,0.6701759340912576
33,MOEA/D,2486.534,0.692620651162075,0.692620651162075
33,MOEA/D,2536.042,0.6985257416676717,0.6985257416676717
33,MOEA/D,2585.294,0.6929098448981316,0.6985257416676717
33,MOEA/D,2634.301,0.6930263372617926,0.6985257416676717
33,MOEA/D,2683.314,0.6932274816451551,0.6985257416676717
33,MOEA/D,2749.72,0.6939656864302666,0.6985257416676717
33,MOEA/D,2798.504,0.696870148618424,0.6985257416676717
33,MOEA/D,2846.391,0.6977966716088034,0.6985257416676717
33,MOEA/D,2893.629,0.7194033799716469,0.7194033799716469
33,MOEA/D,2941.864,0.7480796136125326,0.7480796136125326
33,MOEA/D,2988.847,0.7534593769413671,0.7534593769413671
33,MOEA/D,3035.859,0.7544596541683455,0.7544596541683455
33,MOEA/D,3099.823,0.757976860838,0.757976860838
33,MOEA/D,3146.991,0.7588391133426966,0.7588391133426966
33,MOEA/D,3193.641,0.7911814164676683,0.7911814164676683
33,MOEA/D,3210.112,0.7911814164676683,0.7911814164676683
34,AW-NSGA-II,46.379,0.0,0.0
34,AW-NSGA-II,99.936,0.0,0.0
34,AW-NSGA-II,149.864,0.040920850456041914,0.040920850456041914
34,AW-NSGA-II,196.497,0.0929048035618501,0.0929048035618501
34,AW-NSGA-II,248.538,0.16325703910138695,0.16325703910138695
34,AW-NSGA-II,297.04,0.21968122303341348,0.21968122303341348
34,AW-NSGA-II,345.649,0.2799731506427944,0.2799731506427944
34,AW-NSGA-II,398.658,0.3178921095735814,0.3178921095735814
34,AW-NSGA-II,447.714,0.4014415883498683,0.4014415883498683
34,AW-NSGA-II,499.599,0.40656196520740695,0.40656196520740695
34,AW-NSGA-II,548.989,0.4498483239213048,0.4498483239213048
34,AW-NSGA-II,596.714,0.5122091411758379,0.5122091411758379
34,AW-NSGA-II,649.262,0.6060626175342965,0.6060626175342965
34,AW-NSGA-II,697.045,0.6092983030274877,0.6092983030274877
34,AW-NSGA-II,746.34,0.648266445827979,0.648266445827979
34,AW-NSGA-II,799.332,0.6751208124316304,0.6751208124316304
34,AW-NSGA-II,846.915,0.6884932290267143,0.6884932290267143
34,AW-NSGA-II,864.019,0.7126220277819729,0.7126220277819729
34,MOEA/D,48.79,0.0,0.0
34,MOEA/D,97.163,0.0,0.0
34,MOEA/D,144.163,0.0,0.0
34,MOEA/D,192.625,0.016107931886175764,0.016107931886175764
34,MOEA/D,242.994,0.053298114652797435,0.053298114652797435
34,MOEA/D,293.204,0.08612184377899555,0.08612184377899555
34,MOEA/D,343.937,0.10175502214676985,0.10175502214676985
34,MOEA/D,396.843,0.14246754251038812,0.14246754251038812
34,MOEA/D,446.942,0.19857461836117268,0.19857461836117268
34,MOEA/D,497.646,0.219071840905618,0.219071840905618
34,MOEA/D,547.969,0.2632433267976684,0.2632433267976684
34,MOEA/D,597.996,0.2924093383193392,0.2924093383193392
34,MOEA/D,647.554,0.30953254267938574,0.30953254267938574
34,MOEA/D,696.597,0.3283700708767252,0.3283700708767252
34,MOEA/D,746.021,0.3418207040681123,0.3418207040681123
34,MOEA/D,796.556,0.357276608352186,0.357276608352186
34,MOEA/D,847.656,0.36069175762311945,0.36069175762311945
34,MOEA/D,897.74,0.3995560507582695,0.3995560507582695
34,MOEA/D,946.361,0.431382259406333,0.431382259406333
34,MOEA/D,993.99,0.4311613761462739,0.431382259406333
34,MOEA/D,1042.343,0.4683718206254276,0.4683718206254276
34,MOEA/D,1090.403,0.4849984321860402,0.4849984321860402
34,MOEA/D,1138.721,0.49033866960570494,0.49033866960570494
34,MOEA/D,1187.277,0.494809693602105,0.494809693602105
34,MOEA/D,1234.989,0.4956616912926834,0.4956616912926834
34,MOEA/D,1298.687,0.4962423387878425,0.4962423387878425
34,MOEA/D,1346.354,0.49815981556173844,0.49815981556173844
34,MOEA/D,1393.778,0.5094625228119973,0.5094625228119973
34,MOEA/D,1442.045,0.5139696438463269,0.5139696438463269
34,MOEA/D,1490.73,0.5365739767097013,0.5365739767097013
34,MOEA/D,1539.102,0.5542842716019207,0.5542842716019207
34,MOEA/D,1587.327,0.5797655398312203,0.5797655398312203
34,MOEA/D,1635.013,0.6541818138390987,0.6541818138390987
34,MOEA/D,1699.601,0.6820662864952957,0.6820662864952957
34,MOEA/D,1747.366,0.6834796009543032,0.6834796009543032
34,MOEA/D,1797.015,0.7190984795514633,0.7190984795514633
34,MOEA/D,1846.972,0.7270640122516149,0.7270640122516149
34,MOEA/D,1896.7,0.7291723300301342,0.7291723300301342
34,MOEA/D,1945.261,0.7314407296161578,0.7314407296161578
34,MOEA/D,1993.928,0.7314407296161578,0.7314407296161578
34,MOEA/D,2041.181,0.7314015853960338,0.7314407296161578
34,MOEA/D,2088.459,0.7314833337757729,0.7314833337757729
34,MOEA/D,2136.349,0.7381375662904388,0.7381375662904388
34,MOEA/D,2199.4,0.7382891285864466,0.7382891285864466
34,MOEA/D,2247.154,0.7388613634865027,0.7388613634865027
34,MOEA/D,2295.409,0.7644779945316378,0.7644779945316378
34,MOEA/D,2343.214,0.7644819537722816,0.7644819537722816
34,MOEA/D,2393.19,0.7671692120268557,0.7671692120268557
34,MOEA/D,2440.249,0.7671692120268557,0.7671692120268557
34,MOEA/D,2488.678,0.7676909890422162,0.7676909890422162
34,MOEA/D,2536.577,0.7678124842976266,0.7678124842976266
34,MOEA/D,2584.539,0.7678762062648106,0.7678762062648106
34,MOEA/D,2649.709,0.7681759050946245,0.7681759050946245
34,MOEA/D,2699.185,0.7681759050946245,0.7681759050946245
34,MOEA/D,2748.411,0.7681759050946245,0.7681759050946245
34,MOEA/D,2797.715,0.7681759050946245,0.7681759050946245
34,MOEA/D,2847.376,0.7681759050946245,0.7681759050946245
34,MOEA/D,2898.746,0.7733916569998625,0.7733916569998625
34,MOEA/D,2947.307,0.7744984306334564,0.7744984306334564
34,MOEA/D,2995.911,0.7744984306334564,0.7744984306334564
34,MOEA/D,3042.305,0.7744984306334564,0.7744984306334564
34,MOEA/D,3090.086,0.7744654503570858,0.7744984306334564
34,MOEA/D,3138.402,0.774465450357086,0.7744984306334564
34,MOEA/D,3186.414,0.774465450357086,0.7744984306334564
34,MOEA/D,3233.881,0.7746991548112812,0.7746991548112812
35,AW-NSGA-II,48.349,0.0,0.0
35,AW-NSGA-II,96.132,0.0,0.0
35,AW-NSGA-II,148.75,6.034872772431325e-05,6.034872772431325e-05
35,AW-NSGA-II,196.573,0.005750807399725835,0.005750807399725835
35,AW-NSGA-II,246.025,0.01355493139505345,0.01355493139505345
35,AW-NSGA-II,298.159,0.050716116817235875,0.050716116817235875
35,AW-NSGA-II,346.971,0.09783136725405286,0.09783136725405286
35,AW-NSGA-II,395.618,0.16989804926565116,0.16989804926565116
35,AW-NSGA-II,447.402,0.2029491476724414,0.2029491476724414
35,AW-NSGA-II,495.559,0.2592195832047572,0.2592195832047572
35,AW-NSGA-II,548.927,0.33029270943075384,0.33029270943075384
35,AW-NSGA-II,597.005,0.3522996227566141,0.3522996227566141
35,AW-NSGA-II,646.215,0.36679556046348155,0.36679556046348155
35,AW-NSGA-II,699.134,0.40368392239194545,0.40368392239194545
35,AW-NSGA-II,746.299,0.4279229849008451,0.4279229849008451
35,AW-NSGA-II,796.738,0.4392543332937756,0.4392543332937756
35,AW-NSGA-II,848.167,0.4690374754132133,0.4690374754132133
35,AW-NSGA-II,870.333,0.47217123668662686,0.47217123668662686
35,MOEA/D,47.679,0.0,0.0
35,MOEA/D,96.294,0.0,0.0
35,MOEA/D,144.318,0.0,0.0
35,MOEA/D,192.741,0.0,0.0
35,MOEA/D,240.769,0.0,0.0
35,MOEA/D,288.583,0.01902375348646201,0.01902375348646201
35,MOEA/D,337.466,0.06271186244273542,0.06271186244273542
35,MOEA/D,385.171,0.07985789470123872,0.07985789470123872
35,MOEA/D,449.39,0.09318789532082004,0.09318789532082004
35,MOEA/D,497.263,0.10760345230256659,0.10760345230256659
35,MOEA/D,546.226,0.12286669529708451,0.12286669529708451
35,MOEA/D,593.65,0.14064895596083135,0.14064895596083135
35,MOEA/D,640.908,0.15998697117032273,0.15998697117032273
35,MOEA/D,688.594,0.19065487919192411,0.19065487919192411
35,MOEA/D,735.811,0.21932706331321422,0.21932706331321422
35,MOEA/D,784.206,0.22408683376976785,0.22408683376976785
35,MOEA/D,849.089,0.2567171285237648,0.2567171285237648
35,MOEA/D,895.795,0.2663811326529158,0.2663811326529158
35,MOEA/D,943.278,0.2708031317911691,0.2708031317911691
35,MOEA/D,990.577,0.30645812644402626,0.30645812644402626
35,MOEA/D,1037.64,0.3066782474820157,0.3066782474820157
35,MOEA/D,1086.467,0.3102807061292451,0.3102807061292451
35,MOEA/D,1149.237,0.3102807061292451,0.3102807061292451
35,MOEA/D,1197.054,0.3121811467826172,0.3121811467826172
35,MOEA/D,1245.219,0.3123041172606203,0.3123041172606203
35,MOEA/D,1292.856,0.31247024014667313,0.31247024014667313
35,MOEA/D,1340.535,0.36367933931191165,0.36367933931191165
35,MOEA/D,1388.116,0.3660660953423992,0.3660660953423992
35,MOEA/D,1437.502,0.3675755179622595,0.3675755179622595
35,MOEA/D,1486.08,0.3818079546305806,0.3818079546305806
35,MOEA/D,1534.763,0.38283978901093507,0.38283978901093507
35,MOEA/D,1583.79,0.3941379732586828,0.3941379732586828
35,MOEA/D,1648.923,0.39213625480029674,0.3941379732586828
35,MOEA/D,1697.361,0.3924102492558167,0.3941379732586828
35,MOEA/D,1746.388,0.3932042101001752,0.3941379732586828
35,MOEA/D,1794.315,0.407313532544467,0.407313532544467
35,MOEA/D,1842.091,0.42567961245556296,0.42567961245556296
35,MOEA/D,1889.375,0.42560749703474976,0.42567961245556296
35,MOEA/D,1936.705,0.43258658980359066,0.43258658980359066
35,MOEA/D,1998.509,0.4462191813154178,0.4462191813154178
35,MOEA/D,2045.558,0.460038195950942,0.460038195950942
35,MOEA/D,2093.391,0.4608229203244643,0.4608229203244643
35,MOEA/D,2140.782,0.4944233736629521,0.4944233736629521
35,MOEA/D,2188.371,0.4945091842474244,0.4945091842474244
35,MOEA/D,2235.606,0.501237158762881,0.501237158762881
35,MOEA/D,2298.906,0.5118254056486151,0.5118254056486151
35,MOEA/D,2346.637,0.5123657686832266,0.5123657686832266
35,MOEA/D,2392.685,0.5359396074025344,0.5359396074025344
35,MOEA/D,2440.355,0.5393677288655767,0.5393677288655767
35,MOEA/D,2487.295,0.5402756430324787,0.5402756430324787
35,MOEA/D,2533.911,0.5402756430324787,0.5402756430324787
35,MOEA/D,2597.527,0.5402756430324787,0.5402756430324787
35,MOEA/D,2644.768,0.5408382887796583,0.5408382887796583
35,MOEA/D,2691.845,0.5412967974167369,0.5412967974167369
35,MOEA/D,2738.829,0.5383269134688792,0.5412967974167369
35,MOEA/D,2785.526,0.538990968908234,0.5412967974167369
35,MOEA/D,2849.151,0.5390569218886145,0.5412967974167369
35,MOEA/D,2895.355,0.5390777401446418,0.5412967974167369
35,MOEA/D,2942.458,0.5392217640100115,0.5412967974167369
35,MOEA/D,2990.06,0.539865859315896,0.5412967974167369
35,MOEA/D,3036.903,0.5431129288878225,0.5431129288878225
35,MOEA/D,3085.13,0.5439663655660902,0.5439663655660902
35,MOEA/D,3148.542,0.5439663655660902,0.5439663655660902
35,MOEA/D,3164.593,0.5439663655660902,0.5439663655660902
36,AW-NSGA-II,49.663,0.0,0.0
36,AW-NSGA-II,97.735,0.0009684024991155803,0.0009684024991155803
36,AW-NSGA-II,149.756,0.0013716413250369586,0.0013716413250369586
36,AW-NSGA-II,197.375,0.002119421974502107,0.002119421974502107
36,AW-NSGA-II,249.315,0.12481545926278269,0.12481545926278269
36,AW-NSGA-II,299.378,0.1619361409292716,0.1619361409292716
36,AW-NSGA-II,347.427,0.2155481166910534,0.2155481166910534
36,AW-NSGA-II,398.08,0.27635698857189084,0.27635698857189084
36,AW-NSGA-II,449.859,0.31285367082661164,0.31285367082661164
36,AW-NSGA-II,498.042,0.3731498774525073,0.3731498774525073
36,AW-NSGA-II,546.56,0.4125224450030108,0.4125224450030108
36,AW-NSGA-II,596.042,0.4395312642057875,0.4395312642057875
36,AW-NSGA-II,646.16,0.519469297346296,0.519469297346296
36,AW-NSGA-II,696.644,0.5882085522159184,0.5882085522159184
36,AW-NSGA-II,749.145,0.6026433170846885,0.6026433170846885
36,AW-NSGA-II,796.844,0.6116285657144407,0.6116285657144407
36,AW-NSGA-II,808.957,0.6128403444745736,0.6128403444745736
36,MOEA/D,46.077,0.0,0.0
36,MOEA/D,92.793,0.0,0.0
36,MOEA/D,139.992,0.005520666002454013,0.005520666002454013
36,MOEA/D,186.491,0.022050315864795667,0.022050315864795667
36,MOEA/D,249.039,0.05186168574278413,0.05186168574278413
36,MOEA/D,295.51,0.054266189722623426,0.054266189722623426
36,MOEA/D,342.94,0.061539198980172814,0.061539198980172814
36,MOEA/D,390.48,0.08457613963388345,0.08457613963388345
36,MOEA/D,437.844,0.09776970280126072,0.09776970280126072
36,MOEA/D,484.999,0.12616525776362958,0.12616525776362958
36,MOEA/D,548.175,0.14660699989858922,0.14660699989858922
36,MOEA/D,596.106,0.2069315918127282,0.2069315918127282
36,MOEA/D,643.573,0.21745227301087788,0.21745227301087788
36,MOEA/D,690.953,0.25145102505128286,0.25145102505128286
36,MOEA/D,740.02,0.2650907926617317,0.2650907926617317
36,MOEA/D,788.362,0.2870901390805993,0.2870901390805993
36,MOEA/D,837.488,0.28621512102199387,0.2870901390805993
36,MOEA/D,887.147,0.3326450320276104,0.3326450320276104
36,MOEA/D,936.418,0.35071630474951665,0.35071630474951665
36,MOEA/D,986.964,0.348832634220539,0.35071630474951665
36,MOEA/D,1036.475,0.3706597694771622,0.3706597694771622
36,MOEA/D,1086.127,0.3807471668902602,0.3807471668902602
36,MOEA/D,1136.182,0.38143796357253057,0.38143796357253057
36,MOEA/D,1185.183,0.38553587694007313,0.38553587694007313
36,MOEA/D,1235.148,0.38554074557699175,0.38554074557699175
36,MOEA/D,1284.447,0.39118375046487625,0.39118375046487625
36,MOEA/D,1347.845,0.38876738782657205,0.39118375046487625
36,MOEA/D,1395.138,0.3889570374162655,0.39118375046487625
36,MOEA/D,1442.465,0.3913288995585553,0.3913288995585553
36,MOEA/D,1490.024,0.3955905434056939,0.3955905434056939
36,MOEA/D,1536.75,0.3955905434056939,0.3955905434056939
36,MOEA/D,1584.839,0.45095782792682804,0.45095782792682804
36,MOEA/D,1649.401,0.4542010589418224,0.4542010589418224
36,MOEA/D,1696.129,0.45744263548078673,0.45744263548078673
36,MOEA/D,1743.433,0.45987247353720345,0.45987247353720345
36,MOEA/D,1791.736,0.4604703177976821,0.4604703177976821
36,MOEA/D,1839.716,0.4604703177976821,0.4604703177976821
36,MOEA/D,1888.912,0.46704719858723975,0.46704719858723975
36,MOEA/D,1938.096,0.4672352153421231,0.4672352153421231
36,MOEA/D,1987.348,0.46728275463217356,0.46728275463217356
36,MOEA/D,2036.319,0.46718112508620235,0.46728275463217356
36,MOEA/D,2085.384,0.46729362272364783,0.46729362272364783
36,MOEA/D,2134.843,0.46755663579206763,0.46755663579206763
36,MOEA/D,2184.999,0.46910532807656774,0.46910532807656774
36,MOEA/D,2234.334,0.4803779408439416,0.4803779408439416
36,MOEA/D,2299.701,0.4838878599966798,0.4838878599966798
36,MOEA/D,2348.802,0.48904532551580315,0.48904532551580315
36,MOEA/D,2398.048,0.495738092568082,0.495738092568082
36,MOEA/D,2447.042,0.49565212555804583,0.495738092568082
36,MOEA/D,2494.195,0.4956507491272654,0.495738092568082
36,MOEA/D,2541.305,0.4956507491272654,0.495738092568082
36,MOEA/D,2588.871,0.4956507491272654,0.495738092568082
36,MOEA/D,2636.739,0.5408157164475956,0.5408157164475956
36,MOEA/D,2699.38,0.5412482498992293,0.5412482498992293
36,MOEA/D,2746.697,0.5408146331752529,0.5412482498992293
36,MOEA/D,2795.164,0.5405885292927595,0.5412482498992293
36,MOEA/D,2842.687,0.5467507811068417,0.5467507811068417
36,MOEA/D,2890.904,0.5525756477448805,0.5525756477448805
36,MOEA/D,2938.955,0.5625861358583283,0.5625861358583283
36,MOEA/D,2988.042,0.5625301122217077,0.5625861358583283
36,MOEA/D,3037.291,0.5639020863119704,0.5639020863119704
36,MOEA/D,3084.724,0.6118534481641902,0.6118534481641902
36,MOEA/D,3148.213,0.6566524889562166,0.6566524889562166
36,MOEA/D,3196.324,0.6699235005976398,0.6699235005976398
37,AW-NSGA-II,49.501,0.0,0.0
37,AW-NSGA-II,98.842,0.01826166309490637,0.01826166309490637
37,AW-NSGA-II,148.179,0.04816624993875456,0.04816624993875456
37,AW-NSGA-II,198.03,0.1744577839147316,0.1744577839147316
37,AW-NSGA-II,248.887,0.20869157323273088,0.20869157323273088
37,AW-NSGA-II,298.626,0.2513607799551231,0.2513607799551231
37,AW-NSGA-II,348.605,0.26835843462598075,0.26835843462598075
37,AW-NSGA-II,396.085,0.3245145876465766,0.3245145876465766
37,AW-NSGA-II,446.49,0.40335137180539604,0.40335137180539604
37,AW-NSGA-II,499.669,0.4218645447325302,0.4218645447325302
37,AW-NSGA-II,549.291,0.43545576805993097,0.43545576805993097
37,AW-NSGA-II,599.317,0.4514304304431179,0.4514304304431179
37,AW-NSGA-II,648.183,0.488944845142252,0.488944845142252
37,AW-NSGA-II,698.084,0.5295964125945503,0.5295964125945503
37,AW-NSGA-II,748.719,0.5614171029853807,0.5614171029853807
37,AW-NSGA-II,798.4,0.5868030980954557,0.5868030980954557
37,AW-NSGA-II,845.288,0.640088490645757,0.640088490645757
37,MOEA/D,48.111,0.0,0.0
37,MOEA/D,97.547,0.0,0.0
37,MOEA/D,146.128,0.0012264246428410942,0.0012264246428410942
37,MOEA/D,196.266,0.037737635618848596,0.037737635618848596
37,MOEA/D,245.29,0.07830009474154923,0.07830009474154923
37,MOEA/D,294.132,0.08156693999491492,0.08156693999491492
37,MOEA/D,343.858,0.09647517042686249,0.09647517042686249
37,MOEA/D,394.664,0.14586399607731282,0.14586399607731282
37,MOEA/D,443.272,0.1723129637202294,0.1723129637202294
37,MOEA/D,493.635,0.2066037360186173,0.2066037360186173
37,MOEA/D,542.232,0.20750149757270997,0.20750149757270997
37,MOEA/D,590.01,0.225827190980139,0.225827190980139
37,MOEA/D,638.478,0.2304133453139856,0.2304133453139856
37,MOEA/D,686.052,0.23050595937333188,0.23050595937333188
37,MOEA/D,749.826,0.24841424269730716,0.24841424269730716
37,MOEA/D,798.694,0.2701269609460501,0.2701269609460501
37,MOEA/D,847.243,0.27533660810534005,0.27533660810534005
37,MOEA/D,896.266,0.3509065774947041,0.3509065774947041
37,MOEA/D,944.222,0.36221359048701846,0.36221359048701846
37,MOEA/D,994.866,0.3792407492139887,0.3792407492139887
37,MOEA/D,1043.435,0.37229761690301577,0.3792407492139887
37,MOEA/D,1092.095,0.41811687275256004,0.41811687275256004
37,MOEA/D,1141.242,0.4224131157119635,0.4224131157119635
37,MOEA/D,1189.999,0.44973246384332505,0.44973246384332505
37,MOEA/D,1239.556,0.5018898373607537,0.5018898373607537
37,MOEA/D,1288.698,0.5061324649041513,0.5061324649041513
37,MOEA/D,1336.804,0.5149466551966438,0.5149466551966438
37,MOEA/D,1384.619,0.5151649483483549,0.5151649483483549
37,MOEA/D,1449.54,0.5165038238460926,0.5165038238460926
37,MOEA/D,1497.976,0.523904632272857,0.523904632272857
37,MOEA/D,1545.776,0.5364637938046912,0.5364637938046912
37,MOEA/D,1592.552,0.5475485861324625,0.5475485861324625
37,MOEA/D,1640.654,0.5548962426546421,0.5548962426546421
37,MOEA/D,1689.316,0.5564704825967226,0.5564704825967226
37,MOEA/D,1739.341,0.556475844449895,0.556475844449895
37,MOEA/D,1789.459,0.5627342719312047,0.5627342719312047
37,MOEA/D,1839.298,0.5695973264860413,0.5695973264860413
37,MOEA/D,1889.049,0.5700283079012447,0.5700283079012447
37,MOEA/D,1938.205,0.5709510274470737,0.5709510274470737
37,MOEA/D,1988.311,0.5711186551367999,0.5711186551367999
37,MOEA/D,2037.521,0.5716940473396328,0.5716940473396328
37,MOEA/D,2086.324,0.5717088622026597,0.5717088622026597
37,MOEA/D,2136.158,0.571894512025964,0.571894512025964
37,MOEA/D,2186.871,0.570412276643657,0.571894512025964
37,MOEA/D,2237.024,0.5703873726711868,0.571894512025964
37,MOEA/D,2286.896,0.5709308304394312,0.571894512025964
37,MOEA/D,2336.408,0.5711111648119699,0.571894512025964
37,MOEA/D,2385.377,0.5713948233979816,0.571894512025964
37,MOEA/D,2434.14,0.572379367745864,0.572379367745864
37,MOEA/D,2498.854,0.5723880807729469,0.5723880807729469
37,MOEA/D,2546.892,0.5731966821878709,0.5731966821878709
37,MOEA/D,2595.436,0.5740308329419227,0.5740308329419227
37,MOEA/D,2643.82,0.5748677159461463,0.5748677159461463
37,MOEA/D,2691.016,0.5769061739109037,0.5769061739109037
37,MOEA/D,2738.734,0.5794987484957719,0.5794987484957719
37,MOEA/D,2786.136,0.5796682994458792,0.5796682994458792
37,MOEA/D,2834.218,0.5854359478945126,0.5854359478945126
37,MOEA/D,2898.234,0.5855705122101109,0.5855705122101109
37,MOEA/D,2946.273,0.5860834349138615,0.5860834349138615
37,MOEA/D,2993.876,0.5865961103178728,0.5865961103178728
37,MOEA/D,3041.319,0.6155594603021872,0.6155594603021872
37,MOEA/D,3087.692,0.644942331345624,0.644942331345624
37,MOEA/D,3136.546,0.6449508051974371,0.6449508051974371
37,MOEA/D,3185.75,0.6490241911240484,0.6490241911240484
37,MOEA/D,3233.681,0.6320664916305021,0.6490241911240484
38,AW-NSGA-II,48.237,0.0,0.0
38,AW-NSGA-II,99.879,0.008191893426515566,0.008191893426515566
38,AW-NSGA-II,145.946,0.028438530869570888,0.028438530869570888
38,AW-NSGA-II,197.342,0.09361927759257209,0.09361927759257209
38,AW-NSGA-II,249.584,0.19209391615152924,0.19209391615152924
38,AW-NSGA-II,299.381,0.2293037785511446,0.2293037785511446
38,AW-NSGA-II,348.592,0.2666722019347889,0.2666722019347889
38,AW-NSGA-II,397.776,0.3172882992307938,0.3172882992307938
38,AW-NSGA-II,448.474,0.3871369329900592,0.3871369329900592
38,AW-NSGA-II,498.808,0.4194988126361756,0.4194988126361756
38,AW-NSGA-II,549.252,0.4640161418511328,0.4640161418511328
38,AW-NSGA-II,599.911,0.49296854305434123,0.49296854305434123
38,AW-NSGA-II,646.994,0.5148167013755718,0.5148167013755718
38,AW-NSGA-II,697.79,0.5246603852685099,0.5246603852685099
38,AW-NSGA-II,748.771,0.5397370323712829,0.5397370323712829
38,AW-NSGA-II,798.774,0.5540611402962534,0.5540611402962534
38,AW-NSGA-II,836.401,0.5562981448600967,0.5562981448600967
38,MOEA/D,47.319,0.0,0.0
38,MOEA/D,95.649,0.0,0.0
38,MOEA/D,143.893,0.0,0.0
38,MOEA/D,192.019,0.0,0.0
38,MOEA/D,241.67,0.008538820197004608,0.008538820197004608
38,MOEA/D,291.82,0.040560815857489295,0.040560815857489295
38,MOEA/D,342.441,0.06897127113911744,0.06897127113911744
38,MOEA/D,392.001,0.1287375484976765,0.1287375484976765
38,MOEA/D,441.182,0.1751419851108057,0.1751419851108057
38,MOEA/D,490.967,0.21116722712703306,0.21116722712703306
38,MOEA/D,542.075,0.28987524240012214,0.28987524240012214
38,MOEA/D,592.056,0.3245144630547491,0.3245144630547491
38,MOEA/D,641.89,0.3578281155980646,0.3578281155980646
38,MOEA/D,690.786,0.4007512999995655,0.4007512999995655
38,MOEA/D,738.836,0.4114730823771617,0.4114730823771617
38,MOEA/D,787.202,0.42219462169994604,0.42219462169994604
38,MOEA/D,835.543,0.5073526944316136,0.5073526944316136
38,MOEA/D,898.879,0.5337383918213187,0.5337383918213187
38,MOEA/D,947.033,0.5339076747400738,0.5339076747400738
38,MOEA/D,994.965,0.5336880262679845,0.5339076747400738
38,MOEA/D,1043.892,0.5383565548453505,0.5383565548453505
38,MOEA/D,1092.115,0.5163047869736546,0.5383565548453505
38,MOEA/D,1140.098,0.5230420226837442,0.5383565548453505
38,MOEA/D,1189.184,0.5232100554931084,0.5383565548453505
38,MOEA/D,1236.301,0.5586248947978616,0.5586248947978616
38,MOEA/D,1284.654,0.57124806674059,0.57124806674059
38,MOEA/D,1348.265,0.5741737424202046,0.5741737424202046
38,MOEA/D,1395.883,0.5895958402646274,0.5895958402646274
38,MOEA/D,1444.456,0.5896652916916055,0.5896652916916055
38,MOEA/D,1492.035,0.6083378959452532,0.6083378959452532
38,MOEA/D,1539.277,0.6115520418478001,0.6115520418478001
38,MOEA/D,1587.626,0.6117301683068344,0.6117301683068344
38,MOEA/D,1636.772,0.6246185796765025,0.6246185796765025
38,MOEA/D,1685.55,0.66939157326056,0.66939157326056
38,MOEA/D,1747.231,0.6736045560224013,0.6736045560224013
38,MOEA/D,1794.304,0.6740225888865937,0.6740225888865937
38,MOEA/D,1841.665,0.6748721005850437,0.6748721005850437
38,MOEA/D,1888.619,0.6748721005850437,0.6748721005850437
38,MOEA/D,1935.565,0.677413737182748,0.677413737182748
38,MOEA/D,1998.895,0.6815216084716673,0.6815216084716673
38,MOEA/D,2046.209,0.6913597592739211,0.6913597592739211
38,MOEA/D,2094.955,0.6914507293827714,0.6914507293827714
38,MOEA/D,2143.261,0.6914507293827714,0.6914507293827714
38,MOEA/D,2191.257,0.711426358477472,0.711426358477472
38,MOEA/D,2239.037,0.711426358477472,0.711426358477472
38,MOEA/D,2287.692,0.711426358477472,0.711426358477472
38,MOEA/D,2336.602,0.735219162142627,0.735219162142627
38,MOEA/D,2386.138,0.735219162142627,0.735219162142627
38,MOEA/D,2435.723,0.7413832833491296,0.7413832833491296
38,MOEA/D,2485.822,0.7441383900057481,0.7441383900057481
38,MOEA/D,2535.738,0.7448874492736559,0.7448874492736559
38,MOEA/D,2585.803,0.7799606745675157,0.7799606745675157
38,MOEA/D,2635.228,0.794700856078709,0.794700856078709
38,MOEA/D,2684.019,0.7953242371761493,0.7953242371761493
38,MOEA/D,2733.939,0.8042506749829965,0.8042506749829965
38,MOEA/D,2799.485,0.8124061341291594,0.8124061341291594
38,MOEA/D,2833.322,0.8125898511730868,0.8125898511730868
38,MOEA/D,2899.458,0.8123703909345185,0.8125898511730868
38,MOEA/D,2947.853,0.8123703909345185,0.8125898511730868
38,MOEA/D,2996.417,0.8141711800390612,0.8141711800390612
38,MOEA/D,3045.601,0.8145558107370579,0.8145558107370579
38,MOEA/D,3094.941,0.811894383109979,0.8145558107370579
38,MOEA/D,3143.45,0.811937558958669,0.8145558107370579
38,MOEA/D,3191.236,0.826066321509757,0.826066321509757
38,MOEA/D,3222.622,0.8310367998501036,0.8310367998501036
39,AW-NSGA-II,48.41,0.0,0.0
39,AW-NSGA-II,96.448,0.0,0.0
39,AW-NSGA-II,147.747,0.0,0.0
39,AW-NSGA-II,197.96,0.0023868244272589956,0.0023868244272589956
39,AW-NSGA-II,245.833,0.01252262170340305,0.01252262170340305
39,AW-NSGA-II,295.878,0.02660978906973505,0.02660978906973505
39,AW-NSGA-II,346.973,0.05520454886702022,0.05520454886702022
39,AW-NSGA-II,396.387,0.07042279355056039,0.07042279355056039
39,AW-NSGA-II,446.797,0.10821441119885335,0.10821441119885335
39,AW-NSGA-II,497.979,0.12707295965031673,0.12707295965031673
39,AW-NSGA-II,548.323,0.14354977025225252,0.14354977025225252
39,AW-NSGA-II,596.06,0.19223860482401284,0.19223860482401284
39,AW-NSGA-II,647.66,0.21038706295875173,0.21038706295875173
39,AW-NSGA-II,699.255,0.2846192205563219,0.2846192205563219
39,AW-NSGA-II,749.832,0.33110712940596776,0.33110712940596776
39,AW-NSGA-II,796.487,0.3740639192171653,0.3740639192171653
39,AW-NSGA-II,849.222,0.37575319057366285,0.37575319057366285
39,MOEA/D,49.792,0.0,0.0
39,MOEA/D,98.941,0.0,0.0
39,MOEA/D,147.721,0.0,0.0
39,MOEA/D,196.198,0.0,0.0
39,MOEA/D,243.717,0.003834783972917795,0.003834783972917795
39,MOEA/D,290.929,0.009537696523092123,0.009537696523092123
39,MOEA/D,338.916,0.027914432799783784,0.027914432799783784
39,MOEA/D,386.208,0.04016189948863766,0.04016189948863766
39,MOEA/D,449.634,0.059006369672485154,0.059006369672485154
39,MOEA/D,497.734,0.07470637059601348,0.07470637059601348
39,MOEA/D,546.062,0.10389333192000769,0.10389333192000769
39,MOEA/D,593.051,0.15446867124557487,0.15446867124557487
39,MOEA/D,641.647,0.2028531808707036,0.2028531808707036
39,MOEA/D,688.929,0.22334247584077058,0.22334247584077058
39,MOEA/D,736.355,0.27218465339596803,0.27218465339596803
39,MOEA/D,784.74,0.2810783464228682,0.2810783464228682
39,MOEA/D,848.968,0.3267584658804604,0.3267584658804604
39,MOEA/D,895.64,0.37711193637176255,0.37711193637176255
39,MOEA/D,943.374,0.43437993380585005,0.43437993380585005
39,MOEA/D,990.285,0.4566519530903847,0.4566519530903847
39,MOEA/D,1038.678,0.4673041546270689,0.4673041546270689
39,MOEA/D,1086.614,0.5222356874480261,0.5222356874480261
39,MOEA/D,1149.955,0.5277940300387115,0.5277940300387115
39,MOEA/D,1197.135,0.5277970045974696,0.5277970045974696
39,MOEA/D,1244.264,0.5908097996072998,0.5908097996072998
39,MOEA/D,1292.365,0.5999321231010754,0.5999321231010754
39,MOEA/D,1339.891,0.6041084992270203,0.6041084992270203
39,MOEA/D,1390.886,0.6182359674016447,0.6182359674016447
39,MOEA/D,1438.961,0.6182359674016447,0.6182359674016447
39,MOEA/D,1486.02,0.6358575906080964,0.6358575906080964
39,MOEA/D,1533.31,0.6358575906080964,0.6358575906080964
39,MOEA/D,1598.635,0.635958955507804,0.635958955507804
39,MOEA/D,1644.767,0.6533839852986354,0.6533839852986354
39,MOEA/D,1691.411,0.6533805951682105,0.6533839852986354
39,MOEA/D,1738.551,0.6593842496341091,0.6593842496341091
39,MOEA/D,1786.212,0.6639576061040613,0.6639576061040613
39,MOEA/D,1849.647,0.6640321889734112,0.6640321889734112
39,MOEA/D,1896.971,0.6801681361698337,0.6801681361698337
39,MOEA/D,1945.152,0.6817926512389862,0.6817926512389862
39,MOEA/D,1992.533,0.6842638822230978,0.6842638822230978
39,MOEA/D,2039.346,0.685474361487991,0.685474361487991
39,MOEA/D,2086.79,0.6854726991549299,0.685474361487991
39,MOEA/D,2135.221,0.6856944069044639,0.6856944069044639
39,MOEA/D,2198.033,0.6843474935422711,0.6856944069044639
39,MOEA/D,2245.362,0.684416413731115,0.6856944069044639
39,MOEA/D,2291.905,0.68455991756179,0.6856944069044639
39,MOEA/D,2339.316,0.6856252580614028,0.6856944069044639
39,MOEA/D,2387.196,0.6856252580614028,0.6856944069044639
39,MOEA/D,2449.425,0.6944888615436879,0.6944888615436879
39,MOEA/D,2496.788,0.6944888615436879,0.6944888615436879
39,MOEA/D,2544.147,0.6944888615436879,0.6944888615436879
39,MOEA/D,2591.493,0.6944888615436879,0.6944888615436879
39,MOEA/D,2639.026,0.6947582111177506,0.6947582111177506
39,MOEA/D,2686.774,0.6947582111177506,0.6947582111177506
39,MOEA/D,2735.012,0.6947582111177506,0.6947582111177506
39,MOEA/D,2798.252,0.6947582111177506,0.6947582111177506
39,MOEA/D,2845.357,0.7568262748050809,0.7568262748050809
39,MOEA/D,2892.669,0.7568262748050809,0.7568262748050809
39,MOEA/D,2939.465,0.7586932976372662,0.7586932976372662
39,MOEA/D,2986.568,0.7604998204865655,0.7604998204865655
39,MOEA/D,3049.845,0.7806054522145668,0.7806054522145668
39,MOEA/D,3096.627,0.7828715400519053,0.7828715400519053
39,MOEA/D,3146.816,0.7935364374691292,0.7935364374691292
39,MOEA/D,3162.661,0.8113441842010662,0.8113441842010662
40,AW-NSGA-II,49.176,0.0,0.0
40,AW-NSGA-II,99.678,0.0,0.0
40,AW-NSGA-II,148.95,0.0,0.0
40,AW-NSGA-II,199.24,0.0,0.0
40,AW-NSGA-II,246.744,0.0,0.0
40,AW-NSGA-II,297.275,0.005815356885087997,0.005815356885087997
40,AW-NSGA-II,349.112,0.01864928734713167,0.01864928734713167
40,AW-NSGA-II,398.781,0.06155780478790986,0.06155780478790986
40,AW-NSGA-II,449.02,0.1051556101887787,0.1051556101887787
40,AW-NSGA-II,499.06,0.19277144684265082,0.19277144684265082
40,AW-NSGA-II,548.737,0.19857546325735997,0.19857546325735997
40,AW-NSGA-II,598.48,0.22849709873276913,0.22849709873276913
40,AW-NSGA-II,649.268,0.26509416754875226,0.26509416754875226
40,AW-NSGA-II,698.092,0.2749222795413203,0.2749222795413203
40,AW-NSGA-II,747.609,0.3087410865468636,0.3087410865468636
40,AW-NSGA-II,797.538,0.35527160968356714,0.35527160968356714
40,AW-NSGA-II,832.148,0.3609582565444518,0.3609582565444518
40,MOEA/D,49.728,0.0,0.0
40,MOEA/D,99.116,0.0,0.0
40,MOEA/D,148.261,0.0,0.0
40,MOEA/D,199.724,0.0,0.0
40,MOEA/D,233.303,0.0,0.0
40,MOEA/D,299.795,0.00031199867650084917,0.00031199867650084917
40,MOEA/D,347.862,0.01901778486483821,0.01901778486483821
40,MOEA/D,395.845,0.02822183447205026,0.02822183447205026
40,MOEA/D,443.904,0.034984034290102065,0.034984034290102065
40,MOEA/D,492.513,0.07082728008657689,0.07082728008657689
40,MOEA/D,541.009,0.08749871278573507,0.08749871278573507
40,MOEA/D,589.266,0.0964649384598007,0.0964649384598007
40,MOEA/D,635.894,0.14475767718431,0.14475767718431
40,MOEA/D,698.982,0.16941741600370344,0.16941741600370344
40,MOEA/D,746.995,0.21280077811620635,0.21280077811620635
40,MOEA/D,794.921,0.20713590807252827,0.21280077811620635
40,MOEA/D,842.816,0.2156325830952382,0.2156325830952382
40,MOEA/D,891.667,0.22165837453480325,0.22165837453480325
40,MOEA/D,939.858,0.2232660792483247,0.2232660792483247
40,MOEA/D,987.734,0.2275906637565785,0.2275906637565785
40,MOEA/D,1036.587,0.23619759142035812,0.23619759142035812
40,MOEA/D,1085.386,0.23619759142035812,0.23619759142035812
40,MOEA/D,1134.973,0.23619759142035812,0.23619759142035812
40,MOEA/D,1184.174,0.23658214998318003,0.23658214998318003
40,MOEA/D,1249.835,0.23980940110690968,0.23980940110690968
40,MOEA/D,1299.362,0.23980940110690968,0.23980940110690968
40,MOEA/D,1349.793,0.2439977981470295,0.2439977981470295
40,MOEA/D,1399.243,0.24627834204605695,0.24627834204605695
40,MOEA/D,1448.026,0.2485513072975567,0.2485513072975567
40,MOEA/D,1497.373,0.27714163421846966,0.27714163421846966
40,MOEA/D,1544.949,0.2777498218523661,0.2777498218523661
40,MOEA/D,1592.963,0.2809306372331426,0.2809306372331426
40,MOEA/D,1640.692,0.33708011379167446,0.33708011379167446
40,MOEA/D,1687.753,0.3365220092213103,0.33708011379167446
40,MOEA/D,1736.534,0.3446096444363114,0.3446096444363114
40,MOEA/D,1784.452,0.35950000415940353,0.35950000415940353
40,MOEA/D,1832.711,0.36630141959812307,0.36630141959812307
40,MOEA/D,1898.839,0.36850272378400867,0.36850272378400867
40,MOEA/D,1947.914,0.37461866226946494,0.37461866226946494
40,MOEA/D,1999.068,0.37619460529867776,0.37619460529867776
40,MOEA/D,2048.738,0.42653368190784036,0.42653368190784036
40,MOEA/D,2098.204,0.42653368190784036,0.42653368190784036
40,MOEA/D,2147.942,0.4333900035069254,0.4333900035069254
40,MOEA/D,2198.241,0.4361910991690014,0.4361910991690014
40,MOEA/D,2248.139,0.46643105045722544,0.46643105045722544
40,MOEA/D,2297.554,0.4887040874164985,0.4887040874164985
40,MOEA/D,2346.766,0.4882576371509839,0.4887040874164985
40,MOEA/D,2396.261,0.48843129288469744,0.4887040874164985
40,MOEA/D,2446.088,0.49329615167536767,0.49329615167536767
40,MOEA/D,2495.319,0.4944601131426413,0.4944601131426413
40,MOEA/D,2545.147,0.49541139273663226,0.49541139273663226
40,MOEA/D,2594.397,0.49768334275968157,0.49768334275968157
40,MOEA/D,2643.664,0.49771918082193606,0.49771918082193606
40,MOEA/D,2692.474,0.5023680056231375,0.5023680056231375
40,MOEA/D,2741.971,0.5105003348749124,0.5105003348749124
40,MOEA/D,2792.859,0.5153556961972158,0.5153556961972158
40,MOEA/D,2841.615,0.5153556961972158,0.5153556961972158
40,MOEA/D,2890.779,0.5150089877783619,0.5153556961972158
40,MOEA/D,2941.276,0.5150209345808916,0.5153556961972158
40,MOEA/D,2990.346,0.5151132054639851,0.5153556961972158
40,MOEA/D,3041.424,0.5188954123087717,0.5188954123087717
40,MOEA/D,3090.078,0.5190819431841114,0.5190819431841114
40,MOEA/D,3139.725,0.519110725339354,0.519110725339354
40,MOEA/D,3189.099,0.5196258330128234,0.5196258330128234
40,MOEA/D,3237.57,0.5196258330128234,0.5196258330128234
40,MOEA/D,3254.134,0.5194795939956942,0.5196258330128234
41,AW-NSGA-II,47.577,0.0,0.0
41,AW-NSGA-II,96.283,0.0,0.0
41,AW-NSGA-II,147.809,0.006662000151957676,0.006662000151957676
41,AW-NSGA-II,199.235,0.05917161871590306,0.05917161871590306
41,AW-NSGA-II,246.707,0.08642251513913743,0.08642251513913743
41,AW-NSGA-II,296.251,0.13311589858783196,0.13311589858783196
41,AW-NSGA-II,348.793,0.22784679337116848,0.22784679337116848
41,AW-NSGA-II,398.412,0.2509962750568476,0.2509962750568476
41,AW-NSGA-II,447.546,0.27498186717623996,0.27498186717623996
41,AW-NSGA-II,496.423,0.28944523711237136,0.28944523711237136
41,AW-NSGA-II,546.688,0.34536654370555464,0.34536654370555464
41,AW-NSGA-II,598.031,0.37958289105060683,0.37958289105060683
41,AW-NSGA-II,648.066,0.4276972017671738,0.4276972017671738
41,AW-NSGA-II,697.984,0.44707205301659714,0.44707205301659714
41,AW-NSGA-II,748.204,0.47081177864488555,0.47081177864488555
41,AW-NSGA-II,798.055,0.5033709685804294,0.5033709685804294
41,AW-NSGA-II,848.935,0.5211847198108746,0.5211847198108746
41,MOEA/D,47.6,0.0,0.0
41,MOEA/D,94.726,0.0,0.0
41,MOEA/D,142.45,0.0,0.0
41,MOEA/D,190.561,0.0,0.0
41,MOEA/D,237.881,0.0,0.0
41,MOEA/D,285.578,0.0,0.0
41,MOEA/D,335.155,0.0,0.0
41,MOEA/D,399.557,0.0,0.0
41,MOEA/D,448.864,0.0008521467901078341,0.0008521467901078341
41,MOEA/D,498.818,0.0008521467901078341,0.0008521467901078341
41,MOEA/D,548.039,0.0024489214367871583,0.0024489214367871583
41,MOEA/D,597.115,0.0070758003462204734,0.0070758003462204734
41,MOEA/D,646.538,0.0069344899381773295,0.0070758003462204734
41,MOEA/D,697.616,0.019545764937147533,0.019545764937147533
41,MOEA/D,747.209,0.048830567851025894,0.048830567851025894
41,MOEA/D,796.047,0.04587619409115538,0.048830567851025894
41,MOEA/D,844.095,0.15914518690270146,0.15914518690270146
41,MOEA/D,891.649,0.13853224762451305,0.15914518690270146
41,MOEA/D,938.765,0.15120017796469032,0.15914518690270146
41,MOEA/D,985.182,0.19265557067385375,0.19265557067385375
41,MOEA/D,1048.736,0.222944192167922,0.222944192167922
41,MOEA/D,1096.753,0.288546563762663,0.288546563762663
41,MOEA/D,1147.395,0.2936744280122536,0.2936744280122536
41,MOEA/D,1197.645,0.2939031997272151,0.2939031997272151
41,MOEA/D,1247.557,0.3219582163137723,0.3219582163137723
41,MOEA/D,1297.809,0.33532672221137527,0.33532672221137527
41,MOEA/D,1347.797,0.3377387408598071,0.3377387408598071
41,MOEA/D,1396.921,0.33850324232978446,0.33850324232978446
41,MOEA/D,1446.133,0.33850324232978446,0.33850324232978446
41,MOEA/D,1496.31,0.34200929172670974,0.34200929172670974
41,MOEA/D,1545.363,0.3526541159879927,0.3526541159879927
41,MOEA/D,1595.198,0.3674208645304945,0.3674208645304945
41,MOEA/D,1645.026,0.4226161424419352,0.4226161424419352
41,MOEA/D,1693.894,0.48581876235981936,0.48581876235981936
41,MOEA/D,1744.156,0.4880426856967015,0.4880426856967015
41,MOEA/D,1793.649,0.4978626197565351,0.4978626197565351
41,MOEA/D,1843.223,0.49833994808538884,0.49833994808538884
41,MOEA/D,1893.624,0.5014249149670487,0.5014249149670487
41,MOEA/D,1942.278,0.5507606165698933,0.5507606165698933
41,MOEA/D,1991.702,0.554526725385097,0.554526725385097
41,MOEA/D,2040.79,0.6078873197394353,0.6078873197394353
41,MOEA/D,2089.945,0.6092424163655245,0.6092424163655245
41,MOEA/D,2140.39,0.6101443799826336,0.6101443799826336
41,MOEA/D,2188.954,0.61321048881363,0.61321048881363
41,MOEA/D,2237.232,0.6161878941393797,0.6161878941393797
41,MOEA/D,2286.701,0.6268780513402745,0.6268780513402745
41,MOEA/D,2336.288,0.628355612975646,0.628355612975646
41,MOEA/D,2385.377,0.6284123148483671,0.6284123148483671
41,MOEA/D,2435.361,0.6529387444174211,0.6529387444174211
41,MOEA/D,2499.648,0.6858194966173805,0.6858194966173805
41,MOEA/D,2547.047,0.6848780292404639,0.6858194966173805
41,MOEA/D,2594.537,0.6863459413674742,0.6863459413674742
41,MOEA/D,2642.862,0.7189069947899215,0.7189069947899215
41,MOEA/D,2690.512,0.720022026439172,0.720022026439172
41,MOEA/D,2737.533,0.7288800161287126,0.7288800161287126
41,MOEA/D,2784.598,0.7295175594946566,0.7295175594946566
41,MOEA/D,2847.884,0.7295873355068898,0.7295873355068898
41,MOEA/D,2895.634,0.729988678785184,0.729988678785184
41,MOEA/D,2943.123,0.7299464536922449,0.729988678785184
41,MOEA/D,2988.721,0.7300228988294512,0.7300228988294512
41,MOEA/D,3035.696,0.7300269665118956,0.7300269665118956
41,MOEA/D,3099.358,0.73450144981771,0.73450144981771
41,MOEA/D,3147.724,0.7438852768861444,0.7438852768861444
41,MOEA/D,3195.384,0.7451863582762921,0.7451863582762921
41,MOEA/D,3226.367,0.7453354224549363,0.7453354224549363
42,AW-NSGA-II,45.939,0.0,0.0
42,AW-NSGA-II,96.451,0.0,0.0
42,AW-NSGA-II,146.641,0.0,0.0
42,AW-NSGA-II,198.642,0.006626874245770777,0.006626874245770777
42,AW-NSGA-II,249.233,0.01804853809235476,0.01804853809235476
42,AW-NSGA-II,299.738,0.05932431424487031,0.05932431424487031
42,AW-NSGA-II,346.715,0.083529663327199,0.083529663327199
42,AW-NSGA-II,397.214,0.13120699627856053,0.13120699627856053
42,AW-NSGA-II,447.257,0.15073887188125495,0.15073887188125495
42,AW-NSGA-II,498.327,0.24237018038254327,0.24237018038254327
42,AW-NSGA-II,548.416,0.27059933183566937,0.27059933183566937
42,AW-NSGA-II,599.437,0.28399802476716807,0.28399802476716807
42,AW-NSGA-II,649.49,0.37040572934333293,0.37040572934333293
42,AW-NSGA-II,696.388,0.3760715194813393,0.3760715194813393
42,AW-NSGA-II,749.787,0.42812435469985444,0.42812435469985444
42,AW-NSGA-II,799.536,0.44024122459319726,0.44024122459319726
42,AW-NSGA-II,849.433,0.4530070109915757,0.4530070109915757
42,MOEA/D,47.98,0.0,0.0
42,MOEA/D,97.757,0.0,0.0
42,MOEA/D,147.577,0.0,0.0
42,MOEA/D,197.359,0.00045824930104334724,0.00045824930104334724
42,MOEA/D,247.191,0.011142186247691957,0.011142186247691957
42,MOEA/D,296.309,0.032586755388131286,0.032586755388131286
42,MOEA/D,347.438,0.05780478123116646,0.05780478123116646
42,MOEA/D,396.981,0.09043311484696685,0.09043311484696685
42,MOEA/D,446.424,0.11583597591685654,0.11583597591685654
42,MOEA/D,496.179,0.13368885141552775,0.13368885141552775
42,MOEA/D,545.483,0.15683289029024045,0.15683289029024045
42,MOEA/D,596.195,0.2157117016211124,0.2157117016211124
42,MOEA/D,645.863,0.24382718580999685,0.24382718580999685
42,MOEA/D,695.554,0.24415070228674207,0.24415070228674207
42,MOEA/D,745.114,0.24515650162587327,0.24515650162587327
42,MOEA/D,796.747,0.2616892499895661,0.2616892499895661
42,MOEA/D,847.331,0.2748219140035383,0.2748219140035383
42,MOEA/D,898.83,0.28560894825996913,0.28560894825996913
42,MOEA/D,933.477,0.2977593774217344,0.2977593774217344
42,MOEA/D,986.313,0.3084121048907187,0.3084121048907187
42,MOEA/D,1039.166,0.3895727728242545,0.3895727728242545
42,MOEA/D,1091.127,0.41609340858256155,0.41609340858256155
42,MOEA/D,1141.499,0.4164045819031946,0.4164045819031946
42,MOEA/D,1190.315,0.41661807229231845,0.41661807229231845
42,MOEA/D,1240.198,0.416754786593102,0.416754786593102
42,MOEA/D,1290.499,0.416754786593102,0.416754786593102
42,MOEA/D,1339.627,0.42938861037894677,0.42938861037894677
42,MOEA/D,1387.542,0.4334536624175675,0.4334536624175675
42,MOEA/D,1436.382,0.4334536624175675,0.4334536624175675
42,MOEA/D,1483.58,0.4343252202114548,0.4343252202114548
42,MOEA/D,1548.894,0.436122937388812,0.436122937388812
42,MOEA/D,1596.531,0.4366420077389932,0.4366420077389932
42,MOEA/D,1644.715,0.4543159172589786,0.4543159172589786
42,MOEA/D,1692.85,0.4680937410915846,0.4680937410915846
42,MOEA/D,1741.045,0.48839263661944876,0.48839263661944876
42,MOEA/D,1789.725,0.4887288761437072,0.4887288761437072
42,MOEA/D,1837.377,0.4887702922920293,0.4887702922920293
42,MOEA/D,1888.821,0.4973928443016433,0.4973928443016433
42,MOEA/D,1936.711,0.5121922567463293,0.5121922567463293
42,MOEA/D,1999.056,0.5435933083851365,0.5435933083851365
42,MOEA/D,2046.364,0.5483637904168135,0.5483637904168135
42,MOEA/D,2093.853,0.5491350123211436,0.5491350123211436
42,MOEA/D,2140.517,0.5329620415006513,0.5491350123211436
42,MOEA/D,2187.534,0.5330354280721695,0.5491350123211436
42,MOEA/D,2235.499,0.5329276391673646,0.5491350123211436
42,MOEA/D,2298.481,0.5676941247998359,0.5676941247998359
42,MOEA/D,2346.39,0.5682916482742202,0.5682916482742202
42,MOEA/D,2393.244,0.5791270231203985,0.5791270231203985
42,MOEA/D,2440.605,0.5815215171380139,0.5815215171380139
42,MOEA/D,2488.361,0.5852369179560621,0.5852369179560621
42,MOEA/D,2536.041,0.5873682364606251,0.5873682364606251
42,MOEA/D,2599.323,0.599537515395186,0.599537515395186
42,MOEA/D,2649.019,0.6102860952032415,0.6102860952032415
42,MOEA/D,2695.75,0.6198674608297245,0.6198674608297245
42,MOEA/D,2743.297,0.6204872563114701,0.6204872563114701
42,MOEA/D,2792.491,0.627305989753295,0.627305989753295
42,MOEA/D,2840.572,0.6506547003006344,0.6506547003006344
42,MOEA/D,2888.171,0.6778819725844176,0.6778819725844176
42,MOEA/D,2936.196,0.705815184168904,0.705815184168904
42,MOEA/D,2999.693,0.7384361677756516,0.7384361677756516
42,MOEA/D,3049.383,0.7540293604159046,0.7540293604159046
42,MOEA/D,3096.455,0.7540212563778055,0.7540293604159046
42,MOEA/D,3144.28,0.7674245420276676,0.7674245420276676
42,MOEA/D,3192.255,0.7776376488697804,0.7776376488697804
42,MOEA/D,3239.302,0.807316382709921,0.807316382709921
43,AW-NSGA-II,49.894,0.0,0.0
43,AW-NSGA-II,95.9,0.0,0.0
43,AW-NSGA-II,146.42,0.0,0.0
43,AW-NSGA-II,194.855,0.0,0.0
43,AW-NSGA-II,246.6,0.003258928665021807,0.003258928665021807
43,AW-NSGA-II,297.601,0.024492701560343114,0.024492701560343114
43,AW-NSGA-II,346.391,0.05802944191136466,0.05802944191136466
43,AW-NSGA-II,395.41,0.11449496456786695,0.11449496456786695
43,AW-NSGA-II,446.724,0.12624399189916577,0.12624399189916577
43,AW-NSGA-II,497.073,0.21732913550979277,0.21732913550979277
43,AW-NSGA-II,546.445,0.23744057698905185,0.23744057698905185
43,AW-NSGA-II,598.698,0.2848726246738835,0.2848726246738835
43,AW-NSGA-II,647.414,0.310597498301728,0.310597498301728
43,AW-NSGA-II,696.331,0.42232166689766537,0.42232166689766537
43,AW-NSGA-II,749.389,0.5440650642510384,0.5440650642510384
43,AW-NSGA-II,798.631,0.5546160605353373,0.5546160605353373
43,AW-NSGA-II,846.828,0.609021568823854,0.609021568823854
43,AW-NSGA-II,859.926,0.6466520357079519,0.6466520357079519
43,MOEA/D,49.981,0.0,0.0
43,MOEA/D,97.301,0.0,0.0
43,MOEA/D,145.422,0.0,0.0
43,MOEA/D,194.517,0.0,0.0
43,MOEA/D,243.846,0.0,0.0
43,MOEA/D,293.617,0.0,0.0
43,MOEA/D,343.779,4.692693183236972e-05,4.692693183236972e-05
43,MOEA/D,394.303,0.008794159240114478,0.008794159240114478
43,MOEA/D,444.257,0.013159826533169147,0.013159826533169147
43,MOEA/D,493.714,0.03429471899733236,0.03429471899733236
43,MOEA/D,542.287,0.05792836405442443,0.05792836405442443
43,MOEA/D,592.496,0.06906803800228563,0.06906803800228563
43,MOEA/D,642.545,0.08269067971476785,0.08269067971476785
43,MOEA/D,690.292,0.09765490769651974,0.09765490769651974
43,MOEA/D,736.863,0.13674409561999934,0.13674409561999934
43,MOEA/D,784.409,0.1414358458709219,0.1414358458709219
43,MOEA/D,848.378,0.17772979476929748,0.17772979476929748
43,MOEA/D,896.225,0.2317177664498988,0.2317177664498988
43,MOEA/D,943.852,0.24051505401384737,0.24051505401384737
43,MOEA/D,991.56,0.27380480407408114,0.27380480407408114
43,MOEA/D,1039.259,0.27607438523140726,0.27607438523140726
43,MOEA/D,1087.428,0.3209259794963445,0.3209259794963445
43,MOEA/D,1134.491,0.32200012591522964,0.32200012591522964
43,MOEA/D,1197.767,0.32241926512992486,0.32241926512992486
43,MOEA/D,1245.496,0.3328779103506317,0.3328779103506317
43,MOEA/D,1294.212,0.36226234401065277,0.36226234401065277
43,MOEA/D,1343.324,0.36169194421600215,0.36226234401065277
43,MOEA/D,1392.988,0.3523264271847635,0.36226234401065277
43,MOEA/D,1441.857,0.352500707786514,0.36226234401065277
43,MOEA/D,1491.256,0.3596041920711016,0.36226234401065277
43,MOEA/D,1540.41,0.40879485869698884,0.40879485869698884
43,MOEA/D,1590.183,0.4115689227912186,0.4115689227912186
43,MOEA/D,1639.828,0.41446598139742735,0.41446598139742735
43,MOEA/D,1688.596,0.42342444777441235,0.42342444777441235
43,MOEA/D,1738.762,0.42342444777441235,0.42342444777441235
43,MOEA/D,1787.352,0.4254048437715403,0.4254048437715403
43,MOEA/D,1836.953,0.4275228137155007,0.4275228137155007
43,MOEA/D,1884.746,0.43423302861725044,0.43423302861725044
43,MOEA/D,1947.982,0.4502644514897115,0.4502644514897115
43,MOEA/D,1995.346,0.4502644514897115,0.4502644514897115
43,MOEA/D,2042.832,0.5932500092050983,0.5932500092050983
43,MOEA/D,2090.349,0.5929108570566275,0.5932500092050983
43,MOEA/D,2137.317,0.5996104174472833,0.5996104174472833
43,MOEA/D,2184.916,0.6029109429968118,0.6029109429968118
43,MOEA/D,2247.62,0.6038307006966546,0.6038307006966546
43,MOEA/D,2294.989,0.6110177096460838,0.6110177096460838
43,MOEA/D,2343.001,0.6309143483770452,0.6309143483770452
43,MOEA/D,2390.609,0.642530749843973,0.642530749843973
43,MOEA/D,2438.911,0.6634079041796228,0.6634079041796228
43,MOEA/D,2487.053,0.6604057775788578,0.6634079041796228
43,MOEA/D,2534.603,0.6603899213676974,0.6634079041796228
43,MOEA/D,2598.442,0.7099257956644301,0.7099257956644301
43,MOEA/D,2645.87,0.7134822791741957,0.7134822791741957
43,MOEA/D,2693.695,0.7297921024639298,0.7297921024639298
43,MOEA/D,2742.661,0.7488948448895204,0.7488948448895204
43,MOEA/D,2791.319,0.8086177313678844,0.8086177313678844
43,MOEA/D,2838.658,0.8087172226727011,0.8087172226727011
43,MOEA/D,2886.33,0.7981334053443556,0.8087172226727011
43,MOEA/D,2949.931,0.8058217466267652,0.8087172226727011
43,MOEA/D,2998.476,0.8152745353085213,0.8152745353085213
43,MOEA/D,3045.913,0.8347549309093621,0.8347549309093621
43,MOEA/D,3092.791,0.8346359320916348,0.8347549309093621
43,MOEA/D,3139.233,0.8428835082901227,0.8428835082901227
43,MOEA/D,3186.489,0.848126587219446,0.848126587219446
43,MOEA/D,3202.185,0.848126587219446,0.848126587219446
44,AW-NSGA-II,46.964,0.0,0.0
44,AW-NSGA-II,97.286,0.0,0.0
44,AW-NSGA-II,146.592,0.0100711567129393,0.0100711567129393
44,AW-NSGA-II,197.37,0.03910288512886605,0.03910288512886605
44,AW-NSGA-II,246.512,0.09936333447032714,0.09936333447032714
44,AW-NSGA-II,297.355,0.1479437761398566,0.1479437761398566
44,AW-NSGA-II,347.022,0.20692497319419115,0.20692497319419115
44,AW-NSGA-II,396.602,0.25205645634084917,0.25205645634084917
44,AW-NSGA-II,448.431,0.2910291901263896,0.2910291901263896
44,AW-NSGA-II,499.158,0.3354348959835993,0.3354348959835993
44,AW-NSGA-II,546.495,0.3792874386666696,0.3792874386666696
44,AW-NSGA-II,597.142,0.4166222656711477,0.4166222656711477
44,AW-NSGA-II,646.649,0.455965048137842,0.455965048137842
44,AW-NSGA-II,696.7,0.4704449661211644,0.4704449661211644
44,AW-NSGA-II,747.753,0.4895443256677871,0.4895443256677871
44,AW-NSGA-II,798.405,0.504295555455808,0.504295555455808
44,AW-NSGA-II,835.536,0.5284810356504215,0.5284810356504215
44,MOEA/D,49.205,0.0,0.0
44,MOEA/D,96.973,0.0,0.0
44,MOEA/D,145.116,0.0,0.0
44,MOEA/D,192.914,0.019400462616994345,0.019400462616994345
44,MOEA/D,240.863,0.043929750855760084,0.043929750855760084
44,MOEA/D,290.183,0.052650076734060504,0.052650076734060504
44,MOEA/D,339.7,0.06676686507599212,0.06676686507599212
44,MOEA/D,389.645,0.10432564236382605,0.10432564236382605
44,MOEA/D,438.787,0.10492381162965345,0.10492381162965345
44,MOEA/D,488.537,0.11470676825855432,0.11470676825855432
44,MOEA/D,537.721,0.12178264408246359,0.12178264408246359
44,MOEA/D,585.233,0.1311951722726548,0.1311951722726548
44,MOEA/D,648.501,0.1426145483728893,0.1426145483728893
44,MOEA/D,695.322,0.17068855746833939,0.17068855746833939
44,MOEA/D,742.1,0.17068427367899258,0.17068855746833939
44,MOEA/D,789.806,0.17111895396727358,0.17111895396727358
44,MOEA/D,837.091,0.17475522526982012,0.17475522526982012
44,MOEA/D,899.657,0.23763403310501388,0.23763403310501388
44,MOEA/D,949.876,0.26381562739643083,0.26381562739643083
44,MOEA/D,983.133,0.2761566930066517,0.2761566930066517
44,MOEA/D,1049.409,0.30490917615866786,0.30490917615866786
44,MOEA/D,1097.51,0.33750663677041015,0.33750663677041015
44,MOEA/D,1145.873,0.3475495691708944,0.3475495691708944
44,MOEA/D,1193.788,0.35652864485268687,0.35652864485268687
44,MOEA/D,1249.078,0.3703397456205619,0.3703397456205619
44,MOEA/D,1296.689,0.38293537059871857,0.38293537059871857
44,MOEA/D,1342.419,0.39141630746501066,0.39141630746501066
44,MOEA/D,1389.869,0.38540779404183545,0.39141630746501066
44,MOEA/D,1436.67,0.39844931628490665,0.39844931628490665
44,MOEA/D,1498.834,0.40708512639517075,0.40708512639517075
44,MOEA/D,1546.917,0.45296745076100053,0.45296745076100053
44,MOEA/D,1593.446,0.4567007811990471,0.4567007811990471
44,MOEA/D,1640.838,0.47973531212873366,0.47973531212873366
44,MOEA/D,1687.516,0.48690389492748487,0.48690389492748487
44,MOEA/D,1735.684,0.5035570415590296,0.5035570415590296
44,MOEA/D,1784.441,0.5084350879999648,0.5084350879999648
44,MOEA/D,1849.589,0.5660643375902948,0.5660643375902948
44,MOEA/D,1898.518,0.5694774426834136,0.5694774426834136
44,MOEA/D,1947.054,0.5972652152530002,0.5972652152530002
44,MOEA/D,1996.544,0.6307690165073327,0.6307690165073327
44,MOEA/D,2044.894,0.6290087074698485,0.6307690165073327
44,MOEA/D,2093.963,0.631120279356681,0.631120279356681
44,MOEA/D,2143.417,0.639326161782965,0.639326161782965
44,MOEA/D,2193.715,0.6906066632681152,0.6906066632681152
44,MOEA/D,2241.968,0.6939338465592422,0.6939338465592422
44,MOEA/D,2292.188,0.7483958961052658,0.7483958961052658
44,MOEA/D,2340.634,0.7898616600721661,0.7898616600721661
44,MOEA/D,2389.332,0.8114664320536538,0.8114664320536538
44,MOEA/D,2437.048,0.8034768958385373,0.8114664320536538
44,MOEA/D,2485.393,0.804412739971279,0.8114664320536538
44,MOEA/D,2549.358,0.8048636615644782,0.8114664320536538
44,MOEA/D,2596.354,0.8143089272849724,0.8143089272849724
44,MOEA/D,2645.936,0.814824519085221,0.814824519085221
44,MOEA/D,2692.928,0.8211461893213854,0.8211461893213854
44,MOEA/D,2740.436,0.8211500681993111,0.8211500681993111
44,MOEA/D,2789.123,0.8409412325350084,0.8409412325350084
44,MOEA/D,2838.289,0.8615618206393156,0.8615618206393156
44,MOEA/D,2886.672,0.8807433275487275,0.8807433275487275
44,MOEA/D,2936.122,0.8724119223648289,0.8807433275487275
44,MOEA/D,2985.985,0.8721809976612287,0.8807433275487275
44,MOEA/D,3036.52,0.872250505023031,0.8807433275487275
44,MOEA/D,3086.457,0.9225261863338634,0.9225261863338634
44,MOEA/D,3137.609,0.9257999517751356,0.9257999517751356
44,MOEA/D,3186.681,0.9262127087217431,0.9262127087217431
44,MOEA/D,3235.692,0.92137477820209,0.9262127087217431
45,AW-NSGA-II,46.949,0.0,0.0
45,AW-NSGA-II,97.591,0.0,0.0
45,AW-NSGA-II,148.66,0.006308225799943524,0.006308225799943524
45,AW-NSGA-II,199.252,0.09355351826643554,0.09355351826643554
45,AW-NSGA-II,247.262,0.15696680359929266,0.15696680359929266
45,AW-NSGA-II,296.547,0.1968005254244872,0.1968005254244872
45,AW-NSGA-II,346.622,0.26227255363134794,0.26227255363134794
45,AW-NSGA-II,398.276,0.27884570027466016,0.27884570027466016
45,AW-NSGA-II,448.847,0.33842653793254573,0.33842653793254573
45,AW-NSGA-II,499.95,0.38861447681184996,0.38861447681184996
45,AW-NSGA-II,548.028,0.44884805991078686,0.44884805991078686
45,AW-NSGA-II,599.456,0.4894596563526455,0.4894596563526455
45,AW-NSGA-II,648.423,0.5243828247094868,0.5243828247094868
45,AW-NSGA-II,696.785,0.6398346111861112,0.6398346111861112
45,AW-NSGA-II,745.65,0.6650245494135324,0.6650245494135324
45,AW-NSGA-II,798.109,0.727855760370866,0.727855760370866
45,AW-NSGA-II,846.432,0.8157765373785721,0.8157765373785721
45,AW-NSGA-II,859.614,0.8337835280891658,0.8337835280891658
45,MOEA/D,47.3,0.0,0.0
45,MOEA/D,93.545,0.0,0.0
45,MOEA/D,140.19,0.0,0.0
45,MOEA/D,186.823,0.001996421055876979,0.001996421055876979
45,MOEA/D,248.319,0.06726103013795633,0.06726103013795633
45,MOEA/D,296.093,0.10282830528858226,0.10282830528858226
45,MOEA/D,343.351,0.14373662796020875,0.14373662796020875
45,MOEA/D,389.979,0.15721537506116767,0.15721537506116767
45,MOEA/D,441.161,0.15962017145006402,0.15962017145006402
45,MOEA/D,485.635,0.21183190996215012,0.21183190996215012
45,MOEA/D,545.319,0.21523414774688365,0.21523414774688365
45,MOEA/D,592.334,0.29398985524353344,0.29398985524353344
45,MOEA/D,640.133,0.3338698700888592,0.3338698700888592
45,MOEA/D,689.409,0.367337724674036,0.367337724674036
45,MOEA/D,736.338,0.4153184296258707,0.4153184296258707
45,MOEA/D,785.643,0.4530975359815673,0.4530975359815673
45,MOEA/D,849.803,0.4539919998728884,0.4539919998728884
45,MOEA/D,897.554,0.4586516869204095,0.4586516869204095
45,MOEA/D,944.076,0.45874181194476266,0.45874181194476266
45,MOEA/D,991.446,0.463796845793346,0.463796845793346
45,MOEA/D,1038.507,0.46335326220903916,0.463796845793346
45,MOEA/D,1085.22,0.4653516911391397,0.4653516911391397
45,MOEA/D,1148.671,0.4714807982658201,0.4714807982658201
45,MOEA/D,1195.674,0.4726615761964589,0.4726615761964589
45,MOEA/D,1242.651,0.4765522885571324,0.4765522885571324
45,MOEA/D,1291.449,0.47767174704968796,0.47767174704968796
45,MOEA/D,1340.205,0.47856805400986735,0.47856805400986735
45,MOEA/D,1387.721,0.479762538824596,0.479762538824596
45,MOEA/D,1435.464,0.48412198660409117,0.48412198660409117
45,MOEA/D,1499.65,0.514938889802208,0.514938889802208
45,MOEA/D,1547.812,0.5395106925603856,0.5395106925603856
45,MOEA/D,1597.856,0.5334073311297158,0.5395106925603856
45,MOEA/D,1647.942,0.539363846413523,0.5395106925603856
45,MOEA/D,1696.807,0.5865905633753108,0.5865905633753108
45,MOEA/D,1746.65,0.5916172056251219,0.5916172056251219
45,MOEA/D,1796.739,0.5958465738810661,0.5958465738810661
45,MOEA/D,1845.7,0.6369679942399924,0.6369679942399924
45,MOEA/D,1894.662,0.6370002745986556,0.6370002745986556
45,MOEA/D,1945.245,0.6395613939440266,0.6395613939440266
45,MOEA/D,1994.223,0.6409136585421195,0.6409136585421195
45,MOEA/D,2044.153,0.6811763738486663,0.6811763738486663
45,MOEA/D,2093.486,0.6820365876918668,0.6820365876918668
45,MOEA/D,2144.209,0.7045112820753535,0.7045112820753535
45,MOEA/D,2196.273,0.7045255402529768,0.7045255402529768
45,MOEA/D,2247.628,0.7068483188881773,0.7068483188881773
45,MOEA/D,2284.592,0.7069885269466653,0.7069885269466653
45,MOEA/D,2335.907,0.7069905930814879,0.7069905930814879
45,MOEA/D,2385.871,0.7081682180738232,0.7081682180738232
45,MOEA/D,2433.532,0.7084175782254416,0.7084175782254416
45,MOEA/D,2498.638,0.7085615212832935,0.7085615212832935
45,MOEA/D,2547.652,0.7100813431923024,0.7100813431923024
45,MOEA/D,2594.514,0.7100813431923024,0.7100813431923024
45,MOEA/D,2641.636,0.7228819162576036,0.7228819162576036
45,MOEA/D,2690.356,0.7224360700788116,0.7228819162576036
45,MOEA/D,2739.217,0.7225879953726239,0.7228819162576036
45,MOEA/D,2786.775,0.7286308293400199,0.7286308293400199
45,MOEA/D,2849.076,0.7300759835689179,0.7300759835689179
45,MOEA/D,2896.425,0.7307101407254706,0.7307101407254706
45,MOEA/D,2944.74,0.732551795636391,0.732551795636391
45,MOEA/D,2992.196,0.732551795636391,0.732551795636391
45,MOEA/D,3039.129,0.7558435889623585,0.7558435889623585
45,MOEA/D,3086.532,0.7398890357385803,0.7558435889623585
45,MOEA/D,3149.855,0.7400480986984359,0.7558435889623585
45,MOEA/D,3196.748,0.7370318686577927,0.7558435889623585
45,MOEA/D,3212.042,0.737185674799977,0.7558435889623585
46,AW-NSGA-II,49.348,0.0,0.0
46,AW-NSGA-II,96.635,0.0,0.0
46,AW-NSGA-II,146.334,0.0003301862480034393,0.0003301862480034393
46,AW-NSGA-II,196.457,0.01090920836743605,0.01090920836743605
46,AW-NSGA-II,246.615,0.05403630199398243,0.05403630199398243
46,AW-NSGA-II,297.163,0.06906733909118049,0.06906733909118049
46,AW-NSGA-II,349.902,0.0867028915308854,0.0867028915308854
46,AW-NSGA-II,398.676,0.1277218820648905,0.1277218820648905
46,AW-NSGA-II,445.668,0.14888080548081783,0.14888080548081783
46,AW-NSGA-II,495.07,0.2346829895950972,0.2346829895950972
46,AW-NSGA-II,549.978,0.24418798992613366,0.24418798992613366
46,AW-NSGA-II,597.06,0.2802482137590211,0.2802482137590211
46,AW-NSGA-II,647.492,0.2878310684091298,0.2878310684091298
46,AW-NSGA-II,698.001,0.30641371869081163,0.30641371869081163
46,AW-NSGA-II,748.42,0.3203966317167282,0.3203966317167282
46,AW-NSGA-II,798.881,0.3454724914718903,0.3454724914718903
46,AW-NSGA-II,832.767,0.352708905876683,0.352708905876683
46,MOEA/D,33.453,0.0,0.0
46,MOEA/D,99.232,0.0,0.0
46,MOEA/D,145.796,0.0,0.0
46,MOEA/D,194.108,0.0,0.0
46,MOEA/D,241.699,0.0,0.0
46,MOEA/D,289.388,0.023409864546376568,0.023409864546376568
46,MOEA/D,337.264,0.032872281725233946,0.032872281725233946
46,MOEA/D,385.093,0.056199619461278424,0.056199619461278424
46,MOEA/D,449.255,0.06775273820342455,0.06775273820342455
46,MOEA/D,497.124,0.07936063262961568,0.07936063262961568
46,MOEA/D,545.523,0.08296669368556504,0.08296669368556504
46,MOEA/D,594.491,0.17126371512435573,0.17126371512435573
46,MOEA/D,645.082,0.18251060669156643,0.18251060669156643
46,MOEA/D,694.281,0.19111523345192322,0.19111523345192322
46,MOEA/D,742.167,0.1940169295532202,0.1940169295532202
46,MOEA/D,789.95,0.19656834675843515,0.19656834675843515
46,MOEA/D,837.666,0.1993774896919436,0.1993774896919436
46,MOEA/D,884.961,0.20284557293226163,0.20284557293226163
46,MOEA/D,948.692,0.2551969738637945,0.2551969738637945
46,MOEA/D,996.449,0.2553805403181743,0.2553805403181743
46,MOEA/D,1044.845,0.2545926163878452,0.2553805403181743
46,MOEA/D,1093.314,0.26043838399876074,0.26043838399876074
46,MOEA/D,1141.328,0.26993822663165185,0.26993822663165185
46,MOEA/D,1188.402,0.26503500984439543,0.26993822663165185
46,MOEA/D,1238.713,0.26760860247880536,0.26993822663165185
46,MOEA/D,1288.032,0.28177364869707633,0.28177364869707633
46,MOEA/D,1338.073,0.3205079995510262,0.3205079995510262
46,MOEA/D,1385.746,0.3205079995510262,0.3205079995510262
46,MOEA/D,1435.828,0.3379146096975721,0.3379146096975721
46,MOEA/D,1485.064,0.3610568713551149,0.3610568713551149
46,MOEA/D,1533.78,0.415314324164498,0.415314324164498
46,MOEA/D,1583.638,0.45192917166115076,0.45192917166115076
46,MOEA/D,1634.593,0.4523917036594169,0.4523917036594169
46,MOEA/D,1685.563,0.45316227118702757,0.45316227118702757
46,MOEA/D,1736.294,0.5208157488808468,0.5208157488808468
46,MOEA/D,1783.835,0.5269024950039731,0.5269024950039731
46,MOEA/D,1846.705,0.5411896512228038,0.5411896512228038
46,MOEA/D,1894.255,0.567021554263849,0.567021554263849
46,MOEA/D,1944.964,0.563217596750363,0.567021554263849
46,MOEA/D,1992.684,0.5635333037836114,0.567021554263849
46,MOEA/D,2039.938,0.5640954419686418,0.567021554263849
46,MOEA/D,2088.024,0.6871083388804047,0.6871083388804047
46,MOEA/D,2136.121,0.685679418631624,0.6871083388804047
46,MOEA/D,2184.393,0.7171289533662362,0.7171289533662362
46,MOEA/D,2249.681,0.7628401089328928,0.7628401089328928
46,MOEA/D,2298.327,0.7873764370188922,0.7873764370188922
46,MOEA/D,2348.033,0.788227408908661,0.788227408908661
46,MOEA/D,2397.268,0.7886395795773936,0.7886395795773936
46,MOEA/D,2448.135,0.7886395795773936,0.7886395795773936
46,MOEA/D,2497.366,0.7923410725598679,0.7923410725598679
46,MOEA/D,2546.775,0.8020744704927633,0.8020744704927633
46,MOEA/D,2596.21,0.8040942393233398,0.8040942393233398
46,MOEA/D,2645.5,0.8066091233541631,0.8066091233541631
46,MOEA/D,2694.401,0.8071961348978186,0.8071961348978186
46,MOEA/D,2742.856,0.8095319752760619,0.8095319752760619
46,MOEA/D,2792.115,0.81228339771098,0.81228339771098
46,MOEA/D,2840.017,0.8123370649909093,0.8123370649909093
46,MOEA/D,2887.68,0.8123370649909093,0.8123370649909093
46,MOEA/D,2935.293,0.8123370649909093,0.8123370649909093
46,MOEA/D,2999.434,0.8130682321903208,0.8130682321903208
46,MOEA/D,3046.87,0.813514635655791,0.813514635655791
46,MOEA/D,3093.806,0.8135153317294606,0.8135153317294606
46,MOEA/D,3143.286,0.8184329565762817,0.8184329565762817
46,MOEA/D,3192.07,0.8184329565762817,0.8184329565762817
46,MOEA/D,3225.185,0.8184487832934778,0.8184487832934778
47,AW-NSGA-II,48.145,0.0,0.0
47,AW-NSGA-II,96.119,0.00019824431544758375,0.00019824431544758375
47,AW-NSGA-II,145.401,0.015293564099323781,0.015293564099323781
47,AW-NSGA-II,197.527,0.03012058827996261,0.03012058827996261
47,AW-NSGA-II,246.432,0.046499109885780016,0.046499109885780016
47,AW-NSGA-II,296.565,0.10359641596100294,0.10359641596100294
47,AW-NSGA-II,347.11,0.14217137858505985,0.14217137858505985
47,AW-NSGA-II,397.09,0.1768843488581574,0.1768843488581574
47,AW-NSGA-II,447.556,0.23400559368096807,0.23400559368096807
47,AW-NSGA-II,497.618,0.2903512761861453,0.2903512761861453
47,AW-NSGA-II,546.341,0.3488250042706762,0.3488250042706762
47,AW-NSGA-II,596.955,0.37929304820169363,0.37929304820169363
47,AW-NSGA-II,646.292,0.3950332193606497,0.3950332193606497
47,AW-NSGA-II,699.125,0.4103473527078655,0.4103473527078655
47,AW-NSGA-II,748.721,0.42922059647816124,0.42922059647816124
47,AW-NSGA-II,799.036,0.46325461423356484,0.46325461423356484
47,AW-NSGA-II,847.921,0.5024919917243309,0.5024919917243309
47,AW-NSGA-II,883.218,0.5377020838373127,0.5377020838373127
47,MOEA/D,49.807,0.0,0.0
47,MOEA/D,99.263,0.0,0.0
47,MOEA/D,133.501,0.0,0.0
47,MOEA/D,184.171,0.0,0.0
47,MOEA/D,234.382,0.0,0.0
47,MOEA/D,297.704,0.026689612328427734,0.026689612328427734
47,MOEA/D,345.313,0.06543461760426993,0.06543461760426993
47,MOEA/D,392.11,0.0977986185082263,0.0977986185082263
47,MOEA/D,439.666,0.11436129569360462,0.11436129569360462
47,MOEA/D,487.418,0.17728117624684253,0.17728117624684253
47,MOEA/D,535.205,0.2368666429957547,0.2368666429957547
47,MOEA/D,599.09,0.2860059041764791,0.2860059041764791
47,MOEA/D,649.057,0.30254542604662477,0.30254542604662477
47,MOEA/D,698.641,0.33162235455550937,0.33162235455550937
47,MOEA/D,747.612,0.33501188134518817,0.33501188134518817
47,MOEA/D,797.762,0.3469061215279675,0.3469061215279675
47,MOEA/D,847.15,0.38390954417028766,0.38390954417028766
47,MOEA/D,895.558,0.40355829542225485,0.40355829542225485
47,MOEA/D,944.162,0.457749649573275,0.457749649573275
47,MOEA/D,993.131,0.4742732309091999,0.4742732309091999
47,MOEA/D,1041.786,0.48800069036917654,0.48800069036917654
47,MOEA/D,1090.837,0.4984642019732892,0.4984642019732892
47,MOEA/D,1140.949,0.5126119953700804,0.5126119953700804
47,MOEA/D,1190.265,0.5131045176643212,0.5131045176643212
47,MOEA/D,1238.7,0.5064624032814176,0.5131045176643212
47,MOEA/D,1285.839,0.52993221312413,0.52993221312413
47,MOEA/D,1349.39,0.5294221762179152,0.52993221312413
47,MOEA/D,1396.725,0.5311202796723367,0.5311202796723367
47,MOEA/D,1443.246,0.5480171163797115,0.5480171163797115
47,MOEA/D,1491.312,0.5600432763550228,0.5600432763550228
47,MOEA/D,1539.873,0.5677147068050391,0.5677147068050391
47,MOEA/D,1588.01,0.576108627145479,0.576108627145479
47,MOEA/D,1635.941,0.576847556466699,0.576847556466699
47,MOEA/D,1684.555,0.5772566036146178,0.5772566036146178
47,MOEA/D,1747.177,0.576847556466699,0.5772566036146178
47,MOEA/D,1796.58,0.5774789393797576,0.5774789393797576
47,MOEA/D,1844.033,0.589900747016757,0.589900747016757
47,MOEA/D,1891.791,0.6172589007508021,0.6172589007508021
47,MOEA/D,1939.651,0.6265820293368047,0.6265820293368047
47,MOEA/D,1987.897,0.6265858497889994,0.6265858497889994
47,MOEA/D,2035.558,0.6288725045937098,0.6288725045937098
47,MOEA/D,2099.074,0.6291646570109686,0.6291646570109686
47,MOEA/D,2147.089,0.6438746529414145,0.6438746529414145
47,MOEA/D,2195.006,0.6684302127069179,0.6684302127069179
47,MOEA/D,2243.459,0.6675475726534548,0.6684302127069179
47,MOEA/D,2291.477,0.6699372459902184,0.6699372459902184
47,MOEA/D,2340.332,0.672518497954403,0.672518497954403
47,MOEA/D,2388.373,0.6731422628898468,0.6731422628898468
47,MOEA/D,2436.704,0.6859362494866326,0.6859362494866326
47,MOEA/D,2484.521,0.6862818436618956,0.6862818436618956
47,MOEA/D,2548.226,0.7003548720531838,0.7003548720531838
47,MOEA/D,2596.509,0.7026099034642341,0.7026099034642341
47,MOEA/D,2643.53,0.704263637872427,0.704263637872427
47,MOEA/D,2693.168,0.7050603911963731,0.7050603911963731
47,MOEA/D,2742.285,0.7180992310143101,0.7180992310143101
47,MOEA/D,2792.092,0.7180992310143101,0.7180992310143101
47,MOEA/D,2841.222,0.732785703451668,0.732785703451668
47,MOEA/D,2890.699,0.7347601762128605,0.7347601762128605
47,MOEA/D,2939.686,0.7465610314925235,0.7465610314925235
47,MOEA/D,2989.095,0.7757590752981531,0.7757590752981531
47,MOEA/D,3040.142,0.7912494346479046,0.7912494346479046
47,MOEA/D,3090.367,0.7912494346479046,0.7912494346479046
47,MOEA/D,3142.117,0.7927531320929884,0.7927531320929884
47,MOEA/D,3193.329,0.8480436746183878,0.8480436746183878
47,MOEA/D,3227.277,0.8413728101373431,0.8480436746183878
48,AW-NSGA-II,48.156,0.0,0.0
48,AW-NSGA-II,98.328,0.0,0.0
48,AW-NSGA-II,149.719,0.008835102790367984,0.008835102790367984
48,AW-NSGA-II,197.362,0.0503755312327568,0.0503755312327568
48,AW-NSGA-II,248.125,0.0955392991462452,0.0955392991462452
48,AW-NSGA-II,299.189,0.1360981281452663,0.1360981281452663
48,AW-NSGA-II,349.448,0.16936194834502472,0.16936194834502472
48,AW-NSGA-II,396.341,0.21141137192686124,0.21141137192686124
48,AW-NSGA-II,447.304,0.2469505068842125,0.2469505068842125
48,AW-NSGA-II,498.936,0.28145969786055547,0.28145969786055547
48,AW-NSGA-II,545.412,0.2978549697228319,0.2978549697228319
48,AW-NSGA-II,596.852,0.324499866863959,0.324499866863959
48,AW-NSGA-II,649.833,0.3555818369676384,0.3555818369676384
48,AW-NSGA-II,698.97,0.39292436427428684,0.39292436427428684
48,AW-NSGA-II,749.055,0.4505342302563339,0.4505342302563339
48,AW-NSGA-II,799.943,0.5044836900350376,0.5044836900350376
48,AW-NSGA-II,845.906,0.5230304551772968,0.5230304551772968
48,AW-NSGA-II,868.784,0.5454175831375988,0.5454175831375988
48,MOEA/D,49.342,0.0,0.0
48,MOEA/D,96.976,0.0,0.0
48,MOEA/D,147.888,0.0,0.0
48,MOEA/D,196.438,0.0,0.0
48,MOEA/D,243.896,0.0,0.0
48,MOEA/D,292.073,0.011290036726752554,0.011290036726752554
48,MOEA/D,339.848,0.015541750187552113,0.015541750187552113
48,MOEA/D,388.034,0.018926304327128638,0.018926304327128638
48,MOEA/D,435.729,0.032933065627142544,0.032933065627142544
48,MOEA/D,483.763,0.03689538824272084,0.03689538824272084
48,MOEA/D,548.231,0.05044330955968619,0.05044330955968619
48,MOEA/D,595.004,0.06316979575782544,0.06316979575782544
48,MOEA/D,644.289,0.07689491423140521,0.07689491423140521
48,MOEA/D,696.283,0.10062661335479382,0.10062661335479382
48,MOEA/D,744.754,0.14253039472961745,0.14253039472961745
48,MOEA/D,793.649,0.1665060161680736,0.1665060161680736
48,MOEA/D,842.597,0.18125026016971124,0.18125026016971124
48,MOEA/D,891.234,0.20588061556181858,0.20588061556181858
48,MOEA/D,940.118,0.2586932041695635,0.2586932041695635
48,MOEA/D,990.371,0.34237284957471625,0.34237284957471625
48,MOEA/D,1039.18,0.34600949792824565,0.34600949792824565
48,MOEA/D,1089.521,0.35827489428022746,0.35827489428022746
48,MOEA/D,1139.089,0.35500954669513907,0.35827489428022746
48,MOEA/D,1187.729,0.37596897190652695,0.37596897190652695
48,MOEA/D,1236.353,0.37616537483458246,0.37616537483458246
48,MOEA/D,1285.413,0.3778530118506233,0.3778530118506233
48,MOEA/D,1349.568,0.3582477958567822,0.3778530118506233
48,MOEA/D,1397.978,0.35828314160039226,0.3778530118506233
48,MOEA/D,1445.829,0.3587253502372034,0.3778530118506233
48,MOEA/D,1494.247,0.3740896160109971,0.3778530118506233
48,MOEA/D,1541.267,0.37852981788465945,0.37852981788465945
48,MOEA/D,1589.564,0.3815611204865773,0.3815611204865773
48,MOEA/D,1637.153,0.38226568870606137,0.38226568870606137
48,MOEA/D,1684.203,0.39028252679924813,0.39028252679924813
48,MOEA/D,1747.938,0.4033840041568546,0.4033840041568546
48,MOEA/D,1794.902,0.4042087460568555,0.4042087460568555
48,MOEA/D,1842.654,0.40774241309276865,0.40774241309276865
48,MOEA/D,1891.084,0.41209592544486456,0.41209592544486456
48,MOEA/D,1938.929,0.41889688687341586,0.41889688687341586
48,MOEA/D,1986.859,0.4198870032809103,0.4198870032809103
48,MOEA/D,2034.311,0.43560139957003835,0.43560139957003835
48,MOEA/D,2098.207,0.44124644834497884,0.44124644834497884
48,MOEA/D,2146.761,0.4416962674871624,0.4416962674871624
48,MOEA/D,2194.528,0.44072452004845,0.4416962674871624
48,MOEA/D,2242.955,0.44449904869418155,0.44449904869418155
48,MOEA/D,2291.502,0.44891053141477016,0.44891053141477016
48,MOEA/D,2340.417,0.4518482056608524,0.4518482056608524
48,MOEA/D,2388.369,0.4523727327462772,0.4523727327462772
48,MOEA/D,2436.515,0.4554677904108284,0.4554677904108284
48,MOEA/D,2484.278,0.45727057596215065,0.45727057596215065
48,MOEA/D,2548.699,0.4810837147415599,0.4810837147415599
48,MOEA/D,2596.826,0.5256525493164496,0.5256525493164496
48,MOEA/D,2644.78,0.5255320055841715,0.5256525493164496
48,MOEA/D,2692.944,0.5258421208519637,0.5258421208519637
48,MOEA/D,2739.588,0.5260734877074656,0.5260734877074656
48,MOEA/D,2786.273,0.5390341382108419,0.5390341382108419
48,MOEA/D,2834.749,0.541957842495207,0.541957842495207
48,MOEA/D,2899.565,0.5442525824507539,0.5442525824507539
48,MOEA/D,2948.815,0.5581897837918333,0.5581897837918333
48,MOEA/D,2996.908,0.57908139325587,0.57908139325587
48,MOEA/D,3044.19,0.5839740925068346,0.5839740925068346
48,MOEA/D,3092.062,0.6694632709929769,0.6694632709929769
48,MOEA/D,3138.69,0.6684933533804405,0.6694632709929769
48,MOEA/D,3186.52,0.6706926730335134,0.6706926730335134
48,MOEA/D,3202.55,0.6736906317218488,0.6736906317218488
49,AW-NSGA-II,45.7,0.0,0.0
49,AW-NSGA-II,99.259,0.0,0.0
49,AW-NSGA-II,146.297,0.026893171847006046,0.026893171847006046
49,AW-NSGA-II,198.444,0.14229333304733588,0.14229333304733588
49,AW-NSGA-II,249.859,0.20967364417595413,0.20967364417595413
49,AW-NSGA-II,295.562,0.2696013544654319,0.2696013544654319
49,AW-NSGA-II,346.82,0.3476152402478744,0.3476152402478744
49,AW-NSGA-II,397.505,0.3695920440813313,0.3695920440813313
49,AW-NSGA-II,447.03,0.38632343980693484,0.38632343980693484
49,AW-NSGA-II,499.266,0.43424359487360004,0.43424359487360004
49,AW-NSGA-II,549.856,0.4600988862439512,0.4600988862439512
49,AW-NSGA-II,596.609,0.5115745806740917,0.5115745806740917
49,AW-NSGA-II,646.992,0.5275601719256102,0.5275601719256102
49,AW-NSGA-II,698.459,0.5418410645984024,0.5418410645984024
49,AW-NSGA-II,749.541,0.5788991805402484,0.5788991805402484
49,AW-NSGA-II,798.474,0.5901702991028497,0.5901702991028497
49,AW-NSGA-II,843.324,0.606195041902349,0.606195041902349
49,MOEA/D,48.357,0.0,0.0
49,MOEA/D,94.931,0.0,0.0
49,MOEA/D,141.987,0.0,0.0
49,MOEA/D,190.653,0.0,0.0
49,MOEA/D,239.01,0.0,0.0
49,MOEA/D,286.782,0.0016408765873300833,0.0016408765873300833
49,MOEA/D,334.937,0.051922343226527216,0.051922343226527216
49,MOEA/D,397.671,0.08682775377457314,0.08682775377457314
49,MOEA/D,443.987,0.11199390760105027,0.11199390760105027
49,MOEA/D,490.658,0.13681747944158515,0.13681747944158515
49,MOEA/D,537.981,0.13673774191592022,0.13681747944158515
49,MOEA/D,585.49,0.13685868885723326,0.13685868885723326
49,MOEA/D,649.055,0.14324516422455155,0.14324516422455155
49,MOEA/D,696.882,0.14409895805722786,0.14409895805722786
49,MOEA/D,745.142,0.15987233502014564,0.15987233502014564
49,MOEA/D,794.739,0.16220571479798812,0.16220571479798812
49,MOEA/D,844.869,0.18124763090055324,0.18124763090055324
49,MOEA/D,894.345,0.1677934736877324,0.18124763090055324
49,MOEA/D,946.155,0.1751248448276726,0.18124763090055324
49,MOEA/D,996.427,0.1751248448276726,0.18124763090055324
49,MOEA/D,1049.181,0.1889548207644319,0.1889548207644319
49,MOEA/D,1084.452,0.19289713812775502,0.19289713812775502
49,MOEA/D,1135.801,0.1944663331680876,0.1944663331680876
49,MOEA/D,1189.05,0.19416641522099726,0.1944663331680876
49,MOEA/D,1241.732,0.19417576244107196,0.1944663331680876
49,MOEA/D,1291.671,0.1966054904366449,0.1966054904366449
49,MOEA/D,1341.035,0.19772068487238054,0.19772068487238054
49,MOEA/D,1390.264,0.20146048400214717,0.20146048400214717
49,MOEA/D,1438.948,0.2057757325415822,0.2057757325415822
49,MOEA/D,1489.597,0.2058173448719013,0.2058173448719013
49,MOEA/D,1544.652,0.208591849036288,0.208591849036288
49,MOEA/D,1591.968,0.20922847549113804,0.20922847549113804
49,MOEA/D,1639.374,0.2114674340563206,0.2114674340563206
49,MOEA/D,1687.603,0.24981582306079209,0.24981582306079209
49,MOEA/D,1737.595,0.25089796771065087,0.25089796771065087
49,MOEA/D,1786.974,0.25091130252443866,0.25091130252443866
49,MOEA/D,1836.779,0.2532891425950195,0.2532891425950195
49,MOEA/D,1885.919,0.2533150745895674,0.2533150745895674
49,MOEA/D,1935.565,0.25326321136899776,0.2533150745895674
49,MOEA/D,1985.013,0.25422872014969455,0.25422872014969455
49,MOEA/D,2035.321,0.25542455202510017,0.25542455202510017
49,MOEA/D,2099.29,0.26118636112141597,0.26118636112141597
49,MOEA/D,2149.865,0.26118636112141597,0.26118636112141597
49,MOEA/D,2183.14,0.2641134603834288,0.2641134603834288
49,MOEA/D,2249.267,0.2643805030938059,0.2643805030938059
49,MOEA/D,2298.28,0.26901278036861626,0.26901278036861626
49,MOEA/D,2346.626,0.26901278036861626,0.26901278036861626
49,MOEA/D,2394.987,0.27578320201869577,0.27578320201869577
49,MOEA/D,2442.75,0.2831755197211704,0.2831755197211704
49,MOEA/D,2490.778,0.2831755197211704,0.2831755197211704
49,MOEA/D,2539.004,0.28712627732864865,0.28712627732864865
49,MOEA/D,2586.707,0.28712627732864865,0.28712627732864865
49,MOEA/D,2649.843,0.30374723616548494,0.30374723616548494
49,MOEA/D,2684.772,0.3095373500293544,0.3095373500293544
49,MOEA/D,2734.396,0.3250518870066198,0.3250518870066198
49,MOEA/D,2783.888,0.32951160155066195,0.32951160155066195
49,MOEA/D,2849.663,0.33422045772744613,0.33422045772744613
49,MOEA/D,2899.339,0.33818706734078485,0.33818706734078485
49,MOEA/D,2948.524,0.3412255946967272,0.3412255946967272
49,MOEA/D,2998.466,0.426852696173416,0.426852696173416
49,MOEA/D,3048.026,0.44600836518254766,0.44600836518254766
49,MOEA/D,3097.644,0.49025385451061165,0.49025385451061165
49,MOEA/D,3147.152,0.4914459876979832,0.4914459876979832
49,MOEA/D,3196.539,0.550119889075124,0.550119889075124
49,MOEA/D,3247.287,0.5590612167951564,0.5590612167951564
49,MOEA/D,3263.574,0.5600459087507793,0.5600459087507793
50,AW-NSGA-II,49.344,0.0,0.0
50,AW-NSGA-II,97.92,0.0,0.0
50,AW-NSGA-II,148.052,0.02307217949903823,0.02307217949903823
50,AW-NSGA-II,198.103,0.0713907214473171,0.0713907214473171
50,AW-NSGA-II,248.417,0.11596097688567858,0.11596097688567858
50,AW-NSGA-II,298.645,0.15157313845047848,0.15157313845047848
50,AW-NSGA-II,347.647,0.22061982221706256,0.22061982221706256
50,AW-NSGA-II,397.16,0.27753009090004155,0.27753009090004155
50,AW-NSGA-II,447.025,0.3233883943789144,0.3233883943789144
50,AW-NSGA-II,498.014,0.3517640867585291,0.3517640867585291
50,AW-NSGA-II,547.706,0.3919281315218101,0.3919281315218101
50,AW-NSGA-II,598.424,0.4283356301544988,0.4283356301544988
50,AW-NSGA-II,648.345,0.4421213811823392,0.4421213811823392
50,AW-NSGA-II,696.484,0.45437550303090024,0.45437550303090024
50,AW-NSGA-II,749.464,0.4605255481915165,0.4605255481915165
50,AW-NSGA-II,797.579,0.48433436310729744,0.48433436310729744
50,AW-NSGA-II,845.657,0.520837333698481,0.520837333698481
50,MOEA/D,46.9,0.0,0.0
50,MOEA/D,93.894,0.0,0.0
50,MOEA/D,142.473,0.0,0.0
50,MOEA/D,191.146,0.004100215691227921,0.004100215691227921
50,MOEA/D,238.431,0.018429656842048715,0.018429656842048715
50,MOEA/D,285.019,0.044384434911276714,0.044384434911276714
50,MOEA/D,348.248,0.08038526539737577,0.08038526539737577
50,MOEA/D,394.536,0.08358621021447418,0.08358621021447418
50,MOEA/D,441.379,0.12088701388096894,0.12088701388096894
50,MOEA/D,489.396,0.13057999607435758,0.13057999607435758
50,MOEA/D,535.776,0.15668596691926603,0.15668596691926603
50,MOEA/D,598.907,0.1854979033647958,0.1854979033647958
50,MOEA/D,646.652,0.19732335722502156,0.19732335722502156
50,MOEA/D,694.147,0.23277305186514344,0.23277305186514344
50,MOEA/D,742.171,0.2348574720468193,0.2348574720468193
50,MOEA/D,791.018,0.254398114489345,0.254398114489345
50,MOEA/D,840.915,0.354641172978838,0.354641172978838
50,MOEA/D,890.255,0.3668526856784441,0.3668526856784441
50,MOEA/D,939.514,0.38244139838409963,0.38244139838409963
50,MOEA/D,990.472,0.38246984254225797,0.38246984254225797
50,MOEA/D,1039.469,0.3976993931632179,0.3976993931632179
50,MOEA/D,1089.066,0.39442253289856133,0.3976993931632179
50,MOEA/D,1138.566,0.3947670401213784,0.3976993931632179
50,MOEA/D,1187.532,0.39665487545675077,0.3976993931632179
50,MOEA/D,1237.009,0.43115621717741126,0.43115621717741126
50,MOEA/D,1286.753,0.49655443793700876,0.49655443793700876
50,MOEA/D,1336.533,0.5316898463794224,0.5316898463794224
50,MOEA/D,1386.23,0.5657712854341976,0.5657712854341976
50,MOEA/D,1434.525,0.5942180346340792,0.5942180346340792
50,MOEA/D,1499.133,0.5999309367707131,0.5999309367707131
50,MOEA/D,1545.963,0.5999309367707131,0.5999309367707131
50,MOEA/D,1593.249,0.6006523552136538,0.6006523552136538
50,MOEA/D,1640.919,0.6035218169682681,0.6035218169682681
50,MOEA/D,1688.991,0.6111378947864422,0.6111378947864422
50,MOEA/D,1736.771,0.6111846623492898,0.6111846623492898
50,MOEA/D,1799.992,0.6302957466426575,0.6302957466426575
50,MOEA/D,1847.976,0.6342515977810419,0.6342515977810419
50,MOEA/D,1895.959,0.6353993588498814,0.6353993588498814
50,MOEA/D,1943.234,0.6379603425669542,0.6379603425669542
50,MOEA/D,1991.277,0.6618917999093077,0.6618917999093077
50,MOEA/D,2040.657,0.6621431598714977,0.6621431598714977
50,MOEA/D,2089.978,0.6642109911258783,0.6642109911258783
50,MOEA/D,2139.536,0.6643942161715967,0.6643942161715967
50,MOEA/D,2188.297,0.6643942161715967,0.6643942161715967
50,MOEA/D,2237.824,0.6644620054506503,0.6644620054506503
50,MOEA/D,2287.586,0.6644620054506503,0.6644620054506503
50,MOEA/D,2336.157,0.6646696223235921,0.6646696223235921
50,MOEA/D,2385.593,0.6659043211797414,0.6659043211797414
50,MOEA/D,2434.523,0.6657831188414712,0.6659043211797414
50,MOEA/D,2483.467,0.6658028512833876,0.6659043211797414
50,MOEA/D,2549.182,0.6658028512833876,0.6659043211797414
50,MOEA/D,2598.171,0.6833297396606481,0.6833297396606481
50,MOEA/D,2645.559,0.6833297396606481,0.6833297396606481
50,MOEA/D,2692.868,0.684173100692245,0.684173100692245
50,MOEA/D,2739.447,0.698303722025177,0.698303722025177
50,MOEA/D,2788.846,0.698303722025177,0.698303722025177
50,MOEA/D,2836.091,0.7041205832551277,0.7041205832551277
50,MOEA/D,2899.88,0.7054040446400809,0.7054040446400809
50,MOEA/D,2947.904,0.7242091194310207,0.7242091194310207
50,MOEA/D,2995.809,0.7196879277505617,0.7242091194310207
50,MOEA/D,3042.528,0.7197458893614287,0.7242091194310207
50,MOEA/D,3090.741,0.7198810888797058,0.7242091194310207
50,MOEA/D,3138.521,0.7205632936493344,0.7242091194310207
50,MOEA/D,3186.244,0.7221346106363031,0.7242091194310207
50,MOEA/D,3202.15,0.7221346106363031,0.7242091194310207
51,AW-NSGA-II,48.551,0.0,0.0
51,AW-NSGA-II,96.207,0.0,0.0
51,AW-NSGA-II,147.818,0.011619940260625287,0.011619940260625287
51,AW-NSGA-II,195.485,0.03448435058886233,0.03448435058886233
51,AW-NSGA-II,247.898,0.09183278823631139,0.09183278823631139
51,AW-NSGA-II,299.143,0.13262706644206176,0.13262706644206176
51,AW-NSGA-II,346.865,0.15171082829302748,0.15171082829302748
51,AW-NSGA-II,397.088,0.1863246674709096,0.1863246674709096
51,AW-NSGA-II,447.822,0.23878239965042647,0.23878239965042647
51,AW-NSGA-II,498.51,0.2583501997048609,0.2583501997048609
51,AW-NSGA-II,546.18,0.30430961548826896,0.30430961548826896
51,AW-NSGA-II,597.095,0.3174888557926837,0.3174888557926837
51,AW-NSGA-II,649.513,0.3623674819160332,0.3623674819160332
51,AW-NSGA-II,696.209,0.3795216440541318,0.3795216440541318
51,AW-NSGA-II,747.717,0.41079980177697795,0.41079980177697795
51,AW-NSGA-II,799.292,0.5120062951517046,0.5120062951517046
51,AW-NSGA-II,849.022,0.54645874644543,0.54645874644543
51,AW-NSGA-II,866.966,0.5465843664122938,0.5465843664122938
51,MOEA/D,47.029,0.0,0.0
51,MOEA/D,95.234,0.0,0.0
51,MOEA/D,142.501,0.0,0.0
51,MOEA/D,189.265,0.0,0.0
51,MOEA/D,237.306,0.0,0.0
51,MOEA/D,285.476,0.039989270717002326,0.039989270717002326
51,MOEA/D,334.617,0.05252073183497158,0.05252073183497158
51,MOEA/D,397.806,0.07719570233449981,0.07719570233449981
51,MOEA/D,444.802,0.11115200920212409,0.11115200920212409
51,MOEA/D,492.482,0.22429586364336715,0.22429586364336715
51,MOEA/D,539.9,0.24057034802529248,0.24057034802529248
51,MOEA/D,587.474,0.2814575897735013,0.2814575897735013
51,MOEA/D,635.251,0.3255768475316713,0.3255768475316713
51,MOEA/D,699.516,0.3724534316646736,0.3724534316646736
51,MOEA/D,748.098,0.3936315214085593,0.3936315214085593
51,MOEA/D,796.73,0.40557398275684275,0.40557398275684275
51,MOEA/D,845.974,0.40910465656108985,0.40910465656108985
51,MOEA/D,895.108,0.4107599409799859,0.4107599409799859
51,MOEA/D,944.419,0.40768418776322224,0.4107599409799859
51,MOEA/D,993.609,0.4138346992710822,0.4138346992710822
51,MOEA/D,1042.275,0.4516409404664916,0.4516409404664916
51,MOEA/D,1091.045,0.5047137752634576,0.5047137752634576
51,MOEA/D,1139.667,0.5190565309027284,0.5190565309027284
51,MOEA/D,1188.218,0.5205120445334176,0.5205120445334176
51,MOEA/D,1235.783,0.5432920663431453,0.5432920663431453
51,MOEA/D,1298.066,0.5548485905885256,0.5548485905885256
51,MOEA/D,1346.966,0.5392982328891535,0.5548485905885256
51,MOEA/D,1394.663,0.5396492661212655,0.5548485905885256
51,MOEA/D,1442.137,0.5421964487968414,0.5548485905885256
51,MOEA/D,1488.871,0.542599001615517,0.5548485905885256
51,MOEA/D,1535.368,0.541875646940845,0.5548485905885256
51,MOEA/D,1598.024,0.543379250764974,0.5548485905885256
51,MOEA/D,1645.516,0.544507645917726,0.5548485905885256
51,MOEA/D,1692.903,0.5490713640325124,0.5548485905885256
51,MOEA/D,1740.291,0.5578554094515482,0.5578554094515482
51,MOEA/D,1787.895,0.5578243431862551,0.5578554094515482
51,MOEA/D,1835.855,0.5909869218104734,0.5909869218104734
51,MOEA/D,1897.296,0.5936468499481555,0.5936468499481555
51,MOEA/D,1945.207,0.5931341150122103,0.5936468499481555
51,MOEA/D,1992.638,0.5703655017420173,0.5936468499481555
51,MOEA/D,2039.737,0.5702739089052891,0.5936468499481555
51,MOEA/D,2087.506,0.5769037824589918,0.5936468499481555
51,MOEA/D,2135.161,0.582772228840437,0.5936468499481555
51,MOEA/D,2183.727,0.5892484685985488,0.5936468499481555
51,MOEA/D,2248.317,0.590439591932119,0.5936468499481555
51,MOEA/D,2296.501,0.590439591932119,0.5936468499481555
51,MOEA/D,2344.764,0.6169915297818904,0.6169915297818904
51,MOEA/D,2391.933,0.6170607918878845,0.6170607918878845
51,MOEA/D,2440.415,0.61966495019995,0.61966495019995
51,MOEA/D,2488.398,0.6374576297392359,0.6374576297392359
51,MOEA/D,2535.749,0.6374576297392359,0.6374576297392359
51,MOEA/D,2583.423,0.6435510952353448,0.6435510952353448
51,MOEA/D,2648.405,0.6479393769150386,0.6479393769150386
51,MOEA/D,2696.486,0.6498860984356697,0.6498860984356697
51,MOEA/D,2745.703,0.6508831271619748,0.6508831271619748
51,MOEA/D,2793.468,0.6515349329233708,0.6515349329233708
51,MOEA/D,2841.645,0.6515349329233708,0.6515349329233708
51,MOEA/D,2888.135,0.6515349329233708,0.6515349329233708
51,MOEA/D,2948.987,0.6526907536276537,0.6526907536276537
51,MOEA/D,2996.733,0.6526907536276537,0.6526907536276537
51,MOEA/D,3044.233,0.6526907536276537,0.6526907536276537
51,MOEA/D,3091.965,0.6526907536276537,0.6526907536276537
51,MOEA/D,3140.038,0.6524070601964751,0.6526907536276537
51,MOEA/D,3171.198,0.6527481049692212,0.6527481049692212
52,AW-NSGA-II,49.715,0.0,0.0
52,AW-NSGA-II,99.056,0.0,0.0
52,AW-NSGA-II,148.866,0.0,0.0
52,AW-NSGA-II,196.557,0.008708583784793666,0.008708583784793666
52,AW-NSGA-II,246.813,0.1108882163575013,0.1108882163575013
52,AW-NSGA-II,298.258,0.17680571669973594,0.17680571669973594
52,AW-NSGA-II,349.035,0.22967806405349234,0.22967806405349234
52,AW-NSGA-II,396.154,0.26766677512349296,0.26766677512349296
52,AW-NSGA-II,448.058,0.28578971882485044,0.28578971882485044
52,AW-NSGA-II,498.511,0.3122300246663894,0.3122300246663894
52,AW-NSGA-II,549.106,0.3277354442737897,0.3277354442737897
52,AW-NSGA-II,599.843,0.36635657468985616,0.36635657468985616
52,AW-NSGA-II,646.276,0.38543716304121345,0.38543716304121345
52,AW-NSGA-II,697.369,0.4327763290309943,0.4327763290309943
52,AW-NSGA-II,747.7,0.48530901023836376,0.48530901023836376
52,AW-NSGA-II,797.132,0.5070681934084253,0.5070681934084253
52,AW-NSGA-II,839.266,0.5157076358762791,0.5157076358762791
52,MOEA/D,48.723,0.0,0.0
52,MOEA/D,95.652,0.0,0.0
52,MOEA/D,141.992,0.0,0.0
52,MOEA/D,190.193,0.0001429116995012298,0.0001429116995012298
52,MOEA/D,237.995,0.010435362168296543,0.010435362168296543
52,MOEA/D,285.859,0.04265872369242115,0.04265872369242115
52,MOEA/D,349.863,0.07758099291393723,0.07758099291393723
52,MOEA/D,397.119,0.11939535328473307,0.11939535328473307
52,MOEA/D,444.966,0.15809374103989868,0.15809374103989868
52,MOEA/D,492.538,0.23184280215599645,0.23184280215599645
52,MOEA/D,540.427,0.2507096351793142,0.2507096351793142
52,MOEA/D,588.17,0.32932522431867983,0.32932522431867983
52,MOEA/D,636.679,0.33029832945073234,0.33029832945073234
52,MOEA/D,684.329,0.33577201455373634,0.33577201455373634
52,MOEA/D,748.299,0.35505518848046036,0.35505518848046036
52,MOEA/D,797.001,0.3774890190338599,0.3774890190338599
52,MOEA/D,844.92,0.38895067596902533,0.38895067596902533
52,MOEA/D,892.078,0.3957153317148283,0.3957153317148283
52,MOEA/D,939.827,0.41067397205738654,0.41067397205738654
52,MOEA/D,987.958,0.4107526895158958,0.4107526895158958
52,MOEA/D,1036.385,0.41585862566234033,0.41585862566234033
52,MOEA/D,1084.212,0.4245616140176668,0.4245616140176668
52,MOEA/D,1148.382,0.4931328064424287,0.4931328064424287
52,MOEA/D,1195.909,0.4927575261399815,0.4931328064424287
52,MOEA/D,1244.145,0.4962999881957263,0.4962999881957263
52,MOEA/D,1292.913,0.5394670132488859,0.5394670132488859
52,MOEA/D,1341.099,0.5394670132488859,0.5394670132488859
52,MOEA/D,1389.2,0.5453977740948216,0.5453977740948216
52,MOEA/D,1437.43,0.5434619063570002,0.5453977740948216
52,MOEA/D,1499.753,0.5516959699598843,0.5516959699598843
52,MOEA/D,1547.876,0.5675393079072385,0.5675393079072385
52,MOEA/D,1596.298,0.5697573685054999,0.5697573685054999
52,MOEA/D,1644.081,0.5920054235595872,0.5920054235595872
52,MOEA/D,1692.174,0.5941653681719508,0.5941653681719508
52,MOEA/D,1739.791,0.5944107958492486,0.5944107958492486
52,MOEA/D,1787.896,0.5928670152843484,0.5944107958492486
52,MOEA/D,1835.831,0.6029627848709715,0.6029627848709715
52,MOEA/D,1898.844,0.6031439589777972,0.6031439589777972
52,MOEA/D,1947.719,0.6070245291891284,0.6070245291891284
52,MOEA/D,1995.253,0.6070598926004264,0.6070598926004264
52,MOEA/D,2042.754,0.6269672692073354,0.6269672692073354
52,MOEA/D,2090.545,0.6389647042070085,0.6389647042070085
52,MOEA/D,2137.387,0.6393655116675745,0.6393655116675745
52,MOEA/D,2184.605,0.6410304695511432,0.6410304695511432
52,MOEA/D,2248.275,0.643612637086299,0.643612637086299
52,MOEA/D,2295.746,0.6438649991860752,0.6438649991860752
52,MOEA/D,2345.627,0.6642001401441158,0.6642001401441158
52,MOEA/D,2394.859,0.6950041469176996,0.6950041469176996
52,MOEA/D,2444.172,0.6617410640417677,0.6950041469176996
52,MOEA/D,2495.784,0.6624129213499667,0.6950041469176996
52,MOEA/D,2547.204,0.6624129213499667,0.6950041469176996
52,MOEA/D,2598.187,0.6626574713822414,0.6950041469176996
52,MOEA/D,2649.412,0.668634742180136,0.6950041469176996
52,MOEA/D,2684.223,0.6686513677114653,0.6950041469176996
52,MOEA/D,2734.366,0.6686587630867878,0.6950041469176996
52,MOEA/D,2786.426,0.6691366607121758,0.6950041469176996
52,MOEA/D,2836.966,0.6812393321531828,0.6950041469176996
52,MOEA/D,2887.327,0.6813708802967288,0.6950041469176996
52,MOEA/D,2939.376,0.681675962463477,0.6950041469176996
52,MOEA/D,2989.928,0.6815312820852785,0.6950041469176996
52,MOEA/D,3040.456,0.6815437500092647,0.6950041469176996
52,MOEA/D,3087.168,0.6879501843649708,0.6950041469176996
52,MOEA/D,3134.324,0.6879182334882439,0.6950041469176996
52,MOEA/D,3198.183,0.6987403305102052,0.6987403305102052
52,MOEA/D,3214.287,0.6987403305102052,0.6987403305102052
53,AW-NSGA-II,47.919,0.0,0.0
53,AW-NSGA-II,95.072,0.0,0.0
53,AW-NSGA-II,146.502,0.007747458563248867,0.007747458563248867
53,AW-NSGA-II,199.231,0.08569898807644533,0.08569898807644533
53,AW-NSGA-II,248.978,0.13388817107943035,0.13388817107943035
53,AW-NSGA-II,295.35,0.16803498537251016,0.16803498537251016
53,AW-NSGA-II,346.784,0.19727272305862256,0.19727272305862256
53,AW-NSGA-II,396.547,0.2581914726895383,0.2581914726895383
53,AW-NSGA-II,446.157,0.2789206945328701,0.2789206945328701
53,AW-NSGA-II,499.265,0.3016675733095895,0.3016675733095895
53,AW-NSGA-II,549.795,0.386359379116851,0.386359379116851
53,AW-NSGA-II,596.571,0.43635129279748014,0.43635129279748014
53,AW-NSGA-II,647.894,0.4584192835485496,0.4584192835485496
53,AW-NSGA-II,698.934,0.4604774302338922,0.4604774302338922
53,AW-NSGA-II,749.208,0.4799528170317298,0.4799528170317298
53,AW-NSGA-II,796.313,0.49519145618028965,0.49519145618028965
53,AW-NSGA-II,838.417,0.5119088133384432,0.5119088133384432
53,MOEA/D,48.593,0.0,0.0
53,MOEA/D,98.109,0.0,0.0
53,MOEA/D,146.919,0.0,0.0
53,MOEA/D,196.368,0.017491701667040786,0.017491701667040786
53,MOEA/D,245.095,0.029224453901703598,0.029224453901703598
53,MOEA/D,293.117,0.06760432944677414,0.06760432944677414
53,MOEA/D,341.449,0.07665455226785865,0.07665455226785865
53,MOEA/D,389.335,0.0823776483318144,0.0823776483318144
53,MOEA/D,436.628,0.08524629265870443,0.08524629265870443
53,MOEA/D,484.908,0.09000401134541894,0.09000401134541894
53,MOEA/D,549.244,0.12307456228885433,0.12307456228885433
53,MOEA/D,597.223,0.13130677809591335,0.13130677809591335
53,MOEA/D,644.528,0.19768498052714967,0.19768498052714967
53,MOEA/D,692.413,0.20038601934044742,0.20038601934044742
53,MOEA/D,740.533,0.27084959922981844,0.27084959922981844
53,MOEA/D,789.307,0.2908760126905692,0.2908760126905692
53,MOEA/D,838.123,0.30005875513420044,0.30005875513420044
53,MOEA/D,888.603,0.302680435649817,0.302680435649817
53,MOEA/D,938.137,0.3061207207158943,0.3061207207158943
53,MOEA/D,987.619,0.307849202148082,0.307849202148082
53,MOEA/D,1038.184,0.3261457492757842,0.3261457492757842
53,MOEA/D,1088.757,0.3672380529883339,0.3672380529883339
53,MOEA/D,1138.04,0.40106100277263546,0.40106100277263546
53,MOEA/D,1188.959,0.44280616076754087,0.44280616076754087
53,MOEA/D,1239.022,0.4596084720623416,0.4596084720623416
53,MOEA/D,1288.924,0.4878363853607893,0.4878363853607893
53,MOEA/D,1338.729,0.4891541632727843,0.4891541632727843
53,MOEA/D,1389.233,0.49506294454156774,0.49506294454156774
53,MOEA/D,1439.085,0.5333124779775756,0.5333124779775756
53,MOEA/D,1488.815,0.5351350338179525,0.5351350338179525
53,MOEA/D,1537.759,0.5398133169473998,0.5398133169473998
53,MOEA/D,1587.104,0.5461525983860467,0.5461525983860467
53,MOEA/D,1637.077,0.5484822807504,0.5484822807504
53,MOEA/D,1686.598,0.5512363167350293,0.5512363167350293
53,MOEA/D,1735.894,0.5846343892931238,0.5846343892931238
53,MOEA/D,1784.689,0.6005127576817306,0.6005127576817306
53,MOEA/D,1834.268,0.6140554034246543,0.6140554034246543
53,MOEA/D,1883.891,0.6180764368106819,0.6180764368106819
53,MOEA/D,1934.798,0.618675342554588,0.618675342554588
53,MOEA/D,1985.117,0.6192792037881193,0.6192792037881193
53,MOEA/D,2034.541,0.6182677147690208,0.6192792037881193
53,MOEA/D,2083.304,0.6189061561575326,0.6192792037881193
53,MOEA/D,2149.944,0.6204799523859552,0.6204799523859552
53,MOEA/D,2198.691,0.6280324157026076,0.6280324157026076
53,MOEA/D,2248.024,0.6728487885903867,0.6728487885903867
53,MOEA/D,2296.325,0.6730619227867612,0.6730619227867612
53,MOEA/D,2344.819,0.6717711444158487,0.6730619227867612
53,MOEA/D,2392.677,0.6717660497803786,0.6730619227867612
53,MOEA/D,2439.798,0.6855460288494664,0.6855460288494664
53,MOEA/D,2488.079,0.6945128349153419,0.6945128349153419
53,MOEA/D,2537.246,0.7005957705763532,0.7005957705763532
53,MOEA/D,2585.179,0.7031453981141272,0.7031453981141272
53,MOEA/D,2633.484,0.7032856557441524,0.7032856557441524
53,MOEA/D,2683.151,0.7135131066246353,0.7135131066246353
53,MOEA/D,2749.654,0.7173769842498938,0.7173769842498938
53,MOEA/D,2799.576,0.7173863822626947,0.7173863822626947
53,MOEA/D,2849.509,0.7173863822626947,0.7173863822626947
53,MOEA/D,2882.977,0.738408230311101,0.738408230311101
53,MOEA/D,2949.262,0.7353454843262912,0.738408230311101
53,MOEA/D,2999.461,0.7354272430267609,0.738408230311101
53,MOEA/D,3033.279,0.7354272430267609,0.738408230311101
53,MOEA/D,3099.66,0.7162326208329185,0.738408230311101
53,MOEA/D,3147.543,0.7049025611331647,0.738408230311101
53,MOEA/D,3196.063,0.7052490236132738,0.738408230311101
53,MOEA/D,3244.054,0.7063405531280808,0.738408230311101
53,MOEA/D,3260.456,0.7063405531280808,0.738408230311101
54,AW-NSGA-II,46.109,0.0,0.0
54,AW-NSGA-II,96.765,0.0,0.0
54,AW-NSGA-II,149.431,0.0,0.0
54,AW-NSGA-II,199.316,0.0,0.0
54,AW-NSGA-II,249.709,0.00024063696418118454,0.00024063696418118454
54,AW-NSGA-II,299.692,0.018460509383339173,0.018460509383339173
54,AW-NSGA-II,349.254,0.03498836103662291,0.03498836103662291
54,AW-NSGA-II,397.162,0.04771920920694757,0.04771920920694757
54,AW-NSGA-II,446.467,0.1034312315737611,0.1034312315737611
54,AW-NSGA-II,496.612,0.11163620204001032,0.11163620204001032
54,AW-NSGA-II,547.087,0.22013212536855284,0.22013212536855284
54,AW-NSGA-II,596.595,0.25162314066115754,0.25162314066115754
54,AW-NSGA-II,647.597,0.2874872929357605,0.2874872929357605
54,AW-NSGA-II,698.207,0.3231581811316856,0.3231581811316856
54,AW-NSGA-II,748.528,0.3528716618920561,0.3528716618920561
54,AW-NSGA-II,796.476,0.39258304278316464,0.39258304278316464
54,AW-NSGA-II,836.062,0.43526909002537045,0.43526909002537045
54,MOEA/D,48.998,0.0,0.0
54,MOEA/D,97.276,0.0,0.0
54,MOEA/D,144.431,0.0038177985873447235,0.0038177985873447235
54,MOEA/D,192.838,0.010255374500066935,0.010255374500066935
54,MOEA/D,241.441,0.01982788229367817,0.01982788229367817
54,MOEA/D,288.495,0.04060451636711332,0.04060451636711332
54,MOEA/D,336.349,0.04236621984376965,0.04236621984376965
54,MOEA/D,399.422,0.06405796654869392,0.06405796654869392
54,MOEA/D,446.497,0.0903066404490226,0.0903066404490226
54,MOEA/D,494.688,0.13613683660526146,0.13613683660526146
54,MOEA/D,542.637,0.15016804805891895,0.15016804805891895
54,MOEA/D,590.888,0.16999714862881918,0.16999714862881918
54,MOEA/D,638.281,0.2055079597529541,0.2055079597529541
54,MOEA/D,685.435,0.2115680884811698,0.2115680884811698
54,MOEA/D,749.632,0.27671944977878093,0.27671944977878093
54,MOEA/D,796.6,0.2916041167284662,0.2916041167284662
54,MOEA/D,844.164,0.29352427672576725,0.29352427672576725
54,MOEA/D,891.595,0.3042518163083337,0.3042518163083337
54,MOEA/D,940.106,0.3269232548028488,0.3269232548028488
54,MOEA/D,988.739,0.3525510690658929,0.3525510690658929
54,MOEA/D,1037.622,0.38324881047078707,0.38324881047078707
54,MOEA/D,1087.201,0.42316562369351546,0.42316562369351546
54,MOEA/D,1135.774,0.47118914960878594,0.47118914960878594
54,MOEA/D,1185.5,0.5516537700568351,0.5516537700568351
54,MOEA/D,1234.207,0.5834550011386597,0.5834550011386597
54,MOEA/D,1283.826,0.6047297947324942,0.6047297947324942
54,MOEA/D,1349.988,0.6049511371358848,0.6049511371358848
54,MOEA/D,1398.979,0.613548292019012,0.613548292019012
54,MOEA/D,1447.672,0.613548292019012,0.613548292019012
54,MOEA/D,1495.593,0.6182077257664291,0.6182077257664291
54,MOEA/D,1542.793,0.6214691613439095,0.6214691613439095
54,MOEA/D,1590.782,0.6496623065533411,0.6496623065533411
54,MOEA/D,1640.165,0.6505407219322332,0.6505407219322332
54,MOEA/D,1689.857,0.6534427551331542,0.6534427551331542
54,MOEA/D,1738.227,0.6695388177832544,0.6695388177832544
54,MOEA/D,1786.861,0.6558076211427382,0.6695388177832544
54,MOEA/D,1835.823,0.6749415963910865,0.6749415963910865
54,MOEA/D,1884.98,0.6757149030645382,0.6757149030645382
54,MOEA/D,1948.812,0.6904180020848816,0.6904180020848816
54,MOEA/D,1994.981,0.6931065453561002,0.6931065453561002
54,MOEA/D,2041.92,0.6950312103160016,0.6950312103160016
54,MOEA/D,2089.542,0.6979335733315083,0.6979335733315083
54,MOEA/D,2135.967,0.6977662803018919,0.6979335733315083
54,MOEA/D,2198.326,0.7077128852143646,0.7077128852143646
54,MOEA/D,2244.318,0.7106018477347333,0.7106018477347333
54,MOEA/D,2290.778,0.7262956140727717,0.7262956140727717
54,MOEA/D,2337.262,0.727763965415172,0.727763965415172
54,MOEA/D,2399.142,0.7451297133468853,0.7451297133468853
54,MOEA/D,2445.98,0.7451297133468853,0.7451297133468853
54,MOEA/D,2493.776,0.7451297133468853,0.7451297133468853
54,MOEA/D,2542.358,0.810113913349557,0.810113913349557
54,MOEA/D,2589.379,0.8144769239957665,0.8144769239957665
54,MOEA/D,2635.839,0.8151523286962108,0.8151523286962108
54,MOEA/D,2685.373,0.8151523286962108,0.8151523286962108
54,MOEA/D,2734.683,0.8395411069348279,0.8395411069348279
54,MOEA/D,2784.695,0.8490947655070803,0.8490947655070803
54,MOEA/D,2834.346,0.8490947655070803,0.8490947655070803
54,MOEA/D,2883.783,0.85027567967491,0.85027567967491
54,MOEA/D,2947.755,0.851807045852418,0.851807045852418
54,MOEA/D,2994.333,0.851807045852418,0.851807045852418
54,MOEA/D,3041.401,0.851807045852418,0.851807045852418
54,MOEA/D,3089.47,0.8674023144803056,0.8674023144803056
54,MOEA/D,3137.319,0.8673101901260474,0.8674023144803056
54,MOEA/D,3184.409,0.8729800003737294,0.8729800003737294
55,AW-NSGA-II,48.595,0.0,0.0
55,AW-NSGA-II,96.789,0.0,0.0
55,AW-NSGA-II,149.018,0.030180634869505226,0.030180634869505226
55,AW-NSGA-II,198.941,0.06790608016420303,0.06790608016420303
55,AW-NSGA-II,246.98,0.08411053733863723,0.08411053733863723
55,AW-NSGA-II,299.617,0.151817843316344,0.151817843316344
55,AW-NSGA-II,349.34,0.16031773771420793,0.16031773771420793
55,AW-NSGA-II,397.794,0.16842671083198665,0.16842671083198665
55,AW-NSGA-II,449.776,0.17917638469127778,0.17917638469127778
55,AW-NSGA-II,498.007,0.20249541743418523,0.20249541743418523
55,AW-NSGA-II,545.929,0.2319742507595519,0.2319742507595519
55,AW-NSGA-II,597.821,0.24325808380844668,0.24325808380844668
55,AW-NSGA-II,647.87,0.2660363023903358,0.2660363023903358
55,AW-NSGA-II,698.514,0.2786699780914622,0.2786699780914622
55,AW-NSGA-II,750.0,0.28371261075214904,0.28371261075214904
55,AW-NSGA-II,799.824,0.31043496143666754,0.31043496143666754
55,AW-NSGA-II,846.816,0.31612155493423366,0.31612155493423366
55,AW-NSGA-II,863.805,0.32132782684783623,0.32132782684783623
55,MOEA/D,47.264,0.0,0.0
55,MOEA/D,95.393,0.0,0.0
55,MOEA/D,144.66,0.0,0.0
55,MOEA/D,194.051,0.0,0.0
55,MOEA/D,242.993,0.0,0.0
55,MOEA/D,291.66,0.0,0.0
55,MOEA/D,341.806,0.0012027939765671908,0.0012027939765671908
55,MOEA/D,390.255,0.0,0.0012027939765671908
55,MOEA/D,437.531,0.01221580397932384,0.01221580397932384
55,MOEA/D,485.154,0.03116701050261605,0.03116701050261605
55,MOEA/D,549.273,0.030901785664127306,0.03116701050261605
55,MOEA/D,596.459,0.05321834152431922,0.05321834152431922
55,MOEA/D,644.435,0.052982308708860164,0.05321834152431922
55,MOEA/D,692.603,0.0658575086347617,0.0658575086347617
55,MOEA/D,739.896,0.07176837973058345,0.07176837973058345
55,MOEA/D,772.659,0.08434744254168677,0.08434744254168677
55,MOEA/D,846.29,0.1359639646136735,0.1359639646136735
55,MOEA/D,893.429,0.1361240477886223,0.1361240477886223
55,MOEA/D,939.856,0.17534694260689093,0.17534694260689093
55,MOEA/D,987.308,0.20172116733189774,0.20172116733189774
55,MOEA/D,1035.897,0.20572801382287312,0.20572801382287312
55,MOEA/D,1099.424,0.20507165783681355,0.20572801382287312
55,MOEA/D,1148.082,0.21667992740106293,0.21667992740106293
55,MOEA/D,1196.321,0.2715452738431076,0.2715452738431076
55,MOEA/D,1244.101,0.29691126423558545,0.29691126423558545
55,MOEA/D,1291.974,0.3254187438009697,0.3254187438009697
55,MOEA/D,1340.56,0.4057283443499292,0.4057283443499292
55,MOEA/D,1390.094,0.46801081731322536,0.46801081731322536
55,MOEA/D,1440.664,0.4510129059692909,0.46801081731322536
55,MOEA/D,1490.724,0.5123498593990232,0.5123498593990232
55,MOEA/D,1541.791,0.5673449814071121,0.5673449814071121
55,MOEA/D,1591.729,0.5745825788632575,0.5745825788632575
55,MOEA/D,1641.791,0.574593999753763,0.574593999753763
55,MOEA/D,1692.965,0.5768299601711446,0.5768299601711446
55,MOEA/D,1742.712,0.5797080063177097,0.5797080063177097
55,MOEA/D,1791.857,0.5799076590126941,0.5799076590126941
55,MOEA/D,1841.632,0.5797666800991247,0.5799076590126941
55,MOEA/D,1892.724,0.5797666800991247,0.5799076590126941
55,MOEA/D,1943.671,0.5802807524789644,0.5802807524789644
55,MOEA/D,1996.487,0.5892591945019028,0.5892591945019028
55,MOEA/D,2046.625,0.6010450724709564,0.6010450724709564
55,MOEA/D,2098.829,0.643244781932221,0.643244781932221
55,MOEA/D,2149.866,0.6698791970614018,0.6698791970614018
55,MOEA/D,2184.921,0.6785885418911466,0.6785885418911466
55,MOEA/D,2238.419,0.6788178670170429,0.6788178670170429
55,MOEA/D,2288.935,0.6788178670170429,0.6788178670170429
55,MOEA/D,2338.903,0.679021939127787,0.679021939127787
55,MOEA/D,2389.131,0.6794820358121024,0.6794820358121024
55,MOEA/D,2439.002,0.6828216623147074,0.6828216623147074
55,MOEA/D,2487.14,0.6828524013340552,0.6828524013340552
55,MOEA/D,2536.007,0.6810959829303254,0.6828524013340552
55,MOEA/D,2586.282,0.6647084020949454,0.6828524013340552
55,MOEA/D,2635.885,0.6648258162604808,0.6828524013340552
55,MOEA/D,2684.488,0.6652514689835766,0.6828524013340552
55,MOEA/D,2747.16,0.6653773497516975,0.6828524013340552
55,MOEA/D,2792.793,0.6653671811704944,0.6828524013340552
55,MOEA/D,2840.179,0.6656811423948529,0.6828524013340552
55,MOEA/D,2887.222,0.6699060331890432,0.6828524013340552
55,MOEA/D,2934.521,0.6698965373515353,0.6828524013340552
55,MOEA/D,2997.052,0.6702875719179119,0.6828524013340552
55,MOEA/D,3044.697,0.6703395334063731,0.6828524013340552
55,MOEA/D,3092.008,0.6704947514739061,0.6828524013340552
55,MOEA/D,3140.614,0.7064408083411016,0.7064408083411016
55,MOEA/D,3187.84,0.70638710487688,0.7064408083411016
55,MOEA/D,3234.677,0.70638710487688,0.7064408083411016
55,MOEA/D,3266.752,0.7080895745106601,0.7080895745106601
56,AW-NSGA-II,47.7,0.0,0.0
56,AW-NSGA-II,99.841,0.0,0.0
56,AW-NSGA-II,147.004,0.005040307131814832,0.005040307131814832
56,AW-NSGA-II,196.443,0.017117108781553352,0.017117108781553352
56,AW-NSGA-II,249.223,0.12908328379648734,0.12908328379648734
56,AW-NSGA-II,299.827,0.21066379511077377,0.21066379511077377
56,AW-NSGA-II,349.93,0.2589330266438218,0.2589330266438218
56,AW-NSGA-II,395.263,0.31505250333776424,0.31505250333776424
56,AW-NSGA-II,447.617,0.3621594582037016,0.3621594582037016
56,AW-NSGA-II,497.645,0.43409129951973124,0.43409129951973124
56,AW-NSGA-II,547.722,0.4816718167390195,0.4816718167390195
56,AW-NSGA-II,598.472,0.5417793437147215,0.5417793437147215
56,AW-NSGA-II,649.213,0.5983141106150448,0.5983141106150448
56,AW-NSGA-II,699.736,0.6098731922124371,0.6098731922124371
56,AW-NSGA-II,749.682,0.6382711448006247,0.6382711448006247
56,AW-NSGA-II,795.726,0.6455785936354148,0.6455785936354148
56,AW-NSGA-II,841.679,0.6774273822848477,0.6774273822848477
56,MOEA/D,49.752,0.0,0.0
56,MOEA/D,99.463,0.0,0.0
56,MOEA/D,147.611,0.0,0.0
56,MOEA/D,195.799,0.024516416471319205,0.024516416471319205
56,MOEA/D,246.143,0.04821827202588087,0.04821827202588087
56,MOEA/D,295.264,0.06415057256637602,0.06415057256637602
56,MOEA/D,343.1,0.10246263907605455,0.10246263907605455
56,MOEA/D,390.357,0.12844192057676926,0.12844192057676926
56,MOEA/D,437.924,0.14408163553392578,0.14408163553392578
56,MOEA/D,486.282,0.20230297198253927,0.20230297198253927
56,MOEA/D,549.857,0.3025880937578155,0.3025880937578155
56,MOEA/D,597.979,0.3342166390073166,0.3342166390073166
56,MOEA/D,644.842,0.34741676105938896,0.34741676105938896
56,MOEA/D,692.673,0.35806153363913074,0.35806153363913074
56,MOEA/D,742.907,0.3633865902371096,0.3633865902371096
56,MOEA/D,792.459,0.36306017870264407,0.3633865902371096
56,MOEA/D,842.257,0.36578072079967267,0.36578072079967267
56,MOEA/D,892.305,0.39529443282272086,0.39529443282272086
56,MOEA/D,940.823,0.4141965734268483,0.4141965734268483
56,MOEA/D,991.376,0.4154838982743062,0.4154838982743062
56,MOEA/D,1041.254,0.44842042597571785,0.44842042597571785
56,MOEA/D,1090.632,0.462506849176563,0.462506849176563
56,MOEA/D,1139.353,0.5008255561439816,0.5008255561439816
56,MOEA/D,1188.029,0.5614728872657392,0.5614728872657392
56,MOEA/D,1235.756,0.627666529768648,0.627666529768648
56,MOEA/D,1284.163,0.6507851155637083,0.6507851155637083
56,MOEA/D,1347.427,0.6609226918274689,0.6609226918274689
56,MOEA/D,1395.81,0.6619698552856031,0.6619698552856031
56,MOEA/D,1446.132,0.6626143974888794,0.6626143974888794
56,MOEA/D,1495.512,0.6627967641534941,0.6627967641534941
56,MOEA/D,1545.836,0.6619585300234836,0.6627967641534941
56,MOEA/D,1594.825,0.6858653750394629,0.6858653750394629
56,MOEA/D,1644.563,0.6987527743832577,0.6987527743832577
56,MOEA/D,1694.908,0.7023267078448814,0.7023267078448814
56,MOEA/D,1744.395,0.702349266104366,0.702349266104366
56,MOEA/D,1793.743,0.7073896410609456,0.7073896410609456
56,MOEA/D,1843.263,0.7076100471166268,0.7076100471166268
56,MOEA/D,1893.075,0.7210347044585999,0.7210347044585999
56,MOEA/D,1944.148,0.7206743713469949,0.7210347044585999
56,MOEA/D,1990.798,0.7216140478548241,0.7216140478548241
56,MOEA/D,2037.551,0.7217556282445967,0.7217556282445967
56,MOEA/D,2085.76,0.7221883355167553,0.7221883355167553
56,MOEA/D,2148.98,0.7259184276934386,0.7259184276934386
56,MOEA/D,2196.519,0.7271352645070709,0.7271352645070709
56,MOEA/D,2245.084,0.7321068643130186,0.7321068643130186
56,MOEA/D,2296.831,0.7282823354009293,0.7321068643130186
56,MOEA/D,2349.261,0.7288456957907393,0.7321068643130186
56,MOEA/D,2399.117,0.728607233880159,0.7321068643130186
56,MOEA/D,2448.703,0.7289861879635553,0.7321068643130186
56,MOEA/D,2497.975,0.7337789021222385,0.7337789021222385
56,MOEA/D,2547.086,0.7337123386529355,0.7337789021222385
56,MOEA/D,2597.891,0.7463088905690068,0.7463088905690068
56,MOEA/D,2646.854,0.7490407893871175,0.7490407893871175
56,MOEA/D,2696.111,0.7490632761262632,0.7490632761262632
56,MOEA/D,2745.804,0.7492030847784356,0.7492030847784356
56,MOEA/D,2795.173,0.7493000170507381,0.7493000170507381
56,MOEA/D,2845.2,0.7672476275719267,0.7672476275719267
56,MOEA/D,2894.957,0.7671834118271557,0.7672476275719267
56,MOEA/D,2944.522,0.7672942587892921,0.7672942587892921
56,MOEA/D,2994.708,0.7693925199633537,0.7693925199633537
56,MOEA/D,3045.036,0.7689607414184015,0.7693925199633537
56,MOEA/D,3094.71,0.7689863570613985,0.7693925199633537
56,MOEA/D,3145.08,0.7698602738182807,0.7698602738182807
56,MOEA/D,3192.659,0.7700100945306032,0.7700100945306032
56,MOEA/D,3240.339,0.7701398162228185,0.7701398162228185
56,MOEA/D,3256.739,0.7701398162228185,0.7701398162228185
57,AW-NSGA-II,48.328,0.0,0.0
57,AW-NSGA-II,96.774,0.0,0.0
57,AW-NSGA-II,149.569,0.0024966644309326663,0.0024966644309326663
57,AW-NSGA-II,197.199,0.013487150785162466,0.013487150785162466
57,AW-NSGA-II,248.167,0.1148164247521612,0.1148164247521612
57,AW-NSGA-II,296.578,0.18233039161946096,0.18233039161946096
57,AW-NSGA-II,347.585,0.24904823873609827,0.24904823873609827
57,AW-NSGA-II,399.196,0.3176102688673179,0.3176102688673179
57,AW-NSGA-II,449.998,0.3978567727207315,0.3978567727207315
57,AW-NSGA-II,496.136,0.4292713266918944,0.4292713266918944
57,AW-NSGA-II,547.602,0.46342824204736033,0.46342824204736033
57,AW-NSGA-II,598.382,0.4718141963900977,0.4718141963900977
57,AW-NSGA-II,646.073,0.5120555846628904,0.5120555846628904
57,AW-NSGA-II,696.439,0.5412270180239283,0.5412270180239283
57,AW-NSGA-II,747.599,0.5499875491943647,0.5499875491943647
57,AW-NSGA-II,799.848,0.6269516427533601,0.6269516427533601
57,AW-NSGA-II,848.712,0.6308292873569739,0.6308292873569739
57,AW-NSGA-II,858.49,0.6310570373530843,0.6310570373530843
57,MOEA/D,48.162,0.0,0.0
57,MOEA/D,97.524,0.0,0.0
57,MOEA/D,145.707,0.0,0.0
57,MOEA/D,193.37,0.0,0.0
57,MOEA/D,241.313,0.007585581509758623,0.007585581509758623
57,MOEA/D,288.538,0.025208063539890455,0.025208063539890455
57,MOEA/D,344.162,0.046447263348832354,0.046447263348832354
57,MOEA/D,392.186,0.04371820877358762,0.046447263348832354
57,MOEA/D,442.14,0.05820758410088348,0.05820758410088348
57,MOEA/D,490.252,0.07743668074166672,0.07743668074166672
57,MOEA/D,537.66,0.2421268837746648,0.2421268837746648
57,MOEA/D,599.436,0.37062170373836123,0.37062170373836123
57,MOEA/D,646.701,0.44480686151267845,0.44480686151267845
57,MOEA/D,695.078,0.47013477978930607,0.47013477978930607
57,MOEA/D,741.711,0.5604353779192379,0.5604353779192379
57,MOEA/D,789.375,0.5750652207280669,0.5750652207280669
57,MOEA/D,837.22,0.6318743134196372,0.6318743134196372
57,MOEA/D,885.545,0.633349123901378,0.633349123901378
57,MOEA/D,936.226,0.6600744721019611,0.6600744721019611
57,MOEA/D,986.014,0.663615810464979,0.663615810464979
57,MOEA/D,1035.44,0.6849581448796879,0.6849581448796879
57,MOEA/D,1086.011,0.6861207569330683,0.6861207569330683
57,MOEA/D,1135.95,0.687046599771269,0.687046599771269
57,MOEA/D,1187.155,0.6900643582067478,0.6900643582067478
57,MOEA/D,1238.086,0.6906126767568824,0.6906126767568824
57,MOEA/D,1287.369,0.7077532570124773,0.7077532570124773
57,MOEA/D,1337.203,0.7117057264155001,0.7117057264155001
57,MOEA/D,1386.381,0.7179934565408448,0.7179934565408448
57,MOEA/D,1434.812,0.7250368259884914,0.7250368259884914
57,MOEA/D,1484.882,0.7299272967114714,0.7299272967114714
57,MOEA/D,1547.615,0.7299446274454141,0.7299446274454141
57,MOEA/D,1595.011,0.7302993520468319,0.7302993520468319
57,MOEA/D,1641.831,0.7230304819553273,0.7302993520468319
57,MOEA/D,1691.004,0.7232891669421913,0.7302993520468319
57,MOEA/D,1740.73,0.7246020576864867,0.7302993520468319
57,MOEA/D,1793.243,0.7257749450974635,0.7302993520468319
57,MOEA/D,1838.19,0.7368231957171409,0.7368231957171409
57,MOEA/D,1892.698,0.7583234408212791,0.7583234408212791
57,MOEA/D,1941.108,0.7609218063910783,0.7609218063910783
57,MOEA/D,1986.723,0.7603251361719159,0.7609218063910783
57,MOEA/D,2047.985,0.7620314298478895,0.7620314298478895
57,MOEA/D,2095.62,0.7620314298478895,0.7620314298478895
57,MOEA/D,2143.547,0.7620314298478895,0.7620314298478895
57,MOEA/D,2191.112,0.7622174223575371,0.7622174223575371
57,MOEA/D,2239.212,0.7622174223575371,0.7622174223575371
57,MOEA/D,2290.282,0.7622174223575371,0.7622174223575371
57,MOEA/D,2337.343,0.7622174223575371,0.7622174223575371
57,MOEA/D,2384.781,0.7622174223575371,0.7622174223575371
57,MOEA/D,2447.667,0.7622174223575371,0.7622174223575371
57,MOEA/D,2495.488,0.7622174223575371,0.7622174223575371
57,MOEA/D,2542.767,0.7622174223575371,0.7622174223575371
57,MOEA/D,2590.285,0.7635240283211453,0.7635240283211453
57,MOEA/D,2638.104,0.7637903300822821,0.7637903300822821
57,MOEA/D,2684.587,0.7638614666956858,0.7638614666956858
57,MOEA/D,2748.422,0.764336347686367,0.764336347686367
57,MOEA/D,2794.834,0.8058601938730158,0.8058601938730158
57,MOEA/D,2841.597,0.8058601938730158,0.8058601938730158
57,MOEA/D,2889.963,0.8062643473921919,0.8062643473921919
57,MOEA/D,2936.937,0.806283614011036,0.806283614011036
57,MOEA/D,2986.494,0.8067908617251831,0.8067908617251831
57,MOEA/D,3033.771,0.8068813104775792,0.8068813104775792
57,MOEA/D,3097.222,0.809215136275262,0.809215136275262
57,MOEA/D,3143.942,0.811303074309101,0.811303074309101
57,MOEA/D,3193.051,0.8137611718751459,0.8137611718751459
57,MOEA/D,3209.031,0.8137611718751459,0.8137611718751459
58,AW-NSGA-II,47.707,0.0,0.0
58,AW-NSGA-II,99.851,0.000298215605569827,0.000298215605569827
58,AW-NSGA-II,148.647,0.09003790943644485,0.09003790943644485
58,AW-NSGA-II,198.906,0.12440364542244992,0.12440364542244992
58,AW-NSGA-II,245.972,0.14936217139057323,0.14936217139057323
58,AW-NSGA-II,296.908,0.18015188436847956,0.18015188436847956
58,AW-NSGA-II,348.146,0.19337221952136074,0.19337221952136074
58,AW-NSGA-II,399.206,0.2145755061462213,0.2145755061462213
58,AW-NSGA-II,448.475,0.23739194993533633,0.23739194993533633
58,AW-NSGA-II,498.62,0.2658148443470185,0.2658148443470185
58,AW-NSGA-II,549.991,0.27424205892685344,0.27424205892685344
58,AW-NSGA-II,599.586,0.27905105100119393,0.27905105100119393
58,AW-NSGA-II,649.301,0.2891591915783821,0.2891591915783821
58,AW-NSGA-II,696.651,0.2907397178859057,0.2907397178859057
58,AW-NSGA-II,747.934,0.3064021844019966,0.3064021844019966
58,AW-NSGA-II,799.151,0.31067833801158795,0.31067833801158795
58,AW-NSGA-II,840.654,0.3394051927464302,0.3394051927464302
58,MOEA/D,33.709,0.0,0.0
58,MOEA/D,99.752,0.0,0.0
58,MOEA/D,149.333,0.0,0.0
58,MOEA/D,199.801,0.0022050418055442104,0.0022050418055442104
58,MOEA/D,248.885,0.005414257616119658,0.005414257616119658
58,MOEA/D,297.96,0.0018951028141081163,0.005414257616119658
58,MOEA/D,348.312,0.017717869097603846,0.017717869097603846
58,MOEA/D,396.308,0.02613094107728222,0.02613094107728222
58,MOEA/D,446.415,0.11940528477167603,0.11940528477167603
58,MOEA/D,495.186,0.1940254354924676,0.1940254354924676
58,MOEA/D,543.631,0.3032960841614526,0.3032960841614526
58,MOEA/D,592.68,0.28371891290571477,0.3032960841614526
58,MOEA/D,641.925,0.2893432429727628,0.3032960841614526
58,MOEA/D,690.541,0.30872136210409495,0.30872136210409495
58,MOEA/D,740.259,0.30567170537320404,0.30872136210409495
58,MOEA/D,787.967,0.33516817777141333,0.33516817777141333
58,MOEA/D,836.945,0.37391032647285016,0.37391032647285016
58,MOEA/D,886.063,0.4075991257658205,0.4075991257658205
58,MOEA/D,933.671,0.43424082271825754,0.43424082271825754
58,MOEA/D,997.948,0.4482857132609513,0.4482857132609513
58,MOEA/D,1044.834,0.4507615113904621,0.4507615113904621
58,MOEA/D,1094.138,0.4500606498629234,0.4507615113904621
58,MOEA/D,1143.371,0.44422233015469975,0.4507615113904621
58,MOEA/D,1192.868,0.4724863907469698,0.4724863907469698
58,MOEA/D,1241.837,0.474333163438834,0.474333163438834
58,MOEA/D,1291.084,0.4867293596560429,0.4867293596560429
58,MOEA/D,1341.682,0.5332739776533855,0.5332739776533855
58,MOEA/D,1393.072,0.534678998433848,0.534678998433848
58,MOEA/D,1445.949,0.536126667335703,0.536126667335703
58,MOEA/D,1496.549,0.5438745500070618,0.5438745500070618
58,MOEA/D,1548.415,0.5444414114961029,0.5444414114961029
58,MOEA/D,1599.034,0.5639779973277488,0.5639779973277488
58,MOEA/D,1646.942,0.5934005207927562,0.5934005207927562
58,MOEA/D,1695.756,0.6348367894580005,0.6348367894580005
58,MOEA/D,1745.007,0.6352166025569652,0.6352166025569652
58,MOEA/D,1795.175,0.6375015912250452,0.6375015912250452
58,MOEA/D,1844.168,0.638622215209432,0.638622215209432
58,MOEA/D,1892.902,0.6385795652271602,0.638622215209432
58,MOEA/D,1942.162,0.6386898350504293,0.6386898350504293
58,MOEA/D,1990.321,0.639004685784675,0.639004685784675
58,MOEA/D,2037.882,0.6386173802687518,0.639004685784675
58,MOEA/D,2086.19,0.6332250803242063,0.639004685784675
58,MOEA/D,2149.697,0.6332250803242063,0.639004685784675
58,MOEA/D,2197.595,0.6332250803242063,0.639004685784675
58,MOEA/D,2245.265,0.6352495122463598,0.639004685784675
58,MOEA/D,2293.099,0.6498955536054347,0.6498955536054347
58,MOEA/D,2341.141,0.6512092838619891,0.6512092838619891
58,MOEA/D,2389.323,0.64948505185708,0.6512092838619891
58,MOEA/D,2438.572,0.64948505185708,0.6512092838619891
58,MOEA/D,2485.955,0.64948505185708,0.6512092838619891
58,MOEA/D,2549.445,0.6545545749095386,0.6545545749095386
58,MOEA/D,2597.315,0.6765853086345648,0.6765853086345648
58,MOEA/D,2645.34,0.6917770523670537,0.6917770523670537
58,MOEA/D,2693.73,0.6917770523670537,0.6917770523670537
58,MOEA/D,2742.105,0.7313222115581484,0.7313222115581484
58,MOEA/D,2790.978,0.7422392083686171,0.7422392083686171
58,MOEA/D,2838.503,0.7570861123189463,0.7570861123189463
58,MOEA/D,2886.574,0.7572614487387722,0.7572614487387722
58,MOEA/D,2949.321,0.7576939438039663,0.7576939438039663
58,MOEA/D,2997.088,0.7721810336431386,0.7721810336431386
58,MOEA/D,3045.563,0.7846217056679753,0.7846217056679753
58,MOEA/D,3093.119,0.7846217056679753,0.7846217056679753
58,MOEA/D,3140.53,0.7848445092890934,0.7848445092890934
58,MOEA/D,3187.178,0.785445067588006,0.785445067588006
58,MOEA/D,3234.42,0.7884259434613856,0.7884259434613856
59,AW-NSGA-II,46.519,0.0,0.0
59,AW-NSGA-II,99.924,0.0,0.0
59,AW-NSGA-II,148.538,0.0,0.0
59,AW-NSGA-II,198.424,0.002789948700633296,0.002789948700633296
59,AW-NSGA-II,248.771,0.007250768030392862,0.007250768030392862
59,AW-NSGA-II,295.875,0.03019886062064931,0.03019886062064931
59,AW-NSGA-II,346.405,0.11773574648340564,0.11773574648340564
59,AW-NSGA-II,395.773,0.17883704241459983,0.17883704241459983
59,AW-NSGA-II,447.26,0.23957592445699188,0.23957592445699188
59,AW-NSGA-II,498.231,0.2758344068825869,0.2758344068825869
59,AW-NSGA-II,549.648,0.3138364970595409,0.3138364970595409
59,AW-NSGA-II,595.993,0.3296134928551066,0.3296134928551066
59,AW-NSGA-II,647.444,0.3706397575452734,0.3706397575452734
59,AW-NSGA-II,698.456,0.45801834320008805,0.45801834320008805
59,AW-NSGA-II,748.848,0.5140712877003537,0.5140712877003537
59,AW-NSGA-II,799.515,0.5251872360263974,0.5251872360263974
59,AW-NSGA-II,838.021,0.5307236157493338,0.5307236157493338
59,MOEA/D,47.531,0.0,0.0
59,MOEA/D,95.266,0.0,0.0
59,MOEA/D,143.077,0.0,0.0
59,MOEA/D,190.585,0.0,0.0
59,MOEA/D,237.735,0.0,0.0
59,MOEA/D,284.559,0.0,0.0
59,MOEA/D,333.791,0.0,0.0
59,MOEA/D,397.675,0.0,0.0
59,MOEA/D,445.98,0.0,0.0
59,MOEA/D,493.766,0.009691839636696486,0.009691839636696486
59,MOEA/D,540.893,0.030849553606534554,0.030849553606534554
59,MOEA/D,590.946,0.057935356436812,0.057935356436812
59,MOEA/D,640.477,0.0602764180043462,0.0602764180043462
59,MOEA/D,687.703,0.0619712275695098,0.0619712275695098
59,MOEA/D,734.553,0.06222092930435652,0.06222092930435652
59,MOEA/D,797.885,0.09974897972890738,0.09974897972890738
59,MOEA/D,845.833,0.10759804312924805,0.10759804312924805
59,MOEA/D,893.429,0.11558197028052225,0.11558197028052225
59,MOEA/D,940.963,0.12633934037265498,0.12633934037265498
59,MOEA/D,990.306,0.13362517460921514,0.13362517460921514
59,MOEA/D,1037.522,0.13522932258143444,0.13522932258143444
59,MOEA/D,1085.791,0.16372700208622565,0.16372700208622565
59,MOEA/D,1134.343,0.1954224439821421,0.1954224439821421
59,MOEA/D,1197.221,0.2126538831732757,0.2126538831732757
59,MOEA/D,1245.512,0.22381789118346432,0.22381789118346432
59,MOEA/D,1293.72,0.232908876887758,0.232908876887758
59,MOEA/D,1340.994,0.24106614944480953,0.24106614944480953
59,MOEA/D,1388.978,0.2847560367676517,0.2847560367676517
59,MOEA/D,1436.419,0.2854442741612607,0.2854442741612607
59,MOEA/D,1484.886,0.31792293824642814,0.31792293824642814
59,MOEA/D,1548.946,0.33100341561315094,0.33100341561315094
59,MOEA/D,1597.777,0.33107312718742554,0.33107312718742554
59,MOEA/D,1645.703,0.3438169496093255,0.3438169496093255
59,MOEA/D,1693.401,0.3483376705876248,0.3483376705876248
59,MOEA/D,1740.551,0.34857295066487354,0.34857295066487354
59,MOEA/D,1789.274,0.3660370188243231,0.3660370188243231
59,MOEA/D,1837.172,0.37243791086866684,0.37243791086866684
59,MOEA/D,1886.673,0.38444095453176463,0.38444095453176463
59,MOEA/D,1936.641,0.37621169016578004,0.38444095453176463
59,MOEA/D,1985.801,0.37696740799301276,0.38444095453176463
59,MOEA/D,2034.791,0.3804392952875594,0.38444095453176463
59,MOEA/D,2084.301,0.3804392952875594,0.38444095453176463
59,MOEA/D,2149.88,0.4100644197535895,0.4100644197535895
59,MOEA/D,2198.036,0.4114783283956079,0.4114783283956079
59,MOEA/D,2245.893,0.41248731946264006,0.41248731946264006
59,MOEA/D,2293.986,0.47990882756212816,0.47990882756212816
59,MOEA/D,2341.54,0.5738452879674372,0.5738452879674372
59,MOEA/D,2389.121,0.5764786510360096,0.5764786510360096
59,MOEA/D,2436.868,0.5806510699413878,0.5806510699413878
59,MOEA/D,2484.711,0.5838874335809439,0.5838874335809439
59,MOEA/D,2548.202,0.6055498581071377,0.6055498581071377
59,MOEA/D,2596.008,0.600502483321502,0.6055498581071377
59,MOEA/D,2644.809,0.6122545654969116,0.6122545654969116
59,MOEA/D,2692.802,0.6429816793116376,0.6429816793116376
59,MOEA/D,2741.499,0.6493503036006594,0.6493503036006594
59,MOEA/D,2790.631,0.6539185561069598,0.6539185561069598
59,MOEA/D,2841.207,0.6680707971849155,0.6680707971849155
59,MOEA/D,2889.9,0.6699864229620913,0.6699864229620913
59,MOEA/D,2939.378,0.6767087189622142,0.6767087189622142
59,MOEA/D,2988.938,0.6767098056636708,0.6767098056636708
59,MOEA/D,3038.598,0.6767098056636708,0.6767098056636708
59,MOEA/D,3086.463,0.6791881479739612,0.6791881479739612
59,MOEA/D,3135.421,0.6747083524993848,0.6791881479739612
59,MOEA/D,3184.135,0.6747869851399413,0.6791881479739612
59,MOEA/D,3200.895,0.6746766614006137,0.6791881479739612
60,AW-NSGA-II,47.083,0.0,0.0
60,AW-NSGA-II,96.42,4.0966142044097656e-05,4.0966142044097656e-05
60,AW-NSGA-II,145.839,0.017794178582498595,0.017794178582498595
60,AW-NSGA-II,196.62,0.0836670011853698,0.0836670011853698
60,AW-NSGA-II,246.719,0.1334636639858548,0.1334636639858548
60,AW-NSGA-II,298.959,0.22763550409968253,0.22763550409968253
60,AW-NSGA-II,345.906,0.2608148227450485,0.2608148227450485
60,AW-NSGA-II,396.236,0.2880234738893126,0.2880234738893126
60,AW-NSGA-II,446.47,0.35312310071886366,0.35312310071886366
60,AW-NSGA-II,499.167,0.4033395748572115,0.4033395748572115
60,AW-NSGA-II,546.976,0.4186327417230665,0.4186327417230665
60,AW-NSGA-II,596.803,0.4383801306249701,0.4383801306249701
60,AW-NSGA-II,647.012,0.4593388342802941,0.4593388342802941
60,AW-NSGA-II,697.356,0.47147394516796065,0.47147394516796065
60,AW-NSGA-II,748.07,0.4886966636944236,0.4886966636944236
60,AW-NSGA-II,799.327,0.4963415056419448,0.4963415056419448
60,AW-NSGA-II,843.135,0.5035423292518975,0.5035423292518975
60,MOEA/D,47.998,0.0,0.0
60,MOEA/D,97.0,0.0,0.0
60,MOEA/D,144.836,0.0003609570645010006,0.0003609570645010006
60,MOEA/D,192.934,0.0008651728330319422,0.0008651728330319422
60,MOEA/D,239.637,0.036245397589450425,0.036245397589450425
60,MOEA/D,287.588,0.037010699783869214,0.037010699783869214
60,MOEA/D,335.817,0.09881040110682988,0.09881040110682988
60,MOEA/D,386.642,0.1128785928322504,0.1128785928322504
60,MOEA/D,438.21,0.14803358553986262,0.14803358553986262
60,MOEA/D,487.994,0.19082715742007436,0.19082715742007436
60,MOEA/D,536.121,0.20190525404254112,0.20190525404254112
60,MOEA/D,599.881,0.22569164941043313,0.22569164941043313
60,MOEA/D,648.478,0.3106339030573262,0.3106339030573262
60,MOEA/D,696.126,0.3172736241557659,0.3172736241557659
60,MOEA/D,745.154,0.3523033716508892,0.3523033716508892
60,MOEA/D,795.076,0.3650897425447108,0.3650897425447108
60,MOEA/D,844.881,0.37425736474624227,0.37425736474624227
60,MOEA/D,894.891,0.3891014558561524,0.3891014558561524
60,MOEA/D,947.293,0.39433207477590204,0.39433207477590204
60,MOEA/D,982.549,0.38584318410464774,0.39433207477590204
60,MOEA/D,1035.413,0.39019723836484443,0.39433207477590204
60,MOEA/D,1086.738,0.39203556695735753,0.39433207477590204
60,MOEA/D,1140.239,0.40564176714910166,0.40564176714910166
60,MOEA/D,1193.461,0.414018957519668,0.414018957519668
60,MOEA/D,1245.079,0.4189471844027566,0.4189471844027566
60,MOEA/D,1296.878,0.480570670501702,0.480570670501702
60,MOEA/D,1332.666,0.480570670501702,0.480570670501702
60,MOEA/D,1384.886,0.5057206896814609,0.5057206896814609
60,MOEA/D,1435.759,0.6190100511444099,0.6190100511444099
60,MOEA/D,1485.244,0.5744007889733845,0.6190100511444099
60,MOEA/D,1534.525,0.6110261450033785,0.6190100511444099
60,MOEA/D,1596.865,0.6158371844110268,0.6190100511444099
60,MOEA/D,1646.069,0.6202698708556661,0.6202698708556661
60,MOEA/D,1692.815,0.7241703783935542,0.7241703783935542
60,MOEA/D,1740.197,0.728304092153416,0.728304092153416
60,MOEA/D,1788.154,0.7377507133368559,0.7377507133368559
60,MOEA/D,1836.921,0.7401322824428789,0.7401322824428789
60,MOEA/D,1884.487,0.7475735857702208,0.7475735857702208
60,MOEA/D,1947.326,0.7488361283092839,0.7488361283092839
60,MOEA/D,1994.393,0.7516160455562755,0.7516160455562755
60,MOEA/D,2043.372,0.7544022301331503,0.7544022301331503
60,MOEA/D,2092.23,0.7948776977000818,0.7948776977000818
60,MOEA/D,2140.337,0.8163870575738377,0.8163870575738377
60,MOEA/D,2187.737,0.8165299134797717,0.8165299134797717
60,MOEA/D,2235.639,0.8585849075199401,0.8585849075199401
60,MOEA/D,2297.56,0.8585849075199401,0.8585849075199401
60,MOEA/D,2345.193,0.8637053365514087,0.8637053365514087
60,MOEA/D,2392.539,0.8638821589735086,0.8638821589735086
60,MOEA/D,2440.15,0.8663309230808283,0.8663309230808283
60,MOEA/D,2486.961,0.8652534811656988,0.8663309230808283
60,MOEA/D,2534.238,0.8800538343486782,0.8800538343486782
60,MOEA/D,2597.535,0.8840146131700032,0.8840146131700032
60,MOEA/D,2645.921,0.8840266117181407,0.8840266117181407
60,MOEA/D,2693.994,0.8894999392811391,0.8894999392811391
60,MOEA/D,2741.848,0.8942975772300858,0.8942975772300858
60,MOEA/D,2789.969,0.8942069253234122,0.8942975772300858
60,MOEA/D,2838.391,0.8957030083539486,0.8957030083539486
60,MOEA/D,2885.157,0.8946384958396646,0.8957030083539486
60,MOEA/D,2949.551,0.8946384958396646,0.8957030083539486
60,MOEA/D,2996.167,0.8982667242678426,0.8982667242678426
60,MOEA/D,3042.885,0.8993437974706173,0.8993437974706173
60,MOEA/D,3091.403,0.8995115832785349,0.8995115832785349
60,MOEA/D,3138.713,0.9000799355504561,0.9000799355504561
60,MOEA/D,3186.004,0.9000741597114583,0.9000799355504561
60,MOEA/D,3234.84,0.900184271737162,0.900184271737162
