scenario,strategy,seed,instance,t_ev,f1_base,f1_event,deg_pct,timeout,response_ms,replan_evals,warn_t,warn_agv,n_warned,n_agv,event_fired,replan_applied,maint_enter
congestion,EHCO,1,0,150.0,337.0,588.0,74.4807121661721,0,137.26740000129212,4000.0,None,None,0,10,1,0,
congestion,A*-GA,1,0,150.0,313.0,635.0,102.87539936102237,0,None,None,None,None,0,10,1,0,
congestion,EHCO,2,0,150.0,307.0,574.0,86.97068403908796,0,135.77490000170656,4000.0,None,None,0,10,1,1,
congestion,A*-GA,2,0,150.0,304.0,628.0,106.57894736842107,0,None,None,None,None,0,10,1,0,
congestion,EHCO,3,0,150.0,303.0,552.0,82.17821782178217,0,125.60389999998733,4000.0,None,None,0,10,1,1,
congestion,A*-GA,3,0,150.0,304.0,561.0,84.53947368421053,0,None,None,None,None,0,10,1,0,
congestion,EHCO,4,0,150.0,299.0,519.0,73.57859531772574,0,128.34319999819854,4000.0,None,None,0,10,1,0,
congestion,A*-GA,4,0,150.0,302.0,559.0,85.09933774834437,0,None,None,None,None,0,10,1,0,
congestion,EHCO,5,0,150.0,321.0,569.0,77.25856697819314,0,131.0144999952172,4000.0,None,None,0,10,1,0,
congestion,A*-GA,5,0,150.0,318.0,639.0,100.9433962264151,0,None,None,None,None,0,10,1,0,
congestion,EHCO,6,0,150.0,352.0,592.0,68.18181818181817,0,124.10040000395384,4000.0,None,None,0,10,1,1,
congestion,A*-GA,6,0,150.0,312.0,638.0,104.48717948717949,0,None,None,None,None,0,10,1,0,
congestion,EHCO,7,0,150.0,305.0,556.0,82.29508196721311,0,125.94420000095852,4000.0,None,None,0,10,1,0,
congestion,A*-GA,7,0,150.0,313.0,621.0,98.40255591054313,0,None,None,None,None,0,10,1,0,
congestion,EHCO,8,0,150.0,347.0,708.0,104.03458213256485,0,131.87449999531964,4000.0,None,None,0,10,1,0,
congestion,A*-GA,8,0,150.0,312.0,572.0,83.33333333333334,0,None,None,None,None,0,10,1,0,
congestion,EHCO,9,0,150.0,317.0,622.0,96.21451104100946,0,123.52490000193939,4000.0,None,None,0,10,1,1,
congestion,A*-GA,9,0,150.0,303.0,553.0,82.50825082508251,0,None,None,None,None,0,10,1,0,
congestion,EHCO,10,0,150.0,292.0,541.0,85.27397260273972,0,125.32729999657022,4000.0,None,None,0,10,1,1,
congestion,A*-GA,10,0,150.0,278.0,518.0,86.33093525179856,0,None,None,None,None,0,10,1,0,
congestion,EHCO,11,0,150.0,454.0,508.0,11.894273127753303,0,133.30750000022817,4000.0,None,None,0,10,1,1,
congestion,A*-GA,11,0,150.0,310.0,594.0,91.61290322580645,0,None,None,None,None,0,10,1,0,
congestion,EHCO,12,0,150.0,306.0,631.0,106.20915032679738,0,140.5432000028668,4000.0,None,None,0,10,1,1,
congestion,A*-GA,12,0,150.0,310.0,559.0,80.3225806451613,0,None,None,None,None,0,10,1,0,
congestion,EHCO,13,0,150.0,361.0,612.0,69.52908587257618,0,118.7664000026416,4000.0,None,None,0,10,1,1,
congestion,A*-GA,13,0,150.0,294.0,552.0,87.75510204081633,0,None,None,None,None,0,10,1,0,
congestion,EHCO,14,0,150.0,278.0,483.0,73.7410071942446,0,134.20790000236593,4000.0,None,None,0,10,1,1,
congestion,A*-GA,14,0,150.0,296.0,518.0,75.0,0,None,None,None,None,0,10,1,0,
congestion,EHCO,15,0,150.0,349.0,519.0,48.71060171919771,0,135.1488000000245,4000.0,None,None,0,10,1,1,
congestion,A*-GA,15,0,150.0,301.0,596.0,98.00664451827242,0,None,None,None,None,0,10,1,0,
congestion,EHCO,16,0,150.0,291.0,484.0,66.32302405498281,0,139.9410000012722,4000.0,None,None,0,10,1,0,
congestion,A*-GA,16,0,150.0,297.0,577.0,94.27609427609428,0,None,None,None,None,0,10,1,0,
congestion,EHCO,17,0,150.0,380.0,685.0,80.26315789473685,0,128.86549999529961,4000.0,None,None,0,10,1,1,
congestion,A*-GA,17,0,150.0,294.0,604.0,105.44217687074831,0,None,None,None,None,0,10,1,0,
congestion,EHCO,18,0,150.0,309.0,558.0,80.58252427184466,0,124.53800000366755,4000.0,None,None,0,10,1,0,
congestion,A*-GA,18,0,150.0,314.0,660.0,110.19108280254777,0,None,None,None,None,0,10,1,0,
congestion,EHCO,19,0,150.0,345.0,540.0,56.52173913043478,0,119.00890000106301,4000.0,None,None,0,10,1,1,
congestion,A*-GA,19,0,150.0,298.0,518.0,73.8255033557047,0,None,None,None,None,0,10,1,0,
congestion,EHCO,20,0,150.0,293.0,438.0,49.48805460750853,0,128.49710000591585,4000.0,None,None,0,10,1,1,
congestion,A*-GA,20,0,150.0,299.0,565.0,88.96321070234113,0,None,None,None,None,0,10,1,0,
congestion,EHCO,21,0,150.0,284.0,503.0,77.11267605633803,0,127.39539999893168,4000.0,None,None,0,10,1,1,
congestion,A*-GA,21,0,150.0,304.0,600.0,97.36842105263158,0,None,None,None,None,0,10,1,0,
congestion,EHCO,22,0,150.0,287.0,528.0,83.97212543554006,0,121.50630000542151,4000.0,None,None,0,10,1,1,
congestion,A*-GA,22,0,150.0,307.0,515.0,67.75244299674267,0,None,None,None,None,0,10,1,0,
congestion,EHCO,23,0,150.0,362.0,782.0,116.02209944751381,0,123.47990000125719,4000.0,None,None,0,10,1,1,
congestion,A*-GA,23,0,150.0,319.0,559.0,75.23510971786834,0,None,None,None,None,0,10,1,0,
congestion,EHCO,24,0,150.0,312.0,605.0,93.91025641025641,0,126.79039999784436,4000.0,None,None,0,10,1,1,
congestion,A*-GA,24,0,150.0,293.0,545.0,86.00682593856655,0,None,None,None,None,0,10,1,0,
congestion,EHCO,25,0,150.0,372.0,562.0,51.075268817204304,0,144.10189999762224,4000.0,None,None,0,10,1,1,
congestion,A*-GA,25,0,150.0,292.0,555.0,90.06849315068493,0,None,None,None,None,0,10,1,0,
congestion,EHCO,26,0,150.0,324.0,545.0,68.20987654320987,0,121.08279999665683,4000.0,None,None,0,10,1,1,
congestion,A*-GA,26,0,150.0,276.0,498.0,80.43478260869566,0,None,None,None,None,0,10,1,0,
congestion,EHCO,27,0,150.0,296.0,584.0,97.2972972972973,0,136.0322999971686,4000.0,None,None,0,10,1,0,
congestion,A*-GA,27,0,150.0,304.0,611.0,100.98684210526316,0,None,None,None,None,0,10,1,0,
congestion,EHCO,28,0,150.0,412.0,574.0,39.32038834951456,0,135.32130000385223,4000.0,None,None,0,10,1,1,
congestion,A*-GA,28,0,150.0,321.0,573.0,78.50467289719626,0,None,None,None,None,0,10,1,0,
congestion,EHCO,29,0,150.0,369.0,483.0,30.89430894308943,0,129.8781000004965,4000.0,None,None,0,10,1,1,
congestion,A*-GA,29,0,150.0,305.0,615.0,101.63934426229508,0,None,None,None,None,0,10,1,0,
congestion,EHCO,30,0,150.0,353.0,518.0,46.742209631728045,0,118.46220000006724,4000.0,None,None,0,10,1,0,
congestion,A*-GA,30,0,150.0,287.0,466.0,62.36933797909408,0,None,None,None,None,0,10,1,0,
congestion,EHCO,1,1,201.83628993137137,337.0,615.0,82.49258160237389,0,101.92600000300445,4000.0,None,None,0,10,1,1,
congestion,A*-GA,1,1,201.83628993137137,313.0,579.0,84.98402555910543,0,None,None,None,None,0,10,1,0,
congestion,EHCO,2,1,201.83628993137137,307.0,437.0,42.34527687296417,0,107.83280000032391,4000.0,None,None,0,10,1,1,
congestion,A*-GA,2,1,201.83628993137137,304.0,521.0,71.38157894736842,0,None,None,None,None,0,10,1,0,
congestion,EHCO,3,1,201.83628993137137,303.0,464.0,53.135313531353134,0,102.25599999830592,4000.0,None,None,0,10,1,0,
congestion,A*-GA,3,1,201.83628993137137,304.0,557.0,83.22368421052632,0,None,None,None,None,0,10,1,0,
congestion,EHCO,4,1,201.83628993137137,299.0,612.0,104.68227424749163,0,114.68169999716338,4000.0,None,None,0,10,1,1,
congestion,A*-GA,4,1,201.83628993137137,302.0,466.0,54.3046357615894,0,None,None,None,None,0,10,1,0,
congestion,EHCO,5,1,201.83628993137137,321.0,469.0,46.10591900311526,0,113.00489999848651,4000.0,None,None,0,10,1,1,
congestion,A*-GA,5,1,201.83628993137137,318.0,513.0,61.32075471698113,0,None,None,None,None,0,10,1,0,
congestion,EHCO,6,1,201.83628993137137,352.0,649.0,84.375,0,106.91709999809973,4000.0,None,None,0,10,1,1,
congestion,A*-GA,6,1,201.83628993137137,312.0,592.0,89.74358974358975,0,None,None,None,None,0,10,1,0,
congestion,EHCO,7,1,201.83628993137137,305.0,531.0,74.09836065573771,0,104.94859999744222,4000.0,None,None,0,10,1,1,
congestion,A*-GA,7,1,201.83628993137137,313.0,609.0,94.56869009584665,0,None,None,None,None,0,10,1,0,
congestion,EHCO,8,1,201.83628993137137,347.0,486.0,40.05763688760807,0,120.1264999981504,4000.0,None,None,0,10,1,1,
congestion,A*-GA,8,1,201.83628993137137,312.0,507.0,62.5,0,None,None,None,None,0,10,1,0,
congestion,EHCO,9,1,201.83628993137137,317.0,494.0,55.83596214511041,0,116.17470000055619,4000.0,None,None,0,10,1,0,
congestion,A*-GA,9,1,201.83628993137137,303.0,556.0,83.4983498349835,0,None,None,None,None,0,10,1,0,
congestion,EHCO,10,1,201.83628993137137,292.0,422.0,44.52054794520548,0,102.40009999688482,4000.0,None,None,0,10,1,0,
congestion,A*-GA,10,1,201.83628993137137,278.0,440.0,58.27338129496403,0,None,None,None,None,0,10,1,0,
congestion,EHCO,11,1,201.83628993137137,454.0,651.0,43.392070484581495,0,107.89240000303835,4000.0,None,None,0,10,1,1,
congestion,A*-GA,11,1,201.83628993137137,310.0,604.0,94.83870967741936,0,None,None,None,None,0,10,1,0,
congestion,EHCO,12,1,201.83628993137137,306.0,625.0,104.2483660130719,0,111.72050000459421,4000.0,None,None,0,10,1,1,
congestion,A*-GA,12,1,201.83628993137137,310.0,526.0,69.6774193548387,0,None,None,None,None,0,10,1,0,
congestion,EHCO,13,1,201.83628993137137,361.0,561.0,55.4016620498615,0,112.5501999995322,4000.0,None,None,0,10,1,1,
congestion,A*-GA,13,1,201.83628993137137,294.0,578.0,96.5986394557823,0,None,None,None,None,0,10,1,0,
congestion,EHCO,14,1,201.83628993137137,278.0,414.0,48.92086330935252,0,106.70569999638246,4000.0,None,None,0,10,1,0,
congestion,A*-GA,14,1,201.83628993137137,296.0,536.0,81.08108108108108,0,None,None,None,None,0,10,1,0,
congestion,EHCO,15,1,201.83628993137137,349.0,607.0,73.92550143266476,0,103.77030000381637,4000.0,None,None,0,10,1,1,
congestion,A*-GA,15,1,201.83628993137137,301.0,567.0,88.37209302325581,0,None,None,None,None,0,10,1,0,
congestion,EHCO,16,1,201.83628993137137,291.0,450.0,54.63917525773196,0,113.0468000046676,4000.0,None,None,0,10,1,0,
congestion,A*-GA,16,1,201.83628993137137,297.0,559.0,88.21548821548821,0,None,None,None,None,0,10,1,0,
congestion,EHCO,17,1,201.83628993137137,380.0,428.0,12.631578947368421,0,111.42910000489792,4000.0,None,None,0,10,1,1,
congestion,A*-GA,17,1,201.83628993137137,294.0,504.0,71.42857142857143,0,None,None,None,None,0,10,1,0,
congestion,EHCO,18,1,201.83628993137137,309.0,548.0,77.34627831715211,0,114.5498999976553,4000.0,None,None,0,10,1,0,
congestion,A*-GA,18,1,201.83628993137137,314.0,653.0,107.96178343949046,0,None,None,None,None,0,10,1,0,
congestion,EHCO,19,1,201.83628993137137,345.0,359.0,4.057971014492753,0,96.81219999765744,4000.0,None,None,0,10,1,1,
congestion,A*-GA,19,1,201.83628993137137,298.0,468.0,57.04697986577181,0,None,None,None,None,0,10,1,0,
congestion,EHCO,20,1,201.83628993137137,293.0,476.0,62.45733788395904,0,102.09439999744063,4000.0,None,None,0,10,1,1,
congestion,A*-GA,20,1,201.83628993137137,299.0,519.0,73.57859531772574,0,None,None,None,None,0,10,1,0,
congestion,EHCO,21,1,201.83628993137137,284.0,740.0,160.56338028169014,0,104.17310000048019,4000.0,None,None,0,10,1,1,
congestion,A*-GA,21,1,201.83628993137137,304.0,571.0,87.82894736842105,0,None,None,None,None,0,10,1,0,
congestion,EHCO,22,1,201.83628993137137,287.0,526.0,83.27526132404182,0,96.29239999776473,4000.0,None,None,0,10,1,1,
congestion,A*-GA,22,1,201.83628993137137,307.0,538.0,75.2442996742671,0,None,None,None,None,0,10,1,0,
congestion,EHCO,23,1,201.83628993137137,362.0,617.0,70.44198895027624,0,106.53040000033798,4000.0,None,None,0,10,1,0,
congestion,A*-GA,23,1,201.83628993137137,319.0,563.0,76.48902821316614,0,None,None,None,None,0,10,1,0,
congestion,EHCO,24,1,201.83628993137137,312.0,568.0,82.05128205128204,0,106.26359999878332,4000.0,None,None,0,10,1,1,
congestion,A*-GA,24,1,201.83628993137137,293.0,569.0,94.19795221843003,0,None,None,None,None,0,10,1,0,
congestion,EHCO,25,1,201.83628993137137,372.0,522.0,40.32258064516129,0,122.99809999967692,4000.0,None,None,0,10,1,1,
congestion,A*-GA,25,1,201.83628993137137,292.0,495.0,69.52054794520548,0,None,None,None,None,0,10,1,0,
congestion,EHCO,26,1,201.83628993137137,324.0,473.0,45.98765432098765,0,105.3678999960539,4000.0,None,None,0,10,1,1,
congestion,A*-GA,26,1,201.83628993137137,276.0,409.0,48.188405797101446,0,None,None,None,None,0,10,1,0,
congestion,EHCO,27,1,201.83628993137137,296.0,569.0,92.22972972972973,0,106.19579999911366,4000.0,None,None,0,10,1,1,
congestion,A*-GA,27,1,201.83628993137137,304.0,619.0,103.61842105263158,0,None,None,None,None,0,10,1,0,
congestion,EHCO,28,1,201.83628993137137,412.0,819.0,98.7864077669903,0,104.30990000168094,4000.0,None,None,0,10,1,1,
congestion,A*-GA,28,1,201.83628993137137,321.0,594.0,85.04672897196261,0,None,None,None,None,0,10,1,0,
congestion,EHCO,29,1,201.83628993137137,369.0,664.0,79.94579945799458,0,106.15359999792418,4000.0,None,None,0,10,1,1,
congestion,A*-GA,29,1,201.83628993137137,305.0,597.0,95.73770491803279,0,None,None,None,None,0,10,1,0,
congestion,EHCO,30,1,201.83628993137137,353.0,521.0,47.59206798866856,0,110.30220000247937,4000.0,None,None,0,10,1,1,
congestion,A*-GA,30,1,201.83628993137137,287.0,539.0,87.8048780487805,0,None,None,None,None,0,10,1,0,
congestion,EHCO,1,2,256.47811996135704,337.0,394.0,16.913946587537094,0,64.83229999867035,4000.0,None,None,0,10,1,1,
congestion,A*-GA,1,2,256.47811996135704,313.0,408.0,30.35143769968051,0,None,None,None,None,0,10,1,0,
congestion,EHCO,2,2,256.47811996135704,307.0,360.0,17.263843648208468,0,58.97019999974873,4000.0,None,None,0,10,1,1,
congestion,A*-GA,2,2,256.47811996135704,304.0,378.0,24.342105263157894,0,None,None,None,None,0,10,1,0,
congestion,EHCO,3,2,256.47811996135704,303.0,423.0,39.603960396039604,0,88.1567000033101,4000.0,None,None,0,10,1,1,
congestion,A*-GA,3,2,256.47811996135704,304.0,382.0,25.657894736842106,0,None,None,None,None,0,10,1,0,
congestion,EHCO,4,2,256.47811996135704,299.0,358.0,19.732441471571907,0,87.95059999829391,4000.0,None,None,0,10,1,0,
congestion,A*-GA,4,2,256.47811996135704,302.0,302.0,0.0,0,None,None,None,None,0,10,1,0,
congestion,EHCO,5,2,256.47811996135704,321.0,438.0,36.44859813084112,0,61.468200001399964,4000.0,None,None,0,10,1,1,
congestion,A*-GA,5,2,256.47811996135704,318.0,424.0,33.33333333333333,0,None,None,None,None,0,10,1,0,
congestion,EHCO,6,2,256.47811996135704,352.0,447.0,26.988636363636363,0,60.54320000112057,4000.0,None,None,0,10,1,1,
congestion,A*-GA,6,2,256.47811996135704,312.0,398.0,27.564102564102566,0,None,None,None,None,0,10,1,0,
congestion,EHCO,7,2,256.47811996135704,305.0,355.0,16.39344262295082,0,60.77849999564933,4000.0,None,None,0,10,1,0,
congestion,A*-GA,7,2,256.47811996135704,313.0,414.0,32.26837060702875,0,None,None,None,None,0,10,1,0,
congestion,EHCO,8,2,256.47811996135704,347.0,347.0,0.0,0,95.60159999819007,4000.0,None,None,0,10,1,0,
congestion,A*-GA,8,2,256.47811996135704,312.0,358.0,14.743589743589745,0,None,None,None,None,0,10,1,0,
congestion,EHCO,9,2,256.47811996135704,317.0,395.0,24.605678233438486,0,88.93510000052629,4000.0,None,None,0,10,1,0,
congestion,A*-GA,9,2,256.47811996135704,303.0,377.0,24.422442244224424,0,None,None,None,None,0,10,1,0,
congestion,EHCO,10,2,256.47811996135704,292.0,350.0,19.863013698630137,0,None,None,None,None,0,10,1,0,
congestion,A*-GA,10,2,256.47811996135704,278.0,304.0,9.352517985611511,0,None,None,None,None,0,10,1,0,
congestion,EHCO,11,2,256.47811996135704,454.0,433.0,-4.6255506607929515,0,92.7663999973447,4000.0,None,None,0,10,1,1,
congestion,A*-GA,11,2,256.47811996135704,310.0,404.0,30.32258064516129,0,None,None,None,None,0,10,1,0,
congestion,EHCO,12,2,256.47811996135704,306.0,382.0,24.836601307189543,0,60.21779999719001,4000.0,None,None,0,10,1,0,
congestion,A*-GA,12,2,256.47811996135704,310.0,396.0,27.741935483870968,0,None,None,None,None,0,10,1,0,
congestion,EHCO,13,2,256.47811996135704,361.0,420.0,16.343490304709142,0,91.50170000066282,4000.0,None,None,0,10,1,1,
congestion,A*-GA,13,2,256.47811996135704,294.0,358.0,21.768707482993197,0,None,None,None,None,0,10,1,0,
congestion,EHCO,14,2,256.47811996135704,278.0,362.0,30.215827338129497,0,59.674800002539996,4000.0,None,None,0,10,1,1,
congestion,A*-GA,14,2,256.47811996135704,296.0,364.0,22.972972972972975,0,None,None,None,None,0,10,1,0,
congestion,EHCO,15,2,256.47811996135704,349.0,397.0,13.753581661891118,0,88.8325000050827,4000.0,None,None,0,10,1,1,
congestion,A*-GA,15,2,256.47811996135704,301.0,366.0,21.59468438538206,0,None,None,None,None,0,10,1,0,
congestion,EHCO,16,2,256.47811996135704,291.0,345.0,18.556701030927837,0,66.55239999963669,4000.0,None,None,0,10,1,0,
congestion,A*-GA,16,2,256.47811996135704,297.0,354.0,19.19191919191919,0,None,None,None,None,0,10,1,0,
congestion,EHCO,17,2,256.47811996135704,380.0,438.0,15.263157894736842,0,104.7891000052914,4000.0,None,None,0,10,1,0,
congestion,A*-GA,17,2,256.47811996135704,294.0,357.0,21.428571428571427,0,None,None,None,None,0,10,1,0,
congestion,EHCO,18,2,256.47811996135704,309.0,380.0,22.97734627831715,0,None,None,None,None,0,10,1,0,
congestion,A*-GA,18,2,256.47811996135704,314.0,406.0,29.29936305732484,0,None,None,None,None,0,10,1,0,
congestion,EHCO,19,2,256.47811996135704,345.0,308.0,-10.72463768115942,0,67.6132000007783,4000.0,None,None,0,10,1,1,
congestion,A*-GA,19,2,256.47811996135704,298.0,334.0,12.080536912751679,0,None,None,None,None,0,10,1,0,
congestion,EHCO,20,2,256.47811996135704,293.0,316.0,7.849829351535837,0,66.49389999802224,4000.0,None,None,0,10,1,1,
congestion,A*-GA,20,2,256.47811996135704,299.0,345.0,15.384615384615385,0,None,None,None,None,0,10,1,0,
congestion,EHCO,21,2,256.47811996135704,284.0,326.0,14.788732394366196,0,None,None,None,None,0,10,1,0,
congestion,A*-GA,21,2,256.47811996135704,304.0,367.0,20.723684210526315,0,None,None,None,None,0,10,1,0,
congestion,EHCO,22,2,256.47811996135704,287.0,388.0,35.19163763066202,0,65.39260000135982,4000.0,None,None,0,10,1,1,
congestion,A*-GA,22,2,256.47811996135704,307.0,391.0,27.36156351791531,0,None,None,None,None,0,10,1,0,
congestion,EHCO,23,2,256.47811996135704,362.0,390.0,7.734806629834254,0,97.39779999654274,4000.0,None,None,0,10,1,1,
congestion,A*-GA,23,2,256.47811996135704,319.0,403.0,26.332288401253916,0,None,None,None,None,0,10,1,0,
congestion,EHCO,24,2,256.47811996135704,312.0,346.0,10.897435897435898,0,None,None,None,None,0,10,1,0,
congestion,A*-GA,24,2,256.47811996135704,293.0,354.0,20.819112627986346,0,None,None,None,None,0,10,1,0,
congestion,EHCO,25,2,256.47811996135704,372.0,369.0,-0.8064516129032258,0,107.23899999720743,4000.0,None,None,0,10,1,1,
congestion,A*-GA,25,2,256.47811996135704,292.0,351.0,20.205479452054796,0,None,None,None,None,0,10,1,0,
congestion,EHCO,26,2,256.47811996135704,324.0,376.0,16.049382716049383,0,None,None,None,None,0,10,1,0,
congestion,A*-GA,26,2,256.47811996135704,276.0,302.0,9.420289855072465,0,None,None,None,None,0,10,1,0,
congestion,EHCO,27,2,256.47811996135704,296.0,364.0,22.972972972972975,0,None,None,None,None,0,10,1,0,
congestion,A*-GA,27,2,256.47811996135704,304.0,385.0,26.644736842105267,0,None,None,None,None,0,10,1,0,
congestion,EHCO,28,2,256.47811996135704,412.0,538.0,30.582524271844658,0,98.69220000109635,4000.0,None,None,0,10,1,1,
congestion,A*-GA,28,2,256.47811996135704,321.0,389.0,21.18380062305296,0,None,None,None,None,0,10,1,0,
congestion,EHCO,29,2,256.47811996135704,369.0,477.0,29.268292682926827,0,67.02660000155447,4000.0,None,None,0,10,1,1,
congestion,A*-GA,29,2,256.47811996135704,305.0,379.0,24.262295081967213,0,None,None,None,None,0,10,1,0,
congestion,EHCO,30,2,256.47811996135704,353.0,316.0,-10.48158640226629,0,63.50669999665115,4000.0,None,None,0,10,1,1,
congestion,A*-GA,30,2,256.47811996135704,287.0,326.0,13.588850174216027,0,None,None,None,None,0,10,1,0,
congestion,EHCO,1,3,134.78621774996944,337.0,546.0,62.01780415430267,0,130.02200000482844,4000.0,None,None,0,10,1,1,
congestion,A*-GA,1,3,134.78621774996944,313.0,443.0,41.533546325878596,0,None,None,None,None,0,10,1,0,
congestion,EHCO,2,3,134.78621774996944,307.0,381.0,24.104234527687296,0,126.73679999716114,4000.0,None,None,0,10,1,0,
congestion,A*-GA,2,3,134.78621774996944,304.0,424.0,39.473684210526315,0,None,None,None,None,0,10,1,0,
congestion,EHCO,3,3,134.78621774996944,303.0,438.0,44.554455445544555,0,130.43350000225473,4000.0,None,None,0,10,1,0,
congestion,A*-GA,3,3,134.78621774996944,304.0,443.0,45.723684210526315,0,None,None,None,None,0,10,1,0,
congestion,EHCO,4,3,134.78621774996944,299.0,468.0,56.52173913043478,0,137.56470000225818,4000.0,None,None,0,10,1,1,
congestion,A*-GA,4,3,134.78621774996944,302.0,428.0,41.72185430463576,0,None,None,None,None,0,10,1,0,
congestion,EHCO,5,3,134.78621774996944,321.0,475.0,47.97507788161994,0,127.22429999848828,4000.0,None,None,0,10,1,1,
congestion,A*-GA,5,3,134.78621774996944,318.0,413.0,29.874213836477985,0,None,None,None,None,0,10,1,0,
congestion,EHCO,6,3,134.78621774996944,352.0,476.0,35.22727272727273,0,129.05380000302102,4000.0,None,None,0,10,1,0,
congestion,A*-GA,6,3,134.78621774996944,312.0,444.0,42.30769230769231,0,None,None,None,None,0,10,1,0,
congestion,EHCO,7,3,134.78621774996944,305.0,448.0,46.885245901639344,0,140.4065000024275,4000.0,None,None,0,10,1,0,
congestion,A*-GA,7,3,134.78621774996944,313.0,459.0,46.64536741214057,0,None,None,None,None,0,10,1,0,
congestion,EHCO,8,3,134.78621774996944,347.0,398.0,14.697406340057636,0,142.21250000264263,4000.0,None,None,0,10,1,1,
congestion,A*-GA,8,3,134.78621774996944,312.0,434.0,39.1025641025641,0,None,None,None,None,0,10,1,0,
congestion,EHCO,9,3,134.78621774996944,317.0,458.0,44.479495268138805,0,134.23860000330023,4000.0,None,None,0,10,1,0,
congestion,A*-GA,9,3,134.78621774996944,303.0,503.0,66.006600660066,0,None,None,None,None,0,10,1,0,
congestion,EHCO,10,3,134.78621774996944,292.0,372.0,27.397260273972602,0,134.08850000269013,4000.0,None,None,0,10,1,0,
congestion,A*-GA,10,3,134.78621774996944,278.0,357.0,28.41726618705036,0,None,None,None,None,0,10,1,0,
congestion,EHCO,11,3,134.78621774996944,454.0,436.0,-3.9647577092511015,0,140.31570000224747,4000.0,None,None,0,10,1,1,
congestion,A*-GA,11,3,134.78621774996944,310.0,454.0,46.45161290322581,0,None,None,None,None,0,10,1,0,
congestion,EHCO,12,3,134.78621774996944,306.0,413.0,34.967320261437905,0,138.01000000239583,4000.0,None,None,0,10,1,0,
congestion,A*-GA,12,3,134.78621774996944,310.0,371.0,19.67741935483871,0,None,None,None,None,0,10,1,0,
congestion,EHCO,13,3,134.78621774996944,361.0,387.0,7.202216066481995,0,129.88210000185063,4000.0,None,None,0,10,1,1,
congestion,A*-GA,13,3,134.78621774996944,294.0,458.0,55.78231292517006,0,None,None,None,None,0,10,1,0,
congestion,EHCO,14,3,134.78621774996944,278.0,428.0,53.956834532374096,0,123.72929999401094,4000.0,None,None,0,10,1,0,
congestion,A*-GA,14,3,134.78621774996944,296.0,486.0,64.1891891891892,0,None,None,None,None,0,10,1,0,
congestion,EHCO,15,3,134.78621774996944,349.0,400.0,14.613180515759314,0,128.56469999678666,4000.0,None,None,0,10,1,1,
congestion,A*-GA,15,3,134.78621774996944,301.0,448.0,48.837209302325576,0,None,None,None,None,0,10,1,0,
congestion,EHCO,16,3,134.78621774996944,291.0,396.0,36.08247422680412,0,137.0180000012624,4000.0,None,None,0,10,1,1,
congestion,A*-GA,16,3,134.78621774996944,297.0,402.0,35.35353535353536,0,None,None,None,None,0,10,1,0,
congestion,EHCO,17,3,134.78621774996944,380.0,340.0,-10.526315789473683,0,132.2197999979835,4000.0,None,None,0,10,1,1,
congestion,A*-GA,17,3,134.78621774996944,294.0,499.0,69.72789115646259,0,None,None,None,None,0,10,1,0,
congestion,EHCO,18,3,134.78621774996944,309.0,401.0,29.773462783171524,0,132.03109999449225,4000.0,None,None,0,10,1,1,
congestion,A*-GA,18,3,134.78621774996944,314.0,589.0,87.57961783439491,0,None,None,None,None,0,10,1,0,
congestion,EHCO,19,3,134.78621774996944,345.0,419.0,21.44927536231884,0,132.40500000392785,4000.0,None,None,0,10,1,1,
congestion,A*-GA,19,3,134.78621774996944,298.0,427.0,43.288590604026844,0,None,None,None,None,0,10,1,0,
congestion,EHCO,20,3,134.78621774996944,293.0,400.0,36.51877133105802,0,136.6758000003756,4000.0,None,None,0,10,1,1,
congestion,A*-GA,20,3,134.78621774996944,299.0,434.0,45.1505016722408,0,None,None,None,None,0,10,1,0,
congestion,EHCO,21,3,134.78621774996944,284.0,373.0,31.338028169014088,0,142.70509999914793,4000.0,None,None,0,10,1,1,
congestion,A*-GA,21,3,134.78621774996944,304.0,418.0,37.5,0,None,None,None,None,0,10,1,0,
congestion,EHCO,22,3,134.78621774996944,287.0,416.0,44.94773519163763,0,126.83659999311203,4000.0,None,None,0,10,1,0,
congestion,A*-GA,22,3,134.78621774996944,307.0,416.0,35.50488599348534,0,None,None,None,None,0,10,1,0,
congestion,EHCO,23,3,134.78621774996944,362.0,440.0,21.54696132596685,0,133.7156999943545,4000.0,None,None,0,10,1,1,
congestion,A*-GA,23,3,134.78621774996944,319.0,489.0,53.29153605015674,0,None,None,None,None,0,10,1,0,
congestion,EHCO,24,3,134.78621774996944,312.0,449.0,43.91025641025641,0,134.3157000010251,4000.0,None,None,0,10,1,0,
congestion,A*-GA,24,3,134.78621774996944,293.0,458.0,56.31399317406144,0,None,None,None,None,0,10,1,0,
congestion,EHCO,25,3,134.78621774996944,372.0,448.0,20.43010752688172,0,148.76870000443887,4000.0,None,None,0,10,1,1,
congestion,A*-GA,25,3,134.78621774996944,292.0,441.0,51.02739726027398,0,None,None,None,None,0,10,1,0,
congestion,EHCO,26,3,134.78621774996944,324.0,362.0,11.728395061728394,0,117.74750000040513,4000.0,None,None,0,10,1,1,
congestion,A*-GA,26,3,134.78621774996944,276.0,437.0,58.333333333333336,0,None,None,None,None,0,10,1,0,
congestion,EHCO,27,3,134.78621774996944,296.0,490.0,65.54054054054053,0,132.52249999641208,4000.0,None,None,0,10,1,0,
congestion,A*-GA,27,3,134.78621774996944,304.0,441.0,45.06578947368421,0,None,None,None,None,0,10,1,0,
congestion,EHCO,28,3,134.78621774996944,412.0,518.0,25.728155339805824,0,130.576800002018,4000.0,None,None,0,10,1,1,
congestion,A*-GA,28,3,134.78621774996944,321.0,484.0,50.77881619937694,0,None,None,None,None,0,10,1,0,
congestion,EHCO,29,3,134.78621774996944,369.0,393.0,6.504065040650407,0,124.76360000437126,4000.0,None,None,0,10,1,1,
congestion,A*-GA,29,3,134.78621774996944,305.0,504.0,65.24590163934427,0,None,None,None,None,0,10,1,0,
congestion,EHCO,30,3,134.78621774996944,353.0,375.0,6.232294617563739,0,128.5795000003418,4000.0,None,None,0,10,1,1,
congestion,A*-GA,30,3,134.78621774996944,287.0,423.0,47.386759581881535,0,None,None,None,None,0,10,1,0,
congestion,EHCO,1,4,105.42031371890769,337.0,417.0,23.738872403560833,0,144.83710000058636,4000.0,None,None,0,10,1,1,
congestion,A*-GA,1,4,105.42031371890769,313.0,510.0,62.939297124600635,0,None,None,None,None,0,10,1,0,
congestion,EHCO,2,4,105.42031371890769,307.0,421.0,37.13355048859935,0,158.41419999924256,4000.0,None,None,0,10,1,1,
congestion,A*-GA,2,4,105.42031371890769,304.0,423.0,39.14473684210527,0,None,None,None,None,0,10,1,0,
congestion,EHCO,3,4,105.42031371890769,303.0,453.0,49.504950495049506,0,145.032500004163,4000.0,None,None,0,10,1,0,
congestion,A*-GA,3,4,105.42031371890769,304.0,472.0,55.26315789473685,0,None,None,None,None,0,10,1,0,
congestion,EHCO,4,4,105.42031371890769,299.0,452.0,51.17056856187291,0,143.99679999769432,4000.0,None,None,0,10,1,0,
congestion,A*-GA,4,4,105.42031371890769,302.0,476.0,57.615894039735096,0,None,None,None,None,0,10,1,0,
congestion,EHCO,5,4,105.42031371890769,321.0,520.0,61.99376947040498,0,151.81769999617245,4000.0,None,None,0,10,1,1,
congestion,A*-GA,5,4,105.42031371890769,318.0,487.0,53.144654088050316,0,None,None,None,None,0,10,1,0,
congestion,EHCO,6,4,105.42031371890769,352.0,421.0,19.602272727272727,0,147.5672000015038,4000.0,None,None,0,10,1,1,
congestion,A*-GA,6,4,105.42031371890769,312.0,502.0,60.89743589743589,0,None,None,None,None,0,10,1,0,
congestion,EHCO,7,4,105.42031371890769,305.0,451.0,47.868852459016395,0,147.26019999943674,4000.0,None,None,0,10,1,1,
congestion,A*-GA,7,4,105.42031371890769,313.0,504.0,61.0223642172524,0,None,None,None,None,0,10,1,0,
congestion,EHCO,8,4,105.42031371890769,347.0,498.0,43.51585014409222,0,149.57559999311343,4000.0,None,None,0,10,1,1,
congestion,A*-GA,8,4,105.42031371890769,312.0,483.0,54.807692307692314,0,None,None,None,None,0,10,1,0,
congestion,EHCO,9,4,105.42031371890769,317.0,478.0,50.78864353312302,0,143.95689999946626,4000.0,None,None,0,10,1,0,
congestion,A*-GA,9,4,105.42031371890769,303.0,475.0,56.76567656765676,0,None,None,None,None,0,10,1,0,
congestion,EHCO,10,4,105.42031371890769,292.0,451.0,54.45205479452054,0,139.97570000356063,4000.0,None,None,0,10,1,0,
congestion,A*-GA,10,4,105.42031371890769,278.0,427.0,53.597122302158276,0,None,None,None,None,0,10,1,0,
congestion,EHCO,11,4,105.42031371890769,454.0,765.0,68.5022026431718,0,144.2908000026364,4000.0,None,None,0,10,1,1,
congestion,A*-GA,11,4,105.42031371890769,310.0,512.0,65.16129032258064,0,None,None,None,None,0,10,1,0,
congestion,EHCO,12,4,105.42031371890769,306.0,455.0,48.69281045751634,0,141.84450000175275,4000.0,None,None,0,10,1,0,
congestion,A*-GA,12,4,105.42031371890769,310.0,487.0,57.096774193548384,0,None,None,None,None,0,10,1,0,
congestion,EHCO,13,4,105.42031371890769,361.0,420.0,16.343490304709142,0,137.61209999938728,4000.0,None,None,0,10,1,1,
congestion,A*-GA,13,4,105.42031371890769,294.0,512.0,74.14965986394559,0,None,None,None,None,0,10,1,0,
congestion,EHCO,14,4,105.42031371890769,278.0,397.0,42.805755395683455,0,146.46710000670282,4000.0,None,None,0,10,1,0,
congestion,A*-GA,14,4,105.42031371890769,296.0,483.0,63.17567567567568,0,None,None,None,None,0,10,1,0,
congestion,EHCO,15,4,105.42031371890769,349.0,426.0,22.063037249283667,0,150.7805000001099,4000.0,None,None,0,10,1,1,
congestion,A*-GA,15,4,105.42031371890769,301.0,451.0,49.83388704318937,0,None,None,None,None,0,10,1,0,
congestion,EHCO,16,4,105.42031371890769,291.0,478.0,64.26116838487972,0,149.00370000395924,4000.0,None,None,0,10,1,0,
congestion,A*-GA,16,4,105.42031371890769,297.0,444.0,49.494949494949495,0,None,None,None,None,0,10,1,0,
congestion,EHCO,17,4,105.42031371890769,380.0,407.0,7.105263157894736,0,151.76249999785796,4000.0,None,None,0,10,1,1,
congestion,A*-GA,17,4,105.42031371890769,294.0,458.0,55.78231292517006,0,None,None,None,None,0,10,1,0,
congestion,EHCO,18,4,105.42031371890769,309.0,466.0,50.80906148867314,0,150.08189999934984,4000.0,None,None,0,10,1,0,
congestion,A*-GA,18,4,105.42031371890769,314.0,515.0,64.01273885350318,0,None,None,None,None,0,10,1,0,
congestion,EHCO,19,4,105.42031371890769,345.0,456.0,32.17391304347826,0,146.58620000409428,4000.0,None,None,0,10,1,1,
congestion,A*-GA,19,4,105.42031371890769,298.0,439.0,47.31543624161073,0,None,None,None,None,0,10,1,0,
congestion,EHCO,20,4,105.42031371890769,293.0,397.0,35.49488054607509,0,142.15580000018235,4000.0,None,None,0,10,1,1,
congestion,A*-GA,20,4,105.42031371890769,299.0,467.0,56.187290969899664,0,None,None,None,None,0,10,1,0,
congestion,EHCO,21,4,105.42031371890769,284.0,444.0,56.33802816901409,0,144.25670000491664,4000.0,None,None,0,10,1,0,
congestion,A*-GA,21,4,105.42031371890769,304.0,506.0,66.44736842105263,0,None,None,None,None,0,10,1,0,
congestion,EHCO,22,4,105.42031371890769,287.0,381.0,32.752613240418114,0,138.81940000283066,4000.0,None,None,0,10,1,0,
congestion,A*-GA,22,4,105.42031371890769,307.0,489.0,59.28338762214984,0,None,None,None,None,0,10,1,0,
congestion,EHCO,23,4,105.42031371890769,362.0,422.0,16.574585635359114,0,142.039799997292,4000.0,None,None,0,10,1,0,
congestion,A*-GA,23,4,105.42031371890769,319.0,463.0,45.141065830721004,0,None,None,None,None,0,10,1,0,
congestion,EHCO,24,4,105.42031371890769,312.0,463.0,48.3974358974359,0,136.5483999979915,4000.0,None,None,0,10,1,0,
congestion,A*-GA,24,4,105.42031371890769,293.0,503.0,71.67235494880546,0,None,None,None,None,0,10,1,0,
congestion,EHCO,25,4,105.42031371890769,372.0,436.0,17.20430107526882,0,143.66519999748562,4000.0,None,None,0,10,1,1,
congestion,A*-GA,25,4,105.42031371890769,292.0,454.0,55.47945205479452,0,None,None,None,None,0,10,1,0,
congestion,EHCO,26,4,105.42031371890769,324.0,442.0,36.41975308641975,0,147.51260000048205,4000.0,None,None,0,10,1,0,
congestion,A*-GA,26,4,105.42031371890769,276.0,418.0,51.449275362318836,0,None,None,None,None,0,10,1,0,
congestion,EHCO,27,4,105.42031371890769,296.0,472.0,59.45945945945946,0,166.07879999355646,4000.0,None,None,0,10,1,0,
congestion,A*-GA,27,4,105.42031371890769,304.0,515.0,69.4078947368421,0,None,None,None,None,0,10,1,0,
congestion,EHCO,28,4,105.42031371890769,412.0,484.0,17.475728155339805,0,143.0647000015597,4000.0,None,None,0,10,1,1,
congestion,A*-GA,28,4,105.42031371890769,321.0,480.0,49.532710280373834,0,None,None,None,None,0,10,1,0,
congestion,EHCO,29,4,105.42031371890769,369.0,478.0,29.539295392953928,0,148.22660000208998,4000.0,None,None,0,10,1,1,
congestion,A*-GA,29,4,105.42031371890769,305.0,425.0,39.34426229508197,0,None,None,None,None,0,10,1,0,
congestion,EHCO,30,4,105.42031371890769,353.0,481.0,36.26062322946176,0,153.33019999525277,4000.0,None,None,0,10,1,0,
congestion,A*-GA,30,4,105.42031371890769,287.0,402.0,40.069686411149824,0,None,None,None,None,0,10,1,0,
fault,EHCO,1,0,200.0,337.0,337.0,0.0,0,None,None,462.0,3,1,10,1,0,None
fault,A*-GA,1,0,200.0,313.0,313.0,0.0,0,None,None,459.0,3,1,10,1,0,None
fault,EHCO,2,0,200.0,307.0,307.0,0.0,0,None,None,463.0,3,1,10,1,0,None
fault,A*-GA,2,0,200.0,304.0,384.0,26.31578947368421,0,None,None,449.0,3,1,10,1,0,None
fault,EHCO,3,0,200.0,303.0,303.0,0.0,0,None,None,463.0,3,1,10,1,0,None
fault,A*-GA,3,0,200.0,304.0,304.0,0.0,0,None,None,444.0,3,1,10,1,0,None
fault,EHCO,4,0,200.0,299.0,308.0,3.0100334448160537,0,None,None,463.0,3,1,10,1,0,None
fault,A*-GA,4,0,200.0,302.0,302.0,0.0,0,None,None,466.0,3,1,10,1,0,None
fault,EHCO,5,0,200.0,321.0,321.0,0.0,0,None,None,452.0,3,1,10,1,0,None
fault,A*-GA,5,0,200.0,318.0,396.0,24.528301886792452,0,None,None,462.0,3,1,10,1,0,None
fault,EHCO,6,0,200.0,352.0,352.0,0.0,0,None,None,462.0,3,1,10,1,0,None
fault,A*-GA,6,0,200.0,312.0,312.0,0.0,0,None,None,464.0,3,1,10,1,0,None
fault,EHCO,7,0,200.0,305.0,305.0,0.0,0,None,None,467.0,3,1,10,1,0,None
fault,A*-GA,7,0,200.0,313.0,324.0,3.5143769968051117,0,None,None,465.0,3,1,10,1,0,None
fault,EHCO,8,0,200.0,347.0,584.0,68.29971181556196,0,None,0.0,450.0,3,1,10,1,0,None
fault,A*-GA,8,0,200.0,312.0,352.0,12.82051282051282,0,None,None,469.0,3,1,10,1,0,None
fault,EHCO,9,0,200.0,317.0,352.0,11.041009463722396,0,None,None,465.0,3,1,10,1,0,None
fault,A*-GA,9,0,200.0,303.0,303.0,0.0,0,None,None,471.0,3,1,10,1,0,None
fault,EHCO,10,0,200.0,292.0,292.0,0.0,0,None,None,460.0,3,1,10,1,0,None
fault,A*-GA,10,0,200.0,278.0,278.0,0.0,0,None,None,479.0,3,1,10,1,0,None
fault,EHCO,11,0,200.0,454.0,454.0,0.0,0,None,0.0,450.0,3,1,10,1,0,None
fault,A*-GA,11,0,200.0,310.0,310.0,0.0,0,None,None,475.0,3,1,10,1,0,None
fault,EHCO,12,0,200.0,306.0,306.0,0.0,0,None,None,462.0,3,1,10,1,0,None
fault,A*-GA,12,0,200.0,310.0,317.0,2.258064516129032,0,None,None,473.0,3,1,10,1,0,None
fault,EHCO,13,0,200.0,361.0,361.0,0.0,0,None,None,454.0,3,1,10,1,0,None
fault,A*-GA,13,0,200.0,294.0,317.0,7.8231292517006805,0,None,None,458.0,3,1,10,1,0,None
fault,EHCO,14,0,200.0,278.0,278.0,0.0,0,None,None,464.0,6,1,10,1,0,None
fault,A*-GA,14,0,200.0,296.0,296.0,0.0,0,None,None,461.0,3,1,10,1,0,None
fault,EHCO,15,0,200.0,349.0,349.0,0.0,0,None,None,457.0,3,1,10,1,0,None
fault,A*-GA,15,0,200.0,301.0,305.0,1.3289036544850499,0,None,None,464.0,3,1,10,1,0,None
fault,EHCO,16,0,200.0,291.0,291.0,0.0,0,None,None,460.0,3,1,10,1,0,None
fault,A*-GA,16,0,200.0,297.0,360.0,21.21212121212121,0,None,None,443.0,3,1,10,1,0,None
fault,EHCO,17,0,200.0,380.0,542.0,42.63157894736842,0,None,0.0,450.0,3,1,10,1,0,None
fault,A*-GA,17,0,200.0,294.0,294.0,0.0,0,None,None,460.0,4,1,10,1,0,None
fault,EHCO,18,0,200.0,309.0,309.0,0.0,0,None,None,453.0,3,1,10,1,0,None
fault,A*-GA,18,0,200.0,314.0,353.0,12.420382165605096,0,None,None,467.0,3,1,10,1,0,None
fault,EHCO,19,0,200.0,345.0,345.0,0.0,0,None,None,469.0,3,1,10,1,0,None
fault,A*-GA,19,0,200.0,298.0,300.0,0.6711409395973155,0,None,None,462.0,3,1,10,1,0,None
fault,EHCO,20,0,200.0,293.0,293.0,0.0,0,None,None,465.0,3,1,10,1,0,None
fault,A*-GA,20,0,200.0,299.0,299.0,0.0,0,None,None,467.0,3,1,10,1,0,None
fault,EHCO,21,0,200.0,284.0,284.0,0.0,0,None,None,449.0,3,1,10,1,0,None
fault,A*-GA,21,0,200.0,304.0,304.0,0.0,0,None,None,467.0,3,1,10,1,0,None
fault,EHCO,22,0,200.0,287.0,287.0,0.0,0,None,None,454.0,3,1,10,1,0,None
fault,A*-GA,22,0,200.0,307.0,307.0,0.0,0,None,None,453.0,3,1,10,1,0,None
fault,EHCO,23,0,200.0,362.0,362.0,0.0,0,None,None,464.0,3,1,10,1,0,None
fault,A*-GA,23,0,200.0,319.0,462.0,44.827586206896555,0,None,None,452.0,3,1,10,1,0,None
fault,EHCO,24,0,200.0,312.0,321.0,2.8846153846153846,0,None,None,459.0,3,1,10,1,0,None
fault,A*-GA,24,0,200.0,293.0,293.0,0.0,0,None,None,443.0,3,1,10,1,0,None
fault,EHCO,25,0,200.0,372.0,372.0,0.0,0,None,None,451.0,3,1,10,1,0,None
fault,A*-GA,25,0,200.0,292.0,292.0,0.0,0,None,None,458.0,3,1,10,1,0,None
fault,EHCO,26,0,200.0,324.0,324.0,0.0,0,None,None,460.0,3,1,10,1,0,None
fault,A*-GA,26,0,200.0,276.0,278.0,0.7246376811594203,0,None,None,466.0,3,1,10,1,0,None
fault,EHCO,27,0,200.0,296.0,296.0,0.0,0,None,None,479.0,3,1,10,1,0,None
fault,A*-GA,27,0,200.0,304.0,321.0,5.592105263157895,0,None,None,462.0,3,1,10,1,0,None
fault,EHCO,28,0,200.0,412.0,412.0,0.0,0,None,None,459.0,3,1,10,1,0,None
fault,A*-GA,28,0,200.0,321.0,365.0,13.707165109034266,0,None,None,463.0,3,1,10,1,0,None
fault,EHCO,29,0,200.0,369.0,422.0,14.363143631436316,0,None,None,455.0,3,1,10,1,0,None
fault,A*-GA,29,0,200.0,305.0,305.0,0.0,0,None,None,456.0,3,1,10,1,0,None
fault,EHCO,30,0,200.0,353.0,353.0,0.0,0,None,None,444.0,3,1,10,1,0,None
fault,A*-GA,30,0,200.0,287.0,287.0,0.0,0,None,None,473.0,3,1,10,1,0,None
fault,EHCO,1,1,139.2060032799555,337.0,322.0,-4.451038575667656,0,473.7840000016149,20000.0,209.0,1,1,10,1,1,258.0
fault,A*-GA,1,1,139.2060032799555,313.0,522.0,66.77316293929712,0,None,None,211.0,0,1,10,1,0,None
fault,EHCO,2,1,139.2060032799555,307.0,329.0,7.166123778501629,0,504.541700000118,20000.0,205.0,0,1,10,1,1,236.0
fault,A*-GA,2,1,139.2060032799555,304.0,332.0,9.210526315789473,0,None,None,207.0,8,1,10,1,0,None
fault,EHCO,3,1,139.2060032799555,303.0,323.0,6.6006600660066,0,500.92859999858774,20000.0,204.0,7,1,10,1,1,221.0
fault,A*-GA,3,1,139.2060032799555,304.0,417.0,37.17105263157895,0,None,None,209.0,6,1,10,1,0,None
fault,EHCO,4,1,139.2060032799555,299.0,355.0,18.729096989966553,0,504.1436000028625,20000.0,213.0,2,1,10,1,1,304.0
fault,A*-GA,4,1,139.2060032799555,302.0,482.0,59.60264900662252,0,None,None,211.0,2,1,10,1,0,None
fault,EHCO,5,1,139.2060032799555,321.0,367.0,14.330218068535824,0,480.61990000132937,20000.0,205.0,4,1,10,1,1,255.0
fault,A*-GA,5,1,139.2060032799555,318.0,318.0,0.0,0,None,None,218.0,2,1,10,1,0,None
fault,EHCO,6,1,139.2060032799555,352.0,352.0,0.0,0,449.4445000018459,20000.0,213.0,9,1,10,1,1,253.0
fault,A*-GA,6,1,139.2060032799555,312.0,467.0,49.67948717948718,0,None,None,210.0,2,1,10,1,0,None
fault,EHCO,7,1,139.2060032799555,305.0,345.0,13.114754098360656,0,459.74759999808157,20000.0,206.0,3,1,10,1,1,None
fault,A*-GA,7,1,139.2060032799555,313.0,497.0,58.78594249201278,0,None,None,198.0,0,1,10,1,0,None
fault,EHCO,8,1,139.2060032799555,347.0,394.0,13.544668587896252,0,517.569800002093,20000.0,213.0,5,1,10,1,1,263.0
fault,A*-GA,8,1,139.2060032799555,312.0,595.0,90.7051282051282,0,None,None,200.0,8,1,10,1,0,None
fault,EHCO,9,1,139.2060032799555,317.0,332.0,4.73186119873817,0,488.68050000601215,20000.0,214.0,4,1,10,1,1,234.0
fault,A*-GA,9,1,139.2060032799555,303.0,500.0,65.01650165016501,0,None,None,207.0,8,1,10,1,0,None
fault,EHCO,10,1,139.2060032799555,292.0,310.0,6.164383561643835,0,477.7343000023393,20000.0,211.0,3,1,10,1,1,231.0
fault,A*-GA,10,1,139.2060032799555,278.0,364.0,30.935251798561154,0,None,None,202.0,1,1,10,1,0,None
fault,EHCO,11,1,139.2060032799555,454.0,338.0,-25.55066079295154,0,501.8077999993693,20000.0,204.0,2,1,10,1,1,316.0
fault,A*-GA,11,1,139.2060032799555,310.0,486.0,56.774193548387096,0,None,None,205.0,4,1,10,1,0,None
fault,EHCO,12,1,139.2060032799555,306.0,326.0,6.535947712418301,0,473.70510000473587,20000.0,200.0,9,1,10,1,1,None
fault,A*-GA,12,1,139.2060032799555,310.0,605.0,95.16129032258065,0,None,None,194.0,0,1,10,1,0,None
fault,EHCO,13,1,139.2060032799555,361.0,315.0,-12.742382271468145,0,463.5047999981907,20000.0,200.0,5,1,10,1,1,230.0
fault,A*-GA,13,1,139.2060032799555,294.0,475.0,61.564625850340136,0,None,None,206.0,8,1,10,1,0,None
fault,EHCO,14,1,139.2060032799555,278.0,332.0,19.424460431654676,0,420.78720000426983,20000.0,205.0,7,1,10,1,1,278.0
fault,A*-GA,14,1,139.2060032799555,296.0,308.0,4.054054054054054,0,None,None,206.0,8,1,10,1,0,None
fault,EHCO,15,1,139.2060032799555,349.0,328.0,-6.017191977077363,0,475.1687000025413,20000.0,216.0,1,1,10,1,1,311.0
fault,A*-GA,15,1,139.2060032799555,301.0,485.0,61.12956810631229,0,None,None,208.0,4,1,10,1,0,None
fault,EHCO,16,1,139.2060032799555,291.0,364.0,25.085910652920962,0,526.7081999991206,20000.0,210.0,5,1,10,1,1,240.0
fault,A*-GA,16,1,139.2060032799555,297.0,451.0,51.85185185185185,0,None,None,211.0,1,1,10,1,0,None
fault,EHCO,17,1,139.2060032799555,380.0,377.0,-0.7894736842105263,0,492.45430000155466,20000.0,214.0,7,1,10,1,1,276.0
fault,A*-GA,17,1,139.2060032799555,294.0,422.0,43.53741496598639,0,None,None,215.0,7,1,10,1,0,None
fault,EHCO,18,1,139.2060032799555,309.0,385.0,24.59546925566343,0,482.5591000044369,20000.0,208.0,1,1,10,1,1,253.0
fault,A*-GA,18,1,139.2060032799555,314.0,511.0,62.738853503184714,0,None,None,208.0,2,1,10,1,0,None
fault,EHCO,19,1,139.2060032799555,345.0,321.0,-6.956521739130435,0,451.38389999920037,20000.0,204.0,8,1,10,1,1,248.0
fault,A*-GA,19,1,139.2060032799555,298.0,355.0,19.12751677852349,0,None,None,212.0,5,1,10,1,0,None
fault,EHCO,20,1,139.2060032799555,293.0,345.0,17.747440273037544,0,463.41229999961797,20000.0,211.0,4,1,10,1,1,286.0
fault,A*-GA,20,1,139.2060032799555,299.0,484.0,61.87290969899666,0,None,None,207.0,7,1,10,1,0,None
fault,EHCO,21,1,139.2060032799555,284.0,362.0,27.464788732394368,0,467.7344000010635,20000.0,210.0,6,1,10,1,1,308.0
fault,A*-GA,21,1,139.2060032799555,304.0,304.0,0.0,0,None,None,212.0,3,1,10,1,0,None
fault,EHCO,22,1,139.2060032799555,287.0,342.0,19.16376306620209,0,436.626000002434,20000.0,209.0,7,1,10,1,1,262.0
fault,A*-GA,22,1,139.2060032799555,307.0,489.0,59.28338762214984,0,None,None,207.0,5,1,10,1,0,None
fault,EHCO,23,1,139.2060032799555,362.0,351.0,-3.0386740331491713,0,478.8764999975683,20000.0,202.0,5,1,10,1,1,255.0
fault,A*-GA,23,1,139.2060032799555,319.0,431.0,35.10971786833856,0,None,None,208.0,4,1,10,1,0,None
fault,EHCO,24,1,139.2060032799555,312.0,351.0,12.5,0,469.86269999615615,20000.0,204.0,5,1,10,1,1,313.0
fault,A*-GA,24,1,139.2060032799555,293.0,465.0,58.703071672354945,0,None,None,207.0,7,1,10,1,0,None
fault,EHCO,25,1,139.2060032799555,372.0,308.0,-17.20430107526882,0,484.40510000364156,20000.0,207.0,6,1,10,1,1,262.0
fault,A*-GA,25,1,139.2060032799555,292.0,361.0,23.63013698630137,0,None,None,208.0,8,1,10,1,0,None
fault,EHCO,26,1,139.2060032799555,324.0,314.0,-3.0864197530864197,0,451.37040000554407,20000.0,204.0,7,1,10,1,1,282.0
fault,A*-GA,26,1,139.2060032799555,276.0,333.0,20.652173913043477,0,None,None,204.0,8,1,10,1,0,None
fault,EHCO,27,1,139.2060032799555,296.0,326.0,10.135135135135135,0,456.73449999594595,20000.0,208.0,5,1,10,1,1,256.0
fault,A*-GA,27,1,139.2060032799555,304.0,514.0,69.07894736842105,0,None,None,205.0,1,1,10,1,0,None
fault,EHCO,28,1,139.2060032799555,412.0,387.0,-6.067961165048544,0,459.46469999762485,20000.0,205.0,5,1,10,1,1,257.0
fault,A*-GA,28,1,139.2060032799555,321.0,482.0,50.155763239875384,0,None,None,212.0,6,1,10,1,0,None
fault,EHCO,29,1,139.2060032799555,369.0,367.0,-0.5420054200542005,0,462.0823999939603,20000.0,208.0,0,1,10,1,1,356.0
fault,A*-GA,29,1,139.2060032799555,305.0,417.0,36.721311475409834,0,None,None,215.0,7,1,10,1,0,None
fault,EHCO,30,1,139.2060032799555,353.0,277.0,-21.529745042492916,0,462.966699997196,20000.0,210.0,7,1,10,1,1,None
fault,A*-GA,30,1,139.2060032799555,287.0,396.0,37.97909407665505,0,None,None,212.0,2,1,10,1,0,None
fault,EHCO,1,2,181.7052044143888,337.0,582.0,72.70029673590504,0,None,0.0,441.0,8,1,10,1,0,None
fault,A*-GA,1,2,181.7052044143888,313.0,313.0,0.0,0,None,None,449.0,6,1,10,1,0,None
fault,EHCO,2,2,181.7052044143888,307.0,307.0,0.0,0,None,None,451.0,1,1,10,1,0,None
fault,A*-GA,2,2,181.7052044143888,304.0,407.0,33.881578947368425,0,None,None,443.0,3,1,10,1,0,None
fault,EHCO,3,2,181.7052044143888,303.0,303.0,0.0,0,None,None,451.0,0,1,10,1,0,None
fault,A*-GA,3,2,181.7052044143888,304.0,333.0,9.539473684210527,0,None,None,446.0,2,1,10,1,0,None
fault,EHCO,4,2,181.7052044143888,299.0,299.0,0.0,0,None,None,450.0,6,1,10,1,0,None
fault,A*-GA,4,2,181.7052044143888,302.0,372.0,23.178807947019866,0,None,None,453.0,2,1,10,1,0,None
fault,EHCO,5,2,181.7052044143888,321.0,420.0,30.8411214953271,0,None,None,433.0,4,1,10,1,0,None
fault,A*-GA,5,2,181.7052044143888,318.0,374.0,17.61006289308176,0,None,None,462.0,0,1,10,1,0,None
fault,EHCO,6,2,181.7052044143888,352.0,352.0,0.0,0,None,None,452.0,4,1,10,1,0,None
fault,A*-GA,6,2,181.7052044143888,312.0,317.0,1.6025641025641024,0,None,None,459.0,3,1,10,1,0,None
fault,EHCO,7,2,181.7052044143888,305.0,399.0,30.81967213114754,0,None,None,435.0,2,1,10,1,0,None
fault,A*-GA,7,2,181.7052044143888,313.0,390.0,24.600638977635782,0,None,None,463.0,8,1,10,1,0,None
fault,EHCO,8,2,181.7052044143888,347.0,347.0,0.0,0,None,None,447.0,7,1,10,1,0,None
fault,A*-GA,8,2,181.7052044143888,312.0,312.0,0.0,0,None,None,454.0,9,1,10,1,0,None
fault,EHCO,9,2,181.7052044143888,317.0,368.0,16.08832807570978,0,None,None,460.0,3,1,10,1,0,None
fault,A*-GA,9,2,181.7052044143888,303.0,303.0,0.0,0,None,None,466.0,5,1,10,1,0,None
fault,EHCO,10,2,181.7052044143888,292.0,292.0,0.0,0,None,None,445.0,6,1,10,1,0,None
fault,A*-GA,10,2,181.7052044143888,278.0,291.0,4.676258992805756,0,None,None,445.0,5,1,10,1,0,None
fault,EHCO,11,2,181.7052044143888,454.0,454.0,0.0,0,None,0.0,447.0,7,1,10,1,0,None
fault,A*-GA,11,2,181.7052044143888,310.0,363.0,17.096774193548388,0,None,None,447.0,0,1,10,1,0,None
fault,EHCO,12,2,181.7052044143888,306.0,306.0,0.0,0,None,None,457.0,3,1,10,1,0,None
fault,A*-GA,12,2,181.7052044143888,310.0,310.0,0.0,0,None,None,470.0,8,1,10,1,0,None
fault,EHCO,13,2,181.7052044143888,361.0,361.0,0.0,0,None,None,437.0,8,1,10,1,0,None
fault,A*-GA,13,2,181.7052044143888,294.0,321.0,9.183673469387756,0,None,None,459.0,4,1,10,1,0,None
fault,EHCO,14,2,181.7052044143888,278.0,278.0,0.0,0,None,None,441.0,7,1,10,1,0,None
fault,A*-GA,14,2,181.7052044143888,296.0,296.0,0.0,0,None,None,455.0,3,1,10,1,0,None
fault,EHCO,15,2,181.7052044143888,349.0,349.0,0.0,0,None,None,456.0,2,1,10,1,0,None
fault,A*-GA,15,2,181.7052044143888,301.0,365.0,21.262458471760798,0,None,None,453.0,4,1,10,1,0,None
fault,EHCO,16,2,181.7052044143888,291.0,337.0,15.807560137457044,0,None,None,450.0,6,1,10,1,0,None
fault,A*-GA,16,2,181.7052044143888,297.0,297.0,0.0,0,None,None,449.0,8,1,10,1,0,None
fault,EHCO,17,2,181.7052044143888,380.0,380.0,0.0,0,None,None,443.0,4,1,10,1,0,None
fault,A*-GA,17,2,181.7052044143888,294.0,294.0,0.0,0,None,None,451.0,8,1,10,1,0,None
fault,EHCO,18,2,181.7052044143888,309.0,370.0,19.741100323624593,0,None,None,445.0,9,1,10,1,0,None
fault,A*-GA,18,2,181.7052044143888,314.0,410.0,30.573248407643312,0,None,None,457.0,0,1,10,1,0,None
fault,EHCO,19,2,181.7052044143888,345.0,345.0,0.0,0,None,None,445.0,8,1,10,1,0,None
fault,A*-GA,19,2,181.7052044143888,298.0,323.0,8.389261744966444,0,None,None,450.0,6,1,10,1,0,None
fault,EHCO,20,2,181.7052044143888,293.0,308.0,5.1194539249146755,0,None,None,451.0,7,1,10,1,0,None
fault,A*-GA,20,2,181.7052044143888,299.0,299.0,0.0,0,None,None,458.0,0,1,10,1,0,None
fault,EHCO,21,2,181.7052044143888,284.0,288.0,1.4084507042253522,0,None,None,448.0,4,1,10,1,0,None
fault,A*-GA,21,2,181.7052044143888,304.0,304.0,0.0,0,None,None,454.0,8,1,10,1,0,None
fault,EHCO,22,2,181.7052044143888,287.0,321.0,11.846689895470384,0,None,None,448.0,9,1,10,1,0,None
fault,A*-GA,22,2,181.7052044143888,307.0,353.0,14.983713355048861,0,None,None,461.0,8,1,10,1,0,None
fault,EHCO,23,2,181.7052044143888,362.0,362.0,0.0,0,None,None,439.0,1,1,10,1,0,None
fault,A*-GA,23,2,181.7052044143888,319.0,319.0,0.0,0,None,None,457.0,9,1,10,1,0,None
fault,EHCO,24,2,181.7052044143888,312.0,312.0,0.0,0,None,None,446.0,7,1,10,1,0,None
fault,A*-GA,24,2,181.7052044143888,293.0,302.0,3.0716723549488054,0,None,None,442.0,5,1,10,1,0,None
fault,EHCO,25,2,181.7052044143888,372.0,372.0,0.0,0,None,None,452.0,5,1,10,1,0,None
fault,A*-GA,25,2,181.7052044143888,292.0,326.0,11.643835616438356,0,None,None,441.0,0,1,10,1,0,None
fault,EHCO,26,2,181.7052044143888,324.0,324.0,0.0,0,None,None,460.0,5,1,10,1,0,None
fault,A*-GA,26,2,181.7052044143888,276.0,276.0,0.0,0,None,None,469.0,2,1,10,1,0,None
fault,EHCO,27,2,181.7052044143888,296.0,366.0,23.64864864864865,0,None,None,434.0,8,1,10,1,0,None
fault,A*-GA,27,2,181.7052044143888,304.0,424.0,39.473684210526315,0,None,None,441.0,9,1,10,1,0,None
fault,EHCO,28,2,181.7052044143888,412.0,412.0,0.0,0,None,None,451.0,6,1,10,1,0,None
fault,A*-GA,28,2,181.7052044143888,321.0,321.0,0.0,0,None,None,446.0,0,1,10,1,0,None
fault,EHCO,29,2,181.7052044143888,369.0,441.0,19.51219512195122,0,None,None,450.0,3,1,10,1,0,None
fault,A*-GA,29,2,181.7052044143888,305.0,305.0,0.0,0,None,None,451.0,3,1,10,1,0,None
fault,EHCO,30,2,181.7052044143888,353.0,353.0,0.0,0,None,None,438.0,3,1,10,1,0,None
fault,A*-GA,30,2,181.7052044143888,287.0,287.0,0.0,0,None,None,453.0,6,1,10,1,0,None
fault,EHCO,1,3,87.05594713886512,337.0,334.0,-0.8902077151335311,0,513.4307999978773,20000.0,168.0,8,1,10,1,1,258.0
fault,A*-GA,1,3,87.05594713886512,313.0,576.0,84.02555910543131,0,None,None,165.0,3,1,10,1,0,None
fault,EHCO,2,3,87.05594713886512,307.0,335.0,9.120521172638437,0,518.6928999974043,20000.0,168.0,4,1,10,1,1,231.0
fault,A*-GA,2,3,87.05594713886512,304.0,497.0,63.48684210526315,0,None,None,168.0,4,1,10,1,0,None
fault,EHCO,3,3,87.05594713886512,303.0,322.0,6.270627062706271,0,530.1564000037615,20000.0,163.0,9,1,10,1,1,221.0
fault,A*-GA,3,3,87.05594713886512,304.0,606.0,99.3421052631579,0,None,None,174.0,8,1,10,1,0,None
fault,EHCO,4,3,87.05594713886512,299.0,325.0,8.695652173913043,0,539.3590999956359,20000.0,171.0,3,1,10,1,1,None
fault,A*-GA,4,3,87.05594713886512,302.0,519.0,71.8543046357616,0,None,None,178.0,9,1,10,1,0,None
fault,EHCO,5,3,87.05594713886512,321.0,349.0,8.722741433021806,0,552.5732999958564,20000.0,172.0,0,1,10,1,1,250.0
fault,A*-GA,5,3,87.05594713886512,318.0,696.0,118.86792452830188,0,None,None,170.0,1,1,10,1,0,None
fault,EHCO,6,3,87.05594713886512,352.0,424.0,20.454545454545457,0,508.6892999970587,20000.0,172.0,3,1,10,1,1,235.0
fault,A*-GA,6,3,87.05594713886512,312.0,651.0,108.65384615384615,0,None,None,173.0,8,1,10,1,0,None
fault,EHCO,7,3,87.05594713886512,305.0,336.0,10.163934426229508,0,500.93570000171894,20000.0,168.0,3,1,10,1,1,191.0
fault,A*-GA,7,3,87.05594713886512,313.0,576.0,84.02555910543131,0,None,None,166.0,2,1,10,1,0,None
fault,EHCO,8,3,87.05594713886512,347.0,357.0,2.881844380403458,0,549.4015999938711,20000.0,172.0,9,1,10,1,1,246.0
fault,A*-GA,8,3,87.05594713886512,312.0,312.0,0.0,0,None,None,171.0,9,1,10,1,0,None
fault,EHCO,9,3,87.05594713886512,317.0,363.0,14.511041009463725,0,509.8470999946585,20000.0,173.0,9,1,10,1,1,275.0
fault,A*-GA,9,3,87.05594713886512,303.0,563.0,85.8085808580858,0,None,None,168.0,4,1,10,1,0,None
fault,EHCO,10,3,87.05594713886512,292.0,319.0,9.246575342465754,0,516.3767999983975,20000.0,163.0,8,1,10,1,1,None
fault,A*-GA,10,3,87.05594713886512,278.0,439.0,57.9136690647482,0,None,None,169.0,1,1,10,1,0,None
fault,EHCO,11,3,87.05594713886512,454.0,336.0,-25.991189427312776,0,573.392899997998,20000.0,171.0,5,1,10,1,1,203.0
fault,A*-GA,11,3,87.05594713886512,310.0,515.0,66.12903225806451,0,None,None,168.0,6,1,10,1,0,None
fault,EHCO,12,3,87.05594713886512,306.0,325.0,6.209150326797386,0,533.4919000015361,20000.0,156.0,9,1,10,1,1,239.0
fault,A*-GA,12,3,87.05594713886512,310.0,682.0,120.0,0,None,None,159.0,0,1,10,1,0,None
fault,EHCO,13,3,87.05594713886512,361.0,317.0,-12.18836565096953,0,507.6714999959222,20000.0,166.0,9,1,10,1,1,190.0
fault,A*-GA,13,3,87.05594713886512,294.0,517.0,75.85034013605441,0,None,None,176.0,6,1,10,1,0,None
fault,EHCO,14,3,87.05594713886512,278.0,283.0,1.7985611510791366,0,513.9042000009795,20000.0,166.0,0,1,10,1,1,201.0
fault,A*-GA,14,3,87.05594713886512,296.0,556.0,87.83783783783784,0,None,None,166.0,1,1,10,1,0,None
fault,EHCO,15,3,87.05594713886512,349.0,310.0,-11.174785100286533,0,513.6292000024696,20000.0,171.0,3,1,10,1,1,None
fault,A*-GA,15,3,87.05594713886512,301.0,544.0,80.73089700996677,0,None,None,173.0,9,1,10,1,0,None
fault,EHCO,16,3,87.05594713886512,291.0,331.0,13.745704467353953,0,551.4972000019043,20000.0,168.0,4,1,10,1,1,316.0
fault,A*-GA,16,3,87.05594713886512,297.0,550.0,85.18518518518519,0,None,None,162.0,6,1,10,1,0,None
fault,EHCO,17,3,87.05594713886512,380.0,298.0,-21.578947368421055,0,522.3860000041896,20000.0,168.0,1,1,10,1,1,265.0
fault,A*-GA,17,3,87.05594713886512,294.0,525.0,78.57142857142857,0,None,None,165.0,0,1,10,1,0,None
fault,EHCO,18,3,87.05594713886512,309.0,399.0,29.126213592233007,0,521.078599995235,20000.0,174.0,1,1,10,1,1,271.0
fault,A*-GA,18,3,87.05594713886512,314.0,613.0,95.22292993630573,0,None,None,179.0,3,1,10,1,0,None
fault,EHCO,19,3,87.05594713886512,345.0,296.0,-14.202898550724639,0,480.40690000198083,20000.0,170.0,9,1,10,1,1,222.0
fault,A*-GA,19,3,87.05594713886512,298.0,571.0,91.61073825503355,0,None,None,165.0,6,1,10,1,0,None
fault,EHCO,20,3,87.05594713886512,293.0,325.0,10.921501706484642,0,516.0267000028398,20000.0,171.0,5,1,10,1,1,208.0
fault,A*-GA,20,3,87.05594713886512,299.0,577.0,92.97658862876254,0,None,None,169.0,1,1,10,1,0,None
fault,EHCO,21,3,87.05594713886512,284.0,332.0,16.901408450704224,0,536.0427999985404,20000.0,168.0,5,1,10,1,1,181.0
fault,A*-GA,21,3,87.05594713886512,304.0,491.0,61.51315789473685,0,None,None,177.0,8,1,10,1,0,None
fault,EHCO,22,3,87.05594713886512,287.0,321.0,11.846689895470384,0,516.7230000006384,20000.0,172.0,6,1,10,1,1,223.0
fault,A*-GA,22,3,87.05594713886512,307.0,560.0,82.41042345276874,0,None,None,172.0,0,1,10,1,0,None
fault,EHCO,23,3,87.05594713886512,362.0,318.0,-12.154696132596685,0,549.4679999974323,20000.0,164.0,9,1,10,1,1,233.0
fault,A*-GA,23,3,87.05594713886512,319.0,453.0,42.00626959247649,0,None,None,167.0,1,1,10,1,0,None
fault,EHCO,24,3,87.05594713886512,312.0,355.0,13.782051282051283,0,517.7971999946749,20000.0,167.0,7,1,10,1,1,197.0
fault,A*-GA,24,3,87.05594713886512,293.0,564.0,92.4914675767918,0,None,None,172.0,7,1,10,1,0,None
fault,EHCO,25,3,87.05594713886512,372.0,310.0,-16.666666666666664,0,535.0587000066298,20000.0,173.0,8,1,10,1,1,226.0
fault,A*-GA,25,3,87.05594713886512,292.0,529.0,81.16438356164383,0,None,None,166.0,9,1,10,1,0,None
fault,EHCO,26,3,87.05594713886512,324.0,310.0,-4.320987654320987,0,465.4908999946201,20000.0,173.0,7,1,10,1,1,None
fault,A*-GA,26,3,87.05594713886512,276.0,453.0,64.13043478260869,0,None,None,175.0,3,1,10,1,0,None
fault,EHCO,27,3,87.05594713886512,296.0,331.0,11.824324324324325,0,531.3157999989926,20000.0,170.0,1,1,10,1,1,219.0
fault,A*-GA,27,3,87.05594713886512,304.0,610.0,100.6578947368421,0,None,None,170.0,1,1,10,1,0,None
fault,EHCO,28,3,87.05594713886512,412.0,370.0,-10.194174757281553,0,508.74340000154916,20000.0,168.0,0,1,10,1,1,203.0
fault,A*-GA,28,3,87.05594713886512,321.0,559.0,74.14330218068535,0,None,None,175.0,2,1,10,1,0,None
fault,EHCO,29,3,87.05594713886512,369.0,319.0,-13.550135501355012,0,514.596499997424,20000.0,169.0,7,1,10,1,1,201.0
fault,A*-GA,29,3,87.05594713886512,305.0,607.0,99.01639344262296,0,None,None,174.0,2,1,10,1,0,None
fault,EHCO,30,3,87.05594713886512,353.0,309.0,-12.464589235127479,0,543.4098000041558,20000.0,168.0,0,1,10,1,1,195.0
fault,A*-GA,30,3,87.05594713886512,287.0,498.0,73.5191637630662,0,None,None,168.0,6,1,10,1,0,None
fault,EHCO,1,4,64.21579955915043,337.0,359.0,6.528189910979229,0,542.6659000004292,20000.0,152.0,0,1,10,1,1,197.0
fault,A*-GA,1,4,64.21579955915043,313.0,712.0,127.47603833865814,0,None,None,153.0,5,1,10,1,0,None
fault,EHCO,2,4,64.21579955915043,307.0,335.0,9.120521172638437,0,526.3732999956119,20000.0,156.0,0,1,10,1,1,217.0
fault,A*-GA,2,4,64.21579955915043,304.0,694.0,128.28947368421052,0,None,None,149.0,1,1,10,1,0,None
fault,EHCO,3,4,64.21579955915043,303.0,320.0,5.6105610561056105,0,520.835100003751,20000.0,153.0,7,1,10,1,1,188.0
fault,A*-GA,3,4,64.21579955915043,304.0,624.0,105.26315789473684,0,None,None,153.0,5,1,10,1,0,None
fault,EHCO,4,4,64.21579955915043,299.0,393.0,31.438127090301005,0,570.329900001525,20000.0,160.0,9,1,10,1,1,188.0
fault,A*-GA,4,4,64.21579955915043,302.0,511.0,69.20529801324503,0,None,None,155.0,0,1,10,1,0,None
fault,EHCO,5,4,64.21579955915043,321.0,354.0,10.2803738317757,0,565.3606999985641,20000.0,149.0,8,1,10,1,1,306.0
fault,A*-GA,5,4,64.21579955915043,318.0,418.0,31.446540880503143,0,None,None,159.0,2,1,10,1,0,None
fault,EHCO,6,4,64.21579955915043,352.0,325.0,-7.670454545454546,0,583.9141000033123,20000.0,145.0,0,1,10,1,1,194.0
fault,A*-GA,6,4,64.21579955915043,312.0,615.0,97.11538461538461,0,None,None,157.0,2,1,10,1,0,None
fault,EHCO,7,4,64.21579955915043,305.0,327.0,7.213114754098362,0,542.4801000044681,20000.0,155.0,9,1,10,1,1,201.0
fault,A*-GA,7,4,64.21579955915043,313.0,615.0,96.48562300319489,0,None,None,160.0,6,1,10,1,0,None
fault,EHCO,8,4,64.21579955915043,347.0,330.0,-4.899135446685879,0,569.94599999598,20000.0,151.0,2,1,10,1,1,191.0
fault,A*-GA,8,4,64.21579955915043,312.0,732.0,134.6153846153846,0,None,None,146.0,7,1,10,1,0,None
fault,EHCO,9,4,64.21579955915043,317.0,318.0,0.31545741324921134,0,518.1518000026699,20000.0,157.0,5,1,10,1,1,None
fault,A*-GA,9,4,64.21579955915043,303.0,627.0,106.93069306930694,0,None,None,148.0,1,1,10,1,0,None
fault,EHCO,10,4,64.21579955915043,292.0,300.0,2.73972602739726,0,505.25159999961033,20000.0,158.0,4,1,10,1,1,227.0
fault,A*-GA,10,4,64.21579955915043,278.0,455.0,63.66906474820144,0,None,None,155.0,2,1,10,1,0,None
fault,EHCO,11,4,64.21579955915043,454.0,321.0,-29.295154185022028,0,555.9087000001455,20000.0,154.0,2,1,10,1,1,245.0
fault,A*-GA,11,4,64.21579955915043,310.0,674.0,117.41935483870967,0,None,None,157.0,5,1,10,1,0,None
fault,EHCO,12,4,64.21579955915043,306.0,295.0,-3.594771241830065,0,585.1973999961047,20000.0,143.0,9,1,10,1,1,247.0
fault,A*-GA,12,4,64.21579955915043,310.0,362.0,16.7741935483871,0,None,None,153.0,5,1,10,1,0,None
fault,EHCO,13,4,64.21579955915043,361.0,328.0,-9.141274238227147,0,521.5511999995215,20000.0,147.0,5,1,10,1,1,226.0
fault,A*-GA,13,4,64.21579955915043,294.0,632.0,114.96598639455782,0,None,None,156.0,4,1,10,1,0,None
fault,EHCO,14,4,64.21579955915043,278.0,298.0,7.194244604316546,0,541.3270999997621,20000.0,150.0,6,1,10,1,1,186.0
fault,A*-GA,14,4,64.21579955915043,296.0,519.0,75.33783783783784,0,None,None,156.0,2,1,10,1,0,None
fault,EHCO,15,4,64.21579955915043,349.0,311.0,-10.888252148997136,0,534.0973999991547,20000.0,152.0,6,1,10,1,1,222.0
fault,A*-GA,15,4,64.21579955915043,301.0,616.0,104.65116279069768,0,None,None,159.0,6,1,10,1,0,None
fault,EHCO,16,4,64.21579955915043,291.0,344.0,18.213058419243985,0,570.4781000022194,20000.0,154.0,0,1,10,1,1,195.0
fault,A*-GA,16,4,64.21579955915043,297.0,571.0,92.25589225589226,0,None,None,151.0,6,1,10,1,0,None
fault,EHCO,17,4,64.21579955915043,380.0,327.0,-13.94736842105263,0,536.0763999997289,20000.0,157.0,1,1,10,1,1,199.0
fault,A*-GA,17,4,64.21579955915043,294.0,420.0,42.857142857142854,0,None,None,161.0,5,1,10,1,0,None
fault,EHCO,18,4,64.21579955915043,309.0,332.0,7.443365695792881,0,573.9125999971293,20000.0,153.0,8,1,10,1,1,262.0
fault,A*-GA,18,4,64.21579955915043,314.0,495.0,57.64331210191082,0,None,None,155.0,5,1,10,1,0,None
fault,EHCO,19,4,64.21579955915043,345.0,287.0,-16.81159420289855,0,542.1912000019802,20000.0,151.0,4,1,10,1,1,239.0
fault,A*-GA,19,4,64.21579955915043,298.0,650.0,118.12080536912752,0,None,None,153.0,1,1,10,1,0,None
fault,EHCO,20,4,64.21579955915043,293.0,344.0,17.4061433447099,0,538.2323999947403,20000.0,151.0,1,1,10,1,1,191.0
fault,A*-GA,20,4,64.21579955915043,299.0,622.0,108.0267558528428,0,None,None,156.0,9,1,10,1,0,None
fault,EHCO,21,4,64.21579955915043,284.0,356.0,25.352112676056336,0,549.8912000039127,20000.0,147.0,3,1,10,1,1,213.0
fault,A*-GA,21,4,64.21579955915043,304.0,665.0,118.75,0,None,None,155.0,9,1,10,1,0,None
fault,EHCO,22,4,64.21579955915043,287.0,322.0,12.195121951219512,0,541.5217000045232,20000.0,150.0,3,1,10,1,1,252.0
fault,A*-GA,22,4,64.21579955915043,307.0,632.0,105.86319218241043,0,None,None,152.0,4,1,10,1,0,None
fault,EHCO,23,4,64.21579955915043,362.0,322.0,-11.049723756906078,0,567.127000002074,20000.0,155.0,8,1,10,1,1,197.0
fault,A*-GA,23,4,64.21579955915043,319.0,645.0,102.19435736677116,0,None,None,153.0,6,1,10,1,0,None
fault,EHCO,24,4,64.21579955915043,312.0,343.0,9.935897435897436,0,527.1729999949457,20000.0,151.0,0,1,10,1,1,175.0
fault,A*-GA,24,4,64.21579955915043,293.0,538.0,83.61774744027304,0,None,None,156.0,6,1,10,1,0,None
fault,EHCO,25,4,64.21579955915043,372.0,299.0,-19.623655913978492,0,563.1828999976278,20000.0,152.0,9,1,10,1,1,204.0
fault,A*-GA,25,4,64.21579955915043,292.0,465.0,59.24657534246576,0,None,None,161.0,3,1,10,1,0,None
fault,EHCO,26,4,64.21579955915043,324.0,310.0,-4.320987654320987,0,530.3323999978602,20000.0,150.0,8,1,10,1,1,179.0
fault,A*-GA,26,4,64.21579955915043,276.0,342.0,23.91304347826087,0,None,None,159.0,7,1,10,1,0,None
fault,EHCO,27,4,64.21579955915043,296.0,322.0,8.783783783783784,0,559.4685000032769,20000.0,148.0,4,1,10,1,1,174.0
fault,A*-GA,27,4,64.21579955915043,304.0,659.0,116.7763157894737,0,None,None,156.0,2,1,10,1,0,None
fault,EHCO,28,4,64.21579955915043,412.0,347.0,-15.776699029126215,0,536.8022999973618,20000.0,152.0,8,1,10,1,1,206.0
fault,A*-GA,28,4,64.21579955915043,321.0,693.0,115.88785046728971,0,None,None,151.0,3,1,10,1,0,None
fault,EHCO,29,4,64.21579955915043,369.0,299.0,-18.97018970189702,0,543.8362999993842,20000.0,157.0,9,1,10,1,1,273.0
fault,A*-GA,29,4,64.21579955915043,305.0,610.0,100.0,0,None,None,147.0,8,1,10,1,0,None
fault,EHCO,30,4,64.21579955915043,353.0,290.0,-17.847025495750707,0,545.8456000051228,20000.0,157.0,2,1,10,1,1,190.0
fault,A*-GA,30,4,64.21579955915043,287.0,480.0,67.24738675958189,0,None,None,154.0,4,1,10,1,0,None
urgent,EHCO,1,0,400.0,337.0,469.0,39.16913946587537,0,94.00730000197655,4000.0,None,None,0,10,1,1,
urgent,A*-GA,1,0,400.0,313.0,570.0,82.10862619808307,0,None,None,None,None,0,10,1,0,
urgent,EHCO,2,0,400.0,307.0,500.0,62.866449511400646,0,92.15669999684906,4000.0,None,None,0,10,1,1,
urgent,A*-GA,2,0,400.0,304.0,582.0,91.44736842105263,0,None,None,None,None,0,10,1,0,
urgent,EHCO,3,0,400.0,303.0,491.0,62.04620462046204,0,92.4421000017901,4000.0,None,None,0,10,1,1,
urgent,A*-GA,3,0,400.0,304.0,620.0,103.94736842105263,0,None,None,None,None,0,10,1,0,
urgent,EHCO,4,0,400.0,299.0,484.0,61.87290969899666,0,89.62100000644568,4000.0,None,None,0,10,1,1,
urgent,A*-GA,4,0,400.0,302.0,545.0,80.4635761589404,0,None,None,None,None,0,10,1,0,
urgent,EHCO,5,0,400.0,321.0,556.0,73.20872274143302,0,96.73420000035549,4000.0,None,None,0,10,1,1,
urgent,A*-GA,5,0,400.0,318.0,625.0,96.54088050314465,0,None,None,None,None,0,10,1,0,
urgent,EHCO,6,0,400.0,352.0,474.0,34.659090909090914,0,91.41529999760678,4000.0,None,None,0,10,1,1,
urgent,A*-GA,6,0,400.0,312.0,593.0,90.06410256410257,0,None,None,None,None,0,10,1,0,
urgent,EHCO,7,0,400.0,305.0,453.0,48.52459016393443,0,93.92369999841321,4000.0,None,None,0,10,1,1,
urgent,A*-GA,7,0,400.0,313.0,584.0,86.5814696485623,0,None,None,None,None,0,10,1,0,
urgent,EHCO,8,0,400.0,347.0,480.0,38.328530259366,0,89.40839999559103,4000.0,None,None,0,10,1,1,
urgent,A*-GA,8,0,400.0,312.0,593.0,90.06410256410257,0,None,None,None,None,0,10,1,0,
urgent,EHCO,9,0,400.0,317.0,455.0,43.53312302839117,0,91.48499999719206,4000.0,None,None,0,10,1,1,
urgent,A*-GA,9,0,400.0,303.0,587.0,93.72937293729373,0,None,None,None,None,0,10,1,0,
urgent,EHCO,10,0,400.0,292.0,480.0,64.38356164383562,0,98.90050000103656,4000.0,None,None,0,10,1,1,
urgent,A*-GA,10,0,400.0,278.0,537.0,93.16546762589928,0,None,None,None,None,0,10,1,0,
urgent,EHCO,11,0,400.0,454.0,454.0,0.0,0,89.71549999841955,4000.0,None,None,0,10,1,1,
urgent,A*-GA,11,0,400.0,310.0,595.0,91.93548387096774,0,None,None,None,None,0,10,1,0,
urgent,EHCO,12,0,400.0,306.0,501.0,63.725490196078425,0,89.02849999867612,4000.0,None,None,0,10,1,1,
urgent,A*-GA,12,0,400.0,310.0,572.0,84.51612903225806,0,None,None,None,None,0,10,1,0,
urgent,EHCO,13,0,400.0,361.0,455.0,26.038781163434905,0,93.62269999837736,4000.0,None,None,0,10,1,1,
urgent,A*-GA,13,0,400.0,294.0,629.0,113.94557823129252,0,None,None,None,None,0,10,1,0,
urgent,EHCO,14,0,400.0,278.0,519.0,86.6906474820144,0,91.34749999793712,4000.0,None,None,0,10,1,1,
urgent,A*-GA,14,0,400.0,296.0,598.0,102.02702702702702,0,None,None,None,None,0,10,1,0,
urgent,EHCO,15,0,400.0,349.0,467.0,33.810888252149,0,92.74620000360301,4000.0,None,None,0,10,1,1,
urgent,A*-GA,15,0,400.0,301.0,605.0,100.99667774086379,0,None,None,None,None,0,10,1,0,
urgent,EHCO,16,0,400.0,291.0,540.0,85.56701030927834,0,100.48239999741782,4000.0,None,None,0,10,1,1,
urgent,A*-GA,16,0,400.0,297.0,672.0,126.26262626262626,0,None,None,None,None,0,10,1,0,
urgent,EHCO,17,0,400.0,380.0,467.0,22.894736842105264,0,99.46210000634892,4000.0,None,None,0,10,1,1,
urgent,A*-GA,17,0,400.0,294.0,617.0,109.8639455782313,0,None,None,None,None,0,10,1,0,
urgent,EHCO,18,0,400.0,309.0,459.0,48.54368932038835,0,96.42539999913424,4000.0,None,None,0,10,1,1,
urgent,A*-GA,18,0,400.0,314.0,594.0,89.171974522293,0,None,None,None,None,0,10,1,0,
urgent,EHCO,19,0,400.0,345.0,488.0,41.449275362318836,0,96.68090000195662,4000.0,None,None,0,10,1,1,
urgent,A*-GA,19,0,400.0,298.0,543.0,82.21476510067114,0,None,None,None,None,0,10,1,0,
urgent,EHCO,20,0,400.0,293.0,477.0,62.79863481228669,0,90.14680000109365,4000.0,None,None,0,10,1,1,
urgent,A*-GA,20,0,400.0,299.0,587.0,96.32107023411372,0,None,None,None,None,0,10,1,0,
urgent,EHCO,21,0,400.0,284.0,481.0,69.36619718309859,0,91.4065999968443,4000.0,None,None,0,10,1,1,
urgent,A*-GA,21,0,400.0,304.0,557.0,83.22368421052632,0,None,None,None,None,0,10,1,0,
urgent,EHCO,22,0,400.0,287.0,485.0,68.98954703832753,0,95.14599999965867,4000.0,None,None,0,10,1,1,
urgent,A*-GA,22,0,400.0,307.0,639.0,108.14332247557003,0,None,None,None,None,0,10,1,0,
urgent,EHCO,23,0,400.0,362.0,475.0,31.215469613259668,0,99.60239999782061,4000.0,None,None,0,10,1,1,
urgent,A*-GA,23,0,400.0,319.0,616.0,93.10344827586206,0,None,None,None,None,0,10,1,0,
urgent,EHCO,24,0,400.0,312.0,457.0,46.47435897435898,0,100.56430000258842,4000.0,None,None,0,10,1,1,
urgent,A*-GA,24,0,400.0,293.0,593.0,102.3890784982935,0,None,None,None,None,0,10,1,0,
urgent,EHCO,25,0,400.0,372.0,476.0,27.956989247311824,0,98.58069999609143,4000.0,None,None,0,10,1,1,
urgent,A*-GA,25,0,400.0,292.0,598.0,104.7945205479452,0,None,None,None,None,0,10,1,0,
urgent,EHCO,26,0,400.0,324.0,462.0,42.592592592592595,0,96.45029999956023,4000.0,None,None,0,10,1,1,
urgent,A*-GA,26,0,400.0,276.0,597.0,116.30434782608697,0,None,None,None,None,0,10,1,0,
urgent,EHCO,27,0,400.0,296.0,479.0,61.82432432432432,0,97.06459999870276,4000.0,None,None,0,10,1,1,
urgent,A*-GA,27,0,400.0,304.0,621.0,104.2763157894737,0,None,None,None,None,0,10,1,0,
urgent,EHCO,28,0,400.0,412.0,477.0,15.776699029126215,0,93.77340000355616,4000.0,None,None,0,10,1,1,
urgent,A*-GA,28,0,400.0,321.0,585.0,82.2429906542056,0,None,None,None,None,0,10,1,0,
urgent,EHCO,29,0,400.0,369.0,470.0,27.371273712737125,0,89.97130000352627,4000.0,None,None,0,10,1,1,
urgent,A*-GA,29,0,400.0,305.0,620.0,103.27868852459017,0,None,None,None,None,0,10,1,0,
urgent,EHCO,30,0,400.0,353.0,463.0,31.1614730878187,0,90.05720000277506,4000.0,None,None,0,10,1,1,
urgent,A*-GA,30,0,400.0,287.0,608.0,111.84668989547038,0,None,None,None,None,0,10,1,0,
urgent,EHCO,1,1,413.15143325707925,337.0,483.0,43.32344213649852,0,89.3145000009099,4000.0,None,None,0,10,1,1,
urgent,A*-GA,1,1,413.15143325707925,313.0,584.0,86.5814696485623,0,None,None,None,None,0,10,1,0,
urgent,EHCO,2,1,413.15143325707925,307.0,514.0,67.42671009771986,0,93.503399999463,4000.0,None,None,0,10,1,1,
urgent,A*-GA,2,1,413.15143325707925,304.0,596.0,96.05263157894737,0,None,None,None,None,0,10,1,0,
urgent,EHCO,3,1,413.15143325707925,303.0,505.0,66.66666666666666,0,92.27520000422373,4000.0,None,None,0,10,1,1,
urgent,A*-GA,3,1,413.15143325707925,304.0,634.0,108.55263157894737,0,None,None,None,None,0,10,1,0,
urgent,EHCO,4,1,413.15143325707925,299.0,498.0,66.5551839464883,0,90.97230000043055,4000.0,None,None,0,10,1,1,
urgent,A*-GA,4,1,413.15143325707925,302.0,559.0,85.09933774834437,0,None,None,None,None,0,10,1,0,
urgent,EHCO,5,1,413.15143325707925,321.0,570.0,77.57009345794393,0,92.70470000046771,4000.0,None,None,0,10,1,1,
urgent,A*-GA,5,1,413.15143325707925,318.0,639.0,100.9433962264151,0,None,None,None,None,0,10,1,0,
urgent,EHCO,6,1,413.15143325707925,352.0,488.0,38.63636363636363,0,90.29490000102669,4000.0,None,None,0,10,1,1,
urgent,A*-GA,6,1,413.15143325707925,312.0,607.0,94.55128205128204,0,None,None,None,None,0,10,1,0,
urgent,EHCO,7,1,413.15143325707925,305.0,467.0,53.11475409836065,0,93.30250000493834,4000.0,None,None,0,10,1,1,
urgent,A*-GA,7,1,413.15143325707925,313.0,598.0,91.05431309904152,0,None,None,None,None,0,10,1,0,
urgent,EHCO,8,1,413.15143325707925,347.0,494.0,42.363112391930834,0,88.68839999922784,4000.0,None,None,0,10,1,1,
urgent,A*-GA,8,1,413.15143325707925,312.0,607.0,94.55128205128204,0,None,None,None,None,0,10,1,0,
urgent,EHCO,9,1,413.15143325707925,317.0,469.0,47.94952681388013,0,93.64479999931064,4000.0,None,None,0,10,1,1,
urgent,A*-GA,9,1,413.15143325707925,303.0,601.0,98.34983498349835,0,None,None,None,None,0,10,1,0,
urgent,EHCO,10,1,413.15143325707925,292.0,494.0,69.17808219178082,0,101.27289999945788,4000.0,None,None,0,10,1,1,
urgent,A*-GA,10,1,413.15143325707925,278.0,551.0,98.20143884892086,0,None,None,None,None,0,10,1,0,
urgent,EHCO,11,1,413.15143325707925,454.0,522.0,14.977973568281937,0,97.9042999970261,4000.0,None,None,0,10,1,1,
urgent,A*-GA,11,1,413.15143325707925,310.0,609.0,96.45161290322581,0,None,None,None,None,0,10,1,0,
urgent,EHCO,12,1,413.15143325707925,306.0,481.0,57.18954248366013,0,94.15579999767942,4000.0,None,None,0,10,1,1,
urgent,A*-GA,12,1,413.15143325707925,310.0,586.0,89.03225806451613,0,None,None,None,None,0,10,1,0,
urgent,EHCO,13,1,413.15143325707925,361.0,469.0,29.916897506925206,0,100.65219999523833,4000.0,None,None,0,10,1,1,
urgent,A*-GA,13,1,413.15143325707925,294.0,643.0,118.70748299319729,0,None,None,None,None,0,10,1,0,
urgent,EHCO,14,1,413.15143325707925,278.0,479.0,72.3021582733813,0,106.02359999757027,4000.0,None,None,0,10,1,1,
urgent,A*-GA,14,1,413.15143325707925,296.0,612.0,106.75675675675676,0,None,None,None,None,0,10,1,0,
urgent,EHCO,15,1,413.15143325707925,349.0,481.0,37.82234957020057,0,95.30810000433121,4000.0,None,None,0,10,1,1,
urgent,A*-GA,15,1,413.15143325707925,301.0,619.0,105.64784053156147,0,None,None,None,None,0,10,1,0,
urgent,EHCO,16,1,413.15143325707925,291.0,554.0,90.37800687285224,0,108.8683999987552,4000.0,None,None,0,10,1,1,
urgent,A*-GA,16,1,413.15143325707925,297.0,686.0,130.97643097643098,0,None,None,None,None,0,10,1,0,
urgent,EHCO,17,1,413.15143325707925,380.0,481.0,26.57894736842105,0,133.00900000467664,4000.0,None,None,0,10,1,1,
urgent,A*-GA,17,1,413.15143325707925,294.0,631.0,114.62585034013605,0,None,None,None,None,0,10,1,0,
urgent,EHCO,18,1,413.15143325707925,309.0,473.0,53.07443365695793,0,98.91749999951571,4000.0,None,None,0,10,1,1,
urgent,A*-GA,18,1,413.15143325707925,314.0,608.0,93.63057324840764,0,None,None,None,None,0,10,1,0,
urgent,EHCO,19,1,413.15143325707925,345.0,475.0,37.68115942028986,0,101.30080000089947,4000.0,None,None,0,10,1,1,
urgent,A*-GA,19,1,413.15143325707925,298.0,557.0,86.91275167785236,0,None,None,None,None,0,10,1,0,
urgent,EHCO,20,1,413.15143325707925,293.0,491.0,67.57679180887372,0,95.70220000023255,4000.0,None,None,0,10,1,1,
urgent,A*-GA,20,1,413.15143325707925,299.0,601.0,101.00334448160535,0,None,None,None,None,0,10,1,0,
urgent,EHCO,21,1,413.15143325707925,284.0,495.0,74.29577464788733,0,88.02239999931771,4000.0,None,None,0,10,1,1,
urgent,A*-GA,21,1,413.15143325707925,304.0,571.0,87.82894736842105,0,None,None,None,None,0,10,1,0,
urgent,EHCO,22,1,413.15143325707925,287.0,499.0,73.86759581881533,0,94.24709999439074,4000.0,None,None,0,10,1,1,
urgent,A*-GA,22,1,413.15143325707925,307.0,653.0,112.70358306188926,0,None,None,None,None,0,10,1,0,
urgent,EHCO,23,1,413.15143325707925,362.0,489.0,35.0828729281768,0,97.46079999604262,4000.0,None,None,0,10,1,1,
urgent,A*-GA,23,1,413.15143325707925,319.0,630.0,97.4921630094044,0,None,None,None,None,0,10,1,0,
urgent,EHCO,24,1,413.15143325707925,312.0,471.0,50.96153846153846,0,95.34739999799058,4000.0,None,None,0,10,1,1,
urgent,A*-GA,24,1,413.15143325707925,293.0,607.0,107.16723549488054,0,None,None,None,None,0,10,1,0,
urgent,EHCO,25,1,413.15143325707925,372.0,490.0,31.72043010752688,0,102.21330000058515,4000.0,None,None,0,10,1,1,
urgent,A*-GA,25,1,413.15143325707925,292.0,612.0,109.58904109589041,0,None,None,None,None,0,10,1,0,
urgent,EHCO,26,1,413.15143325707925,324.0,476.0,46.913580246913575,0,114.17140000412473,4000.0,None,None,0,10,1,1,
urgent,A*-GA,26,1,413.15143325707925,276.0,611.0,121.3768115942029,0,None,None,None,None,0,10,1,0,
urgent,EHCO,27,1,413.15143325707925,296.0,493.0,66.55405405405406,0,105.42820000409847,4000.0,None,None,0,10,1,1,
urgent,A*-GA,27,1,413.15143325707925,304.0,635.0,108.88157894736842,0,None,None,None,None,0,10,1,0,
urgent,EHCO,28,1,413.15143325707925,412.0,491.0,19.174757281553397,0,99.9115999948117,4000.0,None,None,0,10,1,1,
urgent,A*-GA,28,1,413.15143325707925,321.0,599.0,86.6043613707165,0,None,None,None,None,0,10,1,0,
urgent,EHCO,29,1,413.15143325707925,369.0,477.0,29.268292682926827,0,100.13379999872996,4000.0,None,None,0,10,1,1,
urgent,A*-GA,29,1,413.15143325707925,305.0,634.0,107.86885245901638,0,None,None,None,None,0,10,1,0,
urgent,EHCO,30,1,413.15143325707925,353.0,477.0,35.12747875354108,0,96.1031999977422,4000.0,None,None,0,10,1,1,
urgent,A*-GA,30,1,413.15143325707925,287.0,622.0,116.72473867595818,0,None,None,None,None,0,10,1,0,
urgent,EHCO,1,2,473.86457773484113,337.0,543.0,61.12759643916914,0,95.0001000019256,4000.0,None,None,0,10,1,1,
urgent,A*-GA,1,2,473.86457773484113,313.0,644.0,105.75079872204473,0,None,None,None,None,0,10,1,0,
urgent,EHCO,2,2,473.86457773484113,307.0,541.0,76.2214983713355,0,91.92340000299737,4000.0,None,None,0,10,1,1,
urgent,A*-GA,2,2,473.86457773484113,304.0,656.0,115.78947368421053,0,None,None,None,None,0,10,1,0,
urgent,EHCO,3,2,473.86457773484113,303.0,565.0,86.46864686468648,0,101.1889000001247,4000.0,None,None,0,10,1,1,
urgent,A*-GA,3,2,473.86457773484113,304.0,694.0,128.28947368421052,0,None,None,None,None,0,10,1,0,
urgent,EHCO,4,2,473.86457773484113,299.0,510.0,70.5685618729097,0,97.04169999895385,4000.0,None,None,0,10,1,1,
urgent,A*-GA,4,2,473.86457773484113,302.0,619.0,104.96688741721853,0,None,None,None,None,0,10,1,0,
urgent,EHCO,5,2,473.86457773484113,321.0,630.0,96.26168224299066,0,108.63090000202646,4000.0,None,None,0,10,1,1,
urgent,A*-GA,5,2,473.86457773484113,318.0,699.0,119.81132075471699,0,None,None,None,None,0,10,1,0,
urgent,EHCO,6,2,473.86457773484113,352.0,548.0,55.68181818181818,0,116.8787999995402,4000.0,None,None,0,10,1,1,
urgent,A*-GA,6,2,473.86457773484113,312.0,667.0,113.78205128205127,0,None,None,None,None,0,10,1,0,
urgent,EHCO,7,2,473.86457773484113,305.0,527.0,72.78688524590164,0,101.70720000314759,4000.0,None,None,0,10,1,1,
urgent,A*-GA,7,2,473.86457773484113,313.0,658.0,110.22364217252397,0,None,None,None,None,0,10,1,0,
urgent,EHCO,8,2,473.86457773484113,347.0,554.0,59.654178674351584,0,92.58050000062212,4000.0,None,None,0,10,1,1,
urgent,A*-GA,8,2,473.86457773484113,312.0,667.0,113.78205128205127,0,None,None,None,None,0,10,1,0,
urgent,EHCO,9,2,473.86457773484113,317.0,529.0,66.8769716088328,0,105.80749999644468,4000.0,None,None,0,10,1,1,
urgent,A*-GA,9,2,473.86457773484113,303.0,661.0,118.15181518151816,0,None,None,None,None,0,10,1,0,
urgent,EHCO,10,2,473.86457773484113,292.0,546.0,86.98630136986301,0,96.64319999865256,4000.0,None,None,0,10,1,1,
urgent,A*-GA,10,2,473.86457773484113,278.0,611.0,119.78417266187051,0,None,None,None,None,0,10,1,0,
urgent,EHCO,11,2,473.86457773484113,454.0,527.0,16.079295154185022,0,100.49240000080317,4000.0,None,None,0,10,1,1,
urgent,A*-GA,11,2,473.86457773484113,310.0,669.0,115.80645161290322,0,None,None,None,None,0,10,1,0,
urgent,EHCO,12,2,473.86457773484113,306.0,541.0,76.79738562091504,0,98.35540000494802,4000.0,None,None,0,10,1,1,
urgent,A*-GA,12,2,473.86457773484113,310.0,646.0,108.38709677419357,0,None,None,None,None,0,10,1,0,
urgent,EHCO,13,2,473.86457773484113,361.0,531.0,47.091412742382275,0,94.27609999693232,4000.0,None,None,0,10,1,1,
urgent,A*-GA,13,2,473.86457773484113,294.0,703.0,139.1156462585034,0,None,None,None,None,0,10,1,0,
urgent,EHCO,14,2,473.86457773484113,278.0,597.0,114.74820143884892,0,96.95159999682801,4000.0,None,None,0,10,1,1,
urgent,A*-GA,14,2,473.86457773484113,296.0,672.0,127.02702702702702,0,None,None,None,None,0,10,1,0,
urgent,EHCO,15,2,473.86457773484113,349.0,541.0,55.014326647564474,0,95.28660000069067,4000.0,None,None,0,10,1,1,
urgent,A*-GA,15,2,473.86457773484113,301.0,679.0,125.5813953488372,0,None,None,None,None,0,10,1,0,
urgent,EHCO,16,2,473.86457773484113,291.0,563.0,93.47079037800687,0,93.47949999937555,4000.0,None,None,0,10,1,1,
urgent,A*-GA,16,2,473.86457773484113,297.0,746.0,151.17845117845116,0,None,None,None,None,0,10,1,0,
urgent,EHCO,17,2,473.86457773484113,380.0,541.0,42.368421052631575,0,88.66520000447053,4000.0,None,None,0,10,1,1,
urgent,A*-GA,17,2,473.86457773484113,294.0,691.0,135.03401360544217,0,None,None,None,None,0,10,1,0,
urgent,EHCO,18,2,473.86457773484113,309.0,528.0,70.87378640776699,0,92.85649999947054,4000.0,None,None,0,10,1,1,
urgent,A*-GA,18,2,473.86457773484113,314.0,668.0,112.73885350318471,0,None,None,None,None,0,10,1,0,
urgent,EHCO,19,2,473.86457773484113,345.0,535.0,55.072463768115945,0,92.97799999330891,4000.0,None,None,0,10,1,1,
urgent,A*-GA,19,2,473.86457773484113,298.0,617.0,107.0469798657718,0,None,None,None,None,0,10,1,0,
urgent,EHCO,20,2,473.86457773484113,293.0,551.0,88.05460750853243,0,89.75079999800073,4000.0,None,None,0,10,1,1,
urgent,A*-GA,20,2,473.86457773484113,299.0,661.0,121.07023411371239,0,None,None,None,None,0,10,1,0,
urgent,EHCO,21,2,473.86457773484113,284.0,555.0,95.4225352112676,0,90.96029999636812,4000.0,None,None,0,10,1,1,
urgent,A*-GA,21,2,473.86457773484113,304.0,631.0,107.5657894736842,0,None,None,None,None,0,10,1,0,
urgent,EHCO,22,2,473.86457773484113,287.0,625.0,117.77003484320558,0,92.37729999586008,4000.0,None,None,0,10,1,1,
urgent,A*-GA,22,2,473.86457773484113,307.0,713.0,132.24755700325733,0,None,None,None,None,0,10,1,0,
urgent,EHCO,23,2,473.86457773484113,362.0,549.0,51.657458563535904,0,89.03270000155317,4000.0,None,None,0,10,1,1,
urgent,A*-GA,23,2,473.86457773484113,319.0,690.0,116.30094043887146,0,None,None,None,None,0,10,1,0,
urgent,EHCO,24,2,473.86457773484113,312.0,531.0,70.1923076923077,0,97.09830000065267,4000.0,None,None,0,10,1,1,
urgent,A*-GA,24,2,473.86457773484113,293.0,667.0,127.64505119453923,0,None,None,None,None,0,10,1,0,
urgent,EHCO,25,2,473.86457773484113,372.0,550.0,47.8494623655914,0,115.40209999657236,4000.0,None,None,0,10,1,1,
urgent,A*-GA,25,2,473.86457773484113,292.0,672.0,130.13698630136986,0,None,None,None,None,0,10,1,0,
urgent,EHCO,26,2,473.86457773484113,324.0,536.0,65.4320987654321,0,111.07710000214865,4000.0,None,None,0,10,1,1,
urgent,A*-GA,26,2,473.86457773484113,276.0,671.0,143.1159420289855,0,None,None,None,None,0,10,1,0,
urgent,EHCO,27,2,473.86457773484113,296.0,553.0,86.82432432432432,0,95.47860000020592,4000.0,None,None,0,10,1,1,
urgent,A*-GA,27,2,473.86457773484113,304.0,695.0,128.61842105263156,0,None,None,None,None,0,10,1,0,
urgent,EHCO,28,2,473.86457773484113,412.0,551.0,33.737864077669904,0,101.17499999614665,4000.0,None,None,0,10,1,1,
urgent,A*-GA,28,2,473.86457773484113,321.0,659.0,105.29595015576322,0,None,None,None,None,0,10,1,0,
urgent,EHCO,29,2,473.86457773484113,369.0,537.0,45.52845528455284,0,94.76849999919068,4000.0,None,None,0,10,1,1,
urgent,A*-GA,29,2,473.86457773484113,305.0,694.0,127.54098360655736,0,None,None,None,None,0,10,1,0,
urgent,EHCO,30,2,473.86457773484113,353.0,537.0,52.124645892351275,0,89.74389999639243,4000.0,None,None,0,10,1,1,
urgent,A*-GA,30,2,473.86457773484113,287.0,682.0,137.63066202090593,0,None,None,None,None,0,10,1,0,
urgent,EHCO,1,3,338.6513530555216,337.0,408.0,21.068249258160236,0,91.49410000100033,4000.0,None,None,0,10,1,1,
urgent,A*-GA,1,3,338.6513530555216,313.0,509.0,62.61980830670927,0,None,None,None,None,0,10,1,0,
urgent,EHCO,2,3,338.6513530555216,307.0,406.0,32.24755700325733,0,99.31589999905555,4000.0,None,None,0,10,1,1,
urgent,A*-GA,2,3,338.6513530555216,304.0,521.0,71.38157894736842,0,None,None,None,None,0,10,1,0,
urgent,EHCO,3,3,338.6513530555216,303.0,430.0,41.914191419141915,0,98.10860000288812,4000.0,None,None,0,10,1,1,
urgent,A*-GA,3,3,338.6513530555216,304.0,559.0,83.88157894736842,0,None,None,None,None,0,10,1,0,
urgent,EHCO,4,3,338.6513530555216,299.0,423.0,41.47157190635451,0,99.589699995704,4000.0,None,None,0,10,1,1,
urgent,A*-GA,4,3,338.6513530555216,302.0,484.0,60.264900662251655,0,None,None,None,None,0,10,1,0,
urgent,EHCO,5,3,338.6513530555216,321.0,406.0,26.479750778816197,0,99.53910000331234,4000.0,None,None,0,10,1,1,
urgent,A*-GA,5,3,338.6513530555216,318.0,564.0,77.35849056603774,0,None,None,None,None,0,10,1,0,
urgent,EHCO,6,3,338.6513530555216,352.0,413.0,17.329545454545457,0,87.09069999895291,4000.0,None,None,0,10,1,1,
urgent,A*-GA,6,3,338.6513530555216,312.0,532.0,70.51282051282051,0,None,None,None,None,0,10,1,0,
urgent,EHCO,7,3,338.6513530555216,305.0,392.0,28.524590163934427,0,92.86950000387151,4000.0,None,None,0,10,1,1,
urgent,A*-GA,7,3,338.6513530555216,313.0,523.0,67.0926517571885,0,None,None,None,None,0,10,1,0,
urgent,EHCO,8,3,338.6513530555216,347.0,419.0,20.7492795389049,0,104.3195000020205,4000.0,None,None,0,10,1,1,
urgent,A*-GA,8,3,338.6513530555216,312.0,532.0,70.51282051282051,0,None,None,None,None,0,10,1,0,
urgent,EHCO,9,3,338.6513530555216,317.0,394.0,24.290220820189273,0,99.42939999746159,4000.0,None,None,0,10,1,1,
urgent,A*-GA,9,3,338.6513530555216,303.0,526.0,73.5973597359736,0,None,None,None,None,0,10,1,0,
urgent,EHCO,10,3,338.6513530555216,292.0,411.0,40.75342465753425,0,100.27229999832343,4000.0,None,None,0,10,1,1,
urgent,A*-GA,10,3,338.6513530555216,278.0,476.0,71.22302158273382,0,None,None,None,None,0,10,1,0,
urgent,EHCO,11,3,338.6513530555216,454.0,447.0,-1.5418502202643172,0,97.91779999795835,4000.0,None,None,0,10,1,1,
urgent,A*-GA,11,3,338.6513530555216,310.0,534.0,72.25806451612902,0,None,None,None,None,0,10,1,0,
urgent,EHCO,12,3,338.6513530555216,306.0,440.0,43.790849673202615,0,92.82460000395076,4000.0,None,None,0,10,1,1,
urgent,A*-GA,12,3,338.6513530555216,310.0,511.0,64.83870967741936,0,None,None,None,None,0,10,1,0,
urgent,EHCO,13,3,338.6513530555216,361.0,396.0,9.695290858725762,0,93.87319999950705,4000.0,None,None,0,10,1,1,
urgent,A*-GA,13,3,338.6513530555216,294.0,568.0,93.19727891156462,0,None,None,None,None,0,10,1,0,
urgent,EHCO,14,3,338.6513530555216,278.0,475.0,70.86330935251799,0,104.42119999788702,4000.0,None,None,0,10,1,1,
urgent,A*-GA,14,3,338.6513530555216,296.0,537.0,81.41891891891892,0,None,None,None,None,0,10,1,0,
urgent,EHCO,15,3,338.6513530555216,349.0,406.0,16.332378223495702,0,99.26900000573369,4000.0,None,None,0,10,1,1,
urgent,A*-GA,15,3,338.6513530555216,301.0,544.0,80.73089700996677,0,None,None,None,None,0,10,1,0,
urgent,EHCO,16,3,338.6513530555216,291.0,479.0,64.60481099656357,0,95.61589999793796,4000.0,None,None,0,10,1,1,
urgent,A*-GA,16,3,338.6513530555216,297.0,611.0,105.72390572390573,0,None,None,None,None,0,10,1,0,
urgent,EHCO,17,3,338.6513530555216,380.0,406.0,6.842105263157896,0,97.39470000204165,4000.0,None,None,0,10,1,1,
urgent,A*-GA,17,3,338.6513530555216,294.0,556.0,89.1156462585034,0,None,None,None,None,0,10,1,0,
urgent,EHCO,18,3,338.6513530555216,309.0,393.0,27.184466019417474,0,93.66890000092098,4000.0,None,None,0,10,1,1,
urgent,A*-GA,18,3,338.6513530555216,314.0,533.0,69.7452229299363,0,None,None,None,None,0,10,1,0,
urgent,EHCO,19,3,338.6513530555216,345.0,427.0,23.768115942028984,0,88.12449999823002,4000.0,None,None,0,10,1,1,
urgent,A*-GA,19,3,338.6513530555216,298.0,482.0,61.74496644295302,0,None,None,None,None,0,10,1,0,
urgent,EHCO,20,3,338.6513530555216,293.0,416.0,41.979522184300336,0,98.75109999848064,4000.0,None,None,0,10,1,1,
urgent,A*-GA,20,3,338.6513530555216,299.0,526.0,75.91973244147158,0,None,None,None,None,0,10,1,0,
urgent,EHCO,21,3,338.6513530555216,284.0,420.0,47.88732394366197,0,95.65339999971911,4000.0,None,None,0,10,1,1,
urgent,A*-GA,21,3,338.6513530555216,304.0,496.0,63.1578947368421,0,None,None,None,None,0,10,1,0,
urgent,EHCO,22,3,338.6513530555216,287.0,424.0,47.73519163763066,0,98.34750000300119,4000.0,None,None,0,10,1,1,
urgent,A*-GA,22,3,338.6513530555216,307.0,578.0,88.27361563517914,0,None,None,None,None,0,10,1,0,
urgent,EHCO,23,3,338.6513530555216,362.0,414.0,14.3646408839779,0,99.68819999630796,4000.0,None,None,0,10,1,1,
urgent,A*-GA,23,3,338.6513530555216,319.0,555.0,73.98119122257053,0,None,None,None,None,0,10,1,0,
urgent,EHCO,24,3,338.6513530555216,312.0,396.0,26.923076923076923,0,93.40180000435794,4000.0,None,None,0,10,1,1,
urgent,A*-GA,24,3,338.6513530555216,293.0,532.0,81.56996587030717,0,None,None,None,None,0,10,1,0,
urgent,EHCO,25,3,338.6513530555216,372.0,415.0,11.559139784946236,0,96.89510000316659,4000.0,None,None,0,10,1,1,
urgent,A*-GA,25,3,338.6513530555216,292.0,537.0,83.9041095890411,0,None,None,None,None,0,10,1,0,
urgent,EHCO,26,3,338.6513530555216,324.0,447.0,37.96296296296296,0,92.73989999928745,4000.0,None,None,0,10,1,1,
urgent,A*-GA,26,3,338.6513530555216,276.0,536.0,94.20289855072464,0,None,None,None,None,0,10,1,0,
urgent,EHCO,27,3,338.6513530555216,296.0,418.0,41.21621621621622,0,97.63640000164742,4000.0,None,None,0,10,1,1,
urgent,A*-GA,27,3,338.6513530555216,304.0,560.0,84.21052631578947,0,None,None,None,None,0,10,1,0,
urgent,EHCO,28,3,338.6513530555216,412.0,416.0,0.9708737864077669,0,102.99579999991693,4000.0,None,None,0,10,1,1,
urgent,A*-GA,28,3,338.6513530555216,321.0,524.0,63.2398753894081,0,None,None,None,None,0,10,1,0,
urgent,EHCO,29,3,338.6513530555216,369.0,409.0,10.840108401084011,0,100.45160000299802,4000.0,None,None,0,10,1,1,
urgent,A*-GA,29,3,338.6513530555216,305.0,559.0,83.27868852459017,0,None,None,None,None,0,10,1,0,
urgent,EHCO,30,3,338.6513530555216,353.0,408.0,15.58073654390935,0,97.30069999932311,4000.0,None,None,0,10,1,1,
urgent,A*-GA,30,3,338.6513530555216,287.0,547.0,90.59233449477352,0,None,None,None,None,0,10,1,0,
urgent,EHCO,1,4,306.0225707987863,337.0,376.0,11.572700296735905,0,92.29629999754252,4000.0,None,None,0,10,1,1,
urgent,A*-GA,1,4,306.0225707987863,313.0,482.0,53.99361022364217,0,None,None,None,None,0,10,1,0,
urgent,EHCO,2,4,306.0225707987863,307.0,374.0,21.824104234527688,0,102.08789999887813,4000.0,None,None,0,10,1,1,
urgent,A*-GA,2,4,306.0225707987863,304.0,489.0,60.85526315789473,0,None,None,None,None,0,10,1,0,
urgent,EHCO,3,4,306.0225707987863,303.0,398.0,31.353135313531354,0,98.24030000163475,4000.0,None,None,0,10,1,1,
urgent,A*-GA,3,4,306.0225707987863,304.0,527.0,73.35526315789474,0,None,None,None,None,0,10,1,0,
urgent,EHCO,4,4,306.0225707987863,299.0,391.0,30.76923076923077,0,98.59380000125384,4000.0,None,None,0,10,1,1,
urgent,A*-GA,4,4,306.0225707987863,302.0,452.0,49.668874172185426,0,None,None,None,None,0,10,1,0,
urgent,EHCO,5,4,306.0225707987863,321.0,411.0,28.037383177570092,0,97.72230000089621,4000.0,None,None,0,10,1,1,
urgent,A*-GA,5,4,306.0225707987863,318.0,554.0,74.21383647798741,0,None,None,None,None,0,10,1,0,
urgent,EHCO,6,4,306.0225707987863,352.0,483.0,37.215909090909086,0,99.97540000040317,4000.0,None,None,0,10,1,1,
urgent,A*-GA,6,4,306.0225707987863,312.0,500.0,60.256410256410255,0,None,None,None,None,0,10,1,0,
urgent,EHCO,7,4,306.0225707987863,305.0,360.0,18.0327868852459,0,90.31230000255164,4000.0,None,None,0,10,1,1,
urgent,A*-GA,7,4,306.0225707987863,313.0,491.0,56.86900958466453,0,None,None,None,None,0,10,1,0,
urgent,EHCO,8,4,306.0225707987863,347.0,403.0,16.138328530259365,0,91.12209999875631,4000.0,None,None,0,10,1,1,
urgent,A*-GA,8,4,306.0225707987863,312.0,500.0,60.256410256410255,0,None,None,None,None,0,10,1,0,
urgent,EHCO,9,4,306.0225707987863,317.0,362.0,14.195583596214512,0,97.83250000327826,4000.0,None,None,0,10,1,1,
urgent,A*-GA,9,4,306.0225707987863,303.0,494.0,63.03630363036304,0,None,None,None,None,0,10,1,0,
urgent,EHCO,10,4,306.0225707987863,292.0,387.0,32.534246575342465,0,97.29609999340028,4000.0,None,None,0,10,1,1,
urgent,A*-GA,10,4,306.0225707987863,278.0,444.0,59.71223021582733,0,None,None,None,None,0,10,1,0,
urgent,EHCO,11,4,306.0225707987863,454.0,404.0,-11.013215859030836,0,103.54470000311267,4000.0,None,None,0,10,1,1,
urgent,A*-GA,11,4,306.0225707987863,310.0,502.0,61.935483870967744,0,None,None,None,None,0,10,1,0,
urgent,EHCO,12,4,306.0225707987863,306.0,408.0,33.33333333333333,0,102.14550000091549,4000.0,None,None,0,10,1,1,
urgent,A*-GA,12,4,306.0225707987863,310.0,479.0,54.516129032258064,0,None,None,None,None,0,10,1,0,
urgent,EHCO,13,4,306.0225707987863,361.0,362.0,0.2770083102493075,0,94.29590000218013,4000.0,None,None,0,10,1,1,
urgent,A*-GA,13,4,306.0225707987863,294.0,536.0,82.31292517006803,0,None,None,None,None,0,10,1,0,
urgent,EHCO,14,4,306.0225707987863,278.0,443.0,59.352517985611506,0,99.58479999477277,4000.0,None,None,0,10,1,1,
urgent,A*-GA,14,4,306.0225707987863,296.0,505.0,70.6081081081081,0,None,None,None,None,0,10,1,0,
urgent,EHCO,15,4,306.0225707987863,349.0,402.0,15.18624641833811,0,98.29549999994924,4000.0,None,None,0,10,1,1,
urgent,A*-GA,15,4,306.0225707987863,301.0,512.0,70.09966777408638,0,None,None,None,None,0,10,1,0,
urgent,EHCO,16,4,306.0225707987863,291.0,447.0,53.608247422680414,0,96.08109999680892,4000.0,None,None,0,10,1,1,
urgent,A*-GA,16,4,306.0225707987863,297.0,579.0,94.94949494949495,0,None,None,None,None,0,10,1,0,
urgent,EHCO,17,4,306.0225707987863,380.0,392.0,3.1578947368421053,0,102.36689999874216,4000.0,None,None,0,10,1,1,
urgent,A*-GA,17,4,306.0225707987863,294.0,524.0,78.2312925170068,0,None,None,None,None,0,10,1,0,
urgent,EHCO,18,4,306.0225707987863,309.0,363.0,17.475728155339805,0,91.73429999646032,4000.0,None,None,0,10,1,1,
urgent,A*-GA,18,4,306.0225707987863,314.0,499.0,58.917197452229296,0,None,None,None,None,0,10,1,0,
urgent,EHCO,19,4,306.0225707987863,345.0,395.0,14.492753623188406,0,97.0727000021725,4000.0,None,None,0,10,1,1,
urgent,A*-GA,19,4,306.0225707987863,298.0,450.0,51.006711409395976,0,None,None,None,None,0,10,1,0,
urgent,EHCO,20,4,306.0225707987863,293.0,384.0,31.058020477815703,0,99.81439999683062,4000.0,None,None,0,10,1,1,
urgent,A*-GA,20,4,306.0225707987863,299.0,494.0,65.21739130434783,0,None,None,None,None,0,10,1,0,
urgent,EHCO,21,4,306.0225707987863,284.0,388.0,36.61971830985916,0,100.20699999586213,4000.0,None,None,0,10,1,1,
urgent,A*-GA,21,4,306.0225707987863,304.0,464.0,52.63157894736842,0,None,None,None,None,0,10,1,0,
urgent,EHCO,22,4,306.0225707987863,287.0,467.0,62.7177700348432,0,99.17159999895375,4000.0,None,None,0,10,1,1,
urgent,A*-GA,22,4,306.0225707987863,307.0,546.0,77.85016286644951,0,None,None,None,None,0,10,1,0,
urgent,EHCO,23,4,306.0225707987863,362.0,372.0,2.7624309392265194,0,101.9326000023284,4000.0,None,None,0,10,1,1,
urgent,A*-GA,23,4,306.0225707987863,319.0,523.0,63.94984326018809,0,None,None,None,None,0,10,1,0,
urgent,EHCO,24,4,306.0225707987863,312.0,413.0,32.371794871794876,0,105.08809999737423,4000.0,None,None,0,10,1,1,
urgent,A*-GA,24,4,306.0225707987863,293.0,500.0,70.64846416382252,0,None,None,None,None,0,10,1,0,
urgent,EHCO,25,4,306.0225707987863,372.0,376.0,1.0752688172043012,0,103.24309999850811,4000.0,None,None,0,10,1,1,
urgent,A*-GA,25,4,306.0225707987863,292.0,505.0,72.94520547945206,0,None,None,None,None,0,10,1,0,
urgent,EHCO,26,4,306.0225707987863,324.0,415.0,28.08641975308642,0,96.70860000187531,4000.0,None,None,0,10,1,1,
urgent,A*-GA,26,4,306.0225707987863,276.0,504.0,82.6086956521739,0,None,None,None,None,0,10,1,0,
urgent,EHCO,27,4,306.0225707987863,296.0,386.0,30.405405405405407,0,95.40940000442788,4000.0,None,None,0,10,1,1,
urgent,A*-GA,27,4,306.0225707987863,304.0,528.0,73.68421052631578,0,None,None,None,None,0,10,1,0,
urgent,EHCO,28,4,306.0225707987863,412.0,384.0,-6.796116504854369,0,98.56830000353511,4000.0,None,None,0,10,1,1,
urgent,A*-GA,28,4,306.0225707987863,321.0,492.0,53.271028037383175,0,None,None,None,None,0,10,1,0,
urgent,EHCO,29,4,306.0225707987863,369.0,377.0,2.168021680216802,0,95.94700000161538,4000.0,None,None,0,10,1,1,
urgent,A*-GA,29,4,306.0225707987863,305.0,527.0,72.78688524590164,0,None,None,None,None,0,10,1,0,
urgent,EHCO,30,4,306.0225707987863,353.0,450.0,27.47875354107649,0,94.61110000120243,4000.0,None,None,0,10,1,1,
urgent,A*-GA,30,4,306.0225707987863,287.0,515.0,79.44250871080139,0,None,None,None,None,0,10,1,0,
congestion,noFLC,1,0,150.0,337.0,588.0,74.4807121661721,0,125.58510000235401,4000,None,None,0,10,1,0,
congestion,noAW,1,0,150.0,320.0,454.0,41.875,0,120.27039999520639,4000,None,None,0,10,1,1,
congestion,noFLC,2,0,150.0,307.0,589.0,91.85667752442997,0,124.97149999398971,4000,None,None,0,10,1,1,
congestion,noAW,2,0,150.0,306.0,639.0,108.8235294117647,0,127.37449999985984,4000,None,None,0,10,1,1,
congestion,noFLC,3,0,150.0,303.0,517.0,70.62706270627062,0,118.0884999994305,4000,None,None,0,10,1,1,
congestion,noAW,3,0,150.0,322.0,639.0,98.4472049689441,0,120.46610000106739,4000,None,None,0,10,1,1,
congestion,noFLC,4,0,150.0,299.0,519.0,73.57859531772574,0,127.09739999991143,4000,None,None,0,10,1,0,
congestion,noAW,4,0,150.0,335.0,484.0,44.47761194029851,0,125.89809999917634,4000,None,None,0,10,1,1,
congestion,noFLC,5,0,150.0,321.0,569.0,77.25856697819314,0,123.81759999698261,4000,None,None,0,10,1,0,
congestion,noAW,5,0,150.0,361.0,768.0,112.74238227146813,0,126.02530000003753,4000,None,None,0,10,1,1,
congestion,noFLC,6,0,150.0,352.0,609.0,73.01136363636364,0,131.41239999822574,4000,None,None,0,10,1,1,
congestion,noAW,6,0,150.0,396.0,621.0,56.81818181818182,0,129.48829999368172,4000,None,None,0,10,1,1,
congestion,noFLC,7,0,150.0,305.0,556.0,82.29508196721311,0,131.13870000233874,4000,None,None,0,10,1,0,
congestion,noAW,7,0,150.0,445.0,462.0,3.8202247191011236,0,127.87370000296505,4000,None,None,0,10,1,1,
congestion,noFLC,8,0,150.0,347.0,632.0,82.13256484149855,0,125.51710000116145,4000,None,None,0,10,1,1,
congestion,noAW,8,0,150.0,362.0,617.0,70.44198895027624,0,140.3520000021672,4000,None,None,0,10,1,1,
congestion,noFLC,9,0,150.0,317.0,532.0,67.82334384858044,0,133.95409999793628,4000,None,None,0,10,1,1,
congestion,noAW,9,0,150.0,320.0,492.0,53.75,0,130.9813000043505,4000,None,None,0,10,1,0,
congestion,noFLC,10,0,150.0,292.0,428.0,46.57534246575342,0,115.24279999866849,4000,None,None,0,10,1,1,
congestion,noAW,10,0,150.0,328.0,429.0,30.79268292682927,0,120.47030000394443,4000,None,None,0,10,1,1,
congestion,noFLC,11,0,150.0,454.0,648.0,42.731277533039645,0,122.15860000287648,4000,None,None,0,10,1,1,
congestion,noAW,11,0,150.0,303.0,637.0,110.23102310231023,0,125.047599998652,4000,None,None,0,10,1,0,
congestion,noFLC,12,0,150.0,306.0,558.0,82.35294117647058,0,131.84480000199983,4000,None,None,0,10,1,0,
congestion,noAW,12,0,150.0,379.0,607.0,60.15831134564644,0,126.75860000308603,4000,None,None,0,10,1,1,
congestion,noFLC,13,0,150.0,361.0,520.0,44.04432132963989,0,116.98769999929937,4000,None,None,0,10,1,1,
congestion,noAW,13,0,150.0,340.0,677.0,99.11764705882354,0,120.36629999784054,4000,None,None,0,10,1,1,
congestion,noFLC,14,0,150.0,278.0,405.0,45.68345323741007,0,126.60540000069886,4000,None,None,0,10,1,1,
congestion,noAW,14,0,150.0,288.0,504.0,75.0,0,120.50440000166418,4000,None,None,0,10,1,1,
congestion,noFLC,15,0,150.0,349.0,586.0,67.90830945558739,0,134.50930000544759,4000,None,None,0,10,1,0,
congestion,noAW,15,0,150.0,368.0,498.0,35.32608695652174,0,141.27689999440918,4000,None,None,0,10,1,1,
congestion,noFLC,16,0,150.0,291.0,484.0,66.32302405498281,0,135.20989999960875,4000,None,None,0,10,1,0,
congestion,noAW,16,0,150.0,419.0,656.0,56.56324582338902,0,128.11200000578538,4000,None,None,0,10,1,1,
congestion,noFLC,17,0,150.0,380.0,770.0,102.63157894736842,0,126.83329999708803,4000,None,None,0,10,1,1,
congestion,noAW,17,0,150.0,278.0,532.0,91.36690647482014,0,139.39189999655355,4000,None,None,0,10,1,0,
congestion,noFLC,18,0,150.0,309.0,613.0,98.38187702265373,0,134.4494999939343,4000,None,None,0,10,1,1,
congestion,noAW,18,0,150.0,304.0,778.0,155.92105263157893,0,132.85630000609672,4000,None,None,0,10,1,1,
congestion,noFLC,19,0,150.0,345.0,428.0,24.057971014492754,0,114.52109999663662,4000,None,None,0,10,1,1,
congestion,noAW,19,0,150.0,368.0,685.0,86.1413043478261,0,125.13380000018515,4000,None,None,0,10,1,1,
congestion,noFLC,20,0,150.0,293.0,502.0,71.33105802047781,0,126.47719999949913,4000,None,None,0,10,1,0,
congestion,noAW,20,0,150.0,348.0,593.0,70.40229885057471,0,123.50139999762177,4000,None,None,0,10,1,1,
congestion,noFLC,21,0,150.0,284.0,570.0,100.70422535211267,0,122.43519999901764,4000,None,None,0,10,1,0,
congestion,noAW,21,0,150.0,339.0,462.0,36.283185840707965,0,123.58500000118511,4000,None,None,0,10,1,1,
congestion,noFLC,22,0,150.0,287.0,464.0,61.672473867595826,0,122.1503999986453,4000,None,None,0,10,1,0,
congestion,noAW,22,0,150.0,295.0,421.0,42.71186440677966,0,128.41259999549948,4000,None,None,0,10,1,1,
congestion,noFLC,23,0,150.0,362.0,627.0,73.20441988950276,0,123.19320000096923,4000,None,None,0,10,1,1,
congestion,noAW,23,0,150.0,321.0,503.0,56.69781931464174,0,130.6267000036314,4000,None,None,0,10,1,1,
congestion,noFLC,24,0,150.0,312.0,575.0,84.2948717948718,0,115.61739999888232,4000,None,None,0,10,1,1,
congestion,noAW,24,0,150.0,280.0,703.0,151.07142857142856,0,128.93630000326084,4000,None,None,0,10,1,1,
congestion,noFLC,25,0,150.0,372.0,502.0,34.946236559139784,0,140.99500000156695,4000,None,None,0,10,1,1,
congestion,noAW,25,0,150.0,307.0,554.0,80.45602605863192,0,171.92139999679057,4000,None,None,0,10,1,0,
congestion,noFLC,26,0,150.0,324.0,598.0,84.5679012345679,0,118.55300000024727,4000,None,None,0,10,1,1,
congestion,noAW,26,0,150.0,271.0,430.0,58.671586715867164,0,129.9113000059151,4000,None,None,0,10,1,1,
congestion,noFLC,27,0,150.0,296.0,584.0,97.2972972972973,0,140.22660000046017,4000,None,None,0,10,1,0,
congestion,noAW,27,0,150.0,385.0,660.0,71.42857142857143,0,142.45139999547973,4000,None,None,0,10,1,0,
congestion,noFLC,28,0,150.0,412.0,646.0,56.79611650485437,0,127.29910000052769,4000,None,None,0,10,1,1,
congestion,noAW,28,0,150.0,397.0,714.0,79.84886649874056,0,128.96769999497337,4000,None,None,0,10,1,1,
congestion,noFLC,29,0,150.0,369.0,736.0,99.45799457994579,0,115.02469999686582,4000,None,None,0,10,1,1,
congestion,noAW,29,0,150.0,335.0,696.0,107.76119402985074,0,123.3042999956524,4000,None,None,0,10,1,1,
congestion,noFLC,30,0,150.0,353.0,444.0,25.77903682719547,0,118.43650000082562,4000,None,None,0,10,1,1,
congestion,noAW,30,0,150.0,271.0,480.0,77.12177121771218,0,120.85160000424366,4000,None,None,0,10,1,1,
congestion,noFLC,1,1,201.83628993137137,337.0,565.0,67.65578635014838,0,103.04810000525322,4000,None,None,0,10,1,1,
congestion,noAW,1,1,201.83628993137137,320.0,431.0,34.6875,0,103.07009999814909,4000,None,None,0,10,1,1,
congestion,noFLC,2,1,201.83628993137137,307.0,437.0,42.34527687296417,0,104.27859999617795,4000,None,None,0,10,1,0,
congestion,noAW,2,1,201.83628993137137,306.0,593.0,93.79084967320262,0,101.91029999987222,4000,None,None,0,10,1,1,
congestion,noFLC,3,1,201.83628993137137,303.0,464.0,53.135313531353134,0,103.76030000043102,4000,None,None,0,10,1,0,
congestion,noAW,3,1,201.83628993137137,322.0,700.0,117.3913043478261,0,111.55470000085188,4000,None,None,0,10,1,1,
congestion,noFLC,4,1,201.83628993137137,299.0,561.0,87.62541806020067,0,121.79949999699602,4000,None,None,0,10,1,0,
congestion,noAW,4,1,201.83628993137137,335.0,698.0,108.35820895522387,0,119.16310000378871,4000,None,None,0,10,1,1,
congestion,noFLC,5,1,201.83628993137137,321.0,471.0,46.728971962616825,0,112.51099999935832,4000,None,None,0,10,1,1,
congestion,noAW,5,1,201.83628993137137,361.0,574.0,59.0027700831025,0,108.79620000196155,4000,None,None,0,10,1,1,
congestion,noFLC,6,1,201.83628993137137,352.0,653.0,85.51136363636364,0,107.27219999535009,4000,None,None,0,10,1,1,
congestion,noAW,6,1,201.83628993137137,396.0,543.0,37.121212121212125,0,114.02760000055423,4000,None,None,0,10,1,1,
congestion,noFLC,7,1,201.83628993137137,305.0,531.0,74.09836065573771,0,108.19919999630656,4000,None,None,0,10,1,1,
congestion,noAW,7,1,201.83628993137137,445.0,547.0,22.92134831460674,0,120.33140000130516,4000,None,None,0,10,1,0,
congestion,noFLC,8,1,201.83628993137137,347.0,477.0,37.46397694524496,0,114.80620000656927,4000,None,None,0,10,1,0,
congestion,noAW,8,1,201.83628993137137,362.0,522.0,44.19889502762431,0,114.91519999981392,4000,None,None,0,10,1,1,
congestion,noFLC,9,1,201.83628993137137,317.0,494.0,55.83596214511041,0,112.76979999820469,4000,None,None,0,10,1,0,
congestion,noAW,9,1,201.83628993137137,320.0,576.0,80.0,0,105.18340000271564,4000,None,None,0,10,1,0,
congestion,noFLC,10,1,201.83628993137137,292.0,422.0,44.52054794520548,0,101.77580000163289,4000,None,None,0,10,1,0,
congestion,noAW,10,1,201.83628993137137,328.0,510.0,55.487804878048784,0,111.80189999868162,4000,None,None,0,10,1,1,
congestion,noFLC,11,1,201.83628993137137,454.0,642.0,41.409691629955944,0,105.35429999436019,4000,None,None,0,10,1,1,
congestion,noAW,11,1,201.83628993137137,303.0,578.0,90.75907590759076,0,101.56660000211559,4000,None,None,0,10,1,1,
congestion,noFLC,12,1,201.83628993137137,306.0,625.0,104.2483660130719,0,106.01630000019213,4000,None,None,0,10,1,1,
congestion,noAW,12,1,201.83628993137137,379.0,536.0,41.42480211081794,0,94.82299999945099,4000,None,None,0,10,1,1,
congestion,noFLC,13,1,201.83628993137137,361.0,561.0,55.4016620498615,0,98.34699999919394,4000,None,None,0,10,1,1,
congestion,noAW,13,1,201.83628993137137,340.0,659.0,93.82352941176471,0,106.90020000038203,4000,None,None,0,10,1,0,
congestion,noFLC,14,1,201.83628993137137,278.0,414.0,48.92086330935252,0,101.6486000007717,4000,None,None,0,10,1,0,
congestion,noAW,14,1,201.83628993137137,288.0,467.0,62.15277777777778,0,113.68889999721432,4000,None,None,0,10,1,0,
congestion,noFLC,15,1,201.83628993137137,349.0,622.0,78.22349570200574,0,109.36600000422914,4000,None,None,0,10,1,0,
congestion,noAW,15,1,201.83628993137137,368.0,510.0,38.58695652173913,0,119.71400000038557,4000,None,None,0,10,1,1,
congestion,noFLC,16,1,201.83628993137137,291.0,450.0,54.63917525773196,0,107.2688999993261,4000,None,None,0,10,1,0,
congestion,noAW,16,1,201.83628993137137,419.0,548.0,30.787589498806682,0,112.8272999994806,4000,None,None,0,10,1,1,
congestion,noFLC,17,1,201.83628993137137,380.0,428.0,12.631578947368421,0,116.82980000477983,4000,None,None,0,10,1,1,
congestion,noAW,17,1,201.83628993137137,278.0,495.0,78.05755395683454,0,119.72590000368655,4000,None,None,0,10,1,1,
congestion,noFLC,18,1,201.83628993137137,309.0,548.0,77.34627831715211,0,119.54560000594938,4000,None,None,0,10,1,0,
congestion,noAW,18,1,201.83628993137137,304.0,571.0,87.82894736842105,0,118.62660000042524,4000,None,None,0,10,1,1,
congestion,noFLC,19,1,201.83628993137137,345.0,359.0,4.057971014492753,0,95.22329999890644,4000,None,None,0,10,1,1,
congestion,noAW,19,1,201.83628993137137,368.0,499.0,35.59782608695652,0,111.39270000421675,4000,None,None,0,10,1,1,
congestion,noFLC,20,1,201.83628993137137,293.0,568.0,93.85665529010238,0,99.64080000645481,4000,None,None,0,10,1,1,
congestion,noAW,20,1,201.83628993137137,348.0,454.0,30.45977011494253,0,113.75160000170581,4000,None,None,0,10,1,1,
congestion,noFLC,21,1,201.83628993137137,284.0,740.0,160.56338028169014,0,100.04000000481028,4000,None,None,0,10,1,1,
congestion,noAW,21,1,201.83628993137137,339.0,531.0,56.63716814159292,0,109.60659999545896,4000,None,None,0,10,1,1,
congestion,noFLC,22,1,201.83628993137137,287.0,526.0,83.27526132404182,0,97.40790000068955,4000,None,None,0,10,1,1,
congestion,noAW,22,1,201.83628993137137,295.0,562.0,90.5084745762712,0,102.61229999741772,4000,None,None,0,10,1,0,
congestion,noFLC,23,1,201.83628993137137,362.0,617.0,70.44198895027624,0,103.26659999554977,4000,None,None,0,10,1,0,
congestion,noAW,23,1,201.83628993137137,321.0,542.0,68.84735202492212,0,104.35999999754131,4000,None,None,0,10,1,1,
congestion,noFLC,24,1,201.83628993137137,312.0,568.0,82.05128205128204,0,94.2051999954856,4000,None,None,0,10,1,1,
congestion,noAW,24,1,201.83628993137137,280.0,541.0,93.21428571428572,0,88.35130000079516,4000,None,None,0,10,1,1,
congestion,noFLC,25,1,201.83628993137137,372.0,568.0,52.68817204301075,0,110.39349999919068,4000,None,None,0,10,1,1,
congestion,noAW,25,1,201.83628993137137,307.0,555.0,80.78175895765473,0,106.79320000053849,4000,None,None,0,10,1,1,
congestion,noFLC,26,1,201.83628993137137,324.0,473.0,45.98765432098765,0,105.88410000491422,4000,None,None,0,10,1,1,
congestion,noAW,26,1,201.83628993137137,271.0,447.0,64.94464944649447,0,97.99349999957485,4000,None,None,0,10,1,1,
congestion,noFLC,27,1,201.83628993137137,296.0,569.0,92.22972972972973,0,111.18770000030054,4000,None,None,0,10,1,1,
congestion,noAW,27,1,201.83628993137137,385.0,545.0,41.55844155844156,0,108.91480000282172,4000,None,None,0,10,1,1,
congestion,noFLC,28,1,201.83628993137137,412.0,819.0,98.7864077669903,0,102.84200000023702,4000,None,None,0,10,1,1,
congestion,noAW,28,1,201.83628993137137,397.0,621.0,56.42317380352645,0,101.24319999886211,4000,None,None,0,10,1,1,
congestion,noFLC,29,1,201.83628993137137,369.0,664.0,79.94579945799458,0,101.1380999989342,4000,None,None,0,10,1,1,
congestion,noAW,29,1,201.83628993137137,335.0,616.0,83.88059701492537,0,121.93520000437275,4000,None,None,0,10,1,0,
congestion,noFLC,30,1,201.83628993137137,353.0,521.0,47.59206798866856,0,107.53510000358801,4000,None,None,0,10,1,1,
congestion,noAW,30,1,201.83628993137137,271.0,423.0,56.08856088560885,0,98.85490000306163,4000,None,None,0,10,1,0,
congestion,noFLC,1,2,256.47811996135704,337.0,394.0,16.913946587537094,0,58.932500003720634,4000,None,None,0,10,1,1,
congestion,noAW,1,2,256.47811996135704,320.0,396.0,23.75,0,61.50530000013532,4000,None,None,0,10,1,0,
congestion,noFLC,2,2,256.47811996135704,307.0,360.0,17.263843648208468,0,58.31550000584684,4000,None,None,0,10,1,1,
congestion,noAW,2,2,256.47811996135704,306.0,351.0,14.705882352941178,0,,,None,None,0,10,1,0,
congestion,noFLC,3,2,256.47811996135704,303.0,423.0,39.603960396039604,0,88.42059999733465,4000,None,None,0,10,1,1,
congestion,noAW,3,2,256.47811996135704,322.0,382.0,18.633540372670808,0,60.59629999799654,4000,None,None,0,10,1,1,
congestion,noFLC,4,2,256.47811996135704,299.0,358.0,19.732441471571907,0,93.29669999715406,4000,None,None,0,10,1,0,
congestion,noAW,4,2,256.47811996135704,335.0,420.0,25.37313432835821,0,92.36669999518199,4000,None,None,0,10,1,1,
congestion,noFLC,5,2,256.47811996135704,321.0,438.0,36.44859813084112,0,60.3765999985626,4000,None,None,0,10,1,1,
congestion,noAW,5,2,256.47811996135704,361.0,406.0,12.465373961218837,0,93.85330000077374,4000,None,None,0,10,1,1,
congestion,noFLC,6,2,256.47811996135704,352.0,447.0,26.988636363636363,0,61.43200000224169,4000,None,None,0,10,1,1,
congestion,noAW,6,2,256.47811996135704,396.0,466.0,17.67676767676768,0,95.48500000528293,4000,None,None,0,10,1,1,
congestion,noFLC,7,2,256.47811996135704,305.0,355.0,16.39344262295082,0,57.35980000463314,4000,None,None,0,10,1,0,
congestion,noAW,7,2,256.47811996135704,445.0,426.0,-4.269662921348314,0,98.4039999966626,4000,None,None,0,10,1,1,
congestion,noFLC,8,2,256.47811996135704,347.0,347.0,0.0,0,94.49899999890476,4000,None,None,0,10,1,0,
congestion,noAW,8,2,256.47811996135704,362.0,429.0,18.50828729281768,0,98.87829999934183,4000,None,None,0,10,1,1,
congestion,noFLC,9,2,256.47811996135704,317.0,395.0,24.605678233438486,0,86.94110000215005,4000,None,None,0,10,1,0,
congestion,noAW,9,2,256.47811996135704,320.0,386.0,20.625,0,62.994899999466725,4000,None,None,0,10,1,1,
congestion,noFLC,10,2,256.47811996135704,292.0,350.0,19.863013698630137,0,,,None,None,0,10,1,0,
congestion,noAW,10,2,256.47811996135704,328.0,379.0,15.548780487804878,0,,,None,None,0,10,1,0,
congestion,noFLC,11,2,256.47811996135704,454.0,433.0,-4.6255506607929515,0,101.31230000115465,4000,None,None,0,10,1,1,
congestion,noAW,11,2,256.47811996135704,303.0,384.0,26.732673267326735,0,,,None,None,0,10,1,0,
congestion,noFLC,12,2,256.47811996135704,306.0,382.0,24.836601307189543,0,65.28350000007777,4000,None,None,0,10,1,0,
congestion,noAW,12,2,256.47811996135704,379.0,416.0,9.762532981530343,0,94.78240000316873,4000,None,None,0,10,1,1,
congestion,noFLC,13,2,256.47811996135704,361.0,423.0,17.174515235457065,0,95.07339999981923,4000,None,None,0,10,1,1,
congestion,noAW,13,2,256.47811996135704,340.0,436.0,28.235294117647058,0,61.10410000110278,4000,None,None,0,10,1,0,
congestion,noFLC,14,2,256.47811996135704,278.0,362.0,30.215827338129497,0,59.842000002390705,4000,None,None,0,10,1,1,
congestion,noAW,14,2,256.47811996135704,288.0,320.0,11.11111111111111,0,,,None,None,0,10,1,0,
congestion,noFLC,15,2,256.47811996135704,349.0,397.0,13.753581661891118,0,91.83579999807989,4000,None,None,0,10,1,1,
congestion,noAW,15,2,256.47811996135704,368.0,447.0,21.467391304347828,0,100.960000003397,4000,None,None,0,10,1,1,
congestion,noFLC,16,2,256.47811996135704,291.0,345.0,18.556701030927837,0,66.47589999920456,4000,None,None,0,10,1,0,
congestion,noAW,16,2,256.47811996135704,419.0,543.0,29.594272076372313,0,95.74070000235224,4000,None,None,0,10,1,1,
congestion,noFLC,17,2,256.47811996135704,380.0,398.0,4.736842105263158,0,95.07969999685884,4000,None,None,0,10,1,1,
congestion,noAW,17,2,256.47811996135704,278.0,289.0,3.9568345323741005,0,,,None,None,0,10,1,0,
congestion,noFLC,18,2,256.47811996135704,309.0,380.0,22.97734627831715,0,,,None,None,0,10,1,0,
congestion,noAW,18,2,256.47811996135704,304.0,382.0,25.657894736842106,0,92.6716000030865,4000,None,None,0,10,1,0,
congestion,noFLC,19,2,256.47811996135704,345.0,308.0,-10.72463768115942,0,59.153199996217154,4000,None,None,0,10,1,1,
congestion,noAW,19,2,256.47811996135704,368.0,337.0,-8.423913043478262,0,102.58439999597613,4000,None,None,0,10,1,1,
congestion,noFLC,20,2,256.47811996135704,293.0,316.0,7.849829351535837,0,60.83829999988666,4000,None,None,0,10,1,1,
congestion,noAW,20,2,256.47811996135704,348.0,418.0,20.114942528735632,0,102.18719999829773,4000,None,None,0,10,1,1,
congestion,noFLC,21,2,256.47811996135704,284.0,326.0,14.788732394366196,0,,,None,None,0,10,1,0,
congestion,noAW,21,2,256.47811996135704,339.0,347.0,2.359882005899705,0,59.745799997472204,4000,None,None,0,10,1,1,
congestion,noFLC,22,2,256.47811996135704,287.0,388.0,35.19163763066202,0,58.08680000336608,4000,None,None,0,10,1,1,
congestion,noAW,22,2,256.47811996135704,295.0,346.0,17.28813559322034,0,,,None,None,0,10,1,0,
congestion,noFLC,23,2,256.47811996135704,362.0,390.0,7.734806629834254,0,85.10739999474026,4000,None,None,0,10,1,1,
congestion,noAW,23,2,256.47811996135704,321.0,377.0,17.445482866043612,0,92.7564000012353,4000,None,None,0,10,1,0,
congestion,noFLC,24,2,256.47811996135704,312.0,346.0,10.897435897435898,0,,,None,None,0,10,1,0,
congestion,noAW,24,2,256.47811996135704,280.0,316.0,12.857142857142856,0,,,None,None,0,10,1,0,
congestion,noFLC,25,2,256.47811996135704,372.0,369.0,-0.8064516129032258,0,99.40970000025118,4000,None,None,0,10,1,1,
congestion,noAW,25,2,256.47811996135704,307.0,396.0,28.990228013029316,0,61.011099998722784,4000,None,None,0,10,1,1,
congestion,noFLC,26,2,256.47811996135704,324.0,376.0,16.049382716049383,0,,,None,None,0,10,1,0,
congestion,noAW,26,2,256.47811996135704,271.0,271.0,0.0,0,,,None,None,0,10,1,0,
congestion,noFLC,27,2,256.47811996135704,296.0,364.0,22.972972972972975,0,,,None,None,0,10,1,0,
congestion,noAW,27,2,256.47811996135704,385.0,417.0,8.311688311688311,0,88.39460000308463,4000,None,None,0,10,1,1,
congestion,noFLC,28,2,256.47811996135704,412.0,538.0,30.582524271844658,0,87.61170000070706,4000,None,None,0,10,1,1,
congestion,noAW,28,2,256.47811996135704,397.0,393.0,-1.0075566750629723,0,96.0960000011255,4000,None,None,0,10,1,1,
congestion,noFLC,29,2,256.47811996135704,369.0,477.0,29.268292682926827,0,60.035999995307066,4000,None,None,0,10,1,1,
congestion,noAW,29,2,256.47811996135704,335.0,409.0,22.08955223880597,0,91.4483000015025,4000,None,None,0,10,1,1,
congestion,noFLC,30,2,256.47811996135704,353.0,316.0,-10.48158640226629,0,60.532099996635225,4000,None,None,0,10,1,1,
congestion,noAW,30,2,256.47811996135704,271.0,288.0,6.273062730627306,0,,,None,None,0,10,1,0,
congestion,noFLC,1,3,134.78621774996944,337.0,576.0,70.91988130563797,0,141.71170000190614,4000,None,None,0,10,1,1,
congestion,noAW,1,3,134.78621774996944,320.0,461.0,44.0625,0,139.7495000055642,4000,None,None,0,10,1,0,
congestion,noFLC,2,3,134.78621774996944,307.0,381.0,24.104234527687296,0,125.42509999912,4000,None,None,0,10,1,0,
congestion,noAW,2,3,134.78621774996944,306.0,413.0,34.967320261437905,0,136.22079999913694,4000,None,None,0,10,1,0,
congestion,noFLC,3,3,134.78621774996944,303.0,438.0,44.554455445544555,0,140.8612000013818,4000,None,None,0,10,1,0,
congestion,noAW,3,3,134.78621774996944,322.0,426.0,32.298136645962735,0,140.27039999928093,4000,None,None,0,10,1,1,
congestion,noFLC,4,3,134.78621774996944,299.0,447.0,49.49832775919732,0,145.24149999488145,4000,None,None,0,10,1,0,
congestion,noAW,4,3,134.78621774996944,335.0,504.0,50.44776119402985,0,128.15270000282908,4000,None,None,0,10,1,1,
congestion,noFLC,5,3,134.78621774996944,321.0,460.0,43.30218068535825,0,128.42140000429936,4000,None,None,0,10,1,0,
congestion,noAW,5,3,134.78621774996944,361.0,461.0,27.70083102493075,0,128.37069999659434,4000,None,None,0,10,1,0,
congestion,noFLC,6,3,134.78621774996944,352.0,406.0,15.340909090909092,0,128.64529999933438,4000,None,None,0,10,1,1,
congestion,noAW,6,3,134.78621774996944,396.0,487.0,22.97979797979798,0,127.71680000150809,4000,None,None,0,10,1,1,
congestion,noFLC,7,3,134.78621774996944,305.0,448.0,46.885245901639344,0,124.70549999852665,4000,None,None,0,10,1,0,
congestion,noAW,7,3,134.78621774996944,445.0,437.0,-1.7977528089887642,0,131.48460000229534,4000,None,None,0,10,1,1,
congestion,noFLC,8,3,134.78621774996944,347.0,405.0,16.714697406340058,0,130.5930000016815,4000,None,None,0,10,1,1,
congestion,noAW,8,3,134.78621774996944,362.0,435.0,20.165745856353592,0,140.73330000246642,4000,None,None,0,10,1,1,
congestion,noFLC,9,3,134.78621774996944,317.0,458.0,44.479495268138805,0,138.081000004604,4000,None,None,0,10,1,0,
congestion,noAW,9,3,134.78621774996944,320.0,487.0,52.1875,0,134.16679999500047,4000,None,None,0,10,1,1,
congestion,noFLC,10,3,134.78621774996944,292.0,372.0,27.397260273972602,0,133.7241000001086,4000,None,None,0,10,1,0,
congestion,noAW,10,3,134.78621774996944,328.0,421.0,28.353658536585364,0,128.161500004353,4000,None,None,0,10,1,0,
congestion,noFLC,11,3,134.78621774996944,454.0,516.0,13.656387665198238,0,131.05889999860665,4000,None,None,0,10,1,1,
congestion,noAW,11,3,134.78621774996944,303.0,507.0,67.32673267326733,0,141.43889999832027,4000,None,None,0,10,1,1,
congestion,noFLC,12,3,134.78621774996944,306.0,363.0,18.627450980392158,0,139.3668999953661,4000,None,None,0,10,1,1,
congestion,noAW,12,3,134.78621774996944,379.0,361.0,-4.749340369393139,0,146.42520000052173,4000,None,None,0,10,1,1,
congestion,noFLC,13,3,134.78621774996944,361.0,471.0,30.47091412742382,0,125.379699995392,4000,None,None,0,10,1,0,
congestion,noAW,13,3,134.78621774996944,340.0,360.0,5.88235294117647,0,139.31099999899743,4000,None,None,0,10,1,1,
congestion,noFLC,14,3,134.78621774996944,278.0,428.0,53.956834532374096,0,124.40209999476792,4000,None,None,0,10,1,0,
congestion,noAW,14,3,134.78621774996944,288.0,413.0,43.40277777777778,0,128.3086000039475,4000,None,None,0,10,1,1,
congestion,noFLC,15,3,134.78621774996944,349.0,484.0,38.68194842406877,0,129.35139999899548,4000,None,None,0,10,1,0,
congestion,noAW,15,3,134.78621774996944,368.0,379.0,2.989130434782609,0,132.08529999974417,4000,None,None,0,10,1,1,
congestion,noFLC,16,3,134.78621774996944,291.0,375.0,28.865979381443296,0,136.08499999827472,4000,None,None,0,10,1,1,
congestion,noAW,16,3,134.78621774996944,419.0,422.0,0.7159904534606205,0,135.51619999634568,4000,None,None,0,10,1,1,
congestion,noFLC,17,3,134.78621774996944,380.0,372.0,-2.1052631578947367,0,131.97629999922356,4000,None,None,0,10,1,1,
congestion,noAW,17,3,134.78621774996944,278.0,488.0,75.53956834532374,0,132.3324999975739,4000,None,None,0,10,1,0,
congestion,noFLC,18,3,134.78621774996944,309.0,473.0,53.07443365695793,0,140.74280000204453,4000,None,None,0,10,1,0,
congestion,noAW,18,3,134.78621774996944,304.0,431.0,41.776315789473685,0,144.39839999977266,4000,None,None,0,10,1,0,
congestion,noFLC,19,3,134.78621774996944,345.0,507.0,46.95652173913044,0,136.8194999959087,4000,None,None,0,10,1,1,
congestion,noAW,19,3,134.78621774996944,368.0,418.0,13.586956521739129,0,140.21219999995083,4000,None,None,0,10,1,1,
congestion,noFLC,20,3,134.78621774996944,293.0,401.0,36.86006825938566,0,134.74660000065342,4000,None,None,0,10,1,0,
congestion,noAW,20,3,134.78621774996944,348.0,466.0,33.90804597701149,0,147.31159999791998,4000,None,None,0,10,1,1,
congestion,noFLC,21,3,134.78621774996944,284.0,342.0,20.422535211267608,0,142.7767999994103,4000,None,None,0,10,1,1,
congestion,noAW,21,3,134.78621774996944,339.0,399.0,17.699115044247787,0,143.13480000419077,4000,None,None,0,10,1,1,
congestion,noFLC,22,3,134.78621774996944,287.0,416.0,44.94773519163763,0,129.73799999599578,4000,None,None,0,10,1,0,
congestion,noAW,22,3,134.78621774996944,295.0,528.0,78.98305084745762,0,136.00299999961862,4000,None,None,0,10,1,0,
congestion,noFLC,23,3,134.78621774996944,362.0,477.0,31.767955801104975,0,132.59479999396717,4000,None,None,0,10,1,0,
congestion,noAW,23,3,134.78621774996944,321.0,459.0,42.99065420560748,0,132.8683000028832,4000,None,None,0,10,1,0,
congestion,noFLC,24,3,134.78621774996944,312.0,449.0,43.91025641025641,0,120.65509999956703,4000,None,None,0,10,1,0,
congestion,noAW,24,3,134.78621774996944,280.0,385.0,37.5,0,120.06860000110464,4000,None,None,0,10,1,0,
congestion,noFLC,25,3,134.78621774996944,372.0,563.0,51.344086021505376,0,132.99669999832986,4000,None,None,0,10,1,1,
congestion,noAW,25,3,134.78621774996944,307.0,417.0,35.83061889250814,0,130.29630000528414,4000,None,None,0,10,1,1,
congestion,noFLC,26,3,134.78621774996944,324.0,456.0,40.74074074074074,0,118.69409999781055,4000,None,None,0,10,1,0,
congestion,noAW,26,3,134.78621774996944,271.0,394.0,45.38745387453875,0,128.43920000159414,4000,None,None,0,10,1,0,
congestion,noFLC,27,3,134.78621774996944,296.0,490.0,65.54054054054053,0,142.20609999756562,4000,None,None,0,10,1,0,
congestion,noAW,27,3,134.78621774996944,385.0,388.0,0.7792207792207793,0,144.56229999632342,4000,None,None,0,10,1,1,
congestion,noFLC,28,3,134.78621774996944,412.0,563.0,36.650485436893206,0,139.76700000057463,4000,None,None,0,10,1,0,
congestion,noAW,28,3,134.78621774996944,397.0,493.0,24.181360201511335,0,132.92419999925187,4000,None,None,0,10,1,1,
congestion,noFLC,29,3,134.78621774996944,369.0,456.0,23.577235772357724,0,122.44780000037281,4000,None,None,0,10,1,1,
congestion,noAW,29,3,134.78621774996944,335.0,485.0,44.776119402985074,0,142.8795000028913,4000,None,None,0,10,1,1,
congestion,noFLC,30,3,134.78621774996944,353.0,450.0,27.47875354107649,0,139.92709999729414,4000,None,None,0,10,1,0,
congestion,noAW,30,3,134.78621774996944,271.0,366.0,35.05535055350554,0,138.11819999682484,4000,None,None,0,10,1,0,
congestion,noFLC,1,4,105.42031371890769,337.0,514.0,52.52225519287834,0,136.57249999960186,4000,None,None,0,10,1,0,
congestion,noAW,1,4,105.42031371890769,320.0,457.0,42.8125,0,146.48039999883622,4000,None,None,0,10,1,0,
congestion,noFLC,2,4,105.42031371890769,307.0,457.0,48.85993485342019,0,146.366200002376,4000,None,None,0,10,1,0,
congestion,noAW,2,4,105.42031371890769,306.0,368.0,20.26143790849673,0,142.26899999630405,4000,None,None,0,10,1,0,
congestion,noFLC,3,4,105.42031371890769,303.0,427.0,40.92409240924093,0,138.424999997369,4000,None,None,0,10,1,1,
congestion,noAW,3,4,105.42031371890769,322.0,474.0,47.20496894409938,0,135.24899999902118,4000,None,None,0,10,1,0,
congestion,noFLC,4,4,105.42031371890769,299.0,452.0,51.17056856187291,0,145.52510000066832,4000,None,None,0,10,1,0,
congestion,noAW,4,4,105.42031371890769,335.0,453.0,35.223880597014926,0,148.4097000065958,4000,None,None,0,10,1,1,
congestion,noFLC,5,4,105.42031371890769,321.0,502.0,56.38629283489096,0,157.37909999734256,4000,None,None,0,10,1,1,
congestion,noAW,5,4,105.42031371890769,361.0,521.0,44.32132963988919,0,155.1610000024084,4000,None,None,0,10,1,0,
congestion,noFLC,6,4,105.42031371890769,352.0,463.0,31.53409090909091,0,139.81259999854956,4000,None,None,0,10,1,1,
congestion,noAW,6,4,105.42031371890769,396.0,469.0,18.434343434343432,0,150.31219999946188,4000,None,None,0,10,1,1,
congestion,noFLC,7,4,105.42031371890769,305.0,446.0,46.22950819672131,0,149.53990000503836,4000,None,None,0,10,1,0,
congestion,noAW,7,4,105.42031371890769,445.0,440.0,-1.1235955056179776,0,147.5531999967643,4000,None,None,0,10,1,1,
congestion,noFLC,8,4,105.42031371890769,347.0,483.0,39.19308357348703,0,153.47840000322321,4000,None,None,0,10,1,1,
congestion,noAW,8,4,105.42031371890769,362.0,540.0,49.171270718232044,0,149.15810000093188,4000,None,None,0,10,1,1,
congestion,noFLC,9,4,105.42031371890769,317.0,478.0,50.78864353312302,0,149.41270000417717,4000,None,None,0,10,1,0,
congestion,noAW,9,4,105.42031371890769,320.0,442.0,38.125,0,153.9076999979443,4000,None,None,0,10,1,0,
congestion,noFLC,10,4,105.42031371890769,292.0,355.0,21.575342465753426,0,130.71789999958128,4000,None,None,0,10,1,1,
congestion,noAW,10,4,105.42031371890769,328.0,418.0,27.439024390243905,0,136.31409999652533,4000,None,None,0,10,1,1,
congestion,noFLC,11,4,105.42031371890769,454.0,569.0,25.33039647577093,0,149.3149000016274,4000,None,None,0,10,1,1,
congestion,noAW,11,4,105.42031371890769,303.0,594.0,96.03960396039604,0,147.89779999409802,4000,None,None,0,10,1,1,
congestion,noFLC,12,4,105.42031371890769,306.0,455.0,48.69281045751634,0,140.15199999994365,4000,None,None,0,10,1,0,
congestion,noAW,12,4,105.42031371890769,379.0,445.0,17.41424802110818,0,144.44889999867883,4000,None,None,0,10,1,1,
congestion,noFLC,13,4,105.42031371890769,361.0,491.0,36.011080332409975,0,137.18850000441307,4000,None,None,0,10,1,1,
congestion,noAW,13,4,105.42031371890769,340.0,397.0,16.76470588235294,0,140.23390000511426,4000,None,None,0,10,1,1,
congestion,noFLC,14,4,105.42031371890769,278.0,397.0,42.805755395683455,0,137.599699999555,4000,None,None,0,10,1,0,
congestion,noAW,14,4,105.42031371890769,288.0,428.0,48.61111111111111,0,136.69470000604633,4000,None,None,0,10,1,1,
congestion,noFLC,15,4,105.42031371890769,349.0,486.0,39.25501432664756,0,145.11259999562753,4000,None,None,0,10,1,0,
congestion,noAW,15,4,105.42031371890769,368.0,450.0,22.282608695652172,0,147.1151000005193,4000,None,None,0,10,1,0,
congestion,noFLC,16,4,105.42031371890769,291.0,478.0,64.26116838487972,0,158.8765999986208,4000,None,None,0,10,1,0,
congestion,noAW,16,4,105.42031371890769,419.0,553.0,31.980906921241047,0,151.1099000053946,4000,None,None,0,10,1,1,
congestion,noFLC,17,4,105.42031371890769,380.0,455.0,19.736842105263158,0,145.79480000247713,4000,None,None,0,10,1,1,
congestion,noAW,17,4,105.42031371890769,278.0,467.0,67.98561151079137,0,145.7418999998481,4000,None,None,0,10,1,1,
congestion,noFLC,18,4,105.42031371890769,309.0,466.0,50.80906148867314,0,144.03759999549948,4000,None,None,0,10,1,0,
congestion,noAW,18,4,105.42031371890769,304.0,522.0,71.71052631578947,0,143.09070000308566,4000,None,None,0,10,1,1,
congestion,noFLC,19,4,105.42031371890769,345.0,502.0,45.507246376811594,0,141.9808999999077,4000,None,None,0,10,1,1,
congestion,noAW,19,4,105.42031371890769,368.0,410.0,11.41304347826087,0,149.9781000020448,4000,None,None,0,10,1,1,
congestion,noFLC,20,4,105.42031371890769,293.0,424.0,44.7098976109215,0,140.0260000009439,4000,None,None,0,10,1,0,
congestion,noAW,20,4,105.42031371890769,348.0,453.0,30.17241379310345,0,147.39570000529056,4000,None,None,0,10,1,1,
congestion,noFLC,21,4,105.42031371890769,284.0,444.0,56.33802816901409,0,151.0980000020936,4000,None,None,0,10,1,0,
congestion,noAW,21,4,105.42031371890769,339.0,474.0,39.823008849557525,0,147.27949999360135,4000,None,None,0,10,1,0,
congestion,noFLC,22,4,105.42031371890769,287.0,381.0,32.752613240418114,0,147.70990000397433,4000,None,None,0,10,1,0,
congestion,noAW,22,4,105.42031371890769,295.0,484.0,64.0677966101695,0,157.47579999879235,4000,None,None,0,10,1,1,
congestion,noFLC,23,4,105.42031371890769,362.0,422.0,16.574585635359114,0,138.06349999504164,4000,None,None,0,10,1,0,
congestion,noAW,23,4,105.42031371890769,321.0,452.0,40.809968847352025,0,149.85730000626063,4000,None,None,0,10,1,0,
congestion,noFLC,24,4,105.42031371890769,312.0,463.0,48.3974358974359,0,138.77700000011828,4000,None,None,0,10,1,0,
congestion,noAW,24,4,105.42031371890769,280.0,423.0,51.07142857142857,0,138.57780000398634,4000,None,None,0,10,1,0,
congestion,noFLC,25,4,105.42031371890769,372.0,531.0,42.74193548387097,0,143.08869999513263,4000,None,None,0,10,1,1,
congestion,noAW,25,4,105.42031371890769,307.0,405.0,31.921824104234524,0,139.71860000310699,4000,None,None,0,10,1,1,
congestion,noFLC,26,4,105.42031371890769,324.0,440.0,35.80246913580247,0,131.13460000022314,4000,None,None,0,10,1,1,
congestion,noAW,26,4,105.42031371890769,271.0,384.0,41.69741697416974,0,149.88430000084918,4000,None,None,0,10,1,0,
congestion,noFLC,27,4,105.42031371890769,296.0,456.0,54.054054054054056,0,153.38310000515776,4000,None,None,0,10,1,1,
congestion,noAW,27,4,105.42031371890769,385.0,537.0,39.48051948051948,0,146.033000004536,4000,None,None,0,10,1,1,
congestion,noFLC,28,4,105.42031371890769,412.0,559.0,35.67961165048544,0,140.14380000298843,4000,None,None,0,10,1,1,
congestion,noAW,28,4,105.42031371890769,397.0,561.0,41.30982367758186,0,148.29129999998258,4000,None,None,0,10,1,0,
congestion,noFLC,29,4,105.42031371890769,369.0,509.0,37.94037940379404,0,141.38110000203596,4000,None,None,0,10,1,1,
congestion,noAW,29,4,105.42031371890769,335.0,475.0,41.7910447761194,0,159.9038999993354,4000,None,None,0,10,1,1,
congestion,noFLC,30,4,105.42031371890769,353.0,481.0,36.26062322946176,0,145.33700000174576,4000,None,None,0,10,1,0,
congestion,noAW,30,4,105.42031371890769,271.0,441.0,62.73062730627307,0,139.96330000372836,4000,None,None,0,10,1,1,
fault,noFLC,1,0,200.0,337.0,337.0,0.0,0,,,462.0,3,1,10,1,0,None
fault,noAW,1,0,200.0,320.0,320.0,0.0,0,,,454.0,3,1,10,1,0,None
fault,noFLC,2,0,200.0,307.0,307.0,0.0,0,,,463.0,3,1,10,1,0,None
fault,noAW,2,0,200.0,306.0,306.0,0.0,0,,,457.0,3,1,10,1,0,None
fault,noFLC,3,0,200.0,303.0,303.0,0.0,0,,,463.0,3,1,10,1,0,None
fault,noAW,3,0,200.0,322.0,322.0,0.0,0,,,472.0,3,1,10,1,0,None
fault,noFLC,4,0,200.0,299.0,308.0,3.0100334448160537,0,,,463.0,3,1,10,1,0,None
fault,noAW,4,0,200.0,335.0,335.0,0.0,0,,,450.0,3,1,10,1,0,None
fault,noFLC,5,0,200.0,321.0,321.0,0.0,0,,,452.0,3,1,10,1,0,None
fault,noAW,5,0,200.0,361.0,361.0,0.0,0,,,457.0,3,1,10,1,0,None
fault,noFLC,6,0,200.0,352.0,352.0,0.0,0,,,462.0,3,1,10,1,0,None
fault,noAW,6,0,200.0,396.0,396.0,0.0,0,,,458.0,5,1,10,1,0,None
fault,noFLC,7,0,200.0,305.0,305.0,0.0,0,,,467.0,3,1,10,1,0,None
fault,noAW,7,0,200.0,445.0,496.0,11.46067415730337,0,,0,457.0,2,1,10,1,0,None
fault,noFLC,8,0,200.0,347.0,584.0,68.29971181556196,0,,0,450.0,3,1,10,1,0,None
fault,noAW,8,0,200.0,362.0,463.0,27.900552486187845,0,,0,450.0,3,1,10,1,0,None
fault,noFLC,9,0,200.0,317.0,352.0,11.041009463722396,0,,,465.0,3,1,10,1,0,None
fault,noAW,9,0,200.0,320.0,320.0,0.0,0,,,457.0,3,1,10,1,0,None
fault,noFLC,10,0,200.0,292.0,292.0,0.0,0,,,460.0,3,1,10,1,0,None
fault,noAW,10,0,200.0,328.0,328.0,0.0,0,,,465.0,3,1,10,1,0,None
fault,noFLC,11,0,200.0,454.0,454.0,0.0,0,,0,450.0,3,1,10,1,0,None
fault,noAW,11,0,200.0,303.0,322.0,6.270627062706271,0,,,456.0,3,1,10,1,0,None
fault,noFLC,12,0,200.0,306.0,306.0,0.0,0,,,462.0,3,1,10,1,0,None
fault,noAW,12,0,200.0,379.0,379.0,0.0,0,,,461.0,1,1,10,1,0,None
fault,noFLC,13,0,200.0,361.0,361.0,0.0,0,,,454.0,3,1,10,1,0,None
fault,noAW,13,0,200.0,340.0,340.0,0.0,0,,,458.0,3,1,10,1,0,None
fault,noFLC,14,0,200.0,278.0,278.0,0.0,0,,,464.0,6,1,10,1,0,None
fault,noAW,14,0,200.0,288.0,288.0,0.0,0,,,447.0,3,1,10,1,0,None
fault,noFLC,15,0,200.0,349.0,349.0,0.0,0,,,457.0,3,1,10,1,0,None
fault,noAW,15,0,200.0,368.0,368.0,0.0,0,,,464.0,3,1,10,1,0,None
fault,noFLC,16,0,200.0,291.0,291.0,0.0,0,,,460.0,3,1,10,1,0,None
fault,noAW,16,0,200.0,419.0,419.0,0.0,0,,,474.0,1,1,10,1,0,None
fault,noFLC,17,0,200.0,380.0,542.0,42.63157894736842,0,,0,450.0,3,1,10,1,0,None
fault,noAW,17,0,200.0,278.0,278.0,0.0,0,,,438.0,3,1,10,1,0,None
fault,noFLC,18,0,200.0,309.0,309.0,0.0,0,,,453.0,3,1,10,1,0,None
fault,noAW,18,0,200.0,304.0,333.0,9.539473684210527,0,,,458.0,3,1,10,1,0,None
fault,noFLC,19,0,200.0,345.0,345.0,0.0,0,,,469.0,3,1,10,1,0,None
fault,noAW,19,0,200.0,368.0,609.0,65.48913043478261,0,,0,451.0,3,1,10,1,0,None
fault,noFLC,20,0,200.0,293.0,293.0,0.0,0,,,465.0,3,1,10,1,0,None
fault,noAW,20,0,200.0,348.0,348.0,0.0,0,,,472.0,0,1,10,1,0,None
fault,noFLC,21,0,200.0,284.0,284.0,0.0,0,,,449.0,3,1,10,1,0,None
fault,noAW,21,0,200.0,339.0,339.0,0.0,0,,,440.0,3,1,10,1,0,None
fault,noFLC,22,0,200.0,287.0,287.0,0.0,0,,,454.0,3,1,10,1,0,None
fault,noAW,22,0,200.0,295.0,295.0,0.0,0,,,467.0,3,1,10,1,0,None
fault,noFLC,23,0,200.0,362.0,362.0,0.0,0,,,464.0,3,1,10,1,0,None
fault,noAW,23,0,200.0,321.0,321.0,0.0,0,,,443.0,3,1,10,1,0,None
fault,noFLC,24,0,200.0,312.0,321.0,2.8846153846153846,0,,,459.0,3,1,10,1,0,None
fault,noAW,24,0,200.0,280.0,280.0,0.0,0,,,471.0,3,1,10,1,0,None
fault,noFLC,25,0,200.0,372.0,372.0,0.0,0,,,451.0,3,1,10,1,0,None
fault,noAW,25,0,200.0,307.0,307.0,0.0,0,,,472.0,3,1,10,1,0,None
fault,noFLC,26,0,200.0,324.0,324.0,0.0,0,,,460.0,3,1,10,1,0,None
fault,noAW,26,0,200.0,271.0,271.0,0.0,0,,,454.0,3,1,10,1,0,None
fault,noFLC,27,0,200.0,296.0,296.0,0.0,0,,,479.0,3,1,10,1,0,None
fault,noAW,27,0,200.0,385.0,385.0,0.0,0,,,470.0,2,1,10,1,0,None
fault,noFLC,28,0,200.0,412.0,412.0,0.0,0,,,459.0,3,1,10,1,0,None
fault,noAW,28,0,200.0,397.0,397.0,0.0,0,,,461.0,3,1,10,1,0,None
fault,noFLC,29,0,200.0,369.0,422.0,14.363143631436316,0,,,455.0,3,1,10,1,0,None
fault,noAW,29,0,200.0,335.0,335.0,0.0,0,,,462.0,6,1,10,1,0,None
fault,noFLC,30,0,200.0,353.0,353.0,0.0,0,,,444.0,3,1,10,1,0,None
fault,noAW,30,0,200.0,271.0,286.0,5.535055350553505,0,,,446.0,3,1,10,1,0,None
fault,noFLC,1,1,139.2060032799555,337.0,322.0,-4.451038575667656,0,458.8376999963657,20000,209.0,1,1,10,1,1,258.0
fault,noAW,1,1,139.2060032799555,320.0,353.0,10.3125,0,463.8792999976431,20000,209.0,7,1,10,1,1,265.0
fault,noFLC,2,1,139.2060032799555,307.0,355.0,15.63517915309446,0,481.0273999974015,20000,205.0,0,1,10,1,1,236.0
fault,noAW,2,1,139.2060032799555,306.0,320.0,4.57516339869281,0,473.9573999977438,20000,207.0,5,1,10,1,1,255.0
fault,noFLC,3,1,139.2060032799555,303.0,323.0,6.6006600660066,0,469.7178000060376,20000,204.0,7,1,10,1,1,221.0
fault,noAW,3,1,139.2060032799555,322.0,362.0,12.422360248447205,0,501.7915999997058,20000,203.0,9,1,10,1,1,None
fault,noFLC,4,1,139.2060032799555,299.0,355.0,18.729096989966553,0,471.1874999993597,20000,213.0,2,1,10,1,1,304.0
fault,noAW,4,1,139.2060032799555,335.0,338.0,0.8955223880597015,0,477.5646999987657,20000,209.0,6,1,10,1,1,309.0
fault,noFLC,5,1,139.2060032799555,321.0,367.0,14.330218068535824,0,497.0524000018486,20000,205.0,4,1,10,1,1,255.0
fault,noAW,5,1,139.2060032799555,361.0,373.0,3.32409972299169,0,483.39750000013737,20000,209.0,8,1,10,1,1,323.0
fault,noFLC,6,1,139.2060032799555,352.0,352.0,0.0,0,487.14349999499973,20000,213.0,9,1,10,1,1,253.0
fault,noAW,6,1,139.2060032799555,396.0,370.0,-6.565656565656567,0,490.8092000041506,20000,211.0,9,1,10,1,1,281.0
fault,noFLC,7,1,139.2060032799555,305.0,345.0,13.114754098360656,0,485.2090999993379,20000,206.0,3,1,10,1,1,None
fault,noAW,7,1,139.2060032799555,445.0,333.0,-25.168539325842698,0,489.6491000035894,20000,203.0,1,1,10,1,1,290.0
fault,noFLC,8,1,139.2060032799555,347.0,364.0,4.899135446685879,0,527.896999999939,20000,213.0,5,1,10,1,1,263.0
fault,noAW,8,1,139.2060032799555,362.0,361.0,-0.2762430939226519,0,507.6906999966013,20000,202.0,0,1,10,1,1,279.0
fault,noFLC,9,1,139.2060032799555,317.0,332.0,4.73186119873817,0,480.7349999973667,20000,214.0,4,1,10,1,1,234.0
fault,noAW,9,1,139.2060032799555,320.0,332.0,3.75,0,512.9996000032406,20000,205.0,2,1,10,1,1,230.0
fault,noFLC,10,1,139.2060032799555,292.0,328.0,12.32876712328767,0,477.75279999768827,20000,211.0,3,1,10,1,1,231.0
fault,noAW,10,1,139.2060032799555,328.0,325.0,-0.9146341463414633,0,455.6712999983574,20000,215.0,2,1,10,1,1,262.0
fault,noFLC,11,1,139.2060032799555,454.0,338.0,-25.55066079295154,0,480.4013000029954,20000,204.0,2,1,10,1,1,316.0
fault,noAW,11,1,139.2060032799555,303.0,322.0,6.270627062706271,0,445.4958999995142,20000,215.0,6,1,10,1,1,None
fault,noFLC,12,1,139.2060032799555,306.0,326.0,6.535947712418301,0,478.0490999983158,20000,200.0,9,1,10,1,1,None
fault,noAW,12,1,139.2060032799555,379.0,347.0,-8.443271767810026,0,448.1324999942444,20000,207.0,1,1,10,1,1,263.0
fault,noFLC,13,1,139.2060032799555,361.0,315.0,-12.742382271468145,0,479.384400001436,20000,200.0,5,1,10,1,1,230.0
fault,noAW,13,1,139.2060032799555,340.0,360.0,5.88235294117647,0,491.4225999964401,20000,203.0,9,1,10,1,1,255.0
fault,noFLC,14,1,139.2060032799555,278.0,332.0,19.424460431654676,0,432.3757999954978,20000,205.0,7,1,10,1,1,278.0
fault,noAW,14,1,139.2060032799555,288.0,396.0,37.5,0,434.5912999997381,20000,206.0,6,1,10,1,1,None
fault,noFLC,15,1,139.2060032799555,349.0,306.0,-12.320916905444127,0,456.84669999900507,20000,216.0,1,1,10,1,1,None
fault,noAW,15,1,139.2060032799555,368.0,323.0,-12.228260869565217,0,480.5408000029274,20000,203.0,7,1,10,1,1,233.0
fault,noFLC,16,1,139.2060032799555,291.0,355.0,21.993127147766323,0,507.03749999956926,20000,210.0,5,1,10,1,1,240.0
fault,noAW,16,1,139.2060032799555,419.0,352.0,-15.990453460620524,0,527.6321999990614,20000,202.0,5,1,10,1,1,300.0
fault,noFLC,17,1,139.2060032799555,380.0,377.0,-0.7894736842105263,0,470.49410000181524,20000,214.0,7,1,10,1,1,276.0
fault,noAW,17,1,139.2060032799555,278.0,312.0,12.23021582733813,0,491.4874000023701,20000,210.0,9,1,10,1,1,263.0
fault,noFLC,18,1,139.2060032799555,309.0,335.0,8.414239482200648,0,469.6341000017128,20000,208.0,1,1,10,1,1,253.0
fault,noAW,18,1,139.2060032799555,304.0,361.0,18.75,0,473.7042999986443,20000,204.0,4,1,10,1,1,279.0
fault,noFLC,19,1,139.2060032799555,345.0,321.0,-6.956521739130435,0,428.4330000009504,20000,204.0,8,1,10,1,1,248.0
fault,noAW,19,1,139.2060032799555,368.0,331.0,-10.054347826086957,0,488.9829999956419,20000,206.0,7,1,10,1,1,248.0
fault,noFLC,20,1,139.2060032799555,293.0,345.0,17.747440273037544,0,468.38410000054864,20000,211.0,4,1,10,1,1,286.0
fault,noAW,20,1,139.2060032799555,348.0,352.0,1.1494252873563218,0,502.2828000001027,20000,203.0,7,1,10,1,1,247.0
fault,noFLC,21,1,139.2060032799555,284.0,362.0,27.464788732394368,0,465.09909999440424,20000,210.0,6,1,10,1,1,308.0
fault,noAW,21,1,139.2060032799555,339.0,366.0,7.964601769911504,0,509.40389999595936,20000,204.0,0,1,10,1,1,253.0
fault,noFLC,22,1,139.2060032799555,287.0,342.0,19.16376306620209,0,406.84109999710927,20000,209.0,7,1,10,1,1,262.0
fault,noAW,22,1,139.2060032799555,295.0,396.0,34.23728813559322,0,490.13429999467917,20000,204.0,7,1,10,1,1,256.0
fault,noFLC,23,1,139.2060032799555,362.0,351.0,-3.0386740331491713,0,471.2318000019877,20000,202.0,5,1,10,1,1,255.0
fault,noAW,23,1,139.2060032799555,321.0,314.0,-2.1806853582554515,0,487.07509999803733,20000,207.0,1,1,10,1,1,266.0
fault,noFLC,24,1,139.2060032799555,312.0,351.0,12.5,0,472.0117000033497,20000,204.0,5,1,10,1,1,313.0
fault,noAW,24,1,139.2060032799555,280.0,353.0,26.071428571428573,0,432.1782999977586,20000,205.0,9,1,10,1,1,282.0
fault,noFLC,25,1,139.2060032799555,372.0,308.0,-17.20430107526882,0,515.341599995736,20000,207.0,6,1,10,1,1,262.0
fault,noAW,25,1,139.2060032799555,307.0,355.0,15.63517915309446,0,450.35959999950137,20000,208.0,5,1,10,1,1,251.0
fault,noFLC,26,1,139.2060032799555,324.0,314.0,-3.0864197530864197,0,445.36750000406755,20000,204.0,7,1,10,1,1,282.0
fault,noAW,26,1,139.2060032799555,271.0,300.0,10.70110701107011,0,432.8304000009666,20000,210.0,3,1,10,1,1,255.0
fault,noFLC,27,1,139.2060032799555,296.0,364.0,22.972972972972975,0,450.83639999938896,20000,208.0,5,1,10,1,1,256.0
fault,noAW,27,1,139.2060032799555,385.0,311.0,-19.22077922077922,0,503.16160000511445,20000,202.0,3,1,10,1,1,246.0
fault,noFLC,28,1,139.2060032799555,412.0,370.0,-10.194174757281553,0,467.1483000056469,20000,205.0,5,1,10,1,1,257.0
fault,noAW,28,1,139.2060032799555,397.0,364.0,-8.312342569269521,0,490.1559999998426,20000,205.0,0,1,10,1,1,241.0
fault,noFLC,29,1,139.2060032799555,369.0,361.0,-2.168021680216802,0,458.18770000187214,20000,208.0,0,1,10,1,1,356.0
fault,noAW,29,1,139.2060032799555,335.0,384.0,14.626865671641792,0,458.5626999978558,20000,213.0,9,1,10,1,1,272.0
fault,noFLC,30,1,139.2060032799555,353.0,277.0,-21.529745042492916,0,433.9804999981425,20000,210.0,7,1,10,1,1,None
fault,noAW,30,1,139.2060032799555,271.0,316.0,16.605166051660518,0,435.16389999422245,20000,203.0,1,1,10,1,1,307.0
fault,noFLC,1,2,181.7052044143888,337.0,582.0,72.70029673590504,0,,0,441.0,8,1,10,1,0,None
fault,noAW,1,2,181.7052044143888,320.0,478.0,49.375,0,,0,437.0,4,1,10,1,0,None
fault,noFLC,2,2,181.7052044143888,307.0,307.0,0.0,0,,,451.0,1,1,10,1,0,None
fault,noAW,2,2,181.7052044143888,306.0,423.0,38.23529411764706,0,,,446.0,6,1,10,1,0,None
fault,noFLC,3,2,181.7052044143888,303.0,303.0,0.0,0,,,451.0,0,1,10,1,0,None
fault,noAW,3,2,181.7052044143888,322.0,330.0,2.484472049689441,0,,,461.0,7,1,10,1,0,None
fault,noFLC,4,2,181.7052044143888,299.0,299.0,0.0,0,,,450.0,6,1,10,1,0,None
fault,noAW,4,2,181.7052044143888,335.0,555.0,65.67164179104478,0,,0,445.0,9,1,10,1,0,None
fault,noFLC,5,2,181.7052044143888,321.0,420.0,30.8411214953271,0,,,433.0,4,1,10,1,0,None
fault,noAW,5,2,181.7052044143888,361.0,361.0,0.0,0,,,442.0,9,1,10,1,0,None
fault,noFLC,6,2,181.7052044143888,352.0,352.0,0.0,0,,,452.0,4,1,10,1,0,None
fault,noAW,6,2,181.7052044143888,396.0,521.0,31.565656565656564,0,300.3982000009273,20000,447.0,7,1,10,1,1,None
fault,noFLC,7,2,181.7052044143888,305.0,399.0,30.81967213114754,0,,,435.0,2,1,10,1,0,None
fault,noAW,7,2,181.7052044143888,445.0,445.0,0.0,0,,,446.0,8,1,10,1,0,None
fault,noFLC,8,2,181.7052044143888,347.0,347.0,0.0,0,,,447.0,7,1,10,1,0,None
fault,noAW,8,2,181.7052044143888,362.0,362.0,0.0,0,,,449.0,1,1,10,1,0,None
fault,noFLC,9,2,181.7052044143888,317.0,368.0,16.08832807570978,0,,,460.0,3,1,10,1,0,None
fault,noAW,9,2,181.7052044143888,320.0,320.0,0.0,0,,,452.0,3,1,10,1,0,None
fault,noFLC,10,2,181.7052044143888,292.0,292.0,0.0,0,,,445.0,6,1,10,1,0,None
fault,noAW,10,2,181.7052044143888,328.0,328.0,0.0,0,,,457.0,8,1,10,1,0,None
fault,noFLC,11,2,181.7052044143888,454.0,454.0,0.0,0,,0,447.0,7,1,10,1,0,None
fault,noAW,11,2,181.7052044143888,303.0,398.0,31.353135313531354,0,,,448.0,8,1,10,1,0,None
fault,noFLC,12,2,181.7052044143888,306.0,306.0,0.0,0,,,457.0,3,1,10,1,0,None
fault,noAW,12,2,181.7052044143888,379.0,379.0,0.0,0,,,438.0,2,1,10,1,0,None
fault,noFLC,13,2,181.7052044143888,361.0,361.0,0.0,0,,,437.0,8,1,10,1,0,None
fault,noAW,13,2,181.7052044143888,340.0,340.0,0.0,0,,,452.0,1,1,10,1,0,None
fault,noFLC,14,2,181.7052044143888,278.0,278.0,0.0,0,,,441.0,7,1,10,1,0,None
fault,noAW,14,2,181.7052044143888,288.0,288.0,0.0,0,,,452.0,2,1,10,1,0,None
fault,noFLC,15,2,181.7052044143888,349.0,349.0,0.0,0,,,456.0,2,1,10,1,0,None
fault,noAW,15,2,181.7052044143888,368.0,480.0,30.434782608695656,0,,0,448.0,5,1,10,1,0,None
fault,noFLC,16,2,181.7052044143888,291.0,337.0,15.807560137457044,0,,,450.0,6,1,10,1,0,None
fault,noAW,16,2,181.7052044143888,419.0,419.0,0.0,0,,,452.0,2,1,10,1,0,None
fault,noFLC,17,2,181.7052044143888,380.0,380.0,0.0,0,,,443.0,4,1,10,1,0,None
fault,noAW,17,2,181.7052044143888,278.0,278.0,0.0,0,,,451.0,8,1,10,1,0,None
fault,noFLC,18,2,181.7052044143888,309.0,370.0,19.741100323624593,0,,,445.0,9,1,10,1,0,None
fault,noAW,18,2,181.7052044143888,304.0,325.0,6.907894736842106,0,,,446.0,5,1,10,1,0,None
fault,noFLC,19,2,181.7052044143888,345.0,345.0,0.0,0,,,445.0,8,1,10,1,0,None
fault,noAW,19,2,181.7052044143888,368.0,368.0,0.0,0,,,445.0,8,1,10,1,0,None
fault,noFLC,20,2,181.7052044143888,293.0,308.0,5.1194539249146755,0,,,451.0,7,1,10,1,0,None
fault,noAW,20,2,181.7052044143888,348.0,348.0,0.0,0,,,438.0,4,1,10,1,0,None
fault,noFLC,21,2,181.7052044143888,284.0,288.0,1.4084507042253522,0,,,448.0,4,1,10,1,0,None
fault,noAW,21,2,181.7052044143888,339.0,339.0,0.0,0,,,434.0,3,1,10,1,0,None
fault,noFLC,22,2,181.7052044143888,287.0,321.0,11.846689895470384,0,,,448.0,9,1,10,1,0,None
fault,noAW,22,2,181.7052044143888,295.0,309.0,4.745762711864407,0,,,444.0,5,1,10,1,0,None
fault,noFLC,23,2,181.7052044143888,362.0,362.0,0.0,0,,,439.0,1,1,10,1,0,None
fault,noAW,23,2,181.7052044143888,321.0,513.0,59.813084112149525,0,,0,440.0,2,1,10,1,0,None
fault,noFLC,24,2,181.7052044143888,312.0,312.0,0.0,0,,,446.0,7,1,10,1,0,None
fault,noAW,24,2,181.7052044143888,280.0,280.0,0.0,0,,,441.0,0,1,10,1,0,None
fault,noFLC,25,2,181.7052044143888,372.0,372.0,0.0,0,,,452.0,5,1,10,1,0,None
fault,noAW,25,2,181.7052044143888,307.0,337.0,9.77198697068404,0,,,431.0,2,1,10,1,0,None
fault,noFLC,26,2,181.7052044143888,324.0,324.0,0.0,0,,,460.0,5,1,10,1,0,None
fault,noAW,26,2,181.7052044143888,271.0,271.0,0.0,0,,,429.0,7,1,10,1,0,None
fault,noFLC,27,2,181.7052044143888,296.0,366.0,23.64864864864865,0,,,434.0,8,1,10,1,0,None
fault,noAW,27,2,181.7052044143888,385.0,415.0,7.792207792207792,0,,,433.0,4,1,10,1,0,None
fault,noFLC,28,2,181.7052044143888,412.0,412.0,0.0,0,,,451.0,6,1,10,1,0,None
fault,noAW,28,2,181.7052044143888,397.0,397.0,0.0,0,,,451.0,7,1,10,1,0,None
fault,noFLC,29,2,181.7052044143888,369.0,441.0,19.51219512195122,0,,,450.0,3,1,10,1,0,None
fault,noAW,29,2,181.7052044143888,335.0,335.0,0.0,0,,,457.0,6,1,10,1,0,None
fault,noFLC,30,2,181.7052044143888,353.0,353.0,0.0,0,,,438.0,3,1,10,1,0,None
fault,noAW,30,2,181.7052044143888,271.0,290.0,7.011070110701106,0,,,439.0,4,1,10,1,0,None
fault,noFLC,1,3,87.05594713886512,337.0,387.0,14.836795252225517,0,519.1264000022784,20000,168.0,8,1,10,1,1,258.0
fault,noAW,1,3,87.05594713886512,320.0,365.0,14.0625,0,517.2567999979947,20000,168.0,3,1,10,1,1,210.0
fault,noFLC,2,3,87.05594713886512,307.0,335.0,9.120521172638437,0,521.5184000044246,20000,168.0,4,1,10,1,1,231.0
fault,noAW,2,3,87.05594713886512,306.0,309.0,0.9803921568627451,0,510.70529999560677,20000,168.0,0,1,10,1,1,203.0
fault,noFLC,3,3,87.05594713886512,303.0,322.0,6.270627062706271,0,537.6241999983904,20000,163.0,9,1,10,1,1,221.0
fault,noAW,3,3,87.05594713886512,322.0,346.0,7.453416149068323,0,526.5033000032417,20000,168.0,2,1,10,1,1,221.0
fault,noFLC,4,3,87.05594713886512,299.0,367.0,22.74247491638796,0,556.9257999959518,20000,171.0,3,1,10,1,1,None
fault,noAW,4,3,87.05594713886512,335.0,335.0,0.0,0,517.4708999984432,20000,177.0,7,1,10,1,1,219.0
fault,noFLC,5,3,87.05594713886512,321.0,404.0,25.85669781931464,0,508.5940999997547,20000,172.0,0,1,10,1,1,250.0
fault,noAW,5,3,87.05594713886512,361.0,374.0,3.6011080332409975,0,512.6554999951622,20000,172.0,0,1,10,1,1,277.0
fault,noFLC,6,3,87.05594713886512,352.0,393.0,11.647727272727272,0,511.7425999997067,20000,172.0,3,1,10,1,1,235.0
fault,noAW,6,3,87.05594713886512,396.0,342.0,-13.636363636363635,0,534.4438999964041,20000,172.0,3,1,10,1,1,194.0
fault,noFLC,7,3,87.05594713886512,305.0,344.0,12.786885245901638,0,512.3118999981671,20000,168.0,3,1,10,1,1,191.0
fault,noAW,7,3,87.05594713886512,445.0,312.0,-29.8876404494382,0,520.8456000036676,20000,171.0,1,1,10,1,1,None
fault,noFLC,8,3,87.05594713886512,347.0,403.0,16.138328530259365,0,549.0601999990758,20000,172.0,9,1,10,1,1,246.0
fault,noAW,8,3,87.05594713886512,362.0,348.0,-3.867403314917127,0,520.5683999956818,20000,169.0,0,1,10,1,1,201.0
fault,noFLC,9,3,87.05594713886512,317.0,315.0,-0.6309148264984227,0,507.84700000076555,20000,173.0,9,1,10,1,1,275.0
fault,noAW,9,3,87.05594713886512,320.0,333.0,4.0625,0,520.4098000031081,20000,173.0,9,1,10,1,1,281.0
fault,noFLC,10,3,87.05594713886512,292.0,301.0,3.0821917808219177,0,505.79589999688324,20000,163.0,8,1,10,1,1,None
fault,noAW,10,3,87.05594713886512,328.0,307.0,-6.402439024390244,0,532.1345999982441,20000,170.0,8,1,10,1,1,266.0
fault,noFLC,11,3,87.05594713886512,454.0,373.0,-17.841409691629956,0,546.7487999994773,20000,171.0,5,1,10,1,1,203.0
fault,noAW,11,3,87.05594713886512,303.0,311.0,2.6402640264026402,0,533.375300001353,20000,165.0,1,1,10,1,1,237.0
fault,noFLC,12,3,87.05594713886512,306.0,311.0,1.6339869281045754,0,528.2443000032799,20000,156.0,9,1,10,1,1,239.0
fault,noAW,12,3,87.05594713886512,379.0,347.0,-8.443271767810026,0,536.4058999984991,20000,169.0,4,1,10,1,1,253.0
fault,noFLC,13,3,87.05594713886512,361.0,287.0,-20.498614958448755,0,534.0322999982163,20000,166.0,9,1,10,1,1,190.0
fault,noAW,13,3,87.05594713886512,340.0,344.0,1.1764705882352942,0,552.7768000029027,20000,170.0,3,1,10,1,1,212.0
fault,noFLC,14,3,87.05594713886512,278.0,313.0,12.589928057553957,0,525.7080999945174,20000,166.0,0,1,10,1,1,201.0
fault,noAW,14,3,87.05594713886512,288.0,339.0,17.708333333333336,0,503.2520000022487,20000,166.0,6,1,10,1,1,229.0
fault,noFLC,15,3,87.05594713886512,349.0,318.0,-8.882521489971348,0,492.3123000044143,20000,171.0,3,1,10,1,1,314.0
fault,noAW,15,3,87.05594713886512,368.0,324.0,-11.956521739130435,0,532.9348000013852,20000,172.0,1,1,10,1,1,219.0
fault,noFLC,16,3,87.05594713886512,291.0,331.0,13.745704467353953,0,553.44480000349,20000,168.0,4,1,10,1,1,316.0
fault,noAW,16,3,87.05594713886512,419.0,315.0,-24.821002386634845,0,532.6999000026262,20000,170.0,2,1,10,1,1,277.0
fault,noFLC,17,3,87.05594713886512,380.0,335.0,-11.842105263157894,0,525.5882999990718,20000,168.0,1,1,10,1,1,265.0
fault,noAW,17,3,87.05594713886512,278.0,325.0,16.906474820143885,0,542.7209000044968,20000,166.0,7,1,10,1,1,195.0
fault,noFLC,18,3,87.05594713886512,309.0,349.0,12.944983818770226,0,490.1266000015312,20000,174.0,1,1,10,1,1,271.0
fault,noAW,18,3,87.05594713886512,304.0,318.0,4.605263157894736,0,508.58980000339216,20000,170.0,1,1,10,1,1,275.0
fault,noFLC,19,3,87.05594713886512,345.0,309.0,-10.434782608695652,0,494.76059999869904,20000,170.0,9,1,10,1,1,222.0
fault,noAW,19,3,87.05594713886512,368.0,291.0,-20.92391304347826,0,562.6107000061893,20000,171.0,3,1,10,1,1,229.0
fault,noFLC,20,3,87.05594713886512,293.0,339.0,15.699658703071673,0,551.5760999987833,20000,171.0,5,1,10,1,1,208.0
fault,noAW,20,3,87.05594713886512,348.0,292.0,-16.091954022988507,0,555.2559000061592,20000,163.0,7,1,10,1,1,250.0
fault,noFLC,21,3,87.05594713886512,284.0,346.0,21.830985915492956,0,538.373600000341,20000,168.0,5,1,10,1,1,181.0
fault,noAW,21,3,87.05594713886512,339.0,319.0,-5.899705014749262,0,529.8519999996643,20000,163.0,7,1,10,1,1,218.0
fault,noFLC,22,3,87.05594713886512,287.0,321.0,11.846689895470384,0,491.2236000018311,20000,172.0,6,1,10,1,1,223.0
fault,noAW,22,3,87.05594713886512,295.0,357.0,21.01694915254237,0,540.1866000029258,20000,167.0,7,1,10,1,1,191.0
fault,noFLC,23,3,87.05594713886512,362.0,376.0,3.867403314917127,0,558.6738999991212,20000,164.0,9,1,10,1,1,233.0
fault,noAW,23,3,87.05594713886512,321.0,381.0,18.69158878504673,0,587.5012999968021,20000,164.0,7,1,10,1,1,224.0
fault,noFLC,24,3,87.05594713886512,312.0,300.0,-3.8461538461538463,0,492.79160000151023,20000,167.0,7,1,10,1,1,197.0
fault,noAW,24,3,87.05594713886512,280.0,314.0,12.142857142857142,0,490.2606999967247,20000,166.0,7,1,10,1,1,255.0
fault,noFLC,25,3,87.05594713886512,372.0,310.0,-16.666666666666664,0,516.4782000065316,20000,173.0,8,1,10,1,1,226.0
fault,noAW,25,3,87.05594713886512,307.0,313.0,1.9543973941368076,0,512.8234000003431,20000,171.0,1,1,10,1,1,228.0
fault,noFLC,26,3,87.05594713886512,324.0,363.0,12.037037037037036,0,499.96549999923445,20000,173.0,7,1,10,1,1,322.0
fault,noAW,26,3,87.05594713886512,271.0,316.0,16.605166051660518,0,524.9896999957855,20000,174.0,6,1,10,1,1,None
fault,noFLC,27,3,87.05594713886512,296.0,341.0,15.202702702702704,0,543.5734999991837,20000,170.0,1,1,10,1,1,219.0
fault,noAW,27,3,87.05594713886512,385.0,300.0,-22.07792207792208,0,535.3513000009116,20000,166.0,5,1,10,1,1,227.0
fault,noFLC,28,3,87.05594713886512,412.0,365.0,-11.407766990291263,0,507.5347999954829,20000,168.0,0,1,10,1,1,203.0
fault,noAW,28,3,87.05594713886512,397.0,369.0,-7.052896725440807,0,525.8895000006305,20000,169.0,8,1,10,1,1,232.0
fault,noFLC,29,3,87.05594713886512,369.0,319.0,-13.550135501355012,0,527.9373000012129,20000,169.0,7,1,10,1,1,201.0
fault,noAW,29,3,87.05594713886512,335.0,344.0,2.6865671641791042,0,548.6777999976766,20000,171.0,3,1,10,1,1,204.0
fault,noFLC,30,3,87.05594713886512,353.0,292.0,-17.280453257790366,0,552.944099996239,20000,168.0,0,1,10,1,1,195.0
fault,noAW,30,3,87.05594713886512,271.0,322.0,18.81918819188192,0,514.0971000000718,20000,164.0,1,1,10,1,1,208.0
fault,noFLC,1,4,64.21579955915043,337.0,336.0,-0.2967359050445104,0,536.6955000063172,20000,152.0,0,1,10,1,1,197.0
fault,noAW,1,4,64.21579955915043,320.0,304.0,-5.0,0,529.8891000056756,20000,153.0,0,1,10,1,1,None
fault,noFLC,2,4,64.21579955915043,307.0,372.0,21.172638436482085,0,545.4508999973768,20000,156.0,0,1,10,1,1,217.0
fault,noAW,2,4,64.21579955915043,306.0,286.0,-6.535947712418301,0,570.444500001031,20000,154.0,7,1,10,1,1,194.0
fault,noFLC,3,4,64.21579955915043,303.0,354.0,16.831683168316832,0,531.294300002628,20000,153.0,7,1,10,1,1,188.0
fault,noAW,3,4,64.21579955915043,322.0,346.0,7.453416149068323,0,567.8746999983559,20000,148.0,0,1,10,1,1,181.0
fault,noFLC,4,4,64.21579955915043,299.0,364.0,21.73913043478261,0,549.8140999989118,20000,160.0,9,1,10,1,1,188.0
fault,noAW,4,4,64.21579955915043,335.0,316.0,-5.6716417910447765,0,541.2318000016967,20000,156.0,3,1,10,1,1,285.0
fault,noFLC,5,4,64.21579955915043,321.0,368.0,14.641744548286603,0,535.7666999989306,20000,149.0,8,1,10,1,1,306.0
fault,noAW,5,4,64.21579955915043,361.0,314.0,-13.019390581717452,0,561.9578000041656,20000,156.0,3,1,10,1,1,298.0
fault,noFLC,6,4,64.21579955915043,352.0,418.0,18.75,0,543.0546999996295,20000,145.0,0,1,10,1,1,194.0
fault,noAW,6,4,64.21579955915043,396.0,325.0,-17.929292929292927,0,544.4777000011527,20000,152.0,4,1,10,1,1,227.0
fault,noFLC,7,4,64.21579955915043,305.0,361.0,18.360655737704917,0,537.8486999979941,20000,155.0,9,1,10,1,1,201.0
fault,noAW,7,4,64.21579955915043,445.0,308.0,-30.786516853932582,0,536.0329000031925,20000,156.0,5,1,10,1,1,202.0
fault,noFLC,8,4,64.21579955915043,347.0,436.0,25.64841498559078,0,579.1720999986865,20000,151.0,2,1,10,1,1,191.0
fault,noAW,8,4,64.21579955915043,362.0,331.0,-8.56353591160221,0,569.5397999952547,20000,144.0,7,1,10,1,1,186.0
fault,noFLC,9,4,64.21579955915043,317.0,318.0,0.31545741324921134,0,535.0567999994382,20000,157.0,5,1,10,1,1,None
fault,noAW,9,4,64.21579955915043,320.0,334.0,4.375,0,558.467800001381,20000,147.0,0,1,10,1,1,221.0
fault,noFLC,10,4,64.21579955915043,292.0,285.0,-2.3972602739726026,0,506.35630000033416,20000,158.0,4,1,10,1,1,227.0
fault,noAW,10,4,64.21579955915043,328.0,308.0,-6.097560975609756,0,530.8885999984341,20000,154.0,1,1,10,1,1,176.0
fault,noFLC,11,4,64.21579955915043,454.0,331.0,-27.09251101321586,0,532.091599998239,20000,154.0,2,1,10,1,1,245.0
fault,noAW,11,4,64.21579955915043,303.0,337.0,11.221122112211221,0,547.4361999949906,20000,154.0,2,1,10,1,1,245.0
fault,noFLC,12,4,64.21579955915043,306.0,322.0,5.228758169934641,0,577.7802999946289,20000,143.0,9,1,10,1,1,247.0
fault,noAW,12,4,64.21579955915043,379.0,342.0,-9.762532981530343,0,542.2508999981801,20000,154.0,1,1,10,1,1,179.0
fault,noFLC,13,4,64.21579955915043,361.0,315.0,-12.742382271468145,0,521.0497000007308,20000,147.0,5,1,10,1,1,226.0
fault,noAW,13,4,64.21579955915043,340.0,335.0,-1.4705882352941175,0,533.1434999970952,20000,152.0,9,1,10,1,1,194.0
fault,noFLC,14,4,64.21579955915043,278.0,301.0,8.273381294964029,0,528.301599995757,20000,150.0,6,1,10,1,1,186.0
fault,noAW,14,4,64.21579955915043,288.0,326.0,13.194444444444445,0,513.2932999986224,20000,155.0,2,1,10,1,1,None
fault,noFLC,15,4,64.21579955915043,349.0,310.0,-11.174785100286533,0,569.2568000013125,20000,152.0,6,1,10,1,1,222.0
fault,noAW,15,4,64.21579955915043,368.0,325.0,-11.684782608695652,0,587.8788999980316,20000,149.0,5,1,10,1,1,209.0
fault,noFLC,16,4,64.21579955915043,291.0,377.0,29.553264604810998,0,577.676299995801,20000,154.0,0,1,10,1,1,195.0
fault,noAW,16,4,64.21579955915043,419.0,369.0,-11.933174224343675,0,533.0529999991995,20000,161.0,4,1,10,1,1,182.0
fault,noFLC,17,4,64.21579955915043,380.0,408.0,7.368421052631578,0,531.018599998788,20000,157.0,1,1,10,1,1,199.0
fault,noAW,17,4,64.21579955915043,278.0,326.0,17.26618705035971,0,565.2736999982153,20000,147.0,2,1,10,1,1,198.0
fault,noFLC,18,4,64.21579955915043,309.0,336.0,8.737864077669903,0,553.269600000931,20000,153.0,8,1,10,1,1,262.0
fault,noAW,18,4,64.21579955915043,304.0,333.0,9.539473684210527,0,550.2011999997194,20000,156.0,9,1,10,1,1,None
fault,noFLC,19,4,64.21579955915043,345.0,314.0,-8.985507246376812,0,534.9942000029841,20000,151.0,4,1,10,1,1,239.0
fault,noAW,19,4,64.21579955915043,368.0,291.0,-20.92391304347826,0,555.889200004458,20000,155.0,4,1,10,1,1,193.0
fault,noFLC,20,4,64.21579955915043,293.0,394.0,34.470989761092156,0,530.9173000059673,20000,151.0,1,1,10,1,1,191.0
fault,noAW,20,4,64.21579955915043,348.0,332.0,-4.597701149425287,0,528.9809000023524,20000,151.0,9,1,10,1,1,258.0
fault,noFLC,21,4,64.21579955915043,284.0,318.0,11.971830985915492,0,558.9065999956802,20000,147.0,3,1,10,1,1,213.0
fault,noAW,21,4,64.21579955915043,339.0,327.0,-3.5398230088495577,0,571.704599999066,20000,154.0,8,1,10,1,1,186.0
fault,noFLC,22,4,64.21579955915043,287.0,308.0,7.317073170731707,0,539.8080000013579,20000,150.0,3,1,10,1,1,252.0
fault,noAW,22,4,64.21579955915043,295.0,341.0,15.593220338983052,0,576.4624000003096,20000,145.0,3,1,10,1,1,204.0
fault,noFLC,23,4,64.21579955915043,362.0,421.0,16.298342541436465,0,537.436799997522,20000,155.0,8,1,10,1,1,197.0
fault,noAW,23,4,64.21579955915043,321.0,313.0,-2.4922118380062304,0,556.6581999955815,20000,150.0,0,1,10,1,1,191.0
fault,noFLC,24,4,64.21579955915043,312.0,349.0,11.858974358974358,0,507.70919999922626,20000,151.0,0,1,10,1,1,175.0
fault,noAW,24,4,64.21579955915043,280.0,305.0,8.928571428571429,0,518.1515000003856,20000,156.0,2,1,10,1,1,None
fault,noFLC,25,4,64.21579955915043,372.0,305.0,-18.010752688172044,0,555.0989999974263,20000,152.0,9,1,10,1,1,204.0
fault,noAW,25,4,64.21579955915043,307.0,297.0,-3.257328990228013,0,572.9313000047114,20000,148.0,9,1,10,1,1,258.0
fault,noFLC,26,4,64.21579955915043,324.0,355.0,9.5679012345679,0,521.0335000010673,20000,150.0,8,1,10,1,1,179.0
fault,noAW,26,4,64.21579955915043,271.0,324.0,19.557195571955717,0,541.6918999981135,20000,148.0,8,1,10,1,1,235.0
fault,noFLC,27,4,64.21579955915043,296.0,322.0,8.783783783783784,0,548.779699995066,20000,148.0,4,1,10,1,1,174.0
fault,noAW,27,4,64.21579955915043,385.0,333.0,-13.506493506493506,0,584.0196999997715,20000,148.0,4,1,10,1,1,230.0
fault,noFLC,28,4,64.21579955915043,412.0,435.0,5.582524271844661,0,529.7356000010041,20000,152.0,8,1,10,1,1,206.0
fault,noAW,28,4,64.21579955915043,397.0,348.0,-12.34256926952141,0,561.1535999996704,20000,157.0,1,1,10,1,1,222.0
fault,noFLC,29,4,64.21579955915043,369.0,336.0,-8.94308943089431,0,536.7866000015056,20000,157.0,9,1,10,1,1,273.0
fault,noAW,29,4,64.21579955915043,335.0,328.0,-2.0895522388059704,0,543.3542000027956,20000,152.0,1,1,10,1,1,226.0
fault,noFLC,30,4,64.21579955915043,353.0,306.0,-13.314447592067987,0,539.8037999984808,20000,157.0,2,1,10,1,1,190.0
fault,noAW,30,4,64.21579955915043,271.0,324.0,19.557195571955717,0,542.3253999979352,20000,156.0,9,1,10,1,1,169.0
urgent,noFLC,1,0,400.0,337.0,469.0,39.16913946587537,0,96.86409999994794,4000,None,None,0,10,1,1,
urgent,noAW,1,0,400.0,320.0,469.0,46.5625,0,98.06559999560704,4000,None,None,0,10,1,1,
urgent,noFLC,2,0,400.0,307.0,467.0,52.11726384364821,0,98.83690000424394,4000,None,None,0,10,1,1,
urgent,noAW,2,0,400.0,306.0,464.0,51.633986928104584,0,99.71760000189533,4000,None,None,0,10,1,1,
urgent,noFLC,3,0,400.0,303.0,491.0,62.04620462046204,0,91.19990000181133,4000,None,None,0,10,1,1,
urgent,noAW,3,0,400.0,322.0,510.0,58.38509316770186,0,90.76559999812162,4000,None,None,0,10,1,1,
urgent,noFLC,4,0,400.0,299.0,484.0,61.87290969899666,0,93.01530000084313,4000,None,None,0,10,1,1,
urgent,noAW,4,0,400.0,335.0,436.0,30.149253731343283,0,106.99349999777041,4000,None,None,0,10,1,1,
urgent,noFLC,5,0,400.0,321.0,556.0,73.20872274143302,0,103.49200000200653,4000,None,None,0,10,1,1,
urgent,noAW,5,0,400.0,361.0,511.0,41.55124653739612,0,105.3202000039164,4000,None,None,0,10,1,1,
urgent,noFLC,6,0,400.0,352.0,474.0,34.659090909090914,0,102.05880000285106,4000,None,None,0,10,1,1,
urgent,noAW,6,0,400.0,396.0,474.0,19.696969696969695,0,100.95299999375129,4000,None,None,0,10,1,1,
urgent,noFLC,7,0,400.0,305.0,495.0,62.295081967213115,0,91.55080000346061,4000,None,None,0,10,1,1,
urgent,noAW,7,0,400.0,445.0,484.0,8.764044943820224,0,96.15979999944102,4000,None,None,0,10,1,1,
urgent,noFLC,8,0,400.0,347.0,480.0,38.328530259366,0,93.49850000580773,4000,None,None,0,10,1,1,
urgent,noAW,8,0,400.0,362.0,480.0,32.59668508287293,0,96.2641000005533,4000,None,None,0,10,1,1,
urgent,noFLC,9,0,400.0,317.0,455.0,43.53312302839117,0,91.03850000246894,4000,None,None,0,10,1,1,
urgent,noAW,9,0,400.0,320.0,471.0,47.1875,0,96.27180000097724,4000,None,None,0,10,1,1,
urgent,noFLC,10,0,400.0,292.0,480.0,64.38356164383562,0,90.8144999993965,4000,None,None,0,10,1,1,
urgent,noAW,10,0,400.0,328.0,472.0,43.90243902439025,0,97.22489999694517,4000,None,None,0,10,1,1,
urgent,noFLC,11,0,400.0,454.0,508.0,11.894273127753303,0,94.20119999413146,4000,None,None,0,10,1,1,
urgent,noAW,11,0,400.0,303.0,461.0,52.14521452145215,0,97.53949999867473,4000,None,None,0,10,1,1,
urgent,noFLC,12,0,400.0,306.0,467.0,52.614379084967325,0,88.15879999747267,4000,None,None,0,10,1,1,
urgent,noAW,12,0,400.0,379.0,505.0,33.24538258575198,0,92.66340000613127,4000,None,None,0,10,1,1,
urgent,noFLC,13,0,400.0,361.0,455.0,26.038781163434905,0,92.15100000437815,4000,None,None,0,10,1,1,
urgent,noAW,13,0,400.0,340.0,474.0,39.411764705882355,0,92.95519999432145,4000,None,None,0,10,1,1,
urgent,noFLC,14,0,400.0,278.0,465.0,67.26618705035972,0,90.8622999995714,4000,None,None,0,10,1,1,
urgent,noAW,14,0,400.0,288.0,512.0,77.77777777777779,0,92.37910000229022,4000,None,None,0,10,1,1,
urgent,noFLC,15,0,400.0,349.0,467.0,33.810888252149,0,95.04010000091512,4000,None,None,0,10,1,1,
urgent,noAW,15,0,400.0,368.0,502.0,36.41304347826087,0,97.58149999834131,4000,None,None,0,10,1,1,
urgent,noFLC,16,0,400.0,291.0,540.0,85.56701030927834,0,96.84430000197608,4000,None,None,0,10,1,1,
urgent,noAW,16,0,400.0,419.0,495.0,18.138424821002385,0,102.6826000015717,4000,None,None,0,10,1,1,
urgent,noFLC,17,0,400.0,380.0,467.0,22.894736842105264,0,99.39209999720333,4000,None,None,0,10,1,1,
urgent,noAW,17,0,400.0,278.0,504.0,81.29496402877699,0,96.93870000046445,4000,None,None,0,10,1,1,
urgent,noFLC,18,0,400.0,309.0,459.0,48.54368932038835,0,91.05049999925541,4000,None,None,0,10,1,1,
urgent,noAW,18,0,400.0,304.0,473.0,55.5921052631579,0,93.1815000003553,4000,None,None,0,10,1,1,
urgent,noFLC,19,0,400.0,345.0,461.0,33.6231884057971,0,96.6476000030525,4000,None,None,0,10,1,1,
urgent,noAW,19,0,400.0,368.0,467.0,26.902173913043477,0,100.44689999631373,4000,None,None,0,10,1,1,
urgent,noFLC,20,0,400.0,293.0,477.0,62.79863481228669,0,94.0411999981734,4000,None,None,0,10,1,1,
urgent,noAW,20,0,400.0,348.0,457.0,31.321839080459768,0,101.49850000016158,4000,None,None,0,10,1,1,
urgent,noFLC,21,0,400.0,284.0,481.0,69.36619718309859,0,98.11949999857461,4000,None,None,0,10,1,1,
urgent,noAW,21,0,400.0,339.0,485.0,43.067846607669615,0,96.91390000079991,4000,None,None,0,10,1,1,
urgent,noFLC,22,0,400.0,287.0,551.0,91.98606271777004,0,89.08309999969788,4000,None,None,0,10,1,1,
urgent,noAW,22,0,400.0,295.0,487.0,65.08474576271186,0,92.57549999892944,4000,None,None,0,10,1,1,
urgent,noFLC,23,0,400.0,362.0,475.0,31.215469613259668,0,90.29229999578092,4000,None,None,0,10,1,1,
urgent,noAW,23,0,400.0,321.0,480.0,49.532710280373834,0,89.56429999670945,4000,None,None,0,10,1,1,
urgent,noFLC,24,0,400.0,312.0,457.0,46.47435897435898,0,87.68969999800902,4000,None,None,0,10,1,1,
urgent,noAW,24,0,400.0,280.0,506.0,80.71428571428572,0,90.68879999540513,4000,None,None,0,10,1,1,
urgent,noFLC,25,0,400.0,372.0,476.0,27.956989247311824,0,90.30590000475058,4000,None,None,0,10,1,1,
urgent,noAW,25,0,400.0,307.0,476.0,55.048859934853425,0,92.95369999745162,4000,None,None,0,10,1,1,
urgent,noFLC,26,0,400.0,324.0,462.0,42.592592592592595,0,91.68610000051558,4000,None,None,0,10,1,1,
urgent,noAW,26,0,400.0,271.0,457.0,68.63468634686348,0,92.58020000561373,4000,None,None,0,10,1,1,
urgent,noFLC,27,0,400.0,296.0,479.0,61.82432432432432,0,91.81199999875389,4000,None,None,0,10,1,1,
urgent,noAW,27,0,400.0,385.0,473.0,22.857142857142858,0,93.45769999345066,4000,None,None,0,10,1,1,
urgent,noFLC,28,0,400.0,412.0,477.0,15.776699029126215,0,88.72510000219336,4000,None,None,0,10,1,1,
urgent,noAW,28,0,400.0,397.0,476.0,19.899244332493705,0,92.72100000089267,4000,None,None,0,10,1,1,
urgent,noFLC,29,0,400.0,369.0,470.0,27.371273712737125,0,91.14280000358121,4000,None,None,0,10,1,1,
urgent,noAW,29,0,400.0,335.0,468.0,39.701492537313435,0,90.29319999535801,4000,None,None,0,10,1,1,
urgent,noFLC,30,0,400.0,353.0,531.0,50.42492917847026,0,93.86719999747584,4000,None,None,0,10,1,1,
urgent,noAW,30,0,400.0,271.0,496.0,83.02583025830258,0,102.90810000151396,4000,None,None,0,10,1,1,
urgent,noFLC,1,1,413.15143325707925,337.0,483.0,43.32344213649852,0,96.87729999859584,4000,None,None,0,10,1,1,
urgent,noAW,1,1,413.15143325707925,320.0,483.0,50.9375,0,99.39180000219494,4000,None,None,0,10,1,1,
urgent,noFLC,2,1,413.15143325707925,307.0,481.0,56.67752442996743,0,95.55089999776101,4000,None,None,0,10,1,1,
urgent,noAW,2,1,413.15143325707925,306.0,478.0,56.209150326797385,0,90.43299999757437,4000,None,None,0,10,1,1,
urgent,noFLC,3,1,413.15143325707925,303.0,505.0,66.66666666666666,0,85.54949999961536,4000,None,None,0,10,1,1,
urgent,noAW,3,1,413.15143325707925,322.0,524.0,62.732919254658384,0,90.27269999933196,4000,None,None,0,10,1,1,
urgent,noFLC,4,1,413.15143325707925,299.0,498.0,66.5551839464883,0,88.1641000014497,4000,None,None,0,10,1,1,
urgent,noAW,4,1,413.15143325707925,335.0,450.0,34.32835820895522,0,101.02139999798965,4000,None,None,0,10,1,1,
urgent,noFLC,5,1,413.15143325707925,321.0,481.0,49.84423676012461,0,97.39170000102604,4000,None,None,0,10,1,1,
urgent,noAW,5,1,413.15143325707925,361.0,525.0,45.42936288088642,0,101.37660000327742,4000,None,None,0,10,1,1,
urgent,noFLC,6,1,413.15143325707925,352.0,488.0,38.63636363636363,0,99.08010000071954,4000,None,None,0,10,1,1,
urgent,noAW,6,1,413.15143325707925,396.0,488.0,23.232323232323232,0,96.49070000159554,4000,None,None,0,10,1,1,
urgent,noFLC,7,1,413.15143325707925,305.0,467.0,53.11475409836065,0,90.69460000318941,4000,None,None,0,10,1,1,
urgent,noAW,7,1,413.15143325707925,445.0,476.0,6.96629213483146,0,92.7402000015718,4000,None,None,0,10,1,1,
urgent,noFLC,8,1,413.15143325707925,347.0,494.0,42.363112391930834,0,90.08799999719486,4000,None,None,0,10,1,1,
urgent,noAW,8,1,413.15143325707925,362.0,494.0,36.46408839779006,0,97.43840000010096,4000,None,None,0,10,1,1,
urgent,noFLC,9,1,413.15143325707925,317.0,469.0,47.94952681388013,0,90.42169999884209,4000,None,None,0,10,1,1,
urgent,noAW,9,1,413.15143325707925,320.0,522.0,63.125,0,94.5307000001776,4000,None,None,0,10,1,1,
urgent,noFLC,10,1,413.15143325707925,292.0,494.0,69.17808219178082,0,90.69250000175089,4000,None,None,0,10,1,1,
urgent,noAW,10,1,413.15143325707925,328.0,486.0,48.170731707317074,0,90.1335000016843,4000,None,None,0,10,1,1,
urgent,noFLC,11,1,413.15143325707925,454.0,522.0,14.977973568281937,0,89.07069999986561,4000,None,None,0,10,1,1,
urgent,noAW,11,1,413.15143325707925,303.0,475.0,56.76567656765676,0,92.53780000290135,4000,None,None,0,10,1,1,
urgent,noFLC,12,1,413.15143325707925,306.0,481.0,57.18954248366013,0,88.53300000191666,4000,None,None,0,10,1,1,
urgent,noAW,12,1,413.15143325707925,379.0,519.0,36.93931398416886,0,93.01589999813586,4000,None,None,0,10,1,1,
urgent,noFLC,13,1,413.15143325707925,361.0,469.0,29.916897506925206,0,91.24599999631755,4000,None,None,0,10,1,1,
urgent,noAW,13,1,413.15143325707925,340.0,488.0,43.529411764705884,0,90.59549999801675,4000,None,None,0,10,1,1,
urgent,noFLC,14,1,413.15143325707925,278.0,479.0,72.3021582733813,0,91.6849999994156,4000,None,None,0,10,1,1,
urgent,noAW,14,1,413.15143325707925,288.0,526.0,82.63888888888889,0,93.54700000403682,4000,None,None,0,10,1,1,
urgent,noFLC,15,1,413.15143325707925,349.0,481.0,37.82234957020057,0,90.68780000234256,4000,None,None,0,10,1,1,
urgent,noAW,15,1,413.15143325707925,368.0,516.0,40.21739130434783,0,94.54699999332661,4000,None,None,0,10,1,1,
urgent,noFLC,16,1,413.15143325707925,291.0,554.0,90.37800687285224,0,99.7155999939423,4000,None,None,0,10,1,1,
urgent,noAW,16,1,413.15143325707925,419.0,518.0,23.627684964200476,0,103.76050000195391,4000,None,None,0,10,1,1,
urgent,noFLC,17,1,413.15143325707925,380.0,481.0,26.57894736842105,0,101.05160000239266,4000,None,None,0,10,1,1,
urgent,noAW,17,1,413.15143325707925,278.0,518.0,86.33093525179856,0,95.09680000337539,4000,None,None,0,10,1,1,
urgent,noFLC,18,1,413.15143325707925,309.0,473.0,53.07443365695793,0,91.64650000457186,4000,None,None,0,10,1,1,
urgent,noAW,18,1,413.15143325707925,304.0,487.0,60.19736842105263,0,91.7053000011947,4000,None,None,0,10,1,1,
urgent,noFLC,19,1,413.15143325707925,345.0,475.0,37.68115942028986,0,88.57030000217492,4000,None,None,0,10,1,1,
urgent,noAW,19,1,413.15143325707925,368.0,481.0,30.706521739130434,0,96.51100000337465,4000,None,None,0,10,1,1,
urgent,noFLC,20,1,413.15143325707925,293.0,491.0,67.57679180887372,0,94.28900000057183,4000,None,None,0,10,1,1,
urgent,noAW,20,1,413.15143325707925,348.0,491.0,41.09195402298851,0,102.81509999913396,4000,None,None,0,10,1,1,
urgent,noFLC,21,1,413.15143325707925,284.0,495.0,74.29577464788733,0,97.61150000122143,4000,None,None,0,10,1,1,
urgent,noAW,21,1,413.15143325707925,339.0,499.0,47.1976401179941,0,98.1859000021359,4000,None,None,0,10,1,1,
urgent,noFLC,22,1,413.15143325707925,287.0,499.0,73.86759581881533,0,89.58949999941979,4000,None,None,0,10,1,1,
urgent,noAW,22,1,413.15143325707925,295.0,501.0,69.83050847457626,0,94.17039999971166,4000,None,None,0,10,1,1,
urgent,noFLC,23,1,413.15143325707925,362.0,489.0,35.0828729281768,0,88.61850000539562,4000,None,None,0,10,1,1,
urgent,noAW,23,1,413.15143325707925,321.0,494.0,53.89408099688473,0,89.44580000388669,4000,None,None,0,10,1,1,
urgent,noFLC,24,1,413.15143325707925,312.0,471.0,50.96153846153846,0,90.50040000147419,4000,None,None,0,10,1,1,
urgent,noAW,24,1,413.15143325707925,280.0,523.0,86.78571428571429,0,93.80669999518432,4000,None,None,0,10,1,1,
urgent,noFLC,25,1,413.15143325707925,372.0,490.0,31.72043010752688,0,89.75980000104755,4000,None,None,0,10,1,1,
urgent,noAW,25,1,413.15143325707925,307.0,490.0,59.60912052117264,0,93.46519999962766,4000,None,None,0,10,1,1,
urgent,noFLC,26,1,413.15143325707925,324.0,476.0,46.913580246913575,0,90.52440000232309,4000,None,None,0,10,1,1,
urgent,noAW,26,1,413.15143325707925,271.0,471.0,73.80073800738008,0,93.88749999925494,4000,None,None,0,10,1,1,
urgent,noFLC,27,1,413.15143325707925,296.0,493.0,66.55405405405406,0,90.79300000303192,4000,None,None,0,10,1,1,
urgent,noAW,27,1,413.15143325707925,385.0,487.0,26.49350649350649,0,91.71199999400415,4000,None,None,0,10,1,1,
urgent,noFLC,28,1,413.15143325707925,412.0,491.0,19.174757281553397,0,88.6121000003186,4000,None,None,0,10,1,1,
urgent,noAW,28,1,413.15143325707925,397.0,490.0,23.425692695214106,0,93.2223999989219,4000,None,None,0,10,1,1,
urgent,noFLC,29,1,413.15143325707925,369.0,477.0,29.268292682926827,0,90.06610000506043,4000,None,None,0,10,1,1,
urgent,noAW,29,1,413.15143325707925,335.0,482.0,43.88059701492537,0,92.03859999979613,4000,None,None,0,10,1,1,
urgent,noFLC,30,1,413.15143325707925,353.0,477.0,35.12747875354108,0,92.37150000262773,4000,None,None,0,10,1,1,
urgent,noAW,30,1,413.15143325707925,271.0,510.0,88.19188191881919,0,99.92439999768976,4000,None,None,0,10,1,1,
urgent,noFLC,1,2,473.86457773484113,337.0,543.0,61.12759643916914,0,94.43520000058925,4000,None,None,0,10,1,1,
urgent,noAW,1,2,473.86457773484113,320.0,543.0,69.6875,0,96.49579999677371,4000,None,None,0,10,1,1,
urgent,noFLC,2,2,473.86457773484113,307.0,541.0,76.2214983713355,0,94.18519999599084,4000,None,None,0,10,1,1,
urgent,noAW,2,2,473.86457773484113,306.0,574.0,87.58169934640523,0,98.17660000408068,4000,None,None,0,10,1,1,
urgent,noFLC,3,2,473.86457773484113,303.0,565.0,86.46864686468648,0,89.87440000055358,4000,None,None,0,10,1,1,
urgent,noAW,3,2,473.86457773484113,322.0,550.0,70.80745341614907,0,93.84410000347998,4000,None,None,0,10,1,1,
urgent,noFLC,4,2,473.86457773484113,299.0,558.0,86.62207357859532,0,89.63019999646349,4000,None,None,0,10,1,1,
urgent,noAW,4,2,473.86457773484113,335.0,510.0,52.23880597014925,0,96.4975000024424,4000,None,None,0,10,1,1,
urgent,noFLC,5,2,473.86457773484113,321.0,541.0,68.53582554517133,0,99.64000000036322,4000,None,None,0,10,1,1,
urgent,noAW,5,2,473.86457773484113,361.0,585.0,62.04986149584487,0,97.7024000021629,4000,None,None,0,10,1,1,
urgent,noFLC,6,2,473.86457773484113,352.0,548.0,55.68181818181818,0,95.60129999590572,4000,None,None,0,10,1,1,
urgent,noAW,6,2,473.86457773484113,396.0,548.0,38.38383838383838,0,95.39579999545822,4000,None,None,0,10,1,1,
urgent,noFLC,7,2,473.86457773484113,305.0,527.0,72.78688524590164,0,91.5813999963575,4000,None,None,0,10,1,1,
urgent,noAW,7,2,473.86457773484113,445.0,536.0,20.44943820224719,0,97.30780000245431,4000,None,None,0,10,1,1,
urgent,noFLC,8,2,473.86457773484113,347.0,554.0,59.654178674351584,0,92.12929999921471,4000,None,None,0,10,1,1,
urgent,noAW,8,2,473.86457773484113,362.0,554.0,53.03867403314917,0,92.90270000201417,4000,None,None,0,10,1,1,
urgent,noFLC,9,2,473.86457773484113,317.0,529.0,66.8769716088328,0,89.2466000004788,4000,None,None,0,10,1,1,
urgent,noAW,9,2,473.86457773484113,320.0,545.0,70.3125,0,92.33539999695495,4000,None,None,0,10,1,1,
urgent,noFLC,10,2,473.86457773484113,292.0,546.0,86.98630136986301,0,92.27349999855505,4000,None,None,0,10,1,1,
urgent,noAW,10,2,473.86457773484113,328.0,546.0,66.46341463414635,0,92.36019999661949,4000,None,None,0,10,1,1,
urgent,noFLC,11,2,473.86457773484113,454.0,527.0,16.079295154185022,0,89.83019999868702,4000,None,None,0,10,1,1,
urgent,noAW,11,2,473.86457773484113,303.0,535.0,76.56765676567657,0,93.35969999665394,4000,None,None,0,10,1,1,
urgent,noFLC,12,2,473.86457773484113,306.0,541.0,76.79738562091504,0,90.94019999611191,4000,None,None,0,10,1,1,
urgent,noAW,12,2,473.86457773484113,379.0,579.0,52.770448548812666,0,95.17559999949299,4000,None,None,0,10,1,1,
urgent,noFLC,13,2,473.86457773484113,361.0,531.0,47.091412742382275,0,90.95640000305139,4000,None,None,0,10,1,1,
urgent,noAW,13,2,473.86457773484113,340.0,581.0,70.88235294117648,0,94.3291000003228,4000,None,None,0,10,1,1,
urgent,noFLC,14,2,473.86457773484113,278.0,591.0,112.58992805755396,0,88.7014000036288,4000,None,None,0,10,1,1,
urgent,noAW,14,2,473.86457773484113,288.0,534.0,85.41666666666666,0,97.11490000336198,4000,None,None,0,10,1,1,
urgent,noFLC,15,2,473.86457773484113,349.0,541.0,55.014326647564474,0,98.8327999948524,4000,None,None,0,10,1,1,
urgent,noAW,15,2,473.86457773484113,368.0,541.0,47.01086956521739,0,103.82430000026943,4000,None,None,0,10,1,1,
urgent,noFLC,16,2,473.86457773484113,291.0,638.0,119.24398625429554,0,101.16829999606125,4000,None,None,0,10,1,1,
urgent,noAW,16,2,473.86457773484113,419.0,569.0,35.79952267303103,0,102.06160000234377,4000,None,None,0,10,1,1,
urgent,noFLC,17,2,473.86457773484113,380.0,541.0,42.368421052631575,0,97.88609999668552,4000,None,None,0,10,1,1,
urgent,noAW,17,2,473.86457773484113,278.0,531.0,91.00719424460432,0,94.03279999969527,4000,None,None,0,10,1,1,
urgent,noFLC,18,2,473.86457773484113,309.0,528.0,70.87378640776699,0,87.94639999541687,4000,None,None,0,10,1,1,
urgent,noAW,18,2,473.86457773484113,304.0,547.0,79.93421052631578,0,91.26470000046538,4000,None,None,0,10,1,1,
urgent,noFLC,19,2,473.86457773484113,345.0,562.0,62.89855072463768,0,98.6754999976256,4000,None,None,0,10,1,1,
urgent,noAW,19,2,473.86457773484113,368.0,541.0,47.01086956521739,0,97.9419999930542,4000,None,None,0,10,1,1,
urgent,noFLC,20,2,473.86457773484113,293.0,551.0,88.05460750853243,0,97.19380000024103,4000,None,None,0,10,1,1,
urgent,noAW,20,2,473.86457773484113,348.0,551.0,58.333333333333336,0,104.15420000208542,4000,None,None,0,10,1,1,
urgent,noFLC,21,2,473.86457773484113,284.0,555.0,95.4225352112676,0,98.85899999790126,4000,None,None,0,10,1,1,
urgent,noAW,21,2,473.86457773484113,339.0,559.0,64.89675516224189,0,94.6168000009493,4000,None,None,0,10,1,1,
urgent,noFLC,22,2,473.86457773484113,287.0,625.0,117.77003484320558,0,91.23489999910817,4000,None,None,0,10,1,1,
urgent,noAW,22,2,473.86457773484113,295.0,561.0,90.16949152542372,0,96.80810000281781,4000,None,None,0,10,1,1,
urgent,noFLC,23,2,473.86457773484113,362.0,549.0,51.657458563535904,0,95.43809999740915,4000,None,None,0,10,1,1,
urgent,noAW,23,2,473.86457773484113,321.0,554.0,72.58566978193146,0,94.92379999574041,4000,None,None,0,10,1,1,
urgent,noFLC,24,2,473.86457773484113,312.0,531.0,70.1923076923077,0,94.0346999996109,4000,None,None,0,10,1,1,
urgent,noAW,24,2,473.86457773484113,280.0,580.0,107.14285714285714,0,96.67439999611815,4000,None,None,0,10,1,1,
urgent,noFLC,25,2,473.86457773484113,372.0,550.0,47.8494623655914,0,95.66900000208989,4000,None,None,0,10,1,1,
urgent,noAW,25,2,473.86457773484113,307.0,550.0,79.15309446254072,0,96.315599999798,4000,None,None,0,10,1,1,
urgent,noFLC,26,2,473.86457773484113,324.0,536.0,65.4320987654321,0,87.70019999792567,4000,None,None,0,10,1,1,
urgent,noAW,26,2,473.86457773484113,271.0,531.0,95.9409594095941,0,95.82819999923231,4000,None,None,0,10,1,1,
urgent,noFLC,27,2,473.86457773484113,296.0,553.0,86.82432432432432,0,94.69009999884292,4000,None,None,0,10,1,1,
urgent,noAW,27,2,473.86457773484113,385.0,547.0,42.077922077922075,0,97.89650000311667,4000,None,None,0,10,1,1,
urgent,noFLC,28,2,473.86457773484113,412.0,551.0,33.737864077669904,0,93.56649999972433,4000,None,None,0,10,1,1,
urgent,noAW,28,2,473.86457773484113,397.0,550.0,38.539042821158695,0,96.64709999924526,4000,None,None,0,10,1,1,
urgent,noFLC,29,2,473.86457773484113,369.0,537.0,45.52845528455284,0,93.24249999917811,4000,None,None,0,10,1,1,
urgent,noAW,29,2,473.86457773484113,335.0,542.0,61.791044776119406,0,106.83270000299672,4000,None,None,0,10,1,1,
urgent,noFLC,30,2,473.86457773484113,353.0,537.0,52.124645892351275,0,93.93299999646842,4000,None,None,0,10,1,1,
urgent,noAW,30,2,473.86457773484113,271.0,570.0,110.3321033210332,0,99.53259999747388,4000,None,None,0,10,1,1,
urgent,noFLC,1,3,338.6513530555216,337.0,408.0,21.068249258160236,0,93.43000000080792,4000,None,None,0,10,1,1,
urgent,noAW,1,3,338.6513530555216,320.0,408.0,27.500000000000004,0,100.2066000000923,4000,None,None,0,10,1,1,
urgent,noFLC,2,3,338.6513530555216,307.0,406.0,32.24755700325733,0,90.3175999992527,4000,None,None,0,10,1,1,
urgent,noAW,2,3,338.6513530555216,306.0,403.0,31.699346405228756,0,90.68220000335714,4000,None,None,0,10,1,1,
urgent,noFLC,3,3,338.6513530555216,303.0,430.0,41.914191419141915,0,89.55029999924591,4000,None,None,0,10,1,1,
urgent,noAW,3,3,338.6513530555216,322.0,449.0,39.44099378881988,0,98.97519999503857,4000,None,None,0,10,1,1,
urgent,noFLC,4,3,338.6513530555216,299.0,423.0,41.47157190635451,0,92.53309999621706,4000,None,None,0,10,1,1,
urgent,noAW,4,3,338.6513530555216,335.0,375.0,11.940298507462686,0,94.23580000293441,4000,None,None,0,10,1,1,
urgent,noFLC,5,3,338.6513530555216,321.0,406.0,26.479750778816197,0,99.86200000275858,4000,None,None,0,10,1,1,
urgent,noAW,5,3,338.6513530555216,361.0,450.0,24.653739612188367,0,99.5617999942624,4000,None,None,0,10,1,1,
urgent,noFLC,6,3,338.6513530555216,352.0,413.0,17.329545454545457,0,95.0959000037983,4000,None,None,0,10,1,1,
urgent,noAW,6,3,338.6513530555216,396.0,413.0,4.292929292929292,0,95.83109999948647,4000,None,None,0,10,1,1,
urgent,noFLC,7,3,338.6513530555216,305.0,392.0,28.524590163934427,0,93.88480000052368,4000,None,None,0,10,1,1,
urgent,noAW,7,3,338.6513530555216,445.0,423.0,-4.943820224719101,0,102.29139999864856,4000,None,None,0,10,1,1,
urgent,noFLC,8,3,338.6513530555216,347.0,430.0,23.919308357348704,0,92.78230000199983,4000,None,None,0,10,1,1,
urgent,noAW,8,3,338.6513530555216,362.0,425.0,17.403314917127073,0,93.40420000080485,4000,None,None,0,10,1,1,
urgent,noFLC,9,3,338.6513530555216,317.0,394.0,24.290220820189273,0,90.80119999998715,4000,None,None,0,10,1,1,
urgent,noAW,9,3,338.6513530555216,320.0,410.0,28.125,0,95.08099999948172,4000,None,None,0,10,1,1,
urgent,noFLC,10,3,338.6513530555216,292.0,419.0,43.49315068493151,0,93.14089999679709,4000,None,None,0,10,1,1,
urgent,noAW,10,3,338.6513530555216,328.0,411.0,25.304878048780488,0,96.27159999945434,4000,None,None,0,10,1,1,
urgent,noFLC,11,3,338.6513530555216,454.0,414.0,-8.81057268722467,0,97.35930000169901,4000,None,None,0,10,1,1,
urgent,noAW,11,3,338.6513530555216,303.0,447.0,47.524752475247524,0,96.19240000029095,4000,None,None,0,10,1,1,
urgent,noFLC,12,3,338.6513530555216,306.0,440.0,43.790849673202615,0,93.55340000183787,4000,None,None,0,10,1,1,
urgent,noAW,12,3,338.6513530555216,379.0,444.0,17.150395778364118,0,91.46709999913583,4000,None,None,0,10,1,1,
urgent,noFLC,13,3,338.6513530555216,361.0,396.0,9.695290858725762,0,92.39179999713087,4000,None,None,0,10,1,1,
urgent,noAW,13,3,338.6513530555216,340.0,413.0,21.470588235294116,0,94.06920000037644,4000,None,None,0,10,1,1,
urgent,noFLC,14,3,338.6513530555216,278.0,475.0,70.86330935251799,0,93.4685999964131,4000,None,None,0,10,1,1,
urgent,noAW,14,3,338.6513530555216,288.0,451.0,56.59722222222222,0,105.19599999679485,4000,None,None,0,10,1,1,
urgent,noFLC,15,3,338.6513530555216,349.0,406.0,16.332378223495702,0,102.95269999915035,4000,None,None,0,10,1,1,
urgent,noAW,15,3,338.6513530555216,368.0,406.0,10.326086956521738,0,103.74630000296747,4000,None,None,0,10,1,1,
urgent,noFLC,16,3,338.6513530555216,291.0,479.0,64.60481099656357,0,105.53480000089621,4000,None,None,0,10,1,1,
urgent,noAW,16,3,338.6513530555216,419.0,443.0,5.727923627684964,0,102.10469999583438,4000,None,None,0,10,1,1,
urgent,noFLC,17,3,338.6513530555216,380.0,406.0,6.842105263157896,0,95.21200000017416,4000,None,None,0,10,1,1,
urgent,noAW,17,3,338.6513530555216,278.0,396.0,42.44604316546763,0,94.96749999379972,4000,None,None,0,10,1,1,
urgent,noFLC,18,3,338.6513530555216,309.0,393.0,27.184466019417474,0,91.22710000519874,4000,None,None,0,10,1,1,
urgent,noAW,18,3,338.6513530555216,304.0,412.0,35.526315789473685,0,105.26310000568628,4000,None,None,0,10,1,1,
urgent,noFLC,19,3,338.6513530555216,345.0,400.0,15.942028985507244,0,94.79840000130935,4000,None,None,0,10,1,1,
urgent,noAW,19,3,338.6513530555216,368.0,406.0,10.326086956521738,0,99.37340000033146,4000,None,None,0,10,1,1,
urgent,noFLC,20,3,338.6513530555216,293.0,416.0,41.979522184300336,0,99.31730000243988,4000,None,None,0,10,1,1,
urgent,noAW,20,3,338.6513530555216,348.0,396.0,13.793103448275861,0,98.65669999999227,4000,None,None,0,10,1,1,
urgent,noFLC,21,3,338.6513530555216,284.0,420.0,47.88732394366197,0,87.42209999763872,4000,None,None,0,10,1,1,
urgent,noAW,21,3,338.6513530555216,339.0,424.0,25.073746312684364,0,92.41959999781102,4000,None,None,0,10,1,1,
urgent,noFLC,22,3,338.6513530555216,287.0,499.0,73.86759581881533,0,89.04749999783235,4000,None,None,0,10,1,1,
urgent,noAW,22,3,338.6513530555216,295.0,501.0,69.83050847457626,0,92.11910000158241,4000,None,None,0,10,1,1,
urgent,noFLC,23,3,338.6513530555216,362.0,414.0,14.3646408839779,0,90.43980000569718,4000,None,None,0,10,1,1,
urgent,noAW,23,3,338.6513530555216,321.0,419.0,30.529595015576323,0,93.69719999813242,4000,None,None,0,10,1,1,
urgent,noFLC,24,3,338.6513530555216,312.0,396.0,26.923076923076923,0,87.7626000001328,4000,None,None,0,10,1,1,
urgent,noAW,24,3,338.6513530555216,280.0,445.0,58.92857142857143,0,92.19750000193017,4000,None,None,0,10,1,1,
urgent,noFLC,25,3,338.6513530555216,372.0,415.0,11.559139784946236,0,86.52279999660095,4000,None,None,0,10,1,1,
urgent,noAW,25,3,338.6513530555216,307.0,415.0,35.17915309446254,0,89.96589999878779,4000,None,None,0,10,1,1,
urgent,noFLC,26,3,338.6513530555216,324.0,447.0,37.96296296296296,0,95.05679999710992,4000,None,None,0,10,1,1,
urgent,noAW,26,3,338.6513530555216,271.0,396.0,46.125461254612546,0,94.69260000332724,4000,None,None,0,10,1,1,
urgent,noFLC,27,3,338.6513530555216,296.0,418.0,41.21621621621622,0,89.99220000259811,4000,None,None,0,10,1,1,
urgent,noAW,27,3,338.6513530555216,385.0,412.0,7.012987012987012,0,92.93330000218702,4000,None,None,0,10,1,1,
urgent,noFLC,28,3,338.6513530555216,412.0,416.0,0.9708737864077669,0,93.41280000080587,4000,None,None,0,10,1,1,
urgent,noAW,28,3,338.6513530555216,397.0,416.0,4.785894206549118,0,91.99619999708375,4000,None,None,0,10,1,1,
urgent,noFLC,29,3,338.6513530555216,369.0,409.0,10.840108401084011,0,89.88220000173897,4000,None,None,0,10,1,1,
urgent,noAW,29,3,338.6513530555216,335.0,408.0,21.791044776119403,0,95.18170000228565,4000,None,None,0,10,1,1,
urgent,noFLC,30,3,338.6513530555216,353.0,408.0,15.58073654390935,0,99.59540000272682,4000,None,None,0,10,1,1,
urgent,noAW,30,3,338.6513530555216,271.0,435.0,60.51660516605166,0,99.83590000047116,4000,None,None,0,10,1,1,
urgent,noFLC,1,4,306.0225707987863,337.0,376.0,11.572700296735905,0,97.42109999933746,4000,None,None,0,10,1,1,
urgent,noAW,1,4,306.0225707987863,320.0,376.0,17.5,0,98.88489999866579,4000,None,None,0,10,1,1,
urgent,noFLC,2,4,306.0225707987863,307.0,374.0,21.824104234527688,0,92.40850000060163,4000,None,None,0,10,1,1,
urgent,noAW,2,4,306.0225707987863,306.0,407.0,33.006535947712415,0,93.46820000064326,4000,None,None,0,10,1,1,
urgent,noFLC,3,4,306.0225707987863,303.0,398.0,31.353135313531354,0,87.91859999473672,4000,None,None,0,10,1,1,
urgent,noAW,3,4,306.0225707987863,322.0,417.0,29.503105590062113,0,93.1741999957012,4000,None,None,0,10,1,1,
urgent,noFLC,4,4,306.0225707987863,299.0,391.0,30.76923076923077,0,94.81409999716561,4000,None,None,0,10,1,1,
urgent,noAW,4,4,306.0225707987863,335.0,343.0,2.3880597014925375,0,99.19480000098702,4000,None,None,0,10,1,1,
urgent,noFLC,5,4,306.0225707987863,321.0,411.0,28.037383177570092,0,98.43120000005001,4000,None,None,0,10,1,1,
urgent,noAW,5,4,306.0225707987863,361.0,418.0,15.789473684210526,0,98.90660000382923,4000,None,None,0,10,1,1,
urgent,noFLC,6,4,306.0225707987863,352.0,483.0,37.215909090909086,0,98.15240000170888,4000,None,None,0,10,1,1,
urgent,noAW,6,4,306.0225707987863,396.0,389.0,-1.7676767676767675,0,101.40710000268882,4000,None,None,0,10,1,1,
urgent,noFLC,7,4,306.0225707987863,305.0,402.0,31.80327868852459,0,94.24440000293544,4000,None,None,0,10,1,1,
urgent,noAW,7,4,306.0225707987863,445.0,406.0,-8.764044943820224,0,98.12260000035167,4000,None,None,0,10,1,1,
urgent,noFLC,8,4,306.0225707987863,347.0,403.0,16.138328530259365,0,88.58480000344571,4000,None,None,0,10,1,1,
urgent,noAW,8,4,306.0225707987863,362.0,393.0,8.56353591160221,0,99.45780000271043,4000,None,None,0,10,1,1,
urgent,noFLC,9,4,306.0225707987863,317.0,362.0,14.195583596214512,0,89.41970000159927,4000,None,None,0,10,1,1,
urgent,noAW,9,4,306.0225707987863,320.0,390.0,21.875,0,96.36139999929583,4000,None,None,0,10,1,1,
urgent,noFLC,10,4,306.0225707987863,292.0,387.0,32.534246575342465,0,93.89680000458611,4000,None,None,0,10,1,1,
urgent,noAW,10,4,306.0225707987863,328.0,379.0,15.548780487804878,0,96.84539999580011,4000,None,None,0,10,1,1,
urgent,noFLC,11,4,306.0225707987863,454.0,404.0,-11.013215859030836,0,99.74630000215257,4000,None,None,0,10,1,1,
urgent,noAW,11,4,306.0225707987863,303.0,415.0,36.96369636963696,0,97.07520000665681,4000,None,None,0,10,1,1,
urgent,noFLC,12,4,306.0225707987863,306.0,408.0,33.33333333333333,0,89.61450000060722,4000,None,None,0,10,1,1,
urgent,noAW,12,4,306.0225707987863,379.0,412.0,8.70712401055409,0,92.99180000380147,4000,None,None,0,10,1,1,
urgent,noFLC,13,4,306.0225707987863,361.0,364.0,0.8310249307479225,0,93.20289999595843,4000,None,None,0,10,1,1,
urgent,noAW,13,4,306.0225707987863,340.0,414.0,21.764705882352942,0,95.31089999654796,4000,None,None,0,10,1,1,
urgent,noFLC,14,4,306.0225707987863,278.0,372.0,33.81294964028777,0,94.37259999685921,4000,None,None,0,10,1,1,
urgent,noAW,14,4,306.0225707987863,288.0,419.0,45.48611111111111,0,95.06510000210255,4000,None,None,0,10,1,1,
urgent,noFLC,15,4,306.0225707987863,349.0,402.0,15.18624641833811,0,98.36869999708142,4000,None,None,0,10,1,1,
urgent,noAW,15,4,306.0225707987863,368.0,459.0,24.728260869565215,0,109.02530000021216,4000,None,None,0,10,1,1,
urgent,noFLC,16,4,306.0225707987863,291.0,447.0,53.608247422680414,0,95.54909999860683,4000,None,None,0,10,1,1,
urgent,noAW,16,4,306.0225707987863,419.0,411.0,-1.9093078758949882,0,102.68169999471866,4000,None,None,0,10,1,1,
urgent,noFLC,17,4,306.0225707987863,380.0,423.0,11.31578947368421,0,96.72649999993155,4000,None,None,0,10,1,1,
urgent,noAW,17,4,306.0225707987863,278.0,364.0,30.935251798561154,0,93.82889999687904,4000,None,None,0,10,1,1,
urgent,noFLC,18,4,306.0225707987863,309.0,363.0,17.475728155339805,0,95.26599999662722,4000,None,None,0,10,1,1,
urgent,noAW,18,4,306.0225707987863,304.0,380.0,25.0,0,98.00710000126855,4000,None,None,0,10,1,1,
urgent,noFLC,19,4,306.0225707987863,345.0,368.0,6.666666666666667,0,101.10049999639159,4000,None,None,0,10,1,1,
urgent,noAW,19,4,306.0225707987863,368.0,412.0,11.956521739130435,0,111.64889999781735,4000,None,None,0,10,1,1,
urgent,noFLC,20,4,306.0225707987863,293.0,384.0,31.058020477815703,0,95.47200000088196,4000,None,None,0,10,1,1,
urgent,noAW,20,4,306.0225707987863,348.0,428.0,22.988505747126435,0,104.85969999717781,4000,None,None,0,10,1,1,
urgent,noFLC,21,4,306.0225707987863,284.0,388.0,36.61971830985916,0,92.36859999509761,4000,None,None,0,10,1,1,
urgent,noAW,21,4,306.0225707987863,339.0,392.0,15.634218289085547,0,95.71839999989606,4000,None,None,0,10,1,1,
urgent,noFLC,22,4,306.0225707987863,287.0,386.0,34.494773519163765,0,92.9357000059099,4000,None,None,0,10,1,1,
urgent,noAW,22,4,306.0225707987863,295.0,469.0,58.98305084745763,0,97.63319999910891,4000,None,None,0,10,1,1,
urgent,noFLC,23,4,306.0225707987863,362.0,372.0,2.7624309392265194,0,96.6677999967942,4000,None,None,0,10,1,1,
urgent,noAW,23,4,306.0225707987863,321.0,387.0,20.5607476635514,0,96.13309999986086,4000,None,None,0,10,1,1,
urgent,noFLC,24,4,306.0225707987863,312.0,413.0,32.371794871794876,0,94.75200000451878,4000,None,None,0,10,1,1,
urgent,noAW,24,4,306.0225707987863,280.0,413.0,47.5,0,90.84959999745479,4000,None,None,0,10,1,1,
urgent,noFLC,25,4,306.0225707987863,372.0,376.0,1.0752688172043012,0,94.1915000003064,4000,None,None,0,10,1,1,
urgent,noAW,25,4,306.0225707987863,307.0,383.0,24.7557003257329,0,93.2771000007051,4000,None,None,0,10,1,1,
urgent,noFLC,26,4,306.0225707987863,324.0,415.0,28.08641975308642,0,93.54680000251392,4000,None,None,0,10,1,1,
urgent,noAW,26,4,306.0225707987863,271.0,364.0,34.31734317343174,0,96.76369999942835,4000,None,None,0,10,1,1,
urgent,noFLC,27,4,306.0225707987863,296.0,386.0,30.405405405405407,0,93.28539999842178,4000,None,None,0,10,1,1,
urgent,noAW,27,4,306.0225707987863,385.0,473.0,22.857142857142858,0,99.72160000324948,4000,None,None,0,10,1,1,
urgent,noFLC,28,4,306.0225707987863,412.0,384.0,-6.796116504854369,0,98.89210000255844,4000,None,None,0,10,1,1,
urgent,noAW,28,4,306.0225707987863,397.0,402.0,1.2594458438287155,0,93.8391000017873,4000,None,None,0,10,1,1,
urgent,noFLC,29,4,306.0225707987863,369.0,377.0,2.168021680216802,0,92.88980000565061,4000,None,None,0,10,1,1,
urgent,noAW,29,4,306.0225707987863,335.0,376.0,12.238805970149254,0,106.72270000213757,4000,None,None,0,10,1,1,
urgent,noFLC,30,4,306.0225707987863,353.0,392.0,11.048158640226628,0,96.75189999688882,4000,None,None,0,10,1,1,
urgent,noAW,30,4,306.0225707987863,271.0,403.0,48.708487084870846,0,99.06430000410182,4000,None,None,0,10,1,1,
