seed,strategy,t,completed_pct,h_fault
1,EHCO,1.0,0.0,0.9372676697833348
1,EHCO,3.0,0.0,0.9386340595578245
1,EHCO,5.0,0.0,0.9398576018269296
1,EHCO,7.0,0.0,0.9409453699059092
1,EHCO,9.0,0.0,0.9419041353376866
1,EHCO,11.0,0.0,0.9427403801327533
1,EHCO,13.0,0.0,0.9434603085222707
1,EHCO,15.0,0.0,0.9440698582435735
1,EHCO,17.0,0.0,0.9445747113765276
1,EHCO,19.0,0.0,0.9449803047484688
1,EHCO,21.0,0.0,0.9452918399247502
1,EHCO,23.0,0.0,0.9455142928012579
1,EHCO,25.0,0.0,0.9456405908362079
1,EHCO,27.0,0.0,0.9455516111692386
1,EHCO,29.0,2.0,0.9452592697924043
1,EHCO,31.0,2.0,0.9447749578703897
1,EHCO,33.0,2.0,0.9441095632775455
1,EHCO,35.0,2.0,0.9432734912743591
1,EHCO,37.0,6.0,0.9422766843573782
1,EHCO,39.0,8.0,0.9411286413152687
1,EHCO,41.0,8.0,0.9398384355223995
1,EHCO,43.0,8.0,0.9384147325001131
1,EHCO,45.0,8.0,0.936865806774652
1,EHCO,47.0,8.0,0.9351995580595721
1,EHCO,49.0,10.0,0.9334235267893772
1,EHCO,51.0,12.0,0.9315449090300564
1,EHCO,53.0,12.0,0.9295705707911962
1,EHCO,55.0,12.0,0.9275070617633646
1,EHCO,57.0,12.0,0.9253606285035348
1,EHCO,59.0,12.0,0.9231372270904151
1,EHCO,61.0,12.0,0.9208425352706953
1,EHCO,63.0,14.000000000000002,0.9186121980187728
1,EHCO,65.0,14.000000000000002,0.9164870165521567
1,EHCO,67.0,16.0,0.9144626704940441
1,EHCO,69.0,18.0,0.9125069940067154
1,EHCO,71.0,18.0,0.9106083178641684
1,EHCO,73.0,18.0,0.908764726263776
1,EHCO,75.0,20.0,0.9069743732652044
1,EHCO,77.0,20.0,0.9052354801372358
1,EHCO,79.0,20.0,0.9035463328072286
1,EHCO,81.0,20.0,0.9019052794092133
1,EHCO,83.0,22.0,0.9003107279267749
1,EHCO,85.0,22.0,0.8987611439270312
1,EHCO,87.0,26.0,0.8972550483821515
1,EHCO,89.0,26.0,0.8957910155750078
1,EHCO,91.0,26.0,0.8943676710856764
1,EHCO,93.0,26.0,0.8929836898556428
1,EHCO,95.0,26.0,0.8916377943266816
1,EHCO,97.0,28.000000000000004,0.8903287526515018
1,EHCO,99.0,28.000000000000004,0.8890553769733646
1,EHCO,101.0,28.000000000000004,0.8878254610220174
1,EHCO,103.0,28.000000000000004,0.8865345459863665
1,EHCO,105.0,30.0,0.8851445748827674
1,EHCO,107.0,30.0,0.8836619023155098
1,EHCO,109.0,30.0,0.8820925927958072
1,EHCO,111.0,32.0,0.8804424327965074
1,EHCO,113.0,32.0,0.8787169423227501
1,EHCO,115.0,32.0,0.876921386017748
1,EHCO,117.0,38.0,0.8750607838221091
1,EHCO,119.0,38.0,0.8731399212043911
1,EHCO,121.0,38.0,0.8711633589798872
1,EHCO,123.0,38.0,0.8691354427339645
1,EHCO,125.0,38.0,0.867060311865643
1,EHCO,127.0,40.0,0.8649419082664759
1,EHCO,129.0,42.0,0.8627839846492031
1,EHCO,131.0,42.0,0.8605901125400804
1,EHCO,133.0,42.0,0.8583636899482338
1,EHCO,135.0,42.0,0.8562284128576642
1,EHCO,137.0,44.0,0.8542204685972742
1,EHCO,139.0,46.0,0.8523343805356526
1,EHCO,141.0,46.0,0.8505417812457952
1,EHCO,143.0,46.0,0.8488312113901986
1,EHCO,145.0,46.0,0.8471993198519098
1,EHCO,147.0,46.0,0.8456428884485063
1,EHCO,149.0,46.0,0.8441588267008504
1,EHCO,151.0,46.0,0.8427441668072416
1,EHCO,153.0,48.0,0.8413960588149115
1,EHCO,155.0,48.0,0.8401117659811145
1,EHCO,157.0,50.0,0.8388886603163758
1,EHCO,159.0,50.0,0.8377062210365632
1,EHCO,161.0,50.0,0.8364502645898017
1,EHCO,163.0,52.0,0.8351256512368567
1,EHCO,165.0,52.0,0.8337370179078117
1,EHCO,167.0,52.0,0.8322887875031669
1,EHCO,169.0,56.00000000000001,0.8307851778211339
1,EHCO,171.0,56.00000000000001,0.8292302101259389
1,EHCO,173.0,56.00000000000001,0.8276277173713626
1,EHCO,175.0,56.00000000000001,0.8259813520931835
1,EHCO,177.0,56.00000000000001,0.824294593983654
1,EHCO,179.0,56.00000000000001,0.8225707571606226
1,EHCO,181.0,56.00000000000001,0.8208129971434146
1,EHCO,183.0,57.99999999999999,0.8190243175471107
1,EHCO,185.0,60.0,0.8172075765063991
1,EHCO,187.0,60.0,0.8153654928397427
1,EHCO,189.0,60.0,0.8135006519641724
1,EHCO,191.0,60.0,0.8117301983575926
1,EHCO,193.0,60.0,0.810088085265154
1,EHCO,195.0,64.0,0.8085686272482421
1,EHCO,197.0,64.0,0.8071432581345456
1,EHCO,199.0,64.0,0.8058003294877569
1,EHCO,201.0,66.0,0.8044943175470849
1,EHCO,203.0,66.0,0.8031004771368578
1,EHCO,205.0,66.0,0.8016245466181728
1,EHCO,207.0,68.0,0.8000720013396436
1,EHCO,209.0,68.0,0.7984480645817197
1,EHCO,211.0,68.0,0.7967577180613098
1,EHCO,213.0,68.0,0.795005712014128
1,EHCO,215.0,68.0,0.7931965748714979
1,EHCO,217.0,70.0,0.7913346225476897
1,EHCO,219.0,70.0,0.7894239673532303
1,EHCO,221.0,70.0,0.7874685265490216
1,EHCO,223.0,70.0,0.7854720305555137
1,EHCO,225.0,70.0,0.7834380308306216
1,EHCO,227.0,72.0,0.7813699074295299
1,EHCO,229.0,72.0,0.7792708762590194
1,EHCO,231.0,74.0,0.7771439960384413
1,EHCO,233.0,74.0,0.7749921749789976
1,EHCO,235.0,76.0,0.7728181771925148
1,EHCO,237.0,76.0,0.7706246288404692
1,EHCO,239.0,76.0,0.768414024033587
1,EHCO,241.0,76.0,0.7661887304919408
1,EHCO,243.0,76.0,0.7639509970580797
1,EHCO,245.0,76.0,0.7617029619023927
1,EHCO,247.0,76.0,0.7594466526600444
1,EHCO,249.0,76.0,0.7571839905883911
1,EHCO,251.0,78.0,0.7549167951836894
1,EHCO,253.0,82.0,0.7526467886093594
1,EHCO,255.0,82.0,0.7503755999433209
1,EHCO,257.0,82.0,0.7481047692516147
1,EHCO,259.0,84.0,0.7458357514952446
1,EHCO,261.0,84.0,0.7435699202768956
1,EHCO,263.0,84.0,0.7413085714339261
1,EHCO,265.0,86.0,0.7390529264837726
1,EHCO,267.0,86.0,0.7368041359276694
1,EHCO,269.0,86.0,0.734563467526395
1,EHCO,271.0,86.0,0.7323319874608372
1,EHCO,273.0,88.0,0.7301105778496906
1,EHCO,275.0,88.0,0.7278999532200967
1,EHCO,277.0,88.0,0.7257009548631873
1,EHCO,279.0,88.0,0.723514370167996
1,EHCO,281.0,88.0,0.7213409350814469
1,EHCO,283.0,90.0,0.7191813364661293
1,EHCO,285.0,90.0,0.7170362143599616
1,EHCO,287.0,92.0,0.7149061641416882
1,EHCO,289.0,94.0,0.7127917386059921
1,EHCO,291.0,96.0,0.7106934499518615
1,EHCO,293.0,96.0,0.7086117716876994
1,EHCO,295.0,96.0,0.7065471404565306
1,EHCO,297.0,96.0,0.7044999577845259
1,EHCO,299.0,96.0,0.7024705917559351
1,EHCO,301.0,96.0,0.7004593786173982
1,EHCO,303.0,98.0,0.698466624314488
1,EHCO,305.0,98.0,0.6964926059632209
1,EHCO,307.0,98.0,0.6945375732591665
1,EHCO,309.0,98.0,0.6926017498266804
1,EHCO,311.0,98.0,0.6906853345106868
1,EHCO,313.0,98.0,0.6887885026133376
1,EHCO,315.0,98.0,0.6869114070777846
1,EHCO,317.0,98.0,0.6850541796212128
1,EHCO,319.0,98.0,0.6832169318191944
1,EHCO,321.0,98.0,0.6813997561433447
1,EHCO,323.0,98.0,0.6796027269541806
1,EHCO,325.0,98.0,0.6778259014510049
1,EHCO,327.0,98.0,0.6760693205805711
1,EHCO,329.0,98.0,0.6743330099062104
1,EHCO,331.0,98.0,0.6726169804390344
1,EHCO,333.0,98.0,0.6709212294327678
1,EHCO,335.0,98.0,0.6692457411436972
1,EHCO,337.0,98.0,0.6675904875571678
1,EHCO,339.0,98.0,0.665955429081999
1,EHCO,341.0,98.0,0.6643405152141365
1,EHCO,343.0,98.0,0.6627456851708086
1,EHCO,345.0,98.0,0.6611708671902591
1,EHCO,347.0,98.0,0.6596159785411447
1,EHCO,349.0,98.0,0.658080927998788
1,EHCO,351.0,98.0,0.6565656165026419
1,EHCO,353.0,98.0,0.6550699376523563
1,EHCO,355.0,98.0,0.6535937781812656
1,EHCO,357.0,98.0,0.6521370184082336
1,EHCO,359.0,98.0,0.6506995326687575
1,EHCO,361.0,98.0,0.6492811897261929
1,EHCO,363.0,98.0,0.6478818531639293
1,EHCO,365.0,98.0,0.6465013817593123
1,EHCO,367.0,98.0,0.6451396298400739
1,EHCO,369.0,98.0,0.6437964476240066
1,EHCO,371.0,98.0,0.6424716815425819
1,EHCO,373.0,98.0,0.64116517454919
1,EHCO,375.0,98.0,0.6398767664126471
1,EHCO,377.0,98.0,0.6386062939965932
1,EHCO,379.0,98.0,0.6373535915253753
1,EHCO,381.0,98.0,0.6361184908369896
1,EHCO,383.0,98.0,0.634900821623631
1,EHCO,385.0,98.0,0.6337004116603779
1,EHCO,387.0,98.0,0.632517087022517
1,EHCO,389.0,98.0,0.6313506722919928
1,EHCO,391.0,98.0,0.6302009907534495
1,EHCO,393.0,98.0,0.6290678645803089
1,EHCO,395.0,98.0,0.6279511150113146
1,EHCO,397.0,98.0,0.6268505625179528
1,EHCO,399.0,98.0,0.6257660269631444
1,EHCO,401.0,98.0,0.6246973277515858
1,EHCO,403.0,98.0,0.6236442839721015
1,EHCO,405.0,98.0,0.6226067145323567
1,EHCO,407.0,98.0,0.6215844555219514
1,EHCO,409.0,98.0,0.620577376209457
1,EHCO,411.0,100.0,0.6195852930445648
1,EHCO,413.0,100.0,0.6186080228687366
1,EHCO,415.0,100.0,0.6176453830123767
1,EHCO,417.0,100.0,0.6166971913863313
1,EHCO,419.0,100.0,0.6157632665679688
1,EHCO,421.0,100.0,0.6148434278820849
1,EHCO,423.0,100.0,0.6139374954768632
1,EHCO,425.0,100.0,0.6130452903951165
1,EHCO,427.0,100.0,0.6121666346410222
1,EHCO,429.0,100.0,0.6113013512425551
1,EHCO,431.0,100.0,0.6104492643098178
1,EHCO,433.0,100.0,0.6096101990894526
1,EHCO,435.0,100.0,0.60878398201532
1,EHCO,437.0,100.0,0.6079704407556129
1,EHCO,439.0,100.0,0.6071694042565746
1,EHCO,441.0,100.0,0.606380702782979
1,EHCO,443.0,100.0,0.6056041679555239
1,EHCO,445.0,100.0,0.6048396327852864
1,EHCO,447.0,100.0,0.604086931705376
1,EHCO,449.0,100.0,0.6033459005999218
1,EHCO,451.0,100.0,0.6026163768305219
1,EHCO,453.0,100.0,0.6018981992602771
1,EHCO,455.0,100.0,0.6011912082755252
1,EHCO,457.0,100.0,0.6004952458053918
1,EHCO,459.0,100.0,0.5998101553392621
1,A*-GA,1.0,0.0,0.9372676697833348
1,A*-GA,3.0,0.0,0.9386340595578245
1,A*-GA,5.0,0.0,0.9398576018269296
1,A*-GA,7.0,0.0,0.9409453699059092
1,A*-GA,9.0,0.0,0.9419041353376866
1,A*-GA,11.0,0.0,0.9427403801327533
1,A*-GA,13.0,0.0,0.9434603085222707
1,A*-GA,15.0,0.0,0.9440698582435735
1,A*-GA,17.0,0.0,0.9445747113765276
1,A*-GA,19.0,0.0,0.9449684727700656
1,A*-GA,21.0,0.0,0.9451326693088459
1,A*-GA,23.0,0.0,0.945079840186497
1,A*-GA,25.0,0.0,0.9448219742845482
1,A*-GA,27.0,0.0,0.9443705327263594
1,A*-GA,29.0,0.0,0.9437364705303121
1,A*-GA,31.0,0.0,0.9429302573978567
1,A*-GA,33.0,0.0,0.9419618976706193
1,A*-GA,35.0,0.0,0.940840949489416
1,A*-GA,37.0,0.0,0.939576543186739
1,A*-GA,39.0,2.0,0.9381773989430293
1,A*-GA,41.0,2.0,0.9366518437358606
1,A*-GA,43.0,2.0,0.9350078276100131
1,A*-GA,45.0,2.0,0.9332529392953102
1,A*-GA,47.0,2.0,0.9313944211980411
1,A*-GA,49.0,2.0,0.9294391837907646
1,A*-GA,51.0,2.0,0.9273938194243235
1,A*-GA,53.0,2.0,0.9252646155849527
1,A*-GA,55.0,2.0,0.9230575676184662
1,A*-GA,57.0,2.0,0.9207783909426442
1,A*-GA,59.0,4.0,0.918432532768103
1,A*-GA,61.0,4.0,0.9160251833471382
1,A*-GA,63.0,4.0,0.9135612867692602
1,A*-GA,65.0,6.0,0.9110886155091872
1,A*-GA,67.0,12.0,0.9087363514795171
1,A*-GA,69.0,12.0,0.9064995960531784
1,A*-GA,71.0,14.000000000000002,0.9043648388775293
1,A*-GA,73.0,16.0,0.9023022249946879
1,A*-GA,75.0,16.0,0.9003091103744086
1,A*-GA,77.0,18.0,0.8983829516346387
1,A*-GA,79.0,20.0,0.896503699684222
1,A*-GA,81.0,20.0,0.8945514184499589
1,A*-GA,83.0,20.0,0.8925313928103329
1,A*-GA,85.0,20.0,0.8904486603208197
1,A*-GA,87.0,20.0,0.8883080215774306
1,A*-GA,89.0,20.0,0.8861140501627688
1,A*-GA,91.0,20.0,0.8838711021911592
1,A*-GA,93.0,20.0,0.8815833254687542
1,A*-GA,95.0,20.0,0.8792546682838962
1,A*-GA,97.0,22.0,0.8768888878424143
1,A*-GA,99.0,22.0,0.8744895583619516
1,A*-GA,101.0,22.0,0.8720600788388675
1,A*-GA,103.0,22.0,0.8696036805007205
1,A*-GA,105.0,24.0,0.8671234339568302
1,A*-GA,107.0,24.0,0.864622256058918
1,A*-GA,109.0,24.0,0.8621029164833562
1,A*-GA,111.0,24.0,0.8596879368407885
1,A*-GA,113.0,24.0,0.8574127777024529
1,A*-GA,115.0,26.0,0.855271455807936
1,A*-GA,117.0,26.0,0.8532351171611521
1,A*-GA,119.0,26.0,0.8512918351264483
1,A*-GA,121.0,26.0,0.849437809801637
1,A*-GA,123.0,28.000000000000004,0.8476693920037197
1,A*-GA,125.0,28.000000000000004,0.8459830773379756
1,A*-GA,127.0,28.000000000000004,0.844375500499919
1,A*-GA,129.0,30.0,0.8428434298009899
1,A*-GA,131.0,30.0,0.8413837619091966
1,A*-GA,133.0,32.0,0.8399935167962773
1,A*-GA,135.0,34.0,0.838669832883276
1,A*-GA,137.0,34.0,0.8374099623767468
1,A*-GA,139.0,36.0,0.8362112667881069
1,A*-GA,141.0,36.0,0.8350712126289498
1,A*-GA,143.0,36.0,0.8339873672754159
1,A*-GA,145.0,36.0,0.8329573949949844
1,A*-GA,147.0,36.0,0.8319790531293142
1,A*-GA,149.0,36.0,0.8310578713960113
1,A*-GA,151.0,36.0,0.8300927523677288
1,A*-GA,153.0,36.0,0.8290470988944071
1,A*-GA,155.0,38.0,0.8279260215956328
1,A*-GA,157.0,38.0,0.826734398350802
1,A*-GA,159.0,38.0,0.825476883962542
1,A*-GA,161.0,40.0,0.8241579194322288
1,A*-GA,163.0,44.0,0.8227817408629609
1,A*-GA,165.0,46.0,0.821352388004751
1,A*-GA,167.0,46.0,0.8198737124561097
1,A*-GA,169.0,46.0,0.8183493855356406
1,A*-GA,171.0,46.0,0.8167829058367262
1,A*-GA,173.0,46.0,0.8151776064778754
1,A*-GA,175.0,46.0,0.813536662060798
1,A*-GA,177.0,46.0,0.8118630953478068
1,A*-GA,179.0,46.0,0.8101597836696808
1,A*-GA,181.0,46.0,0.8084294650746923
1,A*-GA,183.0,46.0,0.8067131291672747
1,A*-GA,185.0,46.0,0.8051245406572206
1,A*-GA,187.0,46.0,0.8036581040066334
1,A*-GA,189.0,48.0,0.8023005969575291
1,A*-GA,191.0,50.0,0.8010242619799938
1,A*-GA,193.0,52.0,0.7998256024636257
1,A*-GA,195.0,52.0,0.7987012624195219
1,A*-GA,197.0,52.0,0.7976480209256024
1,A*-GA,199.0,52.0,0.7966627867902657
1,A*-GA,201.0,52.0,0.7957006210823351
1,A*-GA,203.0,56.00000000000001,0.7946373794979652
1,A*-GA,205.0,57.99999999999999,0.7934793160977984
1,A*-GA,207.0,57.99999999999999,0.7922324017652148
1,A*-GA,209.0,60.0,0.790902335940621
1,A*-GA,211.0,60.0,0.7894945578850692
1,A*-GA,213.0,60.0,0.7880142574918435
1,A*-GA,215.0,60.0,0.7864663856639127
1,A*-GA,217.0,60.0,0.7848556642744461
1,A*-GA,219.0,60.0,0.7831865957269124
1,A*-GA,221.0,60.0,0.7814634721306288
1,A*-GA,223.0,60.0,0.7796903841070029
1,A*-GA,225.0,62.0,0.77787122924111
1,A*-GA,227.0,62.0,0.7760097201926738
1,A*-GA,229.0,64.0,0.7741093924799559
1,A*-GA,231.0,64.0,0.7721736119495392
1,A*-GA,233.0,64.0,0.7702055819444672
1,A*-GA,235.0,64.0,0.7682083501827184
1,A*-GA,237.0,66.0,0.7661848153575164
1,A*-GA,239.0,68.0,0.7641377334705269
1,A*-GA,241.0,68.0,0.7620697239085562
1,A*-GA,243.0,68.0,0.7599832779795597
1,A*-GA,245.0,68.0,0.7578807664263022
1,A*-GA,247.0,70.0,0.7557644401730133
1,A*-GA,249.0,70.0,0.7536364350532677
1,A*-GA,251.0,70.0,0.7514987767677246
1,A*-GA,253.0,70.0,0.7493536112300224
1,A*-GA,255.0,70.0,0.7472028172722822
1,A*-GA,257.0,74.0,0.7450480281799909
1,A*-GA,259.0,74.0,0.7428906519716226
1,A*-GA,261.0,76.0,0.7407322323467115
1,A*-GA,263.0,76.0,0.7385742286081904
1,A*-GA,265.0,76.0,0.7364180193672534
1,A*-GA,267.0,76.0,0.7342649060963631
1,A*-GA,269.0,76.0,0.7321161165364717
1,A*-GA,271.0,76.0,0.7299728079642773
1,A*-GA,273.0,76.0,0.727836070325112
1,A*-GA,275.0,78.0,0.7257069292368359
1,A*-GA,277.0,80.0,0.7235863488698965
1,A*-GA,279.0,82.0,0.721475234708512
1,A*-GA,281.0,82.0,0.719374436197739
1,A*-GA,283.0,82.0,0.7172847492809957
1,A*-GA,285.0,82.0,0.7152069188324351
1,A*-GA,287.0,84.0,0.7131416409883834
1,A*-GA,289.0,84.0,0.711089565381895
1,A*-GA,291.0,86.0,0.7090512972843149
1,A*-GA,293.0,86.0,0.7070273996575842
1,A*-GA,295.0,86.0,0.7050183951208775
1,A*-GA,297.0,86.0,0.703024767835017
1,A*-GA,299.0,86.0,0.7010470055102643
1,A*-GA,301.0,86.0,0.6990856357069839
1,A*-GA,303.0,88.0,0.6971410268090695
1,A*-GA,305.0,88.0,0.6952135160308454
1,A*-GA,307.0,92.0,0.6933034109161638
1,A*-GA,309.0,92.0,0.6914109907741287
1,A*-GA,311.0,96.0,0.6895365080540027
1,A*-GA,313.0,100.0,0.6876801896617605
1,A*-GA,315.0,100.0,0.6858422382206486
1,A*-GA,317.0,100.0,0.6840228332780217
1,A*-GA,319.0,100.0,0.6822221324606325
1,A*-GA,321.0,100.0,0.6804402725804676
1,A*-GA,323.0,100.0,0.6786773706931374
1,A*-GA,325.0,100.0,0.6769335251107481
1,A*-GA,327.0,100.0,0.6752088163711081
1,A*-GA,329.0,100.0,0.6735033081650464
1,A*-GA,331.0,100.0,0.6718170482235511
1,A*-GA,333.0,100.0,0.6701500691663653
1,A*-GA,335.0,100.0,0.6685023893136154
1,A*-GA,337.0,100.0,0.6668740134619833
1,A*-GA,339.0,100.0,0.6652649336268719
1,A*-GA,341.0,100.0,0.6636751297519582
1,A*-GA,343.0,100.0,0.6621045703874694
1,A*-GA,345.0,100.0,0.6605532133384676
1,A*-GA,347.0,100.0,0.6590210062843751
1,A*-GA,349.0,100.0,0.6575078873709221
1,A*-GA,351.0,100.0,0.6560137857756557
1,A*-GA,353.0,100.0,0.654538622248097
1,A*-GA,355.0,100.0,0.6530823096255967
1,A*-GA,357.0,100.0,0.6516447533258906
1,A*-GA,359.0,100.0,0.650225851817323
1,A*-GA,361.0,100.0,0.6488254970676609
1,A*-GA,363.0,100.0,0.6474435749723904
1,A*-GA,365.0,100.0,0.646079965763345
1,A*-GA,367.0,100.0,0.6447345443984892
1,A*-GA,369.0,100.0,0.6434071809336395
1,A*-GA,371.0,100.0,0.6420977408768783
1,A*-GA,373.0,100.0,0.6408060855263858
1,A*-GA,375.0,100.0,0.6395320722923828
1,A*-GA,377.0,100.0,0.638275555003853
1,A*-GA,379.0,100.0,0.6370363842006834
1,A*-GA,381.0,100.0,0.6358144074118377
1,A*-GA,383.0,100.0,0.6346094694201524
1,A*-GA,385.0,100.0,0.63342141251432
1,A*-GA,387.0,100.0,0.6322500767286032
1,A*-GA,389.0,100.0,0.6310953000707995
1,A*-GA,391.0,100.0,0.6299569187389573
1,A*-GA,393.0,100.0,0.6288347673273221
1,A*-GA,395.0,100.0,0.6277286790219732
1,A*-GA,397.0,100.0,0.626638485786591
1,A*-GA,399.0,100.0,0.6255640185387809
1,A*-GA,401.0,100.0,0.6245051073173565
1,A*-GA,403.0,100.0,0.6234615814409752
1,A*-GA,405.0,100.0,0.622433269658497
1,A*-GA,407.0,100.0,0.6214200002914279
1,A*-GA,409.0,100.0,0.620421601368789
1,A*-GA,411.0,100.0,0.6194379007547437
1,A*-GA,413.0,100.0,0.6184687262692976
1,A*-GA,415.0,100.0,0.6175139058023758
1,A*-GA,417.0,100.0,0.6165732674215669
1,A*-GA,419.0,100.0,0.6156466394738166
1,A*-GA,421.0,100.0,0.6147338506813321
1,A*-GA,423.0,100.0,0.6138347302319617
1,A*-GA,425.0,100.0,0.6129491078642884
1,A*-GA,427.0,100.0,0.6120768139476798
1,A*-GA,429.0,100.0,0.6112176795575152
1,A*-GA,431.0,100.0,0.6103715365458098
1,A*-GA,433.0,100.0,0.6095382176074442
1,A*-GA,435.0,100.0,0.6087175563421963
1,A*-GA,437.0,100.0,0.6079093873127681
1,A*-GA,439.0,100.0,0.6071135460989906
1,A*-GA,441.0,100.0,0.606329869348382
1,A*-GA,443.0,100.0,0.6055581948232266
1,A*-GA,445.0,100.0,0.6047983614443377
1,A*-GA,447.0,100.0,0.6040502093316562
1,A*-GA,449.0,100.0,0.6033135798418348
1,A*-GA,451.0,100.0,0.6025883156029492
1,A*-GA,453.0,100.0,0.6018742605464723
1,A*-GA,455.0,100.0,0.6011712599366394
1,A*-GA,457.0,100.0,0.6004791603973335
1,A*-GA,459.0,100.0,0.5997978099366055
2,EHCO,1.0,0.0,0.8916170483052621
2,EHCO,3.0,0.0,0.8947743023401159
2,EHCO,5.0,0.0,0.8977184536420499
2,EHCO,7.0,0.0,0.9004593316240947
2,EHCO,9.0,0.0,0.9030063558058096
2,EHCO,11.0,0.0,0.9053685522947567
2,EHCO,13.0,0.0,0.9075545696147762
2,EHCO,15.0,0.0,0.9095726939067948
2,EHCO,17.0,0.0,0.9114308635268928
2,EHCO,19.0,0.0,0.9131366830653795
2,EHCO,21.0,0.0,0.9146974368096971
2,EHCO,23.0,0.0,0.9161201016730719
2,EHCO,25.0,0.0,0.9174113596099751
2,EHCO,27.0,0.0,0.9185657775602178
2,EHCO,29.0,0.0,0.919465808174039
2,EHCO,31.0,0.0,0.9201248814869557
2,EHCO,33.0,0.0,0.9205558436457048
2,EHCO,35.0,0.0,0.9207709807567207
2,EHCO,37.0,0.0,0.9207820417834635
2,EHCO,39.0,0.0,0.9206002605301649
2,EHCO,41.0,4.0,0.9202363767480882
2,EHCO,43.0,4.0,0.9197006563989731
2,EHCO,45.0,6.0,0.9190029111089733
2,EHCO,47.0,6.0,0.9181525168450861
2,EHCO,49.0,6.0,0.9171584318448125
2,EHCO,51.0,8.0,0.9160292138285737
2,EHCO,53.0,10.0,0.9147730365232547
2,EHCO,55.0,10.0,0.9133977055241205
2,EHCO,57.0,12.0,0.9119106735212855
2,EHCO,59.0,12.0,0.9103190549158802
2,EHCO,61.0,12.0,0.9086296398500724
2,EHCO,63.0,14.000000000000002,0.9068489076741492
2,EHCO,65.0,14.000000000000002,0.9050266448102731
2,EHCO,67.0,14.000000000000002,0.9032949966740443
2,EHCO,69.0,14.000000000000002,0.9016502806524902
2,EHCO,71.0,16.0,0.9000796311592201
2,EHCO,73.0,16.0,0.8985528156046856
2,EHCO,75.0,20.0,0.8970684026672585
2,EHCO,77.0,20.0,0.8956250124109978
2,EHCO,79.0,22.0,0.8942213143485532
2,EHCO,81.0,22.0,0.8928560255787615
2,EHCO,83.0,22.0,0.8915279089960224
2,EHCO,85.0,22.0,0.8902357715686618
2,EHCO,87.0,22.0,0.8889784626835969
2,EHCO,89.0,24.0,0.8877548725547214
2,EHCO,91.0,24.0,0.8865639306925316
2,EHCO,93.0,24.0,0.8854046044326109
2,EHCO,95.0,24.0,0.8842758975206845
2,EHCO,97.0,24.0,0.8831598367109874
2,EHCO,99.0,24.0,0.8819372887536754
2,EHCO,101.0,24.0,0.8806149092202002
2,EHCO,103.0,26.0,0.8791990516259066
2,EHCO,105.0,26.0,0.8776957799566296
2,EHCO,107.0,30.0,0.8761108806926873
2,EHCO,109.0,30.0,0.874449874350168
2,EHCO,111.0,32.0,0.8727180265586336
2,EHCO,113.0,34.0,0.8709203586936033
2,EHCO,115.0,34.0,0.8690616580814571
2,EHCO,117.0,36.0,0.8671879612117123
2,EHCO,119.0,38.0,0.8654237563032597
2,EHCO,121.0,38.0,0.8637644339024448
2,EHCO,123.0,40.0,0.8621977161690564
2,EHCO,125.0,42.0,0.8606967499920077
2,EHCO,127.0,42.0,0.8592589047825212
2,EHCO,129.0,44.0,0.8578816537146611
2,EHCO,131.0,44.0,0.8565625696484915
2,EHCO,133.0,44.0,0.8552993212132375
2,EHCO,135.0,44.0,0.8540896690441704
2,EHCO,137.0,44.0,0.852931462167188
2,EHCO,139.0,46.0,0.8518226345252928
2,EHCO,141.0,46.0,0.8507612016414022
2,EHCO,143.0,48.0,0.8497452574121407
2,EHCO,145.0,48.0,0.8487729710274763
2,EHCO,147.0,48.0,0.8478425840112624
2,EHCO,149.0,48.0,0.846952407377942
2,EHCO,151.0,52.0,0.8461085018698581
2,EHCO,153.0,52.0,0.8452075387985573
2,EHCO,155.0,54.0,0.8442126994115411
2,EHCO,157.0,54.0,0.8431297966494441
2,EHCO,159.0,54.0,0.8419643802034784
2,EHCO,161.0,54.0,0.8407217474246067
2,EHCO,163.0,54.0,0.8394069537951317
2,EHCO,165.0,56.00000000000001,0.8380248229800276
2,EHCO,167.0,56.00000000000001,0.8365799564746552
2,EHCO,169.0,56.00000000000001,0.835076742864852
2,EHCO,171.0,56.00000000000001,0.8335193667147494
2,EHCO,173.0,56.00000000000001,0.8319118170970752
2,EHCO,175.0,57.99999999999999,0.8302578957801093
2,EHCO,177.0,57.99999999999999,0.8285612250849086
2,EHCO,179.0,57.99999999999999,0.8269430301262455
2,EHCO,181.0,57.99999999999999,0.8254390144702449
2,EHCO,183.0,60.0,0.8240441386953588
2,EHCO,185.0,64.0,0.8227304563035067
2,EHCO,187.0,64.0,0.8214869132342479
2,EHCO,189.0,66.0,0.8203105486003345
2,EHCO,191.0,66.0,0.8191985199825866
2,EHCO,193.0,66.0,0.8181310143793029
2,EHCO,195.0,66.0,0.816996268612618
2,EHCO,197.0,68.0,0.815798718423724
2,EHCO,199.0,70.0,0.8145425958235551
2,EHCO,201.0,70.0,0.813221148379142
2,EHCO,203.0,72.0,0.8118070645381601
2,EHCO,205.0,72.0,0.8103063607522701
2,EHCO,207.0,72.0,0.8087247780722969
2,EHCO,209.0,72.0,0.8070677936029858
2,EHCO,211.0,72.0,0.8053406314976341
2,EHCO,213.0,72.0,0.803548273510826
2,EHCO,215.0,72.0,0.8016954691267799
2,EHCO,217.0,74.0,0.7997867452801324
2,EHCO,219.0,74.0,0.7978264156853117
2,EHCO,221.0,74.0,0.7958185897900261
2,EHCO,223.0,78.0,0.7937671813677747
2,EHCO,225.0,78.0,0.791676002942141
2,EHCO,227.0,80.0,0.7895488530828411
2,EHCO,229.0,82.0,0.7873890934410355
2,EHCO,231.0,82.0,0.785199921552099
2,EHCO,233.0,82.0,0.7829843778067102
2,EHCO,235.0,82.0,0.7807453521396606
2,EHCO,237.0,82.0,0.7784855904476001
2,EHCO,239.0,82.0,0.7762077007464973
2,EHCO,241.0,82.0,0.773914159079166
2,EHCO,243.0,84.0,0.7716073151828021
2,EHCO,245.0,84.0,0.7692893979260795
2,EHCO,247.0,84.0,0.7669625205249816
2,EHCO,249.0,84.0,0.7646286855461794
2,EHCO,251.0,84.0,0.7622897897064188
2,EHCO,253.0,84.0,0.7599476284760504
2,EHCO,255.0,84.0,0.7576039004945061
2,EHCO,257.0,84.0,0.7552602118052271
2,EHCO,259.0,84.0,0.7529180799172448
2,EHCO,261.0,84.0,0.7505789377003358
2,EHCO,263.0,86.0,0.748244137120395
2,EHCO,265.0,88.0,0.745914952821413
2,EHCO,267.0,88.0,0.743592585560186
2,EHCO,269.0,88.0,0.7412781654996499
2,EHCO,271.0,88.0,0.7389727553664913
2,EHCO,273.0,92.0,0.7366773534784705
2,EHCO,275.0,92.0,0.7343928966466717
2,EHCO,277.0,92.0,0.7321202629576923
2,EHCO,279.0,94.0,0.7298602744405838
2,EHCO,281.0,94.0,0.7276136996231654
2,EHCO,283.0,94.0,0.7253812559821512
2,EHCO,285.0,94.0,0.7231636122913524
2,EHCO,287.0,94.0,0.7209613908720501
2,EHCO,289.0,94.0,0.7187751697494703
2,EHCO,291.0,94.0,0.7166054847191383
2,EHCO,293.0,94.0,0.7144528313267381
2,EHCO,295.0,94.0,0.712317666764961
2,EHCO,297.0,94.0,0.7102004116906867
2,EHCO,299.0,94.0,0.7081014519657108
2,EHCO,301.0,94.0,0.7060211403241019
2,EHCO,303.0,94.0,0.7039597979691513
2,EHCO,305.0,94.0,0.7019177161027599
2,EHCO,307.0,96.0,0.6998951573899937
2,EHCO,309.0,96.0,0.6978923573614323
2,EHCO,311.0,96.0,0.6959095257558267
2,EHCO,313.0,96.0,0.6939468478054885
2,EHCO,315.0,98.0,0.6920044854667319
2,EHCO,317.0,98.0,0.6900825785975963
2,EHCO,319.0,98.0,0.6881812460849962
2,EHCO,321.0,98.0,0.6863005869233502
2,EHCO,323.0,98.0,0.6844406812466658
2,EHCO,325.0,100.0,0.6826015913159758
2,EHCO,327.0,100.0,0.6807833624639452
2,EHCO,329.0,100.0,0.6789860239983989
2,EHCO,331.0,100.0,0.677209590066445
2,EHCO,333.0,100.0,0.675454060480808
2,EHCO,335.0,100.0,0.6737194215099173
2,EHCO,337.0,100.0,0.6720056466332353
2,EHCO,339.0,100.0,0.6703126972632533
2,EHCO,341.0,100.0,0.6686405234355217
2,EHCO,343.0,100.0,0.6669890644680299
2,EHCO,345.0,100.0,0.6653582495911967
2,EHCO,347.0,100.0,0.6637479985496842
2,EHCO,349.0,100.0,0.662158222177195
2,EHCO,351.0,100.0,0.660588822945371
2,EHCO,353.0,100.0,0.6590396954878648
2,EHCO,355.0,100.0,0.6575107271006109
2,EHCO,357.0,100.0,0.6560017982192858
2,EHCO,359.0,100.0,0.654512782874903
2,EHCO,361.0,100.0,0.6530435491284531
2,EHCO,363.0,100.0,0.6515939594854627
2,EHCO,365.0,100.0,0.6501638712913075
2,EHCO,367.0,100.0,0.6487531371080876
2,EHCO,369.0,100.0,0.6473616050738333
2,EHCO,371.0,100.0,0.6459891192447851
2,EHCO,373.0,100.0,0.6446355199214553
2,EHCO,375.0,100.0,0.6433006439591581
2,EHCO,377.0,100.0,0.6419843250636582
2,EHCO,379.0,100.0,0.6406863940725697
2,EHCO,381.0,100.0,0.6394066792231062
2,EHCO,383.0,100.0,0.6381450064067622
2,EHCO,385.0,100.0,0.6369011994114788
2,EHCO,387.0,100.0,0.6356750801518287
2,EHCO,389.0,100.0,0.6344664688877297
2,EHCO,391.0,100.0,0.6332751844321783
2,EHCO,393.0,100.0,0.6321010443484734
2,EHCO,395.0,100.0,0.6309438651373802
2,EHCO,397.0,100.0,0.6298034624146703
2,EHCO,399.0,100.0,0.62867965107945
2,EHCO,401.0,100.0,0.6275722454736773
2,EHCO,403.0,100.0,0.6264810595332491
2,EHCO,405.0,100.0,0.6254059069310252
2,EHCO,407.0,100.0,0.6243466012121407
2,EHCO,409.0,100.0,0.6233029559219452
2,EHCO,411.0,100.0,0.6222747847268891
2,EHCO,413.0,100.0,0.6212619015286716
2,EHCO,415.0,100.0,0.6202641205719435
2,EHCO,417.0,100.0,0.6192812565458538
2,EHCO,419.0,100.0,0.6183131246797106
2,EHCO,421.0,100.0,0.6173595408330206
2,EHCO,423.0,100.0,0.616420321580158
2,EHCO,425.0,100.0,0.6154952842899027
2,EHCO,427.0,100.0,0.6145842472000818
2,EHCO,429.0,100.0,0.613687029487532
2,EHCO,431.0,100.0,0.6128034513335997
2,EHCO,433.0,100.0,0.6119333339853783
2,EHCO,435.0,100.0,0.611076499812881
2,EHCO,437.0,100.0,0.6102327723623334
2,EHCO,439.0,100.0,0.6094019764057677
2,EHCO,441.0,100.0,0.608583937987088
2,EHCO,443.0,100.0,0.6077784844647732
2,EHCO,445.0,100.0,0.6069854445513728
2,EHCO,447.0,100.0,0.6062046483499497
2,EHCO,449.0,100.0,0.6054359273876118
2,EHCO,451.0,100.0,0.6046791146462727
2,EHCO,453.0,100.0,0.603934044590774
2,EHCO,455.0,100.0,0.6032005531944964
2,EHCO,457.0,100.0,0.6024784779625804
2,EHCO,459.0,100.0,0.6017676579528749
2,EHCO,461.0,100.0,0.6010679337947247
2,EHCO,463.0,100.0,0.6003791477057026
2,EHCO,465.0,100.0,0.5997011435063903
2,A*-GA,1.0,0.0,0.902236286836552
2,A*-GA,3.0,0.0,0.904976950381677
2,A*-GA,5.0,0.0,0.907520853951004
2,A*-GA,7.0,0.0,0.9098771858346453
2,A*-GA,9.0,0.0,0.9120547495803594
2,A*-GA,11.0,0.0,0.9140734879652805
2,A*-GA,13.0,0.0,0.9158379118315123
2,A*-GA,15.0,0.0,0.9173161392490607
2,A*-GA,17.0,0.0,0.918522978341815
2,A*-GA,19.0,0.0,0.9194725971303601
2,A*-GA,21.0,0.0,0.9201785496213162
2,A*-GA,23.0,0.0,0.9206538008570289
2,A*-GA,25.0,0.0,0.9209107509666646
2,A*-GA,27.0,0.0,0.9209612582581485
2,A*-GA,29.0,0.0,0.9208166613888296
2,A*-GA,31.0,0.0,0.9204878006512704
2,A*-GA,33.0,0.0,0.9199850384091234
2,A*-GA,35.0,0.0,0.9193182787166819
2,A*-GA,37.0,0.0,0.9184969861543733
2,A*-GA,39.0,0.0,0.9175302039111878
2,A*-GA,41.0,0.0,0.9164265711438229
2,A*-GA,43.0,0.0,0.9151943396411439
2,A*-GA,45.0,2.0,0.9138413898214425
2,A*-GA,47.0,2.0,0.9123752460888874
2,A*-GA,49.0,2.0,0.9108030915745271
2,A*-GA,51.0,4.0,0.9091317822862007
2,A*-GA,53.0,8.0,0.9073678606907605
2,A*-GA,55.0,10.0,0.9055175687510812
2,A*-GA,57.0,10.0,0.9036302996949617
2,A*-GA,59.0,12.0,0.9018375060243962
2,A*-GA,61.0,12.0,0.900135339193336
2,A*-GA,63.0,14.000000000000002,0.8985109346019554
2,A*-GA,65.0,16.0,0.896934366114106
2,A*-GA,67.0,16.0,0.8954040141095302
2,A*-GA,69.0,16.0,0.8939183182578259
2,A*-GA,71.0,16.0,0.892475775262723
2,A*-GA,73.0,16.0,0.8910749366936915
2,A*-GA,75.0,16.0,0.8897144069014731
2,A*-GA,77.0,16.0,0.8883928410142643
2,A*-GA,79.0,18.0,0.8871089430114053
2,A*-GA,81.0,20.0,0.8858614638715512
2,A*-GA,83.0,20.0,0.8846491997924234
2,A*-GA,85.0,20.0,0.883470990479349
2,A*-GA,87.0,20.0,0.8823257174999084
2,A*-GA,89.0,20.0,0.8812123027021146
2,A*-GA,91.0,20.0,0.8801297066936464
2,A*-GA,93.0,22.0,0.8790769273797612
2,A*-GA,95.0,24.0,0.8780356271958969
2,A*-GA,97.0,24.0,0.8768870480489651
2,A*-GA,99.0,24.0,0.8756378411850884
2,A*-GA,101.0,24.0,0.8742943565488773
2,A*-GA,103.0,24.0,0.8728626552707586
2,A*-GA,105.0,24.0,0.8713485216533956
2,A*-GA,107.0,24.0,0.8697574746770386
2,A*-GA,109.0,24.0,0.8680947790428529
2,A*-GA,111.0,26.0,0.8663654557725278
2,A*-GA,113.0,26.0,0.8645742923817462
2,A*-GA,115.0,26.0,0.8627258526444033
2,A*-GA,117.0,26.0,0.8608244859637967
2,A*-GA,119.0,26.0,0.8588743363663712
2,A*-GA,121.0,26.0,0.8568793511329874
2,A*-GA,123.0,28.000000000000004,0.854843289082094
2,A*-GA,125.0,28.000000000000004,0.8527697285186167
2,A*-GA,127.0,28.000000000000004,0.8506620748618309
2,A*-GA,129.0,30.0,0.8485235679649641
2,A*-GA,131.0,30.0,0.8463572891387706
2,A*-GA,133.0,32.0,0.8442849300744214
2,A*-GA,135.0,32.0,0.8423419485922461
2,A*-GA,137.0,36.0,0.8405227379786081
2,A*-GA,139.0,36.0,0.8387988063783872
2,A*-GA,141.0,38.0,0.8371585754521759
2,A*-GA,143.0,38.0,0.835598580288438
2,A*-GA,145.0,38.0,0.8341154939072533
2,A*-GA,147.0,40.0,0.832706121827146
2,A*-GA,149.0,40.0,0.8313673968453027
2,A*-GA,151.0,42.0,0.8300963740228016
2,A*-GA,153.0,42.0,0.8288902258668093
2,A*-GA,155.0,42.0,0.8277462377020168
2,A*-GA,157.0,46.0,0.8266618032238862
2,A*-GA,159.0,46.0,0.8256344202265736
2,A*-GA,161.0,46.0,0.8246616864986752
2,A*-GA,163.0,46.0,0.8237412958802073
2,A*-GA,165.0,46.0,0.8228534549396369
2,A*-GA,167.0,46.0,0.8218854753190893
2,A*-GA,169.0,46.0,0.8208423954629579
2,A*-GA,171.0,46.0,0.8197290248431962
2,A*-GA,173.0,46.0,0.8185499534594546
2,A*-GA,175.0,48.0,0.8173095609579746
2,A*-GA,177.0,48.0,0.816012025384337
2,A*-GA,179.0,50.0,0.8146613315845663
2,A*-GA,181.0,50.0,0.8132612792685239
2,A*-GA,183.0,50.0,0.8118154907489734
2,A*-GA,185.0,52.0,0.8103274183691719
2,A*-GA,187.0,54.0,0.8088003516313379
2,A*-GA,189.0,54.0,0.8072374240378586
2,A*-GA,191.0,54.0,0.8056416196566293
2,A*-GA,193.0,56.00000000000001,0.8040157794214736
2,A*-GA,195.0,56.00000000000001,0.8023626071781577
2,A*-GA,197.0,57.99999999999999,0.8006846754860978
2,A*-GA,199.0,57.99999999999999,0.7989844311854647
2,A*-GA,201.0,60.0,0.7972534115418816
2,A*-GA,203.0,60.0,0.795462666553908
2,A*-GA,205.0,60.0,0.7936166431789936
2,A*-GA,207.0,60.0,0.7917195791462363
2,A*-GA,209.0,60.0,0.7897757685671697
2,A*-GA,211.0,60.0,0.787789131104278
2,A*-GA,213.0,62.0,0.7857632289237837
2,A*-GA,215.0,64.0,0.7837012829741952
2,A*-GA,217.0,64.0,0.7816066109729366
2,A*-GA,219.0,66.0,0.7794823690182212
2,A*-GA,221.0,66.0,0.7773315584494241
2,A*-GA,223.0,66.0,0.7751570324297271
2,A*-GA,225.0,66.0,0.772961502262074
2,A*-GA,227.0,66.0,0.7707475434490378
2,A*-GA,229.0,66.0,0.7685176015067837
2,A*-GA,231.0,66.0,0.7662739975429101
2,A*-GA,233.0,68.0,0.7640189366389013
2,A*-GA,235.0,68.0,0.7617545143402443
2,A*-GA,237.0,70.0,0.7594827170863542
2,A*-GA,239.0,74.0,0.7572054266261258
2,A*-GA,241.0,76.0,0.7549244245672724
2,A*-GA,243.0,78.0,0.7526413967398848
2,A*-GA,245.0,78.0,0.7503579373816166
2,A*-GA,247.0,78.0,0.7480755531516149
2,A*-GA,249.0,80.0,0.7457956669800302
2,A*-GA,251.0,80.0,0.743519621759671
2,A*-GA,253.0,80.0,0.7412486838861089
2,A*-GA,255.0,80.0,0.7389840466522893
2,A*-GA,257.0,80.0,0.7367268335034681
2,A*-GA,259.0,80.0,0.7344781011580568
2,A*-GA,261.0,80.0,0.7322388425997461
2,A*-GA,263.0,82.0,0.7300099899460597
2,A*-GA,265.0,82.0,0.7277924171982882
2,A*-GA,267.0,82.0,0.7255869428775582
2,A*-GA,269.0,82.0,0.7233943325516009
2,A*-GA,271.0,84.0,0.7212153012566079
2,A*-GA,273.0,84.0,0.7190505158183821
2,A*-GA,275.0,86.0,0.716900597076831
2,A*-GA,277.0,86.0,0.7147661220176872
2,A*-GA,279.0,88.0,0.7126476258151835
2,A*-GA,281.0,88.0,0.7105456037892693
2,A*-GA,283.0,88.0,0.7084605132808048
2,A*-GA,285.0,88.0,0.7063927754480422
2,A*-GA,287.0,88.0,0.7043427769875615
2,A*-GA,289.0,88.0,0.7023108717827129
2,A*-GA,291.0,88.0,0.7002973824824889
2,A*-GA,293.0,90.0,0.6983026020136384
2,A*-GA,295.0,90.0,0.6963267950287203
2,A*-GA,297.0,90.0,0.6943701992926881
2,A*-GA,299.0,92.0,0.692433027010494
2,A*-GA,301.0,94.0,0.6905154660981032
2,A*-GA,303.0,96.0,0.6886176813992108
2,A*-GA,305.0,98.0,0.6867398158498663
2,A*-GA,307.0,98.0,0.684881991593121
2,A*-GA,309.0,98.0,0.6830443110457302
2,A*-GA,311.0,98.0,0.6812268579188584
2,A*-GA,313.0,98.0,0.6794296981946648
2,A*-GA,315.0,98.0,0.6776528810605636
2,A*-GA,317.0,98.0,0.6758964398028873
2,A*-GA,319.0,98.0,0.6741603926616109
2,A*-GA,321.0,98.0,0.6724447436477283
2,A*-GA,323.0,98.0,0.6707494833248103
2,A*-GA,325.0,98.0,0.669074589556209
2,A*-GA,327.0,98.0,0.6674200282193199
2,A*-GA,329.0,98.0,0.6657857538882522
2,A*-GA,331.0,98.0,0.6641717104862074
2,A*-GA,333.0,98.0,0.6625778319063932
2,A*-GA,335.0,98.0,0.6610040409010135
2,A*-GA,337.0,98.0,0.6594502497811338
2,A*-GA,339.0,98.0,0.6579163627221968
2,A*-GA,341.0,98.0,0.6564022762745095
2,A*-GA,343.0,98.0,0.6549078798505423
2,A*-GA,345.0,98.0,0.6534330561899998
2,A*-GA,347.0,98.0,0.6519776818035903
2,A*-GA,349.0,98.0,0.6505416273963768
2,A*-GA,351.0,98.0,0.6491247582715621
2,A*-GA,353.0,98.0,0.6477269347155238
2,A*-GA,355.0,98.0,0.6463480123648827
2,A*-GA,357.0,98.0,0.6449878425563581
2,A*-GA,359.0,98.0,0.6436462726601293
2,A*-GA,361.0,98.0,0.6423231463973987
2,A*-GA,363.0,98.0,0.6410183041428197
2,A*-GA,365.0,98.0,0.6397315832124271
2,A*-GA,367.0,98.0,0.6384628181376838
2,A*-GA,369.0,98.0,0.6372118409262303
2,A*-GA,371.0,98.0,0.6359784813098999
2,A*-GA,373.0,98.0,0.6347625669805425
2,A*-GA,375.0,98.0,0.6335639238141745
2,A*-GA,377.0,98.0,0.632382376083953
2,A*-GA,379.0,98.0,0.6312177466624528
2,A*-GA,381.0,98.0,0.630069908579308
2,A*-GA,383.0,98.0,0.6289386973514083
2,A*-GA,385.0,100.0,0.627823930164261
2,A*-GA,387.0,100.0,0.6267254236157629
2,A*-GA,389.0,100.0,0.6256429938675038
2,A*-GA,391.0,100.0,0.6245764567880141
2,A*-GA,393.0,100.0,0.6235256280883079
2,A*-GA,395.0,100.0,0.6224903234500592
2,A*-GA,397.0,100.0,0.6214703586467326
2,A*-GA,399.0,100.0,0.6204655496579797
2,A*-GA,401.0,100.0,0.6194757127775967
2,A*-GA,403.0,100.0,0.6185006647153293
2,A*-GA,405.0,100.0,0.6175402226927972
2,A*-GA,407.0,100.0,0.6165942045338005
2,A*-GA,409.0,100.0,0.6156624287492583
2,A*-GA,411.0,100.0,0.6147447146170212
2,A*-GA,413.0,100.0,0.6138408822567889
2,A*-GA,415.0,100.0,0.6129507527003513
2,A*-GA,417.0,100.0,0.612074147957369
2,A*-GA,419.0,100.0,0.6112108910768937
2,A*-GA,421.0,100.0,0.6103608062048246
2,A*-GA,423.0,100.0,0.6095237186374863
2,A*-GA,425.0,100.0,0.60869945487151
2,A*-GA,427.0,100.0,0.607887842650185
2,A*-GA,429.0,100.0,0.6070887110064498
2,A*-GA,431.0,100.0,0.6063018903026758
2,A*-GA,433.0,100.0,0.6055272122673977
2,A*-GA,435.0,100.0,0.6047645100291335
2,A*-GA,437.0,100.0,0.6040136181474323
2,A*-GA,439.0,100.0,0.6032743726412848
2,A*-GA,441.0,100.0,0.60254661101502
2,A*-GA,443.0,100.0,0.6018301722818127
2,A*-GA,445.0,100.0,0.6011248969849163
2,A*-GA,447.0,100.0,0.6004306272167346
2,A*-GA,449.0,100.0,0.5997472066358366
3,EHCO,1.0,0.0,0.8779769867260451
3,EHCO,3.0,0.0,0.8816693375022019
3,EHCO,5.0,0.0,0.8851275938130422
3,EHCO,7.0,0.0,0.8883624085728339
3,EHCO,9.0,0.0,0.8913839924965948
3,EHCO,11.0,0.0,0.8942021318489144
3,EHCO,13.0,0.0,0.8968262054898596
3,EHCO,15.0,0.0,0.8992652012456482
3,EHCO,17.0,0.0,0.9015277316306851
3,EHCO,19.0,0.0,0.9036102169681123
3,EHCO,21.0,0.0,0.9053968891663376
3,EHCO,23.0,2.0,0.9069028863252275
3,EHCO,25.0,2.0,0.9081426942780049
3,EHCO,27.0,2.0,0.909130173144835
3,EHCO,29.0,2.0,0.9098785828287651
3,EHCO,31.0,2.0,0.9104006074957721
3,EHCO,33.0,4.0,0.9107083790790313
3,EHCO,35.0,6.0,0.9108134998459404
3,EHCO,37.0,6.0,0.9107270640649181
3,EHCO,39.0,6.0,0.910459678807539
3,EHCO,41.0,6.0,0.9100214839201695
3,EHCO,43.0,8.0,0.9094221711979209
3,EHCO,45.0,8.0,0.9086710027924502
3,EHCO,47.0,8.0,0.9077768288838938
3,EHCO,49.0,8.0,0.9067481046460288
3,EHCO,51.0,8.0,0.9055929065326128
3,EHCO,53.0,16.0,0.9044512182549257
3,EHCO,55.0,16.0,0.9033665783174909
3,EHCO,57.0,18.0,0.9023366132560611
3,EHCO,59.0,18.0,0.9013290574308793
3,EHCO,61.0,18.0,0.9003335272000035
3,EHCO,63.0,20.0,0.8993499997057999
3,EHCO,65.0,20.0,0.8983784455676063
3,EHCO,67.0,22.0,0.8974188292602656
3,EHCO,69.0,22.0,0.8964711094757849
3,EHCO,71.0,22.0,0.89553523946881
3,EHCO,73.0,22.0,0.8946111673865894
3,EHCO,75.0,22.0,0.8937085313174689
3,EHCO,77.0,22.0,0.8927238528512302
3,EHCO,79.0,24.0,0.8916193017612598
3,EHCO,81.0,26.0,0.8904021947810695
3,EHCO,83.0,26.0,0.8890795184020637
3,EHCO,85.0,26.0,0.8876579425430355
3,EHCO,87.0,28.000000000000004,0.886143833671609
3,EHCO,89.0,28.000000000000004,0.8845432673993193
3,EHCO,91.0,28.000000000000004,0.8828620405711742
3,EHCO,93.0,28.000000000000004,0.8811056828697157
3,EHCO,95.0,28.000000000000004,0.8792794679528149
3,EHCO,97.0,30.0,0.877388424143671
3,EHCO,99.0,30.0,0.8754373446907663
3,EHCO,101.0,32.0,0.873430797614817
3,EHCO,103.0,34.0,0.8713731351591035
3,EHCO,105.0,34.0,0.8692685028589031
3,EHCO,107.0,34.0,0.8671620053959763
3,EHCO,109.0,36.0,0.8651766341627821
3,EHCO,111.0,36.0,0.8633072956546103
3,EHCO,113.0,40.0,0.8615412472748395
3,EHCO,115.0,42.0,0.8598511896903177
3,EHCO,117.0,42.0,0.8582340638941115
3,EHCO,119.0,42.0,0.8566869317442941
3,EHCO,121.0,44.0,0.855214654181928
3,EHCO,123.0,44.0,0.8537137870070508
3,EHCO,125.0,44.0,0.8521466732555664
3,EHCO,127.0,44.0,0.8505179742644972
3,EHCO,129.0,44.0,0.8488321344175067
3,EHCO,131.0,44.0,0.8470933902193941
3,EHCO,133.0,44.0,0.8453057790052838
3,EHCO,135.0,44.0,0.8434731472989978
3,EHCO,137.0,46.0,0.8415991588345217
3,EHCO,139.0,46.0,0.8396873022539328
3,EHCO,141.0,46.0,0.8377408984946256
3,EHCO,143.0,46.0,0.8357631078781709
3,EHCO,145.0,48.0,0.8337569369126531
3,EHCO,147.0,48.0,0.831725244819866
3,EHCO,149.0,48.0,0.829670749798297
3,EHCO,151.0,48.0,0.8275960350323995
3,EHCO,153.0,48.0,0.8255425115925425
3,EHCO,155.0,48.0,0.8236254374973827
3,EHCO,157.0,48.0,0.8218389258423273
3,EHCO,159.0,50.0,0.8201694738803724
3,EHCO,161.0,52.0,0.8185890540496359
3,EHCO,163.0,54.0,0.8170939097606108
3,EHCO,165.0,54.0,0.8156804347097519
3,EHCO,167.0,57.99999999999999,0.8143451669515704
3,EHCO,169.0,57.99999999999999,0.8130847832036364
3,EHCO,171.0,57.99999999999999,0.8118960933753463
3,EHCO,173.0,62.0,0.8107760353116739
3,EHCO,175.0,62.0,0.8097216697434675
3,EHCO,177.0,62.0,0.8087135319169181
3,EHCO,179.0,62.0,0.8076410337055643
3,EHCO,181.0,62.0,0.806508411784195
3,EHCO,183.0,62.0,0.805319708329671
3,EHCO,185.0,62.0,0.8040787791186982
3,EHCO,187.0,62.0,0.8027893013001957
3,EHCO,189.0,62.0,0.8014547808551546
3,EHCO,191.0,62.0,0.8000785597563723
3,EHCO,193.0,62.0,0.7986638228399567
3,EHCO,195.0,62.0,0.7972136044000352
3,EHCO,197.0,62.0,0.7957307945176393
3,EHCO,199.0,64.0,0.794218145134317
3,EHCO,201.0,64.0,0.7926674866834774
3,EHCO,203.0,64.0,0.7910501508654416
3,EHCO,205.0,66.0,0.789370855322628
3,EHCO,207.0,68.0,0.7876340978839309
3,EHCO,209.0,68.0,0.7858441657621835
3,EHCO,211.0,68.0,0.7840051443813145
3,EHCO,213.0,72.0,0.7821210120263232
3,EHCO,215.0,72.0,0.7801957273563882
3,EHCO,217.0,74.0,0.7782328066489572
3,EHCO,219.0,76.0,0.7762353399753088
3,EHCO,221.0,76.0,0.7742064376250077
3,EHCO,223.0,78.0,0.772149141938008
3,EHCO,225.0,78.0,0.7700663460017022
3,EHCO,227.0,78.0,0.7679608000003084
3,EHCO,229.0,78.0,0.7658351173070027
3,EHCO,231.0,78.0,0.763691780329024
3,EHCO,233.0,78.0,0.761533149492848
3,EHCO,235.0,78.0,0.7593614693830198
3,EHCO,237.0,78.0,0.7571788695425955
3,EHCO,239.0,78.0,0.7549873692361524
3,EHCO,241.0,78.0,0.7527888822179142
3,EHCO,243.0,78.0,0.7505852213055176
3,EHCO,245.0,78.0,0.7483781027671694
3,EHCO,247.0,78.0,0.7461691505296297
3,EHCO,249.0,78.0,0.7439599002141695
3,EHCO,251.0,78.0,0.7417518030073652
3,EHCO,253.0,82.0,0.7395462293733226
3,EHCO,255.0,82.0,0.7373444726136615
3,EHCO,257.0,84.0,0.7351477522813428
3,EHCO,259.0,84.0,0.7329572174541789
3,EHCO,261.0,84.0,0.7307739498736402
3,EHCO,263.0,84.0,0.7285989669543408
3,EHCO,265.0,84.0,0.7264332246693842
3,EHCO,267.0,84.0,0.7242776203165364
3,EHCO,269.0,84.0,0.7221329951700007
3,EHCO,271.0,84.0,0.7200001370223811
3,EHCO,273.0,84.0,0.7178797826212344
3,EHCO,275.0,84.0,0.7157726200044443
3,EHCO,277.0,84.0,0.7136792907384758
3,EHCO,279.0,84.0,0.7116003920634125
3,EHCO,281.0,86.0,0.709536478948523
3,EHCO,283.0,86.0,0.7074880660619539
3,EHCO,285.0,90.0,0.7054556296580049
3,EHCO,287.0,90.0,0.7034396093853038
3,EHCO,289.0,92.0,0.70144041001907
3,EHCO,291.0,94.0,0.6994584031205239
3,EHCO,293.0,94.0,0.6974939286263835
3,EHCO,295.0,96.0,0.6955472963712693
3,EHCO,297.0,96.0,0.6936187875457289
3,EHCO,299.0,96.0,0.6917086560924819
3,EHCO,301.0,96.0,0.6898171300433864
3,EHCO,303.0,96.0,0.6879444127995265
3,EHCO,305.0,96.0,0.6860906843567244
3,EHCO,307.0,98.0,0.6842561024786916
3,EHCO,309.0,98.0,0.6824408038199429
3,EHCO,311.0,98.0,0.680644905000514
3,EHCO,313.0,98.0,0.678868503634443
3,EHCO,315.0,98.0,0.6771116793138947
3,EHCO,317.0,98.0,0.6753744945507371
3,EHCO,319.0,98.0,0.6736569956773008
3,EHCO,321.0,98.0,0.6719592820528643
3,EHCO,323.0,98.0,0.6702813868567812
3,EHCO,325.0,100.0,0.6686233058633153
3,EHCO,327.0,100.0,0.666985022231856
3,EHCO,329.0,100.0,0.6653665072130422
3,EHCO,331.0,100.0,0.6637677208236951
3,EHCO,333.0,100.0,0.6621886124918371
3,EHCO,335.0,100.0,0.6606291216730328
3,EHCO,337.0,100.0,0.6590891784392264
3,EHCO,339.0,100.0,0.657568704041216
3,EHCO,341.0,100.0,0.6560676114458472
3,EHCO,343.0,100.0,0.6545858058489746
3,EHCO,345.0,100.0,0.6531231851651929
3,EHCO,347.0,100.0,0.6516796404952995
3,EHCO,349.0,100.0,0.650255056572414
3,EHCO,351.0,100.0,0.6488493121876411
3,EHCO,353.0,100.0,0.6474622805961272
3,EHCO,355.0,100.0,0.6460938299043303
3,EHCO,357.0,100.0,0.644743823439284
3,EHCO,359.0,100.0,0.6434121201006124
3,EHCO,361.0,100.0,0.6420985746960151
3,EHCO,363.0,100.0,0.6408030382609171
3,EHCO,365.0,100.0,0.6395253583629492
3,EHCO,367.0,100.0,0.6382653793918963
3,EHCO,369.0,100.0,0.6370229428357281
3,EHCO,371.0,100.0,0.6357978875432987
3,EHCO,373.0,100.0,0.6345900499742801
3,EHCO,375.0,100.0,0.6333992644368722
3,EHCO,377.0,100.0,0.6322253633138051
3,EHCO,379.0,100.0,0.6310681772771382
3,EHCO,381.0,100.0,0.6299275354923282
3,EHCO,383.0,100.0,0.6288032658120292
3,EHCO,385.0,100.0,0.6276951949600635
3,EHCO,387.0,100.0,0.6266031487059863
3,EHCO,389.0,100.0,0.625526952030647
3,EHCO,391.0,100.0,0.6244664292831402
3,EHCO,393.0,100.0,0.6234214043295151
3,EHCO,395.0,100.0,0.6223917006936037
3,EHCO,397.0,100.0,0.6213771416903094
3,EHCO,399.0,100.0,0.6203775505516855
3,EHCO,401.0,100.0,0.6193927505461201
3,EHCO,403.0,100.0,0.6184225650909271
3,EHCO,405.0,100.0,0.6174668178586389
3,EHCO,407.0,100.0,0.6165253328772725
3,EHCO,409.0,100.0,0.6155979346248422
3,EHCO,411.0,100.0,0.6146844481183699
3,EHCO,413.0,100.0,0.6137846989976415
3,EHCO,415.0,100.0,0.6128985136039441
3,EHCO,417.0,100.0,0.6120257190540082
3,EHCO,419.0,100.0,0.6111661433093725
3,EHCO,421.0,100.0,0.6103196152413785
3,EHCO,423.0,100.0,0.6094859646919929
3,EHCO,425.0,100.0,0.6086650225306494
3,EHCO,427.0,100.0,0.6078566207072904
3,EHCO,429.0,100.0,0.6070605923017868
3,EHCO,431.0,100.0,0.6062767715698997
3,EHCO,433.0,100.0,0.6055049939859481
3,EHCO,435.0,100.0,0.6047450962823351
3,EHCO,437.0,100.0,0.6039969164860785
3,EHCO,439.0,100.0,0.6032602939524905
3,EHCO,441.0,100.0,0.6025350693961391
3,EHCO,443.0,100.0,0.6018210849192224
3,EHCO,445.0,100.0,0.6011181840374787
3,EHCO,447.0,100.0,0.6004262117037528
3,EHCO,449.0,100.0,0.5997450143293316
3,A*-GA,1.0,0.0,0.8779769867260451
3,A*-GA,3.0,0.0,0.8816693375022019
3,A*-GA,5.0,0.0,0.8851275938130422
3,A*-GA,7.0,0.0,0.8883624085728339
3,A*-GA,9.0,0.0,0.8913839924965948
3,A*-GA,11.0,0.0,0.8942021318489144
3,A*-GA,13.0,0.0,0.8968262054898596
3,A*-GA,15.0,0.0,0.8992652012456482
3,A*-GA,17.0,0.0,0.9015277316306851
3,A*-GA,19.0,0.0,0.9036102169681123
3,A*-GA,21.0,0.0,0.9053968891663376
3,A*-GA,23.0,0.0,0.9069028863252275
3,A*-GA,25.0,0.0,0.9081426942780049
3,A*-GA,27.0,0.0,0.909130173144835
3,A*-GA,29.0,0.0,0.9098785828287651
3,A*-GA,31.0,0.0,0.9104006074957721
3,A*-GA,33.0,2.0,0.9107083790790313
3,A*-GA,35.0,6.0,0.9108134998459404
3,A*-GA,37.0,6.0,0.9107270640649181
3,A*-GA,39.0,8.0,0.910459678807539
3,A*-GA,41.0,8.0,0.9100214839201695
3,A*-GA,43.0,8.0,0.9094221711979209
3,A*-GA,45.0,8.0,0.9086710027924502
3,A*-GA,47.0,8.0,0.9077768288838938
3,A*-GA,49.0,10.0,0.9067481046460288
3,A*-GA,51.0,10.0,0.9055929065326128
3,A*-GA,53.0,10.0,0.9044512182549257
3,A*-GA,55.0,10.0,0.9033665783174909
3,A*-GA,57.0,12.0,0.9023366132560611
3,A*-GA,59.0,12.0,0.9013290574308793
3,A*-GA,61.0,14.000000000000002,0.9003335272000035
3,A*-GA,63.0,14.000000000000002,0.8993499997057999
3,A*-GA,65.0,16.0,0.8983784455676063
3,A*-GA,67.0,22.0,0.8974188292602656
3,A*-GA,69.0,24.0,0.8964711094757849
3,A*-GA,71.0,24.0,0.89553523946881
3,A*-GA,73.0,24.0,0.8946208959303713
3,A*-GA,75.0,26.0,0.8936246021116693
3,A*-GA,77.0,26.0,0.8925084973755326
3,A*-GA,79.0,26.0,0.8912799025463597
3,A*-GA,81.0,26.0,0.8899458079383287
3,A*-GA,83.0,26.0,0.8885128870371923
3,A*-GA,85.0,26.0,0.8869875096335035
3,A*-GA,87.0,26.0,0.8854186289172119
3,A*-GA,89.0,26.0,0.8839362003684865
3,A*-GA,91.0,26.0,0.8825366408308298
3,A*-GA,93.0,28.000000000000004,0.8812078874802085
3,A*-GA,95.0,28.000000000000004,0.879921825893676
3,A*-GA,97.0,28.000000000000004,0.8786769315871487
3,A*-GA,99.0,28.000000000000004,0.8774717373974124
3,A*-GA,101.0,28.000000000000004,0.8763048312744982
3,A*-GA,103.0,28.000000000000004,0.875174854159986
3,A*-GA,105.0,28.000000000000004,0.8740804979478719
3,A*-GA,107.0,28.000000000000004,0.8730205035247763
3,A*-GA,109.0,28.000000000000004,0.8719936588863871
3,A*-GA,111.0,30.0,0.8709807390932406
3,A*-GA,113.0,30.0,0.8698635197391191
3,A*-GA,115.0,30.0,0.8686484675414755
3,A*-GA,117.0,32.0,0.8673417562733842
3,A*-GA,119.0,32.0,0.8659492789045388
3,A*-GA,121.0,32.0,0.8644766592552369
3,A*-GA,123.0,32.0,0.8629292631826333
3,A*-GA,125.0,32.0,0.8613122093177867
3,A*-GA,127.0,32.0,0.8596303793712924
3,A*-GA,129.0,34.0,0.8578884280245941
3,A*-GA,131.0,34.0,0.8560907924233948
3,A*-GA,133.0,38.0,0.8542417012889394
3,A*-GA,135.0,38.0,0.8523451836623196
3,A*-GA,137.0,40.0,0.8504050772963558
3,A*-GA,139.0,44.0,0.8484250367090369
3,A*-GA,141.0,44.0,0.8464085409119466
3,A*-GA,143.0,44.0,0.8443989479372164
3,A*-GA,145.0,46.0,0.8425154596355889
3,A*-GA,147.0,46.0,0.8407526901836423
3,A*-GA,149.0,48.0,0.8390976172056271
3,A*-GA,151.0,48.0,0.8375226736250782
3,A*-GA,153.0,48.0,0.8360245442436853
3,A*-GA,155.0,48.0,0.8346000458153183
3,A*-GA,157.0,48.0,0.8332538048176046
3,A*-GA,159.0,50.0,0.831885182291719
3,A*-GA,161.0,50.0,0.8304570916741695
3,A*-GA,163.0,50.0,0.8289737305960057
3,A*-GA,165.0,50.0,0.8274391011951443
3,A*-GA,167.0,50.0,0.8258570182949498
3,A*-GA,169.0,50.0,0.8242311172535498
3,A*-GA,171.0,50.0,0.8225648614969427
3,A*-GA,173.0,50.0,0.8208615497484406
3,A*-GA,175.0,50.0,0.8191243229664908
3,A*-GA,177.0,52.0,0.8173561710024533
3,A*-GA,179.0,52.0,0.8155599389894462
3,A*-GA,181.0,52.0,0.8137383334729413
3,A*-GA,183.0,54.0,0.8118939282933636
3,A*-GA,185.0,54.0,0.8100291702305487
3,A*-GA,187.0,57.99999999999999,0.808146384419522
3,A*-GA,189.0,60.0,0.8062477795466924
3,A*-GA,191.0,62.0,0.8043354528351873
3,A*-GA,193.0,62.0,0.8024113948277236
3,A*-GA,195.0,62.0,0.8004774939750662
3,A*-GA,197.0,62.0,0.7985355410378143
3,A*-GA,199.0,62.0,0.7965872333089501
3,A*-GA,201.0,62.0,0.7946233894671666
3,A*-GA,203.0,62.0,0.7926144568225121
3,A*-GA,205.0,62.0,0.7905644737342378
3,A*-GA,207.0,66.0,0.7884770317215446
3,A*-GA,209.0,68.0,0.7863552918360545
3,A*-GA,211.0,68.0,0.7842024312750879
3,A*-GA,213.0,68.0,0.7820215553948228
3,A*-GA,215.0,68.0,0.7798156165809454
3,A*-GA,217.0,68.0,0.7775874207644833
3,A*-GA,219.0,68.0,0.7753396336735112
3,A*-GA,221.0,68.0,0.773074786831238
3,A*-GA,223.0,70.0,0.7707952833105575
3,A*-GA,225.0,70.0,0.768503403254756
3,A*-GA,227.0,70.0,0.7662013100747935
3,A*-GA,229.0,70.0,0.7638910603070371
3,A*-GA,231.0,70.0,0.7615746037091404
3,A*-GA,233.0,70.0,0.7592537866123399
3,A*-GA,235.0,70.0,0.7569303564240951
3,A*-GA,237.0,70.0,0.7546059659467313
3,A*-GA,239.0,70.0,0.7522821775194257
3,A*-GA,241.0,72.0,0.7499604669905856
3,A*-GA,243.0,72.0,0.747642227527392
3,A*-GA,245.0,74.0,0.7453287732690098
3,A*-GA,247.0,78.0,0.7430213428297131
3,A*-GA,249.0,78.0,0.7407211026579242
3,A*-GA,251.0,78.0,0.7384291502569306
3,A*-GA,253.0,78.0,0.7361465172728117
3,A*-GA,255.0,78.0,0.733874172454894
3,A*-GA,257.0,78.0,0.7316130244938379
3,A*-GA,259.0,78.0,0.7293639247422616
3,A*-GA,261.0,82.0,0.7271276698226083
3,A*-GA,263.0,84.0,0.724905004126784
3,A*-GA,265.0,84.0,0.7226966222119058
3,A*-GA,267.0,84.0,0.7205031710963348
3,A*-GA,269.0,84.0,0.7183253023741079
3,A*-GA,271.0,84.0,0.7161637175202019
3,A*-GA,273.0,86.0,0.714018920728096
3,A*-GA,275.0,86.0,0.7118913775196344
3,A*-GA,277.0,86.0,0.7097815165743677
3,A*-GA,279.0,86.0,0.7076897314819686
3,A*-GA,281.0,86.0,0.7056163824208235
3,A*-GA,283.0,86.0,0.7035617977657832
3,A*-GA,285.0,86.0,0.701526275627931
3,A*-GA,287.0,88.0,0.6995100853291176
3,A*-GA,289.0,90.0,0.6975134688139023
3,A*-GA,291.0,92.0,0.6955366420014345
3,A*-GA,293.0,92.0,0.6935797960797068
3,A*-GA,295.0,92.0,0.6916430987445192
3,A*-GA,297.0,94.0,0.6897266953853959
3,A*-GA,299.0,94.0,0.6878307102206103
3,A*-GA,301.0,96.0,0.6859552473833868
3,A*-GA,303.0,98.0,0.6841003919612648
3,A*-GA,305.0,100.0,0.6822662109905333
3,A*-GA,307.0,100.0,0.6804527544075669
3,A*-GA,309.0,100.0,0.6786600559588214
3,A*-GA,311.0,100.0,0.6768881340711774
3,A*-GA,313.0,100.0,0.675136992684253
3,A*-GA,315.0,100.0,0.6734066220462409
3,A*-GA,317.0,100.0,0.6716969994747649
3,A*-GA,319.0,100.0,0.6700080900841906
3,A*-GA,321.0,100.0,0.668339847480766
3,A*-GA,323.0,100.0,0.6666922144269152
3,A*-GA,325.0,100.0,0.6650651234759539
3,A*-GA,327.0,100.0,0.6634584975784464
3,A*-GA,329.0,100.0,0.6618722506613719
3,A*-GA,331.0,100.0,0.660306288181224
3,A*-GA,333.0,100.0,0.6587605076521226
3,A*-GA,335.0,100.0,0.6572347991499692
3,A*-GA,337.0,100.0,0.6557290457936438
3,A*-GA,339.0,100.0,0.6542431242041918
3,A*-GA,341.0,100.0,0.6527769049429207
3,A*-GA,343.0,100.0,0.65133025292928
3,A*-GA,345.0,100.0,0.6499030278393724
3,A*-GA,347.0,100.0,0.6484950844859012
3,A*-GA,349.0,100.0,0.6471062731803332
3,A*-GA,351.0,100.0,0.6457364400780213
3,A*-GA,353.0,100.0,0.6443854275070025
3,A*-GA,355.0,100.0,0.6430530742811562
3,A*-GA,357.0,100.0,0.6417392159983857
3,A*-GA,359.0,100.0,0.6404436853244492
3,A*-GA,361.0,100.0,0.6391663122630523
3,A*-GA,363.0,100.0,0.6379069244127807
3,A*-GA,365.0,100.0,0.6366653472114333
3,A*-GA,367.0,100.0,0.6354414041682913
3,A*-GA,369.0,100.0,0.6342349170848369
3,A*-GA,371.0,100.0,0.6330457062644163
3,A*-GA,373.0,100.0,0.6318735907113187
3,A*-GA,375.0,100.0,0.6307183883197277
3,A*-GA,377.0,100.0,0.6295799160529779
3,A*-GA,379.0,100.0,0.6284579901135372
3,A*-GA,381.0,100.0,0.6273524261041146
3,A*-GA,383.0,100.0,0.6262630391802781
3,A*-GA,385.0,100.0,0.625189644194952
3,A*-GA,387.0,100.0,0.6241320558351471
3,A*-GA,389.0,100.0,0.6230900887512625
3,A*-GA,391.0,100.0,0.6220635576792868
3,A*-GA,393.0,100.0,0.6210522775562086
3,A*-GA,395.0,100.0,0.620056063628936
3,A*-GA,397.0,100.0,0.6190747315570126
3,A*-GA,399.0,100.0,0.6181080975094072
3,A*-GA,401.0,100.0,0.6171559782556356
3,A*-GA,403.0,100.0,0.6162181912514743
3,A*-GA,405.0,100.0,0.6152945547195047
3,A*-GA,407.0,100.0,0.6143848877247201
3,A*-GA,409.0,100.0,0.6134890102454218
3,A*-GA,411.0,100.0,0.6126067432396142
3,A*-GA,413.0,100.0,0.6117379087071065
3,A*-GA,415.0,100.0,0.6108823297475167
3,A*-GA,417.0,100.0,0.6100398306143645
3,A*-GA,419.0,100.0,0.6092102367654368
3,A*-GA,421.0,100.0,0.6083933749095952
3,A*-GA,423.0,100.0,0.6075890730501937
3,A*-GA,425.0,100.0,0.6067971605252637
3,A*-GA,427.0,100.0,0.6060174680446188
3,A*-GA,429.0,100.0,0.6052498277240268
3,A*-GA,431.0,100.0,0.6044940731165847
3,A*-GA,433.0,100.0,0.6037500392414338
3,A*-GA,435.0,100.0,0.603017562609942
3,A*-GA,437.0,100.0,0.6022964812494749
3,A*-GA,439.0,100.0,0.6015866347248741
3,A*-GA,441.0,100.0,0.6008878641577552
3,A*-GA,443.0,100.0,0.6002000122437328
4,EHCO,1.0,0.0,0.9786113551657228
4,EHCO,3.0,0.0,0.9783558408752566
4,EHCO,5.0,0.0,0.9780211060340807
4,EHCO,7.0,0.0,0.9776117278854307
4,EHCO,9.0,0.0,0.9771320798205863
4,EHCO,11.0,0.0,0.9765863397773784
4,EHCO,13.0,0.0,0.975978498302593
4,EHCO,15.0,0.0,0.9753123662915608
4,EHCO,17.0,0.0,0.9745915824177076
4,EHCO,19.0,0.0,0.9738196202643329
4,EHCO,21.0,0.0,0.9729997951704035
4,EHCO,23.0,0.0,0.9721352708016826
4,EHCO,25.0,0.0,0.9712290654580726
4,EHCO,27.0,2.0,0.9702840581276158
4,EHCO,29.0,2.0,0.969302994297192
4,EHCO,31.0,2.0,0.9682884915295528
4,EHCO,33.0,4.0,0.9672430448159528
4,EHCO,35.0,4.0,0.9661690317132747
4,EHCO,37.0,4.0,0.965068717274194
4,EHCO,39.0,4.0,0.9639442587785911
4,EHCO,41.0,4.0,0.9627858782956938
4,EHCO,43.0,6.0,0.9614718563174433
4,EHCO,45.0,6.0,0.9600116166204583
4,EHCO,47.0,6.0,0.9584141584469774
4,EHCO,49.0,6.0,0.9566880740657051
4,EHCO,51.0,8.0,0.9548415656287675
4,EHCO,53.0,8.0,0.9528824613526381
4,EHCO,55.0,10.0,0.950818231049799
4,EHCO,57.0,12.0,0.9486560010368462
4,EHCO,59.0,14.000000000000002,0.9464025684437368
4,EHCO,61.0,16.0,0.9440644149479035
4,EHCO,63.0,16.0,0.9416477199560254
4,EHCO,65.0,18.0,0.9391583732553488
4,EHCO,67.0,18.0,0.9366019871555874
4,EHCO,69.0,20.0,0.9339839081416024
4,EHCO,71.0,20.0,0.9313092280562678
4,EHCO,73.0,20.0,0.9285827948321627
4,EHCO,75.0,20.0,0.925809222789994
4,EHCO,77.0,20.0,0.9229929025209516
4,EHCO,79.0,20.0,0.9202665402210262
4,EHCO,81.0,20.0,0.9176693112503304
4,EHCO,83.0,24.0,0.9151959046694518
4,EHCO,85.0,24.0,0.912797641951893
4,EHCO,87.0,24.0,0.9103443704932666
4,EHCO,89.0,24.0,0.9078407069090766
4,EHCO,91.0,28.000000000000004,0.9052910460683252
4,EHCO,93.0,28.000000000000004,0.9026995704642629
4,EHCO,95.0,30.0,0.9000702592064221
4,EHCO,97.0,30.0,0.8974068966489808
4,EHCO,99.0,32.0,0.8947130806698953
4,EHCO,101.0,32.0,0.8919922306146865
4,EHCO,103.0,32.0,0.8892475949182058
4,EHCO,105.0,32.0,0.8864822584171874
4,EHCO,107.0,32.0,0.8836991493658846
4,EHCO,109.0,32.0,0.8809010461666049
4,EHCO,111.0,32.0,0.8780905838264921
4,EHCO,113.0,34.0,0.8752702601514539
4,EHCO,115.0,34.0,0.872442441687706
4,EHCO,117.0,34.0,0.8696093694209881
4,EHCO,119.0,34.0,0.8667731642431116
4,EHCO,121.0,34.0,0.8639358321951166
4,EHCO,123.0,36.0,0.8610992694959493
4,EHCO,125.0,38.0,0.8582652673652189
4,EHCO,127.0,38.0,0.8554355166482566
4,EHCO,129.0,40.0,0.8526510694658004
4,EHCO,131.0,40.0,0.8500277901732063
4,EHCO,133.0,40.0,0.8475588658686276
4,EHCO,135.0,42.0,0.845229903651548
4,EHCO,137.0,42.0,0.8430120202495098
4,EHCO,139.0,42.0,0.8409006364594542
4,EHCO,141.0,46.0,0.8388913551681375
4,EHCO,143.0,46.0,0.8369799541817293
4,EHCO,145.0,46.0,0.8351623793370035
4,EHCO,147.0,46.0,0.833434737883071
4,EHCO,149.0,46.0,0.831793292123038
4,EHCO,151.0,48.0,0.8302344533053899
4,EHCO,153.0,48.0,0.8287376945792484
4,EHCO,155.0,50.0,0.8271905730251599
4,EHCO,157.0,50.0,0.8255968616647958
4,EHCO,159.0,52.0,0.8239601557982512
4,EHCO,161.0,52.0,0.8222838804670326
4,EHCO,163.0,52.0,0.8205712976161608
4,EHCO,165.0,52.0,0.8188255129673231
4,EHCO,167.0,52.0,0.8170494826145444
4,EHCO,169.0,52.0,0.8152460193533909
4,EHCO,171.0,54.0,0.8135329959512377
4,EHCO,173.0,54.0,0.8119447066480279
4,EHCO,175.0,56.00000000000001,0.8104756224390446
4,EHCO,177.0,56.00000000000001,0.8090973272837585
4,EHCO,179.0,56.00000000000001,0.8077983168245847
4,EHCO,181.0,57.99999999999999,0.8065751983583286
4,EHCO,183.0,60.0,0.80542471539703
4,EHCO,185.0,60.0,0.8043437422897911
4,EHCO,187.0,60.0,0.8033292790559704
4,EHCO,189.0,60.0,0.8023784464214454
4,EHCO,191.0,60.0,0.8014884810499748
4,EHCO,193.0,64.0,0.8006567309620012
4,EHCO,195.0,64.0,0.7998806511335381
4,EHCO,197.0,64.0,0.7991577992680725
4,EHCO,199.0,64.0,0.7984935147036923
4,EHCO,201.0,64.0,0.7977799450655279
4,EHCO,203.0,64.0,0.7969502511830573
4,EHCO,205.0,68.0,0.7960113649963451
4,EHCO,207.0,68.0,0.7949699072282979
4,EHCO,209.0,70.0,0.7938322002428668
4,EHCO,211.0,70.0,0.792604280388094
4,EHCO,213.0,72.0,0.7912919098443909
4,EHCO,215.0,72.0,0.7899005879976316
4,EHCO,217.0,74.0,0.7884355623558766
4,EHCO,219.0,76.0,0.786901839027795
4,EHCO,221.0,76.0,0.7853041927801493
4,EHCO,223.0,76.0,0.7836471766910167
4,EHCO,225.0,76.0,0.7819351314147688
4,EHCO,227.0,76.0,0.7801721940741956
4,EHCO,229.0,78.0,0.778362306794558
4,EHCO,231.0,80.0,0.7765094817217897
4,EHCO,233.0,82.0,0.7746173696222379
4,EHCO,235.0,84.0,0.7726892762895514
4,EHCO,237.0,84.0,0.7707281782992881
4,EHCO,239.0,84.0,0.7687371604927024
4,EHCO,241.0,84.0,0.766719157106031
4,EHCO,243.0,84.0,0.764676958167732
4,EHCO,245.0,84.0,0.7626132156366777
4,EHCO,247.0,84.0,0.7605304504962704
4,EHCO,249.0,84.0,0.7584310629194471
4,EHCO,251.0,84.0,0.7563173324906904
4,EHCO,253.0,84.0,0.7541914224668246
4,EHCO,255.0,84.0,0.7520553847851423
4,EHCO,257.0,84.0,0.7499111648677167
4,EHCO,259.0,84.0,0.7477606062300128
4,EHCO,261.0,86.0,0.7456054549015968
4,EHCO,263.0,86.0,0.7434473636664309
4,EHCO,265.0,86.0,0.7412878961299479
4,EHCO,267.0,88.0,0.7391285306198133
4,EHCO,269.0,88.0,0.736970663927012
4,EHCO,271.0,88.0,0.7348156148936337
4,EHCO,273.0,88.0,0.7326646278534784
4,EHCO,275.0,88.0,0.730518875931362
4,EHCO,277.0,88.0,0.7283794642067709
4,EHCO,279.0,88.0,0.7262474327472886
4,EHCO,281.0,88.0,0.7241237595170054
4,EHCO,283.0,88.0,0.7220093631649134
4,EHCO,285.0,88.0,0.7199051056980953
4,EHCO,287.0,88.0,0.7178117950443205
4,EHCO,289.0,88.0,0.7157301875084819
4,EHCO,291.0,90.0,0.7136609901271328
4,EHCO,293.0,90.0,0.7116048629252096
4,EHCO,295.0,90.0,0.7095624210788719
4,EHCO,297.0,90.0,0.7075342369882275
4,EHCO,299.0,92.0,0.7055209718695081
4,EHCO,301.0,94.0,0.7035231517268588
4,EHCO,303.0,96.0,0.7015412207981433
4,EHCO,305.0,98.0,0.6995755885365641
4,EHCO,307.0,98.0,0.697626631262147
4,EHCO,309.0,98.0,0.6956946937436982
4,EHCO,311.0,98.0,0.6937800907140379
4,EHCO,313.0,98.0,0.6918831083212045
4,EHCO,315.0,98.0,0.6900040055182182
4,EHCO,317.0,98.0,0.6881430153938884
4,EHCO,319.0,98.0,0.6863003464470511
4,EHCO,321.0,98.0,0.6844761838065269
4,EHCO,323.0,98.0,0.6826706903990014
4,EHCO,325.0,98.0,0.68088400806694
4,EHCO,327.0,98.0,0.6791162586385655
4,EHCO,329.0,98.0,0.6773675449518454
4,EHCO,331.0,98.0,0.6756379518343637
4,EHCO,333.0,98.0,0.6739275470408677
4,EHCO,335.0,98.0,0.6722363821502181
4,EHCO,337.0,98.0,0.6705644934233965
4,EHCO,339.0,98.0,0.6689119026241606
4,EHCO,341.0,98.0,0.6672786178038728
4,EHCO,343.0,98.0,0.6656646340519693
4,EHCO,345.0,98.0,0.6640699342134746
4,EHCO,347.0,98.0,0.6624944895749136
4,EHCO,349.0,98.0,0.6609382605199178
4,EHCO,351.0,98.0,0.6594011971557706
4,EHCO,353.0,98.0,0.6578832399120872
4,EHCO,355.0,98.0,0.6563843201127761
4,EHCO,357.0,98.0,0.6549043605223843
4,EHCO,359.0,98.0,0.6534432758678838
4,EHCO,361.0,98.0,0.6520009733369128
4,EHCO,363.0,98.0,0.6505773530534494
4,EHCO,365.0,98.0,0.6491723085318498
4,EHCO,367.0,98.0,0.6477857271101503
4,EHCO,369.0,98.0,0.6464174903634954
4,EHCO,371.0,98.0,0.6450674744985181
4,EHCO,373.0,98.0,0.6437355507294676
4,EHCO,375.0,98.0,0.6424215856368451
4,EHCO,377.0,98.0,0.64112544150928
4,EHCO,379.0,98.0,0.6398469766693479
4,EHCO,381.0,98.0,0.6385860457840057
4,EHCO,383.0,98.0,0.6373425001602872
4,EHCO,385.0,98.0,0.6361161880268826
4,EHCO,387.0,98.0,0.6349069548021967
4,EHCO,389.0,98.0,0.6337146433494548
4,EHCO,391.0,98.0,0.6325390942194088
4,EHCO,393.0,98.0,0.6313801458811655
4,EHCO,395.0,100.0,0.6302376349416446
4,EHCO,397.0,100.0,0.6291113963541498
4,EHCO,399.0,100.0,0.6280012636165172
4,EHCO,401.0,100.0,0.626907068959288
4,EHCO,403.0,100.0,0.6258286435243332
4,EHCO,405.0,100.0,0.6247658175343389
4,EHCO,407.0,100.0,0.6237184204535484
4,EHCO,409.0,100.0,0.6226862811401374
4,EHCO,411.0,100.0,0.6216692279905842
4,EHCO,413.0,100.0,0.6206670890763843
4,EHCO,415.0,100.0,0.6196796922734397
4,EHCO,417.0,100.0,0.6187068653844453
4,EHCO,419.0,100.0,0.617748436254579
4,EHCO,421.0,100.0,0.6168042328807863
4,EHCO,423.0,100.0,0.6158740835149464
4,EHCO,425.0,100.0,0.6149578167611853
4,EHCO,427.0,100.0,0.614055261667599
4,EHCO,429.0,100.0,0.6131662478126334
4,EHCO,431.0,100.0,0.61229060538636
4,EHCO,433.0,100.0,0.611428165266876
4,EHCO,435.0,100.0,0.610578759092048
4,EHCO,437.0,100.0,0.6097422193268084
4,EHCO,439.0,100.0,0.6089183793262085
4,EHCO,441.0,100.0,0.608107073394418
4,EHCO,443.0,100.0,0.6073081368398582
4,EHCO,445.0,100.0,0.606521406026646
4,EHCO,447.0,100.0,0.6057467184225174
4,EHCO,449.0,100.0,0.6049839126433955
4,EHCO,451.0,100.0,0.6042328284947571
4,EHCO,453.0,100.0,0.6034933070099483
4,EHCO,455.0,100.0,0.6027651904855926
4,EHCO,457.0,100.0,0.6020483225142284
4,EHCO,459.0,100.0,0.6013425480143074
4,EHCO,461.0,100.0,0.600647713257681
4,EHCO,463.0,100.0,0.5999636658946925
4,A*-GA,1.0,0.0,0.9374199952838111
4,A*-GA,3.0,0.0,0.9387804093610175
4,A*-GA,5.0,0.0,0.9399982103581843
4,A*-GA,7.0,0.0,0.941080462394114
4,A*-GA,9.0,0.0,0.942033928176048
4,A*-GA,11.0,0.0,0.9428650812254179
4,A*-GA,13.0,0.0,0.9435801176173491
4,A*-GA,15.0,0.0,0.9441849672530999
4,A*-GA,17.0,0.0,0.9446853046838678
4,A*-GA,19.0,0.0,0.9450865595036679
4,A*-GA,21.0,0.0,0.9453939263282946
4,A*-GA,23.0,0.0,0.9456123743767044
4,A*-GA,25.0,0.0,0.945734824692119
4,A*-GA,27.0,0.0,0.9456421482508408
4,A*-GA,29.0,0.0,0.9453462551233747
4,A*-GA,31.0,0.0,0.944858530785157
4,A*-GA,33.0,0.0,0.9441898576444783
4,A*-GA,35.0,0.0,0.9433506357101981
4,A*-GA,37.0,2.0,0.9423508024332563
4,A*-GA,39.0,2.0,0.9411998517546495
4,A*-GA,41.0,2.0,0.93990685239125
4,A*-GA,43.0,2.0,0.9384804653896166
4,A*-GA,45.0,4.0,0.9369289609767526
4,A*-GA,47.0,4.0,0.9352602347356331
4,A*-GA,49.0,4.0,0.9334818231322232
4,A*-GA,51.0,4.0,0.9316009184196575
4,A*-GA,53.0,8.0,0.9296243829442465
4,A*-GA,55.0,10.0,0.927558762876991
4,A*-GA,57.0,10.0,0.925410301393369
4,A*-GA,59.0,10.0,0.9231849513232488
4,A*-GA,61.0,10.0,0.9208883872919321
4,A*-GA,63.0,12.0,0.9185260173724941
4,A*-GA,65.0,12.0,0.9162325880009472
4,A*-GA,67.0,12.0,0.9140484870274479
4,A*-GA,69.0,14.000000000000002,0.9119692116275152
4,A*-GA,71.0,14.000000000000002,0.9099630400633545
4,A*-GA,73.0,16.0,0.9080182955113418
4,A*-GA,75.0,16.0,0.9061328480868287
4,A*-GA,77.0,18.0,0.9043046468340158
4,A*-GA,79.0,18.0,0.9025317167060525
4,A*-GA,81.0,18.0,0.9008121556623434
4,A*-GA,83.0,18.0,0.8991441318784845
4,A*-GA,85.0,20.0,0.8975258810644295
4,A*-GA,87.0,22.0,0.8959557038866623
4,A*-GA,89.0,22.0,0.8944319634903151
4,A*-GA,91.0,22.0,0.8929530831173291
4,A*-GA,93.0,22.0,0.8915005407634268
4,A*-GA,95.0,22.0,0.8899546578091627
4,A*-GA,97.0,22.0,0.8883215749748605
4,A*-GA,99.0,22.0,0.8866071511076079
4,A*-GA,101.0,22.0,0.8848169749163262
4,A*-GA,103.0,22.0,0.8829563762352814
4,A*-GA,105.0,22.0,0.8810304368347225
4,A*-GA,107.0,24.0,0.8790440007965917
4,A*-GA,109.0,26.0,0.8770016844725521
4,A*-GA,111.0,26.0,0.8749078860408905
4,A*-GA,113.0,26.0,0.8727667946782071
4,A*-GA,115.0,26.0,0.8705823993611721
4,A*-GA,117.0,28.000000000000004,0.8683584973130322
4,A*-GA,119.0,28.000000000000004,0.8660987021089628
4,A*-GA,121.0,28.000000000000004,0.8638064514538168
4,A*-GA,123.0,28.000000000000004,0.861485014645278
4,A*-GA,125.0,28.000000000000004,0.8591374997349169
4,A*-GA,127.0,28.000000000000004,0.8567668603991561
4,A*-GA,129.0,28.000000000000004,0.8543759025316753
4,A*-GA,131.0,34.0,0.8519672905683345
4,A*-GA,133.0,36.0,0.8495435535552519
4,A*-GA,135.0,36.0,0.8472253510025156
4,A*-GA,137.0,36.0,0.8450475019613519
4,A*-GA,139.0,38.0,0.8430039544217153
4,A*-GA,141.0,38.0,0.8410657888635341
4,A*-GA,143.0,38.0,0.8392210162204321
4,A*-GA,145.0,40.0,0.8374657771256372
4,A*-GA,147.0,40.0,0.8357963657756313
4,A*-GA,149.0,40.0,0.8342092238820178
4,A*-GA,151.0,42.0,0.832700934860918
4,A*-GA,153.0,42.0,0.8312682182505788
4,A*-GA,155.0,42.0,0.8299079243482335
4,A*-GA,157.0,42.0,0.8286170290576127
4,A*-GA,159.0,42.0,0.8273926289388395
4,A*-GA,161.0,42.0,0.8262319364527648
4,A*-GA,163.0,42.0,0.8251322753921142
4,A*-GA,165.0,44.0,0.8240910764921132
4,A*-GA,167.0,44.0,0.8231058732135483
4,A*-GA,169.0,44.0,0.8221742976914973
4,A*-GA,171.0,46.0,0.8212940768432248
4,A*-GA,173.0,46.0,0.8204630286289987
4,A*-GA,175.0,46.0,0.8196790584598248
4,A*-GA,177.0,46.0,0.8189401557463335
4,A*-GA,179.0,46.0,0.8182443905832779
4,A*-GA,181.0,46.0,0.8175899105643238
4,A*-GA,183.0,46.0,0.8169749377220134
4,A*-GA,185.0,50.0,0.8163977655879933
4,A*-GA,187.0,50.0,0.8158644393377883
4,A*-GA,189.0,50.0,0.8152752509655904
4,A*-GA,191.0,50.0,0.8145943112926263
4,A*-GA,193.0,50.0,0.8138271126139698
4,A*-GA,195.0,50.0,0.8129789004760518
4,A*-GA,197.0,54.0,0.8120546838736866
4,A*-GA,199.0,54.0,0.8110592450385248
4,A*-GA,201.0,54.0,0.8099863596379793
4,A*-GA,203.0,54.0,0.8088092229763988
4,A*-GA,205.0,54.0,0.8075343379604942
4,A*-GA,207.0,56.00000000000001,0.806167912503427
4,A*-GA,209.0,56.00000000000001,0.8047158717565999
4,A*-GA,211.0,56.00000000000001,0.8031838698507002
4,A*-GA,213.0,57.99999999999999,0.8015773011654285
4,A*-GA,215.0,57.99999999999999,0.7999013111465778
4,A*-GA,217.0,60.0,0.7981610635164189
4,A*-GA,219.0,60.0,0.7963613109783645
4,A*-GA,221.0,64.0,0.7945064136449651
4,A*-GA,223.0,64.0,0.7926003567331175
4,A*-GA,225.0,64.0,0.7906471899111247
4,A*-GA,227.0,64.0,0.7886507702169797
4,A*-GA,229.0,64.0,0.7866147701732585
4,A*-GA,231.0,64.0,0.7845426855744466
4,A*-GA,233.0,64.0,0.7824378429596972
4,A*-GA,235.0,64.0,0.7803034067835133
4,A*-GA,237.0,64.0,0.778142386296353
4,A*-GA,239.0,66.0,0.7759576421466803
4,A*-GA,241.0,66.0,0.7737518927155318
4,A*-GA,243.0,66.0,0.771527720194236
4,A*-GA,245.0,66.0,0.7692875764154938
4,A*-GA,247.0,68.0,0.7670337884476383
4,A*-GA,249.0,70.0,0.7647685656403578
4,A*-GA,251.0,70.0,0.7624940084678943
4,A*-GA,253.0,72.0,0.7602121084516386
4,A*-GA,255.0,74.0,0.7579247521215724
4,A*-GA,257.0,78.0,0.7556337255790896
4,A*-GA,259.0,78.0,0.7533407188734791
4,A*-GA,261.0,78.0,0.7510473301995024
4,A*-GA,263.0,78.0,0.7487550699232016
4,A*-GA,265.0,78.0,0.746465364442795
4,A*-GA,267.0,80.0,0.7441795598912445
4,A*-GA,269.0,82.0,0.7418989256868203
4,A*-GA,271.0,82.0,0.739624657937736
4,A*-GA,273.0,82.0,0.7373578827066904
4,A*-GA,275.0,82.0,0.7350998445743779
4,A*-GA,277.0,84.0,0.7328515872013422
4,A*-GA,279.0,86.0,0.730614029366356
4,A*-GA,281.0,86.0,0.7283880322766609
4,A*-GA,283.0,86.0,0.7261744021823144
4,A*-GA,285.0,88.0,0.7239738928820937
4,A*-GA,287.0,88.0,0.7217872081253107
4,A*-GA,289.0,88.0,0.7196150039137147
4,A*-GA,291.0,92.0,0.7174578907074978
4,A*-GA,293.0,92.0,0.7153164355392579
4,A*-GA,295.0,92.0,0.7131911640396196
4,A*-GA,297.0,92.0,0.7110825623780682
4,A*-GA,299.0,92.0,0.7089910791224131
4,A*-GA,301.0,96.0,0.7069171270201567
4,A*-GA,303.0,100.0,0.7048610847049182
4,A*-GA,305.0,100.0,0.7028232983309369
4,A*-GA,307.0,100.0,0.7008040831385588
4,A*-GA,309.0,100.0,0.6988037249534922
4,A*-GA,311.0,100.0,0.6968224816225143
4,A*-GA,313.0,100.0,0.6948605843881969
4,A*-GA,315.0,100.0,0.6929182392051221
4,A*-GA,317.0,100.0,0.690995627999958
4,A*-GA,319.0,100.0,0.6890929098776718
4,A*-GA,321.0,100.0,0.687210222276067
4,A*-GA,323.0,100.0,0.6853476820707418
4,A*-GA,325.0,100.0,0.6835053866324888
4,A*-GA,327.0,100.0,0.6816834148390659
4,A*-GA,329.0,100.0,0.6798818280432009
4,A*-GA,331.0,100.0,0.678100670998613
4,A*-GA,333.0,100.0,0.6763399727457643
4,A*-GA,335.0,100.0,0.6745997474589857
4,A*-GA,337.0,100.0,0.6728799952565573
4,A*-GA,339.0,100.0,0.6711807029752601
4,A*-GA,341.0,100.0,0.6695018449108532
4,A*-GA,343.0,100.0,0.6678433835258756
4,A*-GA,345.0,100.0,0.6662052701261141
4,A*-GA,347.0,100.0,0.6645874455070242
4,A*-GA,349.0,100.0,0.6629898405713435
4,A*-GA,351.0,100.0,0.6614123769190811
4,A*-GA,353.0,100.0,0.6598549674110263
4,A*-GA,355.0,100.0,0.6583175167068689
4,A*-GA,357.0,100.0,0.6567999217789794
4,A*-GA,359.0,100.0,0.6553020724028624
4,A*-GA,361.0,100.0,0.6538238516252454
4,A*-GA,363.0,100.0,0.6523651362107348
4,A*-GA,365.0,100.0,0.6509257970679312
4,A*-GA,367.0,100.0,0.6495056996558571
4,A*-GA,369.0,100.0,0.6481047043715208
4,A*-GA,371.0,100.0,0.6467226669194036
4,A*-GA,373.0,100.0,0.645359438663628
4,A*-GA,375.0,100.0,0.6440148669635313
4,A*-GA,377.0,100.0,0.6426887954933427
4,A*-GA,379.0,100.0,0.6413810645466338
4,A*-GA,381.0,100.0,0.6400915113261806
4,A*-GA,383.0,100.0,0.638819970219857
4,A*-GA,385.0,100.0,0.6375662730631494
4,A*-GA,387.0,100.0,0.6363302493888571
4,A*-GA,389.0,100.0,0.6351117266645266
4,A*-GA,391.0,100.0,0.6339105305181405
4,A*-GA,393.0,100.0,0.6327264849525589
4,A*-GA,395.0,100.0,0.6315594125491993
4,A*-GA,397.0,100.0,0.6304091346614124
4,A*-GA,399.0,100.0,0.6292754715979966
4,A*-GA,401.0,100.0,0.6281582427972778
4,A*-GA,403.0,100.0,0.6270572669921594
4,A*-GA,405.0,100.0,0.6259723623665328
4,A*-GA,407.0,100.0,0.624903346703426
4,A*-GA,409.0,100.0,0.623850037525246
4,A*-GA,411.0,100.0,0.6228122522264629
4,A*-GA,413.0,100.0,0.621789808199063
4,A*-GA,415.0,100.0,0.620782522951092
4,A*-GA,417.0,100.0,0.6197902142185877
4,A*-GA,419.0,100.0,0.618812700071198
4,A*-GA,421.0,100.0,0.6178497990117616
4,A*-GA,423.0,100.0,0.6169013300701189
4,A*-GA,425.0,100.0,0.6159671128914131
4,A*-GA,427.0,100.0,0.6150469678191242
4,A*-GA,429.0,100.0,0.6141407159730755
4,A*-GA,431.0,100.0,0.6132481793226371
4,A*-GA,433.0,100.0,0.612369180755345
4,A*-GA,435.0,100.0,0.6115035441411418
4,A*-GA,437.0,100.0,0.6106510943924421
4,A*-GA,439.0,100.0,0.6098116575202105
4,A*-GA,441.0,100.0,0.6089850606862365
4,A*-GA,443.0,100.0,0.6081711322517835
4,A*-GA,445.0,100.0,0.6073697018227782
4,A*-GA,447.0,100.0,0.6065806002917025
4,A*-GA,449.0,100.0,0.6058036598763432
4,A*-GA,451.0,100.0,0.6050387141555464
4,A*-GA,453.0,100.0,0.6042855981021187
4,A*-GA,455.0,100.0,0.6035441481130118
4,A*-GA,457.0,100.0,0.60281420203692
4,A*-GA,459.0,100.0,0.6020955991994157
4,A*-GA,461.0,100.0,0.6013881804257418
4,A*-GA,463.0,100.0,0.6006917880613757
4,A*-GA,465.0,100.0,0.6000062659904741
5,EHCO,1.0,0.0,0.9918908967106006
5,EHCO,3.0,0.0,0.9911144288038037
5,EHCO,5.0,0.0,0.9902791772468823
5,EHCO,7.0,0.0,0.9893889175477688
5,EHCO,9.0,0.0,0.9884472528143464
5,EHCO,11.0,0.0,0.9874576209191055
5,EHCO,13.0,0.0,0.9864233013760983
5,EHCO,15.0,0.0,0.9853474219415865
5,EHCO,17.0,0.0,0.9842329649493284
5,EHCO,19.0,0.0,0.983082773391023
5,EHCO,21.0,0.0,0.9818995567520116
5,EHCO,23.0,0.0,0.9806858966119427
5,EHCO,25.0,0.0,0.9794324200413161
5,EHCO,27.0,0.0,0.978017794035779
5,EHCO,29.0,2.0,0.9764518111468777
5,EHCO,31.0,2.0,0.9747438224009126
5,EHCO,33.0,2.0,0.9729027555680491
5,EHCO,35.0,2.0,0.970937132699063
5,EHCO,37.0,2.0,0.9688550869587109
5,EHCO,39.0,2.0,0.9666643787835725
5,EHCO,41.0,2.0,0.9643724113911162
5,EHCO,43.0,2.0,0.9619862456656874
5,EHCO,45.0,2.0,0.9595126144461027
5,EHCO,47.0,2.0,0.9569579362385652
5,EHCO,49.0,6.0,0.9543283283776779
5,EHCO,51.0,6.0,0.9516296196574383
5,EHCO,53.0,8.0,0.9490009622527448
5,EHCO,55.0,10.0,0.9464841613902276
5,EHCO,57.0,12.0,0.9440747324444392
5,EHCO,59.0,12.0,0.9417370951328425
5,EHCO,61.0,12.0,0.9394585830736331
5,EHCO,63.0,12.0,0.937237409650619
5,EHCO,65.0,12.0,0.935082128015575
5,EHCO,67.0,12.0,0.9328876057203097
5,EHCO,69.0,14.000000000000002,0.9306138707741876
5,EHCO,71.0,16.0,0.9282667572548249
5,EHCO,73.0,16.0,0.9258518253037658
5,EHCO,75.0,16.0,0.9233743726178187
5,EHCO,77.0,16.0,0.9208394454772802
5,EHCO,79.0,18.0,0.9182518493294132
5,EHCO,81.0,18.0,0.9156161589448304
5,EHCO,83.0,20.0,0.9129367281637347
5,EHCO,85.0,20.0,0.9102176992482968
5,EHCO,87.0,22.0,0.9074630118568147
5,EHCO,89.0,24.0,0.9046764116546785
5,EHCO,91.0,24.0,0.901861458576573
5,EHCO,93.0,24.0,0.8990215347537803
5,EHCO,95.0,24.0,0.8961598521198998
5,EHCO,97.0,24.0,0.8932794597077743
5,EHCO,99.0,24.0,0.890383250649912
5,EHCO,101.0,24.0,0.887473968894201
5,EHCO,103.0,24.0,0.8845542156462561
5,EHCO,105.0,24.0,0.8816264555492827
5,EHCO,107.0,24.0,0.878733758712069
5,EHCO,109.0,28.000000000000004,0.8759963608874421
5,EHCO,111.0,30.0,0.8734077911805832
5,EHCO,113.0,34.0,0.8709539840461008
5,EHCO,115.0,34.0,0.8686063695031966
5,EHCO,117.0,36.0,0.8663606681422089
5,EHCO,119.0,36.0,0.8642127696879093
5,EHCO,121.0,36.0,0.8621587263505371
5,EHCO,123.0,36.0,0.8601947464378249
5,EHCO,125.0,36.0,0.8583171882177737
5,EHCO,127.0,36.0,0.8565043800038559
5,EHCO,129.0,36.0,0.8546406955256795
5,EHCO,131.0,38.0,0.8527301413633559
5,EHCO,133.0,40.0,0.8507765336855079
5,EHCO,135.0,40.0,0.8487835062683841
5,EHCO,137.0,40.0,0.8467545181913084
5,EHCO,139.0,40.0,0.8446928612213068
5,EHCO,141.0,40.0,0.8426016668992565
5,EHCO,143.0,40.0,0.8404839133394102
5,EHCO,145.0,40.0,0.8383424317536823
5,EHCO,147.0,40.0,0.8361799127116356
5,EHCO,149.0,40.0,0.8339989121466752
5,EHCO,151.0,42.0,0.8318018571185397
5,EHCO,153.0,44.0,0.829591051341787
5,EHCO,155.0,46.0,0.8273686804895819
5,EHCO,157.0,48.0,0.8251368172817343
5,EHCO,159.0,48.0,0.8228974263655738
5,EHCO,161.0,50.0,0.8207670708365086
5,EHCO,163.0,50.0,0.8187791347861968
5,EHCO,165.0,52.0,0.8169273809022212
5,EHCO,167.0,54.0,0.8151827127834872
5,EHCO,169.0,54.0,0.8135329725608483
5,EHCO,171.0,56.00000000000001,0.8119741398135182
5,EHCO,173.0,57.99999999999999,0.8105023551162901
5,EHCO,175.0,57.99999999999999,0.8091139136875228
5,EHCO,177.0,57.99999999999999,0.8078052592867158
5,EHCO,179.0,57.99999999999999,0.8065729783518747
5,EHCO,181.0,57.99999999999999,0.8054137943672606
5,EHCO,183.0,60.0,0.8043245624524755
5,EHCO,185.0,60.0,0.8033022641642008
5,EHCO,187.0,60.0,0.8023440025022402
5,EHCO,189.0,60.0,0.8014469971118492
5,EHCO,191.0,60.0,0.8006085796746452
5,EHCO,193.0,60.0,0.7998338724497006
5,EHCO,195.0,62.0,0.7990258285003194
5,EHCO,197.0,62.0,0.7981486278543215
5,EHCO,199.0,64.0,0.7972066448777112
5,EHCO,201.0,64.0,0.7961932656739936
5,EHCO,203.0,64.0,0.7950813135293393
5,EHCO,205.0,66.0,0.7938769361522867
5,EHCO,207.0,68.0,0.7925860023811969
5,EHCO,209.0,68.0,0.7912141137473453
5,EHCO,211.0,68.0,0.789766615574099
5,EHCO,213.0,70.0,0.7882486076305462
5,EHCO,215.0,72.0,0.7866649543572254
5,EHCO,217.0,72.0,0.7850202946809058
5,EHCO,219.0,74.0,0.7833190514347008
5,EHCO,221.0,74.0,0.7815654403991574
5,EHCO,223.0,74.0,0.779763478979348
5,EHCO,225.0,76.0,0.7779169945323956
5,EHCO,227.0,76.0,0.7760296323593004
5,EHCO,229.0,76.0,0.7741048633743848
5,EHCO,231.0,76.0,0.7721459914651486
5,EHCO,233.0,76.0,0.7701562467332651
5,EHCO,235.0,76.0,0.7681388716547336
5,EHCO,237.0,78.0,0.7660966970248254
5,EHCO,239.0,78.0,0.7640324137142105
5,EHCO,241.0,78.0,0.7619485786354011
5,EHCO,243.0,78.0,0.7598476204672436
5,EHCO,245.0,78.0,0.757731845147084
5,EHCO,247.0,78.0,0.7556034411398465
5,EHCO,249.0,78.0,0.7534644844929034
5,EHCO,251.0,78.0,0.7513169436852661
5,EHCO,253.0,78.0,0.7491626842792848
5,EHCO,255.0,78.0,0.7470034733827255
5,EHCO,257.0,78.0,0.7448409839287827
5,EHCO,259.0,78.0,0.7426767987812831
5,EHCO,261.0,78.0,0.7405124146720553
5,EHCO,263.0,80.0,0.7383492459771597
5,EHCO,265.0,80.0,0.7361886283384106
5,EHCO,267.0,82.0,0.73403182213637
5,EHCO,269.0,86.0,0.7318800158207432
5,EHCO,271.0,86.0,0.7297343291038798
5,EHCO,273.0,88.0,0.7275958160228491
5,EHCO,275.0,88.0,0.7254654678753505
5,EHCO,277.0,88.0,0.7233442160345065
5,EHCO,279.0,88.0,0.7212329346473889
5,EHCO,281.0,90.0,0.7191324432219351
5,EHCO,283.0,90.0,0.7170435091067281
5,EHCO,285.0,90.0,0.7149668498679376
5,EHCO,287.0,92.0,0.7129031355675461
5,EHCO,289.0,92.0,0.7108529909468263
5,EHCO,291.0,94.0,0.7088169975188715
5,EHCO,293.0,94.0,0.7067956955738384
5,EHCO,295.0,94.0,0.7047895861004092
5,EHCO,297.0,94.0,0.7027991326268468
5,EHCO,299.0,94.0,0.7008247629848776
5,EHCO,301.0,94.0,0.6988668709995149
5,EHCO,303.0,94.0,0.6969258181078055
5,EHCO,305.0,96.0,0.6950019349093676
5,EHCO,307.0,96.0,0.6930955226514751
5,EHCO,309.0,96.0,0.6912068546513308
5,EHCO,311.0,96.0,0.6893361776580686
5,EHCO,313.0,96.0,0.6874837131569227
5,EHCO,315.0,96.0,0.6856496586179053
5,EHCO,317.0,96.0,0.6838341886912425
5,EHCO,319.0,96.0,0.6820374563517255
5,EHCO,321.0,96.0,0.6802595939940518
5,EHCO,323.0,96.0,0.6785007144811457
5,EHCO,325.0,98.0,0.6767609121473719
5,EHCO,327.0,98.0,0.6750402637584753
5,EHCO,329.0,98.0,0.6733388294300103
5,EHCO,331.0,98.0,0.6716566535059528
5,EHCO,333.0,98.0,0.6699937653991161
5,EHCO,335.0,100.0,0.6683501803949359
5,EHCO,337.0,100.0,0.6667259004201169
5,EHCO,339.0,100.0,0.6651209147775828
5,EHCO,341.0,100.0,0.6635352008491072
5,EHCO,343.0,100.0,0.661968724766954
5,EHCO,345.0,100.0,0.6604214420557969
5,EHCO,347.0,100.0,0.6588932982461411
5,EHCO,349.0,100.0,0.6573842294604201
5,EHCO,351.0,100.0,0.6558941629728922
5,EHCO,353.0,100.0,0.6544230177444199
5,EHCO,355.0,100.0,0.6529707049331661
5,EHCO,357.0,100.0,0.6515371283822073
5,EHCO,359.0,100.0,0.6501221850850161
5,EHCO,361.0,100.0,0.6487257656297329
5,EHCO,363.0,100.0,0.6473477546231082
5,EHCO,365.0,100.0,0.6459880310949574
5,EHCO,367.0,100.0,0.6446464688839444
5,EHCO,369.0,100.0,0.64332293700547
5,EHCO,371.0,100.0,0.6420173000024139
5,EHCO,373.0,100.0,0.6407294182794459
5,EHCO,375.0,100.0,0.6394591484215983
5,EHCO,377.0,100.0,0.638206343497758
5,EHCO,379.0,100.0,0.6369708533497115
5,EHCO,381.0,100.0,0.6357525248673561
5,EHCO,383.0,100.0,0.6345512022506555
5,EHCO,385.0,100.0,0.6333667272589047
5,EHCO,387.0,100.0,0.6321989394478403
5,EHCO,389.0,100.0,0.631047676395112
5,EHCO,391.0,100.0,0.6299127739146113
5,EHCO,393.0,100.0,0.6287940662601327
5,EHCO,395.0,100.0,0.6276913863188218
5,EHCO,397.0,100.0,0.6266045657948495
5,EHCO,399.0,100.0,0.6255334353837299
5,EHCO,401.0,100.0,0.624477824937687
5,EHCO,403.0,100.0,0.6234375636224537
5,EHCO,405.0,100.0,0.6224124800658754
5,EHCO,407.0,100.0,0.621402402498672
5,EHCO,409.0,100.0,0.6204071588877014
5,EHCO,411.0,100.0,0.6194265770620488
5,EHCO,413.0,100.0,0.618460484832257
5,EHCO,415.0,100.0,0.6175087101029977
5,EHCO,417.0,100.0,0.6165710809794724
5,EHCO,419.0,100.0,0.6156474258678207
5,EHCO,421.0,100.0,0.6147375735697982
5,EHCO,423.0,100.0,0.6138413533719811
5,EHCO,425.0,100.0,0.6129585951297409
5,EHCO,427.0,100.0,0.612089129346221
5,EHCO,429.0,100.0,0.6112327872465422
5,EHCO,431.0,100.0,0.6103894008474503
5,EHCO,433.0,100.0,0.6095588030226116
5,EHCO,435.0,100.0,0.6087408275637547
5,EHCO,437.0,100.0,0.607935309237848
5,EHCO,439.0,100.0,0.6071420838404926
5,EHCO,441.0,100.0,0.6063609882457069
5,EHCO,443.0,100.0,0.6055918604522676
5,EHCO,445.0,100.0,0.6048345396267679
5,EHCO,447.0,100.0,0.6040888661435454
5,EHCO,449.0,100.0,0.6033546816216264
5,EHCO,451.0,100.0,0.6026318289588279
5,EHCO,453.0,100.0,0.6019201523631491
5,EHCO,455.0,100.0,0.6012194973815858
5,EHCO,457.0,100.0,0.6005297109264869
5,EHCO,459.0,100.0,0.5998506412995741
5,A*-GA,1.0,0.0,0.9918908967106006
5,A*-GA,3.0,0.0,0.9911144288038037
5,A*-GA,5.0,0.0,0.9902791772468823
5,A*-GA,7.0,0.0,0.9893889175477688
5,A*-GA,9.0,0.0,0.9884472528143464
5,A*-GA,11.0,0.0,0.9874576209191055
5,A*-GA,13.0,0.0,0.9864233013760983
5,A*-GA,15.0,0.0,0.9853474219415865
5,A*-GA,17.0,0.0,0.9842211329709253
5,A*-GA,19.0,0.0,0.9829236027751188
5,A*-GA,21.0,0.0,0.9814651041372507
5,A*-GA,23.0,0.0,0.9798554480818797
5,A*-GA,25.0,0.0,0.9781040029609359
5,A*-GA,27.0,0.0,0.9762197127748303
5,A*-GA,29.0,0.0,0.9742111147590428
5,A*-GA,31.0,0.0,0.9720863562652662
5,A*-GA,33.0,0.0,0.9698532109650366
5,A*-GA,35.0,0.0,0.9675190944026812
5,A*-GA,37.0,0.0,0.965091078923358
5,A*-GA,39.0,0.0,0.9625759080009473
5,A*-GA,41.0,0.0,0.9599800099895772
5,A*-GA,43.0,2.0,0.9573095113216316
5,A*-GA,45.0,2.0,0.9545702491741858
5,A*-GA,47.0,2.0,0.9519016936110257
5,A*-GA,49.0,4.0,0.9493457372730352
5,A*-GA,51.0,6.0,0.9468978754879211
5,A*-GA,53.0,8.0,0.9445222085948746
5,A*-GA,55.0,8.0,0.942205973785825
5,A*-GA,57.0,8.0,0.9399473919949746
5,A*-GA,59.0,10.0,0.937744744817833
5,A*-GA,61.0,12.0,0.9355963722824109
5,A*-GA,63.0,16.0,0.9335006707053535
5,A*-GA,65.0,18.0,0.9314560906297249
5,A*-GA,67.0,18.0,0.9294611348412799
5,A*-GA,69.0,20.0,0.9275245152014571
5,A*-GA,71.0,20.0,0.9255413772161871
5,A*-GA,73.0,20.0,0.9234721293026186
5,A*-GA,75.0,20.0,0.9213228530550839
5,A*-GA,77.0,20.0,0.9190993468029965
5,A*-GA,79.0,20.0,0.9168071374618564
5,A*-GA,81.0,20.0,0.9144514919071345
5,A*-GA,83.0,20.0,0.9120374278899581
5,A*-GA,85.0,20.0,0.9095697245127665
5,A*-GA,87.0,20.0,0.9070529322823985
5,A*-GA,89.0,20.0,0.9044913827573775
5,A*-GA,91.0,20.0,0.9018891978055055
5,A*-GA,93.0,20.0,0.8992502984872355
5,A*-GA,95.0,22.0,0.8965784135796903
5,A*-GA,97.0,22.0,0.8938770877556002
5,A*-GA,99.0,22.0,0.8911496894308757
5,A*-GA,101.0,22.0,0.8883994182939886
5,A*-GA,103.0,24.0,0.8856293125298141
5,A*-GA,105.0,24.0,0.8829649509989124
5,A*-GA,107.0,26.0,0.8804427619789862
5,A*-GA,109.0,28.000000000000004,0.8780567520526739
5,A*-GA,111.0,30.0,0.8757780565580932
5,A*-GA,113.0,32.0,0.8735947377149339
5,A*-GA,115.0,32.0,0.8715029840261903
5,A*-GA,117.0,32.0,0.8694991342913498
5,A*-GA,119.0,34.0,0.8675796717017605
5,A*-GA,121.0,34.0,0.8657412181677294
5,A*-GA,123.0,34.0,0.8639805288682616
5,A*-GA,125.0,36.0,0.8622944870147035
5,A*-GA,127.0,36.0,0.8606800988198988
5,A*-GA,129.0,36.0,0.8591158367909444
5,A*-GA,131.0,36.0,0.8574853021968658
5,A*-GA,133.0,36.0,0.855793198929707
5,A*-GA,135.0,36.0,0.8540440115722072
5,A*-GA,137.0,36.0,0.8522420145760655
5,A*-GA,139.0,36.0,0.850391281070643
5,A*-GA,141.0,36.0,0.8484956913167588
5,A*-GA,143.0,38.0,0.8465589408196549
5,A*-GA,145.0,38.0,0.8445845481146544
5,A*-GA,147.0,38.0,0.8425758622385022
5,A*-GA,149.0,40.0,0.840536069898865
5,A*-GA,151.0,42.0,0.8384682023539769
5,A*-GA,153.0,42.0,0.8363751420139438
5,A*-GA,155.0,44.0,0.8342596287747646
5,A*-GA,157.0,44.0,0.832124266095693
5,A*-GA,159.0,44.0,0.8299715268301441
5,A*-GA,161.0,44.0,0.8278037588199453
5,A*-GA,163.0,44.0,0.8256231902623482
5,A*-GA,165.0,44.0,0.8234319348588441
5,A*-GA,167.0,44.0,0.8212319967544679
5,A*-GA,169.0,46.0,0.8191398698524626
5,A*-GA,171.0,46.0,0.8171889471521566
5,A*-GA,173.0,50.0,0.8153730358734218
5,A*-GA,175.0,50.0,0.8136630824351867
5,A*-GA,177.0,50.0,0.81204697014285
5,A*-GA,179.0,50.0,0.8105207181688653
5,A*-GA,181.0,50.0,0.8090805051616192
5,A*-GA,183.0,50.0,0.8077226629526619
5,A*-GA,185.0,52.0,0.8064436705112056
5,A*-GA,187.0,54.0,0.8052401481361867
5,A*-GA,189.0,56.00000000000001,0.8041088518765671
5,A*-GA,191.0,57.99999999999999,0.8030466681709165
5,A*-GA,193.0,57.99999999999999,0.8020506086976692
5,A*-GA,195.0,57.99999999999999,0.801117805427786
5,A*-GA,197.0,57.99999999999999,0.8002455058718786
5,A*-GA,199.0,57.99999999999999,0.799438751483163
5,A*-GA,201.0,60.0,0.7985898150974822
5,A*-GA,203.0,60.0,0.7976316893897233
5,A*-GA,205.0,60.0,0.7965710073935709
5,A*-GA,207.0,60.0,0.7954141030953915
5,A*-GA,209.0,60.0,0.79416702380768
5,A*-GA,211.0,60.0,0.7928355420464888
5,A*-GA,213.0,60.0,0.7914251669324733
5,A*-GA,215.0,60.0,0.7899411551344165
5,A*-GA,217.0,60.0,0.7883885213733477
5,A*-GA,219.0,60.0,0.7867720485046632
5,A*-GA,221.0,60.0,0.7850962971949655
5,A*-GA,223.0,62.0,0.7833656152096837
5,A*-GA,225.0,62.0,0.7815841463268985
5,A*-GA,227.0,62.0,0.7797558388921987
5,A*-GA,229.0,64.0,0.777884454028797
5,A*-GA,231.0,66.0,0.7759735735165872
5,A*-GA,233.0,66.0,0.7740266073532732
5,A*-GA,235.0,66.0,0.7720470578382127
5,A*-GA,237.0,66.0,0.7700380872748456
5,A*-GA,239.0,68.0,0.7680025335158541
5,A*-GA,241.0,68.0,0.7659429248902264
5,A*-GA,243.0,68.0,0.7638619168923353
5,A*-GA,245.0,68.0,0.7617620329813048
5,A*-GA,247.0,70.0,0.7596456746069916
5,A*-GA,249.0,70.0,0.7575151242031488
5,A*-GA,251.0,70.0,0.7553725476210524
5,A*-GA,253.0,70.0,0.7532199991499902
5,A*-GA,255.0,72.0,0.7510594263334092
5,A*-GA,257.0,72.0,0.7488926745888622
5,A*-GA,259.0,76.0,0.7467214916395681
5,A*-GA,261.0,78.0,0.7445475317650955
5,A*-GA,263.0,78.0,0.7423723598783812
5,A*-GA,265.0,78.0,0.7401974554360119
5,A*-GA,267.0,78.0,0.7380242161884198
5,A*-GA,269.0,78.0,0.735853961776386
5,A*-GA,271.0,82.0,0.7336879371799866
5,A*-GA,273.0,82.0,0.7315273160258802
5,A*-GA,275.0,82.0,0.7293732037585953
5,A*-GA,277.0,82.0,0.7272266406812604
5,A*-GA,279.0,82.0,0.725088604870997
5,A*-GA,281.0,82.0,0.7229600149739933
5,A*-GA,283.0,82.0,0.7208417328850784
5,A*-GA,285.0,82.0,0.7187345663164227
5,A*-GA,287.0,82.0,0.7166392712598104
5,A*-GA,289.0,82.0,0.7145565543467524
5,A*-GA,291.0,82.0,0.7124870751105387
5,A*-GA,293.0,84.0,0.7104314481541701
5,A*-GA,295.0,84.0,0.7083902452279465
5,A*-GA,297.0,84.0,0.7063639972203466
5,A*-GA,299.0,84.0,0.7043531960656864
5,A*-GA,301.0,84.0,0.7023582965719034
5,A*-GA,303.0,86.0,0.7003797181716864
5,A*-GA,305.0,88.0,0.6984178466000378
5,A*-GA,307.0,88.0,0.6964730355012354
5,A*-GA,309.0,92.0,0.6945456079680428
5,A*-GA,311.0,92.0,0.6926358580159042
5,A*-GA,313.0,94.0,0.6907440519947503
5,A*-GA,315.0,96.0,0.6888704299409383
5,A*-GA,317.0,96.0,0.6870152068717482
5,A*-GA,319.0,98.0,0.6851785740247633
5,A*-GA,321.0,98.0,0.6833607000443664
5,A*-GA,323.0,98.0,0.6815617321174986
5,A*-GA,325.0,98.0,0.6797817970607393
5,A*-GA,327.0,98.0,0.6780210023606865
5,A*-GA,329.0,98.0,0.6762794371695345
5,A*-GA,331.0,98.0,0.6745571732576747
5,A*-GA,333.0,98.0,0.6728542659250684
5,A*-GA,335.0,98.0,0.6711707548730739
5,A*-GA,337.0,98.0,0.6695066650383414
5,A*-GA,339.0,98.0,0.6678620073903261
5,A*-GA,341.0,98.0,0.6662367796939059
5,A*-GA,343.0,98.0,0.6646309672385348
5,A*-GA,345.0,98.0,0.6630445435353001
5,A*-GA,347.0,98.0,0.6614774706584959
5,A*-GA,349.0,98.0,0.6599296978896438
5,A*-GA,351.0,98.0,0.6584011640665066
5,A*-GA,353.0,98.0,0.6568917989227421
5,A*-GA,355.0,98.0,0.6554015236351908
5,A*-GA,357.0,98.0,0.6539302513465516
5,A*-GA,359.0,98.0,0.6524778876644619
5,A*-GA,361.0,98.0,0.6510443311379591
5,A*-GA,363.0,98.0,0.649629473712262
5,A*-GA,365.0,98.0,0.6482332011627698
5,A*-GA,367.0,98.0,0.6468553935091462
5,A*-GA,369.0,98.0,0.645495925410313
5,A*-GA,371.0,98.0,0.6441546665411532
5,A*-GA,373.0,98.0,0.6428314819516855
5,A*-GA,375.0,98.0,0.6415262324094428
5,A*-GA,377.0,98.0,0.6402387747257603
5,A*-GA,379.0,98.0,0.6389689620666459
5,A*-GA,381.0,98.0,0.6377166442488825
5,A*-GA,383.0,98.0,0.6364816680219851
5,A*-GA,385.0,98.0,0.6352638773366058
5,A*-GA,387.0,98.0,0.6340631135999638
5,A*-GA,389.0,98.0,0.6328792159188472
5,A*-GA,391.0,98.0,0.6317120213307141
5,A*-GA,393.0,98.0,0.6305614163890048
5,A*-GA,395.0,98.0,0.6294272495198987
5,A*-GA,397.0,100.0,0.6283093502291716
5,A*-GA,399.0,100.0,0.6272075468704399
5,A*-GA,401.0,100.0,0.626121666819954
5,A*-GA,403.0,100.0,0.6250515366423913
5,A*-GA,405.0,100.0,0.62399698224804
5,A*-GA,407.0,100.0,0.622957829041744
5,A*-GA,409.0,100.0,0.621933902063967
5,A*-GA,411.0,100.0,0.62092502612432
5,A*-GA,413.0,100.0,0.6199310259278782
5,A*-GA,415.0,100.0,0.6189517261946058
5,A*-GA,417.0,100.0,0.6179869517721888
5,A*-GA,419.0,100.0,0.6170365277425669
5,A*-GA,421.0,100.0,0.616100279522443
5,A*-GA,423.0,100.0,0.6151780329580354
5,A*-GA,425.0,100.0,0.6142696144143319
5,A*-GA,427.0,100.0,0.6133748508590862
5,A*-GA,429.0,100.0,0.612493569941796
5,A*-GA,431.0,100.0,0.6116256000678864
5,A*-GA,433.0,100.0,0.610770770468314
5,A*-GA,435.0,100.0,0.6099289112648013
5,A*-GA,437.0,100.0,0.6090998535308972
5,A*-GA,439.0,100.0,0.6082834293490561
5,A*-GA,441.0,100.0,0.6074794718639163
5,A*-GA,443.0,100.0,0.6066878153319542
5,A*-GA,445.0,100.0,0.6059082951676816
5,A*-GA,447.0,100.0,0.605140747986545
5,A*-GA,449.0,100.0,0.6043850116446826
5,A*-GA,451.0,100.0,0.6036409252756858
5,A*-GA,453.0,100.0,0.6029083293245066
5,A*-GA,455.0,100.0,0.6021870655786457
5,A*-GA,457.0,100.0,0.601476977196752
5,A*-GA,459.0,100.0,0.6007779087347559
5,A*-GA,461.0,100.0,0.6000897061696573
6,EHCO,1.0,0.0,0.9932380787526951
6,EHCO,3.0,0.0,0.9924087611782864
6,EHCO,5.0,0.0,0.9915227332350762
6,EHCO,7.0,0.0,0.9905836890966077
6,EHCO,9.0,0.0,0.9895951537271055
6,EHCO,11.0,0.0,0.9885604899209608
6,EHCO,13.0,0.0,0.9874829050594248
6,EHCO,15.0,0.0,0.9863654575957126
6,EHCO,17.0,0.0,0.9852110632792797
6,EHCO,19.0,0.0,0.9840225011296104
6,EHCO,21.0,2.0,0.9828024191694485
6,EHCO,23.0,2.0,0.9815533399270091
6,EHCO,25.0,2.0,0.980277665716337
6,EHCO,27.0,2.0,0.9789776837046126
6,EHCO,29.0,2.0,0.9776555707748614
6,EHCO,31.0,2.0,0.9763133981921902
6,EHCO,33.0,4.0,0.9749531360813501
6,EHCO,35.0,4.0,0.9735766577231229
6,EHCO,37.0,6.0,0.9721857436767278
6,EHCO,39.0,10.0,0.9707820857351659
6,EHCO,41.0,10.0,0.9693672907201405
6,EHCO,43.0,10.0,0.9679310521445351
6,EHCO,45.0,12.0,0.9663511429814924
6,EHCO,47.0,16.0,0.9646364996960826
6,EHCO,49.0,16.0,0.9627956536286032
6,EHCO,51.0,16.0,0.9608367477891563
6,EHCO,53.0,16.0,0.9587675529784758
6,EHCO,55.0,16.0,0.9565954832616819
6,EHCO,57.0,16.0,0.9543276108205887
6,EHCO,59.0,16.0,0.9519706802091852
6,EHCO,61.0,16.0,0.9495311220359333
6,EHCO,63.0,16.0,0.9470150660956025
6,EHCO,65.0,16.0,0.9444283539724614
6,EHCO,67.0,16.0,0.9417765511357862
6,EHCO,69.0,16.0,0.9390649585478235
6,EHCO,71.0,16.0,0.9362986238035484
6,EHCO,73.0,16.0,0.9335262453134524
6,EHCO,75.0,18.0,0.9308794720264125
6,EHCO,77.0,20.0,0.9283532738796728
6,EHCO,79.0,22.0,0.9259332113232076
6,EHCO,81.0,22.0,0.9235870074744889
6,EHCO,83.0,22.0,0.9213121076498458
6,EHCO,85.0,24.0,0.9191060517196901
6,EHCO,87.0,26.0,0.9169664704928229
6,EHCO,89.0,28.000000000000004,0.9148749178756809
6,EHCO,91.0,28.000000000000004,0.9127100955354156
6,EHCO,93.0,30.0,0.9104774394151735
6,EHCO,95.0,32.0,0.9081821298678824
6,EHCO,97.0,32.0,0.9058291023828089
6,EHCO,99.0,32.0,0.903423057879749
6,EHCO,101.0,34.0,0.9009684725880033
6,EHCO,103.0,34.0,0.8984696075266159
6,EHCO,105.0,36.0,0.8959305176017015
6,EHCO,107.0,36.0,0.893355060336066
6,EHCO,109.0,36.0,0.8907469042457246
6,EHCO,111.0,36.0,0.888109536877343
6,EHCO,113.0,36.0,0.8854462725200808
6,EHCO,115.0,36.0,0.8827602596047757
6,EHCO,117.0,36.0,0.8801770607833098
6,EHCO,119.0,36.0,0.8777331746927107
6,EHCO,121.0,38.0,0.8754227165217284
6,EHCO,123.0,38.0,0.8732169259935825
6,EHCO,125.0,38.0,0.8711039656572062
6,EHCO,127.0,38.0,0.8690801204476568
6,EHCO,129.0,40.0,0.8671418218517629
6,EHCO,131.0,40.0,0.8652856421499721
6,EHCO,133.0,40.0,0.8635082888841904
6,EHCO,135.0,42.0,0.8618065995427441
6,EHCO,137.0,42.0,0.8601775364539461
6,EHCO,139.0,42.0,0.8586181818800827
6,EHCO,141.0,42.0,0.8571257333039567
6,EHCO,143.0,48.0,0.8556974989004325
6,EHCO,145.0,50.0,0.854330893185723
6,EHCO,147.0,50.0,0.853023432837447
6,EHCO,149.0,50.0,0.8517727326787543
6,EHCO,151.0,50.0,0.8505765018200833
6,EHCO,153.0,50.0,0.8494402229213667
6,EHCO,155.0,50.0,0.8482606296664661
6,EHCO,157.0,50.0,0.8470005300840566
6,EHCO,159.0,50.0,0.8456651722934683
6,EHCO,161.0,54.0,0.8442595639888517
6,EHCO,163.0,54.0,0.8427884824419465
6,EHCO,165.0,56.00000000000001,0.8412564841030051
6,EHCO,167.0,56.00000000000001,0.839667913815794
6,EHCO,169.0,57.99999999999999,0.8380269136619644
6,EHCO,171.0,57.99999999999999,0.8363374314494851
6,EHCO,173.0,60.0,0.8346032288592462
6,EHCO,175.0,60.0,0.8328278892633916
6,EHCO,177.0,60.0,0.831014825228401
6,EHCO,179.0,62.0,0.8291672857154307
6,EHCO,181.0,62.0,0.8273277117935797
6,EHCO,183.0,62.0,0.8256130960697549
6,EHCO,185.0,62.0,0.8240180366657915
6,EHCO,187.0,66.0,0.8225294964553876
6,EHCO,189.0,66.0,0.8211198948570996
6,EHCO,191.0,66.0,0.8197859043569824
6,EHCO,193.0,66.0,0.8185243305286676
6,EHCO,195.0,66.0,0.8173321067841899
6,EHCO,197.0,66.0,0.81620628933105
6,EHCO,199.0,66.0,0.8151440523274179
6,EHCO,201.0,68.0,0.8140998114485887
6,EHCO,203.0,70.0,0.8129470876052762
6,EHCO,205.0,70.0,0.811692601083498
6,EHCO,207.0,72.0,0.8103427677988985
6,EHCO,209.0,72.0,0.8089037119104242
6,EHCO,211.0,72.0,0.8073812779280397
6,EHCO,213.0,72.0,0.8057810423345141
6,EHCO,215.0,72.0,0.8041083247405248
6,EHCO,217.0,76.0,0.8023681985915636
6,EHCO,219.0,76.0,0.8005655014444002
6,EHCO,221.0,76.0,0.7987048448301659
6,EHCO,223.0,76.0,0.7967906237204399
6,EHCO,225.0,78.0,0.7948270256120797
6,EHCO,227.0,78.0,0.7928180392459173
6,EHCO,229.0,78.0,0.7907674629738433
6,EHCO,231.0,78.0,0.7886791696162537
6,EHCO,233.0,78.0,0.7865566749070122
6,EHCO,235.0,80.0,0.7844031537513038
6,EHCO,237.0,80.0,0.7822214558367359
6,EHCO,239.0,80.0,0.7800145429789332
6,EHCO,241.0,80.0,0.777785230117743
6,EHCO,243.0,82.0,0.7755361915863084
6,EHCO,245.0,82.0,0.7732699671258249
6,EHCO,247.0,82.0,0.7709889676560957
6,EHCO,249.0,84.0,0.7686954808116013
6,EHCO,251.0,86.0,0.7663916769534419
6,EHCO,253.0,86.0,0.7640796188635147
6,EHCO,255.0,86.0,0.761761262853162
6,EHCO,257.0,86.0,0.7594384615051997
6,EHCO,259.0,86.0,0.757112968189153
6,EHCO,261.0,86.0,0.754786441391988
6,EHCO,263.0,86.0,0.7524604488717019
6,EHCO,265.0,88.0,0.7501364716408359
6,EHCO,267.0,88.0,0.7478159077867057
6,EHCO,269.0,90.0,0.7455000761348695
6,EHCO,271.0,90.0,0.7431902197620949
6,EHCO,273.0,90.0,0.7408875093648444
6,EHCO,275.0,92.0,0.7385930464890553
6,EHCO,277.0,92.0,0.7363078666267656
6,EHCO,279.0,92.0,0.7340329421849136
6,EHCO,281.0,94.0,0.7317691853314339
6,EHCO,283.0,94.0,0.729517450723564
6,EHCO,285.0,94.0,0.7272785381230855
6,EHCO,287.0,94.0,0.7250531949030325
6,EHCO,289.0,94.0,0.7228421184502282
6,EHCO,291.0,94.0,0.7206459584678258
6,EHCO,293.0,94.0,0.7184653191818785
6,EHCO,295.0,94.0,0.7163007614557911
6,EHCO,297.0,98.0,0.7141528048163621
6,EHCO,299.0,98.0,0.7120219293949741
6,EHCO,301.0,98.0,0.7099085777873497
6,EHCO,303.0,98.0,0.7078131568351544
6,EHCO,305.0,98.0,0.7057360393325991
6,EHCO,307.0,98.0,0.7036775656610691
6,EHCO,309.0,98.0,0.7016380848586309
6,EHCO,311.0,98.0,0.6996179900699542
6,EHCO,313.0,100.0,0.6976175227857491
6,EHCO,315.0,100.0,0.695636898461494
6,EHCO,317.0,100.0,0.6936763078125312
6,EHCO,319.0,100.0,0.6917359180538316
6,EHCO,321.0,100.0,0.6898158740866747
6,EHCO,323.0,100.0,0.6879162996343986
6,EHCO,325.0,100.0,0.6860372983292914
6,EHCO,327.0,100.0,0.6841789547526106
6,EHCO,329.0,100.0,0.6823413354296407
6,EHCO,331.0,100.0,0.6805244897816211
6,EHCO,333.0,100.0,0.6787284510363027
6,EHCO,335.0,100.0,0.6769532370988255
6,EHCO,337.0,100.0,0.6751988513845356
6,EHCO,339.0,100.0,0.6734652836153032
6,EHCO,341.0,100.0,0.6717525105808325
6,EHCO,343.0,100.0,0.6700604968664028
6,EHCO,345.0,100.0,0.6683891955484164
6,EHCO,347.0,100.0,0.6667385488590779
6,EHCO,349.0,100.0,0.6651084888214744
6,EHCO,351.0,100.0,0.6634989378562763
6,EHCO,353.0,100.0,0.6619098093612289
6,EHCO,355.0,100.0,0.6603410082645588
6,EHCO,357.0,100.0,0.6587924315533746
6,EHCO,359.0,100.0,0.6572639687780958
6,EHCO,361.0,100.0,0.6557555025339045
6,EHCO,363.0,100.0,0.6542669089201754
6,EHCO,365.0,100.0,0.6527980579787973
6,EHCO,367.0,100.0,0.6513488141122671
6,EHCO,369.0,100.0,0.6499190364823993
6,EHCO,371.0,100.0,0.6485085793904608
6,EHCO,373.0,100.0,0.6471172926395077
6,EHCO,375.0,100.0,0.6457450218796711
6,EHCO,377.0,100.0,0.6443916089371065
6,EHCO,379.0,100.0,0.6430568921272943
6,EHCO,381.0,100.0,0.6417407065533517
6,EHCO,383.0,100.0,0.6404428843899859
6,EHCO,385.0,100.0,0.6391632551536989
6,EHCO,387.0,100.0,0.6379016459598245
6,EHCO,389.0,100.0,0.6366578817669564
6,EHCO,391.0,100.0,0.6354317856093054
6,EHCO,393.0,100.0,0.6342231788174981
6,EHCO,395.0,100.0,0.633031881228313
6,EHCO,397.0,100.0,0.6318577113838258
6,EHCO,399.0,100.0,0.6307004867204203
6,EHCO,401.0,100.0,0.6295600237480986
6,EHCO,403.0,100.0,0.6284361382205117
6,EHCO,405.0,100.0,0.627328645296109
6,EHCO,407.0,100.0,0.6262373596907931
6,EHCO,409.0,100.0,0.6251620958224489
6,EHCO,411.0,100.0,0.6241026679477011
6,EHCO,413.0,100.0,0.6230588902912391
6,EHCO,415.0,100.0,0.6220305771680357
6,EHCO,417.0,100.0,0.6210175430987723
6,EHCO,419.0,100.0,0.620019602918769
6,EHCO,421.0,100.0,0.6190365718807075
6,EHCO,423.0,100.0,0.6180682657514229
6,EHCO,425.0,100.0,0.6171145009030278
6,EHCO,427.0,100.0,0.6161750943986212
6,EHCO,429.0,100.0,0.6152498640728274
6,EHCO,431.0,100.0,0.6143386286073954
6,EHCO,433.0,100.0,0.6134412076020821
6,EHCO,435.0,100.0,0.6125574216410349
6,EHCO,437.0,100.0,0.6116870923548774
6,EHCO,439.0,100.0,0.6108300424786949
6,EHCO,441.0,100.0,0.609986095906108
6,EHCO,443.0,100.0,0.6091550777396152
6,EHCO,445.0,100.0,0.6083368143373774
6,EHCO,447.0,100.0,0.60753113335661
6,EHCO,449.0,100.0,0.6067378637937405
6,EHCO,451.0,100.0,0.6059568360214858
6,EHCO,453.0,100.0,0.6051878818229928
6,EHCO,455.0,100.0,0.6044308344231842
6,EHCO,457.0,100.0,0.6036855285174407
6,EHCO,459.0,100.0,0.6029518002977492
6,EHCO,461.0,100.0,0.6022294874764408
6,EHCO,463.0,100.0,0.6015184293076331
6,EHCO,465.0,100.0,0.6008184666064924
6,EHCO,467.0,100.0,0.6001294417664216
6,A*-GA,1.0,0.0,0.9932380787526951
6,A*-GA,3.0,0.0,0.9924087611782864
6,A*-GA,5.0,0.0,0.9915227332350762
6,A*-GA,7.0,0.0,0.9905836890966077
6,A*-GA,9.0,0.0,0.9895951537271055
6,A*-GA,11.0,0.0,0.9885604899209608
6,A*-GA,13.0,0.0,0.9874829050594248
6,A*-GA,15.0,0.0,0.9863654575957126
6,A*-GA,17.0,0.0,0.9852110632792797
6,A*-GA,19.0,0.0,0.9840225011296104
6,A*-GA,21.0,0.0,0.9828024191694485
6,A*-GA,23.0,0.0,0.9815533399270091
6,A*-GA,25.0,0.0,0.980277665716337
6,A*-GA,27.0,2.0,0.9789776837046126
6,A*-GA,29.0,2.0,0.9776555707748614
6,A*-GA,31.0,2.0,0.9763249066691192
6,A*-GA,33.0,4.0,0.9748840924212796
6,A*-GA,35.0,4.0,0.9732953795263823
6,A*-GA,37.0,4.0,0.9715679431659822
6,A*-GA,39.0,4.0,0.9697105428279494
6,A*-GA,41.0,4.0,0.9677315395355656
6,A*-GA,43.0,4.0,0.9656389123854938
6,A*-GA,45.0,8.0,0.9634402744219889
6,A*-GA,47.0,10.0,0.9611428878736332
6,A*-GA,49.0,10.0,0.9587536787778497
6,A*-GA,51.0,10.0,0.9562792510174503
6,A*-GA,53.0,10.0,0.9537258997925185
6,A*-GA,55.0,10.0,0.9510996245500124
6,A*-GA,57.0,12.0,0.9484061413925868
6,A*-GA,59.0,12.0,0.9456508949872902
6,A*-GA,61.0,12.0,0.9428390699939767
6,A*-GA,63.0,12.0,0.9399756020324903
6,A*-GA,65.0,14.000000000000002,0.9371091498839607
6,A*-GA,67.0,16.0,0.9343714541163868
6,A*-GA,69.0,16.0,0.9317573670061543
6,A*-GA,71.0,18.0,0.9292522699433151
6,A*-GA,73.0,18.0,0.9268235882827357
6,A*-GA,75.0,18.0,0.924468679921057
6,A*-GA,77.0,18.0,0.9221850005255885
6,A*-GA,79.0,18.0,0.9199700997959486
6,A*-GA,81.0,20.0,0.9178216178707539
6,A*-GA,83.0,20.0,0.9157372818736937
6,A*-GA,85.0,20.0,0.913714902593548
6,A*-GA,87.0,20.0,0.9117523712929206
6,A*-GA,89.0,20.0,0.9098476566406618
6,A*-GA,91.0,20.0,0.9079988017631542
6,A*-GA,93.0,20.0,0.9062039214098231
6,A*-GA,95.0,20.0,0.904461199228414
6,A*-GA,97.0,20.0,0.9027688851457548
6,A*-GA,99.0,20.0,0.901125292849888
6,A*-GA,101.0,22.0,0.8995287973696185
6,A*-GA,103.0,22.0,0.8979778327476795
6,A*-GA,105.0,22.0,0.896470889803863
6,A*-GA,107.0,22.0,0.8950155461414209
6,A*-GA,109.0,22.0,0.8935070379525979
6,A*-GA,111.0,22.0,0.8919069272712752
6,A*-GA,113.0,26.0,0.8902212941926594
6,A*-GA,115.0,26.0,0.8884559391920681
6,A*-GA,117.0,28.000000000000004,0.8866163947736665
6,A*-GA,119.0,32.0,0.8847079366509981
6,A*-GA,121.0,32.0,0.8827355944778643
6,A*-GA,123.0,32.0,0.8807041621473729
6,A*-GA,125.0,34.0,0.8786182076762771
6,A*-GA,127.0,34.0,0.8764820826910504
6,A*-GA,129.0,34.0,0.8742999315314945
6,A*-GA,131.0,34.0,0.8720756999870545
6,A*-GA,133.0,36.0,0.8698131436804194
6,A*-GA,135.0,36.0,0.8675158361124095
6,A*-GA,137.0,36.0,0.8652279912925086
6,A*-GA,139.0,36.0,0.8630710939055803
6,A*-GA,141.0,36.0,0.8610396352520546
6,A*-GA,143.0,40.0,0.8591204741589633
6,A*-GA,145.0,42.0,0.8572859286797279
6,A*-GA,147.0,44.0,0.8555325725270757
6,A*-GA,149.0,44.0,0.8538571150067416
6,A*-GA,151.0,44.0,0.8522563956851398
6,A*-GA,153.0,44.0,0.850727379266365
6,A*-GA,155.0,44.0,0.8492671506703103
6,A*-GA,157.0,44.0,0.8478729103040107
6,A*-GA,159.0,48.0,0.8465419695186294
6,A*-GA,161.0,48.0,0.845271746244805
6,A*-GA,163.0,48.0,0.844059760799358
6,A*-GA,165.0,48.0,0.8429036318566349
6,A*-GA,167.0,48.0,0.8418010725780282
6,A*-GA,169.0,48.0,0.8407498868934679
6,A*-GA,171.0,48.0,0.8397479659289178
6,A*-GA,173.0,48.0,0.838793284574151
6,A*-GA,175.0,48.0,0.8378838981852973
6,A*-GA,177.0,48.0,0.8369995759472757
6,A*-GA,179.0,50.0,0.8360257147608798
6,A*-GA,181.0,50.0,0.8349678749322549
6,A*-GA,183.0,50.0,0.8338313647922044
6,A*-GA,185.0,52.0,0.83262125114055
6,A*-GA,187.0,52.0,0.8313423692715144
6,A*-GA,189.0,52.0,0.8299993325967181
6,A*-GA,191.0,52.0,0.8285965418817239
6,A*-GA,193.0,52.0,0.8271381941114386
6,A*-GA,195.0,54.0,0.8256282909990763
6,A*-GA,197.0,54.0,0.8240706471528106
6,A*-GA,199.0,54.0,0.8224688979136836
6,A*-GA,201.0,54.0,0.8208157176806865
6,A*-GA,203.0,56.00000000000001,0.8190832443117728
6,A*-GA,205.0,56.00000000000001,0.817276965359916
6,A*-GA,207.0,57.99999999999999,0.8154021138158423
6,A*-GA,209.0,57.99999999999999,0.8134636787438054
6,A*-GA,211.0,60.0,0.8114664154893907
6,A*-GA,213.0,60.0,0.8094149416547504
6,A*-GA,215.0,60.0,0.8073138258837849
6,A*-GA,217.0,64.0,0.8051671663272189
6,A*-GA,219.0,66.0,0.8029786079900898
6,A*-GA,221.0,66.0,0.8007517902810127
6,A*-GA,223.0,66.0,0.7984902599238425
6,A*-GA,225.0,66.0,0.7961973906908278
6,A*-GA,227.0,66.0,0.7938763907463691
6,A*-GA,229.0,66.0,0.7915303096934434
6,A*-GA,231.0,66.0,0.7891620453345162
6,A*-GA,233.0,66.0,0.7867743501582865
6,A*-GA,235.0,66.0,0.7843698375631736
6,A*-GA,237.0,66.0,0.7819509878280142
6,A*-GA,239.0,68.0,0.7795201538400318
6,A*-GA,241.0,70.0,0.7770795665897392
6,A*-GA,243.0,70.0,0.774631340442058
6,A*-GA,245.0,72.0,0.7721774781925673
6,A*-GA,247.0,72.0,0.7697198770482985
6,A*-GA,249.0,74.0,0.7672603379216251
6,A*-GA,251.0,74.0,0.7648005646642498
6,A*-GA,253.0,74.0,0.76234216738055
6,A*-GA,255.0,76.0,0.7598866665499766
6,A*-GA,257.0,76.0,0.7574354969803795
6,A*-GA,259.0,78.0,0.7549900115990187
6,A*-GA,261.0,78.0,0.752551485087743
6,A*-GA,263.0,78.0,0.7501211173685708
6,A*-GA,265.0,78.0,0.7477000369456553
6,A*-GA,267.0,80.0,0.7452893041093832
6,A*-GA,269.0,80.0,0.7428899140081255
6,A*-GA,271.0,80.0,0.7405027995929435
6,A*-GA,273.0,80.0,0.7381288344403416
6,A*-GA,275.0,80.0,0.735768835457958
6,A*-GA,277.0,80.0,0.7334235654778893
6,A*-GA,279.0,82.0,0.7310937357421604
6,A*-GA,281.0,82.0,0.7287800082846719
6,A*-GA,283.0,82.0,0.726482998213786
6,A*-GA,285.0,82.0,0.7242032758995459
6,A*-GA,287.0,82.0,0.7219413690693668
6,A*-GA,289.0,82.0,0.7196977648158839
6,A*-GA,291.0,84.0,0.7174729115204945
6,A*-GA,293.0,84.0,0.7152672206959971
6,A*-GA,295.0,84.0,0.7130810687515865
6,A*-GA,297.0,84.0,0.7109147986833432
6,A*-GA,299.0,86.0,0.7087687216932248
6,A*-GA,301.0,86.0,0.7066431187394511
6,A*-GA,303.0,86.0,0.7045382420210572
6,A*-GA,305.0,86.0,0.7024543163992821
6,A*-GA,307.0,90.0,0.7003915407583491
6,A*-GA,309.0,94.0,0.6983502003814213
6,A*-GA,311.0,96.0,0.6963304743028952
6,A*-GA,313.0,100.0,0.6943324809738081
6,A*-GA,315.0,100.0,0.6923563182256073
6,A*-GA,317.0,100.0,0.6904020643430595
6,A*-GA,319.0,100.0,0.688469779090706
6,A*-GA,321.0,100.0,0.6865595046947583
6,A*-GA,323.0,100.0,0.6846712667822556
6,A*-GA,325.0,100.0,0.6828050752792258
6,A*-GA,327.0,100.0,0.6809609252695312
6,A*-GA,329.0,100.0,0.679138797816007
6,A*-GA,331.0,100.0,0.6773386607454377
6,A*-GA,333.0,100.0,0.6755604693988573
6,A*-GA,335.0,100.0,0.673804167348594
6,A*-GA,337.0,100.0,0.6720696870834325
6,A*-GA,339.0,100.0,0.6703569506632012
6,A*-GA,341.0,100.0,0.6686658703440488
6,A*-GA,343.0,100.0,0.6669963491756185
6,A*-GA,345.0,100.0,0.6653482815712819
6,A*-GA,347.0,100.0,0.6637215538525463
6,A*-GA,349.0,100.0,0.6621160447687073
6,A*-GA,351.0,100.0,0.6605316259927734
6,A*-GA,353.0,100.0,0.6589681625946479
6,A*-GA,355.0,100.0,0.6574255134925159
6,A*-GA,357.0,100.0,0.6559035318833445
6,A*-GA,359.0,100.0,0.6544020656533669
6,A*-GA,361.0,100.0,0.6529209577693889
6,A*-GA,363.0,100.0,0.6514600466517205
6,A*-GA,365.0,100.0,0.6500191665295031
6,A*-GA,367.0,100.0,0.6485981477791719
6,A*-GA,369.0,100.0,0.6471968172467644
6,A*-GA,371.0,100.0,0.645814998554755
6,A*-GA,373.0,100.0,0.644452512394071
6,A*-GA,375.0,100.0,0.6431091768019154
6,A*-GA,377.0,100.0,0.6417848074260007
6,A*-GA,379.0,100.0,0.6404792177757692
6,A*-GA,381.0,100.0,0.6391922194611561
6,A*-GA,383.0,100.0,0.6379236224194249
6,A*-GA,385.0,100.0,0.6366732351305874
6,A*-GA,387.0,100.0,0.6354408648218961
6,A*-GA,389.0,100.0,0.6342263176618802
6,A*-GA,391.0,100.0,0.6330293989443739
6,A*-GA,393.0,100.0,0.6318499132629709
6,A*-GA,395.0,100.0,0.6306876646763176
6,A*-GA,397.0,100.0,0.6295424568646454
6,A*-GA,399.0,100.0,0.6284140932779205
6,A*-GA,401.0,100.0,0.6273023772759797
6,A*-GA,403.0,100.0,0.6262071122610005
6,A*-GA,405.0,100.0,0.6251281018026441
6,A*-GA,407.0,100.0,0.6240651497561939
6,A*-GA,409.0,100.0,0.6230180603739957
6,A*-GA,411.0,100.0,0.6219866384105022
6,A*-GA,413.0,100.0,0.6209706892212008
6,A*-GA,415.0,100.0,0.6199700188557
6,A*-GA,417.0,100.0,0.6189844341452366
6,A*-GA,419.0,100.0,0.6180137427848525
6,A*-GA,421.0,100.0,0.6170577534104839
6,A*-GA,423.0,100.0,0.6161162756711906
6,A*-GA,425.0,100.0,0.615189120296749
6,A*-GA,427.0,100.0,0.6142760991608188
6,A*-GA,429.0,100.0,0.613377025339887
6,A*-GA,431.0,100.0,0.612491713168183
6,A*-GA,433.0,100.0,0.611619978288753
6,A*-GA,435.0,100.0,0.6107616377008701
6,A*-GA,437.0,100.0,0.6099165098039523
6,A*-GA,439.0,100.0,0.6090844144381526
6,A*-GA,441.0,100.0,0.6082651729217783
6,A*-GA,443.0,100.0,0.6074586080856884
6,A*-GA,445.0,100.0,0.6066645443048166
6,A*-GA,447.0,100.0,0.6058828075269538
6,A*-GA,449.0,100.0,0.6051132252989256
6,A*-GA,451.0,100.0,0.6043556267902911
6,A*-GA,453.0,100.0,0.6036098428146814
6,A*-GA,455.0,100.0,0.6028757058488983
6,A*-GA,457.0,100.0,0.6021530500498801
6,A*-GA,459.0,100.0,0.6014417112696447
6,A*-GA,461.0,100.0,0.6007415270683091
6,A*-GA,463.0,100.0,0.6000523367252838
7,EHCO,1.0,0.0,0.9981584468666932
7,EHCO,3.0,0.0,0.9971361042880701
7,EHCO,5.0,0.0,0.9960646236708834
7,EHCO,7.0,0.0,0.9949474021277571
7,EHCO,9.0,0.0,0.9937758472372302
7,EHCO,11.0,0.0,0.9924293729021849
7,EHCO,13.0,0.0,0.9909184863480323
7,EHCO,15.0,0.0,0.9892532223545435
7,EHCO,17.0,0.0,0.9874431627856276
7,EHCO,19.0,0.0,0.9854974553365007
7,EHCO,21.0,0.0,0.9834248315292197
7,EHCO,23.0,0.0,0.9812336239863354
7,EHCO,25.0,0.0,0.9789317830112468
7,EHCO,27.0,0.0,0.9765268925027132
7,EHCO,29.0,0.0,0.9740261852298995
7,EHCO,31.0,2.0,0.9714365574932922
7,EHCO,33.0,2.0,0.9687645831958224
7,EHCO,35.0,2.0,0.9660165273475774
7,EHCO,37.0,2.0,0.963198359026558
7,EHCO,39.0,2.0,0.9603157638170552
7,EHCO,41.0,4.0,0.9575084223702917
7,EHCO,43.0,4.0,0.9548181790026816
7,EHCO,45.0,6.0,0.9522403630023116
7,EHCO,47.0,6.0,0.9497385701211185
7,EHCO,49.0,8.0,0.9472997946928946
7,EHCO,51.0,8.0,0.9449221395191624
7,EHCO,53.0,8.0,0.9426037723248399
7,EHCO,55.0,10.0,0.9403429233683851
7,EHCO,57.0,12.0,0.9381378831430974
7,EHCO,59.0,12.0,0.9359870001660446
7,EHCO,61.0,14.000000000000002,0.9338886788512167
7,EHCO,63.0,14.000000000000002,0.9318413774636476
7,EHCO,65.0,14.000000000000002,0.9298436061513666
7,EHCO,67.0,16.0,0.9278939250521673
7,EHCO,69.0,20.0,0.9259909424722982
7,EHCO,71.0,20.0,0.9241333131342938
7,EHCO,73.0,20.0,0.9223050748646989
7,EHCO,75.0,20.0,0.9203842829693437
7,EHCO,77.0,20.0,0.9183772778936663
7,EHCO,79.0,20.0,0.9162901065632456
7,EHCO,81.0,20.0,0.9141285346387635
7,EHCO,83.0,22.0,0.9118980582779717
7,EHCO,85.0,22.0,0.9096039154242059
7,EHCO,87.0,22.0,0.907251096640222
7,EHCO,89.0,24.0,0.9048443555053819
7,EHCO,91.0,28.000000000000004,0.902388218593516
7,EHCO,93.0,28.000000000000004,0.8998869950480991
7,EHCO,95.0,28.000000000000004,0.8973447857707225
7,EHCO,97.0,30.0,0.8947654922382174
7,EHCO,99.0,30.0,0.8921528249631764
7,EHCO,101.0,30.0,0.8895103116120393
7,EHCO,103.0,30.0,0.8868828425226527
7,EHCO,105.0,30.0,0.8843939270504523
7,EHCO,107.0,32.0,0.8820378212797463
7,EHCO,109.0,34.0,0.8798011573508875
7,EHCO,111.0,34.0,0.877656034833167
7,EHCO,113.0,34.0,0.8755988168435723
7,EHCO,115.0,34.0,0.8736260096785742
7,EHCO,117.0,34.0,0.8717342571916421
7,EHCO,119.0,36.0,0.8699203353913897
7,EHCO,121.0,36.0,0.868181147251696
7,EHCO,123.0,36.0,0.8665137177254837
7,EHCO,125.0,38.0,0.864915188954166
7,EHCO,127.0,38.0,0.863382815665085
7,EHCO,129.0,42.0,0.8619139607495663
7,EHCO,131.0,44.0,0.8605060910145022
7,EHCO,133.0,44.0,0.8591567731006573
7,EHCO,135.0,46.0,0.8578447469923796
7,EHCO,137.0,46.0,0.8564533548821018
7,EHCO,139.0,46.0,0.8549878671774712
7,EHCO,141.0,46.0,0.8534533118787964
7,EHCO,143.0,46.0,0.8518544846778854
7,EHCO,145.0,48.0,0.850195958650968
7,EHCO,147.0,50.0,0.8484820935617879
7,EHCO,149.0,50.0,0.8467170447903185
7,EHCO,151.0,50.0,0.8449047719019406
7,EHCO,153.0,50.0,0.8430490468713423
7,EHCO,155.0,50.0,0.8411534619748369
7,EHCO,157.0,50.0,0.8392214373642537
7,EHCO,159.0,52.0,0.8372562283350398
7,EHCO,161.0,52.0,0.8352609323007122
7,EHCO,163.0,52.0,0.8332384954853208
7,EHCO,165.0,54.0,0.8311917193451234
7,EHCO,167.0,54.0,0.8292400734077104
7,EHCO,169.0,56.00000000000001,0.8274182548648241
7,EHCO,171.0,57.99999999999999,0.8257205820605427
7,EHCO,173.0,57.99999999999999,0.824118491770532
7,EHCO,175.0,57.99999999999999,0.8226003377120755
7,EHCO,177.0,57.99999999999999,0.8211625903149176
7,EHCO,179.0,57.99999999999999,0.819801861089311
7,EHCO,181.0,57.99999999999999,0.8185148970625512
7,EHCO,183.0,60.0,0.8172985754340821
7,EHCO,185.0,62.0,0.8161498984405974
7,EHCO,187.0,62.0,0.8150659884228952
7,EHCO,189.0,62.0,0.814044083086568
7,EHCO,191.0,62.0,0.8130815309489199
7,EHCO,193.0,62.0,0.8121757869648031
7,EHCO,195.0,66.0,0.8113244083243504
7,EHCO,197.0,66.0,0.8105250504158568
7,EHCO,199.0,66.0,0.8097584322150313
7,EHCO,201.0,68.0,0.8089026147258308
7,EHCO,203.0,68.0,0.8079313001949707
7,EHCO,205.0,68.0,0.8068514778258656
7,EHCO,207.0,70.0,0.8056698220051782
7,EHCO,209.0,70.0,0.8043927053245982
7,EHCO,211.0,70.0,0.8030262110806795
7,EHCO,213.0,72.0,0.8015761452733946
7,EHCO,215.0,72.0,0.800048048123251
7,EHCO,217.0,72.0,0.7984472051260362
7,EHCO,219.0,72.0,0.796778657663501
7,EHCO,221.0,72.0,0.7950472131875773
7,EHCO,223.0,74.0,0.7932574549950253
7,EHCO,225.0,76.0,0.7914137516087469
7,EHCO,227.0,76.0,0.7895202657813558
7,EHCO,229.0,76.0,0.7875809631359869
7,EHCO,231.0,76.0,0.7855996204587317
7,EHCO,233.0,78.0,0.7835798336565223
7,EHCO,235.0,78.0,0.7815250253937411
7,EHCO,237.0,80.0,0.7794384524203101
7,EHCO,239.0,80.0,0.7773232126035099
7,EHCO,241.0,84.0,0.7751822516752986
7,EHCO,243.0,84.0,0.7730186265344524
7,EHCO,245.0,84.0,0.7708350721981394
7,EHCO,247.0,86.0,0.7686340166258582
7,EHCO,249.0,86.0,0.7664175949537496
7,EHCO,251.0,86.0,0.7641880865304642
7,EHCO,253.0,86.0,0.761947659491304
7,EHCO,255.0,86.0,0.7596983705352283
7,EHCO,257.0,86.0,0.7574421687628404
7,EHCO,259.0,86.0,0.7551809003423066
7,EHCO,261.0,86.0,0.7529163129848777
7,EHCO,263.0,88.0,0.7506500602376072
7,EHCO,265.0,88.0,0.748383705600553
7,EHCO,267.0,88.0,0.746118726475471
7,EHCO,269.0,88.0,0.7438565179527201
7,EHCO,271.0,90.0,0.7415983964428458
7,EHCO,273.0,90.0,0.7393456031590424
7,EHCO,275.0,90.0,0.7370993074564574
7,EHCO,277.0,90.0,0.7348606100340587
7,EHCO,279.0,90.0,0.7326305460045667
7,EHCO,281.0,90.0,0.7304100878377281
7,EHCO,283.0,90.0,0.728200148182005
7,EHCO,285.0,90.0,0.7260015825695494
7,EHCO,287.0,90.0,0.7238151920091427
7,EHCO,289.0,92.0,0.7216417254715908
7,EHCO,291.0,92.0,0.7194818822718914
7,EHCO,293.0,92.0,0.7173363143523188
7,EHCO,295.0,92.0,0.715205628470404
7,EHCO,297.0,92.0,0.7130903882956335
7,EHCO,299.0,92.0,0.7109911164185394
7,EHCO,301.0,96.0,0.708908296275703
7,EHCO,303.0,96.0,0.7068423739940605
7,EHCO,305.0,96.0,0.704793760157761
7,EHCO,307.0,96.0,0.7027628315006993
7,EHCO,309.0,96.0,0.7007499325277227
7,EHCO,311.0,96.0,0.6987553770673894
7,EHCO,313.0,96.0,0.696779449759048
7,EHCO,315.0,96.0,0.694822407476888
7,EHCO,317.0,96.0,0.6928844806935156
7,EHCO,319.0,96.0,0.6909658747855028
7,EHCO,321.0,96.0,0.6890667712832581
7,EHCO,323.0,96.0,0.6871873290674816
7,EHCO,325.0,96.0,0.685327685514368
7,EHCO,327.0,96.0,0.6834879575916417
7,EHCO,329.0,96.0,0.681668242907424
7,EHCO,331.0,96.0,0.6798686207138478
7,EHCO,333.0,96.0,0.6780891528672673
7,EHCO,335.0,96.0,0.6763298847468302
7,EHCO,337.0,96.0,0.6745909185081966
7,EHCO,339.0,96.0,0.6728722869260042
7,EHCO,341.0,98.0,0.6711739837391625
7,EHCO,343.0,98.0,0.6694959898504663
7,EHCO,345.0,98.0,0.667838274046376
7,EHCO,347.0,98.0,0.6662007936849866
7,EHCO,349.0,98.0,0.6645834953534941
7,EHCO,351.0,98.0,0.6629863154964121
7,EHCO,353.0,98.0,0.6614091810157442
7,EHCO,355.0,100.0,0.6598520098442688
7,EHCO,357.0,100.0,0.6583147114930462
7,EHCO,359.0,100.0,0.656797187574212
7,EHCO,361.0,100.0,0.6552993323000823
7,EHCO,363.0,100.0,0.6538210329595519
7,EHCO,365.0,100.0,0.6523621703727255
7,EHCO,367.0,100.0,0.6509226193246905
7,EHCO,369.0,100.0,0.6495022489792978
7,EHCO,371.0,100.0,0.6481009232737814
7,EHCO,373.0,100.0,0.6467185012950236
7,EHCO,375.0,100.0,0.645354837638226
7,EHCO,377.0,100.0,0.644009782748728
7,EHCO,379.0,100.0,0.6426831832476788
7,EHCO,381.0,100.0,0.6413748822422399
7,EHCO,383.0,100.0,0.6400847196209729
7,EHCO,385.0,100.0,0.6388125323350338
7,EHCO,387.0,100.0,0.6375581546657755
7,EHCO,389.0,100.0,0.6363214184793352
7,EHCO,391.0,100.0,0.6351021534687559
7,EHCO,393.0,100.0,0.6339001873841751
7,EHCO,395.0,100.0,0.6327153462515864
7,EHCO,397.0,100.0,0.631547454580664
7,EHCO,399.0,100.0,0.6303963355621165
7,EHCO,401.0,100.0,0.6292618112550206
7,EHCO,403.0,100.0,0.628143702764564
7,EHCO,405.0,100.0,0.6270418304106115
7,EHCO,407.0,100.0,0.6259560138874904
7,EHCO,409.0,100.0,0.6248860724153772
7,EHCO,411.0,100.0,0.6238318248836462
7,EHCO,413.0,100.0,0.6227930899865355
7,EHCO,415.0,100.0,0.6217696863514608
7,EHCO,417.0,100.0,0.6207614326603023
7,EHCO,419.0,100.0,0.619768147763972
7,EHCO,421.0,100.0,0.6187896507905575
7,EHCO,423.0,100.0,0.617825761247326
7,EHCO,425.0,100.0,0.6168762991168618
7,EHCO,427.0,100.0,0.6159410849475964
7,EHCO,429.0,100.0,0.6150199399389833
7,EHCO,431.0,100.0,0.6141126860215568
7,EHCO,433.0,100.0,0.6132191459321041
7,EHCO,435.0,100.0,0.6123391432841727
7,EHCO,437.0,100.0,0.6114725026341228
7,EHCO,439.0,100.0,0.6106190495429287
7,EHCO,441.0,100.0,0.6097786106339227
7,EHCO,443.0,100.0,0.6089510136466685
7,EHCO,445.0,100.0,0.608136087487141
7,EHCO,447.0,100.0,0.6073336622743849
7,EHCO,449.0,100.0,0.6065435693838154
7,EHCO,451.0,100.0,0.6057656414873173
7,EHCO,453.0,100.0,0.6049997125902948
7,EHCO,455.0,100.0,0.6042456180658139
7,EHCO,457.0,100.0,0.6035031946859762
7,EHCO,459.0,100.0,0.6027722806506576
7,EHCO,461.0,100.0,0.6020527156137363
7,EHCO,463.0,100.0,0.6013443407069338
7,EHCO,465.0,100.0,0.6006469985613822
7,EHCO,467.0,100.0,0.5999605333270321
7,A*-GA,1.0,0.0,0.8363026107472722
7,A*-GA,3.0,0.0,0.8416298385107929
7,A*-GA,5.0,0.0,0.8466588359293097
7,A*-GA,7.0,0.0,0.8514027719541354
7,A*-GA,9.0,0.0,0.8558742746337288
7,A*-GA,11.0,0.0,0.8600854527346393
7,A*-GA,13.0,0.0,0.8640479165076315
7,A*-GA,15.0,0.0,0.8677727976326336
7,A*-GA,17.0,0.0,0.8712707683748317
7,A*-GA,19.0,0.0,0.8745520599829635
7,A*-GA,21.0,0.0,0.8776264803596422
7,A*-GA,23.0,0.0,0.8805034310323746
7,A*-GA,25.0,0.0,0.8831919234528044
7,A*-GA,27.0,0.0,0.8857005946506357
7,A*-GA,29.0,0.0,0.888037722267649
7,A*-GA,31.0,2.0,0.8902112389962257
7,A*-GA,33.0,2.0,0.8922287464458349
7,A*-GA,35.0,2.0,0.8940856964816144
7,A*-GA,37.0,2.0,0.8956653932896114
7,A*-GA,39.0,2.0,0.8969820863395823
7,A*-GA,41.0,2.0,0.8980494103487183
7,A*-GA,43.0,2.0,0.8988804103197061
7,A*-GA,45.0,2.0,0.8994875655813216
7,A*-GA,47.0,2.0,0.8998828128709371
7,A*-GA,49.0,4.0,0.9000775684967761
7,A*-GA,51.0,6.0,0.9000827496162602
7,A*-GA,53.0,8.0,0.8999087946653622
7,A*-GA,55.0,8.0,0.8995656829725084
7,A*-GA,57.0,8.0,0.8990629535892505
7,A*-GA,59.0,8.0,0.8984097233686609
7,A*-GA,61.0,8.0,0.897614704321188
7,A*-GA,63.0,10.0,0.896686220276535
7,A*-GA,65.0,10.0,0.895632222879006
7,A*-GA,67.0,14.000000000000002,0.894591379172632
7,A*-GA,69.0,14.000000000000002,0.8936068046997985
7,A*-GA,71.0,16.0,0.8926761214557865
7,A*-GA,73.0,16.0,0.8917682186607797
7,A*-GA,75.0,18.0,0.8908730094575941
7,A*-GA,77.0,18.0,0.889990369126007
7,A*-GA,79.0,18.0,0.8891201716693188
7,A*-GA,81.0,20.0,0.8882622899663962
7,A*-GA,83.0,20.0,0.8874165959160676
7,A*-GA,85.0,22.0,0.8865829605741938
7,A*-GA,87.0,22.0,0.8857612542837342
7,A*-GA,89.0,22.0,0.8849513467981045
7,A*-GA,91.0,22.0,0.8841531073981208
7,A*-GA,93.0,22.0,0.8833664050028037
7,A*-GA,95.0,22.0,0.8825911082743119
7,A*-GA,97.0,24.0,0.8818270857172578
7,A*-GA,99.0,24.0,0.8810742057726538
7,A*-GA,101.0,26.0,0.8803323369067216
7,A*-GA,103.0,26.0,0.8796013476947904
7,A*-GA,105.0,28.000000000000004,0.8788646422626183
7,A*-GA,107.0,28.000000000000004,0.8780033059250428
7,A*-GA,109.0,30.0,0.8770247599409033
7,A*-GA,111.0,32.0,0.8759360925840971
7,A*-GA,113.0,34.0,0.8747440728982371
7,A*-GA,115.0,34.0,0.8734551639002833
7,A*-GA,117.0,34.0,0.872075535254955
7,A*-GA,119.0,34.0,0.8706110754408687
7,A*-GA,121.0,34.0,0.8690674034285276
7,A*-GA,123.0,36.0,0.8674498798894885
7,A*-GA,125.0,36.0,0.8658879494681274
7,A*-GA,127.0,36.0,0.8644206045803727
7,A*-GA,129.0,38.0,0.8630437665784192
7,A*-GA,131.0,38.0,0.8617304099241899
7,A*-GA,133.0,38.0,0.860470363288848
7,A*-GA,135.0,38.0,0.8592615118112387
7,A*-GA,137.0,38.0,0.8581018238556551
7,A*-GA,139.0,38.0,0.8569893477440507
7,A*-GA,141.0,38.0,0.8559222086164757
7,A*-GA,143.0,38.0,0.8548986054147121
7,A*-GA,145.0,40.0,0.8539168079842689
7,A*-GA,147.0,40.0,0.8529751542900973
7,A*-GA,149.0,40.0,0.8520720477415624
7,A*-GA,151.0,42.0,0.8512059546223871
7,A*-GA,153.0,44.0,0.8503754016214468
7,A*-GA,155.0,44.0,0.8495789734604602
7,A*-GA,157.0,44.0,0.8488229935837783
7,A*-GA,159.0,46.0,0.8480035942490624
7,A*-GA,161.0,46.0,0.8470839937095821
7,A*-GA,163.0,46.0,0.8460703046844018
7,A*-GA,165.0,46.0,0.8449683640291474
7,A*-GA,167.0,50.0,0.8437837441541362
7,A*-GA,169.0,54.0,0.8425217639847229
7,A*-GA,171.0,54.0,0.8411874994819859
7,A*-GA,173.0,54.0,0.8397857937411584
7,A*-GA,175.0,54.0,0.8383212666845293
7,A*-GA,177.0,54.0,0.8367983243648777
7,A*-GA,179.0,54.0,0.83522116789487
7,A*-GA,181.0,56.00000000000001,0.8335938020172446
7,A*-GA,183.0,56.00000000000001,0.8319200433300236
7,A*-GA,185.0,56.00000000000001,0.8302035281804274
7,A*-GA,187.0,56.00000000000001,0.8284477202406345
7,A*-GA,189.0,57.99999999999999,0.826655917778005
7,A*-GA,191.0,57.99999999999999,0.8248312606318933
7,A*-GA,193.0,57.99999999999999,0.8230934132245492
7,A*-GA,195.0,57.99999999999999,0.821477351616868
7,A*-GA,197.0,60.0,0.81997770580341
7,A*-GA,199.0,60.0,0.8185662120265453
7,A*-GA,201.0,60.0,0.8171889180975012
7,A*-GA,203.0,60.0,0.8157194927203631
7,A*-GA,205.0,60.0,0.8141639604032018
7,A*-GA,207.0,60.0,0.8125280694766255
7,A*-GA,209.0,60.0,0.8108173035866163
7,A*-GA,211.0,60.0,0.8090368927256214
7,A*-GA,213.0,60.0,0.8071918238201934
7,A*-GA,215.0,60.0,0.8052868508927532
7,A*-GA,217.0,60.0,0.803326504814357
7,A*-GA,219.0,60.0,0.8013151026646823
7,A*-GA,221.0,60.0,0.7992567567148118
7,A*-GA,223.0,66.0,0.7971553830477751
7,A*-GA,225.0,66.0,0.795014709831225
7,A*-GA,227.0,66.0,0.7928382852560537
7,A*-GA,229.0,66.0,0.7906294851542104
7,A*-GA,231.0,68.0,0.7883915203084622
7,A*-GA,233.0,70.0,0.7861274434663333
7,A*-GA,235.0,72.0,0.7838401560699798
7,A*-GA,237.0,72.0,0.7815324147132883
7,A*-GA,239.0,72.0,0.7792068373370463
7,A*-GA,241.0,74.0,0.7768659091726016
7,A*-GA,243.0,74.0,0.7745119884440167
7,A*-GA,245.0,74.0,0.7721473118383319
7,A*-GA,247.0,74.0,0.7697739997531673
7,A*-GA,249.0,74.0,0.7673940634455549
7,A*-GA,251.0,76.0,0.7650094128011979
7,A*-GA,253.0,76.0,0.7626218561179311
7,A*-GA,255.0,76.0,0.7602331039227418
7,A*-GA,257.0,78.0,0.7578447732507883
7,A*-GA,259.0,78.0,0.7554584670179065
7,A*-GA,261.0,78.0,0.7530758436726216
7,A*-GA,263.0,80.0,0.7506982451713772
7,A*-GA,265.0,80.0,0.7483267261629063
7,A*-GA,267.0,80.0,0.7459624224932726
7,A*-GA,269.0,80.0,0.7436064718235856
7,A*-GA,271.0,80.0,0.7412599437023573
7,A*-GA,273.0,80.0,0.7389238426256746
7,A*-GA,275.0,82.0,0.7365991109709068
7,A*-GA,277.0,82.0,0.7342866318090158
7,A*-GA,279.0,82.0,0.7319872316003335
7,A*-GA,281.0,84.0,0.729701682778484
7,A*-GA,283.0,84.0,0.7274307062269358
7,A*-GA,285.0,84.0,0.7251749736524984
7,A*-GA,287.0,86.0,0.7229351098599016
7,A*-GA,289.0,86.0,0.7207116949314354
7,A*-GA,291.0,88.0,0.7185052663154678
7,A*-GA,293.0,92.0,0.7163163208275101
7,A*-GA,295.0,94.0,0.7141453165673489
7,A*-GA,297.0,94.0,0.7119926747556302
7,A*-GA,299.0,94.0,0.7098587814931416
7,A*-GA,301.0,94.0,0.7077439894459129
7,A*-GA,303.0,94.0,0.7056486194591302
7,A*-GA,305.0,94.0,0.7035729621027408
7,A*-GA,307.0,94.0,0.7015172791515102
7,A*-GA,309.0,94.0,0.6994818050021849
7,A*-GA,311.0,96.0,0.6974667480303074
7,A*-GA,313.0,98.0,0.6954722918891293
7,A*-GA,315.0,98.0,0.6934985967529727
7,A*-GA,317.0,98.0,0.6915458005072925
7,A*-GA,319.0,98.0,0.6896140198876087
7,A*-GA,321.0,98.0,0.6877034450077172
7,A*-GA,323.0,98.0,0.6858141769931354
7,A*-GA,325.0,100.0,0.6839462666470212
7,A*-GA,327.0,100.0,0.6820997481242188
7,A*-GA,329.0,100.0,0.6802746398266
7,A*-GA,331.0,100.0,0.6784709452592769
7,A*-GA,333.0,100.0,0.6766886538492888
7,A*-GA,335.0,100.0,0.6749277417282992
7,A*-GA,337.0,100.0,0.6731881724807792
7,A*-GA,339.0,100.0,0.6714698978590953
7,A*-GA,341.0,100.0,0.6697728584668592
7,A*-GA,343.0,100.0,0.6680969844118487
7,A*-GA,345.0,100.0,0.6664421959297513
7,A*-GA,347.0,100.0,0.6648084039799336
7,A*-GA,349.0,100.0,0.6631955108143948
7,A*-GA,351.0,100.0,0.6616034105210089
7,A*-GA,353.0,100.0,0.6600319895421245
7,A*-GA,355.0,100.0,0.6584811271695407
7,A*-GA,357.0,100.0,0.656950696016842
7,A*-GA,359.0,100.0,0.6554405624700331
7,A*-GA,361.0,100.0,0.6539505871173772
7,A*-GA,363.0,100.0,0.6524806251593047
7,A*-GA,365.0,100.0,0.6510305267992269
7,A*-GA,367.0,100.0,0.6496001376160505
7,A*-GA,369.0,100.0,0.6481892989191624
7,A*-GA,371.0,100.0,0.6467978480866192
7,A*-GA,373.0,100.0,0.6454256188872484
7,A*-GA,375.0,100.0,0.644072441787339
7,A*-GA,377.0,100.0,0.6427381442425721
7,A*-GA,379.0,100.0,0.6414225509758141
7,A*-GA,381.0,100.0,0.6401254842413747
7,A*-GA,383.0,100.0,0.6388467640763004
7,A*-GA,385.0,100.0,0.6375862085392577
7,A*-GA,387.0,100.0,0.6363436339375353
7,A*-GA,389.0,100.0,0.6351188550426696
7,A*-GA,391.0,100.0,0.6339116852951847
7,A*-GA,393.0,100.0,0.6327219369989115
7,A*-GA,395.0,100.0,0.6315494215053358
7,A*-GA,397.0,100.0,0.6303939493884025
7,A*-GA,399.0,100.0,0.6292553306101932
7,A*-GA,401.0,100.0,0.6281333746778679
7,A*-GA,403.0,100.0,0.6270278907922533
7,A*-GA,405.0,100.0,0.6259386879884419
7,A*-GA,407.0,100.0,0.6248655752687488
7,A*-GA,409.0,100.0,0.623808361728363
7,A*-GA,411.0,100.0,0.6227668566740147
7,A*-GA,413.0,100.0,0.6217408697359645
7,A*-GA,415.0,100.0,0.6207302109736116
7,A*-GA,417.0,100.0,0.6197346909750034
7,A*-GA,419.0,100.0,0.6187541209505194
7,A*-GA,421.0,100.0,0.6177883128209869
7,A*-GA,423.0,100.0,0.6168370793004814
7,A*-GA,425.0,100.0,0.6159002339740494
7,A*-GA,427.0,100.0,0.6149775913705823
7,A*-GA,429.0,100.0,0.614068967031063
7,A*-GA,431.0,100.0,0.6131741775723948
7,A*-GA,433.0,100.0,0.6122930407470154
7,A*-GA,435.0,100.0,0.6114253754984891
7,A*-GA,437.0,100.0,0.6105710020132625
7,A*-GA,439.0,100.0,0.6097297417687633
7,A*-GA,441.0,100.0,0.6089014175780096
7,A*-GA,443.0,100.0,0.6080858536308965
7,A*-GA,445.0,100.0,0.607282875532313
7,A*-GA,447.0,100.0,0.6064923103372423
7,A*-GA,449.0,100.0,0.6057139865829863
7,A*-GA,451.0,100.0,0.6049477343186533
7,A*-GA,453.0,100.0,0.6041933851320416
7,A*-GA,455.0,100.0,0.6034507721740413
7,A*-GA,457.0,100.0,0.6027197301806801
7,A*-GA,459.0,100.0,0.6020000954929263
7,A*-GA,461.0,100.0,0.6012917060743572
7,A*-GA,463.0,100.0,0.6005944015268049
7,A*-GA,465.0,100.0,0.5999080231040759
8,EHCO,1.0,0.0,0.7624321206759438
8,EHCO,3.0,0.0,0.770657272197805
8,EHCO,5.0,0.0,0.7784705084363189
8,EHCO,7.0,0.0,0.785889458178972
8,EHCO,9.0,0.0,0.7929310343519638
8,EHCO,11.0,0.0,0.7996114625047331
8,EHCO,13.0,0.0,0.805946308170409
8,EHCO,15.0,0.0,0.8119505031463907
8,EHCO,17.0,0.0,0.8176383707375278
8,EHCO,19.0,0.0,0.823023650002704
8,EHCO,21.0,0.0,0.8281195190440271
8,EHCO,23.0,0.0,0.8329386173762814
8,EHCO,25.0,0.0,0.83749306741283
8,EHCO,27.0,0.0,0.8417826631243206
8,EHCO,29.0,0.0,0.84569487913651
8,EHCO,31.0,2.0,0.8492479704493924
8,EHCO,33.0,2.0,0.8524594188918416
8,EHCO,35.0,2.0,0.8553459643955963
8,EHCO,37.0,2.0,0.857923635026792
8,EHCO,39.0,2.0,0.8602077758240402
8,EHCO,41.0,2.0,0.8622130764901256
8,EHCO,43.0,2.0,0.863953597982543
8,EHCO,45.0,4.0,0.865442798046318
8,EHCO,47.0,4.0,0.8666935557308448
8,EHCO,49.0,6.0,0.8678536952746085
8,EHCO,51.0,6.0,0.8689720180326512
8,EHCO,53.0,12.0,0.8700501236376557
8,EHCO,55.0,12.0,0.8710564385287358
8,EHCO,57.0,14.000000000000002,0.8719834351449439
8,EHCO,59.0,14.000000000000002,0.8728348779940474
8,EHCO,61.0,18.0,0.873614373111999
8,EHCO,63.0,20.0,0.874325374458112
8,EHCO,65.0,22.0,0.8749711900564053
8,EHCO,67.0,22.0,0.8755549878931266
8,EHCO,69.0,22.0,0.876090459554339
8,EHCO,71.0,22.0,0.8764770118151317
8,EHCO,73.0,22.0,0.8766786745911681
8,EHCO,75.0,22.0,0.8767055007262936
8,EHCO,77.0,22.0,0.8765671024189612
8,EHCO,79.0,22.0,0.8762726692735063
8,EHCO,81.0,22.0,0.8758309856306328
8,EHCO,83.0,22.0,0.8752504472055936
8,EHCO,85.0,22.0,0.8745390770614337
8,EHCO,87.0,22.0,0.8737045409435785
8,EHCO,89.0,22.0,0.8727541620010246
8,EHCO,91.0,22.0,0.8716949349183899
8,EHCO,93.0,24.0,0.8705335394821274
8,EHCO,95.0,24.0,0.869276353603289
8,EHCO,97.0,26.0,0.8679294658183466
8,EHCO,99.0,26.0,0.8664986872887265
8,EHCO,101.0,26.0,0.8649895633189036
8,EHCO,103.0,28.000000000000004,0.8634073844121204
8,EHCO,105.0,28.000000000000004,0.8617571968820391
8,EHCO,107.0,32.0,0.8600851654860815
8,EHCO,109.0,32.0,0.8585156715817935
8,EHCO,111.0,32.0,0.857044367965361
8,EHCO,113.0,36.0,0.8556592288752294
8,EHCO,115.0,36.0,0.8543336435055082
8,EHCO,117.0,38.0,0.8530652141812889
8,EHCO,119.0,40.0,0.8518516379663352
8,EHCO,121.0,40.0,0.8506907029390094
8,EHCO,123.0,40.0,0.8495802846143748
8,EHCO,125.0,40.0,0.8485183425067422
8,EHCO,127.0,40.0,0.8475029168271461
8,EHCO,129.0,40.0,0.8465321253104595
8,EHCO,131.0,42.0,0.8456041601670592
8,EHCO,133.0,44.0,0.8446985382966935
8,EHCO,135.0,44.0,0.8436996833101855
8,EHCO,137.0,44.0,0.84261337530525
8,EHCO,139.0,44.0,0.8414451325443885
8,EHCO,141.0,44.0,0.8402002223065036
8,EHCO,143.0,44.0,0.8388836713032224
8,EHCO,145.0,44.0,0.8375002756771639
8,EHCO,147.0,44.0,0.8360546105987057
8,EHCO,149.0,44.0,0.8345510394771553
8,EHCO,151.0,44.0,0.8329937228016018
8,EHCO,153.0,46.0,0.831386626626126
8,EHCO,155.0,46.0,0.8297335307134636
8,EHCO,157.0,46.0,0.8280380363506664
8,EHCO,159.0,48.0,0.8264212546907218
8,EHCO,161.0,50.0,0.8249188457745181
8,EHCO,163.0,52.0,0.8235257598417779
8,EHCO,165.0,54.0,0.8222140404916648
8,EHCO,167.0,56.00000000000001,0.8209726241795166
8,EHCO,169.0,56.00000000000001,0.8197985409356471
8,EHCO,171.0,56.00000000000001,0.818688939644132
8,EHCO,173.0,60.0,0.8176410833543171
8,EHCO,175.0,60.0,0.8166523447765413
8,EHCO,177.0,62.0,0.8157278849238476
8,EHCO,179.0,62.0,0.8147687280921889
8,EHCO,181.0,62.0,0.8137385796375091
8,EHCO,183.0,62.0,0.8126420142215672
8,EHCO,185.0,62.0,0.8114833974623741
8,EHCO,187.0,62.0,0.8102668946238606
8,EHCO,189.0,62.0,0.8089964789565717
8,EHCO,191.0,62.0,0.8076759397032083
8,EHCO,193.0,62.0,0.8063088897822975
8,EHCO,195.0,62.0,0.8048987731627473
8,EHCO,197.0,62.0,0.8034488719415382
8,EHCO,199.0,62.0,0.801962313136324
8,EHCO,201.0,62.0,0.8004312860071269
8,EHCO,203.0,64.0,0.7988274654942283
8,EHCO,205.0,66.0,0.7971558975297747
8,EHCO,207.0,66.0,0.7954216507212148
8,EHCO,209.0,66.0,0.79362938687522
8,EHCO,211.0,70.0,0.7917833792521592
8,EHCO,213.0,70.0,0.789887530094729
8,EHCO,215.0,70.0,0.7879458098150993
8,EHCO,217.0,70.0,0.785961999759685
8,EHCO,219.0,70.0,0.7839397001766764
8,EHCO,221.0,70.0,0.7818823378619076
8,EHCO,223.0,72.0,0.7797931734958291
8,EHCO,225.0,72.0,0.777675308683851
8,EHCO,227.0,74.0,0.7755316927118411
8,EHCO,229.0,74.0,0.773365129028092
8,EHCO,231.0,74.0,0.7711782814626313
8,EHCO,233.0,74.0,0.7689736801943161
8,EHCO,235.0,74.0,0.7667537274757418
8,EHCO,237.0,74.0,0.7645207039836135
8,EHCO,239.0,74.0,0.76227677882669
8,EHCO,241.0,76.0,0.7600240100379771
8,EHCO,243.0,76.0,0.7577643479667496
8,EHCO,245.0,80.0,0.7554996399483648
8,EHCO,247.0,80.0,0.7532316347835182
8,EHCO,249.0,80.0,0.7509619870345389
8,EHCO,251.0,80.0,0.7486922611460223
8,EHCO,253.0,80.0,0.7464239353968072
8,EHCO,255.0,80.0,0.7441584056900318
8,EHCO,257.0,80.0,0.7418969891877325
8,EHCO,259.0,82.0,0.7396409277961975
8,EHCO,261.0,82.0,0.7373913915080387
8,EHCO,263.0,82.0,0.7351494816067128
8,EHCO,265.0,82.0,0.7329162337389931
8,EHCO,267.0,82.0,0.7306927977089814
8,EHCO,269.0,82.0,0.7284801327039838
8,EHCO,271.0,86.0,0.7262790798508068
8,EHCO,273.0,86.0,0.7240904263923708
8,EHCO,275.0,86.0,0.7219149081467899
8,EHCO,277.0,86.0,0.7197532118642768
8,EHCO,279.0,86.0,0.7176059774859733
8,EHCO,281.0,86.0,0.7154738003086505
8,EHCO,283.0,86.0,0.7133572330590592
8,EHCO,285.0,88.0,0.7112567878815658
8,EHCO,287.0,88.0,0.7091729382425644
8,EHCO,289.0,88.0,0.7071061207550168
8,EHCO,291.0,90.0,0.7050567369263357
8,EHCO,293.0,92.0,0.7030251548327088
8,EHCO,295.0,92.0,0.7010117107228248
8,EHCO,297.0,92.0,0.6990167105538577
8,EHCO,299.0,92.0,0.6970404314624439
8,EHCO,301.0,92.0,0.6950831231732807
8,EHCO,303.0,92.0,0.6931450093478724
8,EHCO,305.0,92.0,0.6912262888758457
8,EHCO,307.0,94.0,0.6893271371111642
8,EHCO,309.0,94.0,0.6874477070554753
8,EHCO,311.0,94.0,0.6855881304907365
8,EHCO,313.0,94.0,0.6837485190631823
8,EHCO,315.0,94.0,0.6819289653206092
8,EHCO,317.0,94.0,0.6801295437048805
8,EHCO,319.0,94.0,0.678350311501474
8,EHCO,321.0,94.0,0.676591309747824
8,EHCO,323.0,96.0,0.6748525641021415
8,EHCO,325.0,96.0,0.6731340856743241
8,EHCO,327.0,96.0,0.6714358718205091
8,EHCO,329.0,96.0,0.6697579069027567
8,EHCO,331.0,96.0,0.6681001630152915
8,EHCO,333.0,96.0,0.6664626006786777
8,EHCO,335.0,96.0,0.6648451695032404
8,EHCO,337.0,96.0,0.6632478088230019
8,EHCO,339.0,96.0,0.6616704483013448
8,EHCO,341.0,96.0,0.6601130085095662
8,EHCO,343.0,96.0,0.6585754014794454
8,EHCO,345.0,96.0,0.6570575312308952
8,EHCO,347.0,96.0,0.6555592942757296
8,EHCO,349.0,98.0,0.6540805800985381
8,EHCO,351.0,100.0,0.6526212716156145
8,EHCO,353.0,100.0,0.6511812456128534
8,EHCO,355.0,100.0,0.6497603731634902
8,EHCO,357.0,100.0,0.6483585200265221
8,EHCO,359.0,100.0,0.6469755470266193
8,EHCO,361.0,100.0,0.6456113104162982
8,EHCO,363.0,100.0,0.6442656622210992
8,EHCO,365.0,100.0,0.6429384505684845
8,EHCO,367.0,100.0,0.6416295200011364
8,EHCO,369.0,100.0,0.6403387117753139
8,EHCO,371.0,100.0,0.6390658641448992
8,EHCO,373.0,100.0,0.6378108126317363
8,EHCO,375.0,100.0,0.6365733902828428
8,EHCO,377.0,100.0,0.6353534279150517
8,EHCO,379.0,100.0,0.6341507543476171
8,EHCO,381.0,100.0,0.6329651966232959
8,EHCO,383.0,100.0,0.6317965802183978
8,EHCO,385.0,100.0,0.630644729242276
8,EHCO,387.0,100.0,0.6295094666267086
8,EHCO,389.0,100.0,0.6283906143056086
8,EHCO,391.0,100.0,0.6272879933854751
8,EHCO,393.0,100.0,0.6262014243069899
8,EHCO,395.0,100.0,0.625130726998138
8,EHCO,397.0,100.0,0.6240757210192235
8,EHCO,399.0,100.0,0.6230362257001314
8,EHCO,401.0,100.0,0.6220120602701747
8,EHCO,403.0,100.0,0.6210030439808509
8,EHCO,405.0,100.0,0.620008996221818
8,EHCO,407.0,100.0,0.619029736630391
8,EHCO,409.0,100.0,0.6180650851948425
8,EHCO,411.0,100.0,0.6171148623517834
8,EHCO,413.0,100.0,0.6161788890778853
8,EHCO,415.0,100.0,0.6152569869761995
8,EHCO,417.0,100.0,0.614348978357311
8,EHCO,419.0,100.0,0.6134546863155625
8,EHCO,421.0,100.0,0.6125739348005698
8,EHCO,423.0,100.0,0.6117065486842396
8,EHCO,425.0,100.0,0.6108523538234985
8,EHCO,427.0,100.0,0.6100111771189239
8,EHCO,429.0,100.0,0.609182846569469
8,EHCO,431.0,100.0,0.608367191323458
8,EHCO,433.0,100.0,0.6075640417260272
8,EHCO,435.0,100.0,0.6067732293631747
8,EHCO,437.0,100.0,0.6059945871025779
8,EHCO,439.0,100.0,0.605227949131331
8,EHCO,441.0,100.0,0.6044731509907474
8,EHCO,443.0,100.0,0.6037300296083645
8,EHCO,445.0,100.0,0.6029984233272885
8,EHCO,447.0,100.0,0.6022781719330015
8,EHCO,449.0,100.0,0.601569116677758
8,EHCO,451.0,100.0,0.6008711003026844
8,EHCO,453.0,100.0,0.6001839670576963
8,A*-GA,1.0,0.0,0.7624321206759438
8,A*-GA,3.0,0.0,0.770657272197805
8,A*-GA,5.0,0.0,0.7784705084363189
8,A*-GA,7.0,0.0,0.785889458178972
8,A*-GA,9.0,0.0,0.7929310343519638
8,A*-GA,11.0,0.0,0.7996114625047331
8,A*-GA,13.0,0.0,0.805946308170409
8,A*-GA,15.0,0.0,0.8119505031463907
8,A*-GA,17.0,0.0,0.8176383707375278
8,A*-GA,19.0,0.0,0.823023650002704
8,A*-GA,21.0,0.0,0.8281195190440271
8,A*-GA,23.0,0.0,0.8329386173762814
8,A*-GA,25.0,0.0,0.83749306741283
8,A*-GA,27.0,0.0,0.841794495102724
8,A*-GA,29.0,2.0,0.8458540497524143
8,A*-GA,31.0,2.0,0.8496824230641532
8,A*-GA,33.0,2.0,0.8532898674219047
8,A*-GA,35.0,2.0,0.8566862134543798
8,A*-GA,37.0,2.0,0.859880886903645
8,A*-GA,39.0,2.0,0.862882924826636
8,A*-GA,41.0,2.0,0.8657009911558349
8,A*-GA,43.0,2.0,0.8683433916443387
8,A*-GA,45.0,4.0,0.8708180882195525
8,A*-GA,47.0,4.0,0.87312088079039
8,A*-GA,49.0,8.0,0.8751354097632669
8,A*-GA,51.0,10.0,0.8768762494384785
8,A*-GA,53.0,10.0,0.8783573483909939
8,A*-GA,55.0,10.0,0.8795920549097161
8,A*-GA,57.0,12.0,0.8805931414240192
8,A*-GA,59.0,12.0,0.8813728279575348
8,A*-GA,61.0,12.0,0.8819428046475879
8,A*-GA,63.0,12.0,0.8823596208482402
8,A*-GA,65.0,12.0,0.8827652721415113
8,A*-GA,67.0,14.000000000000002,0.8831602227510735
8,A*-GA,69.0,16.0,0.8835338847848525
8,A*-GA,71.0,18.0,0.8838549639882394
8,A*-GA,73.0,18.0,0.8841261443644345
8,A*-GA,75.0,18.0,0.8843499943563932
8,A*-GA,77.0,20.0,0.8845289715499344
8,A*-GA,79.0,20.0,0.8846654271895422
8,A*-GA,81.0,20.0,0.8847616105142561
8,A*-GA,83.0,20.0,0.8848196729207496
8,A*-GA,85.0,20.0,0.884852138793919
8,A*-GA,87.0,20.0,0.8847574937761905
8,A*-GA,89.0,22.0,0.8844990637309863
8,A*-GA,91.0,22.0,0.8840860367665366
8,A*-GA,93.0,22.0,0.8835271948775273
8,A*-GA,95.0,22.0,0.8828309306316409
8,A*-GA,97.0,22.0,0.8820052631890126
8,A*-GA,99.0,22.0,0.8810578536809778
8,A*-GA,101.0,22.0,0.8799960199734465
8,A*-GA,103.0,22.0,0.8788267508392477
8,A*-GA,105.0,22.0,0.877556719562824
8,A*-GA,107.0,24.0,0.8761922969997396
8,A*-GA,109.0,26.0,0.8747395641125767
8,A*-GA,111.0,26.0,0.8732043240039512
8,A*-GA,113.0,26.0,0.8715921134665556
8,A*-GA,115.0,26.0,0.8699082140693605
8,A*-GA,117.0,28.000000000000004,0.8681994129675035
8,A*-GA,119.0,32.0,0.8665914460067465
8,A*-GA,121.0,32.0,0.8650800675654278
8,A*-GA,123.0,34.0,0.8636533490950136
8,A*-GA,125.0,34.0,0.8622847728091463
8,A*-GA,127.0,34.0,0.86097203002767
8,A*-GA,129.0,34.0,0.8597129029463618
8,A*-GA,131.0,34.0,0.8585052610684981
8,A*-GA,133.0,36.0,0.8573470577764452
8,A*-GA,135.0,36.0,0.856236327037784
8,A*-GA,137.0,36.0,0.8551711802406895
8,A*-GA,139.0,38.0,0.854149803153493
8,A*-GA,141.0,40.0,0.8531704530035568
8,A*-GA,143.0,40.0,0.8522314556707784
8,A*-GA,145.0,42.0,0.8513312029912297
8,A*-GA,147.0,42.0,0.8504490528307096
8,A*-GA,149.0,44.0,0.8494686078425624
8,A*-GA,151.0,44.0,0.8483959151377859
8,A*-GA,153.0,44.0,0.8472367483860199
8,A*-GA,155.0,46.0,0.8459966191411652
8,A*-GA,157.0,46.0,0.8446807877128077
8,A*-GA,159.0,50.0,0.8432942736014292
8,A*-GA,161.0,50.0,0.8418418655146772
8,A*-GA,163.0,50.0,0.8403281309812884
8,A*-GA,165.0,50.0,0.8387574255786037
8,A*-GA,167.0,52.0,0.8371339017889876
8,A*-GA,169.0,52.0,0.8354615174998602
8,A*-GA,171.0,52.0,0.8337440441614706
8,A*-GA,173.0,52.0,0.8319850746159837
8,A*-GA,175.0,54.0,0.830188030610919
8,A*-GA,177.0,54.0,0.8283561700094625
8,A*-GA,179.0,54.0,0.8266098007828475
8,A*-GA,181.0,54.0,0.8249841442702023
8,A*-GA,183.0,56.00000000000001,0.8234738881141782
8,A*-GA,185.0,56.00000000000001,0.8220508237718797
8,A*-GA,187.0,56.00000000000001,0.8207036455997536
8,A*-GA,189.0,57.99999999999999,0.8194291511767245
8,A*-GA,191.0,60.0,0.8182242662028528
8,A*-GA,193.0,60.0,0.817086039445647
8,A*-GA,195.0,60.0,0.816011637884935
8,A*-GA,197.0,60.0,0.8149983420485024
8,A*-GA,199.0,60.0,0.8140435415310086
8,A*-GA,201.0,60.0,0.8131017759492721
8,A*-GA,203.0,60.0,0.8120465271347906
8,A*-GA,205.0,60.0,0.8108847277340674
8,A*-GA,207.0,60.0,0.8096229974245963
8,A*-GA,209.0,60.0,0.808267655870286
8,A*-GA,211.0,60.0,0.8068247351574438
8,A*-GA,213.0,60.0,0.8052999917318822
8,A*-GA,215.0,60.0,0.8036989178569002
8,A*-GA,217.0,60.0,0.8020267526111161
8,A*-GA,219.0,62.0,0.8002885786228154
8,A*-GA,221.0,64.0,0.7984894115845396
8,A*-GA,223.0,68.0,0.7966337794190292
8,A*-GA,225.0,68.0,0.7947257403001565
8,A*-GA,227.0,68.0,0.792769330849287
8,A*-GA,229.0,72.0,0.7907684796687232
8,A*-GA,231.0,74.0,0.7887269276723166
8,A*-GA,233.0,74.0,0.7866482360033127
8,A*-GA,235.0,74.0,0.7845357936324099
8,A*-GA,237.0,74.0,0.7823928246487275
8,A*-GA,239.0,74.0,0.7802223952558822
8,A*-GA,241.0,74.0,0.7780274204848837
8,A*-GA,243.0,74.0,0.7758106706351069
8,A*-GA,245.0,74.0,0.7735747774541473
8,A*-GA,247.0,74.0,0.7713222400669442
8,A*-GA,249.0,74.0,0.7690554306641443
8,A*-GA,251.0,74.0,0.766776599959285
8,A*-GA,253.0,74.0,0.7644878861429832
8,A*-GA,255.0,74.0,0.7621913200729942
8,A*-GA,257.0,74.0,0.7598888258624763
8,A*-GA,259.0,76.0,0.7575822254307322
8,A*-GA,261.0,78.0,0.7552732429537501
8,A*-GA,263.0,80.0,0.7529635091328561
8,A*-GA,265.0,80.0,0.75065456528873
8,A*-GA,267.0,80.0,0.7483478672877557
8,A*-GA,269.0,80.0,0.7460447893074013
8,A*-GA,271.0,80.0,0.7437466274470563
8,A*-GA,273.0,80.0,0.7414548016715611
8,A*-GA,275.0,80.0,0.7391705141370911
8,A*-GA,277.0,82.0,0.7368947678237059
8,A*-GA,279.0,82.0,0.7346283840603828
8,A*-GA,281.0,82.0,0.7323723186832016
8,A*-GA,283.0,82.0,0.7301274681616298
8,A*-GA,285.0,84.0,0.7278946722889301
8,A*-GA,287.0,84.0,0.725674716761051
8,A*-GA,289.0,84.0,0.7234683356484712
8,A*-GA,291.0,84.0,0.7212762137652956
8,A*-GA,293.0,84.0,0.7190989889397291
8,A*-GA,295.0,84.0,0.7169372541898907
8,A*-GA,297.0,84.0,0.714791559808775
8,A*-GA,299.0,86.0,0.7126624153620134
8,A*-GA,301.0,88.0,0.7105502916019482
8,A*-GA,303.0,90.0,0.708455622301389
8,A*-GA,305.0,92.0,0.7063788060102886
8,A*-GA,307.0,94.0,0.7043202077384474
8,A*-GA,309.0,98.0,0.7022801605672326
8,A*-GA,311.0,98.0,0.7002589671931777
8,A*-GA,313.0,98.0,0.6982569014062164
8,A*-GA,315.0,98.0,0.6962742095051947
8,A*-GA,317.0,98.0,0.6943111116531997
8,A*-GA,319.0,98.0,0.6923678031751433
8,A*-GA,321.0,98.0,0.6904444557999407
8,A*-GA,323.0,98.0,0.6885412188495337
8,A*-GA,325.0,98.0,0.6866582203769144
8,A*-GA,327.0,98.0,0.6847955682552251
8,A*-GA,329.0,98.0,0.682953351219922
8,A*-GA,331.0,98.0,0.6811316398659141
8,A*-GA,333.0,98.0,0.6793304876015133
8,A*-GA,335.0,98.0,0.6775499315609558
8,A*-GA,337.0,98.0,0.6757899934771867
8,A*-GA,339.0,98.0,0.6740506805165326
8,A*-GA,341.0,98.0,0.6723319860768195
8,A*-GA,343.0,98.0,0.6706338905504352
8,A*-GA,345.0,98.0,0.6689563620537713
8,A*-GA,347.0,98.0,0.6672993571244267
8,A*-GA,349.0,98.0,0.6656628785456161
8,A*-GA,351.0,98.0,0.6640468752901477
8,A*-GA,353.0,100.0,0.6624512667994135
8,A*-GA,355.0,100.0,0.6608759637301864
8,A*-GA,357.0,100.0,0.6593208684966717
8,A*-GA,359.0,100.0,0.6577858757880297
8,A*-GA,361.0,100.0,0.656270873062387
8,A*-GA,363.0,100.0,0.6547757410183117
8,A*-GA,365.0,100.0,0.6533003540446888
8,A*-GA,367.0,100.0,0.6518445806498935
8,A*-GA,369.0,100.0,0.6504082838711273
8,A*-GA,371.0,100.0,0.6489913216647409
8,A*-GA,373.0,100.0,0.6475935472783436
8,A*-GA,375.0,100.0,0.6462148096054564
8,A*-GA,377.0,100.0,0.6448549535234451
8,A*-GA,379.0,100.0,0.6435138202154341
8,A*-GA,381.0,100.0,0.6421912474768736
8,A*-GA,383.0,100.0,0.6408870700074096
8,A*-GA,385.0,100.0,0.6396011196886764
8,A*-GA,387.0,100.0,0.6383332258486065
8,A*-GA,389.0,100.0,0.6370832155128311
8,A*-GA,391.0,100.0,0.6358509136437176
8,A*-GA,393.0,100.0,0.6346361433675729
8,A*-GA,395.0,100.0,0.633438726190515
8,A*-GA,397.0,100.0,0.6322584822034995
8,A*-GA,399.0,100.0,0.6310952302769635
8,A*-GA,401.0,100.0,0.6299487882455355
8,A*-GA,403.0,100.0,0.6288189730832362
8,A*-GA,405.0,100.0,0.6277056010695828
8,A*-GA,407.0,100.0,0.62660848794699
8,A*-GA,409.0,100.0,0.6255274490698437
8,A*-GA,411.0,100.0,0.6244622995456118
8,A*-GA,413.0,100.0,0.6234128543683387
8,A*-GA,415.0,100.0,0.6223789285448551
8,A*-GA,417.0,100.0,0.6213603372140257
8,A*-GA,419.0,100.0,0.6203568957593389
8,A*-GA,421.0,100.0,0.6193684199151329
8,A*-GA,423.0,100.0,0.61839472586674
8,A*-GA,425.0,100.0,0.6174356303448206
8,A*-GA,427.0,100.0,0.6164909507141435
8,A*-GA,429.0,100.0,0.6155605050570633
8,A*-GA,431.0,100.0,0.6146441122519317
8,A*-GA,433.0,100.0,0.6137415920466714
8,A*-GA,435.0,100.0,0.6128527651277322
8,A*-GA,437.0,100.0,0.6119774531846367
8,A*-GA,439.0,100.0,0.6111154789703207
8,A*-GA,441.0,100.0,0.6102666663574565
8,A*-GA,443.0,100.0,0.6094308403909483
8,A*-GA,445.0,100.0,0.6086078273367729
8,A*-GA,447.0,100.0,0.6077974547273377
8,A*-GA,449.0,100.0,0.6069995514035176
8,A*-GA,451.0,100.0,0.6062139475535274
8,A*-GA,453.0,100.0,0.6054404747487777
8,A*-GA,455.0,100.0,0.6046789659768579
8,A*-GA,457.0,100.0,0.6039292556717835
8,A*-GA,459.0,100.0,0.6031911797416387
8,A*-GA,461.0,100.0,0.6024645755937396
8,A*-GA,463.0,100.0,0.6017492821574386
8,A*-GA,465.0,100.0,0.601045139904685
8,A*-GA,467.0,100.0,0.6003519908684526
8,A*-GA,469.0,100.0,0.5996696786591392
9,EHCO,1.0,0.0,0.9496747240619621
9,EHCO,3.0,0.0,0.950554387711712
9,EHCO,5.0,0.0,0.95131029801938
9,EHCO,7.0,0.0,0.9519369472618199
9,EHCO,9.0,0.0,0.9523167126267236
9,EHCO,11.0,0.0,0.9524629479804688
9,EHCO,13.0,0.0,0.9523884226823892
9,EHCO,15.0,0.0,0.9521053455171145
9,EHCO,17.0,0.0,0.9516253876714854
9,EHCO,19.0,0.0,0.9509597047937968
9,EHCO,21.0,0.0,0.9501189581716378
9,EHCO,23.0,0.0,0.9491133350631733
9,EHCO,25.0,0.0,0.9479525682153345
9,EHCO,27.0,0.0,0.9466459546010751
9,EHCO,29.0,0.0,0.9452023734065791
9,EHCO,31.0,0.0,0.9436303032980922
9,EHCO,33.0,0.0,0.9419378389968818
9,EHCO,35.0,0.0,0.9401327071897059
9,EHCO,37.0,0.0,0.9383575473544506
9,EHCO,39.0,4.0,0.9366563444969669
9,EHCO,41.0,8.0,0.9350261495902445
9,EHCO,43.0,10.0,0.933431246025751
9,EHCO,45.0,12.0,0.931859966449788
9,EHCO,47.0,14.000000000000002,0.9303120221405259
9,EHCO,49.0,16.0,0.9287871251567212
9,EHCO,51.0,16.0,0.927284988481402
9,EHCO,53.0,18.0,0.9258053261570366
9,EHCO,55.0,20.0,0.9243478534125662
9,EHCO,57.0,20.0,0.9229122867826678
9,EHCO,59.0,20.0,0.9214983442195962
9,EHCO,61.0,20.0,0.9201057451979449
9,EHCO,63.0,20.0,0.9187342108126464
9,EHCO,65.0,20.0,0.9173938667741496
9,EHCO,67.0,20.0,0.9159809611363514
9,EHCO,69.0,20.0,0.9144567304738639
9,EHCO,71.0,20.0,0.912828292587677
9,EHCO,73.0,22.0,0.9111024405864587
9,EHCO,75.0,22.0,0.9092856563755954
9,EHCO,77.0,24.0,0.9073841236046398
9,EHCO,79.0,26.0,0.9054037400946182
9,EHCO,81.0,26.0,0.9033501297658049
9,EHCO,83.0,26.0,0.9012286540857578
9,EHCO,85.0,26.0,0.8990444230566313
9,EHCO,87.0,26.0,0.8968023057600318
9,EHCO,89.0,26.0,0.8945493977504596
9,EHCO,91.0,28.000000000000004,0.8924130761611508
9,EHCO,93.0,28.000000000000004,0.8903885392114419
9,EHCO,95.0,34.0,0.8884629571992129
9,EHCO,97.0,34.0,0.8866082482223177
9,EHCO,99.0,34.0,0.8848217034463958
9,EHCO,101.0,36.0,0.8831007191222985
9,EHCO,103.0,36.0,0.8814427924831523
9,EHCO,105.0,38.0,0.8798455178020546
9,EHCO,107.0,40.0,0.8783065826041098
9,EHCO,109.0,40.0,0.8768237640267535
9,EHCO,111.0,42.0,0.8753949253225528
9,EHCO,113.0,44.0,0.8739992636423372
9,EHCO,115.0,44.0,0.8725184323906195
9,EHCO,117.0,44.0,0.8709580798026791
9,EHCO,119.0,44.0,0.8693235944025172
9,EHCO,121.0,44.0,0.8676201158215461
9,EHCO,123.0,44.0,0.8658525451824453
9,EHCO,125.0,46.0,0.8640255550654152
9,EHCO,127.0,46.0,0.8621435990733826
9,EHCO,129.0,46.0,0.8602109210120539
9,EHCO,131.0,46.0,0.8582315637000925
9,EHCO,133.0,46.0,0.85620937742409
9,EHCO,135.0,46.0,0.8541480280524237
9,EHCO,137.0,46.0,0.8520510048215405
9,EHCO,139.0,46.0,0.8499216278076679
9,EHCO,141.0,48.0,0.8477630550964457
9,EHCO,143.0,48.0,0.8455782896624766
9,EHCO,145.0,48.0,0.8433701859703209
9,EHCO,147.0,48.0,0.8411414563080051
9,EHCO,149.0,50.0,0.8388946768636831
9,EHCO,151.0,50.0,0.8367495417965054
9,EHCO,153.0,50.0,0.8347406537799502
9,EHCO,155.0,54.0,0.8328620922541268
9,EHCO,157.0,54.0,0.8310850643199268
9,EHCO,159.0,54.0,0.8293977028885751
9,EHCO,161.0,54.0,0.8277962661061161
9,EHCO,163.0,56.00000000000001,0.8262771613886774
9,EHCO,165.0,57.99999999999999,0.8248369395392553
9,EHCO,167.0,57.99999999999999,0.8234722890956007
9,EHCO,169.0,57.99999999999999,0.8221800309001347
9,EHCO,171.0,57.99999999999999,0.8209571128831822
9,EHCO,173.0,57.99999999999999,0.8198006050511502
9,EHCO,175.0,62.0,0.8187076946716072
9,EHCO,177.0,64.0,0.8176756816475392
9,EHCO,179.0,64.0,0.8167019740733544
9,EHCO,181.0,66.0,0.8157840839655045
9,EHCO,183.0,66.0,0.8149196231608706
9,EHCO,185.0,66.0,0.8141062993763274
9,EHCO,187.0,66.0,0.8133419124231615
9,EHCO,189.0,66.0,0.8126243505702642
9,EHCO,191.0,68.0,0.8119515870502609
9,EHCO,193.0,68.0,0.8113216767029656
9,EHCO,195.0,68.0,0.8107404357197739
9,EHCO,197.0,70.0,0.8101089524088895
9,EHCO,199.0,70.0,0.8093913900931236
9,EHCO,201.0,70.0,0.8085821630171723
9,EHCO,203.0,70.0,0.8076550790899611
9,EHCO,205.0,70.0,0.8066172288842058
9,EHCO,207.0,70.0,0.8054753840338137
9,EHCO,209.0,70.0,0.8042360104197733
9,EHCO,211.0,70.0,0.8029052808276235
9,EHCO,213.0,70.0,0.801489087097417
9,EHCO,215.0,70.0,0.7999930517862686
9,EHCO,217.0,70.0,0.7984225393627875
9,EHCO,219.0,70.0,0.7967826669519328
9,EHCO,221.0,70.0,0.7950783146481009
9,EHCO,223.0,72.0,0.7933141354135532
9,EHCO,225.0,72.0,0.7914945645786172
9,EHCO,227.0,72.0,0.7896238289594469
9,EHCO,229.0,74.0,0.7877059556085081
9,EHCO,231.0,74.0,0.7857447802123524
9,EHCO,233.0,76.0,0.7837439551506759
9,EHCO,235.0,76.0,0.7817069572301016
9,EHCO,237.0,76.0,0.7796370951055973
9,EHCO,239.0,78.0,0.7775375164019304
9,EHCO,241.0,80.0,0.7754112145470743
9,EHCO,243.0,82.0,0.7732610353290101
9,EHCO,245.0,84.0,0.7710899400149348
9,EHCO,247.0,84.0,0.7689005721271872
9,EHCO,249.0,86.0,0.7666953582769757
9,EHCO,251.0,86.0,0.7644766016198515
9,EHCO,253.0,86.0,0.762246487165949
9,EHCO,255.0,86.0,0.7600070868741842
9,EHCO,257.0,88.0,0.7577603645390176
9,EHCO,259.0,88.0,0.7555081804780428
9,EHCO,261.0,90.0,0.7532522960283368
9,EHCO,263.0,90.0,0.7509943778591984
9,EHCO,265.0,90.0,0.748736002108595
9,EHCO,267.0,90.0,0.746478658350351
9,EHCO,269.0,90.0,0.7442237533988351
9,EHCO,271.0,90.0,0.7419726149576326
9,EHCO,273.0,90.0,0.7397264951184372
9,EHCO,275.0,90.0,0.7374865737161458
9,EHCO,277.0,90.0,0.7352539615459063
9,EHCO,279.0,90.0,0.7330297034476414
9,EHCO,281.0,90.0,0.7308147812633496
9,EHCO,283.0,90.0,0.7286101166722788
9,EHCO,285.0,90.0,0.7264165739088628
9,EHCO,287.0,90.0,0.7242349623681218
9,EHCO,289.0,90.0,0.7220660391030377
9,EHCO,291.0,90.0,0.7199105112182373
9,EHCO,293.0,90.0,0.7177690381641483
9,EHCO,295.0,90.0,0.715642233935623
9,EHCO,297.0,94.0,0.7135306691788708
9,EHCO,299.0,96.0,0.7114348732103846
9,EHCO,301.0,96.0,0.7093553359514038
9,EHCO,303.0,98.0,0.7072925097813133
9,EHCO,305.0,98.0,0.7052468113132442
9,EHCO,307.0,98.0,0.7032186230950122
9,EHCO,309.0,98.0,0.7012082952384073
9,EHCO,311.0,98.0,0.6992161469797231
9,EHCO,313.0,98.0,0.697242468174307
9,EHCO,315.0,98.0,0.6952875207277969
9,EHCO,317.0,98.0,0.693351539966604
9,EHCO,319.0,98.0,0.6914347359501046
9,EHCO,321.0,98.0,0.6895372947268991
9,EHCO,323.0,98.0,0.6876593795374077
9,EHCO,325.0,98.0,0.6858011319649816
9,EHCO,327.0,98.0,0.683962673037617
9,EHCO,329.0,98.0,0.6821441042822837
9,EHCO,331.0,98.0,0.6803455087337937
9,EHCO,333.0,98.0,0.678566951900063
9,EHCO,335.0,98.0,0.6768084826855398
9,EHCO,337.0,98.0,0.6750701342745111
9,EHCO,339.0,98.0,0.6733519249759224
9,EHCO,341.0,98.0,0.6716538590312848
9,EHCO,343.0,98.0,0.66997592738718
9,EHCO,345.0,98.0,0.6683181084338135
9,EHCO,347.0,98.0,0.6666803687110069
9,EHCO,349.0,98.0,0.6650626635829683
9,EHCO,351.0,98.0,0.6634649378831216
9,EHCO,353.0,98.0,0.6618871265302276
9,EHCO,355.0,98.0,0.6603291551169803
9,EHCO,357.0,98.0,0.6587909404722118
9,EHCO,359.0,98.0,0.6572723911977973
9,EHCO,361.0,98.0,0.6557734081813059
9,EHCO,363.0,98.0,0.6542938850854008
9,EHCO,365.0,98.0,0.6528337088149535
9,EHCO,367.0,98.0,0.6513927599627981
9,EHCO,369.0,98.0,0.6499709132350112
9,EHCO,371.0,98.0,0.6485680378565732
9,EHCO,373.0,100.0,0.6471839979582273
9,EHCO,375.0,100.0,0.645818652945321
9,EHCO,377.0,100.0,0.6444718578493863
9,EHCO,379.0,100.0,0.6431434636631788
9,EHCO,381.0,100.0,0.6418333176598727
9,EHCO,383.0,100.0,0.6405412636970768
9,EHCO,385.0,100.0,0.6392671425063097
9,EHCO,387.0,100.0,0.6380107919685509
9,EHCO,389.0,100.0,0.6367720473764529
9,EHCO,391.0,100.0,0.6355507416837818
9,EHCO,393.0,100.0,0.6343467057426284
9,EHCO,395.0,100.0,0.6331597685289083
9,EHCO,397.0,100.0,0.6319897573566521
9,EHCO,399.0,100.0,0.6308364980815628
9,EHCO,401.0,100.0,0.6296998152943017
9,EHCO,403.0,100.0,0.628579532503942
9,EHCO,405.0,100.0,0.6274754723120137
9,EHCO,407.0,100.0,0.6263874565775459
9,EHCO,409.0,100.0,0.6253153065734937
9,EHCO,411.0,100.0,0.6242588431349262
9,EHCO,413.0,100.0,0.6232178867993304
9,EHCO,415.0,100.0,0.622192257939377
9,EHCO,417.0,100.0,0.6211817768884753
9,EHCO,419.0,100.0,0.6201862640594348
9,EHCO,421.0,100.0,0.6192055400565362
9,EHCO,423.0,100.0,0.6182394257813013
9,EHCO,425.0,100.0,0.6172877425322418
9,EHCO,427.0,100.0,0.6163503120988532
9,EHCO,429.0,100.0,0.6154269568501104
9,EHCO,431.0,100.0,0.6145174998177108
9,EHCO,433.0,100.0,0.6136217647742994
9,EHCO,435.0,100.0,0.6127395763069041
9,EHCO,437.0,100.0,0.6118707598857941
9,EHCO,439.0,100.0,0.6110151419289713
9,EHCO,441.0,100.0,0.6101725498624944
9,EHCO,443.0,100.0,0.609342812176823
9,EHCO,445.0,100.0,0.6085257584793676
9,EHCO,447.0,100.0,0.6077212195434194
9,EHCO,449.0,100.0,0.6069290273536266
9,EHCO,451.0,100.0,0.6061490151481798
9,EHCO,453.0,100.0,0.60538101745786
9,EHCO,455.0,100.0,0.6046248701420956
9,EHCO,457.0,100.0,0.6038804104221719
9,EHCO,459.0,100.0,0.6031474769117268
9,EHCO,461.0,100.0,0.6024259096446625
9,EHCO,463.0,100.0,0.6017155501005993
9,EHCO,465.0,100.0,0.6010162412279886
9,EHCO,467.0,100.0,0.6003278274649991
9,A*-GA,1.0,0.0,0.9496747240619621
9,A*-GA,3.0,0.0,0.950554387711712
9,A*-GA,5.0,0.0,0.95131029801938
9,A*-GA,7.0,0.0,0.951948779240223
9,A*-GA,9.0,0.0,0.9524758832426278
9,A*-GA,11.0,0.0,0.9528974005952296
9,A*-GA,13.0,0.0,0.9532188712124521
9,A*-GA,15.0,0.0,0.9534455945758976
9,A*-GA,17.0,0.0,0.953582639548338
9,A*-GA,19.0,0.0,0.9536348537963921
9,A*-GA,21.0,0.0,0.9536068728373469
9,A*-GA,23.0,0.0,0.9535031287249686
9,A*-GA,25.0,0.0,0.9533278583885685
9,A*-GA,27.0,0.0,0.9530851116390229
9,A*-GA,29.0,0.0,0.9527787588549127
9,A*-GA,31.0,0.0,0.9524124983614259
9,A*-GA,33.0,0.0,0.9519898635141714
9,A*-GA,35.0,0.0,0.9515142294995707
9,A*-GA,37.0,0.0,0.9509769878846387
9,A*-GA,39.0,2.0,0.9502575421598357
9,A*-GA,41.0,2.0,0.9493663944354387
9,A*-GA,43.0,4.0,0.9483135793847558
9,A*-GA,45.0,4.0,0.947108683497946
9,A*-GA,47.0,4.0,0.9457608635653688
9,A*-GA,49.0,4.0,0.9442788644209408
9,A*-GA,51.0,4.0,0.9426710359747736
9,A*-GA,53.0,4.0,0.9409453495632191
9,A*-GA,55.0,8.0,0.9391094136433334
9,A*-GA,57.0,10.0,0.9371704888577191
9,A*-GA,59.0,14.000000000000002,0.935135502494669
9,A*-GA,61.0,14.000000000000002,0.9330110623675644
9,A*-GA,63.0,14.000000000000002,0.9308034701365319
9,A*-GA,65.0,14.000000000000002,0.9285187340944578
9,A*-GA,67.0,14.000000000000002,0.9261625814385892
9,A*-GA,69.0,14.000000000000002,0.9237404700481129
9,A*-GA,71.0,14.000000000000002,0.9212575997873025
9,A*-GA,73.0,14.000000000000002,0.9187189233530498
9,A*-GA,75.0,16.0,0.9161291566848551
9,A*-GA,77.0,16.0,0.9134927889546399
9,A*-GA,79.0,16.0,0.9108140921530614
9,A*-GA,81.0,16.0,0.9080971302883478
9,A*-GA,83.0,18.0,0.9054722889106341
9,A*-GA,85.0,18.0,0.902977925837126
9,A*-GA,87.0,20.0,0.9006086184972061
9,A*-GA,89.0,22.0,0.8983347347717964
9,A*-GA,91.0,22.0,0.8961445208103205
9,A*-GA,93.0,22.0,0.8940347800969277
9,A*-GA,95.0,22.0,0.892002440095743
9,A*-GA,97.0,22.0,0.8900445474106071
9,A*-GA,99.0,22.0,0.8881582631343117
9,A*-GA,101.0,22.0,0.8863408583799015
9,A*-GA,103.0,22.0,0.8845897099869084
9,A*-GA,105.0,24.0,0.8829022963956594
9,A*-GA,107.0,24.0,0.8812761936830722
9,A*-GA,109.0,24.0,0.8797090717536103
9,A*-GA,111.0,28.000000000000004,0.8781986906793142
9,A*-GA,113.0,28.000000000000004,0.8767428971830673
9,A*-GA,115.0,30.0,0.8753396212594845
9,A*-GA,117.0,30.0,0.8739868729280286
9,A*-GA,119.0,30.0,0.8726827391131722
9,A*-GA,121.0,30.0,0.8714334002541361
9,A*-GA,123.0,30.0,0.8701338111500607
9,A*-GA,125.0,30.0,0.8687462220166633
9,A*-GA,127.0,30.0,0.8672763766162878
9,A*-GA,129.0,32.0,0.8657297555088709
9,A*-GA,131.0,32.0,0.8642359253670555
9,A*-GA,133.0,34.0,0.8628339910330073
9,A*-GA,135.0,38.0,0.8615199795770285
9,A*-GA,137.0,38.0,0.8602669670296326
9,A*-GA,139.0,38.0,0.8590648796438652
9,A*-GA,141.0,40.0,0.8579116963101685
9,A*-GA,143.0,40.0,0.8568054754644318
9,A*-GA,145.0,40.0,0.8557443519645929
9,A*-GA,147.0,40.0,0.8547342170588031
9,A*-GA,149.0,42.0,0.8536708454561477
9,A*-GA,151.0,42.0,0.8525170714375867
9,A*-GA,153.0,44.0,0.8512786195524238
9,A*-GA,155.0,44.0,0.849960953776578
9,A*-GA,157.0,46.0,0.8485692883298588
9,A*-GA,159.0,48.0,0.847108598059047
9,A*-GA,161.0,48.0,0.8455836284039768
9,A*-GA,163.0,48.0,0.843998904963138
9,A*-GA,165.0,50.0,0.842358742674666
9,A*-GA,167.0,50.0,0.8406672546279633
9,A*-GA,169.0,50.0,0.8389283605205938
9,A*-GA,171.0,50.0,0.8371457947745155
9,A*-GA,173.0,50.0,0.8353231143251634
9,A*-GA,175.0,50.0,0.8334637060963612
9,A*-GA,177.0,52.0,0.8316887154966288
9,A*-GA,179.0,52.0,0.8300336664639717
9,A*-GA,181.0,54.0,0.8284932978204628
9,A*-GA,183.0,54.0,0.8270394499636287
9,A*-GA,185.0,54.0,0.8256608640417314
9,A*-GA,187.0,54.0,0.8243543823637188
9,A*-GA,189.0,54.0,0.8231169733812652
9,A*-GA,191.0,54.0,0.8219457267151683
9,A*-GA,193.0,54.0,0.8208378483771349
9,A*-GA,195.0,54.0,0.8197906561792896
9,A*-GA,197.0,54.0,0.8188015753240374
9,A*-GA,199.0,56.00000000000001,0.8178681341672038
9,A*-GA,201.0,56.00000000000001,0.8169447697717234
9,A*-GA,203.0,57.99999999999999,0.8159044162145799
9,A*-GA,205.0,57.99999999999999,0.8147541896954986
9,A*-GA,207.0,60.0,0.8135008854838576
9,A*-GA,209.0,60.0,0.8121509911990044
9,A*-GA,211.0,62.0,0.8107106995581804
9,A*-GA,213.0,62.0,0.8091859206131247
9,A*-GA,215.0,62.0,0.8075822934956035
9,A*-GA,217.0,62.0,0.8059051976913123
9,A*-GA,219.0,62.0,0.8041597638608315
9,A*-GA,221.0,62.0,0.8023508842255803
9,A*-GA,223.0,66.0,0.8004832225360092
9,A*-GA,225.0,66.0,0.7985612236385886
9,A*-GA,227.0,66.0,0.7965891226575017
9,A*-GA,229.0,66.0,0.7945709538063209
9,A*-GA,231.0,70.0,0.7925105588443463
9,A*-GA,233.0,70.0,0.790411852019727
9,A*-GA,235.0,70.0,0.7882783885966596
9,A*-GA,237.0,72.0,0.7861133811921768
9,A*-GA,239.0,72.0,0.7839197154630123
9,A*-GA,241.0,74.0,0.7817003875239141
9,A*-GA,243.0,74.0,0.779458245013643
9,A*-GA,245.0,74.0,0.7771959934310319
9,A*-GA,247.0,74.0,0.7749162022140292
9,A*-GA,249.0,76.0,0.7726213105719526
9,A*-GA,251.0,76.0,0.7703136330807663
9,A*-GA,253.0,76.0,0.7679953650508192
9,A*-GA,255.0,76.0,0.7656685907850176
9,A*-GA,257.0,76.0,0.7633352897408943
9,A*-GA,259.0,78.0,0.7609973368041364
9,A*-GA,261.0,78.0,0.7586565065519636
9,A*-GA,263.0,78.0,0.7563144776304636
9,A*-GA,265.0,78.0,0.7539728369528965
9,A*-GA,267.0,78.0,0.7516330837261117
9,A*-GA,269.0,78.0,0.7492966333119381
9,A*-GA,271.0,78.0,0.7469648209301404
9,A*-GA,273.0,78.0,0.7446389052092706
9,A*-GA,275.0,78.0,0.7423200715914947
9,A*-GA,277.0,80.0,0.7400094355972346
9,A*-GA,279.0,80.0,0.7377080459552342
9,A*-GA,281.0,80.0,0.7354168876034357
9,A*-GA,283.0,82.0,0.7331368845658414
9,A*-GA,285.0,82.0,0.7308689027103278
9,A*-GA,287.0,84.0,0.7286137523921876
9,A*-GA,289.0,86.0,0.7263721909879798
9,A*-GA,291.0,92.0,0.7241449253240924
9,A*-GA,293.0,92.0,0.7219326140042438
9,A*-GA,295.0,92.0,0.7197358696399847
9,A*-GA,297.0,92.0,0.7175552609880986
9,A*-GA,299.0,92.0,0.7153914593019832
9,A*-GA,301.0,94.0,0.7132449889554769
9,A*-GA,303.0,100.0,0.7111162866155768
9,A*-GA,305.0,100.0,0.709005753363617
9,A*-GA,307.0,100.0,0.7069137563963269
9,A*-GA,309.0,100.0,0.7048406306551134
9,A*-GA,311.0,100.0,0.7027866803864705
9,A*-GA,313.0,100.0,0.7007521806362963
9,A*-GA,315.0,100.0,0.6987373786807924
9,A*-GA,317.0,100.0,0.696742495396514
9,A*-GA,319.0,100.0,0.6947677265720325
9,A*-GA,321.0,100.0,0.6928132441635814
9,A*-GA,323.0,100.0,0.6908791974969561
9,A*-GA,325.0,100.0,0.6889657144178511
9,A*-GA,327.0,100.0,0.6870729023927307
9,A*-GA,329.0,100.0,0.6852008495622429
9,A*-GA,331.0,100.0,0.6833496257491138
9,A*-GA,333.0,100.0,0.6815192834223723
9,A*-GA,335.0,100.0,0.6797098586196894
9,A*-GA,337.0,100.0,0.6779213718295422
9,A*-GA,339.0,100.0,0.6761538288348438
9,A*-GA,341.0,100.0,0.6744072215196161
9,A*-GA,343.0,100.0,0.6726815286402186
9,A*-GA,345.0,100.0,0.6709767165625886
9,A*-GA,347.0,100.0,0.669292739966884
9,A*-GA,349.0,100.0,0.6676295425208723
9,A*-GA,351.0,100.0,0.6659870575233486
9,A*-GA,353.0,100.0,0.6643652085188192
9,A*-GA,355.0,100.0,0.662763909884634
9,A*-GA,357.0,100.0,0.6611830673917066
9,A*-GA,359.0,100.0,0.6596225787399137
9,A*-GA,361.0,100.0,0.6580823340692215
9,A*-GA,363.0,100.0,0.6565622164475464
9,A*-GA,365.0,100.0,0.6550621023363159
9,A*-GA,367.0,100.0,0.6535818620346544
9,A*-GA,369.0,100.0,0.6521213601030877
9,A*-GA,371.0,100.0,0.6506804557676169
9,A*-GA,373.0,100.0,0.6492590033049828
9,A*-GA,375.0,100.0,0.6478568524099082
9,A*-GA,377.0,100.0,0.6464738485450726
9,A*-GA,379.0,100.0,0.6451098332745426
9,A*-GA,381.0,100.0,0.6437646445813566
9,A*-GA,383.0,100.0,0.6424381171699285
9,A*-GA,385.0,100.0,0.6411300827539118
9,A*-GA,387.0,100.0,0.639840370330139
9,A*-GA,389.0,100.0,0.6385688064392256
9,A*-GA,391.0,100.0,0.637315215413406
9,A*-GA,393.0,100.0,0.6360794196121407
9,A*-GA,395.0,100.0,0.6348612396460209
9,A*-GA,397.0,100.0,0.6336604945894669
9,A*-GA,399.0,100.0,0.6324770021826996
9,A*-GA,401.0,100.0,0.6313105790234486
9,A*-GA,403.0,100.0,0.6301610407488334
9,A*-GA,405.0,100.0,0.629028202207847
9,A*-GA,407.0,100.0,0.627911877624843
9,A*-GA,409.0,100.0,0.6268118807544181
9,A*-GA,411.0,100.0,0.6257280250280647
9,A*-GA,413.0,100.0,0.6246601236929497
9,A*-GA,415.0,100.0,0.6236079899431655
9,A*-GA,417.0,100.0,0.6225714370437821
9,A*-GA,419.0,100.0,0.6215502784480169
9,A*-GA,421.0,100.0,0.6205443279078242
9,A*-GA,423.0,100.0,0.6195533995781977
9,A*-GA,425.0,100.0,0.618577308115463
9,A*-GA,427.0,100.0,0.617615868769828
9,A*-GA,429.0,100.0,0.6166688974724484
9,A*-GA,431.0,100.0,0.6157362109172525
9,A*-GA,433.0,100.0,0.614817626637763
9,A*-GA,435.0,100.0,0.6139129630791399
9,A*-GA,437.0,100.0,0.6130220396656632
9,A*-GA,439.0,100.0,0.6121446768638602
9,A*-GA,441.0,100.0,0.6112806962414795
9,A*-GA,443.0,100.0,0.6104299205224999
9,A*-GA,445.0,100.0,0.6095921736383588
9,A*-GA,447.0,100.0,0.6087672807755737
9,A*-GA,449.0,100.0,0.6079550684199263
9,A*-GA,451.0,100.0,0.6071553643973683
9,A*-GA,453.0,100.0,0.6063679979118045
9,A*-GA,455.0,100.0,0.6055927995799003
9,A*-GA,457.0,100.0,0.6048296014630544
9,A*-GA,459.0,100.0,0.6040782370966731
9,A*-GA,461.0,100.0,0.6033385415168752
9,A*-GA,463.0,100.0,0.6026103512847524
9,A*-GA,465.0,100.0,0.6018935045083037
9,A*-GA,467.0,100.0,0.6011878408621587
9,A*-GA,469.0,100.0,0.6004932016051964
9,A*-GA,471.0,100.0,0.5998094295961677
10,EHCO,1.0,0.0,0.9269383889323541
10,EHCO,3.0,0.0,0.9287215026948074
10,EHCO,5.0,0.0,0.9302538118188429
10,EHCO,7.0,0.0,0.9315033914510729
10,EHCO,9.0,0.0,0.9324850069094825
10,EHCO,11.0,0.0,0.9332127835475253
10,EHCO,13.0,0.0,0.9337002328634794
10,EHCO,15.0,0.0,0.9339602775689498
10,EHCO,17.0,2.0,0.9340052756576251
10,EHCO,19.0,2.0,0.9338470435137738
10,EHCO,21.0,2.0,0.9335429120061373
10,EHCO,23.0,2.0,0.9332368913063899
10,EHCO,25.0,2.0,0.9329293670300306
10,EHCO,27.0,4.0,0.9326090267859269
10,EHCO,29.0,4.0,0.9322426477083056
10,EHCO,31.0,6.0,0.9318329989169708
10,EHCO,33.0,6.0,0.9313827249823199
10,EHCO,35.0,6.0,0.9308943510744819
10,EHCO,37.0,8.0,0.930370287906108
10,EHCO,39.0,8.0,0.929812836476981
10,EHCO,41.0,10.0,0.9292241926282887
10,EHCO,43.0,10.0,0.9286064514140978
10,EHCO,45.0,10.0,0.9279616112972675
10,EHCO,47.0,12.0,0.9272915781767576
10,EHCO,49.0,14.000000000000002,0.9265981692530113
10,EHCO,51.0,14.000000000000002,0.9258946252147593
10,EHCO,53.0,16.0,0.9250790277548359
10,EHCO,55.0,16.0,0.9241133278601912
10,EHCO,57.0,16.0,0.9230064181942293
10,EHCO,59.0,18.0,0.921766792908373
10,EHCO,61.0,20.0,0.9204025640963235
10,EHCO,63.0,22.0,0.918921477589259
10,EHCO,65.0,24.0,0.9173309281180496
10,EHCO,67.0,24.0,0.9156379738675404
10,EHCO,69.0,24.0,0.9138493504469708
10,EHCO,71.0,24.0,0.9119714842996449
10,EHCO,73.0,24.0,0.9100105055740646
10,EHCO,75.0,24.0,0.9079722604778553
10,EHCO,77.0,24.0,0.905862323134978
10,EHCO,79.0,24.0,0.9036860069659147
10,EHCO,81.0,24.0,0.901491289517953
10,EHCO,83.0,24.0,0.8994072638838202
10,EHCO,85.0,24.0,0.8974293994360378
10,EHCO,87.0,28.000000000000004,0.8955101594521676
10,EHCO,89.0,28.000000000000004,0.8935207296829658
10,EHCO,91.0,28.000000000000004,0.8914662626099014
10,EHCO,93.0,30.0,0.889351668932509
10,EHCO,95.0,34.0,0.8871816277088204
10,EHCO,97.0,34.0,0.8849605960871535
10,EHCO,99.0,34.0,0.8826928186454764
10,EHCO,101.0,34.0,0.8803823363539092
10,EHCO,103.0,34.0,0.878032995175326
10,EHCO,105.0,36.0,0.8756484543184241
10,EHCO,107.0,36.0,0.8732321941570594
10,EHCO,109.0,36.0,0.8707875238291071
10,EHCO,111.0,36.0,0.8684391751088616
10,EHCO,113.0,36.0,0.8662235416075003
10,EHCO,115.0,40.0,0.864134968431328
10,EHCO,117.0,44.0,0.8621449165208513
10,EHCO,119.0,44.0,0.8602417612798043
10,EHCO,121.0,44.0,0.8584219924601274
10,EHCO,123.0,46.0,0.8566822386394892
10,EHCO,125.0,46.0,0.8550269447318155
10,EHCO,127.0,46.0,0.853353022753997
10,EHCO,129.0,46.0,0.8516226279808573
10,EHCO,131.0,46.0,0.8498399889903476
10,EHCO,133.0,46.0,0.8480091351995547
10,EHCO,135.0,46.0,0.8461339052277208
10,EHCO,137.0,46.0,0.8442179549220946
10,EHCO,139.0,48.0,0.8422647650599883
10,EHCO,141.0,48.0,0.8402776487398929
10,EHCO,143.0,50.0,0.8382597584739948
10,EHCO,145.0,50.0,0.8362140929939502
10,EHCO,147.0,50.0,0.8341435037813062
10,EHCO,149.0,50.0,0.8320900151947694
10,EHCO,151.0,52.0,0.8301701530142188
10,EHCO,153.0,56.00000000000001,0.8283781722556184
10,EHCO,155.0,57.99999999999999,0.82670070618051
10,EHCO,157.0,57.99999999999999,0.8251098575592817
10,EHCO,159.0,57.99999999999999,0.8236019946848631
10,EHCO,161.0,62.0,0.8221736309038309
10,EHCO,163.0,62.0,0.8208214188974488
10,EHCO,165.0,62.0,0.8195421451873754
10,EHCO,167.0,64.0,0.8183327248572262
10,EHCO,169.0,64.0,0.817190196481513
10,EHCO,171.0,64.0,0.8161117172538279
10,EHCO,173.0,64.0,0.8150945583064466
10,EHCO,175.0,64.0,0.8141361002138429
10,EHCO,177.0,66.0,0.8132338286728931
10,EHCO,179.0,66.0,0.8123853303528376
10,EHCO,181.0,66.0,0.8115882889083356
10,EHCO,183.0,68.0,0.8108404811492126
10,EHCO,185.0,68.0,0.8101397733607494
10,EHCO,187.0,68.0,0.8094841177686051
10,EHCO,189.0,68.0,0.8088543876196952
10,EHCO,191.0,70.0,0.8081393319910349
10,EHCO,193.0,70.0,0.8073441111723643
10,EHCO,195.0,72.0,0.8064736530502686
10,EHCO,197.0,72.0,0.8055326627206025
10,EHCO,199.0,72.0,0.8045256317156313
10,EHCO,201.0,76.0,0.8034460576640229
10,EHCO,203.0,76.0,0.8022668699745777
10,EHCO,205.0,76.0,0.8009943173048543
10,EHCO,207.0,78.0,0.7996343644882833
10,EHCO,209.0,78.0,0.7981927043080287
10,EHCO,211.0,78.0,0.7966747687983908
10,EHCO,213.0,78.0,0.7950857400924644
10,EHCO,215.0,78.0,0.7934305608340204
10,EHCO,217.0,80.0,0.7917139441708784
10,EHCO,219.0,80.0,0.7899406401743732
10,EHCO,221.0,82.0,0.7881150057845993
10,EHCO,223.0,84.0,0.7862410225092379
10,EHCO,225.0,84.0,0.7843223134186574
10,EHCO,227.0,84.0,0.7823625818207748
10,EHCO,229.0,84.0,0.7803653535339495
10,EHCO,231.0,88.0,0.7783339843822392
10,EHCO,233.0,88.0,0.7762716673878179
10,EHCO,235.0,88.0,0.7741814396725837
10,EHCO,237.0,88.0,0.7720661890805062
10,EHCO,239.0,88.0,0.7699286605318117
10,EHCO,241.0,88.0,0.7677714621196621
10,EHCO,243.0,88.0,0.7655970709595661
10,EHCO,245.0,88.0,0.763407839680978
10,EHCO,247.0,88.0,0.7612060065693594
10,EHCO,249.0,88.0,0.7589939404852643
10,EHCO,251.0,90.0,0.7567737200145398
10,EHCO,253.0,92.0,0.754547156586563
10,EHCO,255.0,92.0,0.7523158162515545
10,EHCO,257.0,92.0,0.7500814113474432
10,EHCO,259.0,94.0,0.7478455618324462
10,EHCO,261.0,94.0,0.7456097993257085
10,EHCO,263.0,94.0,0.743375570982543
10,EHCO,265.0,94.0,0.7411442432108744
10,EHCO,267.0,94.0,0.7389171052352265
10,EHCO,269.0,94.0,0.7366953725143465
10,EHCO,271.0,94.0,0.7344801900183131
10,EHCO,273.0,94.0,0.732272635370751
10,EHCO,275.0,96.0,0.7300737218615448
10,EHCO,277.0,96.0,0.727884401335238
10,EHCO,279.0,98.0,0.7257055669600946
10,EHCO,281.0,98.0,0.723538055882603
10,EHCO,283.0,98.0,0.7213826517720175
10,EHCO,285.0,98.0,0.7192400872593443
10,EHCO,287.0,98.0,0.7171110462750089
10,EHCO,289.0,98.0,0.7149962148235073
10,EHCO,291.0,98.0,0.7128963251016959
10,EHCO,293.0,100.0,0.7108119152643856
10,EHCO,295.0,100.0,0.7087434837713834
10,EHCO,297.0,100.0,0.7066914912518736
10,EHCO,299.0,100.0,0.7046563622905838
10,EHCO,301.0,100.0,0.7026384871388865
10,EHCO,303.0,100.0,0.700638223353864
10,EHCO,305.0,100.0,0.6986558973682444
10,EHCO,307.0,100.0,0.6966918059939994
10,EHCO,309.0,100.0,0.694746217862286
10,EHCO,311.0,100.0,0.6928193748023055
10,EHCO,313.0,100.0,0.6909114931615523
10,EHCO,315.0,100.0,0.6890227650698271
10,EHCO,317.0,100.0,0.6871533596492921
10,EHCO,319.0,100.0,0.6853034241727606
10,EHCO,321.0,100.0,0.6834730851723185
10,EHCO,323.0,100.0,0.6816624495003001
10,EHCO,325.0,100.0,0.6798716053445533
10,EHCO,327.0,100.0,0.6781006231998556
10,EHCO,329.0,100.0,0.6763495567972692
10,EHCO,331.0,100.0,0.6746184439931472
10,EHCO,333.0,100.0,0.6729073076194416
10,EHCO,335.0,100.0,0.6712161562968927
10,EHCO,337.0,100.0,0.6695449852126174
10,EHCO,339.0,100.0,0.6678937768635566
10,EHCO,341.0,100.0,0.6662625017671784
10,EHCO,343.0,100.0,0.6646511191407832
10,EHCO,345.0,100.0,0.663059577550699
10,EHCO,347.0,100.0,0.6614878155326055
10,EHCO,349.0,100.0,0.659935762184177
10,EHCO,351.0,100.0,0.6584033377311839
10,EHCO,353.0,100.0,0.6568904540681488
10,EHCO,355.0,100.0,0.65539701527461
10,EHCO,357.0,100.0,0.6539229181080003
10,EHCO,359.0,100.0,0.6524680524741117
10,EHCO,361.0,100.0,0.6510323018760745
10,EHCO,363.0,100.0,0.6496155438427462
10,EHCO,365.0,100.0,0.6482176503373647
10,EHCO,367.0,100.0,0.6468384881472886
10,EHCO,369.0,100.0,0.6454779192556178
10,EHCO,371.0,100.0,0.6441358011954464
10,EHCO,373.0,100.0,0.6428119873874798
10,EHCO,375.0,100.0,0.6415063274617118
10,EHCO,377.0,100.0,0.6402186675638315
10,EHCO,379.0,100.0,0.6389488506470049
10,EHCO,381.0,100.0,0.6376967167496448
10,EHCO,383.0,100.0,0.6364621032597638
10,EHCO,385.0,100.0,0.6352448451664774
10,EHCO,387.0,100.0,0.6340447752992013
10,EHCO,389.0,100.0,0.6328617245550683
10,EHCO,391.0,100.0,0.6316955221150642
10,EHCO,393.0,100.0,0.6305459956493652
10,EHCO,395.0,100.0,0.6294129715123399
10,EHCO,397.0,100.0,0.6282962749276563
10,EHCO,399.0,100.0,0.6271957301639219
10,EHCO,401.0,100.0,0.6261111607012638
10,EHCO,403.0,100.0,0.6250423893892386
10,EHCO,405.0,100.0,0.6239892385964495
10,EHCO,407.0,100.0,0.62295153035223
10,EHCO,409.0,100.0,0.6219290864807397
10,EHCO,411.0,100.0,0.6209217287278017
10,EHCO,413.0,100.0,0.6199292788808024
10,EHCO,415.0,100.0,0.6189515588819559
10,EHCO,417.0,100.0,0.6179883909352261
10,EHCO,419.0,100.0,0.6170395976071869
10,EHCO,421.0,100.0,0.6161050019220883
10,EHCO,423.0,100.0,0.6151844274513869
10,EHCO,425.0,100.0,0.6142776983979885
10,EHCO,427.0,100.0,0.6133846396754364
10,EHCO,429.0,100.0,0.612505076982278
10,EHCO,431.0,100.0,0.6116388368718209
10,EHCO,433.0,100.0,0.6107857468174924
10,EHCO,435.0,100.0,0.6099456352740003
10,EHCO,437.0,100.0,0.609118331734486
10,EHCO,439.0,100.0,0.6083036667838557
10,EHCO,441.0,100.0,0.6075014721484634
10,EHCO,443.0,100.0,0.6067115807423166
10,EHCO,445.0,100.0,0.6059338267099653
10,EHCO,447.0,100.0,0.6051680454662295
10,EHCO,449.0,100.0,0.6044140737329134
10,EHCO,451.0,100.0,0.6036717495726494
10,EHCO,453.0,100.0,0.6029409124200066
10,EHCO,455.0,100.0,0.6022214031099967
10,EHCO,457.0,100.0,0.6015130639040994
10,EHCO,459.0,100.0,0.6008157385139299
10,EHCO,461.0,100.0,0.6001292721226607
10,A*-GA,1.0,0.0,0.9269383889323541
10,A*-GA,3.0,0.0,0.9287099942178784
10,A*-GA,5.0,0.0,0.9303228554789136
10,A*-GA,7.0,0.0,0.9317846696478134
10,A*-GA,9.0,0.0,0.9331028074202283
10,A*-GA,11.0,0.0,0.934284326454742
10,A*-GA,13.0,0.0,0.9353359840480544
10,A*-GA,15.0,0.0,0.9362642493063945
10,A*-GA,17.0,0.0,0.9370753148330329
10,A*-GA,19.0,0.0,0.9377751079509838
10,A*-GA,21.0,0.0,0.9383693014792376
10,A*-GA,23.0,0.0,0.938863324080136
10,A*-GA,25.0,0.0,0.9392623701948215
10,A*-GA,27.0,0.0,0.9395714095830145
10,A*-GA,29.0,0.0,0.9397833645043373
10,A*-GA,31.0,2.0,0.9397791077891084
10,A*-GA,33.0,2.0,0.9395705519631224
10,A*-GA,35.0,2.0,0.9391690855236511
10,A*-GA,37.0,4.0,0.9385855944341842
10,A*-GA,39.0,4.0,0.9378304827604453
10,A*-GA,41.0,4.0,0.9369136924816268
10,A*-GA,43.0,6.0,0.9358447225094505
10,A*-GA,45.0,6.0,0.9346326469463802
10,A*-GA,47.0,6.0,0.9332861326130759
10,A*-GA,49.0,6.0,0.9318134558739986
10,A*-GA,51.0,10.0,0.9302225187889323
10,A*-GA,53.0,12.0,0.9285208646171007
10,A*-GA,55.0,12.0,0.9267156926995044
10,A*-GA,57.0,12.0,0.9248138727440924
10,A*-GA,59.0,14.000000000000002,0.9228219585374186
10,A*-GA,61.0,14.000000000000002,0.9207903880677383
10,A*-GA,63.0,14.000000000000002,0.9188530398283365
10,A*-GA,65.0,16.0,0.9170061405525566
10,A*-GA,67.0,18.0,0.9152361740507068
10,A*-GA,69.0,18.0,0.913511209440213
10,A*-GA,71.0,18.0,0.9118298795157705
10,A*-GA,73.0,18.0,0.910190864125428
10,A*-GA,75.0,20.0,0.9085928884334823
10,A*-GA,77.0,20.0,0.9070347212497213
10,A*-GA,79.0,20.0,0.9055151734224423
10,A*-GA,81.0,20.0,0.904033096292772
10,A*-GA,83.0,22.0,0.9025873802079138
10,A*-GA,85.0,22.0,0.9011769530910373
10,A*-GA,87.0,22.0,0.8998007790656156
10,A*-GA,89.0,22.0,0.8984578571321045
10,A*-GA,91.0,26.0,0.8971472198949336
10,A*-GA,93.0,28.000000000000004,0.8958679323378645
10,A*-GA,95.0,28.000000000000004,0.8946029259446073
10,A*-GA,97.0,28.000000000000004,0.8932322265953928
10,A*-GA,99.0,28.000000000000004,0.8917625421568794
10,A*-GA,101.0,30.0,0.8902002750087625
10,A*-GA,103.0,30.0,0.8885945376126599
10,A*-GA,105.0,30.0,0.8870756826961507
10,A*-GA,107.0,30.0,0.8856401214433154
10,A*-GA,109.0,34.0,0.8842756612813892
10,A*-GA,111.0,34.0,0.8829538263743244
10,A*-GA,113.0,38.0,0.8816731190991842
10,A*-GA,115.0,38.0,0.8804320976992936
10,A*-GA,117.0,38.0,0.8792293741403052
10,A*-GA,119.0,38.0,0.8780636120495826
10,A*-GA,121.0,40.0,0.8769335247356478
10,A*-GA,123.0,40.0,0.8758378732845608
10,A*-GA,125.0,40.0,0.8747754647302292
10,A*-GA,127.0,40.0,0.8737451502957586
10,A*-GA,129.0,42.0,0.8727458237030696
10,A*-GA,131.0,44.0,0.8717764195481145
10,A*-GA,133.0,44.0,0.8708359117391319
10,A*-GA,135.0,44.0,0.869905367639732
10,A*-GA,137.0,44.0,0.8688666138500741
10,A*-GA,139.0,44.0,0.8677262816965735
10,A*-GA,141.0,44.0,0.8664907029183178
10,A*-GA,143.0,44.0,0.8651659220717298
10,A*-GA,145.0,44.0,0.863757708437824
10,A*-GA,147.0,44.0,0.8622715674517447
10,A*-GA,149.0,48.0,0.8607127516735064
10,A*-GA,151.0,48.0,0.8590862713181018
10,A*-GA,153.0,48.0,0.8573969043624386
10,A*-GA,155.0,48.0,0.8556492062458672
10,A*-GA,157.0,48.0,0.8538475191804099
10,A*-GA,159.0,50.0,0.8520367174011264
10,A*-GA,161.0,50.0,0.8503387704202179
10,A*-GA,163.0,50.0,0.8487488724392186
10,A*-GA,165.0,52.0,0.8472545576875039
10,A*-GA,167.0,52.0,0.8458287932000101
10,A*-GA,169.0,52.0,0.844468776285804
10,A*-GA,171.0,57.99999999999999,0.8431718154568203
10,A*-GA,173.0,57.99999999999999,0.8419353260515416
10,A*-GA,175.0,57.99999999999999,0.8407568260305138
10,A*-GA,177.0,60.0,0.8396339319369535
10,A*-GA,179.0,60.0,0.8385643550159694
10,A*-GA,181.0,60.0,0.8375458974861746
10,A*-GA,183.0,60.0,0.8365764489577092
10,A*-GA,185.0,60.0,0.8356539829909271
10,A*-GA,187.0,60.0,0.834776553790229
10,A*-GA,189.0,60.0,0.833942293027736
10,A*-GA,191.0,62.0,0.8331494067917121
10,A*-GA,193.0,62.0,0.8323961726548351
10,A*-GA,195.0,62.0,0.831680936857618
10,A*-GA,197.0,64.0,0.8310097945714612
10,A*-GA,199.0,64.0,0.8302811788469455
10,A*-GA,201.0,64.0,0.8294479623379362
10,A*-GA,203.0,68.0,0.8284846814116971
10,A*-GA,205.0,70.0,0.8273991228695238
10,A*-GA,207.0,72.0,0.8261987236688816
10,A*-GA,209.0,72.0,0.8248905853810647
10,A*-GA,211.0,74.0,0.8234814880695637
10,A*-GA,213.0,74.0,0.8219779036120647
10,A*-GA,215.0,74.0,0.8203860084881076
10,A*-GA,217.0,74.0,0.8187119528815763
10,A*-GA,219.0,74.0,0.8169614332020978
10,A*-GA,221.0,76.0,0.8151397122573747
10,A*-GA,223.0,76.0,0.8132516386231928
10,A*-GA,225.0,76.0,0.8113020875984871
10,A*-GA,227.0,78.0,0.8092957056674789
10,A*-GA,229.0,78.0,0.8072369200968029
10,A*-GA,231.0,80.0,0.8051299481458831
10,A*-GA,233.0,80.0,0.8029788059058937
10,A*-GA,235.0,80.0,0.8007873167820476
10,A*-GA,237.0,80.0,0.7985591196333659
10,A*-GA,239.0,80.0,0.7962976765835262
10,A*-GA,241.0,82.0,0.794006280515854
10,A*-GA,243.0,82.0,0.7916880622650027
10,A*-GA,245.0,82.0,0.7893459975173743
10,A*-GA,247.0,82.0,0.7869829134318594
10,A*-GA,249.0,82.0,0.7846014949920147
10,A*-GA,251.0,82.0,0.782204291100361
10,A*-GA,253.0,82.0,0.7797937204250615
10,A*-GA,255.0,82.0,0.777372077008835
10,A*-GA,257.0,82.0,0.7749415356495721
10,A*-GA,259.0,84.0,0.7725041570617438
10,A*-GA,261.0,86.0,0.7700618932730172
10,A*-GA,263.0,88.0,0.7676165967457599
10,A*-GA,265.0,88.0,0.7651700224285377
10,A*-GA,267.0,88.0,0.7627238293833679
10,A*-GA,269.0,88.0,0.7602795849942648
10,A*-GA,271.0,88.0,0.7578387690032979
10,A*-GA,273.0,92.0,0.7554028516748762
10,A*-GA,275.0,92.0,0.7529733623577589
10,A*-GA,277.0,96.0,0.7505515221132601
10,A*-GA,279.0,100.0,0.7481384797503523
10,A*-GA,281.0,100.0,0.7457353150625858
10,A*-GA,283.0,100.0,0.7433430419313737
10,A*-GA,285.0,100.0,0.7409626113009916
10,A*-GA,287.0,100.0,0.7385949140304363
10,A*-GA,289.0,100.0,0.7362407836270777
10,A*-GA,291.0,100.0,0.7339009988668462
10,A*-GA,293.0,100.0,0.731576286305512
10,A*-GA,295.0,100.0,0.7292673226854263
10,A*-GA,297.0,100.0,0.726974737241928
10,A*-GA,299.0,100.0,0.7246991139134482
10,A*-GA,301.0,100.0,0.722440993459187
10,A*-GA,303.0,100.0,0.720200875488083
10,A*-GA,305.0,100.0,0.7179792204026492
10,A*-GA,307.0,100.0,0.7157764512611058
10,A*-GA,309.0,100.0,0.7135929555611059
10,A*-GA,311.0,100.0,0.7114290869482169
10,A*-GA,313.0,100.0,0.7092851668521996
10,A*-GA,315.0,100.0,0.7071614860539994
10,A*-GA,317.0,100.0,0.705058306186255
10,A*-GA,319.0,100.0,0.7029758611700133
10,A*-GA,321.0,100.0,0.7009143585902368
10,A*-GA,323.0,100.0,0.6988739810125817
10,A*-GA,325.0,100.0,0.6968548872438333
10,A*-GA,327.0,100.0,0.6948572135382828
10,A*-GA,329.0,100.0,0.6928810747522451
10,A*-GA,331.0,100.0,0.6909265654488255
10,A*-GA,333.0,100.0,0.6889937609549606
10,A*-GA,335.0,100.0,0.6870827183726799
10,A*-GA,337.0,100.0,0.6851934775464531
10,A*-GA,339.0,100.0,0.6833260619884177
10,A*-GA,341.0,100.0,0.6814804797632064
10,A*-GA,343.0,100.0,0.6796567243340291
10,A*-GA,345.0,100.0,0.6778547753715949
10,A*-GA,347.0,100.0,0.676074599527397
10,A*-GA,349.0,100.0,0.6743161511728248
10,A*-GA,351.0,100.0,0.6725793731055054
10,A*-GA,353.0,100.0,0.6708641972242231
10,A*-GA,355.0,100.0,0.669170545173712
10,A*-GA,357.0,100.0,0.6674983289605619
10,A*-GA,359.0,100.0,0.6658474515414321
10,A*-GA,361.0,100.0,0.6642178073847155
10,A*-GA,363.0,100.0,0.662609283006755
10,A*-GA,365.0,100.0,0.6610217574836649
10,A*-GA,367.0,100.0,0.6594551029397681
10,A*-GA,369.0,100.0,0.6579091850136267
10,A*-GA,371.0,100.0,0.6563838633025919
10,A*-GA,373.0,100.0,0.6548789917867742
10,A*-GA,375.0,100.0,0.6533944192332897
10,A*-GA,377.0,100.0,0.6519299895816087
10,A*-GA,379.0,100.0,0.650485542310799
10,A*-GA,381.0,100.0,0.6490609127894212
10,A*-GA,383.0,100.0,0.6476559326088084
10,A*-GA,385.0,100.0,0.6462704299004253
10,A*-GA,387.0,100.0,0.6449042296379845
10,A*-GA,389.0,100.0,0.6435571539249584
10,A*-GA,391.0,100.0,0.6422290222681074
10,A*-GA,393.0,100.0,0.6409196518376193
10,A*-GA,395.0,100.0,0.6396288577144267
10,A*-GA,397.0,100.0,0.6383564531252479
10,A*-GA,399.0,100.0,0.63710224966588
10,A*-GA,401.0,100.0,0.6358660575132415
10,A*-GA,403.0,100.0,0.6346476856266504
10,A*-GA,405.0,100.0,0.6334469419387982
10,A*-GA,407.0,100.0,0.6322636335368673
10,A*-GA,409.0,100.0,0.6310975668342123
10,A*-GA,411.0,100.0,0.6299485477330192
10,A*-GA,413.0,100.0,0.6288163817783313
10,A*-GA,415.0,100.0,0.6277008743038174
10,A*-GA,417.0,100.0,0.6266018305696448
10,A*-GA,419.0,100.0,0.6255190558928019
10,A*-GA,421.0,100.0,0.6244523557702006
10,A*-GA,423.0,100.0,0.6234015359948799
10,A*-GA,425.0,100.0,0.6223664027656111
10,A*-GA,427.0,100.0,0.6213467627902017
10,A*-GA,429.0,100.0,0.6203424233827753
10,A*-GA,431.0,100.0,0.619353192555297
10,A*-GA,433.0,100.0,0.6183788791036023
10,A*-GA,435.0,100.0,0.617419292688178
10,A*-GA,437.0,100.0,0.6164742439099283
10,A*-GA,439.0,100.0,0.6155435443811588
10,A*-GA,441.0,100.0,0.6146270067919889
10,A*-GA,443.0,100.0,0.6137244449724091
10,A*-GA,445.0,100.0,0.6128356739501765
10,A*-GA,447.0,100.0,0.6119605100047448
10,A*-GA,449.0,100.0,0.6110987707174095
10,A*-GA,451.0,100.0,0.6102502750178456
10,A*-GA,453.0,100.0,0.6094148432272074
10,A*-GA,455.0,100.0,0.6085922970979489
10,A*-GA,457.0,100.0,0.6077824598505238
10,A*-GA,459.0,100.0,0.6069851562071094
10,A*-GA,461.0,100.0,0.6062002124224986
10,A*-GA,463.0,100.0,0.6054274563122969
10,A*-GA,465.0,100.0,0.6046667172785517
10,A*-GA,467.0,100.0,0.6039178263329412
10,A*-GA,469.0,100.0,0.6031806161176422
10,A*-GA,471.0,100.0,0.6024549209239898
10,A*-GA,473.0,100.0,0.6017405767090399
10,A*-GA,475.0,100.0,0.601037421110139
10,A*-GA,477.0,100.0,0.6003452934576009
10,A*-GA,479.0,100.0,0.5996640347855878
11,EHCO,1.0,0.0,0.7863813497191214
11,EHCO,3.0,0.0,0.7936669780325791
11,EHCO,5.0,0.0,0.8005775483601639
11,EHCO,7.0,0.0,0.8071292435853495
11,EHCO,9.0,0.0,0.8133375874528325
11,EHCO,11.0,0.0,0.8192174708278462
11,EHCO,13.0,0.0,0.8247831769186945
11,EHCO,15.0,0.0,0.8300484055032838
11,EHCO,17.0,0.0,0.8350262961988361
11,EHCO,19.0,0.0,0.8397294508124238
11,EHCO,21.0,0.0,0.8441699548084921
11,EHCO,23.0,0.0,0.8483593979281081
11,EHCO,25.0,0.0,0.8523088939933193
11,EHCO,27.0,2.0,0.8560172679502825
11,EHCO,29.0,2.0,0.8593710634148904
11,EHCO,31.0,4.0,0.8623876409005937
11,EHCO,33.0,4.0,0.8650836228402414
11,EHCO,35.0,4.0,0.8674749234834722
11,EHCO,37.0,4.0,0.8695767776056565
11,EHCO,39.0,4.0,0.8714037680752704
11,EHCO,41.0,6.0,0.8729698523247365
11,EHCO,43.0,6.0,0.874288387768
11,EHCO,45.0,6.0,0.8753721562064019
11,EHCO,47.0,10.0,0.87623338726278
11,EHCO,49.0,10.0,0.8768837808821583
11,EHCO,51.0,10.0,0.8773345289358733
11,EHCO,53.0,10.0,0.8775963359645391
11,EHCO,55.0,10.0,0.8776794390938611
11,EHCO,57.0,10.0,0.8775936271559674
11,EHCO,59.0,10.0,0.8773482590476429
11,EHCO,61.0,10.0,0.8769522813556186
11,EHCO,63.0,14.000000000000002,0.8764142452778791
11,EHCO,65.0,14.000000000000002,0.8757423228688114
11,EHCO,67.0,16.0,0.8749443226349274
11,EHCO,69.0,18.0,0.8740277045068348
11,EHCO,71.0,18.0,0.8729995942121249
11,EHCO,73.0,18.0,0.8718667970728727
11,EHCO,75.0,20.0,0.8707627407822375
11,EHCO,77.0,20.0,0.8697284186228545
11,EHCO,79.0,24.0,0.8687608029840328
11,EHCO,81.0,24.0,0.8678321671895267
11,EHCO,83.0,28.000000000000004,0.8669328654244017
11,EHCO,85.0,28.000000000000004,0.8660618585688489
11,EHCO,87.0,28.000000000000004,0.8652181464221315
11,EHCO,89.0,28.000000000000004,0.8644007662062995
11,EHCO,91.0,30.0,0.8636087911280992
11,EHCO,93.0,30.0,0.8628413289968019
11,EHCO,95.0,30.0,0.8620975208957686
11,EHCO,97.0,30.0,0.8613847232254778
11,EHCO,99.0,30.0,0.8605988490740141
11,EHCO,101.0,30.0,0.8597029143733009
11,EHCO,103.0,30.0,0.8587035598449292
11,EHCO,105.0,30.0,0.8576071272994205
11,EHCO,107.0,30.0,0.8564196719970917
11,EHCO,109.0,30.0,0.8551469745135151
11,EHCO,111.0,30.0,0.853794552129183
11,EHCO,113.0,34.0,0.8523676697622117
11,EHCO,115.0,36.0,0.8508713504621803
11,EHCO,117.0,36.0,0.8493103854824852
11,EHCO,119.0,36.0,0.8476893439479062
11,EHCO,121.0,36.0,0.8460532171104956
11,EHCO,123.0,36.0,0.8445238941536024
11,EHCO,125.0,38.0,0.8430967977982521
11,EHCO,127.0,42.0,0.8417596819264029
11,EHCO,129.0,42.0,0.840485724705432
11,EHCO,131.0,44.0,0.8392723263898783
11,EHCO,133.0,44.0,0.8381169905702958
11,EHCO,135.0,44.0,0.8370250030735056
11,EHCO,137.0,44.0,0.8358947534970811
11,EHCO,139.0,46.0,0.8346893472122596
11,EHCO,141.0,50.0,0.8334137020575114
11,EHCO,143.0,50.0,0.8320725103932844
11,EHCO,145.0,50.0,0.830670248485502
11,EHCO,147.0,50.0,0.8292111855120531
11,EHCO,149.0,50.0,0.8276993922072151
11,EHCO,151.0,50.0,0.8261387491583557
11,EHCO,153.0,50.0,0.8245329547686976
11,EHCO,155.0,50.0,0.822885532899386
11,EHCO,157.0,50.0,0.8211998402035778
11,EHCO,159.0,50.0,0.8194790731647686
11,EHCO,161.0,52.0,0.817726274851095
11,EHCO,163.0,52.0,0.8159831937016455
11,EHCO,165.0,52.0,0.8143652124721239
11,EHCO,167.0,52.0,0.8128668803315748
11,EHCO,169.0,56.00000000000001,0.8114751136007897
11,EHCO,171.0,56.00000000000001,0.8101622874458582
11,EHCO,173.0,57.99999999999999,0.8089250323053219
11,EHCO,175.0,60.0,0.8077601138185718
11,EHCO,177.0,60.0,0.8066644274886472
11,EHCO,179.0,62.0,0.8056349935547801
11,EHCO,181.0,64.0,0.8046689520664534
11,EHCO,183.0,66.0,0.8037635581510613
11,EHCO,185.0,66.0,0.8029161774675749
11,EHCO,187.0,66.0,0.8021242818389119
11,EHCO,189.0,68.0,0.8013854450559946
11,EHCO,191.0,68.0,0.8006973388467591
11,EHCO,193.0,70.0,0.8000577290036389
11,EHCO,195.0,70.0,0.7994477971389223
11,EHCO,197.0,70.0,0.7987575170263793
11,EHCO,199.0,70.0,0.7979917585961495
11,EHCO,201.0,70.0,0.7971443831407719
11,EHCO,203.0,70.0,0.7961886695751005
11,EHCO,205.0,70.0,0.7951312024585424
11,EHCO,207.0,70.0,0.793978269454097
11,EHCO,209.0,70.0,0.7927358736133011
11,EHCO,211.0,70.0,0.7914097451686991
11,EHCO,213.0,70.0,0.7900053528533282
11,EHCO,215.0,70.0,0.7885279147659482
11,EHCO,217.0,70.0,0.7869824088000023
11,EHCO,219.0,72.0,0.7853735826535918
11,EHCO,221.0,72.0,0.7837059634370616
11,EHCO,223.0,72.0,0.7819838668941453
11,EHCO,225.0,72.0,0.7802114062519859
11,EHCO,227.0,74.0,0.778392586893184
11,EHCO,229.0,74.0,0.7765313938902237
11,EHCO,231.0,80.0,0.7746313692701468
11,EHCO,233.0,80.0,0.7726956282099944
11,EHCO,235.0,82.0,0.7707273054804664
11,EHCO,237.0,82.0,0.7687294672965732
11,EHCO,239.0,82.0,0.7667050300326047
11,EHCO,241.0,82.0,0.7646567665888321
11,EHCO,243.0,82.0,0.7625873125003689
11,EHCO,245.0,84.0,0.7604991734100022
11,EHCO,247.0,84.0,0.7583947345027635
11,EHCO,249.0,86.0,0.7562762608589377
11,EHCO,251.0,86.0,0.7541459018306901
11,EHCO,253.0,86.0,0.7520056960261697
11,EHCO,255.0,86.0,0.7498575760907474
11,EHCO,257.0,86.0,0.747703373293467
11,EHCO,259.0,86.0,0.745544821926471
11,EHCO,261.0,86.0,0.7433835635248559
11,EHCO,263.0,88.0,0.7412211509141157
11,EHCO,265.0,88.0,0.7390590520920516
11,EHCO,267.0,92.0,0.7368986539517536
11,EHCO,269.0,92.0,0.7347412658519972
11,EHCO,271.0,92.0,0.7325881230411504
11,EHCO,273.0,92.0,0.7304403899404445
11,EHCO,275.0,92.0,0.7282991632922268
11,EHCO,277.0,92.0,0.7261654751785998
11,EHCO,279.0,92.0,0.7240402959156277
11,EHCO,281.0,92.0,0.7219245368280947
11,EHCO,283.0,92.0,0.7198190529095961
11,EHCO,285.0,92.0,0.717724645372559
11,EHCO,287.0,92.0,0.715642064092602
11,EHCO,289.0,92.0,0.7135720099514764
11,EHCO,291.0,94.0,0.7115151370826531
11,EHCO,293.0,94.0,0.709472055023471
11,EHCO,295.0,94.0,0.7074433307775938
11,EHCO,297.0,94.0,0.7054294907913871
11,EHCO,299.0,94.0,0.7034310228476738
11,EHCO,301.0,94.0,0.7014483778801952
11,EHCO,303.0,94.0,0.6994819717119705
11,EHCO,305.0,94.0,0.6975321867206214
11,EHCO,307.0,94.0,0.695599373433608
11,EHCO,309.0,94.0,0.6936838520562018
11,EHCO,311.0,94.0,0.6917859139349156
11,EHCO,313.0,96.0,0.6899058229589944
11,EHCO,315.0,96.0,0.6880438169024747
11,EHCO,317.0,96.0,0.6862001087092164
11,EHCO,319.0,96.0,0.6843748877232166
11,EHCO,321.0,98.0,0.6825683208664233
11,EHCO,323.0,98.0,0.6807805537661789
11,EHCO,325.0,98.0,0.6790117118343382
11,EHCO,327.0,98.0,0.6772619013000232
11,EHCO,329.0,98.0,0.6755312101979024
11,EHCO,331.0,98.0,0.6738197093138031
11,EHCO,333.0,98.0,0.672127453089395
11,EHCO,335.0,98.0,0.6704544804876151
11,EHCO,337.0,98.0,0.6688008158204355
11,EHCO,339.0,98.0,0.6671664695405131
11,EHCO,341.0,98.0,0.6655514389981968
11,EHCO,343.0,98.0,0.663955709165314
11,EHCO,345.0,98.0,0.6623792533270937
11,EHCO,347.0,98.0,0.6608220326389034
11,EHCO,349.0,98.0,0.6592839958406261
11,EHCO,351.0,98.0,0.6577650818618781
11,EHCO,353.0,98.0,0.6562652205984055
11,EHCO,355.0,98.0,0.6547843334553978
11,EHCO,357.0,98.0,0.6533223338663618
11,EHCO,359.0,98.0,0.6518791277885733
11,EHCO,361.0,98.0,0.6504546141760679
11,EHCO,363.0,98.0,0.6490486854311098
11,EHCO,365.0,98.0,0.6476612278350267
11,EHCO,367.0,98.0,0.6462921219592702
11,EHCO,369.0,98.0,0.6449412430575259
11,EHCO,371.0,98.0,0.6436084614396619
11,EHCO,373.0,98.0,0.6422936428282746
11,EHCO,375.0,98.0,0.6409966486985601
11,EHCO,377.0,98.0,0.6397173366022094
11,EHCO,379.0,98.0,0.6384555604759969
11,EHCO,381.0,98.0,0.6372111709357078
11,EHCO,383.0,98.0,0.6359840155560195
11,EHCO,385.0,98.0,0.6347739391369318
11,EHCO,387.0,98.0,0.6335807839573123
11,EHCO,389.0,98.0,0.6324044413817079
11,EHCO,391.0,98.0,0.6312447642376969
11,EHCO,393.0,100.0,0.6301015860424712
11,EHCO,395.0,100.0,0.6289747387899711
11,EHCO,397.0,100.0,0.6278640531437691
11,EHCO,399.0,100.0,0.6267693586201859
11,EHCO,401.0,100.0,0.6256904837620586
11,EHCO,403.0,100.0,0.6246272563035649
11,EHCO,405.0,100.0,0.6235795033264864
11,EHCO,407.0,100.0,0.6225470514082847
11,EHCO,409.0,100.0,0.6215297267623437
11,EHCO,411.0,100.0,0.6205273553707191
11,EHCO,413.0,100.0,0.6195397631097217
11,EHCO,415.0,100.0,0.6185667758686492
11,EHCO,417.0,100.0,0.6176082196619657
11,EHCO,419.0,100.0,0.616663920735218
11,EHCO,421.0,100.0,0.6157337056649651
11,EHCO,423.0,100.0,0.6148174014529855
11,EHCO,425.0,100.0,0.6139148356150179
11,EHCO,427.0,100.0,0.6130258362642776
11,EHCO,429.0,100.0,0.6121502321899824
11,EHCO,431.0,100.0,0.6112878529311141
11,EHCO,433.0,100.0,0.6104385288456269
11,EHCO,435.0,100.0,0.6096020911753124
11,EHCO,437.0,100.0,0.6087783721065161
11,EHCO,439.0,100.0,0.6079672048268951
11,EHCO,441.0,100.0,0.6071684235783992
11,EHCO,443.0,100.0,0.6063818637066479
11,EHCO,445.0,100.0,0.6056073617068718
11,EHCO,447.0,100.0,0.6048447552665748
11,EHCO,449.0,100.0,0.6040938833050744
11,EHCO,451.0,100.0,0.6033545860100629
11,EHCO,453.0,100.0,0.6026267048713305
11,EHCO,455.0,100.0,0.601910082711788
11,EHCO,457.0,100.0,0.601204563715913
11,EHCO,459.0,100.0,0.6005099934557471
11,EHCO,461.0,100.0,0.5998262189145602
11,A*-GA,1.0,0.0,0.7863813497191214
11,A*-GA,3.0,0.0,0.7936669780325791
11,A*-GA,5.0,0.0,0.8005775483601639
11,A*-GA,7.0,0.0,0.8071292435853495
11,A*-GA,9.0,0.0,0.8133375874528325
11,A*-GA,11.0,0.0,0.8192174708278462
11,A*-GA,13.0,0.0,0.8247831769186945
11,A*-GA,15.0,0.0,0.8300484055032838
11,A*-GA,17.0,0.0,0.8350262961988361
11,A*-GA,19.0,0.0,0.8397294508124238
11,A*-GA,21.0,0.0,0.8441699548084921
11,A*-GA,23.0,0.0,0.8483593979281081
11,A*-GA,25.0,0.0,0.8523088939933193
11,A*-GA,27.0,0.0,0.8560290999286859
11,A*-GA,29.0,0.0,0.8595302340307948
11,A*-GA,31.0,0.0,0.8628102615369514
11,A*-GA,33.0,0.0,0.8657549007544004
11,A*-GA,35.0,0.0,0.8683807199274951
11,A*-GA,37.0,4.0,0.8707035809524467
11,A*-GA,39.0,4.0,0.8727386680190828
11,A*-GA,41.0,6.0,0.8745005151135931
11,A*-GA,43.0,6.0,0.8760030324272002
11,A*-GA,45.0,6.0,0.8772595317139272
11,A*-GA,47.0,6.0,0.8782827506389328
11,A*-GA,49.0,8.0,0.8790848761572582
11,A*-GA,51.0,8.0,0.8796775669612593
11,A*-GA,53.0,8.0,0.8800719750334951
11,A*-GA,55.0,8.0,0.8802787663403924
11,A*-GA,57.0,8.0,0.8803081407006247
11,A*-GA,59.0,8.0,0.8801698508608009
11,A*-GA,61.0,10.0,0.8798732208097809
11,A*-GA,63.0,14.000000000000002,0.879427163361702
11,A*-GA,65.0,14.000000000000002,0.8788401970366165
11,A*-GA,67.0,14.000000000000002,0.8781204622665032
11,A*-GA,69.0,16.0,0.8774053050722314
11,A*-GA,71.0,16.0,0.8767376289090292
11,A*-GA,73.0,18.0,0.8761153564611222
11,A*-GA,75.0,18.0,0.8755091211290568
11,A*-GA,77.0,18.0,0.8749094914605834
11,A*-GA,79.0,18.0,0.8743164865836069
11,A*-GA,81.0,18.0,0.8737301202763049
11,A*-GA,83.0,20.0,0.8731504012530159
11,A*-GA,85.0,20.0,0.8725773334376576
11,A*-GA,87.0,20.0,0.8720109162251821
11,A*-GA,89.0,20.0,0.8714511447315589
11,A*-GA,91.0,22.0,0.870898010032756
11,A*-GA,93.0,22.0,0.8703514993931714
11,A*-GA,95.0,24.0,0.8698115964839453
11,A*-GA,97.0,24.0,0.8692782815915727
11,A*-GA,99.0,24.0,0.8687515318172133
11,A*-GA,101.0,24.0,0.8682313212670827
11,A*-GA,103.0,24.0,0.8677176212342937
11,A*-GA,105.0,24.0,0.8672104003725002
11,A*-GA,107.0,24.0,0.866709624861682
11,A*-GA,109.0,24.0,0.8662152585663991
11,A*-GA,111.0,24.0,0.8657360017635555
11,A*-GA,113.0,24.0,0.8651684768932849
11,A*-GA,115.0,24.0,0.8644758557745107
11,A*-GA,117.0,28.000000000000004,0.8636654759142268
11,A*-GA,119.0,30.0,0.8627443468060824
11,A*-GA,121.0,30.0,0.8617191634621371
11,A*-GA,123.0,30.0,0.8605963194027949
11,A*-GA,125.0,30.0,0.859381919126356
11,A*-GA,127.0,32.0,0.8580817900787758
11,A*-GA,129.0,34.0,0.8567431161067645
11,A*-GA,131.0,36.0,0.8554917703246381
11,A*-GA,133.0,36.0,0.8543240257414075
11,A*-GA,135.0,38.0,0.8532284522172504
11,A*-GA,137.0,38.0,0.8521790109444939
11,A*-GA,139.0,38.0,0.851173853552523
11,A*-GA,141.0,38.0,0.8502112046085613
11,A*-GA,143.0,38.0,0.8492893587516204
11,A*-GA,145.0,40.0,0.8484066779389366
11,A*-GA,147.0,40.0,0.8475615888004805
11,A*-GA,149.0,40.0,0.8467525800972987
11,A*-GA,151.0,40.0,0.8459782002796162
11,A*-GA,153.0,44.0,0.8452370551407831
11,A*-GA,155.0,44.0,0.8445278055633048
11,A*-GA,157.0,44.0,0.843849165353345
11,A*-GA,159.0,44.0,0.8431998991602285
11,A*-GA,161.0,44.0,0.8425788204776091
11,A*-GA,163.0,44.0,0.841984789723098
11,A*-GA,165.0,44.0,0.8414167123932746
11,A*-GA,167.0,44.0,0.8408735372911235
11,A*-GA,169.0,44.0,0.8403352451163787
11,A*-GA,171.0,46.0,0.8396862039816058
11,A*-GA,173.0,48.0,0.8389329324580624
11,A*-GA,175.0,50.0,0.8380816574632102
11,A*-GA,177.0,50.0,0.8371383262961285
11,A*-GA,179.0,50.0,0.836108618190966
11,A*-GA,181.0,50.0,0.834997955407499
11,A*-GA,183.0,50.0,0.8338115138771138
11,A*-GA,185.0,50.0,0.8325542334218134
11,A*-GA,187.0,50.0,0.8312308275631507
11,A*-GA,189.0,50.0,0.8299654814867118
11,A*-GA,191.0,52.0,0.8287953976237459
11,A*-GA,193.0,54.0,0.8277163347418179
11,A*-GA,195.0,54.0,0.826701112599555
11,A*-GA,197.0,54.0,0.8257394127203668
11,A*-GA,199.0,54.0,0.8248289803380586
11,A*-GA,201.0,56.00000000000001,0.8239240526744283
11,A*-GA,203.0,56.00000000000001,0.8228965943557603
11,A*-GA,205.0,57.99999999999999,0.8217540186116399
11,A*-GA,207.0,60.0,0.8205034047725812
11,A*-GA,209.0,62.0,0.8191515120808623
11,A*-GA,211.0,64.0,0.8177047929477937
11,A*-GA,213.0,64.0,0.8161694056793324
11,A*-GA,215.0,64.0,0.8145512266910899
11,A*-GA,217.0,64.0,0.8128558622329538
11,A*-GA,219.0,64.0,0.8110886596427428
11,A*-GA,221.0,64.0,0.8092547181475573
11,A*-GA,223.0,64.0,0.8073588992307454
11,A*-GA,225.0,64.0,0.8054058365817015
11,A*-GA,227.0,64.0,0.8033999456450367
11,A*-GA,229.0,64.0,0.8013454327850082
11,A*-GA,231.0,64.0,0.799246304080467
11,A*-GA,233.0,64.0,0.7971063737649844
11,A*-GA,235.0,66.0,0.794929272326238
11,A*-GA,237.0,66.0,0.7927184542781848
11,A*-GA,239.0,68.0,0.7904772056190132
11,A*-GA,241.0,68.0,0.7882087371657939
11,A*-GA,243.0,70.0,0.7859162708040313
11,A*-GA,245.0,74.0,0.783602615517928
11,A*-GA,247.0,74.0,0.7812701823998988
11,A*-GA,249.0,74.0,0.7789214299548808
11,A*-GA,251.0,74.0,0.7765587748563884
11,A*-GA,253.0,74.0,0.7741845096098805
11,A*-GA,255.0,76.0,0.7718008079091666
11,A*-GA,257.0,76.0,0.7694097297746599
11,A*-GA,259.0,78.0,0.7670132304105671
11,A*-GA,261.0,78.0,0.7646131647385458
11,A*-GA,263.0,78.0,0.7622112877839291
11,A*-GA,265.0,78.0,0.7598092590271941
11,A*-GA,267.0,80.0,0.7574086465934047
11,A*-GA,269.0,80.0,0.7550109312700118
11,A*-GA,271.0,80.0,0.7526175103598631
11,A*-GA,273.0,82.0,0.7502297013760059
11,A*-GA,275.0,82.0,0.7478487455846063
11,A*-GA,277.0,82.0,0.7454758114020588
11,A*-GA,279.0,84.0,0.7431119976521164
11,A*-GA,281.0,84.0,0.7407583366886463
11,A*-GA,283.0,84.0,0.73841579738939
11,A*-GA,285.0,84.0,0.7360852880258966
11,A*-GA,287.0,84.0,0.7337676590145917
11,A*-GA,289.0,84.0,0.7314638797881111
11,A*-GA,291.0,86.0,0.7291747382432682
11,A*-GA,293.0,88.0,0.7269009120039757
11,A*-GA,295.0,88.0,0.7246430314197252
11,A*-GA,297.0,90.0,0.7224016817621514
11,A*-GA,299.0,92.0,0.7201774053297728
11,A*-GA,301.0,92.0,0.7179707034646041
11,A*-GA,303.0,94.0,0.7157820384841902
11,A*-GA,305.0,96.0,0.7136118355324697
11,A*-GA,307.0,96.0,0.7114604843527415
11,A*-GA,309.0,96.0,0.7093283409858775
11,A*-GA,311.0,100.0,0.7072157293967996
11,A*-GA,313.0,100.0,0.7051229430321204
11,A*-GA,315.0,100.0,0.7030502463117307
11,A*-GA,317.0,100.0,0.7009978760570073
11,A*-GA,319.0,100.0,0.6989660428582068
11,A*-GA,321.0,100.0,0.6969549323835126
11,A*-GA,323.0,100.0,0.6949647066320976
11,A*-GA,325.0,100.0,0.6929955051334811
11,A*-GA,327.0,100.0,0.6910474460953556
11,A*-GA,329.0,100.0,0.6891206275019852
11,A*-GA,331.0,100.0,0.687215128165182
11,A*-GA,333.0,100.0,0.6853310087297968
11,A*-GA,335.0,100.0,0.6834683126355754
11,A*-GA,337.0,100.0,0.6816270670371648
11,A*-GA,339.0,100.0,0.6798072836839756
11,A*-GA,341.0,100.0,0.6780089597615447
11,A*-GA,343.0,100.0,0.6762320786959753
11,A*-GA,345.0,100.0,0.6744766109229642
11,A*-GA,347.0,100.0,0.6727425146228716
11,A*-GA,349.0,100.0,0.671029736423229
11,A*-GA,351.0,100.0,0.6693382120700214
11,A*-GA,353.0,100.0,0.6676678670690318
11,A*-GA,355.0,100.0,0.6660186172984808
11,A*-GA,357.0,100.0,0.6643903695941461
11,A*-GA,359.0,100.0,0.6627830223080999
11,A*-GA,361.0,100.0,0.6611964658421551
11,A*-GA,363.0,100.0,0.6596305831570676
11,A*-GA,365.0,100.0,0.6580852502585024
11,A*-GA,367.0,100.0,0.6565603366607277
11,A*-GA,369.0,100.0,0.6550557058289629
11,A*-GA,371.0,100.0,0.6535712156012727
11,A*-GA,373.0,100.0,0.6521067185908584
11,A*-GA,375.0,100.0,0.6506620625695665
11,A*-GA,377.0,100.0,0.6492370908334026
11,A*-GA,379.0,100.0,0.647831642550803
11,A*-GA,381.0,100.0,0.6464455530943899
11,A*-GA,383.0,100.0,0.6450786543569037
11,A*-GA,385.0,100.0,0.6437307750519834
11,A*-GA,387.0,100.0,0.6424017410004296
11,A*-GA,389.0,100.0,0.641091375402568
11,A*-GA,391.0,100.0,0.6397994990973036
11,A*-GA,393.0,100.0,0.6385259308084278
11,A*-GA,395.0,100.0,0.6372704873787237
11,A*-GA,397.0,100.0,0.6360329839923899
11,A*-GA,399.0,100.0,0.6348132343862815
11,A*-GA,401.0,100.0,0.6336110510504479
11,A*-GA,403.0,100.0,0.6324262454184282
11,A*-GA,405.0,100.0,0.6312586280477438
11,A*-GA,407.0,100.0,0.6301080087910125
11,A*-GA,409.0,100.0,0.6289741969580891
11,A*-GA,411.0,100.0,0.6278570014696232
11,A*-GA,413.0,100.0,0.6267562310024057
11,A*-GA,415.0,100.0,0.6256716941268646
11,A*-GA,417.0,100.0,0.6246031994370511
11,A*-GA,419.0,100.0,0.6235505556734481
11,A*-GA,421.0,100.0,0.6225135718389148
11,A*-GA,423.0,100.0,0.6214920573080722
11,A*-GA,425.0,100.0,0.6204858219304187
11,A*-GA,427.0,100.0,0.6194946761274557
11,A*-GA,429.0,100.0,0.6185184309840892
11,A*-GA,431.0,100.0,0.6175568983345643
11,A*-GA,433.0,100.0,0.6166098908431782
11,A*-GA,435.0,100.0,0.6156772220800065
11,A*-GA,437.0,100.0,0.6147587065918692
11,A*-GA,439.0,100.0,0.6138541599687523
11,A*-GA,441.0,100.0,0.6129633989058926
11,A*-GA,443.0,100.0,0.6120862412617244
11,A*-GA,445.0,100.0,0.6112225061118781
11,A*-GA,447.0,100.0,0.6103720137994144
11,A*-GA,449.0,100.0,0.6095345859814677
11,A*-GA,451.0,100.0,0.6087100456724672
11,A*-GA,453.0,100.0,0.6078982172840962
11,A*-GA,455.0,100.0,0.6070989266621424
11,A*-GA,457.0,100.0,0.6063120011203886
11,A*-GA,459.0,100.0,0.6055372694716833
11,A*-GA,461.0,100.0,0.6047745620563266
11,A*-GA,463.0,100.0,0.6040237107679022
11,A*-GA,465.0,100.0,0.6032845490766778
11,A*-GA,467.0,100.0,0.6025569120506945
11,A*-GA,469.0,100.0,0.6018406363746562
11,A*-GA,471.0,100.0,0.6011355603667327
11,A*-GA,473.0,100.0,0.6004415239933741
11,A*-GA,475.0,100.0,0.5997583688822432
12,EHCO,1.0,0.0,0.7368452877368578
12,EHCO,3.0,0.0,0.7460742053228574
12,EHCO,5.0,0.0,0.7548518300943429
12,EHCO,7.0,0.0,0.7631973356110504
12,EHCO,9.0,0.0,0.7711172869919355
12,EHCO,11.0,0.0,0.7785056610531805
12,EHCO,13.0,0.0,0.7853869566334772
12,EHCO,15.0,0.0,0.7917846512378367
12,EHCO,17.0,0.0,0.7977212421001295
12,EHCO,19.0,0.0,0.8032182856182918
12,EHCO,21.0,0.0,0.8082964352263071
12,EHCO,23.0,0.0,0.8129754777645612
12,EHCO,25.0,0.0,0.8172743684077357
12,EHCO,27.0,0.0,0.8212112642070912
12,EHCO,29.0,0.0,0.8248035563017498
12,EHCO,31.0,0.0,0.8280679008514419
12,EHCO,33.0,0.0,0.8310202487411216
12,EHCO,35.0,0.0,0.8336758741058703
12,EHCO,37.0,0.0,0.8360494017226082
12,EHCO,39.0,0.0,0.8381548333133005
12,EHCO,41.0,0.0,0.8400055728025938
12,EHCO,43.0,0.0,0.8416144505711232
12,EHCO,45.0,0.0,0.8429937467441136
12,EHCO,47.0,2.0,0.8441552135533424
12,EHCO,49.0,6.0,0.8451100968090246
12,EHCO,51.0,8.0,0.8459130419944688
12,EHCO,53.0,8.0,0.8467013965836973
12,EHCO,55.0,10.0,0.8474756296651241
12,EHCO,57.0,12.0,0.8482265928692735
12,EHCO,59.0,12.0,0.8489271077012542
12,EHCO,61.0,14.000000000000002,0.8495794945040553
12,EHCO,63.0,16.0,0.8501859769535015
12,EHCO,65.0,16.0,0.8507486859437171
12,EHCO,67.0,16.0,0.8512696633186224
12,EHCO,69.0,16.0,0.8517508654555282
12,EHCO,71.0,18.0,0.852194166706658
12,EHCO,73.0,18.0,0.8526013627041921
12,EHCO,75.0,18.0,0.8529741735342152
12,EHCO,77.0,18.0,0.8532978126264557
12,EHCO,79.0,18.0,0.8534550421069564
12,EHCO,81.0,18.0,0.853454925206219
12,EHCO,83.0,20.0,0.8533061277059852
12,EHCO,85.0,20.0,0.8530169342236165
12,EHCO,87.0,20.0,0.8525952638461931
12,EHCO,89.0,22.0,0.8520486851400351
12,EHCO,91.0,26.0,0.8513844305603293
12,EHCO,93.0,26.0,0.8507348947725144
12,EHCO,95.0,26.0,0.8501410941561292
12,EHCO,97.0,28.000000000000004,0.8496005079370076
12,EHCO,99.0,30.0,0.8490872945297995
12,EHCO,101.0,30.0,0.8485926389769056
12,EHCO,103.0,34.0,0.8481158336554963
12,EHCO,105.0,34.0,0.847656198365489
12,EHCO,107.0,34.0,0.8472130792593323
12,EHCO,109.0,36.0,0.846785847813682
12,EHCO,111.0,36.0,0.846373899841328
12,EHCO,113.0,36.0,0.845976654541793
12,EHCO,115.0,36.0,0.8455935535890897
12,EHCO,117.0,38.0,0.8452240602551782
12,EHCO,119.0,38.0,0.8448676585677248
12,EHCO,121.0,38.0,0.8445238525008196
12,EHCO,123.0,38.0,0.8441921651973593
12,EHCO,125.0,40.0,0.8438799052950533
12,EHCO,127.0,40.0,0.8434833761408125
12,EHCO,129.0,40.0,0.8429663626580162
12,EHCO,131.0,40.0,0.8423358343251099
12,EHCO,133.0,44.0,0.8415984501374324
12,EHCO,135.0,46.0,0.8407605714001476
12,EHCO,137.0,46.0,0.8398282740091849
12,EHCO,139.0,50.0,0.8388073602404402
12,EHCO,141.0,50.0,0.8377033700666938
12,EHCO,143.0,50.0,0.836521592020933
12,EHCO,145.0,50.0,0.8352670736240358
12,EHCO,147.0,50.0,0.8339446313940597
12,EHCO,149.0,50.0,0.8325588604537041
12,EHCO,151.0,52.0,0.8311141437518623
12,EHCO,153.0,52.0,0.8296146609145499
12,EHCO,155.0,54.0,0.8280643967398954
12,EHCO,157.0,54.0,0.8265068259456086
12,EHCO,159.0,54.0,0.8250605577295647
12,EHCO,161.0,54.0,0.823720754568972
12,EHCO,163.0,56.00000000000001,0.8224749212368073
12,EHCO,165.0,56.00000000000001,0.8212959974792569
12,EHCO,167.0,56.00000000000001,0.8201811553880665
12,EHCO,169.0,56.00000000000001,0.8191276802369577
12,EHCO,171.0,56.00000000000001,0.8181329660167311
12,EHCO,173.0,56.00000000000001,0.8171945111457989
12,EHCO,175.0,56.00000000000001,0.8163099143492648
12,EHCO,177.0,57.99999999999999,0.815476870699934
12,EHCO,179.0,57.99999999999999,0.8146931678148983
12,EHCO,181.0,60.0,0.8139566822015912
12,EHCO,183.0,66.0,0.8132653757474446
12,EHCO,185.0,66.0,0.8126172923475125
12,EHCO,187.0,66.0,0.8120105546646454
12,EHCO,189.0,66.0,0.8114433610170139
12,EHCO,191.0,68.0,0.8109139823879801
12,EHCO,193.0,68.0,0.8104207595535183
12,EHCO,195.0,68.0,0.8099446698368556
12,EHCO,197.0,68.0,0.8093740495500035
12,EHCO,199.0,68.0,0.8087144726210171
12,EHCO,201.0,68.0,0.8079604742825781
12,EHCO,203.0,68.0,0.8070859785514013
12,EHCO,205.0,68.0,0.8060981874214578
12,EHCO,207.0,70.0,0.8050039794474041
12,EHCO,209.0,70.0,0.8038099231091648
12,EHCO,211.0,70.0,0.8025222896410507
12,EHCO,213.0,72.0,0.801147065346602
12,EHCO,215.0,72.0,0.7996899634195147
12,EHCO,217.0,72.0,0.7981564352902031
12,EHCO,219.0,72.0,0.7965516815167847
12,EHCO,221.0,72.0,0.7948806622385323
12,EHCO,223.0,72.0,0.7931481072091281
12,EHCO,225.0,72.0,0.7913585254263693
12,EHCO,227.0,72.0,0.7895162143743233
12,EHCO,229.0,72.0,0.7876252688932949
12,EHCO,231.0,74.0,0.7856895896923684
12,EHCO,233.0,74.0,0.7837128915186996
12,EHCO,235.0,74.0,0.7816989678252012
12,EHCO,237.0,76.0,0.7796512590334522
12,EHCO,239.0,78.0,0.7775728686169042
12,EHCO,241.0,80.0,0.7754665785444421
12,EHCO,243.0,80.0,0.7733352864652654
12,EHCO,245.0,80.0,0.7711817465509319
12,EHCO,247.0,82.0,0.7690085756165639
12,EHCO,249.0,82.0,0.7668182589937773
12,EHCO,251.0,82.0,0.7646131563608244
12,EHCO,253.0,84.0,0.762395511298751
12,EHCO,255.0,84.0,0.7601674552226481
12,EHCO,257.0,86.0,0.7579310088361022
12,EHCO,259.0,86.0,0.7556880869222518
12,EHCO,261.0,88.0,0.7534405029394875
12,EHCO,263.0,88.0,0.7511899734295844
12,EHCO,265.0,88.0,0.7489381222457441
12,EHCO,267.0,88.0,0.7466864846077297
12,EHCO,269.0,88.0,0.7444365109909946
12,EHCO,271.0,88.0,0.7421895708564293
12,EHCO,273.0,88.0,0.7399469562270948
12,EHCO,275.0,88.0,0.73771007792593
12,EHCO,277.0,88.0,0.7354801336774878
12,EHCO,279.0,90.0,0.7332581872678839
12,EHCO,281.0,90.0,0.7310452386721732
12,EHCO,283.0,92.0,0.7288422269225753
12,EHCO,285.0,92.0,0.726650032858152
12,EHCO,287.0,92.0,0.7244694817606808
12,EHCO,289.0,94.0,0.7223013458812909
12,EHCO,291.0,94.0,0.7201463468622415
12,EHCO,293.0,94.0,0.7180051580580523
12,EHCO,295.0,94.0,0.7158784067600258
12,EHCO,297.0,94.0,0.7137666763280449
12,EHCO,299.0,96.0,0.7116705082333734
12,EHCO,301.0,98.0,0.7095904040160383
12,EHCO,303.0,98.0,0.7075268271602326
12,EHCO,305.0,98.0,0.7054802048910415
12,EHCO,307.0,98.0,0.7034509298956609
12,EHCO,309.0,98.0,0.7014393619721558
12,EHCO,311.0,98.0,0.6994458296086797
12,EHCO,313.0,100.0,0.697470631495967
12,EHCO,315.0,100.0,0.6955140379757913
12,EHCO,317.0,100.0,0.6935762924279817
12,EHCO,319.0,100.0,0.6916576125984838
12,EHCO,321.0,100.0,0.689758191870852
12,EHCO,323.0,100.0,0.6878782004834666
12,EHCO,325.0,100.0,0.6860177866946786
12,EHCO,327.0,100.0,0.6841770778979944
12,EHCO,329.0,100.0,0.6823561816893331
12,EHCO,331.0,100.0,0.680555186888303
12,EHCO,333.0,100.0,0.6787741645153712
12,EHCO,335.0,100.0,0.6770131687267228
12,EHCO,337.0,100.0,0.6752722377085343
12,EHCO,339.0,100.0,0.6735513945323193
12,EHCO,341.0,100.0,0.6718506479729366
12,EHCO,343.0,100.0,0.6701699932907882
12,EHCO,345.0,100.0,0.668509412979673
12,EHCO,347.0,100.0,0.6668688774817048
12,EHCO,349.0,100.0,0.6652483458706447
12,EHCO,351.0,100.0,0.6636477665049486
12,EHCO,353.0,100.0,0.66206707765177
12,EHCO,355.0,100.0,0.660506208083121
12,EHCO,357.0,100.0,0.6589650776453324
12,EHCO,359.0,100.0,0.6574435978029207
12,EHCO,361.0,100.0,0.6559416721579164
12,EHCO,363.0,100.0,0.6544591969456708
12,EHCO,365.0,100.0,0.6529960615081148
12,EHCO,367.0,100.0,0.651552148745407
12,EHCO,369.0,100.0,0.6501273355468685
12,EHCO,371.0,100.0,0.6487214932020655
12,EHCO,373.0,100.0,0.647334487792869
12,EHCO,375.0,100.0,0.6459661805672842
12,EHCO,377.0,100.0,0.6446164282958134
12,EHCO,379.0,100.0,0.6432850836110824
12,EHCO,381.0,100.0,0.6419719953314323
12,EHCO,383.0,100.0,0.6406770087691537
12,EHCO,385.0,100.0,0.639399966024005
12,EHCO,387.0,100.0,0.6381407062626401
12,EHCO,389.0,100.0,0.636899065984537
12,EHCO,391.0,100.0,0.6356748792750019
12,EHCO,393.0,100.0,0.6344679780457939
12,EHCO,395.0,100.0,0.6332781922639008
12,EHCO,397.0,100.0,0.6321053501689656
12,EHCO,399.0,100.0,0.6309492784798522
12,EHCO,401.0,100.0,0.6298098025908122
12,EHCO,403.0,100.0,0.6286867467577019
12,EHCO,405.0,100.0,0.6275799342746721
12,EHCO,407.0,100.0,0.6264891876417468
12,EHCO,409.0,100.0,0.6254143287236802
12,EHCO,411.0,100.0,0.6243551789004707
12,EHCO,413.0,100.0,0.6233115592098958
12,EHCO,415.0,100.0,0.6222832904824129
12,EHCO,417.0,100.0,0.6212701934687599
12,EHCO,419.0,100.0,0.620272088960576
12,EHCO,421.0,100.0,0.619288797904348
12,EHCO,423.0,100.0,0.6183201415089777
12,EHCO,425.0,100.0,0.6173659413472503
12,EHCO,427.0,100.0,0.6164260194514741
12,EHCO,429.0,100.0,0.6155001984035539
12,EHCO,431.0,100.0,0.6145883014197414
12,EHCO,433.0,100.0,0.6136901524303059
12,EHCO,435.0,100.0,0.6128055761543502
12,EHCO,437.0,100.0,0.6119343981699918
12,EHCO,439.0,100.0,0.6110764449801205
12,EHCO,441.0,100.0,0.6102315440739311
12,EHCO,443.0,100.0,0.6093995239844263
12,EHCO,445.0,100.0,0.6085802143420744
12,EHCO,447.0,100.0,0.6077734459247965
12,EHCO,449.0,100.0,0.6069790507044569
12,EHCO,451.0,100.0,0.6061968618900156
12,EHCO,453.0,100.0,0.6054267139675019
12,EHCO,455.0,100.0,0.6046684427369557
12,EHCO,457.0,100.0,0.6039218853464825
12,EHCO,459.0,100.0,0.6031868803235556
12,EHCO,461.0,100.0,0.6024632676037007
12,EHCO,463.0,100.0,0.6017508885566853
12,EHCO,465.0,100.0,0.6010495860103358
12,EHCO,467.0,100.0,0.6003592042720955
12,EHCO,469.0,100.0,0.5996795891484373
12,A*-GA,1.0,0.0,0.7812783325011073
12,A*-GA,3.0,0.0,0.7887641511046393
12,A*-GA,5.0,0.0,0.7958670582994058
12,A*-GA,7.0,0.0,0.8026035450570062
12,A*-GA,9.0,0.0,0.8089894311240293
12,A*-GA,11.0,0.0,0.8150398917555098
12,A*-GA,13.0,0.0,0.8207694833930005
12,A*-GA,15.0,0.0,0.8261921683287738
12,A*-GA,17.0,0.0,0.8313213383960348
12,A*-GA,19.0,0.0,0.8361698377234592
12,A*-GA,21.0,0.0,0.8407499845908696
12,A*-GA,23.0,0.0,0.8450735924214127
12,A*-GA,25.0,0.0,0.8491519899442147
12,A*-GA,27.0,0.0,0.852996040560155
12,A*-GA,29.0,0.0,0.8566161609421171
12,A*-GA,31.0,0.0,0.8600223388998461
12,A*-GA,33.0,0.0,0.863224150538354
12,A*-GA,35.0,0.0,0.86623077673768
12,A*-GA,37.0,0.0,0.8690510189807226
12,A*-GA,39.0,0.0,0.8717048230317339
12,A*-GA,41.0,2.0,0.874096707491562
12,A*-GA,43.0,2.0,0.8761948026925886
12,A*-GA,45.0,2.0,0.8780139332685651
12,A*-GA,47.0,2.0,0.8795682877526406
12,A*-GA,49.0,2.0,0.8808714444328122
12,A*-GA,51.0,2.0,0.8819363961781719
12,A*-GA,53.0,2.0,0.8827755742765742
12,A*-GA,55.0,2.0,0.8834008713227466
12,A*-GA,57.0,2.0,0.8838236631943336
12,A*-GA,59.0,2.0,0.8840548301518867
12,A*-GA,61.0,2.0,0.8841047770974003
12,A*-GA,63.0,4.0,0.8839834530246289
12,A*-GA,65.0,4.0,0.8837003696931146
12,A*-GA,67.0,4.0,0.8832646195565981
12,A*-GA,69.0,12.0,0.8826848929752792
12,A*-GA,71.0,16.0,0.8819694947402328
12,A*-GA,73.0,16.0,0.8812565694091933
12,A*-GA,75.0,18.0,0.8805893368949179
12,A*-GA,77.0,20.0,0.8799658088245204
12,A*-GA,79.0,20.0,0.8793560835175269
12,A*-GA,81.0,20.0,0.8787506505098164
12,A*-GA,83.0,20.0,0.8781496601815763
12,A*-GA,85.0,20.0,0.8775532517448694
12,A*-GA,87.0,20.0,0.876961553768842
12,A*-GA,89.0,22.0,0.8763746846828877
12,A*-GA,91.0,22.0,0.8757927532586585
12,A*-GA,93.0,22.0,0.8752158590717721
12,A*-GA,95.0,22.0,0.8746532044648242
12,A*-GA,97.0,22.0,0.8740015034727625
12,A*-GA,99.0,22.0,0.8732236628663248
12,A*-GA,101.0,22.0,0.8723271329096048
12,A*-GA,103.0,22.0,0.8713190302427337
12,A*-GA,105.0,22.0,0.8702061516533609
12,A*-GA,107.0,24.0,0.8689949872965853
12,A*-GA,109.0,24.0,0.8676917333851618
12,A*-GA,111.0,24.0,0.8663023043709462
12,A*-GA,113.0,24.0,0.8648323446377195
12,A*-GA,115.0,24.0,0.8632872397247359
12,A*-GA,117.0,28.000000000000004,0.8616721270995803
12,A*-GA,119.0,32.0,0.8599919064981866
12,A*-GA,121.0,32.0,0.8582512498491666
12,A*-GA,123.0,34.0,0.8564546107989223
12,A*-GA,125.0,34.0,0.8546062338533669
12,A*-GA,127.0,36.0,0.8528315097937187
12,A*-GA,129.0,36.0,0.8511676340182353
12,A*-GA,131.0,38.0,0.8496098024382593
12,A*-GA,133.0,38.0,0.8481302935001148
12,A*-GA,135.0,38.0,0.8467182681195945
12,A*-GA,137.0,38.0,0.845370970821199
12,A*-GA,139.0,38.0,0.8440857554207227
12,A*-GA,141.0,38.0,0.84286008072458
12,A*-GA,143.0,38.0,0.8416915063979914
12,A*-GA,145.0,38.0,0.8405776889954049
12,A*-GA,147.0,38.0,0.8395163781467845
12,A*-GA,149.0,38.0,0.8385054128936522
12,A*-GA,151.0,38.0,0.8375427181690048
12,A*-GA,153.0,40.0,0.8366263014154616
12,A*-GA,155.0,40.0,0.8357542493362167
12,A*-GA,157.0,40.0,0.8349247247735875
12,A*-GA,159.0,44.0,0.8341359637101486
12,A*-GA,161.0,44.0,0.8333862723876441
12,A*-GA,163.0,44.0,0.8326740245390535
12,A*-GA,165.0,46.0,0.8319976587293739
12,A*-GA,167.0,46.0,0.8313556758008485
12,A*-GA,169.0,48.0,0.8307466364185455
12,A*-GA,171.0,48.0,0.8301691587123486
12,A*-GA,173.0,50.0,0.8296219160115742
12,A*-GA,175.0,50.0,0.8291113176375845
12,A*-GA,177.0,50.0,0.8285357815889837
12,A*-GA,179.0,50.0,0.8278591774291678
12,A*-GA,181.0,50.0,0.8270875080907312
12,A*-GA,183.0,50.0,0.8262265073264523
12,A*-GA,185.0,52.0,0.8252816508259431
12,A*-GA,187.0,52.0,0.8242581668869908
12,A*-GA,189.0,52.0,0.8231610466592149
12,A*-GA,191.0,54.0,0.8221143358269534
12,A*-GA,193.0,56.00000000000001,0.8211553886274486
12,A*-GA,195.0,57.99999999999999,0.8202802460797326
12,A*-GA,197.0,57.99999999999999,0.8194619992529044
12,A*-GA,199.0,57.99999999999999,0.818690590467608
12,A*-GA,201.0,57.99999999999999,0.8179205656274343
12,A*-GA,203.0,57.99999999999999,0.8170244683772087
12,A*-GA,205.0,57.99999999999999,0.8160098219563536
12,A*-GA,207.0,57.99999999999999,0.8148838118677701
12,A*-GA,209.0,60.0,0.8136532998313101
12,A*-GA,211.0,60.0,0.8123248371782176
12,A*-GA,213.0,60.0,0.8109046777086647
12,A*-GA,215.0,60.0,0.8093987900336301
12,A*-GA,217.0,60.0,0.8078128694215395
12,A*-GA,219.0,60.0,0.8061523491692753
12,A*-GA,221.0,62.0,0.804422411516397
12,A*-GA,223.0,62.0,0.8026279981206688
12,A*-GA,225.0,62.0,0.8007738201122759
12,A*-GA,227.0,64.0,0.7988643677434322
12,A*-GA,229.0,64.0,0.7969039196494178
12,A*-GA,231.0,64.0,0.7948965517364556
12,A*-GA,233.0,66.0,0.7928461457112314
12,A*-GA,235.0,68.0,0.7907563972662718
12,A*-GA,237.0,68.0,0.7886308239348421
12,A*-GA,239.0,70.0,0.7864727726284803
12,A*-GA,241.0,70.0,0.7842854268697724
12,A*-GA,243.0,72.0,0.782071813732473
12,A*-GA,245.0,72.0,0.7798348105005993
12,A*-GA,247.0,72.0,0.7775771510576684
12,A*-GA,249.0,72.0,0.7753014320168065
12,A*-GA,251.0,72.0,0.7730101186020366
12,A*-GA,253.0,72.0,0.7707055502906426
12,A*-GA,255.0,72.0,0.7683899462261188
12,A*-GA,257.0,74.0,0.7660654123764646
12,A*-GA,259.0,76.0,0.7637339497143191
12,A*-GA,261.0,76.0,0.7613974540894141
12,A*-GA,263.0,76.0,0.7590577201347771
12,A*-GA,265.0,76.0,0.7567164456811158
12,A*-GA,267.0,78.0,0.7543753113052424
12,A*-GA,269.0,78.0,0.7520360501477686
12,A*-GA,271.0,80.0,0.7497000757793344
12,A*-GA,273.0,80.0,0.7473685115124448
12,A*-GA,275.0,82.0,0.7450425592433138
12,A*-GA,277.0,82.0,0.7427234201255712
12,A*-GA,279.0,82.0,0.7404122246996369
12,A*-GA,281.0,82.0,0.7381100360511534
12,A*-GA,283.0,82.0,0.7358178528390977
12,A*-GA,285.0,84.0,0.7335366121987872
12,A*-GA,287.0,84.0,0.731267192524795
12,A*-GA,289.0,84.0,0.7290104161385871
12,A*-GA,291.0,84.0,0.726767051845504
12,A*-GA,293.0,84.0,0.7245378173855288
12,A*-GA,295.0,84.0,0.7223233817821035
12,A*-GA,297.0,86.0,0.7201243675930924
12,A*-GA,299.0,86.0,0.717941353067822
12,A*-GA,301.0,88.0,0.7157748742139788
12,A*-GA,303.0,90.0,0.7136254267779885
12,A*-GA,305.0,94.0,0.7114934681423637
12,A*-GA,307.0,94.0,0.7093794191433644
12,A*-GA,309.0,96.0,0.7072836658121839
12,A*-GA,311.0,98.0,0.7052065610427466
12,A*-GA,313.0,98.0,0.7031484665462162
12,A*-GA,315.0,98.0,0.7011097890892176
12,A*-GA,317.0,100.0,0.6990907805018471
12,A*-GA,319.0,100.0,0.6970916659823444
12,A*-GA,321.0,100.0,0.6951126454187511
12,A*-GA,323.0,100.0,0.6931538946541447
12,A*-GA,325.0,100.0,0.6912155666977351
12,A*-GA,327.0,100.0,0.6892977928840254
12,A*-GA,329.0,100.0,0.687400683982144
12,A*-GA,331.0,100.0,0.6855243312573768
12,A*-GA,333.0,100.0,0.6836688074868453
12,A*-GA,335.0,100.0,0.6818341679311987
12,A*-GA,337.0,100.0,0.6800204512641126
12,A*-GA,339.0,100.0,0.6782276804613209
12,A*-GA,341.0,100.0,0.676455863650829
12,A*-GA,343.0,100.0,0.6747049949259021
12,A*-GA,345.0,100.0,0.6729750551223476
12,A*-GA,347.0,100.0,0.671266012561559
12,A*-GA,349.0,100.0,0.669577823760726
12,A*-GA,351.0,100.0,0.6679104341115569
12,A*-GA,353.0,100.0,0.6662637785288119
12,A*-GA,355.0,100.0,0.6646377820698894
12,A*-GA,357.0,100.0,0.6630323605266578
12,A*-GA,359.0,100.0,0.6614474209906795
12,A*-GA,361.0,100.0,0.6598828623929277
12,A*-GA,363.0,100.0,0.6583385760190492
12,A*-GA,365.0,100.0,0.6568144460011898
12,A*-GA,367.0,100.0,0.6553103497873534
12,A*-GA,369.0,100.0,0.6538261585892284
12,A*-GA,371.0,100.0,0.6523617378093789
12,A*-GA,373.0,100.0,0.6509169474486587
12,A*-GA,375.0,100.0,0.6494916424946768
12,A*-GA,377.0,100.0,0.6480856732921049
12,A*-GA,379.0,100.0,0.6466988858955864
12,A*-GA,381.0,100.0,0.645331122405981
12,A*-GA,383.0,100.0,0.6439822212906398
12,A*-GA,385.0,100.0,0.6426520176883878
12,A*-GA,387.0,100.0,0.6413403436998566
12,A*-GA,389.0,100.0,0.6400470286637866
12,A*-GA,391.0,100.0,0.6387718994198937
12,A*-GA,393.0,100.0,0.6375147805588691
12,A*-GA,395.0,100.0,0.6362754946600605
12,A*-GA,397.0,100.0,0.6350538625173584
12,A*-GA,399.0,100.0,0.6338497033537921
12,A*-GA,401.0,100.0,0.6326628350253175
12,A*-GA,403.0,100.0,0.6314930742142607
12,A*-GA,405.0,100.0,0.6303402366128615
12,A*-GA,407.0,100.0,0.629204137097345
12,A*-GA,409.0,100.0,0.6280845898929278
12,A*-GA,411.0,100.0,0.626981408730154
12,A*-GA,413.0,100.0,0.625894406992935
12,A*-GA,415.0,100.0,0.6248233978586578
12,A*-GA,417.0,100.0,0.6237681944307031
12,A*-GA,419.0,100.0,0.6227286098637099
12,A*-GA,421.0,100.0,0.6217044574819043
12,A*-GA,423.0,100.0,0.6206955508907953
12,A*-GA,425.0,100.0,0.6197017040825338
12,A*-GA,427.0,100.0,0.6187227315352146
12,A*-GA,429.0,100.0,0.6177584483063905
12,A*-GA,431.0,100.0,0.616808670121057
12,A*-GA,433.0,100.0,0.6158732134543562
12,A*-GA,435.0,100.0,0.614951895609235
12,A*-GA,437.0,100.0,0.6140445347892884
12,A*-GA,439.0,100.0,0.6131509501670036
12,A*-GA,441.0,100.0,0.6122709619476148
12,A*-GA,443.0,100.0,0.6114043914287696
12,A*-GA,445.0,100.0,0.6105510610561988
12,A*-GA,447.0,100.0,0.6097107944755743
12,A*-GA,449.0,100.0,0.6088834165807299
12,A*-GA,451.0,100.0,0.6080687535584164
12,A*-GA,453.0,100.0,0.6072666329297516
12,A*-GA,455.0,100.0,0.6064768835885205
12,A*-GA,457.0,100.0,0.6056993358364751
12,A*-GA,459.0,100.0,0.6049338214157753
12,A*-GA,461.0,100.0,0.6041801735387092
12,A*-GA,463.0,100.0,0.6034382269148209
12,A*-GA,465.0,100.0,0.6027078177755731
12,A*-GA,467.0,100.0,0.6019887838966639
12,A*-GA,469.0,100.0,0.6012809646181121
12,A*-GA,471.0,100.0,0.6005842008622211
12,A*-GA,473.0,100.0,0.5998983351495276
13,EHCO,1.0,0.0,0.8343041256527146
13,EHCO,3.0,0.0,0.8397097535653425
13,EHCO,5.0,0.0,0.8448140755116387
13,EHCO,7.0,0.0,0.8496303810988924
13,EHCO,9.0,0.0,0.8541714142982308
13,EHCO,11.0,0.0,0.8584493952512493
13,EHCO,13.0,0.0,0.8624642092361359
13,EHCO,15.0,0.0,0.8661034160601347
13,EHCO,17.0,2.0,0.8693853500610482
13,EHCO,19.0,2.0,0.8723275668324799
13,EHCO,21.0,2.0,0.8749468747571222
13,EHCO,23.0,2.0,0.8772593652867456
13,EHCO,25.0,2.0,0.879280442018327
13,EHCO,27.0,2.0,0.8810248486138079
13,EHCO,29.0,2.0,0.8825066956091053
13,EHCO,31.0,2.0,0.883739486156207
13,EHCO,33.0,2.0,0.8847361407404564
13,EHCO,35.0,2.0,0.885509020913477
13,EHCO,37.0,4.0,0.8862065921523613
13,EHCO,39.0,4.0,0.8868774708766141
13,EHCO,41.0,6.0,0.8875226967909297
13,EHCO,43.0,6.0,0.8881090556400352
13,EHCO,45.0,12.0,0.8886282166958722
13,EHCO,47.0,12.0,0.8890835409526072
13,EHCO,49.0,12.0,0.8894782455727808
13,EHCO,51.0,12.0,0.8898154097278124
13,EHCO,53.0,14.000000000000002,0.8900979802061111
13,EHCO,55.0,14.000000000000002,0.8903287767979621
13,EHCO,57.0,14.000000000000002,0.8905104974659992
13,EHCO,59.0,16.0,0.8906566546468164
13,EHCO,61.0,16.0,0.8906661965614187
13,EHCO,63.0,18.0,0.8905024537797965
13,EHCO,65.0,20.0,0.8901750765399045
13,EHCO,67.0,20.0,0.8896932893582611
13,EHCO,69.0,20.0,0.889065908510144
13,EHCO,71.0,20.0,0.8883013588111609
13,EHCO,73.0,22.0,0.8874076897278151
13,EHCO,75.0,22.0,0.8863925908436011
13,EHCO,77.0,22.0,0.8852634067061161
13,EHCO,79.0,22.0,0.8840271510796737
13,EHCO,81.0,24.0,0.8826905206269413
13,EHCO,83.0,24.0,0.8812599080421951
13,EHCO,85.0,28.000000000000004,0.8797414146578995
13,EHCO,87.0,28.000000000000004,0.878140862545461
13,EHCO,89.0,28.000000000000004,0.8764638061301862
13,EHCO,91.0,28.000000000000004,0.8747155433396859
13,EHCO,93.0,28.000000000000004,0.8729430452262837
13,EHCO,95.0,28.000000000000004,0.8712725453044123
13,EHCO,97.0,30.0,0.8696997670356446
13,EHCO,99.0,32.0,0.8681783811462231
13,EHCO,101.0,32.0,0.8665825681516466
13,EHCO,103.0,32.0,0.8649174588261606
13,EHCO,105.0,34.0,0.8631879461199614
13,EHCO,107.0,34.0,0.8613986950930167
13,EHCO,109.0,34.0,0.8595541524492009
13,EHCO,111.0,34.0,0.857658555686589
13,EHCO,113.0,34.0,0.8557159418791312
13,EHCO,115.0,34.0,0.8537301561043259
13,EHCO,117.0,38.0,0.8517048595309372
13,EHCO,119.0,38.0,0.8496435371802487
13,EHCO,121.0,40.0,0.8475495053738095
13,EHCO,123.0,40.0,0.8454659203858826
13,EHCO,125.0,40.0,0.8435117034789994
13,EHCO,127.0,40.0,0.8416813368211514
13,EHCO,129.0,42.0,0.839961671250713
13,EHCO,131.0,42.0,0.8383250179226803
13,EHCO,133.0,44.0,0.8367679446902326
13,EHCO,135.0,46.0,0.8352871559891916
13,EHCO,137.0,46.0,0.8338794874584738
13,EHCO,139.0,46.0,0.8325419007718196
13,EHCO,141.0,46.0,0.8312714786725044
13,EHCO,143.0,46.0,0.8300654202030718
13,EHCO,145.0,48.0,0.8289210361224298
13,EHCO,147.0,48.0,0.8278357445029614
13,EHCO,149.0,48.0,0.8268070665005828
13,EHCO,151.0,50.0,0.825832622290964
13,EHCO,153.0,52.0,0.824910127165389
13,EHCO,155.0,52.0,0.8240197512267831
13,EHCO,157.0,54.0,0.8230486623808028
13,EHCO,159.0,54.0,0.8220019327335272
13,EHCO,161.0,54.0,0.820884403914011
13,EHCO,163.0,54.0,0.8197006966364887
13,EHCO,165.0,54.0,0.8184552198788498
13,EHCO,167.0,54.0,0.8171521796925809
13,EHCO,169.0,56.00000000000001,0.8157955876587735
13,EHCO,171.0,56.00000000000001,0.8143892690042166
13,EHCO,173.0,56.00000000000001,0.8129368703910491
13,EHCO,175.0,56.00000000000001,0.8114418673929056
13,EHCO,177.0,56.00000000000001,0.8099075716699898
13,EHCO,179.0,56.00000000000001,0.8083371378550134
13,EHCO,181.0,57.99999999999999,0.8067721598157838
13,EHCO,183.0,57.99999999999999,0.8053273722118444
13,EHCO,185.0,60.0,0.803997493855132
13,EHCO,187.0,64.0,0.8027696043079209
13,EHCO,189.0,64.0,0.801616235824697
13,EHCO,191.0,64.0,0.8005341700179254
13,EHCO,193.0,64.0,0.7995203180157284
13,EHCO,195.0,64.0,0.7985717153450044
13,EHCO,197.0,64.0,0.7976855170156762
13,EHCO,199.0,64.0,0.7968589927981788
13,EHCO,201.0,68.0,0.7960473302241612
13,EHCO,203.0,68.0,0.7951260868502169
13,EHCO,205.0,68.0,0.7941018933694199
13,EHCO,207.0,70.0,0.7929810818118734
13,EHCO,209.0,70.0,0.7917696978982435
13,EHCO,211.0,72.0,0.7904735128981359
13,EHCO,213.0,72.0,0.7890980350129166
13,EHCO,215.0,72.0,0.7876485203018022
13,EHCO,217.0,72.0,0.7861299831693052
13,EHCO,219.0,72.0,0.7845472064314102
13,EHCO,221.0,72.0,0.7829047509771674
13,EHCO,223.0,72.0,0.7812069650417371
13,EHCO,225.0,72.0,0.7794579931062838
13,EHCO,227.0,72.0,0.7776617844395147
13,EHCO,229.0,74.0,0.7758221012950732
13,EHCO,231.0,74.0,0.7739425267784359
13,EHCO,233.0,74.0,0.7720264723964286
13,EHCO,235.0,76.0,0.770077185301955
13,EHCO,237.0,76.0,0.7680977552460381
13,EHCO,239.0,78.0,0.7660911212487957
13,EHCO,241.0,78.0,0.7640600780005158
13,EHCO,243.0,80.0,0.7620073681819906
13,EHCO,245.0,82.0,0.7599357677406279
13,EHCO,247.0,84.0,0.7578476609865259
13,EHCO,249.0,84.0,0.7557450684400524
13,EHCO,251.0,84.0,0.7536300741301728
13,EHCO,253.0,84.0,0.7515047351599845
13,EHCO,255.0,84.0,0.7493710019733852
13,EHCO,257.0,84.0,0.7472307229683629
13,EHCO,259.0,84.0,0.7450856489222157
13,EHCO,261.0,84.0,0.7429374372361974
13,EHCO,263.0,84.0,0.7407876560067861
13,EHCO,265.0,84.0,0.7386377879304912
13,EHCO,267.0,84.0,0.7364892340488431
13,EHCO,269.0,84.0,0.7343433173399412
13,EHCO,271.0,84.0,0.732201286162689
13,EHCO,273.0,84.0,0.7300643175596032
13,EHCO,275.0,84.0,0.7279335204238456
13,EHCO,277.0,86.0,0.7258099385359108
13,EHCO,279.0,88.0,0.7236945534751805
13,EHCO,281.0,90.0,0.7215882874113552
13,EHCO,283.0,90.0,0.7194920057805718
13,EHCO,285.0,90.0,0.7174065198508277
13,EHCO,287.0,92.0,0.715332589181147
13,EHCO,289.0,94.0,0.7132709239787509
13,EHCO,291.0,94.0,0.7112221873583268
13,EHCO,293.0,94.0,0.7091869975073217
13,EHCO,295.0,94.0,0.7071659297610404
13,EHCO,297.0,94.0,0.705159518591169
13,EHCO,299.0,94.0,0.7031682595112083
13,EHCO,301.0,94.0,0.7011926109021605
13,EHCO,303.0,94.0,0.6992329957616784
13,EHCO,305.0,94.0,0.6972898033797628
13,EHCO,307.0,96.0,0.6953633909439685
13,EHCO,309.0,96.0,0.693454085076963
13,EHCO,311.0,96.0,0.6915621833091701
13,EHCO,313.0,98.0,0.6896879554891175
13,EHCO,315.0,98.0,0.6878316451340131
13,EHCO,317.0,98.0,0.6859934707229611
13,EHCO,319.0,98.0,0.6841736269351465
13,EHCO,321.0,98.0,0.6823722858352145
13,EHCO,323.0,98.0,0.6805895980079869
13,EHCO,325.0,98.0,0.6788256936445738
13,EHCO,327.0,98.0,0.6770806835818507
13,EHCO,329.0,98.0,0.6753547351183001
13,EHCO,331.0,98.0,0.6736479417396161
13,EHCO,333.0,100.0,0.671960354514782
13,EHCO,335.0,100.0,0.670292009244885
13,EHCO,337.0,100.0,0.668642927281314
13,EHCO,339.0,100.0,0.6670131163082379
13,EHCO,341.0,100.0,0.6654025710908216
13,EHCO,343.0,100.0,0.6638112741905863
13,EHCO,345.0,100.0,0.6622391966492583
13,EHCO,347.0,100.0,0.6606862986424014
13,EHCO,349.0,100.0,0.6591525301040722
13,EHCO,351.0,100.0,0.6576378313236924
13,EHCO,353.0,100.0,0.6561421335162816
13,EHCO,355.0,100.0,0.6546653593671468
13,EHCO,357.0,100.0,0.6532074235520864
13,EHCO,359.0,100.0,0.651768233234119
13,EHCO,361.0,100.0,0.6503476885377086
13,EHCO,363.0,100.0,0.6489456830014189
13,EHCO,365.0,100.0,0.6475621040098927
13,EHCO,367.0,100.0,0.6461968332060155
13,EHCO,369.0,100.0,0.6448497468840871
13,EHCO,371.0,100.0,0.6435207163647937
13,EHCO,373.0,100.0,0.6422096083527409
13,EHCO,375.0,100.0,0.6409162852772757
13,EHCO,377.0,100.0,0.639640605617298
13,EHCO,379.0,100.0,0.6383824242107328
13,EHCO,381.0,100.0,0.6371415925493102
13,EHCO,383.0,100.0,0.6359179590592673
13,EHCO,385.0,100.0,0.6347113693685691
13,EHCO,387.0,100.0,0.6335216665612188
13,EHCO,389.0,100.0,0.6323486914192005
13,EHCO,391.0,100.0,0.6311922826525828
13,EHCO,393.0,100.0,0.6300522771182836
13,EHCO,395.0,100.0,0.628928510027981
13,EHCO,397.0,100.0,0.6278208151456333
13,EHCO,399.0,100.0,0.6267290249750516
13,EHCO,401.0,100.0,0.6256529709379532
13,EHCO,403.0,100.0,0.6245924835429038
13,EHCO,405.0,100.0,0.623547392545541
13,EHCO,407.0,100.0,0.6225175271004572
13,EHCO,409.0,100.0,0.6215027159051001
13,EHCO,411.0,100.0,0.6205027873360419
13,EHCO,413.0,100.0,0.6195175695779441
13,EHCO,415.0,100.0,0.6185468907455415
13,EHCO,417.0,100.0,0.6175905789989475
13,EHCO,419.0,100.0,0.6166484626525769
13,EHCO,421.0,100.0,0.6157203702779649
13,EHCO,423.0,100.0,0.6148061308007535
13,EHCO,425.0,100.0,0.6139055735921031
13,EHCO,427.0,100.0,0.6130185285547778
13,EHCO,429.0,100.0,0.612144826204142
13,EHCO,431.0,100.0,0.6112842977442952
13,EHCO,433.0,100.0,0.6104367751395655
13,EHCO,435.0,100.0,0.6096020911815699
13,EHCO,437.0,100.0,0.6087800795520417
13,EHCO,439.0,100.0,0.6079705748816193
13,EHCO,441.0,100.0,0.6071734128047794
13,EHCO,443.0,100.0,0.606388430011092
13,EHCO,445.0,100.0,0.6056154642929668
13,EHCO,447.0,100.0,0.6048543545900527
13,EHCO,449.0,100.0,0.604104941030447
13,EHCO,451.0,100.0,0.6033670649688634
13,EHCO,453.0,100.0,0.6026405690218998
13,EHCO,455.0,100.0,0.6019252971005458
13,EHCO,457.0,100.0,0.6012210944400584
13,EHCO,459.0,100.0,0.6005278076273333
13,EHCO,461.0,100.0,0.5998452846258905
13,A*-GA,1.0,0.0,0.8343041256527146
13,A*-GA,3.0,0.0,0.8397097535653425
13,A*-GA,5.0,0.0,0.8448140755116387
13,A*-GA,7.0,0.0,0.8496303810988924
13,A*-GA,9.0,0.0,0.8541714142982308
13,A*-GA,11.0,0.0,0.8584493952512493
13,A*-GA,13.0,0.0,0.862476041214539
13,A*-GA,15.0,0.0,0.8662625866760387
13,A*-GA,17.0,0.0,0.8698198026758087
13,A*-GA,19.0,0.0,0.8731580153625428
13,A*-GA,21.0,0.0,0.8762871238159056
13,A*-GA,23.0,0.0,0.8792166171635983
13,A*-GA,25.0,0.0,0.8819555910209224
13,A*-GA,27.0,0.0,0.8845127632795169
13,A*-GA,29.0,0.0,0.8868846572924973
13,A*-GA,31.0,0.0,0.8889556057135369
13,A*-GA,33.0,0.0,0.8907408451636435
13,A*-GA,35.0,0.0,0.8922549578317477
13,A*-GA,37.0,2.0,0.8935118980851473
13,A*-GA,39.0,2.0,0.8945250180205393
13,A*-GA,41.0,2.0,0.8953070919974551
13,A*-GA,43.0,2.0,0.895870340194272
13,A*-GA,45.0,6.0,0.8962264512253921
13,A*-GA,47.0,6.0,0.8963866038566614
13,A*-GA,49.0,6.0,0.8963614878546461
13,A*-GA,51.0,6.0,0.8961613240039796
13,A*-GA,53.0,6.0,0.8957958833256483
13,A*-GA,55.0,6.0,0.8952745055277901
13,A*-GA,57.0,6.0,0.8946061167193404
13,A*-GA,59.0,8.0,0.8937992464156616
13,A*-GA,61.0,8.0,0.89286204386415
13,A*-GA,63.0,8.0,0.8918022937167105
13,A*-GA,65.0,8.0,0.8907578608408875
13,A*-GA,67.0,14.000000000000002,0.8897715416054427
13,A*-GA,69.0,18.0,0.8888408668257994
13,A*-GA,71.0,18.0,0.8878326539408313
13,A*-GA,73.0,18.0,0.8867090538447496
13,A*-GA,75.0,18.0,0.8854771484319099
13,A*-GA,77.0,18.0,0.884143699540408
13,A*-GA,79.0,18.0,0.8827151622059028
13,A*-GA,81.0,20.0,0.8811976973839577
13,A*-GA,83.0,20.0,0.8795971841619374
13,A*-GA,85.0,22.0,0.8779192314806771
13,A*-GA,87.0,22.0,0.8761691893853347
13,A*-GA,89.0,22.0,0.874352159824083
13,A*-GA,91.0,22.0,0.8724730070125536
13,A*-GA,93.0,22.0,0.8705363673812466
13,A*-GA,95.0,22.0,0.8685466591224382
13,A*-GA,97.0,22.0,0.8665080913524654
13,A*-GA,99.0,22.0,0.8644657665164922
13,A*-GA,101.0,24.0,0.8625425530003055
13,A*-GA,103.0,24.0,0.8607334307904991
13,A*-GA,105.0,26.0,0.859025727960068
13,A*-GA,107.0,26.0,0.8573922131338053
13,A*-GA,109.0,28.000000000000004,0.8558298926567584
13,A*-GA,111.0,28.000000000000004,0.8543358912345862
13,A*-GA,113.0,28.000000000000004,0.8529074472801295
13,A*-GA,115.0,30.0,0.851541908442647
13,A*-GA,117.0,30.0,0.8502367273125506
13,A*-GA,119.0,32.0,0.8489894572947513
13,A*-GA,121.0,32.0,0.8477792449694795
13,A*-GA,123.0,32.0,0.8464906217667029
13,A*-GA,125.0,34.0,0.8451287388207005
13,A*-GA,127.0,34.0,0.8436985108895844
13,A*-GA,129.0,36.0,0.8422046261951863
13,A*-GA,131.0,36.0,0.8406515558675589
13,A*-GA,133.0,36.0,0.8390435630097555
13,A*-GA,135.0,36.0,0.8373847113979377
13,A*-GA,137.0,36.0,0.8356788738312663
13,A*-GA,139.0,36.0,0.8339297401454626
13,A*-GA,141.0,36.0,0.8321408249033782
13,A*-GA,143.0,40.0,0.8303154747753864
13,A*-GA,145.0,42.0,0.8284568756219053
13,A*-GA,147.0,42.0,0.8265680592898742
13,A*-GA,149.0,42.0,0.82465191013454
13,A*-GA,151.0,42.0,0.8227111712774648
13,A*-GA,153.0,42.0,0.8208642975918967
13,A*-GA,155.0,44.0,0.8191456859096996
13,A*-GA,157.0,46.0,0.8175496878658436
13,A*-GA,159.0,48.0,0.8160477725315959
13,A*-GA,161.0,48.0,0.8146283249601637
13,A*-GA,163.0,48.0,0.8132878459917895
13,A*-GA,165.0,48.0,0.8120229766547461
13,A*-GA,167.0,48.0,0.8108304926335608
13,A*-GA,169.0,50.0,0.8097072989546062
13,A*-GA,171.0,50.0,0.8086504248805272
13,A*-GA,173.0,50.0,0.8076570190053054
13,A*-GA,175.0,52.0,0.8067243445420882
13,A*-GA,177.0,54.0,0.8058497747962162
13,A*-GA,179.0,54.0,0.8050307888161793
13,A*-GA,181.0,56.00000000000001,0.8042649672155185
13,A*-GA,183.0,56.00000000000001,0.8035499881589626
13,A*-GA,185.0,56.00000000000001,0.8028836235063532
13,A*-GA,187.0,56.00000000000001,0.802263735108167
13,A*-GA,189.0,57.99999999999999,0.801671452398712
13,A*-GA,191.0,57.99999999999999,0.800996423877978
13,A*-GA,193.0,57.99999999999999,0.800243641716339
13,A*-GA,195.0,57.99999999999999,0.7994178733823845
13,A*-GA,197.0,60.0,0.7985236709349367
13,A*-GA,199.0,60.0,0.7975653799426604
13,A*-GA,201.0,60.0,0.7965363588488823
13,A*-GA,203.0,60.0,0.7954094043720205
13,A*-GA,205.0,60.0,0.7941906387023119
13,A*-GA,207.0,60.0,0.7928859061679773
13,A*-GA,209.0,62.0,0.7915007847586462
13,A*-GA,211.0,62.0,0.7900405971864249
13,A*-GA,213.0,64.0,0.7885104215029148
13,A*-GA,215.0,64.0,0.7869151012897666
13,A*-GA,217.0,66.0,0.7852592554396689
13,A*-GA,219.0,66.0,0.783547287543997
13,A*-GA,221.0,66.0,0.7817833949027133
13,A*-GA,223.0,66.0,0.7799715771714937
13,A*-GA,225.0,68.0,0.7781156446604677
13,A*-GA,227.0,68.0,0.7762193124768263
13,A*-GA,229.0,70.0,0.774286287550788
13,A*-GA,231.0,72.0,0.7723198454119662
13,A*-GA,233.0,72.0,0.7703228459158659
13,A*-GA,235.0,72.0,0.768298179237193
13,A*-GA,237.0,72.0,0.7662486772880213
13,A*-GA,239.0,74.0,0.764177032017437
13,A*-GA,241.0,74.0,0.7620858014025462
13,A*-GA,243.0,78.0,0.7599774191716945
13,A*-GA,245.0,78.0,0.7578541999046458
13,A*-GA,247.0,78.0,0.755718340245352
13,A*-GA,249.0,78.0,0.753571923977058
13,A*-GA,251.0,78.0,0.7514169268908975
13,A*-GA,253.0,80.0,0.749255221456205
13,A*-GA,255.0,82.0,0.7470885813004419
13,A*-GA,257.0,82.0,0.744918685506324
13,A*-GA,259.0,82.0,0.7427471227334391
13,A*-GA,261.0,82.0,0.7405753951713538
13,A*-GA,263.0,82.0,0.738404922330933
13,A*-GA,265.0,82.0,0.7362370446803299
13,A*-GA,267.0,82.0,0.7340730271318487
13,A*-GA,269.0,82.0,0.7319140623856387
13,A*-GA,271.0,82.0,0.7297612741359398
13,A*-GA,273.0,84.0,0.7276157201453772
13,A*-GA,275.0,84.0,0.7254783951925822
13,A*-GA,277.0,84.0,0.7233502338982093
13,A*-GA,279.0,84.0,0.7212321134342193
13,A*-GA,281.0,84.0,0.7191248561211044
13,A*-GA,283.0,88.0,0.7170292319175461
13,A*-GA,285.0,88.0,0.7149459608068206
13,A*-GA,287.0,88.0,0.7128757150840948
13,A*-GA,289.0,90.0,0.7108191215485895
13,A*-GA,291.0,94.0,0.7087767636044352
13,A*-GA,293.0,96.0,0.7067491832738851
13,A*-GA,295.0,98.0,0.7047368831264145
13,A*-GA,297.0,98.0,0.7027403281270882
13,A*-GA,299.0,98.0,0.7007599474074486
13,A*-GA,301.0,98.0,0.6987961359620443
13,A*-GA,303.0,98.0,0.696849256273598
13,A*-GA,305.0,98.0,0.6949196398696933
13,A*-GA,307.0,98.0,0.6930075888137437
13,A*-GA,309.0,98.0,0.6911133771328993
13,A*-GA,311.0,98.0,0.6892372521854409
13,A*-GA,313.0,98.0,0.6873794677000518
13,A*-GA,315.0,98.0,0.6855403120753063
13,A*-GA,317.0,100.0,0.6837199512055518
13,A*-GA,319.0,100.0,0.6819185296559783
13,A*-GA,321.0,100.0,0.6801361717443278
13,A*-GA,323.0,100.0,0.6783729825761212
13,A*-GA,325.0,100.0,0.676629049035291
13,A*-GA,327.0,100.0,0.6749044407320344
13,A*-GA,329.0,100.0,0.6731992109096321
13,A*-GA,331.0,100.0,0.6715133973119042
13,A*-GA,333.0,100.0,0.6698470230129101
13,A*-GA,335.0,100.0,0.6682000972104376
13,A*-GA,337.0,100.0,0.6665726159847584
13,A*-GA,339.0,100.0,0.6649645630240749
13,A*-GA,341.0,100.0,0.6633759103180236
13,A*-GA,343.0,100.0,0.6618066188205436
13,A*-GA,345.0,100.0,0.660256639083372
13,A*-GA,347.0,100.0,0.6587259118613702
13,A*-GA,349.0,100.0,0.6572143686908452
13,A*-GA,351.0,100.0,0.6557219324419751
13,A*-GA,353.0,100.0,0.6542485178464111
13,A*-GA,355.0,100.0,0.6527940320010807
13,A*-GA,357.0,100.0,0.6513583748491746
13,A*-GA,359.0,100.0,0.6499414396392684
13,A*-GA,361.0,100.0,0.64854311336348
13,A*-GA,363.0,100.0,0.6471632771755381
13,A*-GA,365.0,100.0,0.6458018067895971
13,A*-GA,367.0,100.0,0.6444585728606002
13,A*-GA,369.0,100.0,0.6431334413469598
13,A*-GA,371.0,100.0,0.6418262738562989
13,A*-GA,373.0,100.0,0.6405369279749556
13,A*-GA,375.0,100.0,0.639265257581941
13,A*-GA,377.0,100.0,0.638011113147994
13,A*-GA,379.0,100.0,0.6367743420203689
13,A*-GA,381.0,100.0,0.6355547886939514
13,A*-GA,383.0,100.0,0.6343522950692843
13,A*-GA,385.0,100.0,0.633166700698054
13,A*-GA,387.0,100.0,0.6319978430165736
13,A*-GA,389.0,100.0,0.6308455575677681
13,A*-GA,391.0,100.0,0.6297096782121555
13,A*-GA,393.0,100.0,0.62859003732829
13,A*-GA,395.0,100.0,0.6274864660031213
13,A*-GA,397.0,100.0,0.6263987942126996
13,A*-GA,399.0,100.0,0.6253268509936428
13,A*-GA,401.0,100.0,0.624270464605763
13,A*-GA,403.0,100.0,0.6232294626862345
13,A*-GA,405.0,100.0,0.6222036723956696
13,A*-GA,407.0,100.0,0.6211929205564529
13,A*-GA,409.0,100.0,0.6201970337836709
13,A*-GA,411.0,100.0,0.6192158386089611
13,A*-GA,413.0,100.0,0.6182491615975904
13,A*-GA,415.0,100.0,0.6172968294590578
13,A*-GA,417.0,100.0,0.6163586691515102
13,A*-GA,419.0,100.0,0.6154345079802408
13,A*-GA,421.0,100.0,0.614524173690536
13,A*-GA,423.0,100.0,0.6136274945551191
13,A*-GA,425.0,100.0,0.6127442994564329
13,A*-GA,427.0,100.0,0.6118744179639931
13,A*-GA,429.0,100.0,0.6110176804070322
13,A*-GA,431.0,100.0,0.6101739179426489
13,A*-GA,433.0,100.0,0.6093429626196631
13,A*-GA,435.0,100.0,0.6085246474383756
13,A*-GA,437.0,100.0,0.6077188064064163
13,A*-GA,439.0,100.0,0.6069252745908612
13,A*-GA,441.0,100.0,0.6061438881667913
13,A*-GA,443.0,100.0,0.6053744844624565
13,A*-GA,445.0,100.0,0.6046169020012024
13,A*-GA,447.0,100.0,0.6038709805403125
13,A*-GA,449.0,100.0,0.6031365611069085
13,A*-GA,451.0,100.0,0.60241348603105
13,A*-GA,453.0,100.0,0.6017015989761645
13,A*-GA,455.0,100.0,0.6010007449669357
13,A*-GA,457.0,100.0,0.6003107704147731
14,EHCO,1.0,0.0,0.9218674636429771
14,EHCO,3.0,0.0,0.9238380002589782
14,EHCO,5.0,0.0,0.9256419888163173
14,EHCO,7.0,0.0,0.9272874323979645
14,EHCO,9.0,0.0,0.928781995839962
14,EHCO,11.0,0.0,0.9301330194022198
14,EHCO,13.0,0.0,0.9313475318963736
14,EHCO,15.0,0.0,0.9324322632921145
14,EHCO,17.0,0.0,0.9333936568225563
14,EHCO,19.0,0.0,0.9342378806084012
14,EHCO,21.0,0.0,0.934970838819884
14,EHCO,23.0,0.0,0.935598182394731
14,EHCO,25.0,2.0,0.9361253193296527
14,EHCO,27.0,2.0,0.9365574245621974
14,EHCO,29.0,4.0,0.9368994494591354
14,EHCO,31.0,4.0,0.9371561309269058
14,EHCO,33.0,6.0,0.9373435086359734
14,EHCO,35.0,6.0,0.937362347374858
14,EHCO,37.0,8.0,0.9371771699868688
14,EHCO,39.0,8.0,0.9367993342152119
14,EHCO,41.0,8.0,0.9362396968006169
14,EHCO,43.0,8.0,0.9355086340519112
14,EHCO,45.0,8.0,0.9346160615944685
14,EHCO,47.0,8.0,0.9335714533290352
14,EHCO,49.0,10.0,0.9323838596321555
14,EHCO,51.0,10.0,0.9310619248281906
14,EHCO,53.0,10.0,0.9296139039617463
14,EHCO,55.0,10.0,0.9280476788981846
14,EHCO,57.0,12.0,0.9263707737788135
14,EHCO,59.0,12.0,0.9245903698562928
14,EHCO,61.0,12.0,0.9227133197347956
14,EHCO,63.0,12.0,0.9207904944391653
14,EHCO,65.0,12.0,0.9189564670525749
14,EHCO,67.0,14.000000000000002,0.9172076899017906
14,EHCO,69.0,18.0,0.9155307217615383
14,EHCO,71.0,20.0,0.9138934337507288
14,EHCO,73.0,20.0,0.9122946950954475
14,EHCO,75.0,22.0,0.9107334123428026
14,EHCO,77.0,22.0,0.9092085280131746
14,EHCO,79.0,24.0,0.9077190193034141
14,EHCO,81.0,26.0,0.9062638968390208
14,EHCO,83.0,26.0,0.9048422034734148
14,EHCO,85.0,26.0,0.9034530131324835
14,EHCO,87.0,28.000000000000004,0.9020954297026573
14,EHCO,89.0,28.000000000000004,0.9007685859608363
14,EHCO,91.0,28.000000000000004,0.8994716425445559
14,EHCO,93.0,30.0,0.898203786960842
14,EHCO,95.0,30.0,0.8969642326322649
14,EHCO,97.0,30.0,0.8957362762981527
14,EHCO,99.0,32.0,0.8943998446636875
14,EHCO,101.0,32.0,0.8929617767107401
14,EHCO,103.0,32.0,0.8914286004275553
14,EHCO,105.0,32.0,0.8898065457147659
14,EHCO,107.0,34.0,0.8881015567734389
14,EHCO,109.0,34.0,0.8863193039956702
14,EHCO,111.0,34.0,0.8844651953774285
14,EHCO,113.0,34.0,0.8825443874725812
14,EHCO,115.0,34.0,0.8805617959062794
14,EHCO,117.0,34.0,0.8785221054651751
14,EHCO,119.0,34.0,0.8764297797812444
14,EHCO,121.0,36.0,0.8742890706253345
14,EHCO,123.0,36.0,0.872104026825918
14,EHCO,125.0,36.0,0.8698785028279256
14,EHCO,127.0,36.0,0.8676161669059419
14,EHCO,129.0,38.0,0.8653205090454886
14,EHCO,131.0,40.0,0.8629948485055745
14,EHCO,133.0,40.0,0.8606423410751751
14,EHCO,135.0,42.0,0.8582659860358047
14,EHCO,137.0,44.0,0.8558686328418623
14,EHCO,139.0,46.0,0.8534529875299737
14,EHCO,141.0,46.0,0.8510216188681093
14,EHCO,143.0,46.0,0.8486954383535403
14,EHCO,145.0,46.0,0.8465093566900511
14,EHCO,147.0,48.0,0.8444573381300117
14,EHCO,149.0,50.0,0.8425104787084892
14,EHCO,151.0,52.0,0.840656804235483
14,EHCO,153.0,52.0,0.8388924695692177
14,EHCO,155.0,52.0,0.8372137825060962
14,EHCO,157.0,54.0,0.8356171977578283
14,EHCO,159.0,56.00000000000001,0.8340993111650911
14,EHCO,161.0,56.00000000000001,0.8326568541384394
14,EHCO,163.0,56.00000000000001,0.8312866883175482
14,EHCO,165.0,56.00000000000001,0.8299858004402175
14,EHCO,167.0,56.00000000000001,0.8287512974129124
14,EHCO,169.0,56.00000000000001,0.8275804015749245
14,EHCO,171.0,56.00000000000001,0.8264781291175622
14,EHCO,173.0,56.00000000000001,0.8253443316273442
14,EHCO,175.0,56.00000000000001,0.8241423124264067
14,EHCO,177.0,56.00000000000001,0.8228766049698006
14,EHCO,179.0,56.00000000000001,0.821551534170403
14,EHCO,181.0,56.00000000000001,0.8201712250873383
14,EHCO,183.0,57.99999999999999,0.8187396112651677
14,EHCO,185.0,60.0,0.8172604427376868
14,EHCO,187.0,62.0,0.8157372937096266
14,EHCO,189.0,64.0,0.8141735699290229
14,EHCO,191.0,64.0,0.8125725157625285
14,EHCO,193.0,66.0,0.8109372209854426
14,EHCO,195.0,66.0,0.8092706272977844
14,EHCO,197.0,68.0,0.8075755345772783
14,EHCO,199.0,70.0,0.805854606879697
14,EHCO,201.0,70.0,0.8040995889994746
14,EHCO,203.0,70.0,0.8022817291764641
14,EHCO,205.0,70.0,0.8004059205332053
14,EHCO,207.0,72.0,0.7984766559954185
14,EHCO,209.0,74.0,0.796498046292042
14,EHCO,211.0,74.0,0.7944738372393262
14,EHCO,213.0,74.0,0.7924078486929634
14,EHCO,215.0,74.0,0.7903037170869882
14,EHCO,217.0,74.0,0.7881649031842257
14,EHCO,219.0,74.0,0.7859946995135207
14,EHCO,221.0,74.0,0.7837962375061859
14,EHCO,223.0,74.0,0.7815724943436196
14,EHCO,225.0,74.0,0.7793262995275684
14,EHCO,227.0,76.0,0.7770603411840595
14,EHCO,229.0,76.0,0.7747771721115959
14,EHCO,231.0,76.0,0.7724792155837809
14,EHCO,233.0,76.0,0.770168770916148
14,EHCO,235.0,76.0,0.7678480188065786
14,EHCO,237.0,76.0,0.7655190301845832
14,EHCO,239.0,80.0,0.7631837712809934
14,EHCO,241.0,80.0,0.7608441041154793
14,EHCO,243.0,80.0,0.7585017909503162
14,EHCO,245.0,80.0,0.7561584986453352
14,EHCO,247.0,80.0,0.7538158028347343
14,EHCO,249.0,84.0,0.7514751919328564
14,EHCO,251.0,84.0,0.7491380709757648
14,EHCO,253.0,84.0,0.746805765305172
14,EHCO,255.0,84.0,0.7444795241010226
14,EHCO,257.0,84.0,0.742160722243677
14,EHCO,259.0,84.0,0.7398505185782119
14,EHCO,261.0,88.0,0.7375499372212803
14,EHCO,263.0,88.0,0.73525993961133
14,EHCO,265.0,88.0,0.732981427339387
14,EHCO,267.0,90.0,0.7307152448626402
14,EHCO,269.0,90.0,0.7284621821055275
14,EHCO,271.0,94.0,0.7262229769528356
14,EHCO,273.0,96.0,0.723998317639148
14,EHCO,275.0,98.0,0.7217888450388049
14,EHCO,277.0,98.0,0.7195951548603727
14,EHCO,279.0,98.0,0.717417799749462
14,EHCO,281.0,100.0,0.7152572913035815
14,EHCO,283.0,100.0,0.7131141020025712
14,EHCO,285.0,100.0,0.710988667058012
14,EHCO,287.0,100.0,0.7088813861848811
14,EHCO,289.0,100.0,0.7067926252985869
14,EHCO,291.0,100.0,0.7047227181403972
14,EHCO,293.0,100.0,0.7026719678341518
14,EHCO,295.0,100.0,0.700640648377038
14,EHCO,297.0,100.0,0.6986290060670953
14,EHCO,299.0,100.0,0.6966372608700104
14,EHCO,301.0,100.0,0.6946656077276633
14,EHCO,303.0,100.0,0.6927142178107849
14,EHCO,305.0,100.0,0.690783239717994
14,EHCO,307.0,100.0,0.6888728006233918
14,EHCO,309.0,100.0,0.6869830073748042
14,EHCO,311.0,100.0,0.6851139475446797
14,EHCO,313.0,100.0,0.6832656904355715
14,EHCO,315.0,100.0,0.6814382880420534
14,EHCO,317.0,100.0,0.679631775970847
14,EHCO,319.0,100.0,0.6778461743208672
14,EHCO,321.0,100.0,0.6760814885248243
14,EHCO,323.0,100.0,0.6743377101539546
14,EHCO,325.0,100.0,0.6726148176873902
14,EHCO,327.0,100.0,0.6709127772476188
14,EHCO,329.0,100.0,0.6692315433034235
14,EHCO,331.0,100.0,0.6675710593416408
14,EHCO,333.0,100.0,0.6659312585090187
14,EHCO,335.0,100.0,0.664312064225406
14,EHCO,337.0,100.0,0.6627133907694572
14,EHCO,339.0,100.0,0.6611351438379856
14,EHCO,341.0,100.0,0.6595772210800541
14,EHCO,343.0,100.0,0.6580395126068537
14,EHCO,345.0,100.0,0.656521901478366
14,EHCO,347.0,100.0,0.6550242641677814
14,EHCO,349.0,100.0,0.6535464710045926
14,EHCO,351.0,100.0,0.652088386597253
14,EHCO,353.0,100.0,0.6506498702362521
14,EHCO,355.0,100.0,0.6492307762784258
14,EHCO,357.0,100.0,0.6478309545132868
14,EHCO,359.0,100.0,0.6464502505121267
14,EHCO,361.0,100.0,0.6450885059606161
14,EHCO,363.0,100.0,0.6437455589755929
14,EHCO,365.0,100.0,0.6424212444067079
14,EHCO,367.0,100.0,0.6411153941235644
14,EHCO,369.0,100.0,0.6398278372889662
14,EHCO,371.0,100.0,0.6385584006188614
14,EHCO,373.0,100.0,0.6373069086295483
14,EHCO,375.0,100.0,0.6360731838726833
14,EHCO,377.0,100.0,0.6348570471586119
14,EHCO,379.0,100.0,0.6336583177685204
14,EHCO,381.0,100.0,0.6324768136558885
14,EHCO,383.0,100.0,0.6313123516376997
14,EHCO,385.0,100.0,0.6301647475758517
14,EHCO,387.0,100.0,0.6290338165491879
14,EHCO,389.0,100.0,0.6279193730165572
14,EHCO,391.0,100.0,0.6268212309712881
14,EHCO,393.0,100.0,0.6257392040874528
14,EHCO,395.0,100.0,0.6246731058582774
14,EHCO,397.0,100.0,0.6236227497270407
14,EHCO,399.0,100.0,0.6225879492107927
14,EHCO,401.0,100.0,0.6215685180172074
14,EHCO,403.0,100.0,0.6205642701548701
14,EHCO,405.0,100.0,0.6195750200372948
14,EHCO,407.0,100.0,0.6186005825809437
14,EHCO,409.0,100.0,0.617640773297521
14,EHCO,411.0,100.0,0.6166954083807926
14,EHCO,413.0,100.0,0.6157643047881806
14,EHCO,415.0,100.0,0.6148472803173642
14,EHCO,417.0,100.0,0.6139441536781165
14,EHCO,419.0,100.0,0.6130547445595884
14,EHCO,421.0,100.0,0.612178873693252
14,EHCO,423.0,100.0,0.6113163629116971
14,EHCO,425.0,100.0,0.6104670352034752
14,EHCO,427.0,100.0,0.6096307147641702
14,EHCO,429.0,100.0,0.608807227043873
14,EHCO,431.0,100.0,0.6079963987912255
14,EHCO,433.0,100.0,0.6071980580941958
14,EHCO,435.0,100.0,0.606412034417738
14,EHCO,437.0,100.0,0.6056381586384834
14,EHCO,439.0,100.0,0.604876263076604
14,EHCO,441.0,100.0,0.6041261815249855
14,EHCO,443.0,100.0,0.6033877492758362
14,EHCO,445.0,100.0,0.6026608031448577
14,EHCO,447.0,100.0,0.6019451814930965
14,EHCO,449.0,100.0,0.6012407242465881
14,EHCO,451.0,100.0,0.6005472729139046
14,EHCO,453.0,100.0,0.5998646706017091
14,A*-GA,1.0,0.0,0.9218674636429771
14,A*-GA,3.0,0.0,0.9238380002589782
14,A*-GA,5.0,0.0,0.9256419888163173
14,A*-GA,7.0,0.0,0.9272874323979645
14,A*-GA,9.0,0.0,0.928781995839962
14,A*-GA,11.0,0.0,0.9301330194022198
14,A*-GA,13.0,0.0,0.9313475318963736
14,A*-GA,15.0,0.0,0.9324204313137112
14,A*-GA,17.0,0.0,0.9332344862066522
14,A*-GA,19.0,0.0,0.9338034279936405
14,A*-GA,21.0,0.0,0.9341403902898209
14,A*-GA,23.0,0.0,0.9342579333359475
14,A*-GA,25.0,0.0,0.9341680674527998
14,A*-GA,27.0,0.0,0.9340191694552906
14,A*-GA,29.0,2.0,0.9338595875199771
14,A*-GA,31.0,6.0,0.9336900139126036
14,A*-GA,33.0,6.0,0.9334766504695821
14,A*-GA,35.0,6.0,0.933210773209049
14,A*-GA,37.0,8.0,0.9328954429201626
14,A*-GA,39.0,8.0,0.9325335837781298
14,A*-GA,41.0,8.0,0.9321279889769218
14,A*-GA,43.0,12.0,0.9316813261365018
14,A*-GA,45.0,12.0,0.9311961424934833
14,A*-GA,47.0,14.000000000000002,0.9306748698837901
14,A*-GA,49.0,14.000000000000002,0.93011982952555
14,A*-GA,51.0,16.0,0.9295332366101285
14,A*-GA,53.0,16.0,0.9289172047089009
14,A*-GA,55.0,18.0,0.9282737500030573
14,A*-GA,57.0,18.0,0.9276047953434546
14,A*-GA,59.0,18.0,0.9269236826241742
14,A*-GA,61.0,18.0,0.9261285904776828
14,A*-GA,63.0,20.0,0.9251815627370709
14,A*-GA,65.0,20.0,0.9240915809837805
14,A*-GA,67.0,20.0,0.922867224517992
14,A*-GA,69.0,22.0,0.9215166869653975
14,A*-GA,71.0,22.0,0.9200477922188521
14,A*-GA,73.0,24.0,0.9184680097412221
14,A*-GA,75.0,26.0,0.9167844692547095
14,A*-GA,77.0,26.0,0.9150039748409412
14,A*-GA,79.0,26.0,0.9131330184751524
14,A*-GA,81.0,26.0,0.9111777930168757
14,A*-GA,83.0,26.0,0.909144204678664
14,A*-GA,85.0,26.0,0.9070812831002484
14,A*-GA,87.0,26.0,0.9051200531897301
14,A*-GA,89.0,26.0,0.9032563797114981
14,A*-GA,91.0,28.000000000000004,0.9014771624624442
14,A*-GA,93.0,28.000000000000004,0.89975232482126
14,A*-GA,95.0,28.000000000000004,0.8980799826950674
14,A*-GA,97.0,28.000000000000004,0.8964583217845142
14,A*-GA,99.0,30.0,0.894885594913871
14,A*-GA,101.0,30.0,0.8933601194647409
14,A*-GA,103.0,30.0,0.8918802749093403
14,A*-GA,105.0,30.0,0.8904445004394573
14,A*-GA,107.0,30.0,0.8890512926873569
14,A*-GA,109.0,32.0,0.8876820120557436
14,A*-GA,111.0,32.0,0.8862172472275736
14,A*-GA,113.0,38.0,0.8846632044586775
14,A*-GA,115.0,40.0,0.8830258058674315
14,A*-GA,117.0,40.0,0.8813107012535819
14,A*-GA,119.0,40.0,0.8795232794423099
14,A*-GA,121.0,40.0,0.8776686791723437
14,A*-GA,123.0,40.0,0.8757517995461883
14,A*-GA,125.0,40.0,0.8737773100598247
14,A*-GA,127.0,40.0,0.8717496602285546
14,A*-GA,129.0,40.0,0.8696730888250019
14,A*-GA,131.0,40.0,0.8675516327446574
14,A*-GA,133.0,40.0,0.8653891355137434
14,A*-GA,135.0,42.0,0.863189255453593
14,A*-GA,137.0,42.0,0.860955473515181
14,A*-GA,139.0,42.0,0.8586911007969015
14,A*-GA,141.0,42.0,0.8565196534016598
14,A*-GA,143.0,42.0,0.8544772136481447
14,A*-GA,145.0,44.0,0.8525582363753081
14,A*-GA,147.0,46.0,0.8507342883461511
14,A*-GA,149.0,48.0,0.8489938470257815
14,A*-GA,151.0,48.0,0.8473335006096298
14,A*-GA,153.0,48.0,0.845749972638634
14,A*-GA,155.0,48.0,0.8442401166730781
14,A*-GA,157.0,50.0,0.8428009111755549
14,A*-GA,159.0,50.0,0.8414294545948544
14,A*-GA,161.0,50.0,0.8401229606428864
14,A*-GA,163.0,50.0,0.8388787537570667
14,A*-GA,165.0,56.00000000000001,0.8376942647408884
14,A*-GA,167.0,57.99999999999999,0.8365670265756862
14,A*-GA,169.0,57.99999999999999,0.8354946703968748
14,A*-GA,171.0,60.0,0.8344749216282097
14,A*-GA,173.0,60.0,0.8335055962678661
14,A*-GA,175.0,60.0,0.8325922802893843
14,A*-GA,177.0,60.0,0.8316336362437684
14,A*-GA,179.0,60.0,0.8305930425582848
14,A*-GA,181.0,60.0,0.8294756845629753
14,A*-GA,183.0,60.0,0.8282865115995892
14,A*-GA,185.0,60.0,0.8270302468176711
14,A*-GA,187.0,60.0,0.8257113965774512
14,A*-GA,189.0,60.0,0.8243342594751135
14,A*-GA,191.0,60.0,0.8229029350053977
14,A*-GA,193.0,60.0,0.8214213318759055
14,A*-GA,195.0,60.0,0.8198931759869146
14,A*-GA,197.0,60.0,0.818322018089961
14,A*-GA,199.0,62.0,0.8167112411379241
14,A*-GA,201.0,62.0,0.8150532781417331
14,A*-GA,203.0,62.0,0.8133200361216827
14,A*-GA,205.0,66.0,0.811516781911738
14,A*-GA,207.0,66.0,0.8096485374877452
14,A*-GA,209.0,66.0,0.8077200902052376
14,A*-GA,211.0,66.0,0.8057362594531887
14,A*-GA,213.0,66.0,0.8037014668238014
14,A*-GA,215.0,68.0,0.8016197540265317
14,A*-GA,217.0,68.0,0.7994948000894102
14,A*-GA,219.0,70.0,0.7973303602315135
14,A*-GA,221.0,72.0,0.7951300083252002
14,A*-GA,223.0,72.0,0.7928971445727763
14,A*-GA,225.0,74.0,0.7906350028727074
14,A*-GA,227.0,74.0,0.7883466578877151
14,A*-GA,229.0,74.0,0.7860350318266
14,A*-GA,231.0,74.0,0.7837029009511723
14,A*-GA,233.0,76.0,0.7813529018192203
14,A*-GA,235.0,76.0,0.7789875372740128
14,A*-GA,237.0,78.0,0.7766091821904257
14,A*-GA,239.0,78.0,0.7742200889873737
14,A*-GA,241.0,78.0,0.7718223929158546
14,A*-GA,243.0,78.0,0.7694181174124128
14,A*-GA,245.0,78.0,0.7670091831911359
14,A*-GA,247.0,80.0,0.7645974112304523
14,A*-GA,249.0,80.0,0.7621845239948305
14,A*-GA,251.0,80.0,0.7597721497470096
14,A*-GA,253.0,80.0,0.7573618266836659
14,A*-GA,255.0,80.0,0.7549550069015624
14,A*-GA,257.0,82.0,0.7525530602009518
14,A*-GA,259.0,86.0,0.7501572777327381
14,A*-GA,261.0,86.0,0.747768875495638
14,A*-GA,263.0,86.0,0.7453889976893457
14,A*-GA,265.0,86.0,0.7430187199294592
14,A*-GA,267.0,86.0,0.7406590523297031
14,A*-GA,269.0,86.0,0.7383109424567625
14,A*-GA,271.0,86.0,0.7359752781628334
14,A*-GA,273.0,88.0,0.733652890300789
14,A*-GA,275.0,88.0,0.7313445553266745
14,A*-GA,277.0,88.0,0.7290509977940489
14,A*-GA,279.0,90.0,0.7267728927445184
14,A*-GA,281.0,90.0,0.7245108679986312
14,A*-GA,283.0,90.0,0.7222655063511412
14,A*-GA,285.0,92.0,0.7200373476744848
14,A*-GA,287.0,94.0,0.7178268909341676
14,A*-GA,289.0,96.0,0.7156347392477742
14,A*-GA,291.0,96.0,0.7134613524277036
14,A*-GA,293.0,98.0,0.7113071055923526
14,A*-GA,295.0,98.0,0.7091723407767873
14,A*-GA,297.0,100.0,0.7070573685341843
14,A*-GA,299.0,100.0,0.7049624694694285
14,A*-GA,301.0,100.0,0.7028878957076137
14,A*-GA,303.0,100.0,0.7008338723000814
14,A*-GA,305.0,100.0,0.6988005985705269
14,A*-GA,307.0,100.0,0.6967882494036043
14,A*-GA,309.0,100.0,0.6947969764783634
14,A*-GA,311.0,100.0,0.6928269094487577
14,A*-GA,313.0,100.0,0.6908781570733774
14,A*-GA,315.0,100.0,0.6889508082964705
14,A*-GA,317.0,100.0,0.6870449332822373
14,A*-GA,319.0,100.0,0.685160584404302
14,A*-GA,321.0,100.0,0.683297797192191
14,A*-GA,323.0,100.0,0.6814565912365712
14,A*-GA,325.0,100.0,0.6796369710549371
14,A*-GA,327.0,100.0,0.677838926919363
14,A*-GA,329.0,100.0,0.6760624356478744
14,A*-GA,331.0,100.0,0.6743074613609311
14,A*-GA,333.0,100.0,0.6725739562044543
14,A*-GA,335.0,100.0,0.6708618610407708
14,A*-GA,337.0,100.0,0.6691711061087976
14,A*-GA,339.0,100.0,0.66750161165473
14,A*-GA,341.0,100.0,0.6658532885344538
14,A*-GA,343.0,100.0,0.6642260387888463
14,A*-GA,345.0,100.0,0.6626197561930885
14,A*-GA,347.0,100.0,0.6610343267810644
14,A*-GA,349.0,100.0,0.6594696293458807
14,A*-GA,351.0,100.0,0.6579255359174966
14,A*-GA,353.0,100.0,0.6564019122184179
14,A*-GA,355.0,100.0,0.6548986180983679
14,A*-GA,357.0,100.0,0.6534155079488101
14,A*-GA,359.0,100.0,0.6519524310981673
14,A*-GA,361.0,100.0,0.6505092321885425
14,A*-GA,363.0,100.0,0.649085751534717
14,A*-GA,365.0,100.0,0.6476818254661716
14,A*-GA,367.0,100.0,0.6462972866528405
14,A*-GA,369.0,100.0,0.6449319644152886
14,A*-GA,371.0,100.0,0.6435856850199647
14,A*-GA,373.0,100.0,0.6422582719601653
14,A*-GA,375.0,100.0,0.6409495462233107
14,A*-GA,377.0,100.0,0.639659326545118
14,A*-GA,379.0,100.0,0.6383874296512262
14,A*-GA,381.0,100.0,0.6371336704868085
14,A*-GA,383.0,100.0,0.6358978624346853
14,A*-GA,385.0,100.0,0.6346798175224299
14,A*-GA,387.0,100.0,0.6334793466189397
14,A*-GA,389.0,100.0,0.6322962596209255
14,A*-GA,391.0,100.0,0.6311303656297539
14,A*-GA,393.0,100.0,0.6299814731190593
14,A*-GA,395.0,100.0,0.6288493900935257
14,A*-GA,397.0,100.0,0.6277339242392234
14,A*-GA,399.0,100.0,0.6266348830658653
14,A*-GA,401.0,100.0,0.6255520740413396
14,A*-GA,403.0,100.0,0.6244853047188544
14,A*-GA,405.0,100.0,0.6234343828570207
14,A*-GA,407.0,100.0,0.6223991165331835
14,A*-GA,409.0,100.0,0.6213793142503019
14,A*-GA,411.0,100.0,0.6203747850376624
14,A*-GA,413.0,100.0,0.6193853385457002
14,A*-GA,415.0,100.0,0.6184107851351931
14,A*-GA,417.0,100.0,0.6174509359610779
14,A*-GA,419.0,100.0,0.6165056030511347
14,A*-GA,421.0,100.0,0.6155745993797673
14,A*-GA,423.0,100.0,0.6146577389371044
14,A*-GA,425.0,100.0,0.6137548367936343
14,A*-GA,427.0,100.0,0.6128657091605764
14,A*-GA,429.0,100.0,0.6119901734461863
14,A*-GA,431.0,100.0,0.6111280483081825
14,A*-GA,433.0,100.0,0.610279153702472
14,A*-GA,435.0,100.0,0.6094433109283505
14,A*-GA,437.0,100.0,0.6086203426703399
14,A*-GA,439.0,100.0,0.6078100730368218
14,A*-GA,441.0,100.0,0.6070123275956186
14,A*-GA,443.0,100.0,0.6062269334066682
14,A*-GA,445.0,100.0,0.6054537190519295
14,A*-GA,447.0,100.0,0.6046925146626532
14,A*-GA,449.0,100.0,0.603943151944146
14,A*-GA,451.0,100.0,0.6032054641981484
14,A*-GA,453.0,100.0,0.6024792863429435
14,A*-GA,455.0,100.0,0.6017644549313115
14,A*-GA,457.0,100.0,0.6010608081664335
14,A*-GA,459.0,100.0,0.6003681859158484
14,A*-GA,461.0,100.0,0.5996864297235625
15,EHCO,1.0,0.0,0.9823149913872739
15,EHCO,3.0,0.0,0.9819141842283249
15,EHCO,5.0,0.0,0.9814280243488751
15,EHCO,7.0,0.0,0.9807371907091753
15,EHCO,9.0,0.0,0.9798534051678267
15,EHCO,11.0,0.0,0.9787878687049026
15,EHCO,13.0,0.0,0.977551282864682
15,EHCO,15.0,0.0,0.9761538703405139
15,EHCO,17.0,0.0,0.9746053947357468
15,EHCO,19.0,0.0,0.9729151795333104
15,EHCO,21.0,0.0,0.9710921263052673
15,EHCO,23.0,2.0,0.9691447321924074
15,EHCO,25.0,2.0,0.9670811066827821
15,EHCO,27.0,2.0,0.9650458816126218
15,EHCO,29.0,2.0,0.9630838098730287
15,EHCO,31.0,4.0,0.9611921322191616
15,EHCO,33.0,4.0,0.9593337370662924
15,EHCO,35.0,4.0,0.9574967196392248
15,EHCO,37.0,4.0,0.9556810873149454
15,EHCO,39.0,4.0,0.9538868331975516
15,EHCO,41.0,4.0,0.9521021049308979
15,EHCO,43.0,4.0,0.9502031947309034
15,EHCO,45.0,6.0,0.9481976207890541
15,EHCO,47.0,6.0,0.9460925561318589
15,EHCO,49.0,6.0,0.9438948429917924
15,EHCO,51.0,8.0,0.9416110066007483
15,EHCO,53.0,8.0,0.9392472684288825
15,EHCO,55.0,8.0,0.9368095588908275
15,EHCO,57.0,8.0,0.9343035295403913
15,EHCO,59.0,8.0,0.9317345647740249
15,EHCO,61.0,10.0,0.92910779306254
15,EHCO,63.0,14.000000000000002,0.9264280977297924
15,EHCO,65.0,18.0,0.9237001272963098
15,EHCO,67.0,20.0,0.9209283054051312
15,EHCO,69.0,20.0,0.918116840346448
15,EHCO,71.0,20.0,0.9152697341969803
15,EHCO,73.0,22.0,0.9123907915893926
15,EHCO,75.0,22.0,0.909483628126454
15,EHCO,77.0,24.0,0.9065516784540637
15,EHCO,79.0,24.0,0.9035982040067063
15,EHCO,81.0,26.0,0.900751154762808
15,EHCO,83.0,26.0,0.8980477196676944
15,EHCO,85.0,28.000000000000004,0.8954819120096751
15,EHCO,87.0,28.000000000000004,0.8930248728704699
15,EHCO,89.0,28.000000000000004,0.8906646692967665
15,EHCO,91.0,28.000000000000004,0.8883974937455493
15,EHCO,93.0,28.000000000000004,0.8862196881390911
15,EHCO,95.0,28.000000000000004,0.8841277380003981
15,EHCO,97.0,28.000000000000004,0.8821182668187323
15,EHCO,99.0,28.000000000000004,0.8801880306361853
15,EHCO,101.0,30.0,0.8783339128466309
15,EHCO,103.0,30.0,0.8765529191987247
15,EHCO,105.0,32.0,0.8748421729949467
15,EHCO,107.0,32.0,0.8731989104789952
15,EHCO,109.0,36.0,0.8716204764041434
15,EHCO,111.0,36.0,0.8701043197754597
15,EHCO,113.0,38.0,0.8686479897590693
15,EHCO,115.0,40.0,0.8672298415371366
15,EHCO,117.0,40.0,0.8657321467044814
15,EHCO,119.0,40.0,0.8641602545499792
15,EHCO,121.0,40.0,0.86251926767399
15,EHCO,123.0,40.0,0.8608140522747588
15,EHCO,125.0,40.0,0.8590492480212212
15,EHCO,127.0,40.0,0.8572292775286012
15,EHCO,129.0,42.0,0.8553583554525512
15,EHCO,131.0,42.0,0.8534404972169573
15,EHCO,133.0,42.0,0.85147952738994
15,EHCO,135.0,44.0,0.8494790877220086
15,EHCO,137.0,44.0,0.8474426448597716
15,EHCO,139.0,44.0,0.8453734977480877
15,EHCO,141.0,46.0,0.8432747847330225
15,EHCO,143.0,46.0,0.8411494903774966
15,EHCO,145.0,46.0,0.8390004520010382
15,EHCO,147.0,48.0,0.8368303659546057
15,EHCO,149.0,48.0,0.8346417936410092
15,EHCO,151.0,48.0,0.8325539590783401
15,EHCO,153.0,50.0,0.8306013340451832
15,EHCO,155.0,52.0,0.8287780253093137
15,EHCO,157.0,52.0,0.8270552663750086
15,EHCO,159.0,52.0,0.8254212156672243
15,EHCO,161.0,54.0,0.8238721559893688
15,EHCO,163.0,56.00000000000001,0.8224045185905641
15,EHCO,165.0,56.00000000000001,0.821014877313191
15,EHCO,167.0,57.99999999999999,0.8196999429703477
15,EHCO,169.0,57.99999999999999,0.8184565579441924
15,EHCO,171.0,57.99999999999999,0.817281690996508
15,EHCO,173.0,60.0,0.816172432283155
15,EHCO,175.0,62.0,0.8151259885644121
15,EHCO,177.0,62.0,0.8141396786035182
15,EHCO,179.0,62.0,0.8132109287460272
15,EHCO,181.0,62.0,0.8123449516418825
15,EHCO,183.0,62.0,0.8114431338414859
15,EHCO,185.0,62.0,0.8104693095392206
15,EHCO,187.0,62.0,0.80942807280552
15,EHCO,189.0,64.0,0.8083238082429333
15,EHCO,191.0,64.0,0.8071606996868576
15,EHCO,193.0,64.0,0.8059427385569543
15,EHCO,195.0,64.0,0.8046737318730837
15,EHCO,197.0,64.0,0.8033573099490487
15,EHCO,199.0,64.0,0.8019969337769163
15,EHCO,201.0,66.0,0.8005851129170566
15,EHCO,203.0,66.0,0.7990938294819254
15,EHCO,205.0,66.0,0.7975284239719878
15,EHCO,207.0,66.0,0.7958939906347304
15,EHCO,209.0,66.0,0.7941953877324776
15,EHCO,211.0,68.0,0.7924372473973615
15,EHCO,213.0,70.0,0.7906239850898139
15,EHCO,215.0,72.0,0.788760065504313
15,EHCO,217.0,72.0,0.7868495720212371
15,EHCO,219.0,74.0,0.784896223931829
15,EHCO,221.0,74.0,0.7829033929781934
15,EHCO,223.0,74.0,0.7808745415910759
15,EHCO,225.0,76.0,0.778812964742986
15,EHCO,227.0,78.0,0.7767217970403097
15,EHCO,229.0,78.0,0.7746040195285602
15,EHCO,231.0,78.0,0.7724624662221619
15,EHCO,233.0,78.0,0.7702998303697153
15,EHCO,235.0,82.0,0.768118670465258
15,EHCO,237.0,82.0,0.7659214160156216
15,EHCO,239.0,82.0,0.7637103742699044
15,EHCO,241.0,82.0,0.7614877400566049
15,EHCO,243.0,82.0,0.7592555956735278
15,EHCO,245.0,82.0,0.7570159148297066
15,EHCO,247.0,84.0,0.7547705673499464
15,EHCO,249.0,84.0,0.7525213236874608
15,EHCO,251.0,86.0,0.7502698592522504
15,EHCO,253.0,86.0,0.7480177585625721
15,EHCO,255.0,86.0,0.7457665192265568
15,EHCO,257.0,86.0,0.7435175557607533
15,EHCO,259.0,88.0,0.7412722032521109
15,EHCO,261.0,88.0,0.7390317208696525
15,EHCO,263.0,88.0,0.7367972952318471
15,EHCO,265.0,88.0,0.7345700436354471
15,EHCO,267.0,88.0,0.7323510171513359
15,EHCO,269.0,90.0,0.7301412035927041
15,EHCO,271.0,90.0,0.7279415303606662
15,EHCO,273.0,90.0,0.7257528671722289
15,EHCO,275.0,92.0,0.723576028675323
15,EHCO,277.0,92.0,0.7214117769554289
15,EHCO,279.0,92.0,0.7192608239381447
15,EHCO,281.0,92.0,0.7171238336918729
15,EHCO,283.0,92.0,0.7150014246346369
15,EHCO,285.0,92.0,0.7128941716488807
15,EHCO,287.0,92.0,0.7108026081079515
15,EHCO,289.0,94.0,0.7087272278178167
15,EHCO,291.0,94.0,0.7066684868774312
15,EHCO,293.0,94.0,0.7046268054610264
15,EHCO,295.0,94.0,0.7026025695254748
15,EHCO,297.0,94.0,0.700596132445746
15,EHCO,299.0,94.0,0.698607816581362
15,EHCO,301.0,94.0,0.6966379147766328
15,EHCO,303.0,96.0,0.6946866917973555
15,EHCO,305.0,96.0,0.6927543857065407
15,EHCO,307.0,96.0,0.690841209181639
15,EHCO,309.0,96.0,0.6889473507756346
15,EHCO,311.0,96.0,0.6870729761242826
15,EHCO,313.0,96.0,0.6852182291016762
15,EHCO,315.0,96.0,0.68338323292624
15,EHCO,317.0,96.0,0.6815680912191671
15,EHCO,319.0,96.0,0.6797728890172303
15,EHCO,321.0,96.0,0.6779976937418308
15,EHCO,323.0,96.0,0.6762425561260625
15,EHCO,325.0,96.0,0.6745075111015076
15,EHCO,327.0,96.0,0.6727925786464063
15,EHCO,329.0,96.0,0.6710977645967807
15,EHCO,331.0,96.0,0.6694230825042355
15,EHCO,333.0,96.0,0.6677685719661757
15,EHCO,335.0,98.0,0.6661341941332319
15,EHCO,337.0,98.0,0.664519899242746
15,EHCO,339.0,98.0,0.6629256272524673
15,EHCO,341.0,98.0,0.6613513084459929
15,EHCO,343.0,98.0,0.6597968640111136
15,EHCO,345.0,98.0,0.6582622065921868
15,EHCO,347.0,98.0,0.656747240817606
15,EHCO,349.0,98.0,0.6552518638034005
15,EHCO,351.0,98.0,0.6537759656339521
15,EHCO,353.0,98.0,0.6523194298207791
15,EHCO,355.0,98.0,0.6508821337402994
15,EHCO,357.0,98.0,0.649463949051445
15,EHCO,359.0,98.0,0.6480647420939711
15,EHCO,361.0,98.0,0.6466843742682614
15,EHCO,363.0,98.0,0.6453227023974067
15,EHCO,365.0,98.0,0.6439795790722961
15,EHCO,367.0,98.0,0.6426548529804355
15,EHCO,369.0,100.0,0.6413483692191756
15,EHCO,371.0,100.0,0.6400599695940055
15,EHCO,373.0,100.0,0.6387894929025418
15,EHCO,375.0,100.0,0.6375367752048182
15,EHCO,377.0,100.0,0.6363016500804536
15,EHCO,379.0,100.0,0.6350839488732568
15,EHCO,381.0,100.0,0.6338835009238005
15,EHCO,383.0,100.0,0.6327001337904762
15,EHCO,385.0,100.0,0.6315336734595242
15,EHCO,387.0,100.0,0.6303839445445064
15,EHCO,389.0,100.0,0.6292507704756776
15,EHCO,391.0,100.0,0.6281339736796872
15,EHCO,393.0,100.0,0.6270333757500284
15,EHCO,395.0,100.0,0.6259487976086338
15,EHCO,397.0,100.0,0.6248800596590018
15,EHCO,399.0,100.0,0.6238269819312199
15,EHCO,401.0,100.0,0.6227893842192374
15,EHCO,403.0,100.0,0.621767086210727
15,EHCO,405.0,100.0,0.6207599076098582
15,EHCO,407.0,100.0,0.6197676682532941
15,EHCO,409.0,100.0,0.6187901882197093
15,EHCO,411.0,100.0,0.6178272879331164
15,EHCO,413.0,100.0,0.6168787882602723
15,EHCO,415.0,100.0,0.6159445106024322
15,EHCO,417.0,100.0,0.6150242769816978
15,EHCO,419.0,100.0,0.6141179101222058
15,EHCO,421.0,100.0,0.6132252335263867
15,EHCO,423.0,100.0,0.6123460715465153
15,EHCO,425.0,100.0,0.6114802494517689
15,EHCO,427.0,100.0,0.6106275934909934
15,EHCO,429.0,100.0,0.6097879309513766
15,EHCO,431.0,100.0,0.6089610902132141
15,EHCO,433.0,100.0,0.6081469008009485
15,EHCO,435.0,100.0,0.6073451934306532
15,EHCO,437.0,100.0,0.6065558000541285
15,EHCO,439.0,100.0,0.605778553899764
15,EHCO,441.0,100.0,0.6050132895103232
15,EHCO,443.0,100.0,0.6042598427777925
15,EHCO,445.0,100.0,0.6035180509754354
15,EHCO,447.0,100.0,0.6027877527871836
15,EHCO,449.0,100.0,0.6020687883344952
15,EHCO,451.0,100.0,0.6013609992007994
15,EHCO,453.0,100.0,0.6006642284536466
15,EHCO,455.0,100.0,0.5999783206646754
15,A*-GA,1.0,0.0,0.9823149913872739
15,A*-GA,3.0,0.0,0.9819141842283249
15,A*-GA,5.0,0.0,0.9814398563272784
15,A*-GA,7.0,0.0,0.9808963613250795
15,A*-GA,9.0,0.0,0.9802878577825875
15,A*-GA,11.0,0.0,0.9796183172349657
15,A*-GA,13.0,0.0,0.9788915319234653
15,A*-GA,15.0,0.0,0.9781111222173668
15,A*-GA,17.0,0.0,0.9772805437383424
15,A*-GA,19.0,0.0,0.9764030941990197
15,A*-GA,21.0,0.0,0.975481919967063
15,A*-GA,23.0,0.0,0.9745200223656418
15,A*-GA,25.0,0.0,0.9735202637207303
15,A*-GA,27.0,0.0,0.972485373165267
15,A*-GA,29.0,0.0,0.9714294606867411
15,A*-GA,31.0,0.0,0.9702514364288878
15,A*-GA,33.0,0.0,0.968914040695645
15,A*-GA,35.0,0.0,0.9674269179783573
15,A*-GA,37.0,0.0,0.9657992783458645
15,A*-GA,39.0,0.0,0.9640399154135793
15,A*-GA,41.0,0.0,0.9621572235923238
15,A*-GA,43.0,2.0,0.960159214645433
15,A*-GA,45.0,2.0,0.9580535335815095
15,A*-GA,47.0,2.0,0.955847473909139
15,A*-GA,49.0,4.0,0.9535479922788351
15,A*-GA,51.0,6.0,0.9511617225364911
15,A*-GA,53.0,8.0,0.9486949892116566
15,A*-GA,55.0,8.0,0.9461538204630409
15,A*-GA,57.0,8.0,0.9435439605027603
15,A*-GA,59.0,10.0,0.940870881520002
15,A*-GA,61.0,10.0,0.9381397951239555
15,A*-GA,63.0,10.0,0.9353556633250917
15,A*-GA,65.0,12.0,0.9325232090731037
15,A*-GA,67.0,14.000000000000002,0.9296469263691144
15,A*-GA,69.0,16.0,0.9267310899690536
15,A*-GA,71.0,16.0,0.9237797646944428
15,A*-GA,73.0,16.0,0.9207968143661887
15,A*-GA,75.0,16.0,0.9178286813270585
15,A*-GA,77.0,18.0,0.9150027117708139
15,A*-GA,79.0,18.0,0.9123131279488121
15,A*-GA,81.0,20.0,0.9097458587814153
15,A*-GA,83.0,20.0,0.9072710512893909
15,A*-GA,85.0,20.0,0.9048852089690015
15,A*-GA,87.0,20.0,0.9025849703225347
15,A*-GA,89.0,20.0,0.9003671035977654
15,A*-GA,91.0,20.0,0.8982285017331965
15,A*-GA,93.0,20.0,0.8961661775010163
15,A*-GA,95.0,20.0,0.894177258840026
15,A*-GA,97.0,20.0,0.8922589843710932
15,A*-GA,99.0,22.0,0.8904086990879815
15,A*-GA,101.0,24.0,0.8886238502166847
15,A*-GA,103.0,24.0,0.8869019832366635
15,A*-GA,105.0,24.0,0.8852407380576442
15,A*-GA,107.0,28.000000000000004,0.8836460674139719
15,A*-GA,109.0,30.0,0.8820124951922649
15,A*-GA,111.0,32.0,0.8803016659397858
15,A*-GA,113.0,32.0,0.8785189409656169
15,A*-GA,115.0,32.0,0.8766694327355085
15,A*-GA,117.0,32.0,0.8747580152706349
15,A*-GA,119.0,32.0,0.8727893341278863
15,A*-GA,121.0,32.0,0.8707678159782859
15,A*-GA,123.0,34.0,0.8686976777994698
15,A*-GA,125.0,34.0,0.8666241118611621
15,A*-GA,127.0,34.0,0.8646702298720472
15,A*-GA,129.0,36.0,0.8628309965694586
15,A*-GA,131.0,38.0,0.8610937252956344
15,A*-GA,133.0,38.0,0.8594311704436549
15,A*-GA,135.0,38.0,0.8578403246071924
15,A*-GA,137.0,38.0,0.8563182992028857
15,A*-GA,139.0,38.0,0.854862319799626
15,A*-GA,141.0,38.0,0.853469721631174
15,A*-GA,143.0,38.0,0.8521379452849208
15,A*-GA,145.0,38.0,0.8508645325598768
15,A*-GA,147.0,38.0,0.8496471224872506
15,A*-GA,149.0,40.0,0.8484834475072383
15,A*-GA,151.0,40.0,0.8473713297958944
15,A*-GA,153.0,44.0,0.8463086777361948
15,A*-GA,155.0,44.0,0.8452934825276336
15,A*-GA,157.0,44.0,0.8443051950362148
15,A*-GA,159.0,44.0,0.8432284174788512
15,A*-GA,161.0,44.0,0.8420687190900038
15,A*-GA,163.0,46.0,0.840831415950856
15,A*-GA,165.0,46.0,0.8395215814935646
15,A*-GA,167.0,48.0,0.8381440565839581
15,A*-GA,169.0,50.0,0.8367034591993763
15,A*-GA,171.0,50.0,0.8352041937176892
15,A*-GA,173.0,52.0,0.8336504598328993
15,A*-GA,175.0,52.0,0.8320462611121238
15,A*-GA,177.0,52.0,0.8303954132081741
15,A*-GA,179.0,52.0,0.8287015517413868
15,A*-GA,181.0,54.0,0.8269681398638212
15,A*-GA,183.0,54.0,0.8251984755184264
15,A*-GA,185.0,54.0,0.8233956984052789
15,A*-GA,187.0,54.0,0.8215627966665178
15,A*-GA,189.0,54.0,0.8198187265404641
15,A*-GA,191.0,54.0,0.8181981794249022
15,A*-GA,193.0,57.99999999999999,0.816695700665861
15,A*-GA,195.0,57.99999999999999,0.8152829453602198
15,A*-GA,197.0,57.99999999999999,0.8139484772038036
15,A*-GA,199.0,60.0,0.8126889685870523
15,A*-GA,201.0,60.0,0.8114587484051564
15,A*-GA,203.0,64.0,0.8101320070593877
15,A*-GA,205.0,64.0,0.8087149184567697
15,A*-GA,207.0,64.0,0.8072133748429685
15,A*-GA,209.0,64.0,0.8056329985040298
15,A*-GA,211.0,64.0,0.8039791529982786
15,A*-GA,213.0,64.0,0.8022569539369917
15,A*-GA,215.0,68.0,0.8004712793317208
15,A*-GA,217.0,70.0,0.7986267795254366
15,A*-GA,219.0,70.0,0.7967278867239918
15,A*-GA,221.0,70.0,0.7947788241437482
15,A*-GA,223.0,70.0,0.7927836147905906
15,A*-GA,225.0,70.0,0.7907460898849478
15,A*-GA,227.0,70.0,0.7886698969468673
15,A*-GA,229.0,72.0,0.7865585075546369
15,A*-GA,231.0,72.0,0.7844152247899091
15,A*-GA,233.0,72.0,0.7822431903817841
15,A*-GA,235.0,74.0,0.7800453915618025
15,A*-GA,237.0,74.0,0.7778247538197773
15,A*-GA,239.0,74.0,0.7755842265977122
15,A*-GA,241.0,76.0,0.7733263587866974
15,A*-GA,243.0,78.0,0.7710533132244428
15,A*-GA,245.0,78.0,0.7687673115081449
15,A*-GA,247.0,78.0,0.7664705447948478
15,A*-GA,249.0,80.0,0.7641650954471679
15,A*-GA,251.0,80.0,0.7618529391004994
15,A*-GA,253.0,80.0,0.7595359468620143
15,A*-GA,255.0,82.0,0.7572158898579574
15,A*-GA,257.0,82.0,0.7548944435951701
15,A*-GA,259.0,82.0,0.7525731921442498
15,A*-GA,261.0,84.0,0.7502536321514656
15,A*-GA,263.0,84.0,0.7479371766862634
15,A*-GA,265.0,84.0,0.7456251589309284
15,A*-GA,267.0,84.0,0.7433188357187097
15,A*-GA,269.0,84.0,0.7410193909264648
15,A*-GA,271.0,84.0,0.7387279387276421
15,A*-GA,273.0,86.0,0.7364455267111866
15,A*-GA,275.0,86.0,0.7341731388717393
15,A*-GA,277.0,86.0,0.731911698476281
15,A*-GA,279.0,86.0,0.7296620708121716
15,A*-GA,281.0,86.0,0.727425065821341
15,A*-GA,283.0,88.0,0.7252014406251961
15,A*-GA,285.0,88.0,0.7229919019446287
15,A*-GA,287.0,90.0,0.7207971084193395
15,A*-GA,289.0,92.0,0.7186176728305186
15,A*-GA,291.0,92.0,0.7164541642307701
15,A*-GA,293.0,92.0,0.7143071099850119
15,A*-GA,295.0,92.0,0.7121769977259303
15,A*-GA,297.0,94.0,0.7100642772274346
15,A*-GA,299.0,94.0,0.7079693621994125
15,A*-GA,301.0,98.0,0.7058926741362733
15,A*-GA,303.0,98.0,0.7038346802461531
15,A*-GA,305.0,100.0,0.7017956847212619
15,A*-GA,307.0,100.0,0.6997759626710438
15,A*-GA,309.0,100.0,0.697775761546542
15,A*-GA,311.0,100.0,0.6957953025042009
15,A*-GA,313.0,100.0,0.6938347817115591
15,A*-GA,315.0,100.0,0.6918943715971895
15,A*-GA,317.0,100.0,0.6899742220471462
15,A*-GA,319.0,100.0,0.688074461550094
15,A*-GA,321.0,100.0,0.686195198293203
15,A*-GA,323.0,100.0,0.6843365212108127
15,A*-GA,325.0,100.0,0.682498500987788
15,A*-GA,327.0,100.0,0.6806811910194134
15,A*-GA,329.0,100.0,0.6788846283295987
15,A*-GA,331.0,100.0,0.6771088344490972
15,A*-GA,333.0,100.0,0.6753538162553716
15,A*-GA,335.0,100.0,0.6736195667756761
15,A*-GA,337.0,100.0,0.6719060659548622
15,A*-GA,339.0,100.0,0.6702132813893523
15,A*-GA,341.0,100.0,0.6685411690286718
15,A*-GA,343.0,100.0,0.6668896738458714
15,A*-GA,345.0,100.0,0.6652587304781199
15,A*-GA,347.0,100.0,0.6636482638386961
15,A*-GA,349.0,100.0,0.6620581897015587
15,A*-GA,351.0,100.0,0.6604884152596262
15,A*-GA,353.0,100.0,0.6589388396578548
15,A*-GA,355.0,100.0,0.657409354502157
15,A*-GA,357.0,100.0,0.655899844345161
15,A*-GA,359.0,100.0,0.6544101871497747
15,A*-GA,361.0,100.0,0.6529402547314741
15,A*-GA,363.0,100.0,0.6514899131802048
15,A*-GA,365.0,100.0,0.6500590232627441
15,A*-GA,367.0,100.0,0.6486474408063411
15,A*-GA,369.0,100.0,0.6472550170644163
15,A*-GA,371.0,100.0,0.6458815990650747
15,A*-GA,373.0,100.0,0.6445270299431507
15,A*-GA,375.0,100.0,0.6431911492564796
15,A*-GA,377.0,100.0,0.6418737932870577
15,A*-GA,379.0,100.0,0.640574795327731
15,A*-GA,381.0,100.0,0.6392939859550212
15,A*-GA,383.0,100.0,0.6380311932886782
15,A*-GA,385.0,100.0,0.6367862432385223
15,A*-GA,387.0,100.0,0.6355589597391145
15,A*-GA,389.0,100.0,0.6343491649727765
15,A*-GA,391.0,100.0,0.6331566795814549
15,A*-GA,393.0,100.0,0.6319813228679095
15,A*-GA,395.0,100.0,0.6308229129866815
15,A*-GA,397.0,100.0,0.6296812671252823
15,A*-GA,399.0,100.0,0.6285562016760248
15,A*-GA,401.0,100.0,0.6274475323988992
15,A*-GA,403.0,100.0,0.6263550745758841
15,A*-GA,405.0,100.0,0.6252786431570633
15,A*-GA,407.0,100.0,0.6242180528989039
15,A*-GA,409.0,100.0,0.6231731184950413
15,A*-GA,411.0,100.0,0.6221436546998967
15,A*-GA,413.0,100.0,0.621129476445442
15,A*-GA,415.0,100.0,0.6201303989514156
15,A*-GA,417.0,100.0,0.6191462378292771
15,A*-GA,419.0,100.0,0.6181768091801794
15,A*-GA,421.0,100.0,0.6172219296872233
15,A*-GA,423.0,100.0,0.6162814167022518
15,A*-GA,425.0,100.0,0.6153550883274266
15,A*-GA,427.0,100.0,0.6144427634918227
15,A*-GA,429.0,100.0,0.6135442620232658
15,A*-GA,431.0,100.0,0.6126594047156281
15,A*-GA,433.0,100.0,0.6117880133917882
15,A*-GA,435.0,100.0,0.6109299109624559
15,A*-GA,437.0,100.0,0.6100849214810469
15,A*-GA,439.0,100.0,0.6092528701947956
15,A*-GA,441.0,100.0,0.6084335835922752
15,A*-GA,443.0,100.0,0.607626889447494
15,A*-GA,445.0,100.0,0.6068326168607285
15,A*-GA,447.0,100.0,0.6060505962962468
15,A*-GA,449.0,100.0,0.6052806596170672
15,A*-GA,451.0,100.0,0.6045226401168958
15,A*-GA,453.0,100.0,0.6037763725493751
15,A*-GA,455.0,100.0,0.603041693154775
15,A*-GA,457.0,100.0,0.6023184396842485
15,A*-GA,459.0,100.0,0.6016064514217709
15,A*-GA,461.0,100.0,0.6009055692038767
15,A*-GA,463.0,100.0,0.6002156354373004
16,EHCO,1.0,0.0,0.9088003540928573
16,EHCO,3.0,0.0,0.9112835106628017
16,EHCO,5.0,0.0,0.9135800092013182
16,EHCO,7.0,0.0,0.9156986417013708
16,EHCO,9.0,0.0,0.9176359989818191
16,EHCO,11.0,0.0,0.9192764748484408
16,EHCO,13.0,0.0,0.920635361069001
16,EHCO,15.0,0.0,0.9217272892690372
16,EHCO,17.0,0.0,0.9225662578249333
16,EHCO,19.0,0.0,0.9231656576855272
16,EHCO,21.0,0.0,0.9235382971645518
16,EHCO,23.0,0.0,0.923696425744556
16,EHCO,25.0,0.0,0.9236517569313443
16,EHCO,27.0,0.0,0.923415490196444
16,EHCO,29.0,0.0,0.9229983320436308
16,EHCO,31.0,0.0,0.9224105162341247
16,EHCO,33.0,0.0,0.9216618232037095
16,EHCO,35.0,0.0,0.9207615987037167
16,EHCO,37.0,0.0,0.9197187716965619
16,EHCO,39.0,0.0,0.9185418715353086
16,EHCO,41.0,2.0,0.9172390444555804
16,EHCO,43.0,2.0,0.9158180694070214
16,EHCO,45.0,2.0,0.9143309331277328
16,EHCO,47.0,4.0,0.9129137114272228
16,EHCO,49.0,6.0,0.911563617214955
16,EHCO,51.0,8.0,0.9102677207403064
16,EHCO,53.0,10.0,0.9089939669249328
16,EHCO,55.0,10.0,0.9077419557638577
16,EHCO,57.0,14.000000000000002,0.9065112951981639
16,EHCO,59.0,16.0,0.9053016009313021
16,EHCO,61.0,16.0,0.9041124962504897
16,EHCO,63.0,16.0,0.9029436118530355
16,EHCO,65.0,16.0,0.9017794565066676
16,EHCO,67.0,16.0,0.9004994815843824
16,EHCO,69.0,16.0,0.8991108942033446
16,EHCO,71.0,18.0,0.8976205747225935
16,EHCO,73.0,18.0,0.8960350902893559
16,EHCO,75.0,18.0,0.894360707841912
16,EHCO,77.0,18.0,0.892603406590534
16,EHCO,79.0,18.0,0.8907688899971663
16,EHCO,81.0,18.0,0.8888625972737052
16,EHCO,83.0,20.0,0.8868897144179524
16,EHCO,85.0,20.0,0.8848551848055644
16,EHCO,87.0,20.0,0.8827637193555995
16,EHCO,89.0,22.0,0.8806198062865694
16,EHCO,91.0,24.0,0.8784694346146216
16,EHCO,93.0,26.0,0.8764375048173327
16,EHCO,95.0,26.0,0.8745190773760798
16,EHCO,97.0,28.000000000000004,0.8727015571015977
16,EHCO,99.0,30.0,0.8709577857533869
16,EHCO,101.0,30.0,0.8692848393560639
16,EHCO,103.0,30.0,0.8676799089817382
16,EHCO,105.0,30.0,0.8661402962329605
16,EHCO,107.0,34.0,0.8646634089029156
16,EHCO,109.0,34.0,0.8632467568059058
16,EHCO,111.0,34.0,0.8618879477714438
16,EHCO,113.0,34.0,0.8605846837955382
16,EHCO,115.0,36.0,0.8593347573430014
16,EHCO,117.0,36.0,0.8581360477948572
16,EHCO,119.0,38.0,0.8569865180351548
16,EHCO,121.0,38.0,0.8558842111717199
16,EHCO,123.0,38.0,0.8548272473855879
16,EHCO,125.0,38.0,0.8538138209040708
16,EHCO,127.0,38.0,0.8528421970926071
16,EHCO,129.0,38.0,0.8519107096607355
16,EHCO,131.0,38.0,0.8510177579777123
16,EHCO,133.0,40.0,0.8501694874624772
16,EHCO,135.0,40.0,0.849262023991022
16,EHCO,137.0,40.0,0.8482584642366691
16,EHCO,139.0,40.0,0.847164749136661
16,EHCO,141.0,42.0,0.8459865506813923
16,EHCO,143.0,44.0,0.8447292830582671
16,EHCO,145.0,46.0,0.8433981133485811
16,EHCO,147.0,46.0,0.8419979717951265
16,EHCO,149.0,48.0,0.8405335616575182
16,EHCO,151.0,48.0,0.8390093686715726
16,EHCO,153.0,48.0,0.837429670128425
16,EHCO,155.0,48.0,0.8357985435884563
16,EHCO,157.0,52.0,0.8341198752445036
16,EHCO,159.0,52.0,0.8323973679482578
16,EHCO,161.0,52.0,0.8306742326316161
16,EHCO,163.0,52.0,0.8290688386056856
16,EHCO,165.0,52.0,0.8275760963809747
16,EHCO,167.0,56.00000000000001,0.8261832686414805
16,EHCO,169.0,56.00000000000001,0.8248630625347051
16,EHCO,171.0,56.00000000000001,0.8236124266717793
16,EHCO,173.0,56.00000000000001,0.8224284316062528
16,EHCO,175.0,56.00000000000001,0.821315947994603
16,EHCO,177.0,56.00000000000001,0.8201755635702858
16,EHCO,179.0,56.00000000000001,0.8189706747493231
16,EHCO,181.0,57.99999999999999,0.8177056119865636
16,EHCO,183.0,57.99999999999999,0.8163845061032873
16,EHCO,185.0,57.99999999999999,0.8150112966105242
16,EHCO,187.0,60.0,0.8135897396977243
16,EHCO,189.0,60.0,0.8121234159000397
16,EHCO,191.0,60.0,0.8106157374569598
16,EHCO,193.0,60.0,0.8090699553745379
16,EHCO,195.0,60.0,0.807489166202964
16,EHCO,197.0,60.0,0.8058763185407773
16,EHCO,199.0,60.0,0.8042342192765659
16,EHCO,201.0,62.0,0.8025547503814515
16,EHCO,203.0,62.0,0.80080929183861
16,EHCO,205.0,66.0,0.799002606466526
16,EHCO,207.0,68.0,0.7971394911333127
16,EHCO,209.0,68.0,0.7952243468299937
16,EHCO,211.0,70.0,0.7932611964920895
16,EHCO,213.0,70.0,0.791253702112414
16,EHCO,215.0,72.0,0.7892056035287704
16,EHCO,217.0,74.0,0.7871204608050133
16,EHCO,219.0,74.0,0.7850016618299899
16,EHCO,221.0,74.0,0.7828524296093473
16,EHCO,223.0,74.0,0.780675829262399
16,EHCO,225.0,76.0,0.7784747747357702
16,EHCO,227.0,76.0,0.7762520352450778
16,EHCO,229.0,76.0,0.7740102414554535
16,EHCO,231.0,78.0,0.771751891411298
16,EHCO,233.0,78.0,0.7694793562252386
16,EHCO,235.0,78.0,0.7671948855358729
16,EHCO,237.0,78.0,0.7649006159714771
16,EHCO,239.0,78.0,0.7625985771893534
16,EHCO,241.0,80.0,0.7602906922751242
16,EHCO,243.0,80.0,0.7579787821240073
16,EHCO,245.0,82.0,0.755664569891833
16,EHCO,247.0,82.0,0.7533496852641399
16,EHCO,249.0,82.0,0.7510356685506098
16,EHCO,251.0,82.0,0.7487239746118091
16,EHCO,253.0,82.0,0.7464159766249353
16,EHCO,255.0,82.0,0.7441129696949977
16,EHCO,257.0,82.0,0.7418162404975895
16,EHCO,259.0,82.0,0.739527128243151
16,EHCO,261.0,84.0,0.7372466974489772
16,EHCO,263.0,86.0,0.7349759483377382
16,EHCO,265.0,86.0,0.7327158197321952
16,EHCO,267.0,86.0,0.7304671918302019
16,EHCO,269.0,88.0,0.7282308888647878
16,EHCO,271.0,88.0,0.7260076816539334
16,EHCO,273.0,90.0,0.7237982900444627
16,EHCO,275.0,90.0,0.7216033852543026
16,EHCO,277.0,90.0,0.7194235921171924
16,EHCO,279.0,90.0,0.7172594912337638
16,EHCO,281.0,94.0,0.7151116210327559
16,EHCO,283.0,94.0,0.7129804797459814
16,EHCO,285.0,94.0,0.7108665273005174
16,EHCO,287.0,94.0,0.7087701871314541
16,EHCO,289.0,94.0,0.7066918479184058
16,EHCO,291.0,94.0,0.704631865248858
16,EHCO,293.0,96.0,0.7025905632113048
16,EHCO,295.0,98.0,0.7005682359210137
16,EHCO,297.0,98.0,0.6985651489811403
16,EHCO,299.0,98.0,0.6965815408818079
16,EHCO,301.0,100.0,0.6946176243396653
16,EHCO,303.0,100.0,0.6926735875803331
16,EHCO,305.0,100.0,0.6907495955660551
16,EHCO,307.0,100.0,0.6888457911707772
16,EHCO,309.0,100.0,0.6869622963047909
16,EHCO,311.0,100.0,0.6850992129909912
16,EHCO,313.0,100.0,0.683256624394716
16,EHCO,315.0,100.0,0.6814345958090595
16,EHCO,317.0,100.0,0.679633175597474
16,EHCO,319.0,100.0,0.677852396095401
16,EHCO,321.0,100.0,0.6760922744726071
16,EHCO,323.0,100.0,0.6743528135578304
16,EHCO,325.0,100.0,0.6726340026272792
16,EHCO,327.0,100.0,0.6709358181584646
16,EHCO,329.0,100.0,0.6692582245507872
16,EHCO,331.0,100.0,0.6676011748142454
16,EHCO,333.0,100.0,0.6659646112275731
16,EHCO,335.0,100.0,0.664348465967066
16,EHCO,337.0,100.0,0.6627526617073038
16,EHCO,339.0,100.0,0.6611771121949283
16,EHCO,341.0,100.0,0.6596217227965876
16,EHCO,343.0,100.0,0.6580863910221202
16,EHCO,345.0,100.0,0.6565710070239973
16,EHCO,347.0,100.0,0.6550754540740141
16,EHCO,349.0,100.0,0.653599609018171
16,EHCO,351.0,100.0,0.6521433427106529
16,EHCO,353.0,100.0,0.6507065204277774
16,EHCO,355.0,100.0,0.6492890022627473
16,EHCO,357.0,100.0,0.6478906435020085
16,EHCO,359.0,100.0,0.6465112949839841
16,EHCO,361.0,100.0,0.6451508034409223
16,EHCO,363.0,100.0,0.643809011824569
16,EHCO,365.0,100.0,0.6424857596163411
16,EHCO,367.0,100.0,0.6411808831226601
16,EHCO,369.0,100.0,0.639894215756065
16,EHCO,371.0,100.0,0.6386255883027121
16,EHCO,373.0,100.0,0.6373748291768346
16,EHCO,375.0,100.0,0.6361417646627175
16,EHCO,377.0,100.0,0.634926219144718
16,EHCO,379.0,100.0,0.6337280153258412
16,EHCO,381.0,100.0,0.6325469744353613
16,EHCO,383.0,100.0,0.6313829164259555
16,EHCO,385.0,100.0,0.6302356601608015
16,EHCO,387.0,100.0,0.6291050235910716
16,EHCO,389.0,100.0,0.6279908239242356
16,EHCO,391.0,100.0,0.6268928777835705
16,EHCO,393.0,100.0,0.6258110013592592
16,EHCO,395.0,100.0,0.6247450105514429
16,EHCO,397.0,100.0,0.6236947211055774
16,EHCO,399.0,100.0,0.6226599487404305
16,EHCO,401.0,100.0,0.621640509269043
16,EHCO,403.0,100.0,0.6206362187129623
16,EHCO,405.0,100.0,0.6196468934100448
16,EHCO,407.0,100.0,0.6186723501161137
16,EHCO,409.0,100.0,0.6177124061007416
16,EHCO,411.0,100.0,0.6167668792374229
16,EHCO,413.0,100.0,0.6158355880883843
16,EHCO,415.0,100.0,0.6149183519842751
16,EHCO,417.0,100.0,0.6140149910989678
16,EHCO,419.0,100.0,0.6131253265196895
16,EHCO,421.0,100.0,0.6122491803126955
16,EHCO,423.0,100.0,0.61138637558469
16,EHCO,425.0,100.0,0.6105367365401864
16,EHCO,427.0,100.0,0.609700088534995
16,EHCO,429.0,100.0,0.6088762581260164
16,EHCO,431.0,100.0,0.6080650731175118
16,EHCO,433.0,100.0,0.6072663626040149
16,EHCO,435.0,100.0,0.6064799570100423
16,EHCO,437.0,100.0,0.6057056881267524
16,EHCO,439.0,100.0,0.604943389145699
16,EHCO,441.0,100.0,0.6041928946898159
16,EHCO,443.0,100.0,0.6034540408417656
16,EHCO,445.0,100.0,0.6027266651697801
16,EHCO,447.0,100.0,0.6020106067511141
16,EHCO,449.0,100.0,0.6013057061932263
16,EHCO,451.0,100.0,0.6006118056528025
16,EHCO,453.0,100.0,0.5999287488527251
16,A*-GA,1.0,0.0,0.9088003540928573
16,A*-GA,3.0,0.0,0.9112950191397307
16,A*-GA,5.0,0.0,0.9135109655412478
16,A*-GA,7.0,0.0,0.9154173635046304
16,A*-GA,9.0,0.0,0.9170300304494768
16,A*-GA,11.0,0.0,0.9183641025571287
16,A*-GA,13.0,0.0,0.9194340624991871
16,A*-GA,15.0,0.0,0.9202537660616558
16,A*-GA,17.0,0.0,0.9208364677083094
16,A*-GA,19.0,0.0,0.9211948451251704
16,A*-GA,21.0,0.0,0.9213410227863315
16,A*-GA,23.0,0.0,0.9212865945797761
16,A*-GA,25.0,0.0,0.9210426455303298
16,A*-GA,27.0,0.0,0.9206197726554135
16,A*-GA,29.0,0.0,0.920028104987868
16,A*-GA,31.0,0.0,0.9192773227987683
16,A*-GA,33.0,0.0,0.9183766760518529
16,A*-GA,35.0,2.0,0.9173350021199463
16,A*-GA,37.0,2.0,0.91616074279256
16,A*-GA,39.0,2.0,0.9148619606027061
16,A*-GA,41.0,2.0,0.9134910233538622
16,A*-GA,43.0,2.0,0.9121845802569263
16,A*-GA,45.0,2.0,0.9109400663879261
16,A*-GA,47.0,4.0,0.9097446599379834
16,A*-GA,49.0,6.0,0.908566208590622
16,A*-GA,51.0,6.0,0.9074045364315156
16,A*-GA,53.0,8.0,0.9062594663611466
16,A*-GA,55.0,8.0,0.9051308202749546
16,A*-GA,57.0,8.0,0.9040184192342101
16,A*-GA,59.0,10.0,0.9029220836280109
16,A*-GA,61.0,12.0,0.901841633326787
16,A*-GA,63.0,12.0,0.900761871894657
16,A*-GA,65.0,12.0,0.8995623053990301
16,A*-GA,67.0,14.000000000000002,0.8982503084592496
16,A*-GA,69.0,14.000000000000002,0.8968329221811263
16,A*-GA,71.0,16.0,0.8953168679713115
16,A*-GA,73.0,16.0,0.893708560797656
16,A*-GA,75.0,16.0,0.8920141219174921
16,A*-GA,77.0,16.0,0.8902393910949036
16,A*-GA,79.0,16.0,0.888389938327229
16,A*-GA,81.0,18.0,0.8864710751002361
16,A*-GA,83.0,18.0,0.8844878651906477
16,A*-GA,85.0,20.0,0.8824451350339569
16,A*-GA,87.0,22.0,0.8803474836747694
16,A*-GA,89.0,22.0,0.878199292316225
16,A*-GA,91.0,24.0,0.8760047334844012
16,A*-GA,93.0,24.0,0.8737677798229788
16,A*-GA,95.0,24.0,0.8714922125328367
16,A*-GA,97.0,24.0,0.8691816294706768
16,A*-GA,99.0,24.0,0.8668394529202167
16,A*-GA,101.0,26.0,0.8644689370489557
16,A*-GA,103.0,26.0,0.8620731750630074
16,A*-GA,105.0,26.0,0.8596551060719997
16,A*-GA,107.0,26.0,0.8572577456478707
16,A*-GA,109.0,26.0,0.8550003030252293
16,A*-GA,111.0,28.000000000000004,0.852876865951915
16,A*-GA,113.0,30.0,0.8508739061043306
16,A*-GA,115.0,30.0,0.8489633701374791
16,A*-GA,117.0,30.0,0.8471414754936871
16,A*-GA,119.0,30.0,0.8454045897366712
16,A*-GA,121.0,32.0,0.8437315651529906
16,A*-GA,123.0,32.0,0.8420082598018893
16,A*-GA,125.0,32.0,0.8402385564222689
16,A*-GA,127.0,34.0,0.8384261538605952
16,A*-GA,129.0,34.0,0.8365745748068221
16,A*-GA,131.0,34.0,0.8346871732182106
16,A*-GA,133.0,36.0,0.8327671414434314
16,A*-GA,135.0,36.0,0.8308175170588467
16,A*-GA,137.0,36.0,0.8288411894284005
16,A*-GA,139.0,36.0,0.8268409059980986
16,A*-GA,141.0,40.0,0.8248192783356191
16,A*-GA,143.0,40.0,0.8227787879251867
16,A*-GA,145.0,40.0,0.8207217917274393
16,A*-GA,147.0,42.0,0.8186505275136338
16,A*-GA,149.0,42.0,0.8165671189831668
16,A*-GA,151.0,42.0,0.8144735806730359
16,A*-GA,153.0,42.0,0.8124100466615385
16,A*-GA,155.0,44.0,0.8104891535617352
16,A*-GA,157.0,44.0,0.8087047075000815
16,A*-GA,159.0,46.0,0.8070429115109532
16,A*-GA,161.0,46.0,0.8054754560561643
16,A*-GA,163.0,48.0,0.8039983143242202
16,A*-GA,165.0,48.0,0.8026076210751323
16,A*-GA,167.0,50.0,0.8012996662622179
16,A*-GA,169.0,50.0,0.8000708889045545
16,A*-GA,171.0,52.0,0.798917871200251
16,A*-GA,173.0,52.0,0.7978373328710844
16,A*-GA,175.0,52.0,0.79682612572942
16,A*-GA,177.0,52.0,0.7958889114276941
16,A*-GA,179.0,52.0,0.794929493359052
16,A*-GA,181.0,52.0,0.7939119620497784
16,A*-GA,183.0,54.0,0.7928401742538564
16,A*-GA,185.0,54.0,0.7917178093603731
16,A*-GA,187.0,56.00000000000001,0.7905483767823285
16,A*-GA,189.0,56.00000000000001,0.7893352230484612
16,A*-GA,191.0,57.99999999999999,0.7880815386098601
16,A*-GA,193.0,57.99999999999999,0.7867903643726675
16,A*-GA,195.0,57.99999999999999,0.7854645979677309
16,A*-GA,197.0,57.99999999999999,0.7841069997676378
16,A*-GA,199.0,57.99999999999999,0.7827201986611496
16,A*-GA,201.0,57.99999999999999,0.781295908397544
16,A*-GA,203.0,57.99999999999999,0.7798053500863482
16,A*-GA,205.0,60.0,0.7782532227868677
16,A*-GA,207.0,60.0,0.7766441768823348
16,A*-GA,209.0,64.0,0.7749823924764326
16,A*-GA,211.0,64.0,0.7732715966758705
16,A*-GA,213.0,64.0,0.7715155110782193
16,A*-GA,215.0,64.0,0.7697177646254697
16,A*-GA,217.0,64.0,0.7678818132822679
16,A*-GA,219.0,66.0,0.7660109473277966
16,A*-GA,221.0,66.0,0.7641082983532341
16,A*-GA,223.0,66.0,0.7621768459764791
16,A*-GA,225.0,66.0,0.7602194242853674
16,A*-GA,227.0,70.0,0.758238728993504
16,A*-GA,229.0,70.0,0.7562373282137049
16,A*-GA,231.0,74.0,0.754217663011358
16,A*-GA,233.0,74.0,0.7521820517677821
16,A*-GA,235.0,78.0,0.7501326954380727
16,A*-GA,237.0,78.0,0.7480716825953273
16,A*-GA,239.0,78.0,0.7460009942697545
16,A*-GA,241.0,78.0,0.7439225085908314
16,A*-GA,243.0,78.0,0.7418380052403553
16,A*-GA,245.0,78.0,0.7397491697239211
16,A*-GA,247.0,78.0,0.7376575974680645
16,A*-GA,249.0,78.0,0.7355647977500186
16,A*-GA,251.0,78.0,0.7334721974667636
16,A*-GA,253.0,80.0,0.7313811447497796
16,A*-GA,255.0,82.0,0.7292929124316633
16,A*-GA,257.0,82.0,0.7272087013705254
16,A*-GA,259.0,82.0,0.7251296436378485
16,A*-GA,261.0,82.0,0.7230568055752644
16,A*-GA,263.0,82.0,0.7209911907254942
16,A*-GA,265.0,82.0,0.7189337426424821
16,A*-GA,267.0,82.0,0.7168853475855618
16,A*-GA,269.0,82.0,0.714846837102297
16,A*-GA,271.0,82.0,0.7128189905044586
16,A*-GA,273.0,82.0,0.71080253724142
16,A*-GA,275.0,82.0,0.7087981591750867
16,A*-GA,277.0,82.0,0.7068064927603123
16,A*-GA,279.0,86.0,0.7048281311345913
16,A*-GA,281.0,88.0,0.7028636261206799
16,A*-GA,283.0,88.0,0.7009134901456388
16,A*-GA,285.0,90.0,0.6989781980796642
16,A*-GA,287.0,90.0,0.697058188997932
16,A*-GA,289.0,90.0,0.6951538678685579
16,A*-GA,291.0,92.0,0.6932656071696481
16,A*-GA,293.0,92.0,0.6913937484383033
16,A*-GA,295.0,94.0,0.6895386037543175
16,A*-GA,297.0,98.0,0.6877004571612129
16,A*-GA,299.0,98.0,0.6858795660271386
16,A*-GA,301.0,98.0,0.6840761623480689
16,A*-GA,303.0,98.0,0.6822904539956326
16,A*-GA,305.0,98.0,0.6805226259118174
16,A*-GA,307.0,98.0,0.6787728412527027
16,A*-GA,309.0,98.0,0.6770412424832862
16,A*-GA,311.0,98.0,0.6753279524253933
16,A*-GA,313.0,98.0,0.6736330752605706
16,A*-GA,315.0,98.0,0.6719566974897978
16,A*-GA,317.0,98.0,0.6702988888517749
16,A*-GA,319.0,98.0,0.6686597032014703
16,A*-GA,321.0,98.0,0.6670391793505518
16,A*-GA,323.0,98.0,0.6654373418712561
16,A*-GA,325.0,98.0,0.6638542018651898
16,A*-GA,327.0,98.0,0.6622897576984962
16,A*-GA,329.0,98.0,0.660743994896731
16,A*-GA,331.0,98.0,0.6592168853864208
16,A*-GA,333.0,98.0,0.6577083902530445
16,A*-GA,335.0,98.0,0.6562184606568834
16,A*-GA,337.0,98.0,0.6547470384116661
16,A*-GA,339.0,98.0,0.6532940565373857
16,A*-GA,341.0,98.0,0.6518594397883513
16,A*-GA,343.0,98.0,0.6504431051575005
16,A*-GA,345.0,98.0,0.6490449623579501
16,A*-GA,347.0,98.0,0.6476649142827297
16,A*-GA,349.0,98.0,0.6463028574436014
16,A*-GA,351.0,98.0,0.6449586823898341
16,A*-GA,353.0,98.0,0.6436322741077648
16,A*-GA,355.0,98.0,0.6423235124019478
16,A*-GA,357.0,98.0,0.6410323236242628
16,A*-GA,359.0,98.0,0.6397585931684682
16,A*-GA,361.0,100.0,0.6385021848090977
16,A*-GA,363.0,100.0,0.6372629585962152
16,A*-GA,365.0,100.0,0.6360407711514154
16,A*-GA,367.0,100.0,0.6348354759497354
16,A*-GA,369.0,100.0,0.6336469235880686
16,A*-GA,371.0,100.0,0.6324749620406547
16,A*-GA,373.0,100.0,0.631319436902188
16,A*-GA,375.0,100.0,0.6301801916190736
16,A*-GA,377.0,100.0,0.6290570677093293
16,A*-GA,379.0,100.0,0.6279499049716211
16,A*-GA,381.0,100.0,0.6268585416838924
16,A*-GA,383.0,100.0,0.625782814792034
16,A*-GA,385.0,100.0,0.624722560089019
16,A*-GA,387.0,100.0,0.6236776123849141
16,A*-GA,389.0,100.0,0.6226478056681582
16,A*-GA,391.0,100.0,0.6216329732584863
16,A*-GA,393.0,100.0,0.6206329479518585
16,A*-GA,395.0,100.0,0.6196475621577433
16,A*-GA,397.0,100.0,0.6186766480290836
16,A*-GA,399.0,100.0,0.6177200375852687
16,A*-GA,401.0,100.0,0.6167775628284142
16,A*-GA,403.0,100.0,0.6158490558532463
16,A*-GA,405.0,100.0,0.6149343489508692
16,A*-GA,407.0,100.0,0.6140332747066872
16,A*-GA,409.0,100.0,0.6131456660927398
16,A*-GA,411.0,100.0,0.6122713565546966
16,A*-GA,413.0,100.0,0.6114101800937516
16,A*-GA,415.0,100.0,0.6105619713436437
16,A*-GA,417.0,100.0,0.6097265656430224
16,A*-GA,419.0,100.0,0.6089037991033691
16,A*-GA,421.0,100.0,0.6080935086726728
16,A*-GA,423.0,100.0,0.6072955321950554
16,A*-GA,425.0,100.0,0.6065097084665295
16,A*-GA,427.0,100.0,0.6057358772870668
16,A*-GA,429.0,100.0,0.6049738795091446
16,A*-GA,431.0,100.0,0.6042235570829358
16,A*-GA,433.0,100.0,0.603484753098297
16,A*-GA,435.0,100.0,0.6027573118237011
16,A*-GA,437.0,100.0,0.6020410787422643
16,A*-GA,439.0,100.0,0.6013359005849958
16,A*-GA,441.0,100.0,0.6006416253614085
16,A*-GA,443.0,100.0,0.5999581023876138
17,EHCO,1.0,0.0,0.9988240139711912
17,EHCO,3.0,0.0,0.9977755613353175
17,EHCO,5.0,0.0,0.996678994952924
17,EHCO,7.0,0.0,0.9955376717538732
17,EHCO,9.0,0.0,0.994354792688708
17,EHCO,11.0,0.0,0.9931334092491261
17,EHCO,13.0,0.0,0.9918764297260241
17,EHCO,15.0,0.0,0.9905866252155142
17,EHCO,17.0,0.0,0.9892666353829077
17,EHCO,19.0,0.0,0.9879189739942674
17,EHCO,21.0,0.0,0.9865342022463481
17,EHCO,23.0,2.0,0.984990923136702
17,EHCO,25.0,2.0,0.98329886703256
17,EHCO,27.0,4.0,0.9814673245300508
17,EHCO,29.0,4.0,0.9795051646658247
17,EHCO,31.0,4.0,0.9774208523983796
17,EHCO,33.0,4.0,0.9752224653880025
17,EHCO,35.0,4.0,0.9729177101030969
17,EHCO,37.0,4.0,0.9705139372795781
17,EHCO,39.0,4.0,0.9680181567589625
17,EHCO,41.0,6.0,0.9654370517297711
17,EHCO,43.0,6.0,0.9627769923958955
17,EHCO,45.0,12.0,0.9600440490946447
17,EHCO,47.0,14.000000000000002,0.9572440048862935
17,EHCO,49.0,14.000000000000002,0.9543823676360963
17,EHCO,51.0,14.000000000000002,0.9515977802174056
17,EHCO,53.0,14.000000000000002,0.9489316999352551
17,EHCO,55.0,16.0,0.9463793753678938
17,EHCO,57.0,16.0,0.9439051645631618
17,EHCO,59.0,16.0,0.9414962054059325
17,EHCO,61.0,16.0,0.939150458238228
17,EHCO,63.0,18.0,0.936865954820093
17,EHCO,65.0,18.0,0.9346407956699826
17,EHCO,67.0,20.0,0.9324731475071362
17,EHCO,69.0,20.0,0.9303612407919782
17,EHCO,71.0,20.0,0.9283033673607354
17,EHCO,73.0,20.0,0.926307892175488
17,EHCO,75.0,20.0,0.9242697790870578
17,EHCO,77.0,22.0,0.9221493989804331
17,EHCO,79.0,28.000000000000004,0.9199526548221587
17,EHCO,81.0,28.000000000000004,0.9176851737820615
17,EHCO,83.0,28.000000000000004,0.9153523187836659
17,EHCO,85.0,28.000000000000004,0.9129591995894071
17,EHCO,87.0,28.000000000000004,0.9105106834390909
17,EHCO,89.0,32.0,0.908011405259324
17,EHCO,91.0,32.0,0.9054657774609376
17,EHCO,93.0,32.0,0.9028779993407575
17,EHCO,95.0,32.0,0.9002520661034286
17,EHCO,97.0,32.0,0.8975917775183836
17,EHCO,99.0,32.0,0.8949007462264489
17,EHCO,101.0,32.0,0.8921824057100103
17,EHCO,103.0,32.0,0.8894400179401122
17,EHCO,105.0,32.0,0.8866766807133352
17,EHCO,107.0,32.0,0.8838953346907921
17,EHCO,109.0,32.0,0.8810987701510933
17,EHCO,111.0,32.0,0.8783305154472605
17,EHCO,113.0,36.0,0.8757115240756185
17,EHCO,115.0,36.0,0.8732355746693202
17,EHCO,117.0,38.0,0.8708888412811396
17,EHCO,119.0,40.0,0.8686429839897376
17,EHCO,121.0,42.0,0.8664939442819464
17,EHCO,123.0,42.0,0.8644378239770502
17,EHCO,125.0,48.0,0.8624708789246254
17,EHCO,127.0,48.0,0.8605895129497486
17,EHCO,129.0,48.0,0.8587902720358699
17,EHCO,131.0,48.0,0.8570698387360223
17,EHCO,133.0,48.0,0.8554250268034113
17,EHCO,135.0,48.0,0.8538527760327754
17,EHCO,137.0,48.0,0.8523318076396023
17,EHCO,139.0,50.0,0.8507465570493357
17,EHCO,141.0,50.0,0.8491015891023252
17,EHCO,143.0,50.0,0.8474012557923295
17,EHCO,145.0,50.0,0.8456497051745925
17,EHCO,147.0,52.0,0.8438508899152348
17,EHCO,149.0,52.0,0.8420085754961786
17,EHCO,151.0,56.00000000000001,0.8401263480892734
17,EHCO,153.0,57.99999999999999,0.8382076221127465
17,EHCO,155.0,57.99999999999999,0.8362556474825836
17,EHCO,157.0,57.99999999999999,0.8342735165709533
17,EHCO,159.0,57.99999999999999,0.8322641708833045
17,EHCO,161.0,57.99999999999999,0.830230407465315
17,EHCO,163.0,57.99999999999999,0.8281748850504217
17,EHCO,165.0,57.99999999999999,0.8261001299582454
17,EHCO,167.0,57.99999999999999,0.8240085417538113
17,EHCO,169.0,57.99999999999999,0.8219023986770798
17,EHCO,171.0,60.0,0.8197838628519246
17,EHCO,173.0,60.0,0.8176549852833367
17,EHCO,175.0,60.0,0.8155560648075367
17,EHCO,177.0,60.0,0.8136001439143088
17,EHCO,179.0,60.0,0.8117810260354605
17,EHCO,181.0,64.0,0.8100849114907305
17,EHCO,183.0,64.0,0.8084834880094798
17,EHCO,185.0,66.0,0.806972726032017
17,EHCO,187.0,66.0,0.8055487575563892
17,EHCO,189.0,66.0,0.8041919401695983
17,EHCO,191.0,66.0,0.8027928761065748
17,EHCO,193.0,66.0,0.8013547951063231
17,EHCO,195.0,68.0,0.7998807742162029
17,EHCO,197.0,68.0,0.7983737442115607
17,EHCO,199.0,68.0,0.7968364957564225
17,EHCO,201.0,68.0,0.7952608961183977
17,EHCO,203.0,68.0,0.7936183120239088
17,EHCO,205.0,68.0,0.7919134944103103
17,EHCO,207.0,68.0,0.7901509727440831
17,EHCO,209.0,74.0,0.7883350642891179
17,EHCO,211.0,74.0,0.7864698830018225
17,EHCO,213.0,76.0,0.7845593480678446
17,EHCO,215.0,76.0,0.782607192094629
17,EHCO,217.0,80.0,0.7806169689734637
17,EHCO,219.0,80.0,0.7785920614241296
17,EHCO,221.0,80.0,0.7765359450627769
17,EHCO,223.0,80.0,0.7744517560888802
17,EHCO,225.0,82.0,0.7723423929938408
17,EHCO,227.0,84.0,0.7702106108566058
17,EHCO,229.0,84.0,0.7680590274606928
17,EHCO,231.0,84.0,0.7658901291631302
17,EHCO,233.0,84.0,0.7637062765251785
17,EHCO,235.0,84.0,0.7615097097143112
17,EHCO,237.0,84.0,0.7593025536865565
17,EHCO,239.0,84.0,0.7570868231579465
17,EHCO,241.0,84.0,0.7548644273734696
17,EHCO,243.0,84.0,0.7526371746815954
17,EHCO,245.0,84.0,0.750406776922121
17,EHCO,247.0,86.0,0.7481748536347798
17,EHCO,249.0,86.0,0.7459429360957629
17,EHCO,251.0,86.0,0.74371247118902
17,EHCO,253.0,86.0,0.7414848251189327
17,EHCO,255.0,86.0,0.7392612869706968
17,EHCO,257.0,86.0,0.737043072124498
17,EHCO,259.0,90.0,0.7348313255293225
17,EHCO,261.0,90.0,0.7326271248420171
17,EHCO,263.0,90.0,0.730431483436989
17,EHCO,265.0,90.0,0.7282453532917229
17,EHCO,267.0,90.0,0.7260696277530875
17,EHCO,269.0,94.0,0.7239051441892078
17,EHCO,271.0,94.0,0.7217526865314909
17,EHCO,273.0,94.0,0.7196129877112091
17,EHCO,275.0,94.0,0.7174867319948723
17,EHCO,277.0,94.0,0.7153745572224536
17,EHCO,279.0,94.0,0.7132770569523691
17,EHCO,281.0,94.0,0.7111947825169616
17,EHCO,283.0,94.0,0.7091282449920854
17,EHCO,285.0,94.0,0.7070779170842517
17,EHCO,287.0,94.0,0.7050442349386515
17,EHCO,289.0,96.0,0.7030275998712456
17,EHCO,291.0,96.0,0.7010283800279832
17,EHCO,293.0,96.0,0.6990469119740887
17,EHCO,295.0,96.0,0.6970835022162403
17,EHCO,297.0,96.0,0.695138428660351
17,EHCO,299.0,96.0,0.6932119420075591
17,EHCO,301.0,96.0,0.6913042670909217
17,EHCO,303.0,96.0,0.6894156041552199
17,EHCO,305.0,96.0,0.687546130082175
17,EHCO,307.0,96.0,0.6856959995632933
17,EHCO,309.0,96.0,0.6838653462224631
17,EHCO,311.0,96.0,0.6820542836903463
17,EHCO,313.0,98.0,0.6802629066325243
17,EHCO,315.0,98.0,0.6784912917332802
17,EHCO,317.0,98.0,0.676739498636823
17,EHCO,319.0,98.0,0.6750075708476916
17,EHCO,321.0,98.0,0.6732955365920015
17,EHCO,323.0,98.0,0.6716034096411359
17,EHCO,325.0,98.0,0.6699311900994146
17,EHCO,327.0,98.0,0.668278865157218
17,EHCO,329.0,98.0,0.6666464098109788
17,EHCO,331.0,98.0,0.6650337875514021
17,EHCO,333.0,98.0,0.6634409510212181
17,EHCO,335.0,98.0,0.6618678426437209
17,EHCO,337.0,98.0,0.6603143952232933
17,EHCO,339.0,98.0,0.6587805325190752
17,EHCO,341.0,98.0,0.6572661697928817
17,EHCO,343.0,98.0,0.6557712143324349
17,EHCO,345.0,98.0,0.6542955659509317
17,EHCO,347.0,98.0,0.6528391174639261
17,EHCO,349.0,98.0,0.6514017551444689
17,EHCO,351.0,98.0,0.6499833591574057
17,EHCO,353.0,98.0,0.6485838039737029
17,EHCO,355.0,98.0,0.6472029587656308
17,EHCO,357.0,98.0,0.6458406877836051
17,EHCO,359.0,98.0,0.644496850715451
17,EHCO,361.0,98.0,0.6431713030288274
17,EHCO,363.0,98.0,0.6418638962975162
17,EHCO,365.0,98.0,0.6405744785122551
17,EHCO,367.0,98.0,0.6393028943767635
17,EHCO,369.0,98.0,0.638048985589585
17,EHCO,371.0,98.0,0.6368125911123481
17,EHCO,373.0,98.0,0.6355935474250153
17,EHCO,375.0,98.0,0.6343916887686764
17,EHCO,377.0,98.0,0.6332068473764121
17,EHCO,379.0,98.0,0.6320388536927382
17,EHCO,381.0,98.0,0.6308875365821137
17,EHCO,383.0,98.0,0.6297527235269852
17,EHCO,385.0,98.0,0.6286342408158102
17,EHCO,387.0,98.0,0.6275319137214956
17,EHCO,389.0,98.0,0.6264455666706596
17,EHCO,391.0,100.0,0.6253750234041137
17,EHCO,393.0,100.0,0.6243201071289461
17,EHCO,395.0,100.0,0.6232806406625703
17,EHCO,397.0,100.0,0.6222564465690864
17,EHCO,399.0,100.0,0.6212473472882931
17,EHCO,401.0,100.0,0.6202531652576702
17,EHCO,403.0,100.0,0.6192737230276393
17,EHCO,405.0,100.0,0.6183088433704005
17,EHCO,407.0,100.0,0.6173583493826267
17,EHCO,409.0,100.0,0.6164220645822875
17,EHCO,411.0,100.0,0.6154998129998653
17,EHCO,413.0,100.0,0.6145914192642105
17,EHCO,415.0,100.0,0.6136967086832791
17,EHCO,417.0,100.0,0.6128155073199789
17,EHCO,419.0,100.0,0.6119476420633474
17,EHCO,421.0,100.0,0.6110929406952704
17,EHCO,423.0,100.0,0.6102512319529457
17,EHCO,425.0,100.0,0.6094223455872849
17,EHCO,427.0,100.0,0.6086061124174388
17,EHCO,429.0,100.0,0.6078023643816259
17,EHCO,431.0,100.0,0.6070109345844337
17,EHCO,433.0,100.0,0.6062316573407567
17,EHCO,435.0,100.0,0.6054643682165293
17,EHCO,437.0,100.0,0.6047089040664017
17,EHCO,439.0,100.0,0.6039651030685037
17,EHCO,441.0,100.0,0.6032328047564357
17,EHCO,443.0,100.0,0.6025118500486168
17,EHCO,445.0,100.0,0.6018020812751178
17,EHCO,447.0,100.0,0.6011033422021002
17,EHCO,449.0,100.0,0.6004154780539768
17,EHCO,451.0,100.0,0.5997383355334068
17,A*-GA,1.0,0.0,0.9501818799154642
17,A*-GA,3.0,0.0,0.951041647947957
17,A*-GA,5.0,0.0,0.9517784431392404
17,A*-GA,7.0,0.0,0.9523985591256863
17,A*-GA,9.0,0.0,0.952908018357969
17,A*-GA,11.0,0.0,0.9533125831410624
17,A*-GA,13.0,0.0,0.9536177662345057
17,A*-GA,15.0,0.0,0.9538288410302975
17,A*-GA,17.0,0.0,0.9539508513250956
17,A*-GA,19.0,0.0,0.9539886207027429
17,A*-GA,21.0,0.0,0.9539467615425129
17,A*-GA,23.0,0.0,0.9538296836678577
17,A*-GA,25.0,0.0,0.9536416026498649
17,A*-GA,27.0,2.0,0.9533747158006624
17,A*-GA,29.0,2.0,0.9529091991028007
17,A*-GA,31.0,4.0,0.9522562952373023
17,A*-GA,33.0,4.0,0.9514267488058648
17,A*-GA,35.0,6.0,0.9504308268130529
17,A*-GA,37.0,6.0,0.9492783383293975
17,A*-GA,39.0,6.0,0.9479786533677921
17,A*-GA,41.0,6.0,0.9465407210043031
17,A*-GA,43.0,8.0,0.944973086773284
17,A*-GA,45.0,8.0,0.9432839093655059
17,A*-GA,47.0,8.0,0.9414809766568908
17,A*-GA,49.0,8.0,0.9395717210943418
17,A*-GA,51.0,8.0,0.9375632344641267
17,A*-GA,53.0,8.0,0.9354622820672643
17,A*-GA,55.0,8.0,0.9332753163254036
17,A*-GA,57.0,8.0,0.9311411526437258
17,A*-GA,59.0,10.0,0.9291019312255334
17,A*-GA,61.0,14.000000000000002,0.9271538035350398
17,A*-GA,63.0,16.0,0.9252627070062371
17,A*-GA,65.0,16.0,0.9234167977996306
17,A*-GA,67.0,16.0,0.9216147769126889
17,A*-GA,69.0,16.0,0.9198553884731253
17,A*-GA,71.0,18.0,0.9181374181763154
17,A*-GA,73.0,18.0,0.9164596917818754
17,A*-GA,75.0,18.0,0.914821073667115
17,A*-GA,77.0,18.0,0.9132204654351707
17,A*-GA,79.0,18.0,0.9116568045757059
17,A*-GA,81.0,18.0,0.9101290631761513
17,A*-GA,83.0,22.0,0.9086362466815341
17,A*-GA,85.0,22.0,0.907177392701025
17,A*-GA,87.0,22.0,0.9057515698593994
17,A*-GA,89.0,22.0,0.9043578766916841
17,A*-GA,91.0,22.0,0.9029954405793257
17,A*-GA,93.0,22.0,0.901672988761364
17,A*-GA,95.0,22.0,0.900286296275376
17,A*-GA,97.0,24.0,0.8987969317827414
17,A*-GA,99.0,24.0,0.8972115136096616
17,A*-GA,101.0,28.000000000000004,0.895536357629183
17,A*-GA,103.0,30.0,0.8937774898340848
17,A*-GA,105.0,30.0,0.8919406584048345
17,A*-GA,107.0,30.0,0.8900313452926187
17,A*-GA,109.0,32.0,0.8880547773366589
17,A*-GA,111.0,34.0,0.88601593693427
17,A*-GA,113.0,34.0,0.8839195722813928
17,A*-GA,115.0,34.0,0.8817702072006289
17,A*-GA,117.0,34.0,0.8795721505731404
17,A*-GA,119.0,36.0,0.8773295053901295
17,A*-GA,121.0,36.0,0.8750461774389915
17,A*-GA,123.0,36.0,0.8727258836386449
17,A*-GA,125.0,36.0,0.8703721600379665
17,A*-GA,127.0,36.0,0.8680292616450164
17,A*-GA,129.0,36.0,0.8658188594599026
17,A*-GA,131.0,36.0,0.8637353907758711
17,A*-GA,133.0,38.0,0.8617656624568651
17,A*-GA,135.0,38.0,0.8598819425579481
17,A*-GA,137.0,38.0,0.858080756681958
17,A*-GA,139.0,40.0,0.8563587678399321
17,A*-GA,141.0,40.0,0.8547204540173684
17,A*-GA,143.0,44.0,0.8530627265456616
17,A*-GA,145.0,46.0,0.8513477627996178
17,A*-GA,147.0,46.0,0.849579823426805
17,A*-GA,149.0,46.0,0.8477629686208273
17,A*-GA,151.0,46.0,0.8459010665356506
17,A*-GA,153.0,46.0,0.8439978013607384
17,A*-GA,155.0,46.0,0.8420566810704511
17,A*-GA,157.0,50.0,0.8400810448606361
17,A*-GA,159.0,50.0,0.8380740702848261
17,A*-GA,161.0,50.0,0.8360387801019736
17,A*-GA,163.0,50.0,0.8339780488471764
17,A*-GA,165.0,50.0,0.8318946091364021
17,A*-GA,167.0,50.0,0.8297910577157811
17,A*-GA,169.0,50.0,0.8276698612656236
17,A*-GA,171.0,52.0,0.825533361968913
17,A*-GA,173.0,52.0,0.8233837828536464
17,A*-GA,175.0,52.0,0.82122323291802
17,A*-GA,177.0,52.0,0.8190922173960912
17,A*-GA,179.0,52.0,0.8171042646629563
17,A*-GA,181.0,52.0,0.815253188884817
17,A*-GA,183.0,56.00000000000001,0.8135252005486886
17,A*-GA,185.0,56.00000000000001,0.8118919970079531
17,A*-GA,187.0,56.00000000000001,0.8103495578065911
17,A*-GA,189.0,56.00000000000001,0.8088940235479649
17,A*-GA,191.0,56.00000000000001,0.8075216895396116
17,A*-GA,193.0,57.99999999999999,0.8062289996877577
17,A*-GA,195.0,62.0,0.8050125406317549
17,A*-GA,197.0,62.0,0.803869036109016
17,A*-GA,199.0,62.0,0.8027791283544815
17,A*-GA,201.0,64.0,0.8016223632343976
17,A*-GA,203.0,64.0,0.8003714068716791
17,A*-GA,205.0,64.0,0.7990322556317213
17,A*-GA,207.0,64.0,0.7976106326072403
17,A*-GA,209.0,64.0,0.7961119989673914
17,A*-GA,211.0,66.0,0.7945415648512718
17,A*-GA,213.0,66.0,0.7929042998238548
17,A*-GA,215.0,66.0,0.7912049429116893
17,A*-GA,217.0,66.0,0.7894480122350159
17,A*-GA,219.0,66.0,0.7876378142522958
17,A*-GA,221.0,66.0,0.7857784526325196
17,A*-GA,223.0,70.0,0.7838738367700528
17,A*-GA,225.0,70.0,0.7819276899562009
17,A*-GA,227.0,70.0,0.7799435572211094
17,A*-GA,229.0,72.0,0.777924812859086
17,A*-GA,231.0,72.0,0.7758746676499079
17,A*-GA,233.0,74.0,0.7737961757881894
17,A*-GA,235.0,74.0,0.7716923277108418
17,A*-GA,237.0,76.0,0.7695661358599792
17,A*-GA,239.0,78.0,0.7674202102462626
17,A*-GA,241.0,78.0,0.7652567730104388
17,A*-GA,243.0,78.0,0.7630781042233767
17,A*-GA,245.0,78.0,0.7608864570286352
17,A*-GA,247.0,78.0,0.758683970010737
17,A*-GA,249.0,78.0,0.7564726709256389
17,A*-GA,251.0,78.0,0.7542544814936656
17,A*-GA,253.0,78.0,0.75203122199706
17,A*-GA,255.0,78.0,0.7498046156899366
17,A*-GA,257.0,80.0,0.7475762930281165
17,A*-GA,259.0,82.0,0.7453477957260278
17,A*-GA,261.0,82.0,0.743120580647573
17,A*-GA,263.0,82.0,0.7408960235375868
17,A*-GA,265.0,82.0,0.7386754226002533
17,A*-GA,267.0,84.0,0.7364600019305958
17,A*-GA,269.0,84.0,0.7342509148049087
17,A*-GA,271.0,86.0,0.7320492468357757
17,A*-GA,273.0,86.0,0.7298560189970877
17,A*-GA,275.0,86.0,0.7276721905242658
17,A*-GA,277.0,88.0,0.7254986616946837
17,A*-GA,279.0,90.0,0.7233362764930912
17,A*-GA,281.0,92.0,0.721185825166648
17,A*-GA,283.0,92.0,0.7190480466739919
17,A*-GA,285.0,92.0,0.716923631032597
17,A*-GA,287.0,92.0,0.7148132215685016
17,A*-GA,289.0,92.0,0.71271741707233
17,A*-GA,291.0,94.0,0.7106369116348902
17,A*-GA,293.0,96.0,0.7085722565833257
17,A*-GA,295.0,100.0,0.706523917149913
17,A*-GA,297.0,100.0,0.7044923223487807
17,A*-GA,299.0,100.0,0.7024778666937107
17,A*-GA,301.0,100.0,0.7004809118436434
17,A*-GA,303.0,100.0,0.6985017881788009
17,A*-GA,305.0,100.0,0.6965407963102331
17,A*-GA,307.0,100.0,0.6945982085254747
17,A*-GA,309.0,100.0,0.6926742701728975
17,A*-GA,311.0,100.0,0.6907692009872392
17,A*-GA,313.0,100.0,0.6888831963586897
17,A*-GA,315.0,100.0,0.6870164285478251
17,A*-GA,317.0,100.0,0.6851690478485822
17,A*-GA,319.0,100.0,0.6833411837013871
17,A*-GA,321.0,100.0,0.6815329457584586
17,A*-GA,323.0,100.0,0.6797444249032362
17,A*-GA,325.0,100.0,0.6779756942257958
17,A*-GA,327.0,100.0,0.6762268099560482
17,A*-GA,329.0,100.0,0.6744978123564414
17,A*-GA,331.0,100.0,0.6727887265758195
17,A*-GA,333.0,100.0,0.6710995634660258
17,A*-GA,335.0,100.0,0.669430320362773
17,A*-GA,337.0,100.0,0.6677809818322428
17,A*-GA,339.0,100.0,0.6661515203848226
17,A*-GA,341.0,100.0,0.664541897157323
17,A*-GA,343.0,100.0,0.6629520625649745
17,A*-GA,345.0,100.0,0.661381956924444
17,A*-GA,347.0,100.0,0.6598315110490657
17,A*-GA,349.0,100.0,0.65830064681743
17,A*-GA,351.0,100.0,0.6567892777164313
17,A*-GA,353.0,100.0,0.6552973093598305
17,A*-GA,355.0,100.0,0.6538246399833433
17,A*-GA,357.0,100.0,0.6523711609172289
17,A*-GA,359.0,100.0,0.6509367570373119
17,A*-GA,361.0,100.0,0.649521307195334
17,A*-GA,363.0,100.0,0.6481246846294937
17,A*-GA,365.0,100.0,0.646746757356003
17,A*-GA,367.0,100.0,0.6453873885424499
17,A*-GA,369.0,100.0,0.6440464368637294
17,A*-GA,371.0,100.0,0.6427237568412727
17,A*-GA,373.0,100.0,0.6414191991662739
17,A*-GA,375.0,100.0,0.6401326110075876
17,A*-GA,377.0,100.0,0.6388638363049423
17,A*-GA,379.0,100.0,0.6376127160480884
17,A*-GA,381.0,100.0,0.6363790885424758
17,A*-GA,383.0,100.0,0.6351627896620295
17,A*-GA,385.0,100.0,0.6339636530895723
17,A*-GA,387.0,100.0,0.6327815105454179
17,A*-GA,389.0,100.0,0.6316161920046396
17,A*-GA,391.0,100.0,0.6304675259034962
17,A*-GA,393.0,100.0,0.6293353393354798
17,A*-GA,395.0,100.0,0.6282194582374301
17,A*-GA,397.0,100.0,0.6271197075661419
17,A*-GA,399.0,100.0,0.6260359114658756
17,A*-GA,401.0,100.0,0.6249678934271623
17,A*-GA,403.0,100.0,0.6239154764372824
17,A*-GA,405.0,100.0,0.6228784831227754
17,A*-GA,407.0,100.0,0.6218567358843327
17,A*-GA,409.0,100.0,0.6208500570244005
17,A*-GA,411.0,100.0,0.6198582688678156
17,A*-GA,413.0,100.0,0.618881193875778
17,A*-GA,415.0,100.0,0.6179186547534543
17,A*-GA,417.0,100.0,0.6169704745514921
17,A*-GA,419.0,100.0,0.6160364767617175
17,A*-GA,421.0,100.0,0.6151164854072705
17,A*-GA,423.0,100.0,0.6142103251274307
17,A*-GA,425.0,100.0,0.6133178212573678
17,A*-GA,427.0,100.0,0.612438799903045
17,A*-GA,429.0,100.0,0.6115730880114961
17,A*-GA,431.0,100.0,0.6107205134366838
17,A*-GA,433.0,100.0,0.6098809050011397
17,A*-GA,435.0,100.0,0.6090540925535807
17,A*-GA,437.0,100.0,0.6082399070226837
17,A*-GA,439.0,100.0,0.6074381804671969
17,A*-GA,441.0,100.0,0.6066487461225564
17,A*-GA,443.0,100.0,0.6058714384441715
17,A*-GA,445.0,100.0,0.6051060931475327
17,A*-GA,447.0,100.0,0.6043525472452933
17,A*-GA,449.0,100.0,0.6036106390814646
17,A*-GA,451.0,100.0,0.6028802083628658
17,A*-GA,453.0,100.0,0.6021610961879543
17,A*-GA,455.0,100.0,0.6014531450731674
17,A*-GA,457.0,100.0,0.6007561989768909
17,A*-GA,459.0,100.0,0.6000701033211728
18,EHCO,1.0,0.0,0.7976399868626014
18,EHCO,3.0,0.0,0.8044839412135183
18,EHCO,5.0,0.0,0.8109701643550363
18,EHCO,7.0,0.0,0.8171141594448396
18,EHCO,9.0,0.0,0.8229307971673341
18,EHCO,11.0,0.0,0.8284343409468807
18,EHCO,13.0,0.0,0.8336384711652839
18,EHCO,15.0,0.0,0.8385563084227071
18,EHCO,17.0,0.0,0.843188603901247
18,EHCO,19.0,2.0,0.8474237501002394
18,EHCO,21.0,2.0,0.8512808821281355
18,EHCO,23.0,2.0,0.8547783256677044
18,EHCO,25.0,2.0,0.8579336297008398
18,EHCO,27.0,2.0,0.8607635979335265
18,EHCO,29.0,4.0,0.8632843189722252
18,EHCO,31.0,4.0,0.8655111953009171
18,EHCO,33.0,4.0,0.8674589711061159
18,EHCO,35.0,4.0,0.8691417589952927
18,EHCO,37.0,6.0,0.8705730656523736
18,EHCO,39.0,6.0,0.8717658164722534
18,EHCO,41.0,6.0,0.8727323792146157
18,EHCO,43.0,6.0,0.8734845867157713
18,EHCO,45.0,6.0,0.8740337586956999
18,EHCO,47.0,6.0,0.8743907226960149
18,EHCO,49.0,10.0,0.8745658341831762
18,EHCO,51.0,12.0,0.8745689958499131
18,EHCO,53.0,12.0,0.8744096761465313
18,EHCO,55.0,14.000000000000002,0.8742281020857608
18,EHCO,57.0,16.0,0.8740688157437633
18,EHCO,59.0,22.0,0.8739307752150283
18,EHCO,61.0,22.0,0.8737840539571404
18,EHCO,63.0,22.0,0.8736197726185572
18,EHCO,65.0,22.0,0.8734389998147032
18,EHCO,67.0,22.0,0.873252288618109
18,EHCO,69.0,22.0,0.8729572095354935
18,EHCO,71.0,22.0,0.8725170935407376
18,EHCO,73.0,22.0,0.8719402133420973
18,EHCO,75.0,24.0,0.8712344744189711
18,EHCO,77.0,24.0,0.8704074301338522
18,EHCO,79.0,24.0,0.8694662962397783
18,EHCO,81.0,24.0,0.8684179648071858
18,EHCO,83.0,24.0,0.8672690175931373
18,EHCO,85.0,24.0,0.8660257388749816
18,EHCO,87.0,24.0,0.8646941277696408
18,EHCO,89.0,24.0,0.8632799100588849
18,EHCO,91.0,24.0,0.8617885495401482
18,EHCO,93.0,24.0,0.8602252589216781
18,EHCO,95.0,24.0,0.8585950102800625
18,EHCO,97.0,24.0,0.8569025450974698
18,EHCO,99.0,26.0,0.8551523838952598
18,EHCO,101.0,26.0,0.8533488354799598
18,EHCO,103.0,26.0,0.851536700782141
18,EHCO,105.0,28.000000000000004,0.8498378002335942
18,EHCO,107.0,28.000000000000004,0.8482473095401036
18,EHCO,109.0,30.0,0.8467527452008109
18,EHCO,111.0,30.0,0.8453270572554632
18,EHCO,113.0,34.0,0.8439674267237098
18,EHCO,115.0,36.0,0.8426711465057221
18,EHCO,117.0,38.0,0.841435616978861
18,EHCO,119.0,38.0,0.8402583417672472
18,EHCO,121.0,38.0,0.8391369236774432
18,EHCO,123.0,38.0,0.8380690607937343
18,EHCO,125.0,38.0,0.837052542726742
18,EHCO,127.0,38.0,0.8360852470093556
18,EHCO,129.0,40.0,0.835165135634199
18,EHCO,131.0,40.0,0.8342902517270808
18,EHCO,133.0,42.0,0.8334587163510887
18,EHCO,135.0,42.0,0.8326505083684075
18,EHCO,137.0,42.0,0.8317515052362053
18,EHCO,139.0,42.0,0.830767287950963
18,EHCO,141.0,44.0,0.8297031851946959
18,EHCO,143.0,44.0,0.8285642837848066
18,EHCO,145.0,44.0,0.8273554387048759
18,EHCO,147.0,44.0,0.8260812827329795
18,EHCO,149.0,44.0,0.8247462356834716
18,EHCO,151.0,44.0,0.8233545132775403
18,EHCO,153.0,44.0,0.8219101356572458
18,EHCO,155.0,44.0,0.8204169355571649
18,EHCO,157.0,44.0,0.8188785661472144
18,EHCO,159.0,46.0,0.8172985085596896
18,EHCO,161.0,48.0,0.8156800791130375
18,EHCO,163.0,48.0,0.8141424294975333
18,EHCO,165.0,50.0,0.8127205232235244
18,EHCO,167.0,52.0,0.8114092073162247
18,EHCO,169.0,52.0,0.8101804267557347
18,EHCO,171.0,57.99999999999999,0.8090230237874584
18,EHCO,173.0,57.99999999999999,0.807933938461966
18,EHCO,175.0,60.0,0.8069102337419264
18,EHCO,177.0,60.0,0.8059490906485673
18,EHCO,179.0,60.0,0.8050478035988923
18,EHCO,181.0,62.0,0.8042037759261618
18,EHCO,183.0,62.0,0.8034145155764494
18,EHCO,185.0,62.0,0.8026776309743594
18,EHCO,187.0,62.0,0.8019908270512671
18,EHCO,189.0,62.0,0.8013519014297013
18,EHCO,191.0,62.0,0.8007587407577412
18,EHCO,193.0,62.0,0.800209317187539
18,EHCO,195.0,62.0,0.7997016849923082
18,EHCO,197.0,62.0,0.7992339773163457
18,EHCO,199.0,62.0,0.7988120860218659
18,EHCO,201.0,64.0,0.798327678028761
18,EHCO,203.0,64.0,0.797714161554205
18,EHCO,205.0,64.0,0.7969790439266934
18,EHCO,207.0,64.0,0.7961294975939895
18,EHCO,209.0,64.0,0.7951723739276809
18,EHCO,211.0,64.0,0.7941142164751542
18,EHCO,213.0,66.0,0.7929612736808541
18,EHCO,215.0,66.0,0.791719511097821
18,EHCO,217.0,66.0,0.7903946231096821
18,EHCO,219.0,66.0,0.7889920441824744
18,EHCO,221.0,68.0,0.7875169596649135
18,EHCO,223.0,68.0,0.7859743161549915
18,EHCO,225.0,70.0,0.7843688314500801
18,EHCO,227.0,70.0,0.7827050040970425
18,EHCO,229.0,70.0,0.7809871225582031
18,EHCO,231.0,70.0,0.7792192740084027
18,EHCO,233.0,70.0,0.7774053527777658
18,EHCO,235.0,70.0,0.7755490684542296
18,EHCO,237.0,70.0,0.7736539536593341
18,EHCO,239.0,72.0,0.7717233715102342
18,EHCO,241.0,74.0,0.7697605227803894
18,EHCO,243.0,74.0,0.767768709598917
18,EHCO,245.0,74.0,0.7657509027838472
18,EHCO,247.0,78.0,0.7637098432112619
18,EHCO,249.0,78.0,0.7616481357851231
18,EHCO,251.0,78.0,0.7595682552416366
18,EHCO,253.0,78.0,0.7574725517181399
18,EHCO,255.0,80.0,0.7553632560958805
18,EHCO,257.0,80.0,0.7532424851256816
18,EHCO,259.0,80.0,0.7511122463451355
18,EHCO,261.0,80.0,0.7489744427956261
18,EHCO,263.0,82.0,0.7468308775471534
18,EHCO,265.0,84.0,0.744683258038618
18,EHCO,267.0,84.0,0.7425332002409208
18,EHCO,269.0,84.0,0.7403822326499432
18,EHCO,271.0,84.0,0.7382318001161952
18,EHCO,273.0,84.0,0.7360832675176476
18,EHCO,275.0,84.0,0.7339379232820105
18,EHCO,277.0,84.0,0.7317969827644695
18,EHCO,279.0,86.0,0.7296615914866578
18,EHCO,281.0,86.0,0.7275328282424078
18,EHCO,283.0,88.0,0.7254117080756136
18,EHCO,285.0,88.0,0.7232991851353187
18,EHCO,287.0,88.0,0.7211961554129458
18,EHCO,289.0,88.0,0.7191034593663878
18,EHCO,291.0,88.0,0.717021884435494
18,EHCO,293.0,88.0,0.7149521674533053
18,EHCO,295.0,88.0,0.7128949969572206
18,EHCO,297.0,88.0,0.710851015404111
18,EHCO,299.0,88.0,0.7088208212932372
18,EHCO,301.0,88.0,0.7068049712006766
18,EHCO,303.0,90.0,0.7048039817288166
18,EHCO,305.0,90.0,0.7028183313743306
18,EHCO,307.0,90.0,0.7008484623179184
18,EHCO,309.0,92.0,0.6988947821389615
18,EHCO,311.0,92.0,0.6969576654581203
18,EHCO,313.0,92.0,0.6950374555107786
18,EHCO,315.0,94.0,0.6931344656541253
18,EHCO,317.0,94.0,0.691248980810556
18,EHCO,319.0,96.0,0.6893812588499647
18,EHCO,321.0,96.0,0.6875315319133999
18,EHCO,323.0,96.0,0.6857000076804558
18,EHCO,325.0,96.0,0.6838868705826799
18,EHCO,327.0,96.0,0.6820922829651834
18,EHCO,329.0,96.0,0.6803163861985564
18,EHCO,331.0,96.0,0.6785593017431061
18,EHCO,333.0,96.0,0.6768211321673548
18,EHCO,335.0,96.0,0.675101962122658
18,EHCO,337.0,96.0,0.673401859275729
18,EHCO,339.0,96.0,0.6717208752007858
18,EHCO,341.0,96.0,0.6700590462329657
18,EHCO,343.0,96.0,0.66841639428459
18,EHCO,345.0,96.0,0.6667929276257953
18,EHCO,347.0,96.0,0.6651886416309923
18,EHCO,349.0,96.0,0.6636035194925461
18,EHCO,351.0,96.0,0.662037532903027
18,EHCO,353.0,96.0,0.6604906427073177
18,EHCO,355.0,96.0,0.6589627995258175
18,EHCO,357.0,96.0,0.6574539443499304
18,EHCO,359.0,96.0,0.6559640091109813
18,EHCO,361.0,96.0,0.6544929172236517
18,EHCO,363.0,96.0,0.6530405841049908
18,EHCO,365.0,96.0,0.6516069176700083
18,EHCO,367.0,96.0,0.6501918188048208
18,EHCO,369.0,98.0,0.6487951818182798
18,EHCO,371.0,98.0,0.6474168948729757
18,EHCO,373.0,98.0,0.6460568403964743
18,EHCO,375.0,98.0,0.644714895473609
18,EHCO,377.0,98.0,0.6433909322206185
18,EHCO,379.0,98.0,0.6420848181418856
18,EHCO,381.0,98.0,0.6407964164700093
18,EHCO,383.0,98.0,0.6395255864899034
18,EHCO,385.0,98.0,0.6382721838475941
18,EHCO,387.0,98.0,0.6370360608443604
18,EHCO,389.0,98.0,0.6358170667168316
18,EHCO,391.0,98.0,0.6346150479036369
18,EHCO,393.0,98.0,0.6334298482991741
18,EHCO,395.0,98.0,0.6322613094950426
18,EHCO,397.0,98.0,0.6311092710096636
18,EHCO,399.0,98.0,0.629973570506592
18,EHCO,401.0,98.0,0.6288540440019976
18,EHCO,403.0,98.0,0.6277505260617827
18,EHCO,405.0,98.0,0.626662849988774
18,EHCO,407.0,98.0,0.6255908480004201
18,EHCO,409.0,98.0,0.6245343513973981
18,EHCO,411.0,98.0,0.6234931907235239
18,EHCO,413.0,98.0,0.6224671959173398
18,EHCO,415.0,98.0,0.6214561964557407
18,EHCO,417.0,98.0,0.6204600214899848
18,EHCO,419.0,98.0,0.6194784999744196
18,EHCO,421.0,98.0,0.6185114607882416
18,EHCO,423.0,98.0,0.6175587328505948
18,EHCO,425.0,98.0,0.6166201452292994
18,EHCO,427.0,98.0,0.6156955272434932
18,EHCO,429.0,100.0,0.6147847085604524
18,EHCO,431.0,100.0,0.6138875192868519
18,EHCO,433.0,100.0,0.6130037900547106
18,EHCO,435.0,100.0,0.6121333521022599
18,EHCO,437.0,100.0,0.6112760373499624
18,EHCO,439.0,100.0,0.6104316784718986
18,EHCO,441.0,100.0,0.6096001089627316
18,EHCO,443.0,100.0,0.6087811632004487
18,EHCO,445.0,100.0,0.6079746765050723
18,EHCO,447.0,100.0,0.6071804851935252
18,EHCO,449.0,100.0,0.6063984266308254
18,EHCO,451.0,100.0,0.6056283392777799
18,EHCO,453.0,100.0,0.6048700627353397
18,EHCO,455.0,100.0,0.6041234377857713
18,EHCO,457.0,100.0,0.6033883064307924
18,EHCO,459.0,100.0,0.6026645119268172
18,EHCO,461.0,100.0,0.6019518988174434
18,EHCO,463.0,100.0,0.6012503129633155
18,EHCO,465.0,100.0,0.600559601569489
18,EHCO,467.0,100.0,0.5998796132104126
18,A*-GA,1.0,0.0,0.96672427861791
18,A*-GA,3.0,0.0,0.9669350918353817
18,A*-GA,5.0,0.0,0.9670483905722792
18,A*-GA,7.0,0.0,0.9670694697388517
18,A*-GA,9.0,0.0,0.9670033922394662
18,A*-GA,11.0,0.0,0.9668549984755884
18,A*-GA,13.0,0.0,0.9666289154693302
18,A*-GA,15.0,0.0,0.9663295656225549
18,A*-GA,17.0,0.0,0.965961175125949
18,A*-GA,19.0,0.0,0.9655277820318942
18,A*-GA,21.0,0.0,0.965033244004436
18,A*-GA,23.0,0.0,0.9644812457591184
18,A*-GA,25.0,0.0,0.963875306204951
18,A*-GA,27.0,0.0,0.9632187853002937
18,A*-GA,29.0,0.0,0.9625148906339798
18,A*-GA,31.0,0.0,0.9618008856718646
18,A*-GA,33.0,0.0,0.9610892286148963
18,A*-GA,35.0,0.0,0.9603803345916975
18,A*-GA,37.0,2.0,0.9596629163312741
18,A*-GA,39.0,2.0,0.9589037719208157
18,A*-GA,41.0,2.0,0.9581056874819802
18,A*-GA,43.0,2.0,0.9572713208426304
18,A*-GA,45.0,4.0,0.9563913749053262
18,A*-GA,47.0,4.0,0.9553445920553846
18,A*-GA,49.0,4.0,0.9541408397671283
18,A*-GA,51.0,4.0,0.9527895434998896
18,A*-GA,53.0,4.0,0.9512997049458489
18,A*-GA,55.0,6.0,0.9496799195470097
18,A*-GA,57.0,6.0,0.9479383933102327
18,A*-GA,59.0,8.0,0.9460829589481089
18,A*-GA,61.0,8.0,0.9442571320037723
18,A*-GA,63.0,8.0,0.9425051944435998
18,A*-GA,65.0,10.0,0.9408242226020169
18,A*-GA,67.0,12.0,0.9391777743180912
18,A*-GA,69.0,14.000000000000002,0.9375540109427086
18,A*-GA,71.0,14.000000000000002,0.9359527295377597
18,A*-GA,73.0,14.000000000000002,0.934373723771473
18,A*-GA,75.0,14.000000000000002,0.9328167842392281
18,A*-GA,77.0,14.000000000000002,0.9312816987686794
18,A*-GA,79.0,16.0,0.9297682527098612
18,A*-GA,81.0,16.0,0.9282762292109099
18,A*-GA,83.0,16.0,0.9268054094800202
18,A*-GA,85.0,18.0,0.9253662838467991
18,A*-GA,87.0,20.0,0.923855128049932
18,A*-GA,89.0,20.0,0.9222329137788762
18,A*-GA,91.0,20.0,0.920506807678731
18,A*-GA,93.0,22.0,0.9186836488059731
18,A*-GA,95.0,22.0,0.9167699622473187
18,A*-GA,97.0,22.0,0.914771972191633
18,A*-GA,99.0,22.0,0.9126956144765519
18,A*-GA,101.0,22.0,0.9105465486306331
18,A*-GA,103.0,22.0,0.9083301694310248
18,A*-GA,105.0,24.0,0.9060516179958609
18,A*-GA,107.0,24.0,0.9037157924298307
18,A*-GA,109.0,24.0,0.9013273580406443
18,A*-GA,111.0,24.0,0.8988907571434184
18,A*-GA,113.0,26.0,0.8964102184693327
18,A*-GA,115.0,26.0,0.8938897661942674
18,A*-GA,117.0,26.0,0.8913332286025092
18,A*-GA,119.0,26.0,0.8887442464000181
18,A*-GA,121.0,26.0,0.8861262806911804
18,A*-GA,123.0,28.000000000000004,0.8835240116842481
18,A*-GA,125.0,30.0,0.8810604678543842
18,A*-GA,127.0,30.0,0.8787298857363909
18,A*-GA,129.0,32.0,0.8764850185359372
18,A*-GA,131.0,32.0,0.8742001385974584
18,A*-GA,133.0,32.0,0.8718789269208913
18,A*-GA,135.0,32.0,0.869524885204458
18,A*-GA,137.0,32.0,0.8671413434554296
18,A*-GA,139.0,36.0,0.864731467292786
18,A*-GA,141.0,38.0,0.8622982649540191
18,A*-GA,143.0,38.0,0.8598445940178393
18,A*-GA,145.0,38.0,0.8573731678540826
18,A*-GA,147.0,38.0,0.8548865618116714
18,A*-GA,149.0,38.0,0.8523872191550504
18,A*-GA,151.0,40.0,0.8498774567591122
18,A*-GA,153.0,40.0,0.8473594705722274
18,A*-GA,155.0,40.0,0.8448353408566184
18,A*-GA,157.0,40.0,0.8423070372149485
18,A*-GA,159.0,40.0,0.8397764234116488
18,A*-GA,161.0,40.0,0.8372452619971694
18,A*-GA,163.0,42.0,0.834831081206121
18,A*-GA,165.0,42.0,0.8325673767022694
18,A*-GA,167.0,44.0,0.8304476291125464
18,A*-GA,169.0,48.0,0.8284424706646302
18,A*-GA,171.0,50.0,0.8265394823923795
18,A*-GA,173.0,52.0,0.8247343926532957
18,A*-GA,175.0,52.0,0.8230231002923972
18,A*-GA,177.0,52.0,0.8214016679218552
18,A*-GA,179.0,54.0,0.819866315464623
18,A*-GA,181.0,54.0,0.8184134139516992
18,A*-GA,183.0,54.0,0.817039479563071
18,A*-GA,185.0,54.0,0.8157411679027727
18,A*-GA,187.0,54.0,0.8145152684988739
18,A*-GA,189.0,54.0,0.8133586995195676
18,A*-GA,191.0,54.0,0.8122685026968776
18,A*-GA,193.0,54.0,0.8112418384498368
18,A*-GA,195.0,54.0,0.8102759811993081
18,A*-GA,197.0,54.0,0.8093683148669246
18,A*-GA,199.0,54.0,0.808516328550924
18,A*-GA,201.0,54.0,0.8076748219037044
18,A*-GA,203.0,54.0,0.8067178397632002
18,A*-GA,205.0,56.00000000000001,0.8056523608520119
18,A*-GA,207.0,56.00000000000001,0.8044850496464081
18,A*-GA,209.0,56.00000000000001,0.8032222693730957
18,A*-GA,211.0,57.99999999999999,0.8018700944850711
18,A*-GA,213.0,57.99999999999999,0.800434322637173
18,A*-GA,215.0,60.0,0.7989204861811425
18,A*-GA,217.0,60.0,0.7973338631992175
18,A*-GA,219.0,62.0,0.795679488094536
18,A*-GA,221.0,62.0,0.7939621617559095
18,A*-GA,223.0,64.0,0.792186461313828
18,A*-GA,225.0,64.0,0.790356749503901
18,A*-GA,227.0,64.0,0.7884771836532958
18,A*-GA,229.0,66.0,0.7865517243051225
18,A*-GA,231.0,66.0,0.7845841434951276
18,A*-GA,233.0,66.0,0.7825780326944893
18,A*-GA,235.0,70.0,0.7805368104319665
18,A*-GA,237.0,70.0,0.7784637296081294
18,A*-GA,239.0,70.0,0.7763618845138983
18,A*-GA,241.0,70.0,0.7742342175651367
18,A*-GA,243.0,70.0,0.7720835257645773
18,A*-GA,245.0,70.0,0.7699124669019212
18,A*-GA,247.0,70.0,0.7677235655025152
18,A*-GA,249.0,70.0,0.76551921853461
18,A*-GA,251.0,70.0,0.7633017033023551
18,A*-GA,253.0,72.0,0.7610731851163853
18,A*-GA,255.0,74.0,0.758835717601676
18,A*-GA,257.0,76.0,0.7565913259032369
18,A*-GA,259.0,76.0,0.7543420802762576
18,A*-GA,261.0,78.0,0.7520897066568402
18,A*-GA,263.0,78.0,0.7498356174691617
18,A*-GA,265.0,80.0,0.7475812986230667
18,A*-GA,267.0,80.0,0.7453282267574862
18,A*-GA,269.0,82.0,0.7430777963253357
18,A*-GA,271.0,82.0,0.7408313232186008
18,A*-GA,273.0,82.0,0.7385900482445852
18,A*-GA,275.0,82.0,0.7363551404592675
18,A*-GA,277.0,82.0,0.7341277003634826
18,A*-GA,279.0,82.0,0.731908762967413
18,A*-GA,281.0,82.0,0.7296993007286614
18,A*-GA,283.0,82.0,0.7275002263689662
18,A*-GA,285.0,82.0,0.7253123955744206
18,A*-GA,287.0,82.0,0.723136609583867
18,A*-GA,289.0,82.0,0.720973617669948
18,A*-GA,291.0,82.0,0.7188241195171226
18,A*-GA,293.0,82.0,0.7166887675007841
18,A*-GA,295.0,82.0,0.7145681688714518
18,A*-GA,297.0,82.0,0.7124628878478505
18,A*-GA,299.0,82.0,0.7103734476225444
18,A*-GA,301.0,88.0,0.708300332283641
18,A*-GA,303.0,88.0,0.7062439886559468
18,A*-GA,305.0,90.0,0.704204828064819
18,A*-GA,307.0,90.0,0.7021832280258286
18,A*-GA,309.0,90.0,0.7001795338632307
18,A*-GA,311.0,94.0,0.6981940602601127
18,A*-GA,313.0,96.0,0.6962270927429823
18,A*-GA,315.0,98.0,0.6942788891034469
18,A*-GA,317.0,98.0,0.692349680759526
18,A*-GA,319.0,98.0,0.6904396740590434
18,A*-GA,321.0,98.0,0.688549051527446
18,A*-GA,323.0,98.0,0.6866779730623018
18,A*-GA,325.0,98.0,0.68482657707664
18,A*-GA,327.0,98.0,0.682994981593215
18,A*-GA,329.0,98.0,0.6811832852916854
18,A*-GA,331.0,98.0,0.6793915685106247
18,A*-GA,333.0,98.0,0.6776198942062055
18,A*-GA,335.0,98.0,0.6758683088693206
18,A*-GA,337.0,98.0,0.6741368434028375
18,A*-GA,339.0,98.0,0.6724255139606168
18,A*-GA,341.0,98.0,0.6707343227498529
18,A*-GA,343.0,98.0,0.6690632587982439
18,A*-GA,345.0,98.0,0.6674122986874265
18,A*-GA,347.0,98.0,0.6657814072540624
18,A*-GA,349.0,98.0,0.6641705564526481
18,A*-GA,351.0,98.0,0.6625797410181514
18,A*-GA,353.0,100.0,0.6610088883058597
18,A*-GA,355.0,100.0,0.6594579167304485
18,A*-GA,357.0,100.0,0.6579267363115991
18,A*-GA,359.0,100.0,0.65641524919499
18,A*-GA,361.0,100.0,0.6549233501496824
18,A*-GA,363.0,100.0,0.6534509270428785
18,A*-GA,365.0,100.0,0.65199786129299
18,A*-GA,367.0,100.0,0.6505640283019203
18,A*-GA,369.0,100.0,0.6491492978674248
18,A*-GA,371.0,100.0,0.6477535345763795
18,A*-GA,373.0,100.0,0.6463765981797559
18,A*-GA,375.0,100.0,0.645018343950066
18,A*-GA,377.0,100.0,0.6436786230220127
18,A*-GA,379.0,100.0,0.6423572827170507
18,A*-GA,381.0,100.0,0.6410541668525325
18,A*-GA,383.0,100.0,0.6397691160360895
18,A*-GA,385.0,100.0,0.638501967945872
18,A*-GA,387.0,100.0,0.6372525575972433
18,A*-GA,389.0,100.0,0.636020717596504
18,A*-GA,391.0,100.0,0.6348062783821955
18,A*-GA,393.0,100.0,0.6336090684545098
18,A*-GA,395.0,100.0,0.6324289145933152
18,A*-GA,397.0,100.0,0.6312656420652804
18,A*-GA,399.0,100.0,0.630119074820566
18,A*-GA,401.0,100.0,0.6289890356795301
18,A*-GA,403.0,100.0,0.6278753465098771
18,A*-GA,405.0,100.0,0.6267778283946609
18,A*-GA,407.0,100.0,0.6256963017915388
18,A*-GA,409.0,100.0,0.6246305866836548
18,A*-GA,411.0,100.0,0.6235805027225145
18,A*-GA,413.0,100.0,0.6225458693632018
18,A*-GA,415.0,100.0,0.621526505992271
18,A*-GA,417.0,100.0,0.6205222320486357
18,A*-GA,419.0,100.0,0.6195328671377606
18,A*-GA,421.0,100.0,0.6185582311394531
18,A*-GA,423.0,100.0,0.6175981443095362
18,A*-GA,425.0,100.0,0.6166524273756744
18,A*-GA,427.0,100.0,0.6157209016276126
18,A*-GA,429.0,100.0,0.6148033890020781
18,A*-GA,431.0,100.0,0.6138997121625834
18,A*-GA,433.0,100.0,0.6130096945743603
18,A*-GA,435.0,100.0,0.6121331605746441
18,A*-GA,437.0,100.0,0.6112699354385195
18,A*-GA,439.0,100.0,0.6104198454405294
18,A*-GA,441.0,100.0,0.6095827179122403
18,A*-GA,443.0,100.0,0.6087583812959501
18,A*-GA,445.0,100.0,0.6079466651947157
18,A*-GA,447.0,100.0,0.607147400418871
18,A*-GA,449.0,100.0,0.6063604190291982
18,A*-GA,451.0,100.0,0.60558555437691
18,A*-GA,453.0,100.0,0.60482264114059
18,A*-GA,455.0,100.0,0.6040715153602393
18,A*-GA,457.0,100.0,0.6033320144685607
18,A*-GA,459.0,100.0,0.6026039773196183
18,A*-GA,461.0,100.0,0.6018872442149958
18,A*-GA,463.0,100.0,0.6011816569275729
18,A*-GA,465.0,100.0,0.6004870587230392
18,A*-GA,467.0,100.0,0.5998032943792543
19,EHCO,1.0,0.0,0.8857538015694985
19,EHCO,3.0,0.0,0.8891410695382
19,EHCO,5.0,0.0,0.8923062113758294
19,EHCO,7.0,0.0,0.8952594104814248
19,EHCO,9.0,0.0,0.8980104264737571
19,EHCO,11.0,0.0,0.9005686122175794
19,EHCO,13.0,0.0,0.9029429301753074
19,EHCO,15.0,0.0,0.9051419681106988
19,EHCO,17.0,0.0,0.9071621221916617
19,EHCO,19.0,0.0,0.9088876007496325
19,EHCO,21.0,0.0,0.9103335188691873
19,EHCO,23.0,0.0,0.9115143399139102
19,EHCO,25.0,0.0,0.9124439020644769
19,EHCO,27.0,0.0,0.9131354437996047
19,EHCO,29.0,0.0,0.9136016283616005
19,EHCO,31.0,0.0,0.9138545672466063
19,EHCO,33.0,2.0,0.9139058427580554
19,EHCO,35.0,2.0,0.9137665296603458
19,EHCO,37.0,2.0,0.9134472159682739
19,EHCO,39.0,2.0,0.9129580229063798
19,EHCO,41.0,4.0,0.9123086240710043
19,EHCO,43.0,4.0,0.911508263826576
19,EHCO,45.0,6.0,0.9105657749663981
19,EHCO,47.0,6.0,0.9094895956670178
19,EHCO,49.0,6.0,0.9082877857641162
19,EHCO,51.0,8.0,0.9071005620870777
19,EHCO,53.0,8.0,0.9059715118542624
19,EHCO,55.0,14.000000000000002,0.9048982247702773
19,EHCO,57.0,14.000000000000002,0.9038335141325421
19,EHCO,59.0,14.000000000000002,0.9026461942189182
19,EHCO,61.0,16.0,0.9013437862478576
19,EHCO,63.0,16.0,0.899933471568441
19,EHCO,65.0,16.0,0.8984221057340845
19,EHCO,67.0,18.0,0.8968162320118955
19,EHCO,69.0,18.0,0.8951220943500182
19,EHCO,71.0,20.0,0.8933456498244321
19,EHCO,73.0,20.0,0.891492580585819
19,EHCO,75.0,22.0,0.8895683053263045
19,EHCO,77.0,22.0,0.8875779902850971
19,EHCO,79.0,24.0,0.8855265598113009
19,EHCO,81.0,24.0,0.8834187065014574
19,EHCO,83.0,24.0,0.8812589009286779
19,EHCO,85.0,24.0,0.8790514009795679
19,EHCO,87.0,24.0,0.8769241059341915
19,EHCO,89.0,24.0,0.8749148653131305
19,EHCO,91.0,26.0,0.8730186655376451
19,EHCO,93.0,28.000000000000004,0.8712075829733383
19,EHCO,95.0,30.0,0.8694705835829144
19,EHCO,97.0,32.0,0.8678047237946408
19,EHCO,99.0,32.0,0.8662071759246837
19,EHCO,101.0,32.0,0.8646752236262946
19,EHCO,103.0,32.0,0.8632062575175762
19,EHCO,105.0,32.0,0.8617977709808192
19,EHCO,107.0,32.0,0.8604473561266791
19,EHCO,109.0,32.0,0.8591526999167274
19,EHCO,111.0,34.0,0.8579115804381607
19,EHCO,113.0,36.0,0.8567218633247015
19,EHCO,115.0,36.0,0.8555814983179523
19,EHCO,117.0,36.0,0.854488515963694
19,EHCO,119.0,38.0,0.8534487074068364
19,EHCO,121.0,42.0,0.8523580962968159
19,EHCO,123.0,42.0,0.851179514116077
19,EHCO,125.0,42.0,0.8499185675085698
19,EHCO,127.0,42.0,0.8485806075425535
19,EHCO,129.0,44.0,0.8471707403256606
19,EHCO,131.0,44.0,0.8456938371938
19,EHCO,133.0,44.0,0.8441545444907785
19,EHCO,135.0,44.0,0.8425572929548568
19,EHCO,137.0,44.0,0.840906306727814
19,EHCO,139.0,48.0,0.839205612001481
19,EHCO,141.0,48.0,0.8374590453161205
19,EHCO,143.0,48.0,0.8356702615244525
19,EHCO,145.0,48.0,0.8338427414345934
19,EHCO,147.0,48.0,0.832019418776713
19,EHCO,149.0,50.0,0.8303182746358252
19,EHCO,151.0,50.0,0.8287340398499607
19,EHCO,153.0,52.0,0.8272216575930089
19,EHCO,155.0,52.0,0.8256607706382936
19,EHCO,157.0,52.0,0.8240550585317157
19,EHCO,159.0,52.0,0.8224080271048195
19,EHCO,161.0,52.0,0.8207230157749573
19,EHCO,163.0,52.0,0.8190032045510455
19,EHCO,165.0,54.0,0.8172516207565984
19,EHCO,167.0,57.99999999999999,0.8154711454812579
19,EHCO,169.0,57.99999999999999,0.813664519771599
19,EHCO,171.0,57.99999999999999,0.8118343505715679
19,EHCO,173.0,57.99999999999999,0.8100976551321598
19,EHCO,175.0,62.0,0.8084883685337292
19,EHCO,177.0,66.0,0.8070008375483453
19,EHCO,179.0,66.0,0.8056065269987017
19,EHCO,181.0,66.0,0.8042938182749798
19,EHCO,183.0,66.0,0.8030592091123439
19,EHCO,185.0,68.0,0.8018993379654709
19,EHCO,187.0,68.0,0.8008109784513985
19,EHCO,189.0,68.0,0.7997910340107846
19,EHCO,191.0,68.0,0.7988365327790063
19,EHCO,193.0,68.0,0.7979446226588622
19,EHCO,195.0,70.0,0.7971125665869639
19,EHCO,197.0,70.0,0.7963377379862147
19,EHCO,199.0,70.0,0.7956176163970704
19,EHCO,201.0,70.0,0.7949075168644325
19,EHCO,203.0,70.0,0.7940829784683278
19,EHCO,205.0,70.0,0.7931508369247344
19,EHCO,207.0,70.0,0.7921176210049479
19,EHCO,209.0,70.0,0.7909895652179493
19,EHCO,211.0,70.0,0.7897726219846529
19,EHCO,213.0,70.0,0.7884724733241405
19,EHCO,215.0,70.0,0.7870945420711997
19,EHCO,217.0,72.0,0.7856440026437234
19,EHCO,219.0,72.0,0.7841257913777941
19,EHCO,221.0,72.0,0.7825446164475782
19,EHCO,223.0,74.0,0.780904967386478
19,EHCO,225.0,74.0,0.7792111242253428
19,EHCO,227.0,74.0,0.7774671662629182
19,EHCO,229.0,76.0,0.7756769804831137
19,EHCO,231.0,78.0,0.7738442696330937
19,EHCO,233.0,82.0,0.7719725599756467
19,EHCO,235.0,82.0,0.770065208728758
19,EHCO,237.0,82.0,0.7681254112047966
19,EHCO,239.0,82.0,0.7661564644892664
19,EHCO,241.0,84.0,0.7641613347543247
19,EHCO,243.0,86.0,0.7621426724305765
19,EHCO,245.0,86.0,0.76010282737555
19,EHCO,247.0,86.0,0.7580442897282591
19,EHCO,249.0,86.0,0.7559694266717596
19,EHCO,251.0,86.0,0.7538804855194094
19,EHCO,253.0,88.0,0.751779598863696
19,EHCO,255.0,88.0,0.7496687895156973
19,EHCO,257.0,88.0,0.7475499752435121
19,EHCO,259.0,88.0,0.7454249733176698
19,EHCO,261.0,88.0,0.7432955048712038
19,EHCO,263.0,88.0,0.7411631990817791
19,EHCO,265.0,90.0,0.7390295971829693
19,EHCO,267.0,90.0,0.7368961563114947
19,EHCO,269.0,90.0,0.7347642531969696
19,EHCO,271.0,90.0,0.7326351877004447
19,EHCO,273.0,92.0,0.7305101862077831
19,EHCO,275.0,94.0,0.7283904048836697
19,EHCO,277.0,94.0,0.7262769327918247
19,EHCO,279.0,94.0,0.7241707948867717
19,EHCO,281.0,94.0,0.7220729548822976
19,EHCO,283.0,94.0,0.7199843180015429
19,EHCO,285.0,94.0,0.7179057336134593
19,EHCO,287.0,94.0,0.7158379977601893
19,EHCO,289.0,94.0,0.7137818555797398
19,EHCO,291.0,94.0,0.7117380036281497
19,EHCO,293.0,94.0,0.7097070921051827
19,EHCO,295.0,94.0,0.707689861425188
19,EHCO,297.0,94.0,0.7056869099772252
19,EHCO,299.0,98.0,0.7036987495704207
19,EHCO,301.0,98.0,0.7017258542174594
19,EHCO,303.0,98.0,0.6997686619101884
19,EHCO,305.0,98.0,0.6978275763207237
19,EHCO,307.0,98.0,0.6959029684310627
19,EHCO,309.0,100.0,0.6939951780940845
19,EHCO,311.0,100.0,0.6921045155287099
19,EHCO,313.0,100.0,0.690231262751876
19,EHCO,315.0,100.0,0.6883756749498829
19,EHCO,317.0,100.0,0.6865379817915626
19,EHCO,319.0,100.0,0.684718388685624
19,EHCO,321.0,100.0,0.6829170779844381
19,EHCO,323.0,100.0,0.6811342101364313
19,EHCO,325.0,100.0,0.6793699247891729
19,EHCO,327.0,100.0,0.6776243418451608
19,EHCO,329.0,100.0,0.6758975624722241
19,EHCO,331.0,100.0,0.6741896700703905
19,EHCO,333.0,100.0,0.672500731196992
19,EHCO,335.0,100.0,0.6708307964517074
19,EHCO,337.0,100.0,0.6691799013231777
19,EHCO,339.0,100.0,0.6675480669987639
19,EHCO,341.0,100.0,0.6659353011389502
19,EHCO,343.0,100.0,0.6643415986178429
19,EHCO,345.0,100.0,0.6627669422311503
19,EHCO,347.0,100.0,0.6612113033729771
19,EHCO,349.0,100.0,0.659674642682715
19,EHCO,351.0,100.0,0.6581569106632557
19,EHCO,353.0,100.0,0.6566580482717067
19,EHCO,355.0,100.0,0.6551779874837443
19,EHCO,357.0,100.0,0.6537166518326855
19,EHCO,359.0,100.0,0.6522739569243284
19,EHCO,361.0,100.0,0.6508498109285602
19,EHCO,363.0,100.0,0.6494441150486917
19,EHCO,365.0,100.0,0.6480567639694471
19,EHCO,367.0,100.0,0.6466876462844896
19,EHCO,369.0,100.0,0.6453366449043368
19,EHCO,371.0,100.0,0.6440036374454806
19,EHCO,373.0,100.0,0.6426884966014955
19,EHCO,375.0,100.0,0.6413910904968867
19,EHCO,377.0,100.0,0.6401112830244011
19,EHCO,379.0,100.0,0.6388489341664929
19,EHCO,381.0,100.0,0.6376039003016074
19,EHCO,383.0,100.0,0.6363760344959251
19,EHCO,385.0,100.0,0.6351651867811725
19,EHCO,387.0,100.0,0.6339712044190929
19,EHCO,389.0,100.0,0.6327939321531363
19,EHCO,391.0,100.0,0.631633212447913
19,EHCO,393.0,100.0,0.630488885716928
19,EHCO,395.0,100.0,0.6293607905390946
19,EHCO,397.0,100.0,0.6282487638645059
19,EHCO,399.0,100.0,0.6271526412099229
19,EHCO,401.0,100.0,0.6260722568444178
19,EHCO,403.0,100.0,0.6250074439655958
19,EHCO,405.0,100.0,0.6239580348668001
19,EHCO,407.0,100.0,0.6229238610956888
19,EHCO,409.0,100.0,0.6219047536045557
19,EHCO,411.0,100.0,0.6209005428927535
19,EHCO,413.0,100.0,0.6199110591415616
19,EHCO,415.0,100.0,0.6189361323418271
19,EHCO,417.0,100.0,0.6179755924146955
19,EHCO,419.0,100.0,0.6170292693257332
19,EHCO,421.0,100.0,0.6160969931927317
19,EHCO,423.0,100.0,0.6151785943874718
19,EHCO,425.0,100.0,0.6142739036317154
19,EHCO,427.0,100.0,0.6133827520876799
19,EHCO,429.0,100.0,0.6125049714432409
19,EHCO,431.0,100.0,0.6116403939920991
19,EHCO,433.0,100.0,0.610788852709136
19,EHCO,435.0,100.0,0.6099501813211742
19,EHCO,437.0,100.0,0.6091242143733525
19,EHCO,439.0,100.0,0.608310787291311
19,EHCO,441.0,100.0,0.6075097364393783
19,EHCO,443.0,100.0,0.6067208991749442
19,EHCO,445.0,100.0,0.605944113899191
19,EHCO,447.0,100.0,0.605179220104353
19,EHCO,449.0,100.0,0.6044260584176636
19,EHCO,451.0,100.0,0.603684470642145
19,EHCO,453.0,100.0,0.602954299794387
19,EHCO,455.0,100.0,0.6022353901394571
19,EHCO,457.0,100.0,0.6015275872230779
19,EHCO,459.0,100.0,0.6008307379011992
19,EHCO,461.0,100.0,0.6001446903670931
19,A*-GA,1.0,0.0,0.8857538015694985
19,A*-GA,3.0,0.0,0.8891410695382
19,A*-GA,5.0,0.0,0.8923062113758294
19,A*-GA,7.0,0.0,0.8952594104814248
19,A*-GA,9.0,0.0,0.8980104264737571
19,A*-GA,11.0,0.0,0.9005686122175794
19,A*-GA,13.0,0.0,0.9029429301753074
19,A*-GA,15.0,0.0,0.9051419681106988
19,A*-GA,17.0,0.0,0.9071621221916617
19,A*-GA,19.0,0.0,0.9088876007496325
19,A*-GA,21.0,0.0,0.9103335188691873
19,A*-GA,23.0,0.0,0.9115143399139102
19,A*-GA,25.0,0.0,0.9124439020644769
19,A*-GA,27.0,0.0,0.9131354437996047
19,A*-GA,29.0,0.0,0.9136016283616005
19,A*-GA,31.0,0.0,0.9138545672466063
19,A*-GA,33.0,0.0,0.9139058427580554
19,A*-GA,35.0,0.0,0.9137665296603458
19,A*-GA,37.0,0.0,0.9134472159682739
19,A*-GA,39.0,0.0,0.9129580229063798
19,A*-GA,41.0,0.0,0.9123086240710043
19,A*-GA,43.0,0.0,0.911508263826576
19,A*-GA,45.0,0.0,0.9105657749663981
19,A*-GA,47.0,0.0,0.9094895956670178
19,A*-GA,49.0,0.0,0.9082877857641162
19,A*-GA,51.0,2.0,0.9071005620870777
19,A*-GA,53.0,2.0,0.9059715118542624
19,A*-GA,55.0,4.0,0.9048982247702773
19,A*-GA,57.0,4.0,0.9038481585364451
19,A*-GA,59.0,6.0,0.9028108328696574
19,A*-GA,61.0,8.0,0.9017862126108237
19,A*-GA,63.0,8.0,0.900774256300137
19,A*-GA,65.0,8.0,0.8997749165511889
19,A*-GA,67.0,8.0,0.8987881404083102
19,A*-GA,69.0,8.0,0.8978138696878295
19,A*-GA,71.0,12.0,0.8968520413039146
19,A*-GA,73.0,12.0,0.8959025875796364
19,A*-GA,75.0,12.0,0.8949654365438657
19,A*-GA,77.0,14.000000000000002,0.8940405122145938
19,A*-GA,79.0,14.000000000000002,0.8931277348692389
19,A*-GA,81.0,20.0,0.8922270213024822
19,A*-GA,83.0,20.0,0.891338285072152
19,A*-GA,85.0,20.0,0.8904614367336566
19,A*-GA,87.0,20.0,0.8895963840634454
19,A*-GA,89.0,20.0,0.8887430322719545
19,A*-GA,91.0,20.0,0.8878854725027946
19,A*-GA,93.0,20.0,0.8869041323808026
19,A*-GA,95.0,20.0,0.88580646410275
19,A*-GA,97.0,22.0,0.8845995846039109
19,A*-GA,99.0,22.0,0.8832902894195955
19,A*-GA,101.0,22.0,0.8818850659911759
19,A*-GA,103.0,22.0,0.880390106438588
19,A*-GA,105.0,22.0,0.8788113198204325
19,A*-GA,107.0,22.0,0.8771543439019633
19,A*-GA,109.0,22.0,0.8754245564504515
19,A*-GA,111.0,24.0,0.8736270860766491
19,A*-GA,113.0,24.0,0.871766822640336
19,A*-GA,115.0,24.0,0.8698484272372282
19,A*-GA,117.0,24.0,0.8678763417838394
19,A*-GA,119.0,24.0,0.8658547982162413
19,A*-GA,121.0,24.0,0.8637878273180342
19,A*-GA,123.0,24.0,0.861679267192239
19,A*-GA,125.0,24.0,0.8595327713912387
19,A*-GA,127.0,24.0,0.8573518167183459
19,A*-GA,129.0,26.0,0.8551397107140313
19,A*-GA,131.0,28.000000000000004,0.8528995988393394
19,A*-GA,133.0,28.000000000000004,0.8506344713685204
19,A*-GA,135.0,28.000000000000004,0.8483471700024354
19,A*-GA,137.0,34.0,0.8460403942138325
19,A*-GA,139.0,34.0,0.843716707335159
19,A*-GA,141.0,36.0,0.8414962615283376
19,A*-GA,143.0,36.0,0.8394137685546449
19,A*-GA,145.0,38.0,0.8374632547337092
19,A*-GA,147.0,40.0,0.8356158759773951
19,A*-GA,149.0,40.0,0.8338597158652679
19,A*-GA,151.0,40.0,0.8321909849978819
19,A*-GA,153.0,40.0,0.8306060449636208
19,A*-GA,155.0,40.0,0.8291014023897254
19,A*-GA,157.0,40.0,0.8276737032269833
19,A*-GA,159.0,40.0,0.826319727258911
19,A*-GA,161.0,40.0,0.8250363828266171
19,A*-GA,163.0,42.0,0.8238207017608832
19,A*-GA,165.0,42.0,0.8226526426290147
19,A*-GA,167.0,44.0,0.8214200178293994
19,A*-GA,169.0,44.0,0.8201271791778564
19,A*-GA,171.0,44.0,0.818778277705312
19,A*-GA,173.0,46.0,0.8173772720314653
19,A*-GA,175.0,46.0,0.8159279364017411
19,A*-GA,177.0,46.0,0.8144338684008793
19,A*-GA,179.0,46.0,0.8128984963559768
19,A*-GA,181.0,46.0,0.8113250864412965
19,A*-GA,183.0,46.0,0.8097167494966737
19,A*-GA,185.0,50.0,0.8081915334428238
19,A*-GA,187.0,50.0,0.80678397904274
19,A*-GA,189.0,52.0,0.8054888314804218
19,A*-GA,191.0,54.0,0.8042779381837322
19,A*-GA,193.0,56.00000000000001,0.8031400479633128
19,A*-GA,195.0,56.00000000000001,0.8020720113877092
19,A*-GA,197.0,56.00000000000001,0.8010708057320625
19,A*-GA,199.0,56.00000000000001,0.8001335299725737
19,A*-GA,201.0,56.00000000000001,0.7992151758696983
19,A*-GA,203.0,60.0,0.7981910525588242
19,A*-GA,205.0,60.0,0.797067647385006
19,A*-GA,207.0,62.0,0.7958511545516949
19,A*-GA,209.0,62.0,0.7945474872593581
19,A*-GA,211.0,62.0,0.7931622893573461
19,A*-GA,213.0,64.0,0.7917009465282756
19,A*-GA,215.0,66.0,0.7901685970234407
19,A*-GA,217.0,66.0,0.7885701419670335
19,A*-GA,219.0,66.0,0.7869102552462565
19,A*-GA,221.0,66.0,0.7851933930037339
19,A*-GA,223.0,66.0,0.7834238027479852
19,A*-GA,225.0,66.0,0.7816056182755398
19,A*-GA,227.0,66.0,0.7797429474454525
19,A*-GA,229.0,68.0,0.7778394496744845
19,A*-GA,231.0,70.0,0.7758983523538489
19,A*-GA,233.0,70.0,0.7739228975053325
19,A*-GA,235.0,70.0,0.77191625383592
19,A*-GA,237.0,70.0,0.769881435648581
19,A*-GA,239.0,72.0,0.7678213093969558
19,A*-GA,241.0,72.0,0.7657385999746787
19,A*-GA,243.0,74.0,0.7636358967498884
19,A*-GA,245.0,74.0,0.7615156604202686
19,A*-GA,247.0,76.0,0.7593802333234078
19,A*-GA,249.0,76.0,0.7572318395130446
19,A*-GA,251.0,76.0,0.7550725888832498
19,A*-GA,253.0,76.0,0.7529044820916773
19,A*-GA,255.0,78.0,0.750729415282326
19,A*-GA,257.0,80.0,0.7485491846157973
19,A*-GA,259.0,80.0,0.7463654906147229
19,A*-GA,261.0,80.0,0.7441799423317261
19,A*-GA,263.0,80.0,0.7419940613470003
19,A*-GA,265.0,80.0,0.7398092856022973
19,A*-GA,267.0,82.0,0.7376269730778581
19,A*-GA,269.0,82.0,0.7354484053185557
19,A*-GA,271.0,82.0,0.7332747908152741
19,A*-GA,273.0,84.0,0.731107268247309
19,A*-GA,275.0,86.0,0.7289469095913461
19,A*-GA,277.0,88.0,0.7267947231023555
19,A*-GA,279.0,90.0,0.7246516561715262
19,A*-GA,281.0,90.0,0.7225185980661654
19,A*-GA,283.0,90.0,0.7203963825562902
19,A*-GA,285.0,90.0,0.7182857904324533
19,A*-GA,287.0,90.0,0.7161875519191633
19,A*-GA,289.0,92.0,0.7141023489880896
19,A*-GA,291.0,92.0,0.7120308175750752
19,A*-GA,293.0,94.0,0.709973549704819
19,A*-GA,295.0,94.0,0.7079310955269401
19,A*-GA,297.0,96.0,0.7059040949633429
19,A*-GA,299.0,98.0,0.7038930534898639
19,A*-GA,301.0,100.0,0.7018983955844427
19,A*-GA,303.0,100.0,0.6999205117087794
19,A*-GA,305.0,100.0,0.6979597599297884
19,A*-GA,307.0,100.0,0.6960164674726964
19,A*-GA,309.0,100.0,0.6940909322085501
19,A*-GA,311.0,100.0,0.692183424078779
19,A*-GA,313.0,100.0,0.690294186459362
19,A*-GA,315.0,100.0,0.6884234374670396
19,A*-GA,317.0,100.0,0.6865713712099187
19,A*-GA,319.0,100.0,0.684738158984725
19,A*-GA,321.0,100.0,0.6829239504228658
19,A*-GA,323.0,100.0,0.6811288745873815
19,A*-GA,325.0,100.0,0.6793530410227803
19,A*-GA,327.0,100.0,0.6775965407596732
19,A*-GA,329.0,100.0,0.6758594472760489
19,A*-GA,331.0,100.0,0.6741418174169527
19,A*-GA,333.0,100.0,0.6724436922742679
19,A*-GA,335.0,100.0,0.6707650980282275
19,A*-GA,337.0,100.0,0.6691060467522177
19,A*-GA,339.0,100.0,0.6674665371823775
19,A*-GA,341.0,100.0,0.665846555453432
19,A*-GA,343.0,100.0,0.6642460758021465
19,A*-GA,345.0,100.0,0.662665061239727
19,A*-GA,347.0,100.0,0.661103464194444
19,A*-GA,349.0,100.0,0.659561227125703
19,A*-GA,351.0,100.0,0.6580382831107384
19,A*-GA,353.0,100.0,0.6565345564050574
19,A*-GA,355.0,100.0,0.6550499629777182
19,A*-GA,357.0,100.0,0.6535844110224823
19,A*-GA,359.0,100.0,0.6521378014458391
19,A*-GA,361.0,100.0,0.6507100283328595
19,A*-GA,363.0,100.0,0.6493009793918011
19,A*-GA,365.0,100.0,0.6479105363783444
19,A*-GA,367.0,100.0,0.64653857550031
19,A*-GA,369.0,100.0,0.6451849678036693
19,A*-GA,371.0,100.0,0.6438495795406286
19,A*-GA,373.0,100.0,0.6425322725205369
19,A*-GA,375.0,100.0,0.6412329044443357
19,A*-GA,377.0,100.0,0.6399513292232412
19,A*-GA,379.0,100.0,0.6386873972823219
19,A*-GA,381.0,100.0,0.6374409558496055
19,A*-GA,383.0,100.0,0.636211849231327
19,A*-GA,385.0,100.0,0.6349999190739017
19,A*-GA,387.0,100.0,0.6338050046131867
19,A*-GA,389.0,100.0,0.6326269429115665
19,A*-GA,391.0,100.0,0.6314655690833854
19,A*-GA,393.0,100.0,0.6303207165092157
19,A*-GA,395.0,100.0,0.6291922170394452
19,A*-GA,397.0,100.0,0.6280799011876345
19,A*-GA,399.0,100.0,0.6269835983140871
19,A*-GA,401.0,100.0,0.6259031368000499
19,A*-GA,403.0,100.0,0.6248383442129485
19,A*-GA,405.0,100.0,0.6237890474630438
19,A*-GA,407.0,100.0,0.6227550729518816
19,A*-GA,409.0,100.0,0.6217362467128918
19,A*-GA,411.0,100.0,0.6207323945444765
19,A*-GA,413.0,100.0,0.6197433421359168
19,A*-GA,415.0,100.0,0.618768915186411
19,A*-GA,417.0,100.0,0.6178089395175482
19,A*-GA,419.0,100.0,0.616863241179501
19,A*-GA,421.0,100.0,0.6159316465512199
19,A*-GA,423.0,100.0,0.6150139824348926
19,A*-GA,425.0,100.0,0.6141100761449223
19,A*-GA,427.0,100.0,0.6132197555916712
19,A*-GA,429.0,100.0,0.6123428493602022
19,A*-GA,431.0,100.0,0.6114791867842432
19,A*-GA,433.0,100.0,0.6106285980155902
19,A*-GA,435.0,100.0,0.609790914089156
19,A*-GA,437.0,100.0,0.6089659669838593
19,A*-GA,439.0,100.0,0.6081535896795484
19,A*-GA,441.0,100.0,0.6073536162101372
19,A*-GA,443.0,100.0,0.6065658817131303
19,A*-GA,445.0,100.0,0.605790222475703
19,A*-GA,447.0,100.0,0.605026475977496
19,A*-GA,449.0,100.0,0.6042744809302791
19,A*-GA,451.0,100.0,0.6035340773146294
19,A*-GA,453.0,100.0,0.6028051064137663
19,A*-GA,455.0,100.0,0.6020874108446763
19,A*-GA,457.0,100.0,0.6013808345866587
19,A*-GA,459.0,100.0,0.6006852230074136
19,A*-GA,461.0,100.0,0.6000004228867929
20,EHCO,1.0,0.0,0.7269916824208892
20,EHCO,3.0,0.0,0.7366071548669267
20,EHCO,5.0,0.0,0.7457561700327519
20,EHCO,7.0,0.0,0.7544466643984911
20,EHCO,9.0,0.0,0.7625739319418481
20,EHCO,11.0,0.0,0.770163736596262
20,EHCO,13.0,0.0,0.7772407709438125
20,EHCO,15.0,0.0,0.7838286992463595
20,EHCO,17.0,0.0,0.7899501987720164
20,EHCO,19.0,0.0,0.7956269994841019
20,EHCO,21.0,0.0,0.8008799221570785
20,EHCO,23.0,0.0,0.8057289149814557
20,EHCO,25.0,0.0,0.8101930887171905
20,EHCO,27.0,2.0,0.8142907504527875
20,EHCO,29.0,2.0,0.8180394360250475
20,EHCO,31.0,2.0,0.8214559411522533
20,EHCO,33.0,2.0,0.8245563513315107
20,EHCO,35.0,2.0,0.8273560705489642
20,EHCO,37.0,4.0,0.8298698488496942
20,EHCO,39.0,6.0,0.8321118088122618
20,EHCO,41.0,6.0,0.8340954709711013
20,EHCO,43.0,8.0,0.8358337782282569
20,EHCO,45.0,10.0,0.8373391192943357
20,EHCO,47.0,10.0,0.838623351196974
20,EHCO,49.0,10.0,0.8396978208936139
20,EHCO,51.0,10.0,0.8407038324909103
20,EHCO,53.0,10.0,0.8416874749383783
20,EHCO,55.0,14.000000000000002,0.842649436863679
20,EHCO,57.0,16.0,0.8435621592666576
20,EHCO,59.0,16.0,0.8444185432321495
20,EHCO,61.0,16.0,0.8452211326368753
20,EHCO,63.0,16.0,0.8459723660457085
20,EHCO,65.0,16.0,0.8466745809342096
20,EHCO,67.0,18.0,0.8473300177440052
20,EHCO,69.0,18.0,0.8479408237775931
20,EHCO,71.0,18.0,0.8485182606635315
20,EHCO,73.0,20.0,0.848960924325151
20,EHCO,75.0,22.0,0.8492334423101523
20,EHCO,77.0,22.0,0.8493450089889103
20,EHCO,79.0,22.0,0.8493044163934056
20,EHCO,81.0,22.0,0.8491200706892097
20,EHCO,83.0,22.0,0.8488000079898999
20,EHCO,85.0,22.0,0.8483519095398887
20,EHCO,87.0,22.0,0.8477831162906315
20,EHCO,89.0,22.0,0.8471006428941873
20,EHCO,91.0,22.0,0.8463111911371749
20,EHCO,93.0,22.0,0.8454211628372481
20,EHCO,95.0,24.0,0.8444366722233512
20,EHCO,97.0,24.0,0.8433635578201754
20,EHCO,99.0,26.0,0.8422073938564333
20,EHCO,101.0,26.0,0.8409735012157972
20,EHCO,103.0,28.000000000000004,0.8396669579486028
20,EHCO,105.0,28.000000000000004,0.838292609361711
20,EHCO,107.0,30.0,0.8368550777032309
20,EHCO,109.0,30.0,0.8353587714581515
20,EHCO,111.0,32.0,0.8338078942703004
20,EHCO,113.0,32.0,0.8322064535054335
20,EHCO,115.0,34.0,0.8305582684696831
20,EHCO,117.0,34.0,0.8288669782970279
20,EHCO,119.0,34.0,0.8271360495189108
20,EHCO,121.0,34.0,0.8254861552724692
20,EHCO,123.0,34.0,0.8239527518636764
20,EHCO,125.0,36.0,0.8225306973892063
20,EHCO,127.0,36.0,0.8211750973612768
20,EHCO,129.0,36.0,0.8197663322697134
20,EHCO,131.0,36.0,0.8183082398552785
20,EHCO,133.0,36.0,0.8168044783455298
20,EHCO,135.0,36.0,0.8153751424726297
20,EHCO,137.0,36.0,0.8140556693906391
20,EHCO,139.0,38.0,0.8128411548441468
20,EHCO,141.0,40.0,0.8117037825762319
20,EHCO,143.0,42.0,0.81063262403167
20,EHCO,145.0,44.0,0.8096248392741503
20,EHCO,147.0,44.0,0.8086777024557348
20,EHCO,149.0,46.0,0.8077885973116016
20,EHCO,151.0,46.0,0.8069550128318556
20,EHCO,153.0,48.0,0.8061745391034563
20,EHCO,155.0,50.0,0.8054448633155862
20,EHCO,157.0,50.0,0.8047637659220431
20,EHCO,159.0,50.0,0.8041291169544952
20,EHCO,161.0,50.0,0.8035388724806739
20,EHCO,163.0,52.0,0.8029910712018185
20,EHCO,165.0,52.0,0.8024838311839038
20,EHCO,167.0,52.0,0.8020153467174015
20,EHCO,169.0,52.0,0.8015838853005266
20,EHCO,171.0,52.0,0.8011877847411244
20,EHCO,173.0,52.0,0.8008331333415414
20,EHCO,175.0,56.00000000000001,0.8004220010863857
20,EHCO,177.0,56.00000000000001,0.7999189894788789
20,EHCO,179.0,57.99999999999999,0.7993294825004247
20,EHCO,181.0,57.99999999999999,0.798698023622616
20,EHCO,183.0,57.99999999999999,0.7981437229802922
20,EHCO,185.0,57.99999999999999,0.7976630583623845
20,EHCO,187.0,62.0,0.797244798521189
20,EHCO,189.0,62.0,0.7968630978606182
20,EHCO,191.0,64.0,0.7965162957405081
20,EHCO,193.0,64.0,0.7962027991692354
20,EHCO,195.0,66.0,0.7959210801222335
20,EHCO,197.0,66.0,0.7956696729660075
20,EHCO,199.0,68.0,0.7954471719835083
20,EHCO,201.0,68.0,0.7952093113010965
20,EHCO,203.0,68.0,0.794830791021096
20,EHCO,205.0,70.0,0.7943196026789274
20,EHCO,207.0,70.0,0.7936833834205832
20,EHCO,209.0,72.0,0.7929294305809891
20,EHCO,211.0,72.0,0.7920647156792917
20,EHCO,213.0,72.0,0.7910958978541288
20,EHCO,215.0,72.0,0.7900293367610343
20,EHCO,217.0,72.0,0.788871104953256
20,EHCO,219.0,74.0,0.7876269997664281
20,EHCO,221.0,74.0,0.7863025547267354
20,EHCO,223.0,76.0,0.7849030505014293
20,EHCO,225.0,76.0,0.7834335254098208
20,EHCO,227.0,76.0,0.7818987855121532
20,EHCO,229.0,78.0,0.7803034142930769
20,EHCO,231.0,80.0,0.7786517819557905
20,EHCO,233.0,80.0,0.7769480543422759
20,EHCO,235.0,82.0,0.7751962014944496
20,EHCO,237.0,84.0,0.7734000058704693
20,EHCO,239.0,84.0,0.771563070229872
20,EHCO,241.0,84.0,0.7696888252006805
20,EHCO,243.0,84.0,0.7677805365411001
20,EHCO,245.0,84.0,0.7658413121079269
20,EHCO,247.0,84.0,0.7638741085433131
20,EHCO,249.0,84.0,0.7618817376910729
20,EHCO,251.0,84.0,0.759866958931716
20,EHCO,253.0,84.0,0.7578325644727384
20,EHCO,255.0,86.0,0.755780954458382
20,EHCO,257.0,86.0,0.7537144079238841
20,EHCO,259.0,88.0,0.7516350879920329
20,EHCO,261.0,88.0,0.7495450468584999
20,EHCO,263.0,88.0,0.7474462305743584
20,EHCO,265.0,88.0,0.7453404836338626
20,EHCO,267.0,88.0,0.7432295533752445
20,EHCO,269.0,90.0,0.7411150942019815
20,EHCO,271.0,90.0,0.7389986716316894
20,EHCO,273.0,90.0,0.7368817661795162
20,EHCO,275.0,90.0,0.7347657770826383
20,EHCO,277.0,90.0,0.7326520258722028
20,EHCO,279.0,90.0,0.7305417597988044
20,EHCO,281.0,90.0,0.7284361551173496
20,EHCO,283.0,90.0,0.7263363202369266
20,EHCO,285.0,90.0,0.7242432987410788
20,EHCO,287.0,92.0,0.7221580722836632
20,EHCO,289.0,92.0,0.7200815633652757
20,EHCO,291.0,92.0,0.718014637995023
20,EHCO,293.0,92.0,0.7159581082422338
20,EHCO,295.0,92.0,0.7139127346825215
20,EHCO,297.0,92.0,0.711879228742432
20,EHCO,299.0,92.0,0.7098582549467493
20,EHCO,301.0,92.0,0.7078504330723611
20,EHCO,303.0,92.0,0.7058563402124431
20,EHCO,305.0,94.0,0.7038765127545605
20,EHCO,307.0,94.0,0.7019114482761512
20,EHCO,309.0,96.0,0.6999616073607144
20,EHCO,311.0,96.0,0.6980274153378965
20,EHCO,313.0,96.0,0.6961092639505388
20,EHCO,315.0,96.0,0.694207512951634
20,EHCO,317.0,96.0,0.692322491634016
20,EHCO,319.0,96.0,0.6904545002954999
20,EHCO,321.0,96.0,0.6886038116420786
20,EHCO,323.0,96.0,0.6867706721316806
20,EHCO,325.0,96.0,0.6849553032608927
20,EHCO,327.0,96.0,0.6831579027969562
20,EHCO,329.0,96.0,0.6813786459572556
20,EHCO,331.0,96.0,0.6796176865384258
20,EHCO,333.0,96.0,0.6778751579971253
20,EHCO,335.0,96.0,0.6761511744844351
20,EHCO,337.0,96.0,0.6744458318357712
20,EHCO,339.0,96.0,0.6727592085181189
20,EHCO,341.0,96.0,0.6710913665363262
20,EHCO,343.0,96.0,0.669442352300127
20,EHCO,345.0,96.0,0.6678121974534936
20,EHCO,347.0,96.0,0.6662009196678587
20,EHCO,349.0,96.0,0.664608523400682
20,EHCO,351.0,96.0,0.6630350006207819
20,EHCO,353.0,96.0,0.6614803315017903
20,EHCO,355.0,96.0,0.6599444850850407
20,EHCO,357.0,96.0,0.6584274199131414
20,EHCO,359.0,98.0,0.6569290846354421
20,EHCO,361.0,98.0,0.6554494185865458
20,EHCO,363.0,98.0,0.6539883523389811
20,EHCO,365.0,98.0,0.6525458082310956
20,EHCO,367.0,98.0,0.651121700871199
20,EHCO,369.0,98.0,0.649715937618933
20,EHCO,371.0,98.0,0.6483284190448142
20,EHCO,373.0,98.0,0.6469590393688538
20,EHCO,375.0,98.0,0.6456076868791217
20,EHCO,377.0,98.0,0.6442742443310915
20,EHCO,379.0,98.0,0.6429585893285632
20,EHCO,381.0,98.0,0.6416605946869355
20,EHCO,383.0,98.0,0.6403801287795611
20,EHCO,385.0,98.0,0.6391170558678971
20,EHCO,387.0,98.0,0.637871236416125
20,EHCO,389.0,98.0,0.6366425273908943
20,EHCO,391.0,98.0,0.6354307825468166
20,EHCO,393.0,98.0,0.6342358526983076
20,EHCO,395.0,98.0,0.6330575859783547
20,EHCO,397.0,98.0,0.6318958280847625
20,EHCO,399.0,100.0,0.6307504225144068
20,EHCO,401.0,100.0,0.6296212107860064
20,EHCO,403.0,100.0,0.6285080326518998
20,EHCO,405.0,100.0,0.6274107262992972
20,EHCO,407.0,100.0,0.6263291285414552
20,EHCO,409.0,100.0,0.625263074999208
20,EHCO,411.0,100.0,0.6242124002732666
20,EHCO,413.0,100.0,0.623176938107685
20,EHCO,415.0,100.0,0.6221565215448722
20,EHCO,417.0,100.0,0.6211509830725174
20,EHCO,419.0,100.0,0.6201601547627772
20,EHCO,421.0,100.0,0.6191838684040621
20,EHCO,423.0,100.0,0.6182219556257441
20,EHCO,425.0,100.0,0.6172742480160941
20,EHCO,427.0,100.0,0.6163405772337479
20,EHCO,429.0,100.0,0.6154207751129823
20,EHCO,431.0,100.0,0.6145146737630767
20,EHCO,433.0,100.0,0.6136221056620188
20,EHCO,435.0,100.0,0.61274290374481
20,EHCO,437.0,100.0,0.6118769014866046
20,EHCO,439.0,100.0,0.6110239329809197
20,EHCO,441.0,100.0,0.6101838330131324
20,EHCO,443.0,100.0,0.6093564371294788
20,EHCO,445.0,100.0,0.6085415817017567
20,EHCO,447.0,100.0,0.6077391039879269
20,EHCO,449.0,100.0,0.6069488421888015
20,EHCO,451.0,100.0,0.6061706355009954
20,EHCO,453.0,100.0,0.6054043241663142
20,EHCO,455.0,100.0,0.6046497495177433
20,EHCO,457.0,100.0,0.6039067540221941
20,EHCO,459.0,100.0,0.60317518132016
20,EHCO,461.0,100.0,0.6024548762624258
20,EHCO,463.0,100.0,0.6017456849439687
20,EHCO,465.0,100.0,0.6010474547351851
20,EHCO,467.0,100.0,0.6003600343105687
20,EHCO,469.0,100.0,0.5996832736749637
20,A*-GA,1.0,0.0,0.7269916824208892
20,A*-GA,3.0,0.0,0.7366071548669267
20,A*-GA,5.0,0.0,0.7457561700327519
20,A*-GA,7.0,0.0,0.7544584963768943
20,A*-GA,9.0,0.0,0.7627331025577523
20,A*-GA,11.0,0.0,0.7706096976879518
20,A*-GA,13.0,0.0,0.7780021758138049
20,A*-GA,15.0,0.0,0.7848876701084023
20,A*-GA,17.0,0.0,0.7912896501381235
20,A*-GA,19.0,0.0,0.7972306055794808
20,A*-GA,21.0,0.0,0.8027320856382125
20,A*-GA,23.0,0.0,0.8078147369058063
20,A*-GA,25.0,2.0,0.8124983397150168
20,A*-GA,27.0,2.0,0.8168018430535253
20,A*-GA,29.0,2.0,0.8207433980925648
20,A*-GA,31.0,2.0,0.8243403903850978
20,A*-GA,33.0,2.0,0.82760947078599
20,A*-GA,35.0,2.0,0.8305665851445638
20,A*-GA,37.0,2.0,0.8332270028179292
20,A*-GA,39.0,2.0,0.835741008048829
20,A*-GA,41.0,2.0,0.8381596506729253
20,A*-GA,43.0,4.0,0.840486635709217
20,A*-GA,45.0,4.0,0.842692254048024
20,A*-GA,47.0,8.0,0.8447708804560248
20,A*-GA,49.0,10.0,0.8467281600026785
20,A*-GA,51.0,10.0,0.8485695053407811
20,A*-GA,53.0,10.0,0.8503001060053046
20,A*-GA,55.0,10.0,0.85192493734445
20,A*-GA,57.0,10.0,0.8534595249531907
20,A*-GA,59.0,12.0,0.8548049351063877
20,A*-GA,61.0,14.000000000000002,0.8559266994575089
20,A*-GA,63.0,14.000000000000002,0.8568364101037688
20,A*-GA,65.0,14.000000000000002,0.8575451578008214
20,A*-GA,67.0,14.000000000000002,0.8580635524002823
20,A*-GA,69.0,14.000000000000002,0.8584017424727659
20,A*-GA,71.0,14.000000000000002,0.8585694341485972
20,A*-GA,73.0,14.000000000000002,0.8585759092070973
20,A*-GA,75.0,14.000000000000002,0.8584300424441236
20,A*-GA,77.0,16.0,0.8581403183463793
20,A*-GA,79.0,16.0,0.8577148470998828
20,A*-GA,81.0,16.0,0.8571613799589135
20,A*-GA,83.0,16.0,0.8564873240007115
20,A*-GA,85.0,18.0,0.8556997562902141
20,A*-GA,87.0,18.0,0.8548054374781597
20,A*-GA,89.0,18.0,0.8538527970102754
20,A*-GA,91.0,18.0,0.8529695708371163
20,A*-GA,93.0,20.0,0.8521527653321449
20,A*-GA,95.0,24.0,0.8513916546120714
20,A*-GA,97.0,24.0,0.8506608761634716
20,A*-GA,99.0,24.0,0.849959231048345
20,A*-GA,101.0,24.0,0.8492855674623261
20,A*-GA,103.0,24.0,0.8486387788845423
20,A*-GA,105.0,24.0,0.8480178023000641
20,A*-GA,107.0,26.0,0.8474216164920999
20,A*-GA,109.0,26.0,0.8468492404012005
20,A*-GA,111.0,26.0,0.8462997315488423
20,A*-GA,113.0,28.000000000000004,0.8457721845228658
20,A*-GA,115.0,30.0,0.8452657295223404
20,A*-GA,117.0,34.0,0.8447795309595256
20,A*-GA,119.0,34.0,0.8443127861166889
20,A*-GA,121.0,34.0,0.8438647238556267
20,A*-GA,123.0,34.0,0.8434346033778216
20,A*-GA,125.0,34.0,0.8430024248324793
20,A*-GA,127.0,34.0,0.8424520440893001
20,A*-GA,129.0,34.0,0.8417903264943903
20,A*-GA,131.0,34.0,0.841023831237236
20,A*-GA,133.0,34.0,0.8401588239699176
20,A*-GA,135.0,36.0,0.839201288921214
20,A*-GA,137.0,36.0,0.8381569405255774
20,A*-GA,139.0,36.0,0.8370312345861735
20,A*-GA,141.0,36.0,0.8358293789904272
20,A*-GA,143.0,38.0,0.8345563439957873
20,A*-GA,145.0,38.0,0.8332168721027243
20,A*-GA,147.0,40.0,0.8318154875313094
20,A*-GA,149.0,40.0,0.8303565053170743
20,A*-GA,151.0,42.0,0.8288440400412377
20,A*-GA,153.0,44.0,0.8272820142097859
20,A*-GA,155.0,44.0,0.8256741662953263
20,A*-GA,157.0,44.0,0.8241417028042662
20,A*-GA,159.0,46.0,0.8227204010372027
20,A*-GA,161.0,48.0,0.8214053361322786
20,A*-GA,163.0,48.0,0.8201686716991539
20,A*-GA,165.0,50.0,0.81899945950736
20,A*-GA,167.0,50.0,0.8178948403892071
20,A*-GA,169.0,50.0,0.8168520696954559
20,A*-GA,171.0,50.0,0.8158685127767715
20,A*-GA,173.0,52.0,0.8149416406427299
20,A*-GA,175.0,52.0,0.8140690257914015
20,A*-GA,177.0,54.0,0.8132483382028229
20,A*-GA,179.0,54.0,0.8124773414899203
20,A*-GA,181.0,54.0,0.8117538892007071
20,A*-GA,183.0,54.0,0.8110759212658168
20,A*-GA,185.0,54.0,0.8104414605856681
20,A*-GA,187.0,56.00000000000001,0.8098486097517797
20,A*-GA,189.0,57.99999999999999,0.8092955478969711
20,A*-GA,191.0,57.99999999999999,0.8087805276693883
20,A*-GA,193.0,57.99999999999999,0.8083095552944993
20,A*-GA,195.0,57.99999999999999,0.8077838594524289
20,A*-GA,197.0,57.99999999999999,0.8071677679240239
20,A*-GA,199.0,60.0,0.8064666562482746
20,A*-GA,201.0,60.0,0.8056748696495366
20,A*-GA,203.0,62.0,0.8047661501782785
20,A*-GA,205.0,64.0,0.8037475255790952
20,A*-GA,207.0,64.0,0.802625707561847
20,A*-GA,209.0,64.0,0.8014071048663604
20,A*-GA,211.0,66.0,0.8000978358035836
20,A*-GA,213.0,66.0,0.7987037402939182
20,A*-GA,215.0,66.0,0.7972303914226293
20,A*-GA,217.0,66.0,0.7956831065314581
20,A*-GA,219.0,68.0,0.7940669578648035
20,A*-GA,221.0,68.0,0.7923867827881167
20,A*-GA,223.0,68.0,0.7906471935954589
20,A*-GA,225.0,70.0,0.7888525869225053
20,A*-GA,227.0,70.0,0.7870071527806335
20,A*-GA,229.0,70.0,0.7851151400551428
20,A*-GA,231.0,70.0,0.7831804255657882
20,A*-GA,233.0,74.0,0.781206530915994
20,A*-GA,235.0,74.0,0.7791966386720542
20,A*-GA,237.0,78.0,0.7771540302544802
20,A*-GA,239.0,80.0,0.7750818274584871
20,A*-GA,241.0,80.0,0.7729829992267246
20,A*-GA,243.0,80.0,0.7708603681478746
20,A*-GA,245.0,80.0,0.7687166166920075
20,A*-GA,247.0,80.0,0.7665542931931651
20,A*-GA,249.0,80.0,0.7643758175892177
20,A*-GA,251.0,80.0,0.7621834905350071
20,A*-GA,253.0,80.0,0.7599794990480275
20,A*-GA,255.0,80.0,0.7577659173039235
20,A*-GA,257.0,80.0,0.7555447113891097
20,A*-GA,259.0,80.0,0.7533177439827266
20,A*-GA,261.0,80.0,0.7510867788476253
20,A*-GA,263.0,80.0,0.7488534851379933
20,A*-GA,265.0,80.0,0.7466194415309316
20,A*-GA,267.0,80.0,0.7443861401890081
20,A*-GA,269.0,82.0,0.7421549905605317
20,A*-GA,271.0,82.0,0.7399273230240265
20,A*-GA,273.0,82.0,0.7377043923831293
20,A*-GA,275.0,82.0,0.7354873812178865
20,A*-GA,277.0,82.0,0.7332774030981927
20,A*-GA,279.0,82.0,0.7310755056648832
20,A*-GA,281.0,86.0,0.7288826735837776
20,A*-GA,283.0,86.0,0.7266998313777593
20,A*-GA,285.0,88.0,0.724527846141777
20,A*-GA,287.0,88.0,0.72236753014546
20,A*-GA,289.0,90.0,0.7202197999345007
20,A*-GA,291.0,92.0,0.7180854061149455
20,A*-GA,293.0,94.0,0.7159649976845263
20,A*-GA,295.0,96.0,0.7138591788064735
20,A*-GA,297.0,96.0,0.7117685108885963
20,A*-GA,299.0,100.0,0.7096935145755067
20,A*-GA,301.0,100.0,0.7076346716574852
20,A*-GA,303.0,100.0,0.7055924268993409
20,A*-GA,305.0,100.0,0.7035671897924923
20,A*-GA,307.0,100.0,0.7015593362333622
20,A*-GA,309.0,100.0,0.6995692101310602
20,A*-GA,311.0,100.0,0.6975971249472057
20,A*-GA,313.0,100.0,0.6956433651706354
20,A*-GA,315.0,100.0,0.6937081877296252
20,A*-GA,317.0,100.0,0.6917918233441551
20,A*-GA,319.0,100.0,0.6898944778206453
20,A*-GA,321.0,100.0,0.6880163332914934
20,A*-GA,323.0,100.0,0.6861575494016507
20,A*-GA,325.0,100.0,0.6843182644443888
20,A*-GA,327.0,100.0,0.6824985964483175
20,A*-GA,329.0,100.0,0.6806986442176379
20,A*-GA,331.0,100.0,0.6789184883275327
20,A*-GA,333.0,100.0,0.6771581920765194
20,A*-GA,335.0,100.0,0.6754178023975232
20,A*-GA,337.0,100.0,0.6736973507293514
20,A*-GA,339.0,100.0,0.671996853850188
20,A*-GA,341.0,100.0,0.67031631467466
20,A*-GA,343.0,100.0,0.6686557230159672
20,A*-GA,345.0,100.0,0.6670150563145063
20,A*-GA,347.0,100.0,0.6653942803343633
20,A*-GA,349.0,100.0,0.6637933498289923
20,A*-GA,351.0,100.0,0.6622122091773494
20,A*-GA,353.0,100.0,0.6606507929916956
20,A*-GA,355.0,100.0,0.6591090266982375
20,A*-GA,357.0,100.0,0.6575868270917234
20,A*-GA,359.0,100.0,0.6560841028650747
20,A*-GA,361.0,100.0,0.6546007551150805
20,A*-GA,363.0,100.0,0.6531366778251506
20,A*-GA,365.0,100.0,0.6516917583260753
20,A*-GA,367.0,100.0,0.6502658777357067
20,A*-GA,369.0,100.0,0.6488589113784381
20,A*-GA,371.0,100.0,0.6474707291853219
20,A*-GA,373.0,100.0,0.6461011960756342
20,A*-GA,375.0,100.0,0.644750172320662
20,A*-GA,377.0,100.0,0.6434175138904543
20,A*-GA,379.0,100.0,0.6421030727842545
20,A*-GA,381.0,100.0,0.6408066973452962
20,A*-GA,383.0,100.0,0.6395282325606213
20,A*-GA,385.0,100.0,0.6382675203465521
20,A*-GA,387.0,100.0,0.6370243998204215
20,A*-GA,389.0,100.0,0.6357987075591433
20,A*-GA,391.0,100.0,0.6345902778451796
20,A*-GA,393.0,100.0,0.6333989429004416
20,A*-GA,395.0,100.0,0.632224533108635
20,A*-GA,397.0,100.0,0.631066877226545
20,A*-GA,399.0,100.0,0.6299258025847313
20,A*-GA,401.0,100.0,0.6288011352780887
20,A*-GA,403.0,100.0,0.627692700346706
20,A*-GA,405.0,100.0,0.6266003219474425
20,A*-GA,407.0,100.0,0.6255238235166218
20,A*-GA,409.0,100.0,0.6244630279242257
20,A*-GA,411.0,100.0,0.6234177576199587
20,A*-GA,413.0,100.0,0.6223878347715348
20,A*-GA,415.0,100.0,0.621373081395527
20,A*-GA,417.0,100.0,0.6203733194811031
20,A*-GA,419.0,100.0,0.6193883711069594
20,A*-GA,421.0,100.0,0.618418058551754
20,A*-GA,423.0,100.0,0.617462204398323
20,A*-GA,425.0,100.0,0.6165206316319565
20,A*-GA,427.0,100.0,0.6155931637329979
20,A*-GA,429.0,100.0,0.614679624764019
20,A*-GA,431.0,100.0,0.6137798394518132
20,A*-GA,433.0,100.0,0.6128936332644391
20,A*-GA,435.0,100.0,0.6120208324835384
20,A*-GA,437.0,100.0,0.6111612642721401
20,A*-GA,439.0,100.0,0.6103147567381572
20,A*-GA,441.0,100.0,0.60948113899377
20,A*-GA,443.0,100.0,0.6086602412108878
20,A*-GA,445.0,100.0,0.607851894672865
20,A*-GA,447.0,100.0,0.6070559318226477
20,A*-GA,449.0,100.0,0.6062721863075141
20,A*-GA,451.0,100.0,0.6055004930205693
20,A*-GA,453.0,100.0,0.6047406881391448
20,A*-GA,455.0,100.0,0.6039926091602497
20,A*-GA,457.0,100.0,0.6032560949332113
20,A*-GA,459.0,100.0,0.6025309856896421
20,A*-GA,461.0,100.0,0.601817123070857
20,A*-GA,463.0,100.0,0.6011143501528664
20,A*-GA,465.0,100.0,0.6004225114690616
20,A*-GA,467.0,100.0,0.599741453030705
21,EHCO,1.0,0.0,0.7670255577289931
21,EHCO,3.0,0.0,0.7750586777048617
21,EHCO,5.0,0.0,0.7825514449293473
21,EHCO,7.0,0.0,0.7895287741648028
21,EHCO,9.0,0.0,0.79601454133878
21,EHCO,11.0,0.0,0.8020316253127123
21,EHCO,13.0,0.0,0.8076019479952392
21,EHCO,15.0,0.0,0.8127465128653869
21,EHCO,17.0,0.0,0.8174854419682597
21,EHCO,19.0,0.0,0.8218380114434332
21,EHCO,21.0,0.0,0.8258226856438755
21,EHCO,23.0,0.0,0.8294571499009491
21,EHCO,25.0,0.0,0.8327583419888618
21,EHCO,27.0,0.0,0.8357424823398392
21,EHCO,29.0,0.0,0.8384251030592745
21,EHCO,31.0,0.0,0.8408210757881732
21,EHCO,33.0,0.0,0.8429446384583549
21,EHCO,35.0,2.0,0.8448094209840805
21,EHCO,37.0,4.0,0.8464284699320628
21,EHCO,39.0,4.0,0.8478142722101626
21,EHCO,41.0,8.0,0.8491117585658426
21,EHCO,43.0,8.0,0.8503687211820488
21,EHCO,45.0,10.0,0.8515866351416165
21,EHCO,47.0,10.0,0.8527362450249918
21,EHCO,49.0,10.0,0.853810541244082
21,EHCO,51.0,10.0,0.8548129721021299
21,EHCO,53.0,14.000000000000002,0.8557468424649668
21,EHCO,55.0,16.0,0.856615319522924
21,EHCO,57.0,18.0,0.8574214383244779
21,EHCO,59.0,20.0,0.8581681070906169
21,EHCO,61.0,20.0,0.858868045282114
21,EHCO,63.0,20.0,0.8594204853593866
21,EHCO,65.0,20.0,0.8597899760975659
21,EHCO,67.0,22.0,0.8599863545976562
21,EHCO,69.0,22.0,0.8600190280867183
21,EHCO,71.0,22.0,0.859896991508437
21,EHCO,73.0,22.0,0.859628844411602
21,EHCO,75.0,22.0,0.8592228071642464
21,EHCO,77.0,24.0,0.8586867365200879
21,EHCO,79.0,24.0,0.8580281405628785
21,EHCO,81.0,24.0,0.8572541930532522
21,EHCO,83.0,26.0,0.8563717472016995
21,EHCO,85.0,26.0,0.8553873488903607
21,EHCO,87.0,26.0,0.8543072493654442
21,EHCO,89.0,26.0,0.8531374174212106
21,EHCO,91.0,26.0,0.8518835510956446
21,EHCO,93.0,28.000000000000004,0.8505510888971396
21,EHCO,95.0,28.000000000000004,0.8491452205807628
21,EHCO,97.0,30.0,0.8477118898377547
21,EHCO,99.0,30.0,0.8463745806794754
21,EHCO,101.0,30.0,0.8451291700474987
21,EHCO,103.0,32.0,0.8439638478802388
21,EHCO,105.0,32.0,0.8428522109538229
21,EHCO,107.0,38.0,0.8417920613720749
21,EHCO,109.0,38.0,0.8407812884765692
21,EHCO,111.0,40.0,0.8398178654130994
21,EHCO,113.0,42.0,0.8388998458329675
21,EHCO,115.0,44.0,0.8380253607238038
21,EHCO,117.0,46.0,0.8371926153648347
21,EHCO,119.0,46.0,0.8363998864017125
21,EHCO,121.0,46.0,0.8356455190362201
21,EHCO,123.0,46.0,0.834927924326339
21,EHCO,125.0,46.0,0.83424557659235
21,EHCO,127.0,46.0,0.8335970109248088
21,EHCO,129.0,46.0,0.8329808207903948
21,EHCO,131.0,46.0,0.8323956557317947
21,EHCO,133.0,46.0,0.831821733157321
21,EHCO,135.0,46.0,0.8311446470107323
21,EHCO,137.0,46.0,0.8303705160178393
21,EHCO,139.0,46.0,0.8295051846269211
21,EHCO,141.0,46.0,0.8285542343345327
21,EHCO,143.0,46.0,0.8275229945576474
21,EHCO,145.0,48.0,0.8264165530700901
21,EHCO,147.0,48.0,0.8252397660205015
21,EHCO,149.0,48.0,0.8239972675484029
21,EHCO,151.0,50.0,0.8226934790142726
21,EHCO,153.0,50.0,0.8213326178589231
21,EHCO,155.0,52.0,0.8199187061068608
21,EHCO,157.0,52.0,0.8184555785277381
21,EHCO,159.0,52.0,0.8169468904694455
21,EHCO,161.0,52.0,0.815396125375862
21,EHCO,163.0,52.0,0.813806602001768
21,EHCO,165.0,52.0,0.8121814813369299
21,EHCO,167.0,52.0,0.8105237732508968
21,EHCO,169.0,56.00000000000001,0.808951352586361
21,EHCO,171.0,56.00000000000001,0.8074986473411422
21,EHCO,173.0,57.99999999999999,0.8061603198991069
21,EHCO,175.0,57.99999999999999,0.8048920544691506
21,EHCO,177.0,57.99999999999999,0.8035762477975169
21,EHCO,179.0,60.0,0.8022163674212697
21,EHCO,181.0,60.0,0.80081571835966
21,EHCO,183.0,60.0,0.7993774499274592
21,EHCO,185.0,62.0,0.7979045622737683
21,EHCO,187.0,62.0,0.7963999126571967
21,EHCO,189.0,64.0,0.7948662214678671
21,EHCO,191.0,64.0,0.7933060780062957
21,EHCO,193.0,64.0,0.7917219460287981
21,EHCO,195.0,64.0,0.7901161690686932
21,EHCO,197.0,64.0,0.78849097554221
21,EHCO,199.0,64.0,0.7868484836476509
21,EHCO,201.0,68.0,0.7851799168689084
21,EHCO,203.0,68.0,0.7834561118459061
21,EHCO,205.0,68.0,0.7816814813928438
21,EHCO,207.0,70.0,0.7798599771858995
21,EHCO,209.0,74.0,0.7779951066901314
21,EHCO,211.0,74.0,0.7760903803055423
21,EHCO,213.0,74.0,0.7741492238922296
21,EHCO,215.0,74.0,0.772174898133046
21,EHCO,217.0,74.0,0.7701705055222412
21,EHCO,219.0,78.0,0.7681389970715315
21,EHCO,221.0,78.0,0.7660831787448208
21,EHCO,223.0,80.0,0.7640057176323556
21,EHCO,225.0,80.0,0.7619091481961231
21,EHCO,227.0,80.0,0.7597958822158498
21,EHCO,229.0,80.0,0.7576682123589993
21,EHCO,231.0,82.0,0.7555283142839428
21,EHCO,233.0,82.0,0.7533782516775999
21,EHCO,235.0,82.0,0.7512199810880583
21,EHCO,237.0,82.0,0.7490553565603395
21,EHCO,239.0,84.0,0.7468861340831501
21,EHCO,241.0,84.0,0.744713975854155
21,EHCO,243.0,84.0,0.7425404543710072
21,EHCO,245.0,84.0,0.7403670563550832
21,EHCO,247.0,84.0,0.7381951865145991
21,EHCO,249.0,84.0,0.7360261711535224
21,EHCO,251.0,84.0,0.7338612616324319
21,EHCO,253.0,84.0,0.7317016376872472
21,EHCO,255.0,84.0,0.7295484106115028
21,EHCO,257.0,86.0,0.7274026263076285
21,EHCO,259.0,86.0,0.7252652682124724
21,EHCO,261.0,86.0,0.7231372601021028
21,EHCO,263.0,86.0,0.7210194687807225
21,EHCO,265.0,86.0,0.7189127066583383
21,EHCO,267.0,86.0,0.7168177342216451
21,EHCO,269.0,86.0,0.7147352624024073
21,EHCO,271.0,86.0,0.7126659548474509
21,EHCO,273.0,86.0,0.7106104300942174
21,EHCO,275.0,86.0,0.708569263655671
21,EHCO,277.0,90.0,0.7065429900182053
21,EHCO,279.0,90.0,0.7045321045560479
21,EHCO,281.0,90.0,0.7025370653655221
21,EHCO,283.0,90.0,0.7005582950223949
21,EHCO,285.0,90.0,0.698596182265409
21,EHCO,287.0,90.0,0.6966510836089758
21,EHCO,289.0,94.0,0.6947233248878881
21,EHCO,291.0,94.0,0.6928132027367969
21,EHCO,293.0,94.0,0.6909209860070871
21,EHCO,295.0,94.0,0.6890469171236852
21,EHCO,297.0,94.0,0.6871912133842281
21,EHCO,299.0,94.0,0.6853540682029282
21,EHCO,301.0,94.0,0.6835356523013753
21,EHCO,303.0,94.0,0.6817361148484264
21,EHCO,305.0,94.0,0.679955584551254
21,EHCO,307.0,94.0,0.6781941706995314
21,EHCO,309.0,94.0,0.6764519641646654
21,EHCO,311.0,94.0,0.6747290383559038
21,EHCO,313.0,94.0,0.673025450135074
21,EHCO,315.0,94.0,0.6713412406916401
21,EHCO,317.0,94.0,0.6696764363796986
21,EHCO,319.0,96.0,0.6680311115361585
21,EHCO,321.0,96.0,0.666405280152924
21,EHCO,323.0,98.0,0.6647989221544547
21,EHCO,325.0,98.0,0.663212005944807
21,EHCO,327.0,98.0,0.6616444890630103
21,EHCO,329.0,98.0,0.6600963188093697
21,EHCO,331.0,98.0,0.6585674328438926
21,EHCO,333.0,98.0,0.657057759757987
21,EHCO,335.0,98.0,0.6555672196205328
21,EHCO,337.0,100.0,0.6540957244993861
21,EHCO,339.0,100.0,0.6526431789593321
21,EHCO,341.0,100.0,0.6512094805374588
21,EHCO,343.0,100.0,0.6497945201968915
21,EHCO,345.0,100.0,0.6483981827597844
21,EHCO,347.0,100.0,0.6470203473204315
21,EHCO,349.0,100.0,0.6456608876393247
21,EHCO,351.0,100.0,0.6443196725189554
21,EHCO,353.0,100.0,0.6429965661621183
21,EHCO,355.0,100.0,0.6416914285134537
21,EHCO,357.0,100.0,0.6404041155849272
21,EHCO,359.0,100.0,0.6391344797659221
21,EHCO,361.0,100.0,0.6378823701185933
21,EHCO,363.0,100.0,0.6366476326590991
21,EHCO,365.0,100.0,0.6354301106253117
21,EHCO,367.0,100.0,0.6342296447315738
21,EHCO,369.0,100.0,0.6330460734110537
21,EHCO,371.0,100.0,0.6318792330462213
21,EHCO,373.0,100.0,0.6307289581879547
21,EHCO,375.0,100.0,0.629595081763757
21,EHCO,377.0,100.0,0.6284774352755529
21,EHCO,379.0,100.0,0.6273758489875079
21,EHCO,381.0,100.0,0.6262901521043
21,EHCO,383.0,100.0,0.625220172940253
21,EHCO,385.0,100.0,0.6241657390797278
21,EHCO,387.0,100.0,0.6231266775291461
21,EHCO,389.0,100.0,0.6221028148610116
21,EHCO,391.0,100.0,0.621093977350276
21,EHCO,393.0,100.0,0.6200999911033821
21,EHCO,395.0,100.0,0.6191206821803048
21,EHCO,397.0,100.0,0.6181558767098967
21,EHCO,399.0,100.0,0.6172054009988326
21,EHCO,401.0,100.0,0.616269081634434
21,EHCO,403.0,100.0,0.6153467455816453
21,EHCO,405.0,100.0,0.6144382202744215
21,EHCO,407.0,100.0,0.6135433337017752
21,EHCO,409.0,100.0,0.6126619144887196
21,EHCO,411.0,100.0,0.6117937919723421
21,EHCO,413.0,100.0,0.6109387962732201
21,EHCO,415.0,100.0,0.6100967583623957
21,EHCO,417.0,100.0,0.6092675101241065
21,EHCO,419.0,100.0,0.6084508844144676
21,EHCO,421.0,100.0,0.60764671511629
21,EHCO,423.0,100.0,0.6068548371902109
21,EHCO,425.0,100.0,0.606075086722309
21,EHCO,427.0,100.0,0.6053073009683648
21,EHCO,429.0,100.0,0.6045513183949237
21,EHCO,431.0,100.0,0.6038069787173106
21,EHCO,433.0,100.0,0.6030741229347407
21,EHCO,435.0,100.0,0.6023525933626622
21,EHCO,437.0,100.0,0.6016422336624632
21,EHCO,439.0,100.0,0.6009428888686682
21,EHCO,441.0,100.0,0.6002544054137472
21,A*-GA,1.0,0.0,0.7670255577289931
21,A*-GA,3.0,0.0,0.775070509683265
21,A*-GA,5.0,0.0,0.7827106155452516
21,A*-GA,7.0,0.0,0.7899632267795637
21,A*-GA,9.0,0.0,0.7968449898688431
21,A*-GA,11.0,0.0,0.8033718743714958
21,A*-GA,13.0,0.0,0.8095591998720921
21,A*-GA,15.0,0.0,0.8154216618679825
21,A*-GA,17.0,0.0,0.8209733566339689
21,A*-GA,19.0,0.0,0.8262278051052288
21,A*-GA,21.0,0.0,0.8311979758171101
21,A*-GA,23.0,0.0,0.8358963069388974
21,A*-GA,25.0,2.0,0.8403347274371957
21,A*-GA,27.0,2.0,0.8445246774031734
21,A*-GA,29.0,2.0,0.8484771275765643
21,A*-GA,31.0,2.0,0.8522025980980382
21,A*-GA,33.0,2.0,0.8556993445418982
21,A*-GA,35.0,2.0,0.8588533644911988
21,A*-GA,37.0,4.0,0.8616814948334104
21,A*-GA,39.0,4.0,0.8641998558869446
21,A*-GA,41.0,4.0,0.8664238804386225
21,A*-GA,43.0,4.0,0.8683683416266942
21,A*-GA,45.0,4.0,0.8700473797149495
21,A*-GA,47.0,8.0,0.8714745278016741
21,A*-GA,49.0,8.0,0.8726627365054795
21,A*-GA,51.0,8.0,0.8736243976683846
21,A*-GA,53.0,12.0,0.8743713671149401
21,A*-GA,55.0,14.000000000000002,0.8749149865046589
21,A*-GA,57.0,14.000000000000002,0.8752661043135512
21,A*-GA,59.0,16.0,0.8754350959791543
21,A*-GA,61.0,16.0,0.8754318832420953
21,A*-GA,63.0,16.0,0.8752659527159239
21,A*-GA,65.0,18.0,0.8749463737157042
21,A*-GA,67.0,18.0,0.8745256303223065
21,A*-GA,69.0,18.0,0.8741388592431083
21,A*-GA,71.0,18.0,0.8737846182895875
21,A*-GA,73.0,20.0,0.8734519910802461
21,A*-GA,75.0,20.0,0.8731122305193512
21,A*-GA,77.0,20.0,0.8727659443888015
21,A*-GA,79.0,20.0,0.8724137112069351
21,A*-GA,81.0,20.0,0.8720398297516057
21,A*-GA,83.0,20.0,0.8715258151693323
21,A*-GA,85.0,20.0,0.8708797178378266
21,A*-GA,87.0,20.0,0.8701092301230537
21,A*-GA,89.0,20.0,0.8692217011214152
21,A*-GA,91.0,20.0,0.8682241508120707
21,A*-GA,93.0,20.0,0.8672501689732769
21,A*-GA,95.0,20.0,0.8663409356794756
21,A*-GA,97.0,22.0,0.865493617608381
21,A*-GA,99.0,22.0,0.8646807175166619
21,A*-GA,101.0,22.0,0.8638927800367107
21,A*-GA,103.0,26.0,0.863128934747341
21,A*-GA,105.0,28.000000000000004,0.8623883435745612
21,A*-GA,107.0,28.000000000000004,0.8616701995523397
21,A*-GA,109.0,28.000000000000004,0.860973725631494
21,A*-GA,111.0,32.0,0.8602981735348223
21,A*-GA,113.0,32.0,0.8596428226566737
21,A*-GA,115.0,34.0,0.85900697900522
21,A*-GA,117.0,34.0,0.8583899741857622
21,A*-GA,119.0,36.0,0.857791164423469
21,A*-GA,121.0,36.0,0.8572099296240092
21,A*-GA,123.0,36.0,0.8566456724705972
21,A*-GA,125.0,36.0,0.856097817556031
21,A*-GA,127.0,36.0,0.8555658105483572
21,A*-GA,129.0,36.0,0.8550491173888515
21,A*-GA,131.0,38.0,0.8545553334365242
21,A*-GA,133.0,40.0,0.8539806782776044
21,A*-GA,135.0,40.0,0.8532885318069819
21,A*-GA,137.0,42.0,0.852485812116394
21,A*-GA,139.0,42.0,0.8515791277390018
21,A*-GA,141.0,42.0,0.8505747904240926
21,A*-GA,143.0,42.0,0.8494788274002056
21,A*-GA,145.0,42.0,0.848296993146926
21,A*-GA,147.0,42.0,0.8470347806947887
21,A*-GA,149.0,42.0,0.8456974324719719
21,A*-GA,151.0,42.0,0.8442899507157241
21,A*-GA,153.0,42.0,0.8428171074657606
21,A*-GA,155.0,42.0,0.8412834541561862
21,A*-GA,157.0,42.0,0.8396933308218536
21,A*-GA,159.0,42.0,0.8380508749344308
21,A*-GA,161.0,44.0,0.8363600298828594
21,A*-GA,163.0,44.0,0.8346245531123009
21,A*-GA,165.0,46.0,0.8328480239351141
21,A*-GA,167.0,46.0,0.8310338510268732
21,A*-GA,169.0,46.0,0.8291852796199239
21,A*-GA,171.0,48.0,0.8273053984064822
21,A*-GA,173.0,52.0,0.8253971461628054
21,A*-GA,175.0,52.0,0.8235023817618815
21,A*-GA,177.0,52.0,0.8217369960739179
21,A*-GA,179.0,52.0,0.8200953888835435
21,A*-GA,181.0,57.99999999999999,0.8185643327833478
21,A*-GA,183.0,57.99999999999999,0.8171160646477952
21,A*-GA,185.0,57.99999999999999,0.8157470818493335
21,A*-GA,187.0,57.99999999999999,0.8144540219840009
21,A*-GA,189.0,57.99999999999999,0.8132336573393644
21,A*-GA,191.0,57.99999999999999,0.812082889579826
21,A*-GA,193.0,57.99999999999999,0.8109987446407614
21,A*-GA,195.0,57.99999999999999,0.8099783678232981
21,A*-GA,197.0,57.99999999999999,0.8090190190818562
21,A*-GA,199.0,57.99999999999999,0.8081180684968869
21,A*-GA,201.0,57.99999999999999,0.8072302868561477
21,A*-GA,203.0,60.0,0.8062298540721404
21,A*-GA,205.0,60.0,0.8051236213916422
21,A*-GA,207.0,60.0,0.8039181310915977
21,A*-GA,209.0,62.0,0.8026196292643366
21,A*-GA,211.0,64.0,0.8012340780902475
21,A*-GA,213.0,64.0,0.7997671676181982
21,A*-GA,215.0,64.0,0.7982243270731902
21,A*-GA,217.0,66.0,0.7966107357099713
21,A*-GA,219.0,66.0,0.7949313332305892
21,A*-GA,221.0,70.0,0.7931908297831637
21,A*-GA,223.0,70.0,0.7913937155584729
21,A*-GA,225.0,70.0,0.7895442700002946
21,A*-GA,227.0,70.0,0.787646570644817
21,A*-GA,229.0,72.0,0.7857045016038301
21,A*-GA,231.0,72.0,0.7837217617058275
21,A*-GA,233.0,74.0,0.7817018723085918
21,A*-GA,235.0,74.0,0.7796481847963039
21,A*-GA,237.0,76.0,0.7775638877736998
21,A*-GA,239.0,80.0,0.7754520139693051
21,A*-GA,241.0,80.0,0.7733157036873278
21,A*-GA,243.0,80.0,0.7711577719030571
21,A*-GA,245.0,84.0,0.7689808094033759
21,A*-GA,247.0,84.0,0.7667872765368311
21,A*-GA,249.0,84.0,0.7645795088067631
21,A*-GA,251.0,84.0,0.7623597222371477
21,A*-GA,253.0,84.0,0.7601300185202001
21,A*-GA,255.0,84.0,0.7578923899544284
21,A*-GA,257.0,84.0,0.7556487241814837
21,A*-GA,259.0,84.0,0.7534008087298221
21,A*-GA,261.0,84.0,0.7511503353728829
21,A*-GA,263.0,84.0,0.7488989043091746
21,A*-GA,265.0,84.0,0.7466480281713752
21,A*-GA,267.0,84.0,0.7443991358712705
21,A*-GA,269.0,84.0,0.742153576287083
21,A*-GA,271.0,84.0,0.7399126217994882
21,A*-GA,273.0,84.0,0.7376774716823622
21,A*-GA,275.0,86.0,0.7354492553540688
21,A*-GA,277.0,88.0,0.733229035494864
21,A*-GA,279.0,88.0,0.7310178110357739
21,A*-GA,281.0,90.0,0.728816520024092
21,A*-GA,283.0,92.0,0.7266260423704362
21,A*-GA,285.0,92.0,0.7244472024821124
21,A*-GA,287.0,92.0,0.7222807717873434
21,A*-GA,289.0,92.0,0.7201274711547386
21,A*-GA,291.0,92.0,0.7179879732122113
21,A*-GA,293.0,96.0,0.7158629045693803
21,A*-GA,295.0,96.0,0.7137528479473336
21,A*-GA,297.0,96.0,0.7116583442194793
21,A*-GA,299.0,98.0,0.7095798943670594
21,A*-GA,301.0,98.0,0.7075179613527617
21,A*-GA,303.0,98.0,0.7054729719157301
21,A*-GA,305.0,100.0,0.7034453182911382
21,A*-GA,307.0,100.0,0.7014353598573707
21,A*-GA,309.0,100.0,0.6994434247137338
21,A*-GA,311.0,100.0,0.6974698111914991
21,A*-GA,313.0,100.0,0.6955147893009769
21,A*-GA,315.0,100.0,0.6935786021172039
21,A*-GA,317.0,100.0,0.691661467106732
21,A*-GA,319.0,100.0,0.6897635773979017
21,A*-GA,321.0,100.0,0.6878851029968929
21,A*-GA,323.0,100.0,0.6860261919517507
21,A*-GA,325.0,100.0,0.6841869714665018
21,A*-GA,327.0,100.0,0.6823675489673847
21,A*-GA,329.0,100.0,0.6805680131231472
21,A*-GA,331.0,100.0,0.678788434821275
21,A*-GA,333.0,100.0,0.6770288681019528
21,A*-GA,335.0,100.0,0.6752893510514766
21,A*-GA,337.0,100.0,0.673569906656776
21,A*-GA,339.0,100.0,0.6718705436226343
21,A*-GA,341.0,100.0,0.670191257153132
21,A*-GA,343.0,100.0,0.6685320296987792
21,A*-GA,345.0,100.0,0.6668928316707435
21,A*-GA,347.0,100.0,0.6652736221235227
21,A*-GA,349.0,100.0,0.6636743494073595
21,A*-GA,351.0,100.0,0.6620949517916428
21,A*-GA,353.0,100.0,0.6605353580604894
21,A*-GA,355.0,100.0,0.6589954880816534
21,A*-GA,357.0,100.0,0.657475253349866
21,A*-GA,359.0,100.0,0.6559745575056589
21,A*-GA,361.0,100.0,0.6544932968306897
21,A*-GA,363.0,100.0,0.6530313607205411
21,A*-GA,365.0,100.0,0.6515886321359292
21,A*-GA,367.0,100.0,0.6501649880332177
21,A*-GA,369.0,100.0,0.6487602997751004
21,A*-GA,371.0,100.0,0.647374433522278
21,A*-GA,373.0,100.0,0.6460072506069223
21,A*-GA,375.0,100.0,0.6446586078886899
21,A*-GA,377.0,100.0,0.6433283580940159
21,A*-GA,379.0,100.0,0.6420163501393895
21,A*-GA,381.0,100.0,0.6407224294392839
21,A*-GA,383.0,100.0,0.6394464381993872
21,A*-GA,385.0,100.0,0.6381882156957538
21,A*-GA,387.0,100.0,0.636947598540472
21,A*-GA,389.0,100.0,0.6357244209344172
21,A*-GA,391.0,100.0,0.6345185149076393
21,A*-GA,393.0,100.0,0.6333297105479113
21,A*-GA,395.0,100.0,0.6321578362179402
21,A*-GA,397.0,100.0,0.6310027187617272
21,A*-GA,399.0,100.0,0.6298641837005399
21,A*-GA,401.0,100.0,0.6287420554189417
21,A*-GA,403.0,100.0,0.6276361573413068
21,A*-GA,405.0,100.0,0.6265463120992302
21,A*-GA,407.0,100.0,0.625472341690224
21,A*-GA,409.0,100.0,0.6244140676280823
21,A*-GA,411.0,100.0,0.6233713110852697
21,A*-GA,413.0,100.0,0.6223438930276869
21,A*-GA,415.0,100.0,0.6213316343421419
21,A*-GA,417.0,100.0,0.6203343559568477
21,A*-GA,419.0,100.0,0.6193518789552525
21,A*-GA,421.0,100.0,0.6183840246834962
21,A*-GA,423.0,100.0,0.6174306148517754
21,A*-GA,425.0,100.0,0.6164914716298846
21,A*-GA,427.0,100.0,0.6155664177371951
21,A*-GA,429.0,100.0,0.614655276527319
21,A*-GA,431.0,100.0,0.6137578720676953
21,A*-GA,433.0,100.0,0.612874029214328
21,A*-GA,435.0,100.0,0.6120035736818934
21,A*-GA,437.0,100.0,0.6111463321094276
21,A*-GA,439.0,100.0,0.6103021321217941
21,A*-GA,441.0,100.0,0.609470802387125
21,A*-GA,443.0,100.0,0.6086521726704202
21,A*-GA,445.0,100.0,0.6078460738834811
21,A*-GA,447.0,100.0,0.6070523381313498
21,A*-GA,449.0,100.0,0.6062707987554139
21,A*-GA,451.0,100.0,0.6055012903733354
21,A*-GA,453.0,100.0,0.6047436489159512
21,A*-GA,455.0,100.0,0.6039977116612878
21,A*-GA,457.0,100.0,0.6032633172658295
21,A*-GA,459.0,100.0,0.602540305793168
21,A*-GA,461.0,100.0,0.6018285187401615
21,A*-GA,463.0,100.0,0.6011277990607232
21,A*-GA,465.0,100.0,0.6004379911873529
21,A*-GA,467.0,100.0,0.5997589410505241
22,EHCO,1.0,0.0,0.8023353918790717
22,EHCO,3.0,0.0,0.8089833145022792
22,EHCO,5.0,0.0,0.815145225374338
22,EHCO,7.0,0.0,0.8208439074716134
22,EHCO,9.0,0.0,0.8261011885651844
22,EHCO,11.0,0.0,0.8309379797087588
22,EHCO,13.0,0.0,0.8353743121999329
22,EHCO,15.0,0.0,0.8394293730749621
22,EHCO,17.0,0.0,0.8431215391948476
22,EHCO,19.0,0.0,0.8464684099782658
22,EHCO,21.0,0.0,0.8494868388346937
22,EHCO,23.0,0.0,0.852192963348976
22,EHCO,25.0,0.0,0.8546022342665727
22,EHCO,27.0,2.0,0.8567294433267859
22,EHCO,29.0,2.0,0.8587256438850964
22,EHCO,31.0,2.0,0.8606417598249905
22,EHCO,33.0,8.0,0.8624809621723201
22,EHCO,35.0,10.0,0.8642118383122578
22,EHCO,37.0,10.0,0.8658279601904086
22,EHCO,39.0,10.0,0.8673345983524231
22,EHCO,41.0,12.0,0.8687368038750694
22,EHCO,43.0,12.0,0.8700394171859703
22,EHCO,45.0,12.0,0.8712470765338742
22,EHCO,47.0,12.0,0.8723642261232236
22,EHCO,49.0,12.0,0.8734063099977485
22,EHCO,51.0,12.0,0.8742738652954862
22,EHCO,53.0,12.0,0.8749315080247022
22,EHCO,55.0,14.000000000000002,0.8753903743868959
22,EHCO,57.0,14.000000000000002,0.875661115757207
22,EHCO,59.0,16.0,0.8757539184966862
22,EHCO,61.0,20.0,0.8756785229742341
22,EHCO,63.0,20.0,0.8754442418294288
22,EHCO,65.0,20.0,0.8750599775062342
22,EHCO,67.0,22.0,0.8745342390864038
22,EHCO,69.0,22.0,0.8738751584502568
22,EHCO,71.0,22.0,0.8730905057914161
22,EHCO,73.0,24.0,0.8721877045110537
22,EHCO,75.0,24.0,0.8711738455161772
22,EHCO,77.0,24.0,0.870055700945534
22,EHCO,79.0,24.0,0.868839737345774
22,EHCO,81.0,26.0,0.8675321283196243
22,EHCO,83.0,28.000000000000004,0.8661387666669722
22,EHCO,85.0,28.000000000000004,0.86466527603893
22,EHCO,87.0,28.000000000000004,0.8631170221241637
22,EHCO,89.0,30.0,0.861499123386011
22,EHCO,91.0,30.0,0.85985783881156
22,EHCO,93.0,30.0,0.8583176878349505
22,EHCO,95.0,30.0,0.8568743805113628
22,EHCO,97.0,32.0,0.8555159460678408
22,EHCO,99.0,32.0,0.8542158265060289
22,EHCO,101.0,32.0,0.8529716748633183
22,EHCO,103.0,32.0,0.851781236902992
22,EHCO,105.0,36.0,0.8506423474693707
22,EHCO,107.0,36.0,0.8495529269860241
22,EHCO,109.0,38.0,0.8485109780914363
22,EHCO,111.0,38.0,0.8475145824067308
22,EHCO,113.0,38.0,0.8465618974302755
22,EHCO,115.0,38.0,0.8456511535541873
22,EHCO,117.0,38.0,0.8447806511979543
22,EHCO,119.0,38.0,0.8439487580545808
22,EHCO,121.0,38.0,0.8431539064448387
22,EHCO,123.0,38.0,0.8423758023856739
22,EHCO,125.0,38.0,0.8414989720077758
22,EHCO,127.0,40.0,0.8405294190166915
22,EHCO,129.0,46.0,0.8394728763766097
22,EHCO,131.0,48.0,0.8383348175135763
22,EHCO,133.0,48.0,0.8371204670695905
22,EHCO,135.0,48.0,0.8358348112253574
22,EHCO,137.0,48.0,0.834482607608775
22,EHCO,139.0,48.0,0.8330683948055625
22,EHCO,141.0,48.0,0.8315965014877872
22,EHCO,143.0,48.0,0.8300710551754298
22,EHCO,145.0,50.0,0.8284959906455296
22,EHCO,147.0,50.0,0.8268750580028787
22,EHCO,149.0,50.0,0.8252513475368226
22,EHCO,151.0,52.0,0.8237427957442117
22,EHCO,153.0,52.0,0.8223443998899234
22,EHCO,155.0,54.0,0.8210435061698624
22,EHCO,157.0,54.0,0.819812902126403
22,EHCO,159.0,54.0,0.8186496137690318
22,EHCO,161.0,56.00000000000001,0.8175507861689542
22,EHCO,163.0,57.99999999999999,0.8165136787618894
22,EHCO,165.0,57.99999999999999,0.8155356608354285
22,EHCO,167.0,57.99999999999999,0.814614207193711
22,EHCO,169.0,60.0,0.8137468939924618
22,EHCO,171.0,62.0,0.8129313947377004
22,EHCO,173.0,64.0,0.8121654764416996
22,EHCO,175.0,66.0,0.8114469959300218
22,EHCO,177.0,66.0,0.8107738962937033
22,EHCO,179.0,68.0,0.8101442034808868
22,EHCO,181.0,68.0,0.8095560230224331
22,EHCO,183.0,68.0,0.8090075368862497
22,EHCO,185.0,68.0,0.8084970004552846
22,EHCO,187.0,68.0,0.8080227396243317
22,EHCO,189.0,68.0,0.8075831480109833
22,EHCO,191.0,68.0,0.8071766842762497
22,EHCO,193.0,68.0,0.8068018695505399
22,EHCO,195.0,68.0,0.8064572849608675
22,EHCO,197.0,68.0,0.8061415692553094
22,EHCO,199.0,68.0,0.8058359814008801
22,EHCO,201.0,68.0,0.8054183302724556
22,EHCO,203.0,68.0,0.8048632940372065
22,EHCO,205.0,70.0,0.8041787982285709
22,EHCO,207.0,70.0,0.8033724155475019
22,EHCO,209.0,70.0,0.8024513803968142
22,EHCO,211.0,70.0,0.8014226028338987
22,EHCO,213.0,70.0,0.800292681964815
22,EHCO,215.0,70.0,0.79906791880186
22,EHCO,217.0,70.0,0.7977543286058443
22,EHCO,219.0,72.0,0.7963576527334715
22,EHCO,221.0,74.0,0.7948833700094116
22,EHCO,223.0,74.0,0.7933367076418892
22,EHCO,225.0,76.0,0.7917226516998654
22,EHCO,227.0,76.0,0.7900459571691802
22,EHCO,229.0,76.0,0.788311157604339
22,EHCO,231.0,76.0,0.7865225743919685
22,EHCO,233.0,76.0,0.7846843256413356
22,EHCO,235.0,76.0,0.7828003347167188
22,EHCO,237.0,76.0,0.7808743384258354
22,EHCO,239.0,78.0,0.7789098948779708
22,EHCO,241.0,80.0,0.7769104772033552
22,EHCO,243.0,82.0,0.7748795601725919
22,EHCO,245.0,86.0,0.7728201965825278
22,EHCO,247.0,86.0,0.7707350326076587
22,EHCO,249.0,86.0,0.7686267534331506
22,EHCO,251.0,88.0,0.7664979943269371
22,EHCO,253.0,88.0,0.7643512586069574
22,EHCO,255.0,88.0,0.7621889251000752
22,EHCO,257.0,88.0,0.7600132570286621
22,EHCO,259.0,88.0,0.7578264022439726
22,EHCO,261.0,88.0,0.7556303974829337
22,EHCO,263.0,88.0,0.7534271731710039
22,EHCO,265.0,88.0,0.7512185580292802
22,EHCO,267.0,88.0,0.7490062834936542
22,EHCO,269.0,88.0,0.7467919879535097
22,EHCO,271.0,88.0,0.7445772208171583
22,EHCO,273.0,90.0,0.7423634464109259
22,EHCO,275.0,90.0,0.7401520477185276
22,EHCO,277.0,90.0,0.7379443299671118
22,EHCO,279.0,90.0,0.7357415240660932
22,EHCO,281.0,90.0,0.733544789904663
22,EHCO,283.0,90.0,0.7313552195136217
22,EHCO,285.0,90.0,0.7291738400969652
22,EHCO,287.0,92.0,0.727001616938434
22,EHCO,289.0,92.0,0.724839456188033
22,EHCO,291.0,92.0,0.7226882075333294
22,EHCO,293.0,92.0,0.7205486667601461
22,EHCO,295.0,92.0,0.7184215782070855
22,EHCO,297.0,92.0,0.7163076371181455
22,EHCO,299.0,92.0,0.7142074918975143
22,EHCO,301.0,92.0,0.7121217462704765
22,EHCO,303.0,92.0,0.710050961354202
22,EHCO,305.0,92.0,0.7079956576420405
22,EHCO,307.0,92.0,0.7059563169048041
22,EHCO,309.0,94.0,0.703933384012377
22,EHCO,311.0,94.0,0.701927268678865
22,EHCO,313.0,94.0,0.6999383471343636
22,EHCO,315.0,94.0,0.6979669637263081
22,EHCO,317.0,94.0,0.6960134324532451
22,EHCO,319.0,94.0,0.6940780384337579
22,EHCO,321.0,96.0,0.6921610393131646
22,EHCO,323.0,96.0,0.6902626666105075
22,EHCO,325.0,96.0,0.6883831270082506
22,EHCO,327.0,96.0,0.6865226035870062
22,EHCO,329.0,96.0,0.6846812570075201
22,EHCO,331.0,96.0,0.682859226642054
22,EHCO,333.0,96.0,0.6810566316572214
22,EHCO,335.0,96.0,0.6792735720502512
22,EHCO,337.0,96.0,0.6775101296405708
22,EHCO,339.0,96.0,0.6757663690185315
22,EHCO,341.0,96.0,0.6740423384530199
22,EHCO,343.0,96.0,0.6723380707596348
22,EHCO,345.0,98.0,0.6706535841310385
22,EHCO,347.0,98.0,0.6689888829310295
22,EHCO,349.0,98.0,0.6673439584538206
22,EHCO,351.0,98.0,0.6657187896499475
22,EHCO,353.0,98.0,0.6641133438201771
22,EHCO,355.0,98.0,0.6625275772787275
22,EHCO,357.0,98.0,0.6609614347974647
22,EHCO,359.0,98.0,0.6594148494406642
22,EHCO,361.0,98.0,0.6578877451119972
22,EHCO,363.0,98.0,0.6563800372770773
22,EHCO,365.0,98.0,0.6548916334832942
22,EHCO,367.0,98.0,0.6534224338561339
22,EHCO,369.0,98.0,0.6519723315729593
22,EHCO,371.0,98.0,0.6505412133151854
22,EHCO,373.0,98.0,0.6491289596997476
22,EHCO,375.0,98.0,0.6477354629264115
22,EHCO,377.0,98.0,0.6463606430469947
22,EHCO,379.0,100.0,0.6450043622281517
22,EHCO,381.0,100.0,0.6436664782115842
22,EHCO,383.0,100.0,0.6423468446501419
22,EHCO,385.0,100.0,0.6410453114280519
22,EHCO,387.0,100.0,0.6397617249659442
22,EHCO,389.0,100.0,0.6384959285113128
22,EHCO,391.0,100.0,0.6372477624150267
22,EHCO,393.0,100.0,0.6360170643944818
22,EHCO,395.0,100.0,0.6348036697839565
22,EHCO,397.0,100.0,0.6336074117727168
22,EHCO,399.0,100.0,0.6324281216313894
22,EHCO,401.0,100.0,0.631265628927104
22,EHCO,403.0,100.0,0.6301197617278834
22,EHCO,405.0,100.0,0.6289903467967419
22,EHCO,407.0,100.0,0.6278772097759331
22,EHCO,409.0,100.0,0.6267801753617702
22,EHCO,411.0,100.0,0.625699067470426
22,EHCO,413.0,100.0,0.6246337093951009
22,EHCO,415.0,100.0,0.6235839239549336
22,EHCO,417.0,100.0,0.6225495336360126
22,EHCO,419.0,100.0,0.621530360724833
22,EHCO,421.0,100.0,0.620526227434527
22,EHCO,423.0,100.0,0.6195369560241862
22,EHCO,425.0,100.0,0.6185623689115782
22,EHCO,427.0,100.0,0.617602288779548
22,EHCO,429.0,100.0,0.6166565386763843
22,EHCO,431.0,100.0,0.6157249421104172
22,EHCO,433.0,100.0,0.6148073231391047
22,EHCO,435.0,100.0,0.6139035064528536
22,EHCO,437.0,100.0,0.6130133174538103
22,EHCO,439.0,100.0,0.6121365823298478
22,EHCO,441.0,100.0,0.6112731281239668
22,EHCO,443.0,100.0,0.6104227827993167
22,EHCO,445.0,100.0,0.6095853753000368
22,EHCO,447.0,100.0,0.6087607356081082
22,EHCO,449.0,100.0,0.6079486947964009
22,EHCO,451.0,100.0,0.6071490850780888
22,EHCO,453.0,100.0,0.6063617398526028
22,EHCO,455.0,100.0,0.6055864937482813
22,EHCO,457.0,100.0,0.6048231826618748
22,EHCO,459.0,100.0,0.60407164379505
22,EHCO,461.0,100.0,0.6033317156880358
22,EHCO,463.0,100.0,0.6026032382505485
22,EHCO,465.0,100.0,0.601886052790123
22,EHCO,467.0,100.0,0.6011800020379774
22,EHCO,469.0,100.0,0.6004849301725291
22,EHCO,471.0,100.0,0.5998006828406758
22,A*-GA,1.0,0.0,0.8023353918790717
22,A*-GA,3.0,0.0,0.8089951464806825
22,A*-GA,5.0,0.0,0.8153043959902422
22,A*-GA,7.0,0.0,0.8212783600863741
22,A*-GA,9.0,0.0,0.8269316370952474
22,A*-GA,11.0,0.0,0.8322782287675423
22,A*-GA,13.0,0.0,0.8373315640767858
22,A*-GA,15.0,0.0,0.8421045220775577
22,A*-GA,17.0,0.0,0.8466094538605566
22,A*-GA,19.0,0.0,0.8508582036400613
22,A*-GA,21.0,0.0,0.8548621290079281
22,A*-GA,23.0,0.0,0.8586321203869242
22,A*-GA,25.0,0.0,0.8621786197149065
22,A*-GA,27.0,0.0,0.8655116383901198
22,A*-GA,29.0,0.0,0.868640774506697
22,A*-GA,31.0,0.0,0.8715752294083042
22,A*-GA,33.0,0.0,0.874323823586773
22,A*-GA,35.0,0.0,0.8769065204284372
22,A*-GA,37.0,0.0,0.8792278548343783
22,A*-GA,39.0,0.0,0.8812559721776408
22,A*-GA,41.0,0.0,0.8830057109327311
22,A*-GA,43.0,0.0,0.8844912723307967
22,A*-GA,45.0,0.0,0.8857262462698214
22,A*-GA,47.0,0.0,0.8867236361933037
22,A*-GA,49.0,0.0,0.8874958829781386
22,A*-GA,51.0,0.0,0.8880548878708143
22,A*-GA,53.0,2.0,0.8884120345094991
22,A*-GA,55.0,4.0,0.8885782100681161
22,A*-GA,57.0,8.0,0.8885638255570824
22,A*-GA,59.0,8.0,0.8883788353140262
22,A*-GA,61.0,8.0,0.8880327557164835
22,A*-GA,63.0,8.0,0.8875346831473186
22,A*-GA,65.0,10.0,0.8868933112423999
22,A*-GA,67.0,12.0,0.886160981848765
22,A*-GA,69.0,12.0,0.8854731124408645
22,A*-GA,71.0,12.0,0.8848278685807429
22,A*-GA,73.0,14.000000000000002,0.8842137445556921
22,A*-GA,75.0,14.000000000000002,0.8836010224037654
22,A*-GA,77.0,16.0,0.8829900165226804
22,A*-GA,79.0,16.0,0.8823810228708712
22,A*-GA,81.0,16.0,0.8817743197917725
22,A*-GA,83.0,16.0,0.8811701688040998
22,A*-GA,85.0,16.0,0.8805688153594873
22,A*-GA,87.0,16.0,0.8799704895687891
22,A*-GA,89.0,20.0,0.8793754068983026
22,A*-GA,91.0,20.0,0.8787837688371178
22,A*-GA,93.0,20.0,0.8781957635367524
22,A*-GA,95.0,20.0,0.8776115664241849
22,A*-GA,97.0,24.0,0.8770313407893537
22,A*-GA,99.0,24.0,0.87645523834815
22,A*-GA,101.0,24.0,0.8758833997818877
22,A*-GA,103.0,24.0,0.8753159552541997
22,A*-GA,105.0,24.0,0.8747365302138932
22,A*-GA,107.0,26.0,0.874026483272576
22,A*-GA,109.0,26.0,0.8731934677546337
22,A*-GA,111.0,26.0,0.8722447949445511
22,A*-GA,113.0,26.0,0.8711874481959851
22,A*-GA,115.0,26.0,0.8700280964759219
22,A*-GA,117.0,28.000000000000004,0.8687731073662678
22,A*-GA,119.0,32.0,0.8674285595443461
22,A*-GA,121.0,34.0,0.8660002547629231
22,A*-GA,123.0,34.0,0.8644937293495764
22,A*-GA,125.0,34.0,0.8629142652444395
22,A*-GA,127.0,34.0,0.8612669005946046
22,A*-GA,129.0,34.0,0.8595564399227461
22,A*-GA,131.0,34.0,0.8577874638868376
22,A*-GA,133.0,36.0,0.8559643386471678
22,A*-GA,135.0,36.0,0.8540912248562236
22,A*-GA,137.0,36.0,0.8521720862863952
22,A*-GA,139.0,36.0,0.8502106981098674
22,A*-GA,141.0,36.0,0.8482106548444992
22,A*-GA,143.0,36.0,0.8461753779789426
22,A*-GA,145.0,36.0,0.8441481346337005
22,A*-GA,147.0,36.0,0.8422479712823653
22,A*-GA,149.0,36.0,0.8404694607139452
22,A*-GA,151.0,38.0,0.8387995408232872
22,A*-GA,153.0,38.0,0.8372106063972568
22,A*-GA,155.0,40.0,0.83569930563075
22,A*-GA,157.0,40.0,0.8342624201403271
22,A*-GA,159.0,40.0,0.8328793969359576
22,A*-GA,161.0,40.0,0.8314370404971814
22,A*-GA,163.0,40.0,0.8299395502731955
22,A*-GA,165.0,44.0,0.828390930031245
22,A*-GA,167.0,46.0,0.8267949960445511
22,A*-GA,169.0,46.0,0.8251553849505789
22,A*-GA,171.0,48.0,0.8234755612927123
22,A*-GA,173.0,50.0,0.8217588247578965
22,A*-GA,175.0,52.0,0.8200083171223096
22,A*-GA,177.0,52.0,0.8182270289166491
22,A*-GA,179.0,52.0,0.816417805822165
22,A*-GA,181.0,52.0,0.8145833548081294
22,A*-GA,183.0,52.0,0.8127262500210138
22,A*-GA,185.0,52.0,0.8108489384352375
22,A*-GA,187.0,54.0,0.8089537452749636
22,A*-GA,189.0,54.0,0.8070428792160443
22,A*-GA,191.0,54.0,0.8051184373768597
22,A*-GA,193.0,54.0,0.8032203620856225
22,A*-GA,195.0,54.0,0.8014605883268908
22,A*-GA,197.0,54.0,0.7998330686864653
22,A*-GA,199.0,57.99999999999999,0.7983241471751866
22,A*-GA,201.0,57.99999999999999,0.7968642826920971
22,A*-GA,203.0,60.0,0.7953300159428376
22,A*-GA,205.0,60.0,0.7937264364254928
22,A*-GA,207.0,60.0,0.7920583980994824
22,A*-GA,209.0,60.0,0.7903305292187167
22,A*-GA,211.0,60.0,0.7885472417691967
22,A*-GA,213.0,60.0,0.786712740526741
22,A*-GA,215.0,62.0,0.7848310317498989
22,A*-GA,217.0,62.0,0.7829059315225173
22,A*-GA,219.0,62.0,0.7809410737598631
22,A*-GA,221.0,62.0,0.7789399178916468
22,A*-GA,223.0,62.0,0.7769057562347756
22,A*-GA,225.0,64.0,0.7748417210681505
22,A*-GA,227.0,64.0,0.7727507914213444
22,A*-GA,229.0,64.0,0.7706357995885235
22,A*-GA,231.0,64.0,0.7684994373785329
22,A*-GA,233.0,66.0,0.7663442621116328
22,A*-GA,235.0,66.0,0.7641727023729579
22,A*-GA,237.0,68.0,0.7619870673087091
22,A*-GA,239.0,70.0,0.7597895519905654
22,A*-GA,241.0,74.0,0.7575822382888359
22,A*-GA,243.0,74.0,0.7553670996954982
22,A*-GA,245.0,74.0,0.7531460060172862
22,A*-GA,247.0,74.0,0.7509207278773713
22,A*-GA,249.0,74.0,0.748692941033269
22,A*-GA,251.0,76.0,0.7464642305182977
22,A*-GA,253.0,76.0,0.7442360946136286
22,A*-GA,255.0,76.0,0.7420099486576879
22,A*-GA,257.0,76.0,0.7397871286994027
22,A*-GA,259.0,76.0,0.7375688950015306
22,A*-GA,261.0,76.0,0.7353564354000609
22,A*-GA,263.0,76.0,0.7331508685254421
22,A*-GA,265.0,76.0,0.7309532468911607
22,A*-GA,267.0,76.0,0.728764559854981
22,A*-GA,269.0,78.0,0.7265857364579404
22,A*-GA,271.0,78.0,0.7244176481460002
22,A*-GA,273.0,78.0,0.7222611113790487
22,A*-GA,275.0,80.0,0.7201168901317792
22,A*-GA,277.0,80.0,0.7179856982907739
22,A*-GA,279.0,80.0,0.7158682019519648
22,A*-GA,281.0,80.0,0.7137650694306386
22,A*-GA,283.0,80.0,0.7116770146978252
22,A*-GA,285.0,82.0,0.7096045607362027
22,A*-GA,287.0,82.0,0.7075481915911959
22,A*-GA,289.0,82.0,0.7055083542029447
22,A*-GA,291.0,82.0,0.7034854601613726
22,A*-GA,293.0,88.0,0.7014798873874548
22,A*-GA,295.0,90.0,0.6994919817436632
22,A*-GA,297.0,92.0,0.6975220585764468
22,A*-GA,299.0,92.0,0.6955704041934931
22,A*-GA,301.0,92.0,0.6936372772784074
22,A*-GA,303.0,92.0,0.6917229102453396
22,A*-GA,305.0,94.0,0.6898275105359928
22,A*-GA,307.0,100.0,0.6879512618613446
22,A*-GA,309.0,100.0,0.686094325390326
22,A*-GA,311.0,100.0,0.6842568408876076
22,A*-GA,313.0,100.0,0.6824389278025621
22,A*-GA,315.0,100.0,0.6806406863113862
22,A*-GA,317.0,100.0,0.6788621983142886
22,A*-GA,319.0,100.0,0.6771035283895733
22,A*-GA,321.0,100.0,0.6753647247063753
22,A*-GA,323.0,100.0,0.6736458198977349
22,A*-GA,325.0,100.0,0.6719468318956313
22,A*-GA,327.0,100.0,0.6702677647295295
22,A*-GA,329.0,100.0,0.6686086092899345
22,A*-GA,331.0,100.0,0.6669693440583844
22,A*-GA,333.0,100.0,0.6653499358052609
22,A*-GA,335.0,100.0,0.6637503402567367
22,A*-GA,337.0,100.0,0.6621705027321283
22,A*-GA,339.0,100.0,0.6606103587528731
22,A*-GA,341.0,100.0,0.6590698346242981
22,A*-GA,343.0,100.0,0.6575488479913039
22,A*-GA,345.0,100.0,0.6560473083690395
22,A*-GA,347.0,100.0,0.6545651176496041
22,A*-GA,349.0,100.0,0.653102170585767
22,A*-GA,351.0,100.0,0.6516583552526591
22,A*-GA,353.0,100.0,0.6502335534883504
22,A*-GA,355.0,100.0,0.6488276413141915
22,A*-GA,357.0,100.0,0.6474404893357613
22,A*-GA,359.0,100.0,0.6460719631252313
22,A*-GA,361.0,100.0,0.6447219235859204
22,A*-GA,363.0,100.0,0.6433902272997868
22,A*-GA,365.0,100.0,0.6420767268585723
22,A*-GA,367.0,100.0,0.6407812711792835
22,A*-GA,369.0,100.0,0.6395037058046701
22,A*-GA,371.0,100.0,0.6382438731893318
22,A*-GA,373.0,100.0,0.6370016129720609
22,A*-GA,375.0,100.0,0.6357767622350002
22,A*-GA,377.0,100.0,0.6345691557501786
22,A*-GA,379.0,100.0,0.6333786262139559
22,A*-GA,381.0,100.0,0.6322050044698952
22,A*-GA,383.0,100.0,0.6310481197205534
22,A*-GA,385.0,100.0,0.6299077997286633
22,A*-GA,387.0,100.0,0.6287838710081629
22,A*-GA,389.0,100.0,0.6276761590055074
22,A*-GA,391.0,100.0,0.6265844882716799
22,A*-GA,393.0,100.0,0.6255086826253042
22,A*-GA,395.0,100.0,0.6244485653072431
22,A*-GA,397.0,100.0,0.6234039591270515
22,A*-GA,399.0,100.0,0.6223746866016377
22,A*-GA,401.0,100.0,0.6213605700864734
22,A*-GA,403.0,100.0,0.6203614318996774
22,A*-GA,405.0,100.0,0.6193770944392845
22,A*-GA,407.0,100.0,0.6184073802940013
22,A*-GA,409.0,100.0,0.6174521123477329
22,A*-GA,411.0,100.0,0.6165111138781592
22,A*-GA,413.0,100.0,0.6155842086496227
22,A*-GA,415.0,100.0,0.6146712210005817
22,A*-GA,417.0,100.0,0.6137719759258717
22,A*-GA,419.0,100.0,0.6128862991540077
22,A*-GA,421.0,100.0,0.6120140172197513
22,A*-GA,423.0,100.0,0.6111549575321549
22,A*-GA,425.0,100.0,0.6103089484382895
22,A*-GA,427.0,100.0,0.6094758192828528
22,A*-GA,429.0,100.0,0.6086554004638441
22,A*-GA,431.0,100.0,0.6078475234844898
22,A*-GA,433.0,100.0,0.6070520210015886
22,A*-GA,435.0,100.0,0.6062687268704462
22,A*-GA,437.0,100.0,0.6054974761865554
22,A*-GA,439.0,100.0,0.6047381053241757
22,A*-GA,441.0,100.0,0.6039904519719574
22,A*-GA,443.0,100.0,0.6032543551657497
22,A*-GA,445.0,100.0,0.6025296553187278
22,A*-GA,447.0,100.0,0.601816194248967
22,A*-GA,449.0,100.0,0.6011138152045852
22,A*-GA,451.0,100.0,0.6004223628865732
22,A*-GA,453.0,100.0,0.5997416834694246
23,EHCO,1.0,0.0,0.8391225729519561
23,EHCO,3.0,0.0,0.8443391741924542
23,EHCO,5.0,0.0,0.8492618849431335
23,EHCO,7.0,0.0,0.8539037039037024
23,EHCO,9.0,0.0,0.8582770955499502
23,EHCO,11.0,0.0,0.8623940114926778
23,EHCO,13.0,0.0,0.8662659109920882
23,EHCO,15.0,0.0,0.8699037806608759
23,EHCO,17.0,0.0,0.8733181533879507
23,EHCO,19.0,0.0,0.8765072945350719
23,EHCO,21.0,0.0,0.8793572086687891
23,EHCO,23.0,0.0,0.8818847370061046
23,EHCO,25.0,2.0,0.8841060016844511
23,EHCO,27.0,4.0,0.8860364349363343
23,EHCO,29.0,4.0,0.8876908071035062
23,EHCO,31.0,4.0,0.8890832535364562
23,EHCO,33.0,4.0,0.8902273004232095
23,EHCO,35.0,4.0,0.8911358895896897
23,EHCO,37.0,4.0,0.8918214023122429
23,EHCO,39.0,6.0,0.8922956821813214
23,EHCO,41.0,6.0,0.8925700570537938
23,EHCO,43.0,6.0,0.8926553601298726
23,EHCO,45.0,8.0,0.8925619501892339
23,EHCO,47.0,10.0,0.8922997310195474
23,EHCO,49.0,10.0,0.891878170069322
23,EHCO,51.0,12.0,0.8913063163557224
23,EHCO,53.0,12.0,0.8907250879999785
23,EHCO,55.0,12.0,0.8901789212598582
23,EHCO,57.0,14.000000000000002,0.8896663052056877
23,EHCO,59.0,16.0,0.8891558028952343
23,EHCO,61.0,16.0,0.8886378268744511
23,EHCO,63.0,18.0,0.888113119239316
23,EHCO,65.0,20.0,0.8875922551176872
23,EHCO,67.0,20.0,0.8869724731896728
23,EHCO,69.0,20.0,0.8862164666833537
23,EHCO,71.0,20.0,0.8853322274869411
23,EHCO,73.0,20.0,0.8843273902038293
23,EHCO,75.0,20.0,0.883209246892172
23,EHCO,77.0,22.0,0.88198476121427
23,EHCO,79.0,22.0,0.8806605820191251
23,EHCO,81.0,22.0,0.8792430563805862
23,EHCO,83.0,24.0,0.8777382421126414
23,EHCO,85.0,24.0,0.8761519197825507
23,EHCO,87.0,24.0,0.8744896042417066
23,EHCO,89.0,24.0,0.8727565556933234
23,EHCO,91.0,24.0,0.8709577903153027
23,EHCO,93.0,26.0,0.8690980904559034
23,EHCO,95.0,26.0,0.8671820144191464
23,EHCO,97.0,26.0,0.8652139058562195
23,EHCO,99.0,28.000000000000004,0.8631979027785052
23,EHCO,101.0,28.000000000000004,0.8611379462072419
23,EHCO,103.0,28.000000000000004,0.8590377884742327
23,EHCO,105.0,28.000000000000004,0.8569010011874503
23,EHCO,107.0,30.0,0.8547309828748432
23,EHCO,109.0,32.0,0.852530966319118
23,EHCO,111.0,34.0,0.8503441542272189
23,EHCO,113.0,36.0,0.8482897542791913
23,EHCO,115.0,36.0,0.8463621403356293
23,EHCO,117.0,40.0,0.8445480590536195
23,EHCO,119.0,40.0,0.8428197213724692
23,EHCO,121.0,40.0,0.8411735987410401
23,EHCO,123.0,40.0,0.8396063028540153
23,EHCO,125.0,40.0,0.8381222630989601
23,EHCO,127.0,40.0,0.8366204285998752
23,EHCO,129.0,40.0,0.8350634730791607
23,EHCO,131.0,40.0,0.8334554381586368
23,EHCO,133.0,40.0,0.8318001758471162
23,EHCO,135.0,40.0,0.8301013564922766
23,EHCO,137.0,40.0,0.8283624764120966
23,EHCO,139.0,40.0,0.8265868652185668
23,EHCO,141.0,42.0,0.8247776928458859
23,EHCO,143.0,42.0,0.82293797629487
23,EHCO,145.0,42.0,0.8210705861048428
23,EHCO,147.0,44.0,0.8191782525638263
23,EHCO,149.0,46.0,0.817263571667429
23,EHCO,151.0,46.0,0.815329010836419
23,EHCO,153.0,48.0,0.8133769144025687
23,EHCO,155.0,48.0,0.811409508871989
23,EHCO,157.0,48.0,0.8094289079748012
23,EHCO,159.0,48.0,0.8074371175096454
23,EHCO,161.0,48.0,0.805436039991195
23,EHCO,163.0,50.0,0.8034274791085143
23,EHCO,165.0,50.0,0.8014131440017995
23,EHCO,167.0,54.0,0.7994322804287926
23,EHCO,169.0,56.00000000000001,0.7975955361072891
23,EHCO,171.0,56.00000000000001,0.7958966069982285
23,EHCO,173.0,57.99999999999999,0.7942913711645307
23,EHCO,175.0,57.99999999999999,0.7926640437474217
23,EHCO,177.0,57.99999999999999,0.7910168917488285
23,EHCO,179.0,60.0,0.7893520700908582
23,EHCO,181.0,60.0,0.7876716263952326
23,EHCO,183.0,60.0,0.7859775055689029
23,EHCO,185.0,62.0,0.7842715542035532
23,EHCO,187.0,62.0,0.7825555247963963
23,EHCO,189.0,62.0,0.7808310797993739
23,EHCO,191.0,62.0,0.7790997955035913
23,EHCO,193.0,62.0,0.7773631657655501
23,EHCO,195.0,62.0,0.7756226055814792
23,EHCO,197.0,62.0,0.7738794545158186
23,EHCO,199.0,62.0,0.772134979989671
23,EHCO,201.0,62.0,0.770379591237684
23,EHCO,203.0,62.0,0.7685832595149688
23,EHCO,205.0,62.0,0.7667494864847296
23,EHCO,207.0,62.0,0.7648817754778419
23,EHCO,209.0,64.0,0.7629832078586991
23,EHCO,211.0,68.0,0.7610564583576948
23,EHCO,213.0,68.0,0.7591042406863684
23,EHCO,215.0,70.0,0.7571292219353204
23,EHCO,217.0,70.0,0.7551339413440257
23,EHCO,219.0,72.0,0.7531208115600816
23,EHCO,221.0,72.0,0.7510921238438794
23,EHCO,223.0,74.0,0.7490500532725644
23,EHCO,225.0,76.0,0.7469966637325415
23,EHCO,227.0,76.0,0.7449339127089406
23,EHCO,229.0,76.0,0.7428636558801271
23,EHCO,231.0,76.0,0.7407876515250225
23,EHCO,233.0,76.0,0.7387075647506915
23,EHCO,235.0,76.0,0.7366249715473625
23,EHCO,237.0,76.0,0.7345413626777587
23,EHCO,239.0,78.0,0.7324581474073527
23,EHCO,241.0,78.0,0.7303766570818898
23,EHCO,243.0,80.0,0.7282981485582781
23,EHCO,245.0,80.0,0.7262238074947029
23,EHCO,247.0,80.0,0.7241547515055887
23,EHCO,249.0,80.0,0.7220920331868109
23,EHCO,251.0,80.0,0.7200366430163488
23,EHCO,253.0,80.0,0.717989512135361
23,EHCO,255.0,80.0,0.7159515150144699
23,EHCO,257.0,80.0,0.7139234720098542
23,EHCO,259.0,80.0,0.711906151813564
23,EHCO,261.0,80.0,0.7099002738022975
23,EHCO,263.0,80.0,0.707906510288715
23,EHCO,265.0,82.0,0.7059254886791987
23,EHCO,267.0,84.0,0.7039577935418172
23,EHCO,269.0,84.0,0.702003968588101
23,EHCO,271.0,84.0,0.7000645185720944
23,EHCO,273.0,84.0,0.6981399111100114
23,EHCO,275.0,84.0,0.6962305784236911
23,EHCO,277.0,84.0,0.6943369190109212
23,EHCO,279.0,86.0,0.692459299245578
23,EHCO,281.0,86.0,0.690598054910411
23,EHCO,283.0,86.0,0.6887534926651927
23,EHCO,285.0,86.0,0.6869258914528416
23,EHCO,287.0,86.0,0.6851155038460265
23,EHCO,289.0,86.0,0.6833225573366578
23,EHCO,291.0,86.0,0.6815472555705778
23,EHCO,293.0,86.0,0.6797897795296699
23,EHCO,295.0,86.0,0.6780502886635158
23,EHCO,297.0,86.0,0.6763289219726515
23,EHCO,299.0,88.0,0.674625799045382
23,EHCO,301.0,88.0,0.672941021050046
23,EHCO,303.0,90.0,0.6712746716845404
23,EHCO,305.0,92.0,0.6696268180848433
23,EHCO,307.0,92.0,0.6679975116942096
23,EHCO,309.0,92.0,0.6663867890946389
23,EHCO,311.0,92.0,0.6647946728021574
23,EHCO,313.0,92.0,0.663221172027394
23,EHCO,315.0,92.0,0.6616662833552971
23,EHCO,317.0,92.0,0.660129989693902
23,EHCO,319.0,92.0,0.6586122612956435
23,EHCO,321.0,94.0,0.6571130580144148
23,EHCO,323.0,94.0,0.6556323299046606
23,EHCO,325.0,94.0,0.6541700177938105
23,EHCO,327.0,94.0,0.6527260538291462
23,EHCO,329.0,96.0,0.6513003620001611
23,EHCO,331.0,96.0,0.6498928586374207
23,EHCO,333.0,96.0,0.6485034528888987
23,EHCO,335.0,96.0,0.6471320471747172
23,EHCO,337.0,96.0,0.6457785376211913
23,EHCO,339.0,96.0,0.6444428144750327
23,EHCO,341.0,96.0,0.6431247624985392
23,EHCO,343.0,96.0,0.6418242613465622
23,EHCO,345.0,96.0,0.640541185926011
23,EHCO,347.0,96.0,0.6392754067386225
23,EHCO,349.0,96.0,0.6380267902076987
23,EHCO,351.0,96.0,0.6367952503550859
23,EHCO,353.0,96.0,0.6355806612457907
23,EHCO,355.0,98.0,0.634382876279041
23,EHCO,357.0,100.0,0.6332017460372245
23,EHCO,359.0,100.0,0.6320371185380088
23,EHCO,361.0,100.0,0.6308888394742306
23,EHCO,363.0,100.0,0.6297567524420704
23,EHCO,365.0,100.0,0.6286406991580143
23,EHCO,367.0,100.0,0.6275405196650758
23,EHCO,369.0,100.0,0.6264560525287388
23,EHCO,371.0,100.0,0.6253871350230604
23,EHCO,373.0,100.0,0.6243336033073545
23,EHCO,375.0,100.0,0.6232952925938615
23,EHCO,377.0,100.0,0.6222720373067913
23,EHCO,379.0,100.0,0.6212636712331134
23,EHCO,381.0,100.0,0.6202700276654494
23,EHCO,383.0,100.0,0.619290939537411
23,EHCO,385.0,100.0,0.6183262395517135
23,EHCO,387.0,100.0,0.6173757603013774
23,EHCO,389.0,100.0,0.6164393343843226
23,EHCO,391.0,100.0,0.6155167945116437
23,EHCO,393.0,100.0,0.6146079736098443
23,EHCO,395.0,100.0,0.6137127049172997
23,EHCO,397.0,100.0,0.6128308220751985
23,EHCO,399.0,100.0,0.6119621592132126
23,EHCO,401.0,100.0,0.6111065510301301
23,EHCO,403.0,100.0,0.6102638328696736
23,EHCO,405.0,100.0,0.6094338407917234
23,EHCO,407.0,100.0,0.6086164116391503
23,EHCO,409.0,100.0,0.6078113831004588
23,EHCO,411.0,100.0,0.6070185937684278
23,EHCO,413.0,100.0,0.6062378831949353
23,EHCO,415.0,100.0,0.6054690919421387
23,EHCO,417.0,100.0,0.6047120616301792
23,EHCO,419.0,100.0,0.6039666349815723
23,EHCO,421.0,100.0,0.6032326558624365
23,EHCO,423.0,100.0,0.6025099693207076
23,EHCO,425.0,100.0,0.6017984216214828
23,EHCO,427.0,100.0,0.6010978602796258
23,EHCO,429.0,100.0,0.6004081340897648
23,EHCO,431.0,100.0,0.5997290931538095
23,A*-GA,1.0,0.0,0.8391225729519561
23,A*-GA,3.0,0.0,0.8443391741924542
23,A*-GA,5.0,0.0,0.8492618849431335
23,A*-GA,7.0,0.0,0.8539037039037024
23,A*-GA,9.0,0.0,0.8582770955499502
23,A*-GA,11.0,0.0,0.8623940114926778
23,A*-GA,13.0,0.0,0.8662659109920882
23,A*-GA,15.0,0.0,0.8699037806608759
23,A*-GA,17.0,0.0,0.8733181533879507
23,A*-GA,19.0,0.0,0.8765072945350719
23,A*-GA,21.0,0.0,0.8793572086687891
23,A*-GA,23.0,0.0,0.8818847370061046
23,A*-GA,25.0,0.0,0.8841060016844511
23,A*-GA,27.0,0.0,0.8860364349363343
23,A*-GA,29.0,0.0,0.8876908071035062
23,A*-GA,31.0,0.0,0.8890832535364562
23,A*-GA,33.0,0.0,0.8902273004232095
23,A*-GA,35.0,0.0,0.8911358895896897
23,A*-GA,37.0,0.0,0.8918214023122429
23,A*-GA,39.0,0.0,0.8922956821813214
23,A*-GA,41.0,2.0,0.8925700570537938
23,A*-GA,43.0,2.0,0.8926553601298726
23,A*-GA,45.0,2.0,0.8925619501892339
23,A*-GA,47.0,4.0,0.8922997310195474
23,A*-GA,49.0,4.0,0.891878170069322
23,A*-GA,51.0,4.0,0.8913063163557224
23,A*-GA,53.0,4.0,0.8907250879999785
23,A*-GA,55.0,4.0,0.8901789212598582
23,A*-GA,57.0,10.0,0.8896663052056877
23,A*-GA,59.0,10.0,0.8891558028952343
23,A*-GA,61.0,10.0,0.8886378268744511
23,A*-GA,63.0,12.0,0.888113119239316
23,A*-GA,65.0,14.000000000000002,0.8875922551176872
23,A*-GA,67.0,14.000000000000002,0.8869724731896728
23,A*-GA,69.0,16.0,0.8862164666833537
23,A*-GA,71.0,16.0,0.8853322274869411
23,A*-GA,73.0,16.0,0.8843273902038293
23,A*-GA,75.0,18.0,0.883209246892172
23,A*-GA,77.0,20.0,0.88198476121427
23,A*-GA,79.0,20.0,0.8806605820191251
23,A*-GA,81.0,20.0,0.8792430563805862
23,A*-GA,83.0,20.0,0.8777382421126414
23,A*-GA,85.0,22.0,0.8761519197825507
23,A*-GA,87.0,22.0,0.8744896042417066
23,A*-GA,89.0,24.0,0.8727565556933234
23,A*-GA,91.0,24.0,0.8709577903153027
23,A*-GA,93.0,24.0,0.8690980904559034
23,A*-GA,95.0,24.0,0.8671820144191464
23,A*-GA,97.0,24.0,0.8652139058562195
23,A*-GA,99.0,24.0,0.8631979027785052
23,A*-GA,101.0,24.0,0.8611379462072419
23,A*-GA,103.0,30.0,0.8590377884742327
23,A*-GA,105.0,30.0,0.8569010011874503
23,A*-GA,107.0,30.0,0.8547309828748432
23,A*-GA,109.0,30.0,0.852530966319118
23,A*-GA,111.0,30.0,0.8503040255957741
23,A*-GA,113.0,32.0,0.8480530828261807
23,A*-GA,115.0,32.0,0.845820735226179
23,A*-GA,117.0,32.0,0.8437250227712465
23,A*-GA,119.0,32.0,0.8417601267304655
23,A*-GA,121.0,34.0,0.8399126090222354
23,A*-GA,123.0,34.0,0.8381545033886493
23,A*-GA,125.0,34.0,0.8364821113237262
23,A*-GA,127.0,36.0,0.8348918815223461
23,A*-GA,129.0,36.0,0.8333631178085961
23,A*-GA,131.0,38.0,0.831782823576409
23,A*-GA,133.0,38.0,0.8301548577083329
23,A*-GA,135.0,38.0,0.828482897335023
23,A*-GA,137.0,38.0,0.8267704454672814
23,A*-GA,139.0,38.0,0.8250208383203969
23,A*-GA,141.0,38.0,0.8232372523429929
23,A*-GA,143.0,40.0,0.8214227109621112
23,A*-GA,145.0,40.0,0.8195800910557942
23,A*-GA,147.0,40.0,0.8177121291639904
23,A*-GA,149.0,40.0,0.8158214274481707
23,A*-GA,151.0,42.0,0.8139104594096457
23,A*-GA,153.0,42.0,0.8119815753761713
23,A*-GA,155.0,42.0,0.8100370077660543
23,A*-GA,157.0,42.0,0.8080788761386075
23,A*-GA,159.0,42.0,0.8061091920394543
23,A*-GA,161.0,42.0,0.8041298636488458
23,A*-GA,163.0,44.0,0.8022554018512263
23,A*-GA,165.0,44.0,0.8005186248264583
23,A*-GA,167.0,48.0,0.7989134223970425
23,A*-GA,169.0,50.0,0.7974108209569066
23,A*-GA,171.0,52.0,0.7959987812551279
23,A*-GA,173.0,52.0,0.7946733974691244
23,A*-GA,175.0,54.0,0.7934309209025797
23,A*-GA,177.0,56.00000000000001,0.7922677537783013
23,A*-GA,179.0,56.00000000000001,0.7911804432750593
23,A*-GA,181.0,56.00000000000001,0.7901656757988306
23,A*-GA,183.0,56.00000000000001,0.7892202714792456
23,A*-GA,185.0,56.00000000000001,0.7883411788824003
23,A*-GA,187.0,57.99999999999999,0.7875254699315384
23,A*-GA,189.0,57.99999999999999,0.786770335027445
23,A*-GA,191.0,57.99999999999999,0.7860730783607115
23,A*-GA,193.0,57.99999999999999,0.7854387963773436
23,A*-GA,195.0,57.99999999999999,0.7847721891319352
23,A*-GA,197.0,57.99999999999999,0.7840378728459168
23,A*-GA,199.0,57.99999999999999,0.7832400494572341
23,A*-GA,201.0,57.99999999999999,0.7823719413169598
23,A*-GA,203.0,57.99999999999999,0.7814062162625212
23,A*-GA,205.0,57.99999999999999,0.7803488745005845
23,A*-GA,207.0,57.99999999999999,0.7792056449721982
23,A*-GA,209.0,57.99999999999999,0.7779819965875097
23,A*-GA,211.0,60.0,0.7766834058379668
23,A*-GA,213.0,60.0,0.7753149278875902
23,A*-GA,215.0,62.0,0.7738812153729536
23,A*-GA,217.0,62.0,0.7723865364563215
23,A*-GA,219.0,62.0,0.7708352145171231
23,A*-GA,221.0,62.0,0.7692313714016562
23,A*-GA,223.0,64.0,0.7675789358569106
23,A*-GA,225.0,64.0,0.7658816516248124
23,A*-GA,227.0,64.0,0.7641430852103536
23,A*-GA,229.0,66.0,0.762366633336544
23,A*-GA,231.0,68.0,0.7605555300986094
23,A*-GA,233.0,68.0,0.7587128538293724
23,A*-GA,235.0,70.0,0.7568415336872802
23,A*-GA,237.0,72.0,0.7549443597539599
23,A*-GA,239.0,74.0,0.7530239891698053
23,A*-GA,241.0,74.0,0.7510829477471009
23,A*-GA,243.0,74.0,0.7491236355040154
23,A*-GA,245.0,74.0,0.7471483320409059
23,A*-GA,247.0,74.0,0.7451592016984165
23,A*-GA,249.0,76.0,0.7431582985060486
23,A*-GA,251.0,76.0,0.7411475709295438
23,A*-GA,253.0,78.0,0.7391288664250868
23,A*-GA,255.0,78.0,0.7371039358080234
23,A*-GA,257.0,78.0,0.7350745034687011
23,A*-GA,259.0,78.0,0.733042328898562
23,A*-GA,261.0,80.0,0.7310088809068627
23,A*-GA,263.0,82.0,0.7289753644376344
23,A*-GA,265.0,82.0,0.7269430436048846
23,A*-GA,267.0,82.0,0.724913172553612
23,A*-GA,269.0,84.0,0.7228869347245135
23,A*-GA,271.0,86.0,0.7208654459831365
23,A*-GA,273.0,86.0,0.7188497576204006
23,A*-GA,275.0,86.0,0.7168408592296305
23,A*-GA,277.0,86.0,0.7148396814650431
23,A*-GA,279.0,86.0,0.7128470986864304
23,A*-GA,281.0,86.0,0.7108639314945957
23,A*-GA,283.0,86.0,0.7088909491619205
23,A*-GA,285.0,88.0,0.7069288719622657
23,A*-GA,287.0,88.0,0.7049783734042415
23,A*-GA,289.0,88.0,0.703040082371727
23,A*-GA,291.0,90.0,0.7011145851753599
23,A*-GA,293.0,90.0,0.6992024275185741
23,A*-GA,295.0,92.0,0.6973041163816195
23,A*-GA,297.0,92.0,0.6954201218268616
23,A*-GA,299.0,94.0,0.6935508787285303
23,A*-GA,301.0,94.0,0.691696788429957
23,A*-GA,303.0,94.0,0.6898582203312248
23,A*-GA,305.0,94.0,0.6880355134100352
23,A*-GA,307.0,94.0,0.6862289776784865
23,A*-GA,309.0,96.0,0.68443889557835
23,A*-GA,311.0,96.0,0.6826655233173308
23,A*-GA,313.0,96.0,0.6809090921486968
23,A*-GA,315.0,96.0,0.6791698095965686
23,A*-GA,317.0,96.0,0.6774478606290703
23,A*-GA,319.0,98.0,0.6757434087814531
23,A*-GA,321.0,98.0,0.6740565972312211
23,A*-GA,323.0,98.0,0.6723875498272077
23,A*-GA,325.0,98.0,0.6707363720744716
23,A*-GA,327.0,98.0,0.6691031520768103
23,A*-GA,329.0,98.0,0.6674879614386152
23,A*-GA,331.0,98.0,0.6658908561277233
23,A*-GA,333.0,98.0,0.6643118773008557
23,A*-GA,335.0,98.0,0.6627510520931718
23,A*-GA,337.0,98.0,0.6612083942630101
23,A*-GA,339.0,98.0,0.6596839031116166
23,A*-GA,341.0,98.0,0.6581775648438843
23,A*-GA,343.0,98.0,0.6566893546544177
23,A*-GA,345.0,98.0,0.6552192373503921
23,A*-GA,347.0,98.0,0.653767167946824
23,A*-GA,349.0,98.0,0.6523330922353847
23,A*-GA,351.0,98.0,0.6509169473278477
23,A*-GA,353.0,98.0,0.6495186621752143
23,A*-GA,355.0,98.0,0.6481381580635224
23,A*-GA,357.0,98.0,0.6467753490873013
23,A*-GA,359.0,98.0,0.6454301426015967
23,A*-GA,361.0,98.0,0.6441024396534555
23,A*-GA,363.0,98.0,0.6427921353937214
23,A*-GA,365.0,98.0,0.6414991194699596
23,A*-GA,367.0,98.0,0.6402232764012956
23,A*-GA,369.0,98.0,0.6389644859359226
23,A*-GA,371.0,98.0,0.6377226233919993
23,A*-GA,373.0,98.0,0.6364975599826345
23,A*-GA,375.0,98.0,0.6352891631256227
23,A*-GA,377.0,98.0,0.6340972967385713
23,A*-GA,379.0,98.0,0.6329218215200333
23,A*-GA,381.0,98.0,0.6317625952172334
23,A*-GA,383.0,98.0,0.6306194728809542
23,A*-GA,385.0,98.0,0.6294923071081233
23,A*-GA,387.0,98.0,0.6283809482726231
23,A*-GA,389.0,98.0,0.6272852447448221
23,A*-GA,391.0,98.0,0.6262050431003061
23,A*-GA,393.0,98.0,0.6251401883182717
23,A*-GA,395.0,98.0,0.6240905239700192
23,A*-GA,397.0,98.0,0.623055892397973
23,A*-GA,399.0,98.0,0.622036134885631
23,A*-GA,401.0,98.0,0.6210310918188361
23,A*-GA,403.0,98.0,0.6200406028387412
23,A*-GA,405.0,98.0,0.6190645069868275
23,A*-GA,407.0,98.0,0.6181026428423196
23,A*-GA,409.0,98.0,0.6171548486523283
23,A*-GA,411.0,98.0,0.6162209624550345
23,A*-GA,413.0,98.0,0.6153008221962224
23,A*-GA,415.0,98.0,0.6143942658394485
23,A*-GA,417.0,98.0,0.6135011314701284
23,A*-GA,419.0,98.0,0.6126212573938093
23,A*-GA,421.0,98.0,0.6117544822288821
23,A*-GA,423.0,98.0,0.6109006449939826
23,A*-GA,425.0,98.0,0.6100595851903163
23,A*-GA,427.0,98.0,0.6092311428791337
23,A*-GA,429.0,98.0,0.6084151587545712
23,A*-GA,431.0,98.0,0.6076114742120695
23,A*-GA,433.0,98.0,0.6068199314125656
23,A*-GA,435.0,98.0,0.6060403733426508
23,A*-GA,437.0,98.0,0.6052726438708783
23,A*-GA,439.0,98.0,0.6045165878003957
23,A*-GA,441.0,98.0,0.6037720509180714
23,A*-GA,443.0,98.0,0.6030388800402747
23,A*-GA,445.0,98.0,0.6023169230554667
23,A*-GA,447.0,98.0,0.6016060289637476
23,A*-GA,449.0,98.0,0.6009060479135053
23,A*-GA,451.0,98.0,0.6002168312352981
23,A*-GA,453.0,98.0,0.5995382314731046
23,A*-GA,455.0,98.0,0.5988701024130643
23,A*-GA,457.0,98.0,0.598212299109829
23,A*-GA,459.0,98.0,0.5975647292762436
23,A*-GA,461.0,98.0,0.5969272654532165
24,EHCO,1.0,0.0,0.7145257586739991
24,EHCO,3.0,0.0,0.7246184347032074
24,EHCO,5.0,0.0,0.7340899620310822
24,EHCO,7.0,0.0,0.7429684250280668
24,EHCO,9.0,0.0,0.7512807448867451
24,EHCO,11.0,0.0,0.7590527262684778
24,EHCO,13.0,0.0,0.7663091021033168
24,EHCO,15.0,0.0,0.7730735766159232
24,EHCO,17.0,0.0,0.779368866647354
24,EHCO,19.0,4.0,0.7852167413398393
24,EHCO,21.0,4.0,0.7906380602490326
24,EHCO,23.0,4.0,0.7956528099456853
24,EHCO,25.0,4.0,0.8002801391662581
24,EHCO,27.0,4.0,0.8046752864653347
24,EHCO,29.0,4.0,0.8088931958814974
24,EHCO,31.0,6.0,0.8129409000405342
24,EHCO,33.0,8.0,0.8167906956064525
24,EHCO,35.0,8.0,0.8204397174718547
24,EHCO,37.0,8.0,0.8238966585516347
24,EHCO,39.0,10.0,0.8271698572421742
24,EHCO,41.0,10.0,0.8302673115521205
24,EHCO,43.0,14.000000000000002,0.8331966926751289
24,EHCO,45.0,14.000000000000002,0.835965358026522
24,EHCO,47.0,16.0,0.8385803637649593
24,EHCO,49.0,16.0,0.8410363781116895
24,EHCO,51.0,18.0,0.8432164972385625
24,EHCO,53.0,18.0,0.8451345064549545
24,EHCO,55.0,18.0,0.846803601317939
24,EHCO,57.0,18.0,0.8482364115773411
24,EHCO,59.0,18.0,0.8494450241680592
24,EHCO,61.0,20.0,0.8504410052872479
24,EHCO,63.0,20.0,0.8512354215924811
24,EHCO,65.0,20.0,0.8518388605555944
24,EHCO,67.0,20.0,0.8522614500055373
24,EHCO,69.0,20.0,0.8525128768922576
24,EHCO,71.0,20.0,0.8526024053023821
24,EHCO,73.0,24.0,0.8525388937562417
24,EHCO,75.0,24.0,0.8523308118146347
24,EHCO,77.0,24.0,0.8519862560225971
24,EHCO,79.0,24.0,0.8515129652163811
24,EHCO,81.0,28.000000000000004,0.8509183352188088
24,EHCO,83.0,28.000000000000004,0.8502094329471819
24,EHCO,85.0,30.0,0.8493930099569691
24,EHCO,87.0,32.0,0.8486000725643973
24,EHCO,89.0,32.0,0.8478709550324202
24,EHCO,91.0,34.0,0.8472027922544044
24,EHCO,93.0,34.0,0.846569724553439
24,EHCO,95.0,36.0,0.8459627006531313
24,EHCO,97.0,36.0,0.8453806817339132
24,EHCO,99.0,36.0,0.8448226699181336
24,EHCO,101.0,36.0,0.844287706661824
24,EHCO,103.0,36.0,0.8437748712095788
24,EHCO,105.0,36.0,0.8432832791100732
24,EHCO,107.0,38.0,0.8428120807898383
24,EHCO,109.0,38.0,0.8423604601830104
24,EHCO,111.0,40.0,0.8419276334148569
24,EHCO,113.0,40.0,0.8415128475369692
24,EHCO,115.0,40.0,0.8411153793120935
24,EHCO,117.0,40.0,0.8407345340466563
24,EHCO,119.0,40.0,0.8403773274381129
24,EHCO,121.0,40.0,0.8399403700017909
24,EHCO,123.0,40.0,0.8393874704855181
24,EHCO,125.0,40.0,0.8387253713136766
24,EHCO,127.0,42.0,0.8380019331140421
24,EHCO,129.0,42.0,0.837343293120419
24,EHCO,131.0,42.0,0.8367465904472392
24,EHCO,133.0,44.0,0.8362089102480036
24,EHCO,135.0,44.0,0.8356036471374481
24,EHCO,137.0,46.0,0.8348945038550335
24,EHCO,139.0,46.0,0.8340876594045402
24,EHCO,141.0,48.0,0.8331890156158687
24,EHCO,143.0,54.0,0.8322042085932578
24,EHCO,145.0,56.00000000000001,0.8311386197048917
24,EHCO,147.0,56.00000000000001,0.8299973861320435
24,EHCO,149.0,56.00000000000001,0.8287854109951914
24,EHCO,151.0,57.99999999999999,0.8275073730738516
24,EHCO,153.0,57.99999999999999,0.8261677361362179
24,EHCO,155.0,57.99999999999999,0.8247707578940613
24,EHCO,157.0,57.99999999999999,0.8233204985977352
24,EHCO,159.0,57.99999999999999,0.821820829285546
24,EHCO,161.0,57.99999999999999,0.8202754397011903
24,EHCO,163.0,57.99999999999999,0.8186878458924145
24,EHCO,165.0,57.99999999999999,0.8170613975035401
24,EHCO,167.0,57.99999999999999,0.8153992847739966
24,EHCO,169.0,62.0,0.813704545254525
24,EHCO,171.0,62.0,0.811980070252258
24,EHCO,173.0,62.0,0.8102286110154373
24,EHCO,175.0,62.0,0.8084527846681075
24,EHCO,177.0,62.0,0.806655079904718
24,EHCO,179.0,62.0,0.8048378624541698
24,EHCO,181.0,62.0,0.8030033803224724
24,EHCO,183.0,62.0,0.8011917220369501
24,EHCO,185.0,66.0,0.7995149653949396
24,EHCO,187.0,66.0,0.7979671964671038
24,EHCO,189.0,68.0,0.7965348875113696
24,EHCO,191.0,68.0,0.7951899879101262
24,EHCO,193.0,68.0,0.7939287198708034
24,EHCO,195.0,68.0,0.792747457656301
24,EHCO,197.0,68.0,0.7916271629244541
24,EHCO,199.0,68.0,0.7904597254536497
24,EHCO,201.0,70.0,0.7892377054180973
24,EHCO,203.0,70.0,0.7879331347894017
24,EHCO,205.0,72.0,0.7865514031817492
24,EHCO,207.0,76.0,0.7850976532201547
24,EHCO,209.0,76.0,0.7835767908174793
24,EHCO,211.0,76.0,0.7819934950385701
24,EHCO,213.0,76.0,0.7803522275678773
24,EHCO,215.0,76.0,0.7786574986242861
24,EHCO,217.0,76.0,0.7769134364220072
24,EHCO,219.0,78.0,0.7751238044045274
24,EHCO,221.0,78.0,0.7732920177935416
24,EHCO,223.0,80.0,0.771421581835608
24,EHCO,225.0,80.0,0.76951583366409
24,EHCO,227.0,84.0,0.7675779494000259
24,EHCO,229.0,84.0,0.7656109509660728
24,EHCO,231.0,84.0,0.7636177126249192
24,EHCO,233.0,84.0,0.7616009672531094
24,EHCO,235.0,84.0,0.7595633134143537
24,EHCO,237.0,84.0,0.7575072259109492
24,EHCO,239.0,84.0,0.7554350560677692
24,EHCO,241.0,84.0,0.7533490360563236
24,EHCO,243.0,84.0,0.7512512840139269
24,EHCO,245.0,84.0,0.7491438089546895
24,EHCO,247.0,86.0,0.7470285154806211
24,EHCO,249.0,86.0,0.7449072083008091
24,EHCO,251.0,86.0,0.7427815965663149
24,EHCO,253.0,86.0,0.7406532980281372
24,EHCO,255.0,86.0,0.738523843025294
24,EHCO,257.0,88.0,0.7363946783098011
24,EHCO,259.0,88.0,0.7342671707150551
24,EHCO,261.0,90.0,0.7321426106738718
24,EHCO,263.0,92.0,0.7300222155921852
24,EHCO,265.0,92.0,0.7279071330841739
24,EHCO,267.0,92.0,0.7257984440743525
24,EHCO,269.0,92.0,0.7236971657719511
24,EHCO,271.0,94.0,0.7216042545226891
24,EHCO,273.0,94.0,0.7195206085428535
24,EHCO,275.0,98.0,0.7174470705403938
24,EHCO,277.0,98.0,0.7153844800588088
24,EHCO,279.0,98.0,0.7133337190088824
24,EHCO,281.0,100.0,0.7112954652083436
24,EHCO,283.0,100.0,0.7092703510105953
24,EHCO,285.0,100.0,0.7072589654002239
24,EHCO,287.0,100.0,0.705261856001148
24,EHCO,289.0,100.0,0.7032795310009152
24,EHCO,291.0,100.0,0.7013124609945242
24,EHCO,293.0,100.0,0.6993610807510067
24,EHCO,295.0,100.0,0.6974257909058857
24,EHCO,297.0,100.0,0.6955069595824932
24,EHCO,299.0,100.0,0.6936049239450195
24,EHCO,301.0,100.0,0.6917199916860481
24,EHCO,303.0,100.0,0.6898524424512226
24,EHCO,305.0,100.0,0.688002529203585
24,EHCO,307.0,100.0,0.6861704795300289
24,EHCO,309.0,100.0,0.6843564968922065
24,EHCO,311.0,100.0,0.6825607618241423
24,EHCO,313.0,100.0,0.6807834330787125
24,EHCO,315.0,100.0,0.679024648725065
24,EHCO,317.0,100.0,0.6772845271989728
24,EHCO,319.0,100.0,0.6755631683080329
24,EHCO,321.0,100.0,0.6738606541935463
24,EHCO,323.0,100.0,0.6721770502508466
24,EHCO,325.0,100.0,0.6705124060097638
24,EHCO,327.0,100.0,0.6688667559768571
24,EHCO,329.0,100.0,0.6672401204409708
24,EHCO,331.0,100.0,0.6656325062436163
24,EHCO,333.0,100.0,0.6640439075156169
24,EHCO,335.0,100.0,0.6624743063814
24,EHCO,337.0,100.0,0.6609236736322575
24,EHCO,339.0,100.0,0.6593919693698544
24,EHCO,341.0,100.0,0.6578791436212039
24,EHCO,343.0,100.0,0.6563851369262832
24,EHCO,345.0,100.0,0.6549098808994185
24,EHCO,347.0,100.0,0.653453298765518
24,EHCO,349.0,100.0,0.6520153058721956
24,EHCO,351.0,100.0,0.6505958101787757
24,EHCO,353.0,100.0,0.6491947127231428
24,EHCO,355.0,100.0,0.647811908067349
24,EHCO,357.0,100.0,0.6464472847228644
24,EHCO,359.0,100.0,0.6451007255563139
24,EHCO,361.0,100.0,0.6437721081765156
24,EHCO,363.0,100.0,0.6424613053035974
24,EHCO,365.0,100.0,0.641168185120942
24,EHCO,367.0,100.0,0.6398926116106785
24,EHCO,369.0,100.0,0.6386344448734083
24,EHCO,371.0,100.0,0.6373935414328284
24,EHCO,373.0,100.0,0.6361697545258859
24,EHCO,375.0,100.0,0.6349629343790729
24,EHCO,377.0,100.0,0.6337729284714484
24,EHCO,379.0,100.0,0.6325995817849442
24,EHCO,381.0,100.0,0.631442737042498
24,EHCO,383.0,100.0,0.6303022349345254
24,EHCO,385.0,100.0,0.6291779143342314
24,EHCO,387.0,100.0,0.6280696125022328
24,EHCO,389.0,100.0,0.626977165280949
24,EHCO,391.0,100.0,0.6259004072792019
24,EHCO,393.0,100.0,0.62483917204744
24,EHCO,395.0,100.0,0.6237932922439925
24,EHCO,397.0,100.0,0.6227625997927415
24,EHCO,399.0,100.0,0.6217469260325792
24,EHCO,401.0,100.0,0.6207461018590079
24,EHCO,403.0,100.0,0.6197599578582255
24,EHCO,405.0,100.0,0.61878832443402
24,EHCO,407.0,100.0,0.617831031927791
24,EHCO,409.0,100.0,0.6168879107319961
24,EHCO,411.0,100.0,0.6159587913973128
24,EHCO,413.0,100.0,0.6150435047337919
24,EHCO,415.0,100.0,0.6141418819062676
24,EHCO,417.0,100.0,0.6132537545242809
24,EHCO,419.0,100.0,0.6123789547267574
24,EHCO,421.0,100.0,0.6115173152616762
24,EHCO,423.0,100.0,0.6106686695609534
24,EHCO,425.0,100.0,0.6098328518107552
24,EHCO,427.0,100.0,0.6090096970174457
24,EHCO,429.0,100.0,0.6081990410693706
24,EHCO,431.0,100.0,0.6074007207946631
24,EHCO,433.0,100.0,0.6066145740152546
24,EHCO,435.0,100.0,0.6058404395972644
24,EHCO,437.0,100.0,0.6050781574979358
24,EHCO,439.0,100.0,0.604327568809278
24,EHCO,441.0,100.0,0.6035885157985669
24,EHCO,443.0,100.0,0.6028608419458522
24,EHCO,445.0,100.0,0.6021443919786101
24,EHCO,447.0,100.0,0.6014390119036791
24,EHCO,449.0,100.0,0.6007445490366048
24,EHCO,451.0,100.0,0.6000608520285197
24,A*-GA,1.0,0.0,0.7145257586739991
24,A*-GA,3.0,0.0,0.7246302666816107
24,A*-GA,5.0,0.0,0.7342491326469864
24,A*-GA,7.0,0.0,0.7434028776428275
24,A*-GA,9.0,0.0,0.7521111934168081
24,A*-GA,11.0,0.0,0.7603929753272612
24,A*-GA,13.0,0.0,0.7682663539801697
24,A*-GA,15.0,0.0,0.7757487256185188
24,A*-GA,17.0,0.0,0.7828567813130632
24,A*-GA,19.0,0.0,0.7896065350016349
24,A*-GA,21.0,0.0,0.7960133504222671
24,A*-GA,23.0,0.0,0.8020919669836335
24,A*-GA,25.0,0.0,0.8078565246145919
24,A*-GA,27.0,0.0,0.8133087556545765
24,A*-GA,29.0,0.0,0.8183379970563319
24,A*-GA,31.0,0.0,0.822964293088145
24,A*-GA,33.0,0.0,0.8272068446545638
24,A*-GA,35.0,4.0,0.8310840433240252
24,A*-GA,37.0,4.0,0.8346135040060031
24,A*-GA,39.0,6.0,0.8378120963309175
24,A*-GA,41.0,6.0,0.8406959747839463
24,A*-GA,43.0,8.0,0.8432806076418733
24,A*-GA,45.0,8.0,0.8455808047601734
24,A*-GA,47.0,10.0,0.8476107442556825
24,A*-GA,49.0,10.0,0.8493839981284134
24,A*-GA,51.0,10.0,0.8509135568643686
24,A*-GA,53.0,10.0,0.8522568118685553
24,A*-GA,55.0,10.0,0.8535557904033584
24,A*-GA,57.0,12.0,0.8548122199348784
24,A*-GA,59.0,14.000000000000002,0.8560171219255994
24,A*-GA,61.0,14.000000000000002,0.8571415019031943
24,A*-GA,63.0,14.000000000000002,0.8581890627277358
24,A*-GA,65.0,16.0,0.8591633530053725
24,A*-GA,67.0,16.0,0.8600535795757042
24,A*-GA,69.0,16.0,0.8607418196311072
24,A*-GA,71.0,18.0,0.8612387527292146
24,A*-GA,73.0,18.0,0.8615545939236584
24,A*-GA,75.0,18.0,0.8616991127392923
24,A*-GA,77.0,18.0,0.8616816513905781
24,A*-GA,79.0,18.0,0.86151114227303
24,A*-GA,81.0,20.0,0.8611961247564401
24,A*-GA,83.0,20.0,0.8607447613074699
24,A*-GA,85.0,20.0,0.8601648529681181
24,A*-GA,87.0,20.0,0.8594638542155212
24,A*-GA,89.0,20.0,0.8586488872275494
24,A*-GA,91.0,20.0,0.8577267555776926
24,A*-GA,93.0,22.0,0.8568294461803886
24,A*-GA,95.0,22.0,0.8559975806305709
24,A*-GA,97.0,24.0,0.8552282574110596
24,A*-GA,99.0,24.0,0.8544952649592352
24,A*-GA,101.0,26.0,0.853789435778596
24,A*-GA,103.0,26.0,0.8531097249298261
24,A*-GA,105.0,26.0,0.8524551281247124
24,A*-GA,107.0,28.000000000000004,0.8518246801370571
24,A*-GA,109.0,28.000000000000004,0.851217453275837
24,A*-GA,111.0,30.0,0.8506325559181676
24,A*-GA,113.0,30.0,0.8500769082586296
24,A*-GA,115.0,32.0,0.8494464298716364
24,A*-GA,117.0,32.0,0.8487045274156937
24,A*-GA,119.0,32.0,0.8478578168795983
24,A*-GA,121.0,34.0,0.8469126176042592
24,A*-GA,123.0,34.0,0.8458749645334074
24,A*-GA,125.0,34.0,0.8447506199735769
24,A*-GA,127.0,34.0,0.8435450848827744
24,A*-GA,129.0,34.0,0.8422636097064928
24,A*-GA,131.0,36.0,0.8409112047789891
24,A*-GA,133.0,36.0,0.8394926503070371
24,A*-GA,135.0,36.0,0.8380125059526968
24,A*-GA,137.0,36.0,0.836475120030979
24,A*-GA,139.0,36.0,0.834884638337668
24,A*-GA,141.0,36.0,0.8332450126219602
24,A*-GA,143.0,40.0,0.8315600087179975
24,A*-GA,145.0,42.0,0.8298332143488218
24,A*-GA,147.0,42.0,0.8280680466157444
24,A*-GA,149.0,42.0,0.8262677591856085
24,A*-GA,151.0,42.0,0.8244354491879359
24,A*-GA,153.0,42.0,0.8226131708027518
24,A*-GA,155.0,44.0,0.8209170849311401
24,A*-GA,157.0,46.0,0.8193417201371276
24,A*-GA,159.0,48.0,0.8178739726988844
24,A*-GA,161.0,48.0,0.8164861982829309
24,A*-GA,163.0,50.0,0.8151750083526751
24,A*-GA,165.0,50.0,0.8139371500788938
24,A*-GA,167.0,50.0,0.8127771839542924
24,A*-GA,169.0,50.0,0.8115969742916713
24,A*-GA,171.0,50.0,0.8103600400179214
24,A*-GA,173.0,52.0,0.8090703036231387
24,A*-GA,175.0,52.0,0.8077315056667845
24,A*-GA,177.0,52.0,0.8063472123784472
24,A*-GA,179.0,52.0,0.8049208229527646
24,A*-GA,181.0,52.0,0.8034555765506306
24,A*-GA,183.0,54.0,0.8019545590183345
24,A*-GA,185.0,54.0,0.8004207093358184
24,A*-GA,187.0,56.00000000000001,0.7988568258048034
24,A*-GA,189.0,56.00000000000001,0.7972655719871042
24,A*-GA,191.0,56.00000000000001,0.7956494824030518
24,A*-GA,193.0,56.00000000000001,0.7940109679995476
24,A*-GA,195.0,57.99999999999999,0.7923523213969008
24,A*-GA,197.0,57.99999999999999,0.7906757219232365
24,A*-GA,199.0,57.99999999999999,0.7889832404449183
24,A*-GA,201.0,57.99999999999999,0.7872660548039734
24,A*-GA,203.0,62.0,0.7854949576249879
24,A*-GA,205.0,64.0,0.7836743192722551
24,A*-GA,207.0,66.0,0.7818080504787308
24,A*-GA,209.0,68.0,0.7798996192164509
24,A*-GA,211.0,68.0,0.7779524977882825
24,A*-GA,213.0,68.0,0.7759700753008494
24,A*-GA,215.0,68.0,0.7739555769769756
24,A*-GA,217.0,70.0,0.7719120710960373
24,A*-GA,219.0,70.0,0.7698424756535979
24,A*-GA,221.0,70.0,0.7677495647514752
24,A*-GA,223.0,70.0,0.7656359747289564
24,A*-GA,225.0,70.0,0.7635042100454473
24,A*-GA,227.0,70.0,0.7613566521390747
24,A*-GA,229.0,70.0,0.7591955658813216
24,A*-GA,231.0,72.0,0.757023100348007
24,A*-GA,233.0,72.0,0.7548412935579965
24,A*-GA,235.0,74.0,0.7526520772720676
24,A*-GA,237.0,74.0,0.7504572815962101
24,A*-GA,239.0,74.0,0.7482586393971513
24,A*-GA,241.0,76.0,0.7460577905375944
24,A*-GA,243.0,76.0,0.7438562859383571
24,A*-GA,245.0,78.0,0.7416555914743178
24,A*-GA,247.0,78.0,0.7394570917108009
24,A*-GA,249.0,78.0,0.737262093486772
24,A*-GA,251.0,78.0,0.7350718293509624
24,A*-GA,253.0,78.0,0.7328874608567997
24,A*-GA,255.0,78.0,0.7307100817217894
24,A*-GA,257.0,80.0,0.7285407208567684
24,A*-GA,259.0,80.0,0.7263805154734554
24,A*-GA,261.0,80.0,0.7242304177579199
24,A*-GA,263.0,82.0,0.7220912648251923
24,A*-GA,265.0,82.0,0.719963840560236
24,A*-GA,267.0,82.0,0.7178488780431713
24,A*-GA,269.0,82.0,0.7157470618737901
24,A*-GA,271.0,82.0,0.7136590303993997
24,A*-GA,273.0,82.0,0.7115853778498832
24,A*-GA,275.0,86.0,0.7095266563837008
24,A*-GA,277.0,88.0,0.7074833780484181
24,A*-GA,279.0,88.0,0.705456016659196
24,A*-GA,281.0,88.0,0.7034450095985488
24,A*-GA,283.0,90.0,0.7014507595405411
24,A*-GA,285.0,92.0,0.6994736361024688
24,A*-GA,287.0,96.0,0.6975139774269519
24,A*-GA,289.0,96.0,0.6955720916972447
24,A*-GA,291.0,96.0,0.6936482585884659
24,A*-GA,293.0,100.0,0.6917427306573347
24,A*-GA,295.0,100.0,0.6898557346729028
24,A*-GA,297.0,100.0,0.687987472890672
24,A*-GA,299.0,100.0,0.6861381242723882
24,A*-GA,301.0,100.0,0.6843078456537188
24,A*-GA,303.0,100.0,0.6824967728619245
24,A*-GA,305.0,100.0,0.6807050217855587
24,A*-GA,307.0,100.0,0.678932689398146
24,A*-GA,309.0,100.0,0.6771798547377079
24,A*-GA,311.0,100.0,0.6754465798439389
24,A*-GA,313.0,100.0,0.6737329106547545
24,A*-GA,315.0,100.0,0.6720388778638738
24,A*-GA,317.0,100.0,0.6703644977410231
24,A*-GA,319.0,100.0,0.6687097729162914
24,A*-GA,321.0,100.0,0.6670746931301049
24,A*-GA,323.0,100.0,0.6654592359502273
24,A*-GA,325.0,100.0,0.6638633674571399
24,A*-GA,327.0,100.0,0.6622870428990987
24,A*-GA,329.0,100.0,0.6607302073181149
24,A*-GA,331.0,100.0,0.6591927961480558
24,A*-GA,333.0,100.0,0.6576747357860139
24,A*-GA,335.0,100.0,0.6561759441380485
24,A*-GA,337.0,100.0,0.654696331140356
24,A*-GA,339.0,100.0,0.653235799256887
24,A*-GA,341.0,100.0,0.651794243954385
24,A*-GA,343.0,100.0,0.6503715541557816
24,A*-GA,345.0,100.0,0.6489676126728503
24,A*-GA,347.0,100.0,0.6475822966189775
24,A*-GA,349.0,100.0,0.6462154778028811
24,A*-GA,351.0,100.0,0.6448670231040713
24,A*-GA,353.0,100.0,0.6435367948308158
24,A*-GA,355.0,100.0,0.6422246510613414
24,A*-GA,357.0,100.0,0.6409304459689747
24,A*-GA,359.0,100.0,0.6396540301318973
24,A*-GA,361.0,100.0,0.6383952508281595
24,A*-GA,363.0,100.0,0.6371539523165783
24,A*-GA,365.0,100.0,0.6359299761041105
24,A*-GA,367.0,100.0,0.6347231612002766
24,A*-GA,369.0,100.0,0.6335333443591823
24,A*-GA,371.0,100.0,0.632360360309665
24,A*-GA,373.0,100.0,0.6312040419740695
24,A*-GA,375.0,100.0,0.6300642206761388
24,A*-GA,377.0,100.0,0.6289407263384844
24,A*-GA,379.0,100.0,0.6278333876700833
24,A*-GA,381.0,100.0,0.6267420323442278
24,A*-GA,383.0,100.0,0.6256664871673403
24,A*-GA,385.0,100.0,0.6246065782390482
24,A*-GA,387.0,100.0,0.6235621311038931
24,A*-GA,389.0,100.0,0.6225329708950413
24,A*-GA,391.0,100.0,0.6215189224703401
24,A*-GA,393.0,100.0,0.6205198105410543
24,A*-GA,395.0,100.0,0.6195354597936042
24,A*-GA,397.0,100.0,0.6185656950046097
24,A*-GA,399.0,100.0,0.6176103411495364
24,A*-GA,401.0,100.0,0.616669223505225
24,A*-GA,403.0,100.0,0.6157421677465755
24,A*-GA,405.0,100.0,0.6148290000376436
24,A*-GA,407.0,100.0,0.6139295471174018
24,A*-GA,409.0,100.0,0.6130436363803989
24,A*-GA,411.0,100.0,0.6121710959525519
24,A*-GA,413.0,100.0,0.6113117547622844
24,A*-GA,415.0,100.0,0.6104654426072256
24,A*-GA,417.0,100.0,0.6096319902166699
24,A*-GA,419.0,100.0,0.6088112293099898
24,A*-GA,421.0,100.0,0.6080029926511875
24,A*-GA,423.0,100.0,0.6072071140997638
24,A*-GA,425.0,100.0,0.6064234286580721
24,A*-GA,427.0,100.0,0.6056517725153223
24,A*-GA,429.0,100.0,0.6048919830883905
24,A*-GA,431.0,100.0,0.6041438990595823
24,A*-GA,433.0,100.0,0.6034073604114962
24,A*-GA,435.0,100.0,0.6026822084591212
24,A*-GA,437.0,100.0,0.6019682858793018
24,A*-GA,439.0,100.0,0.6012654367376971
24,A*-GA,441.0,100.0,0.6005735065133521
24,A*-GA,443.0,100.0,0.5998923421209998
25,EHCO,1.0,0.0,0.8094685903709307
25,EHCO,3.0,0.0,0.8158485110989263
25,EHCO,5.0,0.0,0.8218889045587617
25,EHCO,7.0,0.0,0.8276045597713424
25,EHCO,9.0,0.0,0.8330096612997312
25,EHCO,11.0,0.0,0.8381178133633416
25,EHCO,13.0,0.0,0.8429420629995015
25,EHCO,15.0,0.0,0.8475064307867973
25,EHCO,17.0,0.0,0.8517193461676338
25,EHCO,19.0,0.0,0.8555526928438646
25,EHCO,21.0,0.0,0.8590248975911753
25,EHCO,23.0,0.0,0.8621536058555804
25,EHCO,25.0,0.0,0.8649557133709345
25,EHCO,27.0,2.0,0.8674473965201257
25,EHCO,29.0,2.0,0.8696441414895028
25,EHCO,31.0,2.0,0.8715607722641335
25,EHCO,33.0,2.0,0.8732114775096274
25,EHCO,35.0,2.0,0.8746558702921654
25,EHCO,37.0,2.0,0.8760401563816756
25,EHCO,39.0,4.0,0.8773668337415478
25,EHCO,41.0,6.0,0.8786266222964283
25,EHCO,43.0,6.0,0.8797882545569976
25,EHCO,45.0,8.0,0.8808563810524208
25,EHCO,47.0,8.0,0.8818354566517567
25,EHCO,49.0,8.0,0.8827297484581832
25,EHCO,51.0,10.0,0.8835433433899226
25,EHCO,53.0,10.0,0.8842801554602162
25,EHCO,55.0,12.0,0.8849439327682147
25,EHCO,57.0,14.000000000000002,0.8855382642121802
25,EHCO,59.0,14.000000000000002,0.8860665859359531
25,EHCO,61.0,20.0,0.8865321875192013
25,EHCO,63.0,20.0,0.8869382179215605
25,EHCO,65.0,20.0,0.8872749837460433
25,EHCO,67.0,24.0,0.8874226192081132
25,EHCO,69.0,24.0,0.8873914458979866
25,EHCO,71.0,24.0,0.8871913325254707
25,EHCO,73.0,24.0,0.8868317134791838
25,EHCO,75.0,24.0,0.8863216066445988
25,EHCO,77.0,24.0,0.8856696305102
25,EHCO,79.0,24.0,0.8848840205898945
25,EHCO,81.0,24.0,0.8839726451887117
25,EHCO,83.0,24.0,0.8829430205377576
25,EHCO,85.0,24.0,0.8818023253233725
25,EHCO,87.0,24.0,0.8805574146344552
25,EHCO,89.0,24.0,0.879214833350976
25,EHCO,91.0,26.0,0.8778235265363253
25,EHCO,93.0,28.000000000000004,0.8765131052898674
25,EHCO,95.0,32.0,0.8752801893667295
25,EHCO,97.0,34.0,0.8740785567810707
25,EHCO,99.0,34.0,0.8727810554101021
25,EHCO,101.0,36.0,0.8713938042487818
25,EHCO,103.0,36.0,0.8699226432695057
25,EHCO,105.0,36.0,0.8683731450123163
25,EHCO,107.0,36.0,0.8667506257097799
25,EHCO,109.0,38.0,0.8650601559649667
25,EHCO,111.0,38.0,0.8633065710002371
25,EHCO,113.0,38.0,0.8614944804938418
25,EHCO,115.0,38.0,0.859628278020672
25,EHCO,117.0,38.0,0.8578342265133014
25,EHCO,119.0,40.0,0.8561498464216735
25,EHCO,121.0,42.0,0.8545704012073132
25,EHCO,123.0,42.0,0.8530682339804861
25,EHCO,125.0,44.0,0.8516325675505223
25,EHCO,127.0,44.0,0.8502607056763206
25,EHCO,129.0,44.0,0.8489500588558048
25,EHCO,131.0,46.0,0.8476981401278993
25,EHCO,133.0,48.0,0.8465025610393119
25,EHCO,135.0,48.0,0.8453610277696527
25,EHCO,137.0,50.0,0.8442713374086818
25,EHCO,139.0,50.0,0.8432313743797126
25,EHCO,141.0,50.0,0.8422391070034367
25,EHCO,143.0,52.0,0.8412741038908168
25,EHCO,145.0,52.0,0.8402213464971084
25,EHCO,147.0,52.0,0.8390863479327775
25,EHCO,149.0,52.0,0.8378743708073014
25,EHCO,151.0,52.0,0.836590437621925
25,EHCO,153.0,52.0,0.8352393407453588
25,EHCO,155.0,52.0,0.8338256519889393
25,EHCO,157.0,56.00000000000001,0.8323537317971157
25,EHCO,159.0,56.00000000000001,0.8308277380684995
25,EHCO,161.0,56.00000000000001,0.8292914922092718
25,EHCO,163.0,56.00000000000001,0.8278642807726176
25,EHCO,165.0,56.00000000000001,0.8265413710334494
25,EHCO,167.0,60.0,0.8253103682764675
25,EHCO,169.0,60.0,0.8241443086436722
25,EHCO,171.0,62.0,0.8230404566700894
25,EHCO,173.0,66.0,0.8219961862771338
25,EHCO,175.0,66.0,0.8210089764584784
25,EHCO,177.0,66.0,0.820076407135422
25,EHCO,179.0,66.0,0.8191961551750983
25,EHCO,181.0,68.0,0.8183659905651393
25,EHCO,183.0,68.0,0.8175837727386494
25,EHCO,185.0,68.0,0.8168474470435929
25,EHCO,187.0,68.0,0.8161550413509268
25,EHCO,189.0,70.0,0.8155046627960312
25,EHCO,191.0,70.0,0.8148944946482094
25,EHCO,193.0,70.0,0.8143227933032264
25,EHCO,195.0,70.0,0.8137878853940603
25,EHCO,197.0,72.0,0.8132881650152237
25,EHCO,199.0,72.0,0.8128045140234609
25,EHCO,201.0,72.0,0.8122141084307485
25,EHCO,203.0,72.0,0.8114914458596498
25,EHCO,205.0,72.0,0.8106442779236587
25,EHCO,207.0,74.0,0.8096800097761333
25,EHCO,209.0,74.0,0.8086057144021032
25,EHCO,211.0,74.0,0.8074281463378362
25,EHCO,213.0,74.0,0.8061537548408073
25,EHCO,215.0,76.0,0.8047886965318176
25,EHCO,217.0,76.0,0.8033388475301565
25,EHCO,219.0,76.0,0.801809815101876
25,EHCO,221.0,76.0,0.8002069488404568
25,EHCO,223.0,76.0,0.7985353513983873
25,EHCO,225.0,78.0,0.7967998887874443
25,EHCO,227.0,78.0,0.7950052002647682
25,EHCO,229.0,78.0,0.7931557078211453
25,EHCO,231.0,78.0,0.7912556252872723
25,EHCO,233.0,80.0,0.7893089670731465
25,EHCO,235.0,82.0,0.7873195565551361
25,EHCO,237.0,82.0,0.7852910341247087
25,EHCO,239.0,84.0,0.7832268649122438
25,EHCO,241.0,86.0,0.7811304323772661
25,EHCO,243.0,86.0,0.7790051248037033
25,EHCO,245.0,88.0,0.776853911566363
25,EHCO,247.0,88.0,0.7746793583675385
25,EHCO,249.0,88.0,0.7724840727596439
25,EHCO,251.0,88.0,0.7702706151111672
25,EHCO,253.0,88.0,0.7680414164718422
25,EHCO,255.0,88.0,0.7657987841230736
25,EHCO,257.0,88.0,0.7635449108447382
25,EHCO,259.0,88.0,0.7612818798057904
25,EHCO,261.0,88.0,0.7590116653212804
25,EHCO,263.0,88.0,0.7567361375597336
25,EHCO,265.0,88.0,0.7544572970212089
25,EHCO,267.0,90.0,0.7521768794834925
25,EHCO,269.0,92.0,0.7498964505035804
25,EHCO,271.0,94.0,0.747617489368161
25,EHCO,273.0,94.0,0.745341392888778
25,EHCO,275.0,96.0,0.7430694790413218
25,EHCO,277.0,96.0,0.7408029904560657
25,EHCO,279.0,96.0,0.7385430977642207
25,EHCO,281.0,96.0,0.7362909028067485
25,EHCO,283.0,96.0,0.7340474417109405
25,EHCO,285.0,96.0,0.7318136878400566
25,EHCO,287.0,96.0,0.7295905546211059
25,EHCO,289.0,96.0,0.727378898255653
25,EHCO,291.0,96.0,0.7251795203183369
25,EHCO,293.0,96.0,0.722993170247606
25,EHCO,295.0,96.0,0.7208205477329966
25,EHCO,297.0,96.0,0.7186623050031034
25,EHCO,299.0,96.0,0.716519049018237
25,EHCO,301.0,96.0,0.7143913435715954
25,EHCO,303.0,96.0,0.7122797113026299
25,EHCO,305.0,96.0,0.7101846356261404
25,EHCO,307.0,96.0,0.7081065625804904
25,EHCO,309.0,96.0,0.7060459025982041
25,EHCO,311.0,96.0,0.7040030322020717
25,EHCO,313.0,96.0,0.7019782956297709
25,EHCO,315.0,96.0,0.6999720063898893
25,EHCO,317.0,96.0,0.6979844487521198
25,EHCO,319.0,96.0,0.6960158791742902
25,EHCO,321.0,96.0,0.6940665276687822
25,EHCO,323.0,96.0,0.6921365991107963
25,EHCO,325.0,96.0,0.6902262744908156
25,EHCO,327.0,96.0,0.6883357121135352
25,EHCO,329.0,96.0,0.6864650487454269
25,EHCO,331.0,96.0,0.6846144007130289
25,EHCO,333.0,96.0,0.6827838649539613
25,EHCO,335.0,96.0,0.6809735200225917
25,EHCO,337.0,98.0,0.6791834270522006
25,EHCO,339.0,98.0,0.6774136306754159
25,EHCO,341.0,98.0,0.6756641599046224
25,EHCO,343.0,98.0,0.6739350289739802
25,EHCO,345.0,98.0,0.6722262381446217
25,EHCO,347.0,98.0,0.6705377744745358
25,EHCO,349.0,98.0,0.6688696125545825
25,EHCO,351.0,98.0,0.6672217152120323
25,EHCO,353.0,98.0,0.6655940341829591
25,EHCO,355.0,98.0,0.66398651075477
25,EHCO,357.0,100.0,0.6623990763801012
25,EHCO,359.0,100.0,0.6608316532632577
25,EHCO,361.0,100.0,0.6592841549203319
25,EHCO,363.0,100.0,0.6577564867140878
25,EHCO,365.0,100.0,0.6562485463646538
25,EHCO,367.0,100.0,0.6547602244370273
25,EHCO,369.0,100.0,0.6532914048063524
25,EHCO,371.0,100.0,0.651841965101894
25,EHCO,373.0,100.0,0.6504117771305937
25,EHCO,375.0,100.0,0.6490007072810605
25,EHCO,377.0,100.0,0.6476086169088087
25,EHCO,379.0,100.0,0.6462353627035307
25,EHCO,381.0,100.0,0.6448807970391541
25,EHCO,383.0,100.0,0.6435447683074055
25,EHCO,385.0,100.0,0.6422271212355737
25,EHCO,387.0,100.0,0.6409276971891372
25,EHCO,389.0,100.0,0.6396463344598942
25,EHCO,391.0,100.0,0.6383828685402053
25,EHCO,393.0,100.0,0.6371371323839403
25,EHCO,395.0,100.0,0.6359089566546877
25,EHCO,397.0,100.0,0.6346981699617721
25,EHCO,399.0,100.0,0.6335045990845959
25,EHCO,401.0,100.0,0.632328069185805
25,EHCO,403.0,100.0,0.6311684040137538
25,EHCO,405.0,100.0,0.6300254260947312
25,EHCO,407.0,100.0,0.6288989569153834
25,EHCO,409.0,100.0,0.6277888170957597
25,EHCO,411.0,100.0,0.6266948265533822
25,EHCO,413.0,100.0,0.625616804658729
25,EHCO,415.0,100.0,0.624554570382505
25,EHCO,417.0,100.0,0.6235079424350538
25,EHCO,419.0,100.0,0.6224767393982574
25,EHCO,421.0,100.0,0.6214607798502486
25,EHCO,423.0,100.0,0.620459882483254
25,EHCO,425.0,100.0,0.6194738662148682
25,EHCO,427.0,100.0,0.6185025502930495
25,EHCO,429.0,100.0,0.6175457543951154
25,EHCO,431.0,100.0,0.6166032987210044
25,EHCO,433.0,100.0,0.615675004081058
25,EHCO,435.0,100.0,0.6147606919785703
25,EHCO,437.0,100.0,0.6138601846873393
25,EHCO,439.0,100.0,0.6129733053244434
25,EHCO,441.0,100.0,0.6120998779184615
25,EHCO,443.0,100.0,0.6112397274733427
25,EHCO,445.0,100.0,0.6103926800281215
25,EHCO,447.0,100.0,0.6095585627126747
25,EHCO,449.0,100.0,0.6087372037996948
25,EHCO,451.0,100.0,0.6079284327530599
25,EHCO,453.0,100.0,0.6071320802727646
25,EHCO,455.0,100.0,0.6063479783365746
25,EHCO,457.0,100.0,0.6055759602385559
25,EHCO,459.0,100.0,0.6048158606246273
25,EHCO,461.0,100.0,0.6040675155252779
25,EHCO,463.0,100.0,0.6033307623855831
25,EHCO,465.0,100.0,0.6026054400926493
25,EHCO,467.0,100.0,0.6018913890006108
25,EHCO,469.0,100.0,0.6011884509532988
25,EHCO,471.0,100.0,0.6004964693046938
25,EHCO,473.0,100.0,0.5998152889372732
25,A*-GA,1.0,0.0,0.9364674049362999
25,A*-GA,3.0,0.0,0.9378651889320944
25,A*-GA,5.0,0.0,0.9391188938338182
25,A*-GA,7.0,0.0,0.9402356412716953
25,A*-GA,9.0,0.0,0.9412222492082277
25,A*-GA,11.0,0.0,0.9420852442524554
25,A*-GA,13.0,0.0,0.9428308734844963
25,A*-GA,15.0,0.0,0.9434651158096865
25,A*-GA,17.0,0.0,0.9439936928608811
25,A*-GA,19.0,0.0,0.9444220794667496
25,A*-GA,21.0,0.0,0.9447555137031948
25,A*-GA,23.0,0.0,0.9449990065443509
25,A*-GA,25.0,0.0,0.9451688596059024
25,A*-GA,27.0,0.0,0.9453029818930216
25,A*-GA,29.0,0.0,0.9454035064635105
25,A*-GA,31.0,2.0,0.9454722197037049
25,A*-GA,33.0,2.0,0.9454763714218208
25,A*-GA,35.0,2.0,0.9454082413227497
25,A*-GA,37.0,2.0,0.9452718513871003
25,A*-GA,39.0,4.0,0.9450710462048909
25,A*-GA,41.0,4.0,0.9448095002586543
25,A*-GA,43.0,4.0,0.9444907249154733
25,A*-GA,45.0,4.0,0.9441180751394497
25,A*-GA,47.0,4.0,0.9436947559356638
25,A*-GA,49.0,4.0,0.9432238285362433
25,A*-GA,51.0,4.0,0.9427082163387417
25,A*-GA,53.0,4.0,0.9421507106066273
25,A*-GA,55.0,6.0,0.9415654844182239
25,A*-GA,57.0,6.0,0.9408515118745756
25,A*-GA,59.0,8.0,0.9399715980141814
25,A*-GA,61.0,8.0,0.93893545275539
25,A*-GA,63.0,8.0,0.9377523522059042
25,A*-GA,65.0,8.0,0.9364311565553196
25,A*-GA,67.0,8.0,0.934980327251291
25,A*-GA,69.0,12.0,0.9334079434876723
25,A*-GA,71.0,14.000000000000002,0.9317217180318529
25,A*-GA,73.0,16.0,0.9299290124174463
25,A*-GA,75.0,16.0,0.9280368515274547
25,A*-GA,77.0,18.0,0.926051937592044
25,A*-GA,79.0,18.0,0.9239806636241152
25,A*-GA,81.0,18.0,0.9218291263149423
25,A*-GA,83.0,20.0,0.91960313841127
25,A*-GA,85.0,22.0,0.9173082405944243
25,A*-GA,87.0,22.0,0.9150793887264705
25,A*-GA,89.0,22.0,0.9129571141574857
25,A*-GA,91.0,24.0,0.9109370243939379
25,A*-GA,93.0,24.0,0.9089874242529786
25,A*-GA,95.0,24.0,0.9070967181277063
25,A*-GA,97.0,24.0,0.9052628806875843
25,A*-GA,99.0,24.0,0.9034839613435848
25,A*-GA,101.0,24.0,0.9017580813939751
25,A*-GA,103.0,26.0,0.9000834312807848
25,A*-GA,105.0,26.0,0.8984582679526372
25,A*-GA,107.0,26.0,0.8968809123297891
25,A*-GA,109.0,26.0,0.8953497468673947
25,A*-GA,111.0,26.0,0.893872152605317
25,A*-GA,113.0,26.0,0.8923432740833886
25,A*-GA,115.0,26.0,0.8907246730948009
25,A*-GA,117.0,26.0,0.889022338116005
25,A*-GA,119.0,26.0,0.887241981893042
25,A*-GA,121.0,26.0,0.8853890529328154
25,A*-GA,123.0,28.000000000000004,0.8834687465324162
25,A*-GA,125.0,32.0,0.8814860153648061
25,A*-GA,127.0,32.0,0.8794455796384459
25,A*-GA,129.0,32.0,0.8773519368477591
25,A*-GA,131.0,32.0,0.8752093711306596
25,A*-GA,133.0,34.0,0.8730219622487283
25,A*-GA,135.0,34.0,0.870793594205014
25,A*-GA,137.0,34.0,0.868527963513839
25,A*-GA,139.0,34.0,0.8662285871364268
25,A*-GA,141.0,34.0,0.8638988100956221
25,A*-GA,143.0,36.0,0.8615418127824508
25,A*-GA,145.0,36.0,0.8591606179667655
25,A*-GA,147.0,36.0,0.8567580975237377
25,A*-GA,149.0,38.0,0.854336978887496
25,A*-GA,151.0,38.0,0.8518998512427614
25,A*-GA,153.0,38.0,0.8494491714649045
25,A*-GA,155.0,38.0,0.8469872698184389
25,A*-GA,157.0,38.0,0.844555848299764
25,A*-GA,159.0,38.0,0.8422714634778355
25,A*-GA,161.0,40.0,0.8401278599313062
25,A*-GA,163.0,44.0,0.838111180335878
25,A*-GA,165.0,44.0,0.83619305595071
25,A*-GA,167.0,46.0,0.8343694018857117
25,A*-GA,169.0,46.0,0.8326362959155043
25,A*-GA,171.0,46.0,0.8309899720714287
25,A*-GA,173.0,48.0,0.829426814485235
25,A*-GA,175.0,48.0,0.827943351474573
25,A*-GA,177.0,50.0,0.8265362498607951
25,A*-GA,179.0,50.0,0.8252023095099583
25,A*-GA,181.0,52.0,0.8239384580882614
25,A*-GA,183.0,54.0,0.8227246086311409
25,A*-GA,185.0,57.99999999999999,0.8214486336763823
25,A*-GA,187.0,57.99999999999999,0.820114778670949
25,A*-GA,189.0,60.0,0.8187270926256285
25,A*-GA,191.0,60.0,0.8172894363151906
25,A*-GA,193.0,60.0,0.8158054901486891
25,A*-GA,195.0,60.0,0.8142787617229842
25,A*-GA,197.0,60.0,0.8127125930720431
25,A*-GA,199.0,60.0,0.8111101676240862
25,A*-GA,201.0,60.0,0.809463727681045
25,A*-GA,203.0,60.0,0.8077449980077073
25,A*-GA,205.0,60.0,0.8059590712883262
25,A*-GA,207.0,60.0,0.8041108031210419
25,A*-GA,209.0,60.0,0.8022049081136924
25,A*-GA,211.0,60.0,0.8002460487850295
25,A*-GA,213.0,62.0,0.798238414141466
25,A*-GA,215.0,62.0,0.7961857371320373
25,A*-GA,217.0,62.0,0.794091742301106
25,A*-GA,219.0,62.0,0.7919600587995836
25,A*-GA,221.0,62.0,0.7897941402139135
25,A*-GA,223.0,62.0,0.7875972720020706
25,A*-GA,225.0,64.0,0.7853725786287803
25,A*-GA,227.0,68.0,0.783123030411906
25,A*-GA,229.0,68.0,0.7808514500914822
25,A*-GA,231.0,68.0,0.7785605191324216
25,A*-GA,233.0,70.0,0.7762527837714833
25,A*-GA,235.0,72.0,0.7739306608186777
25,A*-GA,237.0,74.0,0.7715964432228769
25,A*-GA,239.0,76.0,0.7692523054110199
25,A*-GA,241.0,78.0,0.7669003102071965
25,A*-GA,243.0,78.0,0.7645424172357297
25,A*-GA,245.0,78.0,0.7621804826632614
25,A*-GA,247.0,78.0,0.7598162629838513
25,A*-GA,249.0,78.0,0.7574514193729941
25,A*-GA,251.0,80.0,0.7550875218634933
25,A*-GA,253.0,80.0,0.7527260533503008
25,A*-GA,255.0,80.0,0.7503684134311522
25,A*-GA,257.0,80.0,0.7480159220895534
25,A*-GA,259.0,80.0,0.7456698232264234
25,A*-GA,261.0,80.0,0.7433312880464407
25,A*-GA,263.0,80.0,0.7410014183049038
25,A*-GA,265.0,80.0,0.7386812494206924
25,A*-GA,267.0,80.0,0.7363719387988016
25,A*-GA,269.0,80.0,0.7340744464170927
25,A*-GA,271.0,84.0,0.7317896106934604
25,A*-GA,273.0,86.0,0.7295182156339315
25,A*-GA,275.0,86.0,0.727260993322941
25,A*-GA,277.0,86.0,0.7250186263100344
25,A*-GA,279.0,86.0,0.7227917498971598
25,A*-GA,281.0,88.0,0.7205809543305409
25,A*-GA,283.0,90.0,0.7183867869009739
25,A*-GA,285.0,92.0,0.7162097539562269
25,A*-GA,287.0,94.0,0.7140503228290862
25,A*-GA,289.0,96.0,0.7119089236844447
25,A*-GA,291.0,96.0,0.7097859512886981
25,A*-GA,293.0,100.0,0.7076817667045823
25,A*-GA,295.0,100.0,0.7055966989144622
25,A*-GA,297.0,100.0,0.7035310463749629
25,A*-GA,299.0,100.0,0.7014850785057176
25,A*-GA,301.0,100.0,0.6994590371149003
25,A*-GA,303.0,100.0,0.6974531377640989
25,A*-GA,305.0,100.0,0.695467571074991
25,A*-GA,307.0,100.0,0.6935025039801784
25,A*-GA,309.0,100.0,0.6915580809204498
25,A*-GA,311.0,100.0,0.6896344249906455
25,A*-GA,313.0,100.0,0.6877316390362151
25,A*-GA,315.0,100.0,0.6858498067024738
25,A*-GA,317.0,100.0,0.6839889934384833
25,A*-GA,319.0,100.0,0.6821492474574088
25,A*-GA,321.0,100.0,0.6803306006551254
25,A*-GA,323.0,100.0,0.6785330694887812
25,A*-GA,325.0,100.0,0.6767566558169535
25,A*-GA,327.0,100.0,0.6750013477029697
25,A*-GA,329.0,100.0,0.6732671201829021
25,A*-GA,331.0,100.0,0.6715539359996866
25,A*-GA,333.0,100.0,0.6698617463047533
25,A*-GA,335.0,100.0,0.6681904913285086
25,A*-GA,337.0,100.0,0.6665401010209466
25,A*-GA,339.0,100.0,0.6649104956636231
25,A*-GA,341.0,100.0,0.6633015864541731
25,A*-GA,343.0,100.0,0.6617132760645054
25,A*-GA,345.0,100.0,0.6601454591737629
25,A*-GA,347.0,100.0,0.6585980229770954
25,A*-GA,349.0,100.0,0.657070847671245
25,A*-GA,351.0,100.0,0.6555638069179104
25,A*-GA,353.0,100.0,0.6540767682858112
25,A*-GA,355.0,100.0,0.6526095936723417
25,A*-GA,357.0,100.0,0.6511621397056645
25,A*-GA,359.0,100.0,0.6497342581280614
25,A*-GA,361.0,100.0,0.6483257961613261
25,A*-GA,363.0,100.0,0.6469365968549506
25,A*-GA,365.0,100.0,0.6455664994178296
25,A*-GA,367.0,100.0,0.6442153395341735
25,A*-GA,369.0,100.0,0.6428829496642987
25,A*-GA,371.0,100.0,0.6415691593309296
25,A*-GA,373.0,100.0,0.6402737953916294
25,A*-GA,375.0,100.0,0.6389966822979444
25,A*-GA,377.0,100.0,0.6377376423418265
25,A*-GA,379.0,100.0,0.6364964958898766
25,A*-GA,381.0,100.0,0.6352730616059268
25,A*-GA,383.0,100.0,0.6340671566624603
25,A*-GA,385.0,100.0,0.6328785969413468
25,A*-GA,387.0,100.0,0.6317071972243528
25,A*-GA,389.0,100.0,0.6305527713738653
25,A*-GA,391.0,100.0,0.6294151325042532
25,A*-GA,393.0,100.0,0.6282940931442684
25,A*-GA,395.0,100.0,0.6271894653908782
25,A*-GA,397.0,100.0,0.626101061054899
25,A*-GA,399.0,100.0,0.625028691798791
25,A*-GA,401.0,100.0,0.6239721692669526
25,A*-GA,403.0,100.0,0.6229313052088495
25,A*-GA,405.0,100.0,0.6219059115952871
25,A*-GA,407.0,100.0,0.6208958007281329
25,A*-GA,409.0,100.0,0.6199007853437781
25,A*-GA,411.0,100.0,0.6189206787106136
25,A*-GA,413.0,100.0,0.6179552947207916
25,A*-GA,415.0,100.0,0.6170044479765238
25,A*-GA,417.0,100.0,0.6160679538711643
25,A*-GA,419.0,100.0,0.6151456286653116
25,A*-GA,421.0,100.0,0.6142372895581526
25,A*-GA,423.0,100.0,0.6133427547542671
25,A*-GA,425.0,100.0,0.6124618435261
25,A*-GA,427.0,100.0,0.6115943762722962
25,A*-GA,429.0,100.0,0.6107401745720915
25,A*-GA,431.0,100.0,0.6098990612359406
25,A*-GA,433.0,100.0,0.6090708603525565
25,A*-GA,435.0,100.0,0.6082553973325282
25,A*-GA,437.0,100.0,0.6074524989486784
25,A*-GA,439.0,100.0,0.6066619933733133
25,A*-GA,441.0,100.0,0.6058837102125123
25,A*-GA,443.0,100.0,0.6051174805375977
25,A*-GA,445.0,100.0,0.6043631369139214
25,A*-GA,447.0,100.0,0.6036205134270948
25,A*-GA,449.0,100.0,0.6028894457067886
25,A*-GA,451.0,100.0,0.6021697709482194
25,A*-GA,453.0,100.0,0.6014613279314369
25,A*-GA,455.0,100.0,0.6007639570385206
25,A*-GA,457.0,100.0,0.6000775002687906
26,EHCO,1.0,0.0,0.8582711539674688
26,EHCO,3.0,0.0,0.8627365604100201
26,EHCO,5.0,0.0,0.8669375455763724
26,EHCO,7.0,0.0,0.870897460572123
26,EHCO,9.0,0.0,0.8745240900635869
26,EHCO,11.0,0.0,0.8777886967304636
26,EHCO,13.0,0.0,0.8807091091738192
26,EHCO,15.0,0.0,0.8833023966413222
26,EHCO,17.0,0.0,0.8855848998072561
26,EHCO,19.0,0.0,0.8875722603286648
26,EHCO,21.0,0.0,0.8892794492259104
26,EHCO,23.0,0.0,0.8907207941340305
26,EHCO,25.0,0.0,0.8919100054694525
26,EHCO,27.0,0.0,0.8928602015548746
26,EHCO,29.0,0.0,0.8935839327434355
26,EHCO,31.0,0.0,0.8940932045816833
26,EHCO,33.0,0.0,0.8943995000492913
26,EHCO,35.0,0.0,0.8945138009119844
26,EHCO,37.0,0.0,0.8944466082226995
26,EHCO,39.0,0.0,0.894207962004629
26,EHCO,41.0,2.0,0.8938524155783925
26,EHCO,43.0,2.0,0.8935192630320794
26,EHCO,45.0,2.0,0.8932076160727124
26,EHCO,47.0,8.0,0.8929059862909354
26,EHCO,49.0,12.0,0.8925829740351057
26,EHCO,51.0,14.000000000000002,0.8922399614953891
26,EHCO,53.0,16.0,0.8918782676579682
26,EHCO,55.0,16.0,0.8915094368442907
26,EHCO,57.0,16.0,0.8910312026532832
26,EHCO,59.0,20.0,0.8904063396784427
26,EHCO,61.0,20.0,0.8896433281479981
26,EHCO,63.0,20.0,0.888794290447441
26,EHCO,65.0,20.0,0.8879944056662135
26,EHCO,67.0,20.0,0.8872416539984795
26,EHCO,69.0,22.0,0.8865243656499877
26,EHCO,71.0,22.0,0.8858126917049358
26,EHCO,73.0,24.0,0.8851067785702849
26,EHCO,75.0,24.0,0.8844067608491443
26,EHCO,77.0,24.0,0.8837127619040032
26,EHCO,79.0,24.0,0.8830248943962106
26,EHCO,81.0,26.0,0.8823432608026629
26,EHCO,83.0,26.0,0.881667953910622
26,EHCO,85.0,28.000000000000004,0.8809990572915452
26,EHCO,87.0,28.000000000000004,0.8803366457547794
26,EHCO,89.0,28.000000000000004,0.879680785781933
26,EHCO,91.0,30.0,0.8790315359427091
26,EHCO,93.0,32.0,0.878388947292953
26,EHCO,95.0,32.0,0.8777366943480139
26,EHCO,97.0,34.0,0.8769559300106238
26,EHCO,99.0,38.0,0.8760542371491664
26,EHCO,101.0,38.0,0.8750388591521564
26,EHCO,103.0,38.0,0.8739167139402536
26,EHCO,105.0,38.0,0.8726944074171129
26,EHCO,107.0,38.0,0.8713782463812749
26,EHCO,109.0,40.0,0.869974250920426
26,EHCO,111.0,44.0,0.8684881663085182
26,EHCO,113.0,46.0,0.8670504813150094
26,EHCO,115.0,46.0,0.8657007168548776
26,EHCO,117.0,48.0,0.8644350755353799
26,EHCO,119.0,48.0,0.8632268018212692
26,EHCO,121.0,50.0,0.8620659835781456
26,EHCO,123.0,50.0,0.8609507547572978
26,EHCO,125.0,50.0,0.8598793225631164
26,EHCO,127.0,50.0,0.8588306370623342
26,EHCO,129.0,52.0,0.857687470283991
26,EHCO,131.0,52.0,0.856455764685291
26,EHCO,133.0,52.0,0.8551411926446529
26,EHCO,135.0,52.0,0.8537491676676952
26,EHCO,137.0,52.0,0.8522848551435186
26,EHCO,139.0,52.0,0.8507531826690914
26,EHCO,141.0,52.0,0.8491588499588454
26,EHCO,143.0,52.0,0.8475063383559176
26,EHCO,145.0,56.00000000000001,0.8457999199608209
26,EHCO,147.0,56.00000000000001,0.8440436663927113
26,EHCO,149.0,56.00000000000001,0.8422414571978157
26,EHCO,151.0,57.99999999999999,0.8403969879190146
26,EHCO,153.0,57.99999999999999,0.8385137778400206
26,EHCO,155.0,57.99999999999999,0.8365951774170637
26,EHCO,157.0,60.0,0.8346443754104876
26,EHCO,159.0,60.0,0.8326644057281691
26,EHCO,161.0,60.0,0.8306581539922051
26,EHCO,163.0,60.0,0.8287452382846705
26,EHCO,165.0,62.0,0.8269604508961009
26,EHCO,167.0,64.0,0.8252981788105304
26,EHCO,169.0,64.0,0.82372992472891
26,EHCO,171.0,64.0,0.822244105685876
26,EHCO,173.0,64.0,0.8208372529231407
26,EHCO,175.0,64.0,0.8195060363560646
26,EHCO,177.0,66.0,0.8182472591048436
26,EHCO,179.0,66.0,0.817057852240556
26,EHCO,181.0,66.0,0.8159348697376319
26,EHCO,183.0,68.0,0.8148754836246467
26,EHCO,185.0,68.0,0.813876979325656
26,EHCO,187.0,68.0,0.8129367511845892
26,EHCO,189.0,72.0,0.8120522981655228
26,EHCO,191.0,74.0,0.8112212197219251
26,EHCO,193.0,74.0,0.810441211828244
26,EHCO,195.0,78.0,0.8097100631674642
26,EHCO,197.0,78.0,0.8090256514685127
26,EHCO,199.0,78.0,0.8083936229566333
26,EHCO,201.0,78.0,0.8077046948253258
26,EHCO,203.0,78.0,0.8068918632403665
26,EHCO,205.0,78.0,0.8059624779197503
26,EHCO,207.0,78.0,0.8049235591138404
26,EHCO,209.0,78.0,0.8037818112102945
26,EHCO,211.0,78.0,0.802543635794033
26,EHCO,213.0,78.0,0.8012151441838143
26,EHCO,215.0,78.0,0.7998021694661326
26,EHCO,217.0,78.0,0.7983102780463368
26,EHCO,219.0,78.0,0.796744780736088
26,EHCO,221.0,80.0,0.7951107433955169
26,EHCO,223.0,80.0,0.793412997147723
26,EHCO,225.0,80.0,0.7916561481825595
26,EHCO,227.0,82.0,0.7898445871659813
26,EHCO,229.0,82.0,0.7879824982705929
26,EHCO,231.0,82.0,0.7860738678424158
26,EHCO,233.0,82.0,0.7841227495463267
26,EHCO,235.0,82.0,0.7821328330877728
26,EHCO,237.0,86.0,0.7801075469150254
26,EHCO,239.0,88.0,0.7780501534689563
26,EHCO,241.0,90.0,0.7759637562162911
26,EHCO,243.0,92.0,0.7738513063983374
26,EHCO,245.0,92.0,0.771715609506499
26,EHCO,247.0,92.0,0.769559331495428
26,EHCO,249.0,92.0,0.7673850047442509
26,EHCO,251.0,92.0,0.765195033775881
26,EHCO,253.0,92.0,0.7629917007440451
26,EHCO,255.0,94.0,0.7607771706972651
26,EHCO,257.0,94.0,0.7585534966286758
26,EHCO,259.0,94.0,0.7563226243202036
26,EHCO,261.0,94.0,0.7540863969893017
26,EHCO,263.0,96.0,0.7518465597461069
26,EHCO,265.0,98.0,0.7496047638685768
26,EHCO,267.0,98.0,0.7473625709028674
26,EHCO,269.0,98.0,0.7451214565959207
26,EHCO,271.0,98.0,0.7428828146669624
26,EHCO,273.0,98.0,0.7406479604243396
26,EHCO,275.0,98.0,0.7384181342338769
26,EHCO,277.0,98.0,0.736194504844687
26,EHCO,279.0,98.0,0.7339781725781305
26,EHCO,281.0,98.0,0.7317701723854043
26,EHCO,283.0,98.0,0.729571476779012
26,EHCO,285.0,100.0,0.7273829986431671
26,EHCO,287.0,100.0,0.7252055939279795
26,EHCO,289.0,100.0,0.7230400642320811
26,EHCO,291.0,100.0,0.7208871592781668
26,EHCO,293.0,100.0,0.7187475792857441
26,EHCO,295.0,100.0,0.7166219772452199
26,EHCO,297.0,100.0,0.7145109610972864
26,EHCO,299.0,100.0,0.7124150958214113
26,EHCO,301.0,100.0,0.7103349054370891
26,EHCO,303.0,100.0,0.7082708749213616
26,EHCO,305.0,100.0,0.7062234520459799
26,EHCO,307.0,100.0,0.7041930491374447
26,EHCO,309.0,100.0,0.7021800447630344
26,EHCO,311.0,100.0,0.7001847853458061
26,EHCO,313.0,100.0,0.6982075867114359
26,EHCO,315.0,100.0,0.6962487355696539
26,EHCO,317.0,100.0,0.6943084909329157
26,EHCO,319.0,100.0,0.6923870854748503
26,EHCO,321.0,100.0,0.690484726830923
26,EHCO,323.0,100.0,0.688601598843653
26,EHCO,325.0,100.0,0.6867378627546358
26,EHCO,327.0,100.0,0.6848936583455272
26,EHCO,329.0,100.0,0.6830691050300627
26,EHCO,331.0,100.0,0.6812643028991034
26,EHCO,333.0,100.0,0.6794793337206179
26,EHCO,335.0,100.0,0.6777142618964356
26,EHCO,337.0,100.0,0.6759691353775354
26,EHCO,339.0,100.0,0.6742439865395582
26,EHCO,341.0,100.0,0.6725388330201699
26,EHCO,343.0,100.0,0.6708536785198342
26,EHCO,345.0,100.0,0.6691885135674907
26,EHCO,347.0,100.0,0.6675433162525778
26,EHCO,349.0,100.0,0.6659180529247801
26,EHCO,351.0,100.0,0.6643126788628243
26,EHCO,353.0,100.0,0.6627271389135967
26,EHCO,355.0,100.0,0.6611613681028028
26,EHCO,357.0,100.0,0.6596152922183427
26,EHCO,359.0,100.0,0.6580888283675247
26,EHCO,361.0,100.0,0.6565818855092015
26,EHCO,363.0,100.0,0.6550943649618627
26,EHCO,365.0,100.0,0.6536261608886805
26,EHCO,367.0,100.0,0.6521771607604657
26,EHCO,369.0,100.0,0.6507472457974471
26,EHCO,371.0,100.0,0.6493362913907593
26,EHCO,373.0,100.0,0.6479441675044818
26,EHCO,375.0,100.0,0.6465707390590396
26,EHCO,377.0,100.0,0.6452158662967463
26,EHCO,379.0,100.0,0.643879405130235
26,EHCO,381.0,100.0,0.6425612074744941
26,EHCO,383.0,100.0,0.6412611215631977
26,EHCO,385.0,100.0,0.6399789922499891
26,EHCO,387.0,100.0,0.6387146612953531
26,EHCO,389.0,100.0,0.6374679676396838
26,EHCO,391.0,100.0,0.6362387476631324
26,EHCO,393.0,100.0,0.6350268354327953
26,EHCO,395.0,100.0,0.6338320629377788
26,EHCO,397.0,100.0,0.6326542603126575
26,EHCO,399.0,100.0,0.6314932560498194
26,EHCO,401.0,100.0,0.6303488772011753
26,EHCO,403.0,100.0,0.6292209495696838
26,EHCO,405.0,100.0,0.6281092978911329
26,EHCO,407.0,100.0,0.6270137460065947
26,EHCO,409.0,100.0,0.6259341170259569
26,EHCO,411.0,100.0,0.6248702334829158
26,EHCO,413.0,100.0,0.623821917481801
26,EHCO,415.0,100.0,0.6227889908365879
26,EHCO,417.0,100.0,0.6217712752024362
26,EHCO,419.0,100.0,0.6207685922000838
26,EHCO,421.0,100.0,0.6197807635334066
26,EHCO,423.0,100.0,0.6188076111004458
26,EHCO,425.0,100.0,0.6178489570981911
26,EHCO,427.0,100.0,0.6169046241213954
26,EHCO,429.0,100.0,0.6159744352556846
26,EHCO,431.0,100.0,0.6150582141652208
26,EHCO,433.0,100.0,0.6141557851751552
26,EHCO,435.0,100.0,0.6132669733491123
26,EHCO,437.0,100.0,0.6123916045619227
26,EHCO,439.0,100.0,0.6115295055678222
26,EHCO,441.0,100.0,0.610680504064323
26,EHCO,443.0,100.0,0.6098444287519519
26,EHCO,445.0,100.0,0.6090211093900475
26,EHCO,447.0,100.0,0.6082103768487948
26,EHCO,449.0,100.0,0.607412063157672
26,EHCO,451.0,100.0,0.6066260015504765
26,EHCO,453.0,100.0,0.6058520265070878
26,EHCO,455.0,100.0,0.6050899737921209
26,EHCO,457.0,100.0,0.604339680490617
26,EHCO,459.0,100.0,0.6036009850409108
26,EHCO,461.0,100.0,0.6028737272648088
26,EHCO,463.0,100.0,0.6021577483952082
26,EHCO,465.0,100.0,0.6014528911012774
26,EHCO,467.0,100.0,0.6007589995113191
26,EHCO,469.0,100.0,0.6000759192334255
26,A*-GA,1.0,0.0,0.8582711539674688
26,A*-GA,3.0,0.0,0.8627365604100201
26,A*-GA,5.0,0.0,0.8669375455763724
26,A*-GA,7.0,0.0,0.870885952095194
26,A*-GA,9.0,0.0,0.8745931337236575
26,A*-GA,11.0,0.0,0.8780699749272042
26,A*-GA,13.0,0.0,0.8813269096845648
26,A*-GA,15.0,0.0,0.8843739395485385
26,A*-GA,17.0,0.0,0.8872206509918309
26,A*-GA,19.0,0.0,0.8898762320661092
26,A*-GA,21.0,0.0,0.8923494884013181
26,A*-GA,23.0,2.0,0.8946370265928374
26,A*-GA,25.0,2.0,0.8966232582343646
26,A*-GA,27.0,2.0,0.8983234947706029
26,A*-GA,29.0,2.0,0.8997523892761825
26,A*-GA,31.0,2.0,0.9009239632371647
26,A*-GA,33.0,2.0,0.9018516322661494
26,A*-GA,35.0,2.0,0.9025482307930792
26,A*-GA,37.0,2.0,0.9030260357721809
26,A*-GA,39.0,2.0,0.9032967894438935
26,A*-GA,41.0,2.0,0.9033717211891017
26,A*-GA,43.0,2.0,0.9032615685115286
26,A*-GA,45.0,4.0,0.9030222120507109
26,A*-GA,47.0,6.0,0.9027954754635105
26,A*-GA,49.0,8.0,0.9025809115228046
26,A*-GA,51.0,14.000000000000002,0.902366817126235
26,A*-GA,53.0,16.0,0.9021203703944133
26,A*-GA,55.0,16.0,0.9018435084197653
26,A*-GA,57.0,16.0,0.9015380812632906
26,A*-GA,59.0,16.0,0.9012058555512564
26,A*-GA,61.0,16.0,0.900848517927779
26,A*-GA,63.0,16.0,0.9004676783689947
26,A*-GA,65.0,16.0,0.9000648733642997
26,A*-GA,67.0,16.0,0.8996415689699214
26,A*-GA,69.0,16.0,0.8991991637398775
26,A*-GA,71.0,16.0,0.898738991539179
26,A*-GA,73.0,16.0,0.8982623242439438
26,A*-GA,75.0,18.0,0.8977703743329005
26,A*-GA,77.0,18.0,0.8972642973745889
26,A*-GA,79.0,18.0,0.8967451944143929
26,A*-GA,81.0,20.0,0.8962141142653766
26,A*-GA,83.0,22.0,0.8956720557067414
26,A*-GA,85.0,24.0,0.8951199695935687
26,A*-GA,87.0,24.0,0.8945444235095885
26,A*-GA,89.0,26.0,0.893825248862726
26,A*-GA,91.0,28.000000000000004,0.8929708216920227
26,A*-GA,93.0,28.000000000000004,0.8919891441329211
26,A*-GA,95.0,28.000000000000004,0.8908878598343876
26,A*-GA,97.0,28.000000000000004,0.8896742687588457
26,A*-GA,99.0,28.000000000000004,0.8883553413893368
26,A*-GA,101.0,28.000000000000004,0.8869377323673633
26,A*-GA,103.0,28.000000000000004,0.8854277935839465
26,A*-GA,105.0,30.0,0.8838315867455446
26,A*-GA,107.0,30.0,0.8821548954356219
26,A*-GA,109.0,30.0,0.8804032366918443
26,A*-GA,111.0,30.0,0.8785818721180891
26,A*-GA,113.0,34.0,0.8766958185496966
26,A*-GA,115.0,34.0,0.8747498582896732
26,A*-GA,117.0,34.0,0.8727485489328507
26,A*-GA,119.0,34.0,0.8706962327943398
26,A*-GA,121.0,36.0,0.8686383526084778
26,A*-GA,123.0,36.0,0.8666985089226062
26,A*-GA,125.0,36.0,0.864871742507452
26,A*-GA,127.0,40.0,0.8631454396298592
26,A*-GA,129.0,40.0,0.8614924246220762
26,A*-GA,131.0,40.0,0.859909757150001
26,A*-GA,133.0,40.0,0.8583946129493869
26,A*-GA,135.0,40.0,0.8569442792644788
26,A*-GA,137.0,40.0,0.8555561504656772
26,A*-GA,139.0,42.0,0.8542277238392083
26,A*-GA,141.0,42.0,0.8529565955420506
26,A*-GA,143.0,44.0,0.8517404567156341
26,A*-GA,145.0,46.0,0.8505770897520821
26,A*-GA,147.0,48.0,0.8494643647070108
26,A*-GA,149.0,48.0,0.848400235853137
26,A*-GA,151.0,50.0,0.8473827383691677
26,A*-GA,153.0,52.0,0.8464099851586653
26,A*-GA,155.0,52.0,0.8454614275250788
26,A*-GA,157.0,52.0,0.8444214462429709
26,A*-GA,159.0,52.0,0.8432957483571917
26,A*-GA,161.0,52.0,0.8420897819774046
26,A*-GA,163.0,52.0,0.8408087470153683
26,A*-GA,165.0,52.0,0.8394576054914227
26,A*-GA,167.0,54.0,0.8380410914272363
26,A*-GA,169.0,54.0,0.8365637203412022
26,A*-GA,171.0,54.0,0.8350297983622237
26,A*-GA,173.0,56.00000000000001,0.8334434309770099
26,A*-GA,175.0,56.00000000000001,0.8318085314254076
26,A*-GA,177.0,60.0,0.8301288287577216
26,A*-GA,179.0,60.0,0.8285259704351472
26,A*-GA,181.0,60.0,0.8270358407830981
26,A*-GA,183.0,62.0,0.8256534666689084
26,A*-GA,185.0,62.0,0.824350965179226
26,A*-GA,187.0,62.0,0.8231173432414126
26,A*-GA,189.0,62.0,0.8219496984621069
26,A*-GA,191.0,62.0,0.8208452445210561
26,A*-GA,193.0,64.0,0.819808989562145
26,A*-GA,195.0,64.0,0.8187415825398401
26,A*-GA,197.0,64.0,0.8176065283808192
26,A*-GA,199.0,64.0,0.8164082854545077
26,A*-GA,201.0,64.0,0.8151403182051263
26,A*-GA,203.0,66.0,0.8137755228581277
26,A*-GA,205.0,66.0,0.8123201149102781
26,A*-GA,207.0,66.0,0.8107800260770311
26,A*-GA,209.0,70.0,0.8091609160855022
26,A*-GA,211.0,70.0,0.8074681839938939
26,A*-GA,213.0,70.0,0.8057069790561288
26,A*-GA,215.0,70.0,0.8038822111497099
26,A*-GA,217.0,72.0,0.8019985607841165
26,A*-GA,219.0,72.0,0.800060488706362
26,A*-GA,221.0,72.0,0.7980722451196894
26,A*-GA,223.0,74.0,0.7960378785307404
26,A*-GA,225.0,74.0,0.7939612442399432
26,A*-GA,227.0,74.0,0.7918462693172924
26,A*-GA,229.0,74.0,0.7896965211608734
26,A*-GA,231.0,76.0,0.7875152238636965
26,A*-GA,233.0,80.0,0.7853052739293783
26,A*-GA,235.0,80.0,0.783069677718091
26,A*-GA,237.0,80.0,0.7808112925390636
26,A*-GA,239.0,82.0,0.778532833012057
26,A*-GA,241.0,82.0,0.7762368771707788
26,A*-GA,243.0,82.0,0.7739258723185042
26,A*-GA,245.0,82.0,0.7716021406457606
26,A*-GA,247.0,82.0,0.7692678846195471
26,A*-GA,249.0,82.0,0.7669251932686162
26,A*-GA,251.0,82.0,0.7645760518113772
26,A*-GA,253.0,82.0,0.7622223411792329
26,A*-GA,255.0,82.0,0.7598658416083041
26,A*-GA,257.0,84.0,0.7575082370344137
26,A*-GA,259.0,84.0,0.755151119308306
26,A*-GA,261.0,86.0,0.752795992238274
26,A*-GA,263.0,90.0,0.7504442754670856
26,A*-GA,265.0,92.0,0.7480973081898273
26,A*-GA,267.0,96.0,0.74575635271902
26,A*-GA,269.0,96.0,0.7434225979031137
26,A*-GA,271.0,96.0,0.7410971624042239
26,A*-GA,273.0,96.0,0.7387810978407421
26,A*-GA,275.0,96.0,0.7364755776873659
26,A*-GA,277.0,98.0,0.7341815769401199
26,A*-GA,279.0,100.0,0.7318999482216049
26,A*-GA,281.0,100.0,0.729631489144291
26,A*-GA,283.0,100.0,0.7273769448249402
26,A*-GA,285.0,100.0,0.7251370102944991
26,A*-GA,287.0,100.0,0.7229123328076578
26,A*-GA,289.0,100.0,0.7207035140561091
26,A*-GA,291.0,100.0,0.718511112289378
26,A*-GA,293.0,100.0,0.7163356443469404
26,A*-GA,295.0,100.0,0.7141775876052034
26,A*-GA,297.0,100.0,0.7120373818427763
26,A*-GA,299.0,100.0,0.7099154310273239
26,A*-GA,301.0,100.0,0.7078121050271688
26,A*-GA,303.0,100.0,0.7057277412506758
26,A*-GA,305.0,100.0,0.7036626462163388
26,A*-GA,307.0,100.0,0.7016170970563688
26,A*-GA,309.0,100.0,0.6995913429564745
26,A*-GA,311.0,100.0,0.6975856065344168
26,A*-GA,313.0,100.0,0.6956000851598186
26,A*-GA,315.0,100.0,0.6936349522176106
26,A*-GA,317.0,100.0,0.691690358317402
26,A*-GA,319.0,100.0,0.689766432450969
26,A*-GA,321.0,100.0,0.6878632830999724
26,A*-GA,323.0,100.0,0.6859809992959276
26,A*-GA,325.0,100.0,0.6841196516343723
26,A*-GA,327.0,100.0,0.6822792932450958
26,A*-GA,329.0,100.0,0.6804599607202263
26,A*-GA,331.0,100.0,0.6786616750018921
26,A*-GA,333.0,100.0,0.6768844422311138
26,A*-GA,335.0,100.0,0.6751282545595099
26,A*-GA,337.0,100.0,0.6733930909253409
26,A*-GA,339.0,100.0,0.6716789177953529
26,A*-GA,341.0,100.0,0.6699856898738251
26,A*-GA,343.0,100.0,0.6683133507801688
26,A*-GA,345.0,100.0,0.6666618336963718
26,A*-GA,347.0,100.0,0.6650310619855287
26,A*-GA,349.0,100.0,0.6634209497826529
26,A*-GA,351.0,100.0,0.6618314025589097
26,A*-GA,353.0,100.0,0.6602623176603755
26,A*-GA,355.0,100.0,0.6587135848223716
26,A*-GA,357.0,100.0,0.65718508666039
26,A*-GA,359.0,100.0,0.6556766991385793
26,A*-GA,361.0,100.0,0.6541882920167267
26,A*-GA,363.0,100.0,0.6527197292766287
26,A*-GA,365.0,100.0,0.6512708695287119
26,A*-GA,367.0,100.0,0.649841566399727
26,A*-GA,369.0,100.0,0.648431668902309
26,A*-GA,371.0,100.0,0.6470410217871626
26,A*-GA,373.0,100.0,0.6456694658786025
26,A*-GA,375.0,100.0,0.6443168383941478
26,A*-GA,377.0,100.0,0.6429829732488417
26,A*-GA,379.0,100.0,0.6416677013449429
26,A*-GA,381.0,100.0,0.6403708508476041
26,A*-GA,383.0,100.0,0.639092247447134
26,A*-GA,385.0,100.0,0.6378317146084094
26,A*-GA,387.0,100.0,0.6365890738079866
26,A*-GA,389.0,100.0,0.635364144759434
26,A*-GA,391.0,100.0,0.6341567456273903
26,A*-GA,393.0,100.0,0.6329666932308292
26,A*-GA,395.0,100.0,0.6317938032359965
26,A*-GA,397.0,100.0,0.6306378903394604
26,A*-GA,399.0,100.0,0.6294987684417034
26,A*-GA,401.0,100.0,0.6283762508116636
26,A*-GA,403.0,100.0,0.6272701502426172
26,A*-GA,405.0,100.0,0.62618027919978
26,A*-GA,407.0,100.0,0.6251064499599858
26,A*-GA,409.0,100.0,0.6240484747437898
26,A*-GA,411.0,100.0,0.6230061658403291
26,A*-GA,413.0,100.0,0.6219793357252567
26,A*-GA,415.0,100.0,0.6209677971720553
26,A*-GA,417.0,100.0,0.6199713633570245
26,A*-GA,419.0,100.0,0.6189898479582189
26,A*-GA,421.0,100.0,0.6180230652486108
26,A*-GA,423.0,100.0,0.6170708301837318
26,A*-GA,425.0,100.0,0.6161329584840413
26,A*-GA,427.0,100.0,0.6152092667122607
26,A*-GA,429.0,100.0,0.6142995723458994
26,A*-GA,431.0,100.0,0.6134036938451903
26,A*-GA,433.0,100.0,0.6125214507166447
26,A*-GA,435.0,100.0,0.6116526635724252
26,A*-GA,437.0,100.0,0.6107971541857319
26,A*-GA,439.0,100.0,0.6099547455423806
26,A*-GA,441.0,100.0,0.6091252618887545
26,A*-GA,443.0,100.0,0.6083085287762948
26,A*-GA,445.0,100.0,0.6075043731026936
26,A*-GA,447.0,100.0,0.606712623149943
26,A*-GA,449.0,100.0,0.6059331086193914
26,A*-GA,451.0,100.0,0.6051656606639458
26,A*-GA,453.0,100.0,0.6044101119175589
26,A*-GA,455.0,100.0,0.603666296522131
26,A*-GA,457.0,100.0,0.6029340501519512
26,A*-GA,459.0,100.0,0.6022132100357988
26,A*-GA,461.0,100.0,0.6015036149768174
26,A*-GA,463.0,100.0,0.6008051053702739
26,A*-GA,465.0,100.0,0.6001175232193069
27,EHCO,1.0,0.0,0.8240583118046575
27,EHCO,3.0,0.0,0.8298658808353848
27,EHCO,5.0,0.0,0.8353563758344207
27,EHCO,7.0,0.0,0.8405437049869358
27,EHCO,9.0,0.0,0.8454412065752581
27,EHCO,11.0,0.0,0.8500616717374814
27,EHCO,13.0,0.0,0.8544288748035513
27,EHCO,15.0,0.0,0.8584510082456532
27,EHCO,17.0,0.0,0.8620997277161633
27,EHCO,19.0,0.0,0.86539324051828
27,EHCO,21.0,0.0,0.8683489808721524
27,EHCO,23.0,2.0,0.8709836412148816
27,EHCO,25.0,2.0,0.8733132022565618
27,EHCO,27.0,4.0,0.8753529618414276
27,EHCO,29.0,4.0,0.8771175626612431
27,EHCO,31.0,4.0,0.8786210188662164
27,EHCO,33.0,4.0,0.8798767416169431
27,EHCO,35.0,4.0,0.8808975636191687
27,EHCO,37.0,4.0,0.8816957626815186
27,EHCO,39.0,6.0,0.8822830843347663
27,EHCO,41.0,6.0,0.8826707635496882
27,EHCO,43.0,10.0,0.8828695455891042
27,EHCO,45.0,10.0,0.8828897060282955
27,EHCO,47.0,12.0,0.8827857580368922
27,EHCO,49.0,12.0,0.8826964485619597
27,EHCO,51.0,12.0,0.882621170184187
27,EHCO,53.0,14.000000000000002,0.8825489632117309
27,EHCO,55.0,14.000000000000002,0.8824494289797489
27,EHCO,57.0,14.000000000000002,0.8823241323893882
27,EHCO,59.0,16.0,0.8821745688048189
27,EHCO,61.0,16.0,0.882002166915801
27,EHCO,63.0,18.0,0.8818082914857265
27,EHCO,65.0,20.0,0.881594245989669
27,EHCO,67.0,22.0,0.8813612751467903
27,EHCO,69.0,22.0,0.881095583744984
27,EHCO,71.0,22.0,0.8806779588636996
27,EHCO,73.0,22.0,0.8801170386970014
27,EHCO,75.0,22.0,0.8794210783030287
27,EHCO,77.0,22.0,0.8785979653659144
27,EHCO,79.0,22.0,0.8776552353272741
27,EHCO,81.0,22.0,0.8766000859121986
27,EHCO,83.0,22.0,0.8754393910736991
27,EHCO,85.0,22.0,0.874179714378612
27,EHCO,87.0,22.0,0.8728273218570667
27,EHCO,89.0,22.0,0.8713881943367451
27,EHCO,91.0,24.0,0.8698680392823304
27,EHCO,93.0,26.0,0.8682723021597359
27,EHCO,95.0,26.0,0.8666061773439356
27,EHCO,97.0,26.0,0.8648746185884745
27,EHCO,99.0,26.0,0.8630823490740271
27,EHCO,101.0,26.0,0.8612338710526871
27,EHCO,103.0,26.0,0.8594558744752285
27,EHCO,105.0,26.0,0.8577860630691005
27,EHCO,107.0,28.000000000000004,0.8562197680639128
27,EHCO,109.0,28.000000000000004,0.8547293975749238
27,EHCO,111.0,28.000000000000004,0.8533042367629187
27,EHCO,113.0,34.0,0.8519416491899505
27,EHCO,115.0,34.0,0.8506391027098981
27,EHCO,117.0,36.0,0.8493941653675617
27,EHCO,119.0,38.0,0.848204501458743
27,EHCO,121.0,38.0,0.8470678677449922
27,EHCO,123.0,40.0,0.8459821098169514
27,EHCO,125.0,40.0,0.8449451586004674
27,EHCO,127.0,40.0,0.8439550269998686
27,EHCO,129.0,40.0,0.8430098066730257
27,EHCO,131.0,40.0,0.8421076649330256
27,EHCO,133.0,40.0,0.841246841771488
27,EHCO,135.0,40.0,0.8404256469987553
27,EHCO,137.0,40.0,0.8396501404653691
27,EHCO,139.0,42.0,0.8388177760144652
27,EHCO,141.0,42.0,0.8378919374662652
27,EHCO,143.0,42.0,0.8368783708542478
27,EHCO,145.0,44.0,0.8357825624322975
27,EHCO,147.0,44.0,0.8346097494337903
27,EHCO,149.0,46.0,0.833364930399212
27,EHCO,151.0,50.0,0.8320528750893956
27,EHCO,153.0,50.0,0.8306781340007833
27,EHCO,155.0,50.0,0.8292450474984759
27,EHCO,157.0,50.0,0.8277577545822141
27,EHCO,159.0,50.0,0.8262202012998325
27,EHCO,161.0,50.0,0.8246361488221631
27,EHCO,163.0,50.0,0.8230091811928065
27,EHCO,165.0,50.0,0.8213427127656656
27,EHCO,167.0,50.0,0.8196399953426257
27,EHCO,169.0,52.0,0.8179041250232787
27,EHCO,171.0,54.0,0.8161380487781187
27,EHCO,173.0,56.00000000000001,0.8143445707561857
27,EHCO,175.0,56.00000000000001,0.8125263583377031
27,EHCO,177.0,56.00000000000001,0.8106859479418369
27,EHCO,179.0,57.99999999999999,0.8088257505993068
27,EHCO,181.0,57.99999999999999,0.8070620006949294
27,EHCO,183.0,57.99999999999999,0.8054282995504074
27,EHCO,185.0,60.0,0.8039188729316773
27,EHCO,187.0,60.0,0.8025050695950801
27,EHCO,189.0,60.0,0.8011751596083077
27,EHCO,191.0,60.0,0.7999255339396918
27,EHCO,193.0,64.0,0.7987527286519335
27,EHCO,195.0,64.0,0.7976534191712662
27,EHCO,197.0,64.0,0.7966320977508705
27,EHCO,199.0,66.0,0.7955926038914746
27,EHCO,201.0,66.0,0.7944881341848656
27,EHCO,203.0,68.0,0.7932912171546845
27,EHCO,205.0,68.0,0.7920077180193611
27,EHCO,207.0,68.0,0.7906432349064055
27,EHCO,209.0,68.0,0.7892031099418791
27,EHCO,211.0,68.0,0.787692439894719
27,EHCO,213.0,68.0,0.7861160863935481
27,EHCO,215.0,70.0,0.7844786857329044
27,EHCO,217.0,72.0,0.7827846582851586
27,EHCO,219.0,72.0,0.7810382175337502
27,EHCO,221.0,72.0,0.779243378742748
27,EHCO,223.0,72.0,0.7774039672771629
27,EHCO,225.0,72.0,0.7755236265878606
27,EHCO,227.0,72.0,0.7736058258743805
27,EHCO,229.0,72.0,0.7716539536168829
27,EHCO,231.0,72.0,0.769671404015716
27,EHCO,233.0,74.0,0.7676611532046892
27,EHCO,235.0,74.0,0.7656257744368623
27,EHCO,237.0,74.0,0.7635678835586499
27,EHCO,239.0,76.0,0.7614900501712412
27,EHCO,241.0,76.0,0.759394719643106
27,EHCO,243.0,78.0,0.7572842171329793
27,EHCO,245.0,78.0,0.7551607494979603
27,EHCO,247.0,78.0,0.7530264103821557
27,EHCO,249.0,78.0,0.7508831850982965
27,EHCO,251.0,80.0,0.7487329553105723
27,EHCO,253.0,80.0,0.7465775035266019
27,EHCO,255.0,80.0,0.7444185174061467
27,EHCO,257.0,80.0,0.7422575938938708
27,EHCO,259.0,80.0,0.7400962431831659
27,EHCO,261.0,80.0,0.7379358925177811
27,EHCO,263.0,80.0,0.7357778898377301
27,EHCO,265.0,82.0,0.733623507275694
27,EHCO,267.0,82.0,0.7314739445098931
27,EHCO,269.0,82.0,0.7293303319791612
27,EHCO,271.0,82.0,0.7271937339657338
27,EHCO,273.0,82.0,0.7250651515510402
27,EHCO,275.0,82.0,0.7229455254495828
27,EHCO,277.0,82.0,0.7208357387257837
27,EHCO,279.0,82.0,0.718736619398487
27,EHCO,281.0,82.0,0.7166490944817173
27,EHCO,283.0,82.0,0.7145739285224401
27,EHCO,285.0,84.0,0.7125117859806769
27,EHCO,287.0,86.0,0.710463286253576
27,EHCO,289.0,86.0,0.7084290057571991
27,EHCO,291.0,86.0,0.7064094799214522
27,EHCO,293.0,86.0,0.7044052051016492
27,EHCO,295.0,86.0,0.7024166404100682
27,EHCO,297.0,86.0,0.7004442094707188
27,EHCO,299.0,86.0,0.6984883021004147
27,EHCO,301.0,86.0,0.6965492759191244
27,EHCO,303.0,86.0,0.6946274578924521
27,EHCO,305.0,88.0,0.6927231458089889
27,EHCO,307.0,88.0,0.6908366096951665
27,EHCO,309.0,88.0,0.6889680931701394
27,EHCO,311.0,88.0,0.6871178147431225
27,EHCO,313.0,88.0,0.6852859690555139
27,EHCO,315.0,90.0,0.6834727280700412
27,EHCO,317.0,90.0,0.6816782422090785
27,EHCO,319.0,90.0,0.6799026414441978
27,EHCO,321.0,90.0,0.6781460363389367
27,EHCO,323.0,90.0,0.6764085190466822
27,EHCO,325.0,90.0,0.6746901642655005
27,EHCO,327.0,90.0,0.6729910301516627
27,EHCO,329.0,90.0,0.6713111591935521
27,EHCO,331.0,90.0,0.6696505790475716
27,EHCO,333.0,90.0,0.6680093033375993
27,EHCO,335.0,90.0,0.6663873324194864
27,EHCO,337.0,90.0,0.6647846541120265
27,EHCO,339.0,90.0,0.6632012443957701
27,EHCO,341.0,90.0,0.661637068081004
27,EHCO,343.0,90.0,0.6600920794461607
27,EHCO,345.0,92.0,0.6585662228478749
27,EHCO,347.0,92.0,0.6570594333038526
27,EHCO,349.0,92.0,0.6555716370496742
27,EHCO,351.0,92.0,0.6541027520706063
27,EHCO,353.0,92.0,0.6526526886094547
27,EHCO,355.0,92.0,0.6512213496514514
27,EHCO,357.0,92.0,0.6498086313871239
27,EHCO,359.0,92.0,0.6484144236540618
27,EHCO,361.0,92.0,0.6470386103584578
27,EHCO,363.0,92.0,0.6456810698772627
27,EHCO,365.0,92.0,0.6443416754417637
27,EHCO,367.0,92.0,0.6430202955033592
27,EHCO,369.0,94.0,0.6417167940822763
27,EHCO,371.0,94.0,0.640431031099943
27,EHCO,373.0,94.0,0.639162862695701
27,EHCO,375.0,94.0,0.637912141528517
27,EHCO,377.0,94.0,0.6366787170643242
27,EHCO,379.0,94.0,0.6354624358495974
27,EHCO,381.0,94.0,0.6342631417717454
27,EHCO,383.0,94.0,0.6330806763068773
27,EHCO,385.0,94.0,0.6319148787554775
27,EHCO,387.0,94.0,0.6307655864665035
27,EHCO,389.0,94.0,0.6296326350503997
27,EHCO,391.0,94.0,0.6285158585814978
27,EHCO,393.0,94.0,0.6274150897902614
27,EHCO,395.0,94.0,0.6263301602458046
27,EHCO,397.0,96.0,0.6252609005291071
27,EHCO,399.0,96.0,0.6242071403973231
27,EHCO,401.0,96.0,0.62316870893957
27,EHCO,403.0,96.0,0.6221454347245641
27,EHCO,405.0,96.0,0.6211371459404581
27,EHCO,407.0,96.0,0.6201436705272185
27,EHCO,409.0,96.0,0.6191648363018689
27,EHCO,411.0,96.0,0.6182004710769108
27,EHCO,413.0,96.0,0.6172504027722208
27,EHCO,415.0,98.0,0.6163144595207125
27,EHCO,417.0,98.0,0.6153924697680364
27,EHCO,419.0,98.0,0.6144842623665824
27,EHCO,421.0,98.0,0.6135896666640389
27,EHCO,423.0,98.0,0.6127085125867499
27,EHCO,425.0,98.0,0.6118406307181025
27,EHCO,427.0,98.0,0.6109858523721695
27,EHCO,429.0,98.0,0.6101440096628189
27,EHCO,431.0,98.0,0.609314935568497
27,EHCO,433.0,98.0,0.6084984639928797
27,EHCO,435.0,98.0,0.6076944298215818
27,EHCO,437.0,98.0,0.6069026689751054
27,EHCO,439.0,98.0,0.6061230184581972
27,EHCO,441.0,98.0,0.6053553164057847
27,EHCO,443.0,98.0,0.6045994021256467
27,EHCO,445.0,98.0,0.6038551161379726
27,EHCO,447.0,98.0,0.6031223002119547
27,EHCO,449.0,98.0,0.6024007973995547
27,EHCO,451.0,98.0,0.6016904520665766
27,EHCO,453.0,98.0,0.600991109921177
27,EHCO,455.0,98.0,0.6003026180399319
27,EHCO,457.0,98.0,0.599656417026854
27,EHCO,459.0,98.0,0.5991439013330824
27,EHCO,461.0,98.0,0.5987586286980057
27,EHCO,463.0,98.0,0.598494422824914
27,EHCO,465.0,98.0,0.5983453628010454
27,EHCO,467.0,98.0,0.5983057729342973
27,EHCO,469.0,98.0,0.5983702129902402
27,EHCO,471.0,98.0,0.5985334688137117
27,EHCO,473.0,100.0,0.598790543319886
27,A*-GA,1.0,0.0,0.9721549763155382
27,A*-GA,3.0,0.0,0.9721527444067745
27,A*-GA,5.0,0.0,0.9720613557328425
27,A*-GA,7.0,0.0,0.9718857773325774
27,A*-GA,9.0,0.0,0.9716307571012586
27,A*-GA,11.0,0.0,0.9713008327890041
27,A*-GA,13.0,0.0,0.970900340639527
27,A*-GA,15.0,0.0,0.9704334236834673
27,A*-GA,17.0,0.0,0.9699040396999616
27,A*-GA,19.0,0.0,0.969315968859571
27,A*-GA,21.0,0.0,0.9686728210611698
27,A*-GA,23.0,0.0,0.9679780429749058
27,A*-GA,25.0,0.0,0.9672349248028634
27,A*-GA,27.0,0.0,0.9664466067686021
27,A*-GA,29.0,0.0,0.9656160853463039
27,A*-GA,31.0,0.0,0.9647462192398443
27,A*-GA,33.0,0.0,0.963839735121686
27,A*-GA,35.0,2.0,0.9628992331411148
27,A*-GA,37.0,2.0,0.9619153602325531
27,A*-GA,39.0,2.0,0.9607668044656481
27,A*-GA,41.0,2.0,0.959463380595672
27,A*-GA,43.0,8.0,0.9580144629057198
27,A*-GA,45.0,8.0,0.956429003402706
27,A*-GA,47.0,10.0,0.9547155492843902
27,A*-GA,49.0,10.0,0.952882259706278
27,A*-GA,51.0,10.0,0.9509369218761106
27,A*-GA,53.0,10.0,0.9488869665025647
27,A*-GA,55.0,10.0,0.9467394826237315
27,A*-GA,57.0,10.0,0.9445012318399449
27,A*-GA,59.0,10.0,0.9421786619745521
27,A*-GA,61.0,10.0,0.9397779201852976
27,A*-GA,63.0,12.0,0.9373048655480947
27,A*-GA,65.0,12.0,0.934765081134102
27,A*-GA,67.0,12.0,0.9321638856001971
27,A*-GA,69.0,12.0,0.9295063443121506
27,A*-GA,71.0,16.0,0.9267972800190382
27,A*-GA,73.0,16.0,0.9240412830967036
27,A*-GA,75.0,16.0,0.9212427213773771
27,A*-GA,77.0,16.0,0.9184057495818855
27,A*-GA,79.0,16.0,0.9155771541679512
27,A*-GA,81.0,16.0,0.9128847352905644
27,A*-GA,83.0,16.0,0.9103229557352333
27,A*-GA,85.0,18.0,0.9078779127366601
27,A*-GA,87.0,18.0,0.9055197954536983
27,A*-GA,89.0,18.0,0.9032453368056725
27,A*-GA,91.0,18.0,0.9010513955152639
27,A*-GA,93.0,18.0,0.8989349512123372
27,A*-GA,95.0,20.0,0.8968750638433881
27,A*-GA,97.0,20.0,0.8947518160686098
27,A*-GA,99.0,20.0,0.8925700707720037
27,A*-GA,101.0,22.0,0.8903344607748626
27,A*-GA,103.0,22.0,0.8880493985105343
27,A*-GA,105.0,24.0,0.8857190853089131
27,A*-GA,107.0,24.0,0.8833475203061447
27,A*-GA,109.0,26.0,0.8809385089944226
27,A*-GA,111.0,26.0,0.8784956714261682
27,A*-GA,113.0,28.000000000000004,0.8760224500863182
27,A*-GA,115.0,28.000000000000004,0.8735221174459091
27,A*-GA,117.0,32.0,0.8709977832096233
27,A*-GA,119.0,32.0,0.8684524012694622
27,A*-GA,121.0,32.0,0.8658887763762341
27,A*-GA,123.0,34.0,0.8633095705400817
27,A*-GA,125.0,34.0,0.8607173091708318
27,A*-GA,127.0,36.0,0.8581143869685232
27,A*-GA,129.0,36.0,0.8555030735740635
27,A*-GA,131.0,36.0,0.8528855189895665
27,A*-GA,133.0,36.0,0.8502637587775516
27,A*-GA,135.0,36.0,0.847679173466598
27,A*-GA,137.0,36.0,0.845247937618913
27,A*-GA,139.0,36.0,0.842963544803543
27,A*-GA,141.0,38.0,0.8408118965707756
27,A*-GA,143.0,38.0,0.8387643925503845
27,A*-GA,145.0,38.0,0.8368167253459877
27,A*-GA,147.0,38.0,0.8349647589907112
27,A*-GA,149.0,38.0,0.8332045221949594
27,A*-GA,151.0,38.0,0.8315322018593748
27,A*-GA,153.0,42.0,0.8299441368425775
27,A*-GA,155.0,42.0,0.8284368119736886
27,A*-GA,157.0,46.0,0.82700685230003
27,A*-GA,159.0,46.0,0.825651017560773
27,A*-GA,161.0,46.0,0.8243661968776658
27,A*-GA,163.0,46.0,0.8231494036543243
27,A*-GA,165.0,46.0,0.8219977706758986
27,A*-GA,167.0,46.0,0.8209085454012529
27,A*-GA,169.0,46.0,0.8198790854401025
27,A*-GA,171.0,48.0,0.8189068542078501
27,A*-GA,173.0,52.0,0.8179894167511466
27,A*-GA,175.0,54.0,0.8171244357374754
27,A*-GA,177.0,54.0,0.8163096676023255
27,A*-GA,179.0,56.00000000000001,0.815542958847764
27,A*-GA,181.0,56.00000000000001,0.8148222424864697
27,A*-GA,183.0,56.00000000000001,0.8141455346255168
27,A*-GA,185.0,57.99999999999999,0.8135109311844227
27,A*-GA,187.0,57.99999999999999,0.812899195144735
27,A*-GA,189.0,57.99999999999999,0.812198496707345
27,A*-GA,191.0,57.99999999999999,0.8114141872828985
27,A*-GA,193.0,57.99999999999999,0.8105513775805225
27,A*-GA,195.0,57.99999999999999,0.8096149475590262
27,A*-GA,197.0,57.99999999999999,0.808609555979312
27,A*-GA,199.0,57.99999999999999,0.8075396495737823
27,A*-GA,201.0,57.99999999999999,0.8063986826507814
27,A*-GA,203.0,57.99999999999999,0.8051595427248763
27,A*-GA,205.0,57.99999999999999,0.8038284379340562
27,A*-GA,207.0,57.99999999999999,0.8024112939173629
27,A*-GA,209.0,57.99999999999999,0.8009137655411334
27,A*-GA,211.0,57.99999999999999,0.7993412481545844
27,A*-GA,213.0,60.0,0.797698888393375
27,A*-GA,215.0,60.0,0.7959915945490547
27,A*-GA,217.0,60.0,0.794224046521597
27,A*-GA,219.0,64.0,0.7924009621995628
27,A*-GA,221.0,66.0,0.7905266673675163
27,A*-GA,223.0,68.0,0.7886051133684421
27,A*-GA,225.0,68.0,0.7866398940638003
27,A*-GA,227.0,68.0,0.7846346844746538
27,A*-GA,229.0,68.0,0.7825929830220895
27,A*-GA,231.0,68.0,0.7805181189912133
27,A*-GA,233.0,68.0,0.7784132596934753
27,A*-GA,235.0,70.0,0.7762814173393046
27,A*-GA,237.0,72.0,0.774125455632563
27,A*-GA,239.0,72.0,0.771948096097873
27,A*-GA,241.0,74.0,0.7697519241514369
27,A*-GA,243.0,76.0,0.7675393949255483
27,A*-GA,245.0,76.0,0.7653128389177557
27,A*-GA,247.0,80.0,0.7630744713828912
27,A*-GA,249.0,80.0,0.7608263968927765
27,A*-GA,251.0,80.0,0.7585706103305401
27,A*-GA,253.0,80.0,0.756309001642048
27,A*-GA,255.0,80.0,0.7540433603935262
27,A*-GA,257.0,80.0,0.7517753801430995
27,A*-GA,259.0,80.0,0.7495066626336689
27,A*-GA,261.0,80.0,0.7472387218142523
27,A*-GA,263.0,80.0,0.744972987696638
27,A*-GA,265.0,82.0,0.7427108100539225
27,A*-GA,267.0,82.0,0.7404534619672507
27,A*-GA,269.0,82.0,0.7382021432268232
27,A*-GA,271.0,82.0,0.7359579835929968
27,A*-GA,273.0,82.0,0.7337220459230749
27,A*-GA,275.0,82.0,0.7314953291691604
27,A*-GA,277.0,82.0,0.7292787712522352
27,A*-GA,279.0,82.0,0.7270732518174209
27,A*-GA,281.0,82.0,0.7248795948751863
27,A*-GA,283.0,84.0,0.7226985713330704
27,A*-GA,285.0,84.0,0.7205309014223159
27,A*-GA,287.0,84.0,0.7183772570236299
27,A*-GA,289.0,84.0,0.7162382638961228
27,A*-GA,291.0,84.0,0.7141145038133172
27,A*-GA,293.0,84.0,0.7120065166099614
27,A*-GA,295.0,84.0,0.7099148021432371
27,A*-GA,297.0,84.0,0.7078398221718072
27,A*-GA,299.0,84.0,0.705782002156012
27,A*-GA,301.0,86.0,0.7037417329823945
27,A*-GA,303.0,92.0,0.7017193726156044
27,A*-GA,305.0,98.0,0.699715247680612
27,A*-GA,307.0,98.0,0.6977296549780492
27,A*-GA,309.0,98.0,0.6957628629353769
27,A*-GA,311.0,98.0,0.6938151129964774
27,A*-GA,313.0,98.0,0.6918866209521614
27,A*-GA,315.0,98.0,0.6899775782139872
27,A*-GA,317.0,98.0,0.6880881847427642
27,A*-GA,319.0,98.0,0.6862186772431358
27,A*-GA,321.0,100.0,0.6843691720106617
27,A*-GA,323.0,100.0,0.6825397659621646
27,A*-GA,325.0,100.0,0.6807305376408485
27,A*-GA,327.0,100.0,0.6789415481779395
27,A*-GA,329.0,100.0,0.6771728422126203
27,A*-GA,331.0,100.0,0.675424448771961
27,A*-GA,333.0,100.0,0.6736963821124796
27,A*-GA,335.0,100.0,0.6719886425249026
27,A*-GA,337.0,100.0,0.6703012171036294
27,A*-GA,339.0,100.0,0.6686340804823496
27,A*-GA,341.0,100.0,0.6669871955371991
27,A*-GA,343.0,100.0,0.6653605140587899
27,A*-GA,345.0,100.0,0.6637539773943922
27,A*-GA,347.0,100.0,0.6621675170614966
27,A*-GA,349.0,100.0,0.6606010553339378
27,A*-GA,351.0,100.0,0.65905450580171
27,A*-GA,353.0,100.0,0.6575277739055628
27,A*-GA,355.0,100.0,0.6560207574474175
27,A*-GA,357.0,100.0,0.6545333470776096
27,A*-GA,359.0,100.0,0.6530654267599151
27,A*-GA,361.0,100.0,0.651616874215286
27,A*-GA,363.0,100.0,0.6501875613451794
27,A*-GA,365.0,100.0,0.6487773546353284
27,A*-GA,367.0,100.0,0.6473861155407761
27,A*-GA,369.0,100.0,0.6460137008529497
27,A*-GA,371.0,100.0,0.6446599630495305
27,A*-GA,373.0,100.0,0.643324750627839
27,A*-GA,375.0,100.0,0.6420079084224285
27,A*-GA,377.0,100.0,0.6407092779075512
27,A*-GA,379.0,100.0,0.6394286974851333
27,A*-GA,381.0,100.0,0.6381660027588736
27,A*-GA,383.0,100.0,0.636921026795049
27,A*-GA,385.0,100.0,0.6356936003705946
27,A*-GA,387.0,100.0,0.6344835522089943
27,A*-GA,389.0,100.0,0.6332907092045044
27,A*-GA,391.0,100.0,0.6321148966352058
27,A*-GA,393.0,100.0,0.6309559383653632
27,A*-GA,395.0,100.0,0.6298136570375485
27,A*-GA,397.0,100.0,0.6286878742549692
27,A*-GA,399.0,100.0,0.6275784107544216
27,A*-GA,401.0,100.0,0.6264850865702754
27,A*-GA,403.0,100.0,0.6254077211898763
27,A*-GA,405.0,100.0,0.6243461337007385
27,A*-GA,407.0,100.0,0.6233001429298852
27,A*-GA,409.0,100.0,0.622269567575679
27,A*-GA,411.0,100.0,0.6212542263324702
27,A*-GA,413.0,100.0,0.6202539380083788
27,A*-GA,415.0,100.0,0.6192685216365112
27,A*-GA,417.0,100.0,0.618297796579903
27,A*-GA,419.0,100.0,0.6173415826304626
27,A*-GA,421.0,100.0,0.6163997001021857
27,A*-GA,423.0,100.0,0.6154719699188936
27,A*-GA,425.0,100.0,0.6145582136967406
27,A*-GA,427.0,100.0,0.6136582538217256
27,A*-GA,429.0,100.0,0.6127719135224331
27,A*-GA,431.0,100.0,0.611899016938219
27,A*-GA,433.0,100.0,0.611039389183048
27,A*-GA,435.0,100.0,0.610192856405181
27,A*-GA,437.0,100.0,0.609359245842903
27,A*-GA,439.0,100.0,0.6085383858764721
27,A*-GA,441.0,100.0,0.6077301060764659
27,A*-GA,443.0,100.0,0.6069342372486913
27,A*-GA,445.0,100.0,0.6061506114758188
27,A*-GA,447.0,100.0,0.605379062155894
27,A*-GA,449.0,100.0,0.6046194240378739
27,A*-GA,451.0,100.0,0.6038715332543292
27,A*-GA,453.0,100.0,0.6031352273514464
27,A*-GA,455.0,100.0,0.6024103453164615
27,A*-GA,457.0,100.0,0.601696727602645
27,A*-GA,459.0,100.0,0.6009942161519618
27,A*-GA,461.0,100.0,0.6003026544155158
28,EHCO,1.0,0.0,0.7268090583304816
28,EHCO,3.0,0.0,0.7364198631026972
28,EHCO,5.0,0.0,0.7454284228814438
28,EHCO,7.0,0.0,0.7538620804486885
28,EHCO,9.0,0.0,0.7617470445008993
28,EHCO,11.0,0.0,0.7691084351543929
28,EHCO,13.0,0.0,0.7759703276487354
28,EHCO,15.0,0.0,0.7823557943191612
28,EHCO,17.0,0.0,0.7882869449061898
28,EHCO,19.0,0.0,0.7937849652679393
28,EHCO,21.0,0.0,0.7988701545580648
28,EHCO,23.0,0.0,0.8035619609297713
28,EHCO,25.0,0.0,0.8078790158239796
28,EHCO,27.0,0.0,0.8118391668974403
28,EHCO,29.0,0.0,0.8154595096443963
28,EHCO,31.0,0.0,0.8187564177632877
28,EHCO,33.0,0.0,0.821745572317972
28,EHCO,35.0,2.0,0.8244419897409824
28,EHCO,37.0,2.0,0.8268600487244842
28,EHCO,39.0,4.0,0.8290135160427902
28,EHCO,41.0,4.0,0.8310485521009235
28,EHCO,43.0,6.0,0.8330141305001839
28,EHCO,45.0,8.0,0.8349128613949673
28,EHCO,47.0,8.0,0.8367165799086624
28,EHCO,49.0,8.0,0.8384193242143491
28,EHCO,51.0,8.0,0.8400255492729929
28,EHCO,53.0,10.0,0.8415395271171773
28,EHCO,55.0,10.0,0.8429653541622382
28,EHCO,57.0,14.000000000000002,0.8443069582283552
28,EHCO,59.0,16.0,0.8455681052849746
28,EHCO,61.0,16.0,0.8467524059284929
28,EHCO,63.0,16.0,0.8478633216037027
28,EHCO,65.0,16.0,0.8489041705790858
28,EHCO,67.0,16.0,0.8498781336856455
28,EHCO,69.0,18.0,0.8507882598285889
28,EHCO,71.0,18.0,0.8516374712808027
28,EHCO,73.0,20.0,0.8524285687667155
28,EHCO,75.0,22.0,0.8531642363448025
28,EHCO,77.0,22.0,0.8538470460966636
28,EHCO,79.0,22.0,0.8544890821875434
28,EHCO,81.0,24.0,0.8549892950954561
28,EHCO,83.0,24.0,0.8553122593632108
28,EHCO,85.0,24.0,0.8554675280950192
28,EHCO,87.0,24.0,0.8554642366599403
28,EHCO,89.0,24.0,0.8553111197897549
28,EHCO,91.0,24.0,0.8550165279943567
28,EHCO,93.0,24.0,0.8545884433216248
28,EHCO,95.0,26.0,0.8540344944876873
28,EHCO,97.0,26.0,0.8533619714024608
28,EHCO,99.0,30.0,0.8525778391143743
28,EHCO,101.0,30.0,0.8516887511972444
28,EHCO,103.0,30.0,0.8507010626013644
28,EHCO,105.0,30.0,0.8496208419900022
28,EHCO,107.0,30.0,0.8484538835816662
28,EHCO,109.0,32.0,0.8472057185176974
28,EHCO,111.0,32.0,0.845881625773978
28,EHCO,113.0,34.0,0.8444866426348013
28,EHCO,115.0,36.0,0.8430255747462461
28,EHCO,117.0,36.0,0.8415030057657034
28,EHCO,119.0,36.0,0.8399233066235624
28,EHCO,121.0,36.0,0.8382906444124175
28,EHCO,123.0,36.0,0.836649103728276
28,EHCO,125.0,36.0,0.8351187094493316
28,EHCO,127.0,36.0,0.8336946683038359
28,EHCO,129.0,38.0,0.8323645271585889
28,EHCO,131.0,38.0,0.8311012657856637
28,EHCO,133.0,38.0,0.8299020943204841
28,EHCO,135.0,40.0,0.8287643341805547
28,EHCO,137.0,40.0,0.8276854136795989
28,EHCO,139.0,44.0,0.8266628638139761
28,EHCO,141.0,44.0,0.8256943142146197
28,EHCO,143.0,44.0,0.8247774892579982
28,EHCO,145.0,44.0,0.82391020432986
28,EHCO,147.0,46.0,0.8230903622357644
28,EHCO,149.0,46.0,0.8223159497526399
28,EHCO,151.0,48.0,0.8215850343158326
28,EHCO,153.0,48.0,0.8209034438053318
28,EHCO,155.0,50.0,0.8201710576792156
28,EHCO,157.0,52.0,0.8193517332729165
28,EHCO,159.0,52.0,0.8184507873665462
28,EHCO,161.0,52.0,0.8174732966571775
28,EHCO,163.0,52.0,0.816424107698015
28,EHCO,165.0,52.0,0.8153078464390453
28,EHCO,167.0,52.0,0.8141289273849456
28,EHCO,169.0,52.0,0.8128915623854027
28,EHCO,171.0,52.0,0.8115997690724039
28,EHCO,173.0,52.0,0.8102573789584805
28,EHCO,175.0,54.0,0.8088680452093409
28,EHCO,177.0,54.0,0.8074352501037961
28,EHCO,179.0,54.0,0.8059623121933748
28,EHCO,181.0,54.0,0.8044523931735342
28,EHCO,183.0,54.0,0.8029085044779078
28,EHCO,185.0,54.0,0.8013718474627072
28,EHCO,187.0,54.0,0.7999562931190777
28,EHCO,189.0,56.00000000000001,0.7986565021158384
28,EHCO,191.0,60.0,0.7974594984001164
28,EHCO,193.0,60.0,0.79633776103732
28,EHCO,195.0,60.0,0.7952880207790314
28,EHCO,197.0,60.0,0.7943071401266821
28,EHCO,199.0,60.0,0.7933761973129807
28,EHCO,201.0,60.0,0.7923757335554371
28,EHCO,203.0,62.0,0.7912784604189811
28,EHCO,205.0,62.0,0.7900904189043462
28,EHCO,207.0,62.0,0.7888173759484238
28,EHCO,209.0,64.0,0.7874648357885533
28,EHCO,211.0,68.0,0.7860380508708643
28,EHCO,213.0,70.0,0.7845420323207254
28,EHCO,215.0,72.0,0.7829815599926419
28,EHCO,217.0,72.0,0.7813611921162634
28,EHCO,219.0,72.0,0.7796852745545056
28,EHCO,221.0,74.0,0.7779579496891568
28,EHCO,223.0,74.0,0.7761831649487405
28,EHCO,225.0,74.0,0.7743646809928174
28,EHCO,227.0,74.0,0.7725063363943753
28,EHCO,229.0,74.0,0.7706116159171483
28,EHCO,231.0,76.0,0.768683666612942
28,EHCO,233.0,76.0,0.7667253132790299
28,EHCO,235.0,76.0,0.764739495656596
28,EHCO,237.0,76.0,0.7627290092860677
28,EHCO,239.0,76.0,0.7606965116413489
28,EHCO,241.0,76.0,0.7586445319662657
28,EHCO,243.0,76.0,0.7565754766889601
28,EHCO,245.0,78.0,0.75449163070004
28,EHCO,247.0,78.0,0.7523951625604313
28,EHCO,249.0,78.0,0.7502881295061783
28,EHCO,251.0,78.0,0.7481724822496141
28,EHCO,253.0,78.0,0.74605006958501
28,EHCO,255.0,80.0,0.7439226428064928
28,EHCO,257.0,80.0,0.7417918599457117
28,EHCO,259.0,80.0,0.7396592898364398
28,EHCO,261.0,80.0,0.7375264160130117
28,EHCO,263.0,80.0,0.73539464044923
28,EHCO,265.0,80.0,0.7332652871441029
28,EHCO,267.0,80.0,0.7311396055605338
28,EHCO,269.0,80.0,0.7290187739228344
28,EHCO,271.0,80.0,0.7269039023787042
28,EHCO,273.0,82.0,0.7247960360310942
28,EHCO,275.0,82.0,0.7226961578451624
28,EHCO,277.0,84.0,0.7206051914353164
28,EHCO,279.0,86.0,0.7185240037371472
28,EHCO,281.0,86.0,0.716453407568863
28,EHCO,283.0,86.0,0.7143941640866537
28,EHCO,285.0,86.0,0.7123469851382386
28,EHCO,287.0,88.0,0.7103125355186821
28,EHCO,289.0,88.0,0.7082914351324016
28,EHCO,291.0,88.0,0.7062842610651339
28,EHCO,293.0,88.0,0.704291549569481
28,EHCO,295.0,88.0,0.7023137979675091
28,EHCO,297.0,88.0,0.7003514664737375
28,EHCO,299.0,88.0,0.6984049799417241
28,EHCO,301.0,88.0,0.6964747295373267
28,EHCO,303.0,88.0,0.6945610743415919
28,EHCO,305.0,88.0,0.6926643428861148
28,EHCO,307.0,88.0,0.690784834623594
28,EHCO,309.0,88.0,0.6889228213361978
28,EHCO,311.0,88.0,0.687078548484259
28,EHCO,313.0,88.0,0.6852522364977095
28,EHCO,315.0,88.0,0.6834440820125751
28,EHCO,317.0,88.0,0.6816542590547545
28,EHCO,319.0,90.0,0.6798829201732214
28,EHCO,321.0,92.0,0.6781301975247014
28,EHCO,323.0,92.0,0.6763962039117958
28,EHCO,325.0,92.0,0.6746810337764432
28,EHCO,327.0,94.0,0.6729848350905003
28,EHCO,329.0,96.0,0.6713076857482606
28,EHCO,331.0,98.0,0.6696496234245641
28,EHCO,333.0,98.0,0.6680106713417536
28,EHCO,335.0,100.0,0.6663908390510924
28,EHCO,337.0,100.0,0.6647901231799839
28,EHCO,339.0,100.0,0.6632085081463905
28,EHCO,341.0,100.0,0.6616459668417992
28,EHCO,343.0,100.0,0.6601024612840224
28,EHCO,345.0,100.0,0.6585779432410724
28,EHCO,347.0,100.0,0.6570723548273026
28,EHCO,349.0,100.0,0.6555856290729526
28,EHCO,351.0,100.0,0.6541176904681972
28,EHCO,353.0,100.0,0.6526684554827508
28,EHCO,355.0,100.0,0.651237833062035
28,EHCO,357.0,100.0,0.6498257251008842
28,EHCO,359.0,100.0,0.6484320268957144
28,EHCO,361.0,100.0,0.6470566275760529
28,EHCO,363.0,100.0,0.6456994105162843
28,EHCO,365.0,100.0,0.6443602537284382
28,EHCO,367.0,100.0,0.643039030236806
28,EHCO,369.0,100.0,0.641735608435147
28,EHCO,371.0,100.0,0.6404498524272123
28,EHCO,373.0,100.0,0.6391816223512833
28,EHCO,375.0,100.0,0.637930774689396
28,EHCO,377.0,100.0,0.6366971625618955
28,EHCO,379.0,100.0,0.6354806360079369
28,EHCO,381.0,100.0,0.6342810422525256
28,EHCO,383.0,100.0,0.6330982259606659
28,EHCO,385.0,100.0,0.6319320294791639
28,EHCO,387.0,100.0,0.6307822930666068
28,EHCO,389.0,100.0,0.6296488551120227
28,EHCO,391.0,100.0,0.6285315523427029
28,EHCO,393.0,100.0,0.6274302200216468
28,EHCO,395.0,100.0,0.6263446921350775
28,EHCO,397.0,100.0,0.6252748015704492
28,EHCO,399.0,100.0,0.6242203802853584
28,EHCO,401.0,100.0,0.6231812594677488
28,EHCO,403.0,100.0,0.6221572696877863
28,EHCO,405.0,100.0,0.6211482410417649
28,EHCO,407.0,100.0,0.6201540032883898
28,EHCO,409.0,100.0,0.6191743859777674
28,EHCO,411.0,100.0,0.6182092185734237
28,EHCO,413.0,100.0,0.6172583305676527
28,EHCO,415.0,100.0,0.616321551590491
28,EHCO,417.0,100.0,0.6153987115125956
28,EHCO,419.0,100.0,0.6144896405422983
28,EHCO,421.0,100.0,0.6135941693170902
28,EHCO,423.0,100.0,0.6127121289897886
28,EHCO,425.0,100.0,0.6118433513096183
28,EHCO,427.0,100.0,0.6109876686984408
28,EHCO,429.0,100.0,0.6101449143223439
28,EHCO,431.0,100.0,0.609314922158805
28,EHCO,433.0,100.0,0.6084975270596262
28,EHCO,435.0,100.0,0.6076925648098345
28,EHCO,437.0,100.0,0.60689987218273
28,EHCO,439.0,100.0,0.6061192869912613
28,EHCO,441.0,100.0,0.6053506481358939
28,EHCO,443.0,100.0,0.6045937956491358
28,EHCO,445.0,100.0,0.6038485707368764
28,EHCO,447.0,100.0,0.603114815816684
28,EHCO,449.0,100.0,0.6023923745532099
28,EHCO,451.0,100.0,0.6016810918908306
28,EHCO,453.0,100.0,0.6009808140836624
28,EHCO,455.0,100.0,0.600291388723072
28,A*-GA,1.0,0.0,0.7268090583304816
28,A*-GA,3.0,0.0,0.7364198631026972
28,A*-GA,5.0,0.0,0.7454284228814438
28,A*-GA,7.0,0.0,0.7538620804486885
28,A*-GA,9.0,0.0,0.7617470445008993
28,A*-GA,11.0,0.0,0.7691084351543929
28,A*-GA,13.0,0.0,0.7759703276487354
28,A*-GA,15.0,0.0,0.7823557943191612
28,A*-GA,17.0,0.0,0.7882869449061898
28,A*-GA,19.0,0.0,0.7937849652679393
28,A*-GA,21.0,0.0,0.7988701545580648
28,A*-GA,23.0,0.0,0.8035619609297713
28,A*-GA,25.0,0.0,0.8078790158239796
28,A*-GA,27.0,0.0,0.8118391668974403
28,A*-GA,29.0,2.0,0.8154595096443963
28,A*-GA,31.0,2.0,0.8188930031251483
28,A*-GA,33.0,2.0,0.8221926195110557
28,A*-GA,35.0,4.0,0.825363601732309
28,A*-GA,37.0,8.0,0.8283768268014936
28,A*-GA,39.0,8.0,0.8312278576449926
28,A*-GA,41.0,8.0,0.8339237784922341
28,A*-GA,43.0,8.0,0.8364713837363872
28,A*-GA,45.0,8.0,0.8388771895016551
28,A*-GA,47.0,8.0,0.8411474447535275
28,A*-GA,49.0,8.0,0.8432881419699761
28,A*-GA,51.0,8.0,0.8453050273908718
28,A*-GA,53.0,10.0,0.84720361086222
28,A*-GA,55.0,10.0,0.8489891752911619
28,A*-GA,57.0,12.0,0.8506667857270616
28,A*-GA,59.0,12.0,0.8522412980833945
28,A*-GA,61.0,12.0,0.8537173675145823
28,A*-GA,63.0,12.0,0.8551101138286509
28,A*-GA,65.0,12.0,0.8563203166298028
28,A*-GA,67.0,12.0,0.8573133253816153
28,A*-GA,69.0,12.0,0.8581004601122958
28,A*-GA,71.0,12.0,0.8586925504952161
28,A*-GA,73.0,14.000000000000002,0.8590999558502461
28,A*-GA,75.0,14.000000000000002,0.859332584347799
28,A*-GA,77.0,16.0,0.8593999114470724
28,A*-GA,79.0,16.0,0.8593109975987356
28,A*-GA,81.0,18.0,0.8590745052411191
28,A*-GA,83.0,18.0,0.8586987151178196
28,A*-GA,85.0,18.0,0.8581915419435402
28,A*-GA,87.0,18.0,0.8575605494439236
28,A*-GA,89.0,18.0,0.8568129647941267
28,A*-GA,91.0,20.0,0.8559556924799099
28,A*-GA,93.0,20.0,0.8549953276040778
28,A*-GA,95.0,22.0,0.8539381686602108
28,A*-GA,97.0,22.0,0.8527902297947617
28,A*-GA,99.0,22.0,0.851557252577764
28,A*-GA,101.0,22.0,0.8502447173015977
28,A*-GA,103.0,22.0,0.8488990302959081
28,A*-GA,105.0,22.0,0.8476444702836237
28,A*-GA,107.0,22.0,0.846477122312161
28,A*-GA,109.0,28.000000000000004,0.8453853760840172
28,A*-GA,111.0,28.000000000000004,0.8443430201268528
28,A*-GA,113.0,28.000000000000004,0.8433480405997507
28,A*-GA,115.0,28.000000000000004,0.842398503507113
28,A*-GA,117.0,30.0,0.8414925515570342
28,A*-GA,119.0,30.0,0.8406284011430221
28,A*-GA,121.0,30.0,0.8398043394442269
28,A*-GA,123.0,30.0,0.8390187216395288
28,A*-GA,125.0,34.0,0.8382699682310153
28,A*-GA,127.0,34.0,0.837556562472556
28,A*-GA,129.0,34.0,0.8368770478993528
28,A*-GA,131.0,34.0,0.8362300259544997
28,A*-GA,133.0,34.0,0.8356141537087486
28,A*-GA,135.0,34.0,0.8350281416698222
28,A*-GA,137.0,34.0,0.8344707516777592
28,A*-GA,139.0,34.0,0.8339407948829181
28,A*-GA,141.0,34.0,0.8334371298033938
28,A*-GA,143.0,34.0,0.8329586604587315
28,A*-GA,145.0,34.0,0.8325043345769436
28,A*-GA,147.0,36.0,0.8320544730109726
28,A*-GA,149.0,36.0,0.8314944204807054
28,A*-GA,151.0,40.0,0.8308306071050735
28,A*-GA,153.0,42.0,0.8300691759193553
28,A*-GA,155.0,42.0,0.8292159947131207
28,A*-GA,157.0,42.0,0.8282766673942603
28,A*-GA,159.0,42.0,0.8272565448978461
28,A*-GA,161.0,42.0,0.8261607356578374
28,A*-GA,163.0,44.0,0.8249941156589325
28,A*-GA,165.0,44.0,0.8237613380851851
28,A*-GA,167.0,44.0,0.8224668425813535
28,A*-GA,169.0,46.0,0.8211148641423193
28,A*-GA,171.0,46.0,0.8197094416453071
28,A*-GA,173.0,46.0,0.8182544260390602
28,A*-GA,175.0,46.0,0.8167534882035653
28,A*-GA,177.0,46.0,0.8152101264933882
28,A*-GA,179.0,48.0,0.8136276739771636
28,A*-GA,181.0,50.0,0.81204816587288
28,A*-GA,183.0,50.0,0.8105872760294587
28,A*-GA,185.0,50.0,0.8092398086052274
28,A*-GA,187.0,52.0,0.8079929248991824
28,A*-GA,189.0,52.0,0.8068192354373597
28,A*-GA,191.0,52.0,0.8057155967773977
28,A*-GA,193.0,52.0,0.8046789917995363
28,A*-GA,195.0,54.0,0.8037065247177921
28,A*-GA,197.0,54.0,0.8027954162872123
28,A*-GA,199.0,57.99999999999999,0.8019429991995084
28,A*-GA,201.0,57.99999999999999,0.8011042788449787
28,A*-GA,203.0,57.99999999999999,0.800154175756753
28,A*-GA,205.0,57.99999999999999,0.7990994386453056
28,A*-GA,207.0,57.99999999999999,0.7979465121460808
28,A*-GA,209.0,57.99999999999999,0.7967015493982696
28,A*-GA,211.0,57.99999999999999,0.7953704241193811
28,A*-GA,213.0,57.99999999999999,0.793958742195564
28,A*-GA,215.0,57.99999999999999,0.792471852806853
28,A*-GA,217.0,60.0,0.7909148591057537
28,A*-GA,219.0,60.0,0.7892926284668585
28,A*-GA,221.0,62.0,0.7876098023244893
28,A*-GA,223.0,66.0,0.7858708056146885
28,A*-GA,225.0,66.0,0.784079855837245
28,A*-GA,227.0,66.0,0.7822409717528153
28,A*-GA,229.0,66.0,0.780357981729611
28,A*-GA,231.0,66.0,0.7784345317535557
28,A*-GA,233.0,68.0,0.7764740931152592
28,A*-GA,235.0,68.0,0.7744800559650771
28,A*-GA,237.0,68.0,0.772455815774789
28,A*-GA,239.0,72.0,0.7704043495720235
28,A*-GA,241.0,74.0,0.7683282311462782
28,A*-GA,243.0,74.0,0.766230076542371
28,A*-GA,245.0,74.0,0.7641124549985568
28,A*-GA,247.0,78.0,0.7619778077144412
28,A*-GA,249.0,78.0,0.7598284581782808
28,A*-GA,251.0,78.0,0.757666612549247
28,A*-GA,253.0,78.0,0.755494363507856
28,A*-GA,255.0,78.0,0.7533136951528502
28,A*-GA,257.0,78.0,0.7511264876986202
28,A*-GA,259.0,78.0,0.7489345219811104
28,A*-GA,261.0,78.0,0.7467394837798437
28,A*-GA,263.0,78.0,0.744542967963395
28,A*-GA,265.0,78.0,0.7423464824653557
28,A*-GA,267.0,78.0,0.7401514520975526
28,A*-GA,269.0,78.0,0.7379592222070179
28,A*-GA,271.0,80.0,0.7357710621829499
28,A*-GA,273.0,80.0,0.7335881688196563
28,A*-GA,275.0,80.0,0.7314116695412392
28,A*-GA,277.0,82.0,0.7292426254935463
28,A*-GA,279.0,82.0,0.727082034508702
28,A*-GA,281.0,84.0,0.7249308339473155
28,A*-GA,283.0,84.0,0.722789903423267
28,A*-GA,285.0,84.0,0.720660067415773
28,A*-GA,287.0,84.0,0.7185420977732525
28,A*-GA,289.0,84.0,0.7164367161133306
28,A*-GA,291.0,84.0,0.7143445961231487
28,A*-GA,293.0,84.0,0.7122663657639828
28,A*-GA,295.0,84.0,0.7102026093840167
28,A*-GA,297.0,90.0,0.7081538697429567
28,A*-GA,299.0,92.0,0.7061206499520387
28,A*-GA,301.0,92.0,0.7041034153328289
28,A*-GA,303.0,92.0,0.7021025951980903
28,A*-GA,305.0,94.0,0.7001185845578533
28,A*-GA,307.0,96.0,0.698151745753708
28,A*-GA,309.0,96.0,0.696202410024213
28,A*-GA,311.0,96.0,0.6942708790042021
28,A*-GA,313.0,96.0,0.6923574261606604
28,A*-GA,315.0,96.0,0.6904622981677323
28,A*-GA,317.0,96.0,0.6885857162233276
28,A*-GA,319.0,96.0,0.6867278773096869
28,A*-GA,321.0,98.0,0.6848889554001797
28,A*-GA,323.0,98.0,0.683069102614516
28,A*-GA,325.0,98.0,0.6812684503244627
28,A*-GA,327.0,98.0,0.679487110212079
28,A*-GA,329.0,98.0,0.6777251752823982
28,A*-GA,331.0,98.0,0.6759827208324121
28,A*-GA,333.0,98.0,0.6742598053781361
28,A*-GA,335.0,98.0,0.6725564715414654
28,A*-GA,337.0,98.0,0.6708727468984619
28,A*-GA,339.0,98.0,0.6692086447906485
28,A*-GA,341.0,98.0,0.6675641651008224
28,A*-GA,343.0,98.0,0.6659392949948406
28,A*-GA,345.0,98.0,0.6643340096307719
28,A*-GA,347.0,98.0,0.6627482728367518
28,A*-GA,349.0,98.0,0.6611820370072119
28,A*-GA,351.0,98.0,0.6596352421940068
28,A*-GA,353.0,98.0,0.6581078188353315
28,A*-GA,355.0,98.0,0.6565996886422552
28,A*-GA,357.0,98.0,0.655110765130436
28,A*-GA,359.0,98.0,0.6536409541278467
28,A*-GA,361.0,98.0,0.6521901714951923
28,A*-GA,363.0,98.0,0.6507583594652154
28,A*-GA,365.0,100.0,0.6493454009726624
28,A*-GA,367.0,100.0,0.6479511731788884
28,A*-GA,369.0,100.0,0.6465755478696787
28,A*-GA,371.0,100.0,0.6452183918346315
28,A*-GA,373.0,100.0,0.6438795672288722
28,A*-GA,375.0,100.0,0.6425589319178399
28,A*-GA,377.0,100.0,0.6412563398058525
28,A*-GA,379.0,100.0,0.6399716411491342
28,A*-GA,381.0,100.0,0.6387046828539572
28,A*-GA,383.0,100.0,0.6374553087605253
28,A*-GA,385.0,100.0,0.6362233599131997
28,A*-GA,387.0,100.0,0.6350086748176473
28,A*-GA,389.0,100.0,0.6338110896854621
28,A*-GA,391.0,100.0,0.6326304386667938
28,A*-GA,393.0,100.0,0.6314665540714931
28,A*-GA,395.0,100.0,0.6303192665792617
28,A*-GA,397.0,100.0,0.6291884054392802
28,A*-GA,399.0,100.0,0.6280737986597597
28,A*-GA,401.0,100.0,0.6269752731878531
28,A*-GA,403.0,100.0,0.6258926550803402
28,A*-GA,405.0,100.0,0.6248257696654823
28,A*-GA,407.0,100.0,0.6237744416964295
28,A*-GA,409.0,100.0,0.6227384954965477
28,A*-GA,411.0,100.0,0.6217177550970148
28,A*-GA,413.0,100.0,0.6207120443670228
28,A*-GA,415.0,100.0,0.6197211871369105
28,A*-GA,417.0,100.0,0.6187450073145347
28,A*-GA,419.0,100.0,0.6177833289951792
28,A*-GA,421.0,100.0,0.6168359765652827
28,A*-GA,423.0,100.0,0.615902774800265
28,A*-GA,425.0,100.0,0.6149835489567066
28,A*-GA,427.0,100.0,0.6140781248591383
28,A*-GA,429.0,100.0,0.6131863289816781
28,A*-GA,431.0,100.0,0.6123079885247495
28,A*-GA,433.0,100.0,0.6114429314870998
28,A*-GA,435.0,100.0,0.6105909867333317
28,A*-GA,437.0,100.0,0.6097519840571526
28,A*-GA,439.0,100.0,0.6089257542405354
28,A*-GA,441.0,100.0,0.608112129108978
28,A*-GA,443.0,100.0,0.6073109415830411
28,A*-GA,445.0,100.0,0.6065220257263355
28,A*-GA,447.0,100.0,0.605745216790124
28,A*-GA,449.0,100.0,0.6049803512546945
28,A*-GA,451.0,100.0,0.6042272668676568
28,A*-GA,453.0,100.0,0.603485802679307
28,A*-GA,455.0,100.0,0.6027557990751978
28,A*-GA,457.0,100.0,0.6020370978060491
28,A*-GA,459.0,100.0,0.6013295420151237
28,A*-GA,461.0,100.0,0.6006329762631922
28,A*-GA,463.0,100.0,0.5999472465512032
29,EHCO,1.0,0.0,0.9586406416326282
29,EHCO,3.0,0.0,0.9591800827024497
29,EHCO,5.0,0.0,0.9595175081514992
29,EHCO,7.0,0.0,0.9596190791435077
29,EHCO,9.0,0.0,0.9594977220987254
29,EHCO,11.0,0.0,0.9591657956124406
29,EHCO,13.0,0.0,0.9586351137343171
29,EHCO,15.0,0.0,0.957916968317897
29,EHCO,17.0,0.0,0.9570221504770237
29,EHCO,19.0,0.0,0.9559609711844872
29,EHCO,21.0,0.0,0.9547432810468091
29,EHCO,23.0,0.0,0.9533784892877473
29,EHCO,25.0,0.0,0.9518755819718188
29,EHCO,27.0,0.0,0.9502431394979067
29,EHCO,29.0,0.0,0.9484893533918344
29,EHCO,31.0,0.0,0.9466220424256513
29,EHCO,33.0,0.0,0.944648668090285
29,EHCO,35.0,4.0,0.9425763494471603
29,EHCO,37.0,4.0,0.9404118773833832
29,EHCO,39.0,6.0,0.9381617282941137
29,EHCO,41.0,6.0,0.9358767460688313
29,EHCO,43.0,6.0,0.9336921157872606
29,EHCO,45.0,6.0,0.9316038658318135
29,EHCO,47.0,8.0,0.9295978228842897
29,EHCO,49.0,8.0,0.9276405361383172
29,EHCO,51.0,10.0,0.9257305821291587
29,EHCO,53.0,10.0,0.9238665851480252
29,EHCO,55.0,12.0,0.9220472155022745
29,EHCO,57.0,14.000000000000002,0.9202711878416525
29,EHCO,59.0,14.000000000000002,0.9185372595480236
29,EHCO,61.0,14.000000000000002,0.9168442291861345
29,EHCO,63.0,16.0,0.915190935013053
29,EHCO,65.0,16.0,0.913586092763804
29,EHCO,67.0,16.0,0.911925186464126
29,EHCO,69.0,18.0,0.9101692522478675
29,EHCO,71.0,18.0,0.90832466002285
29,EHCO,73.0,22.0,0.9063974861386209
29,EHCO,75.0,22.0,0.9043935256244535
29,EHCO,77.0,22.0,0.9023183039353228
29,EHCO,79.0,22.0,0.9001770882253564
29,EHCO,81.0,22.0,0.8979748981674928
29,EHCO,83.0,24.0,0.895716516337337
29,EHCO,85.0,24.0,0.8934064981785006
29,EHCO,87.0,26.0,0.8910491815660269
29,EHCO,89.0,26.0,0.8886486959838509
29,EHCO,91.0,26.0,0.8862089713316126
29,EHCO,93.0,28.000000000000004,0.8837337463755413
29,EHCO,95.0,28.000000000000004,0.8812265768575444
29,EHCO,97.0,30.0,0.8787321114009656
29,EHCO,99.0,32.0,0.8763731143151964
29,EHCO,101.0,32.0,0.874143939155278
29,EHCO,103.0,34.0,0.8720313119689006
29,EHCO,105.0,34.0,0.8700074228062102
29,EHCO,107.0,36.0,0.8680687219701431
29,EHCO,109.0,38.0,0.8662117997746565
29,EHCO,111.0,38.0,0.86443338104376
29,EHCO,113.0,38.0,0.8627303198264407
29,EHCO,115.0,38.0,0.8610995943190117
29,EHCO,117.0,38.0,0.8595383019867475
29,EHCO,119.0,38.0,0.8580436548769843
29,EHCO,121.0,38.0,0.8566129751161765
29,EHCO,123.0,42.0,0.8552250167082708
29,EHCO,125.0,42.0,0.8537636094316432
29,EHCO,127.0,42.0,0.8522337429998059
29,EHCO,129.0,42.0,0.8506401765332344
29,EHCO,131.0,46.0,0.8489874481814637
29,EHCO,133.0,46.0,0.8472798843581918
29,EHCO,135.0,46.0,0.8455216086047311
29,EHCO,137.0,46.0,0.8437165500965379
29,EHCO,139.0,50.0,0.8418684518069781
29,EHCO,141.0,52.0,0.8399808783419241
29,EHCO,143.0,52.0,0.8380572234582422
29,EHCO,145.0,54.0,0.8361007172787184
29,EHCO,147.0,54.0,0.8341144332154711
29,EHCO,149.0,54.0,0.8321012946134294
29,EHCO,151.0,54.0,0.8300640811249937
29,EHCO,153.0,56.00000000000001,0.8281220874327313
29,EHCO,155.0,56.00000000000001,0.826309951026198
29,EHCO,157.0,57.99999999999999,0.8246219845625637
29,EHCO,159.0,57.99999999999999,0.8230296194035638
29,EHCO,161.0,57.99999999999999,0.8215212041142681
29,EHCO,163.0,57.99999999999999,0.8200932042231124
29,EHCO,165.0,57.99999999999999,0.8187422265795643
29,EHCO,167.0,57.99999999999999,0.817465013780688
29,EHCO,169.0,60.0,0.8162584388166788
29,EHCO,171.0,60.0,0.815119499926774
29,EHCO,173.0,60.0,0.8140453156572828
29,EHCO,175.0,60.0,0.8130331201138045
29,EHCO,177.0,62.0,0.8120802584000113
29,EHCO,179.0,64.0,0.811184182235675
29,EHCO,181.0,64.0,0.8103424457469017
29,EHCO,183.0,64.0,0.809552701421816
29,EHCO,185.0,66.0,0.8088126962251994
29,EHCO,187.0,68.0,0.8081202678658468
29,EHCO,189.0,68.0,0.8074733412106432
29,EHCO,191.0,68.0,0.8068528590597489
29,EHCO,193.0,68.0,0.8061478198424118
29,EHCO,195.0,68.0,0.8053633350064175
29,EHCO,197.0,70.0,0.8045042858214959
29,EHCO,199.0,70.0,0.8035753328993451
29,EHCO,201.0,72.0,0.8025701361349649
29,EHCO,203.0,72.0,0.8014617806606398
29,EHCO,205.0,72.0,0.8002566645741683
29,EHCO,207.0,72.0,0.7989608961153477
29,EHCO,209.0,72.0,0.7975803056793737
29,EHCO,211.0,74.0,0.7961204573483411
29,EHCO,213.0,74.0,0.7945866599599251
29,EHCO,215.0,74.0,0.7929839777315693
29,EHCO,217.0,74.0,0.7913173266362317
29,EHCO,219.0,76.0,0.7895915635728099
29,EHCO,221.0,78.0,0.7878110652017914
29,EHCO,223.0,78.0,0.7859800024772335
29,EHCO,225.0,78.0,0.7841023492787339
29,EHCO,227.0,78.0,0.7821818906954814
29,EHCO,229.0,78.0,0.7802222309761859
29,EHCO,231.0,78.0,0.7782268011581476
29,EHCO,233.0,78.0,0.7761988663882003
29,EHCO,235.0,78.0,0.7741415329477652
29,EHCO,237.0,78.0,0.7720577549937624
29,EHCO,239.0,78.0,0.7699503410266724
29,EHCO,241.0,80.0,0.7678219600965872
29,EHCO,243.0,80.0,0.7656751477576687
29,EHCO,245.0,84.0,0.7635123117810165
29,EHCO,247.0,84.0,0.7613357376355572
29,EHCO,249.0,86.0,0.7591475937461829
29,EHCO,251.0,88.0,0.7569499365380088
29,EHCO,253.0,90.0,0.7547447152752622
29,EHCO,255.0,90.0,0.7525337767029858
29,EHCO,257.0,90.0,0.750318869499412
29,EHCO,259.0,90.0,0.748101648546554
29,EHCO,261.0,90.0,0.745883679026265
29,EHCO,263.0,90.0,0.7436664403487239
29,EHCO,265.0,90.0,0.7414513299200408
29,EHCO,267.0,90.0,0.7392396667554003
29,EHCO,269.0,90.0,0.7370326949439149
29,EHCO,271.0,90.0,0.7348315869711141
29,EHCO,273.0,90.0,0.7326374469047587
29,EHCO,275.0,90.0,0.7304513134494499
29,EHCO,277.0,90.0,0.7282741628752788
29,EHCO,279.0,92.0,0.7261069118255639
29,EHCO,281.0,92.0,0.7239504200085154
29,EHCO,283.0,92.0,0.7218054927774807
29,EHCO,285.0,92.0,0.7196728836042359
29,EHCO,287.0,92.0,0.7175532964496161
29,EHCO,289.0,92.0,0.7154473880356029
29,EHCO,291.0,94.0,0.7133557700228284
29,EHCO,293.0,96.0,0.7112790110972946
29,EHCO,295.0,96.0,0.7092176389699604
29,EHCO,297.0,96.0,0.707172142292698
29,EHCO,299.0,96.0,0.7051429724939899
29,EHCO,301.0,96.0,0.7031305455375954
29,EHCO,303.0,96.0,0.7011352436072927
29,EHCO,305.0,96.0,0.6991574167206794
29,EHCO,307.0,96.0,0.6971973842748926
29,EHCO,309.0,96.0,0.6952554365269995
29,EHCO,311.0,96.0,0.693331836011698
29,EHCO,313.0,96.0,0.6914268188988648
29,EHCO,315.0,96.0,0.6895405962933827
29,EHCO,317.0,96.0,0.6876733554795877
29,EHCO,319.0,98.0,0.6858252611125809
29,EHCO,321.0,98.0,0.6839964563585588
29,EHCO,323.0,98.0,0.6821870639862353
29,EHCO,325.0,98.0,0.6803971874113405
29,EHCO,327.0,98.0,0.6786269116961062
29,EHCO,329.0,98.0,0.6768763045055707
29,EHCO,331.0,98.0,0.6751454170224617
29,EHCO,333.0,98.0,0.6734342848223478
29,EHCO,335.0,98.0,0.6717429287106806
29,EHCO,337.0,98.0,0.6700713555232838
29,EHCO,339.0,98.0,0.6684195588917861
29,EHCO,341.0,98.0,0.6667875199754325
29,EHCO,343.0,98.0,0.6651752081606538
29,EHCO,345.0,98.0,0.6635825817297143
29,EHCO,347.0,98.0,0.6620095884997131
29,EHCO,349.0,100.0,0.6604561664331537
29,EHCO,351.0,100.0,0.6589222442212564
29,EHCO,353.0,100.0,0.6574077418411349
29,EHCO,355.0,100.0,0.6559125710879186
29,EHCO,357.0,100.0,0.6544366360828531
29,EHCO,359.0,100.0,0.6529798337583771
29,EHCO,361.0,100.0,0.6515420543211268
29,EHCO,363.0,100.0,0.6501231816937858
29,EHCO,365.0,100.0,0.6487230939366591
29,EHCO,367.0,100.0,0.6473416636498152
29,EHCO,369.0,100.0,0.645978758356607
29,EHCO,371.0,100.0,0.6446342408693487
29,EHCO,373.0,100.0,0.6433079696378948
29,EHCO,375.0,100.0,0.6419997990818376
29,EHCO,377.0,100.0,0.6407095799070104
29,EHCO,379.0,100.0,0.639437159406957
29,EHCO,381.0,100.0,0.6381823817499989
29,EHCO,383.0,100.0,0.6369450882525094
29,EHCO,385.0,100.0,0.6357251176389765
29,EHCO,387.0,100.0,0.6345223062894141
29,EHCO,389.0,100.0,0.6333364884746588
29,EHCO,391.0,100.0,0.6321674965800679
29,EHCO,393.0,100.0,0.6310151613181104
29,EHCO,395.0,100.0,0.6298793119303282
29,EHCO,397.0,100.0,0.6287597763791202
29,EHCO,399.0,100.0,0.6276563815297873
29,EHCO,401.0,100.0,0.6265689533232557
29,EHCO,403.0,100.0,0.6254973169398809
29,EHCO,405.0,100.0,0.6244412969547177
29,EHCO,407.0,100.0,0.6234007174846263
29,EHCO,409.0,100.0,0.6223754023275673
29,EHCO,411.0,100.0,0.6213651750944281
29,EHCO,413.0,100.0,0.6203698593337051
29,EHCO,415.0,100.0,0.6193892786493551
29,EHCO,417.0,100.0,0.6184232568121164
29,EHCO,419.0,100.0,0.6174716178645862
29,EHCO,421.0,100.0,0.6165341862203313
29,EHCO,423.0,100.0,0.6156107867572965
29,EHCO,425.0,100.0,0.6147012449057636
29,EHCO,427.0,100.0,0.6138053867311053
29,EHCO,429.0,100.0,0.6129230390115665
29,EHCO,431.0,100.0,0.6120540293112973
29,EHCO,433.0,100.0,0.6111981860488505
29,EHCO,435.0,100.0,0.6103553385613513
29,EHCO,437.0,100.0,0.6095253171645346
29,EHCO,439.0,100.0,0.6087079532088393
29,EHCO,441.0,100.0,0.6079030791317396
29,EHCO,443.0,100.0,0.6071105285064883
29,EHCO,445.0,100.0,0.6063301360874374
29,EHCO,447.0,100.0,0.6055617378520942
29,EHCO,449.0,100.0,0.6048051710400687
29,EHCO,451.0,100.0,0.6040602741890532
29,EHCO,453.0,100.0,0.6033268871679806
29,EHCO,455.0,100.0,0.6026048512074895
29,EHCO,457.0,100.0,0.6018940089278294
29,EHCO,459.0,100.0,0.6011942043643257
29,EHCO,461.0,100.0,0.6005052829905244
29,EHCO,463.0,100.0,0.5998270917391286
29,A*-GA,1.0,0.0,0.9586406416326282
29,A*-GA,3.0,0.0,0.9591685742255207
29,A*-GA,5.0,0.0,0.9595865518115696
29,A*-GA,7.0,0.0,0.959900357340248
29,A*-GA,9.0,0.0,0.960115522609471
29,A*-GA,11.0,0.0,0.9602373385196572
29,A*-GA,13.0,0.0,0.960270864918892
29,A*-GA,15.0,0.0,0.9602209400553415
29,A*-GA,17.0,0.0,0.9600921896524313
29,A*-GA,19.0,0.0,0.9598890356216971
29,A*-GA,21.0,0.0,0.9596157044276252
29,A*-GA,23.0,0.0,0.9592762351182363
29,A*-GA,25.0,0.0,0.9588744870346286
29,A*-GA,27.0,0.0,0.9584141472121714
29,A*-GA,29.0,0.0,0.957886905507142
29,A*-GA,31.0,0.0,0.9571724506934375
29,A*-GA,33.0,0.0,0.9562815576907148
29,A*-GA,35.0,0.0,0.9552245220181572
29,A*-GA,37.0,2.0,0.9540111795384663
29,A*-GA,39.0,2.0,0.9526509254118096
29,A*-GA,41.0,4.0,0.9511527322909761
29,A*-GA,43.0,4.0,0.9495251677877545
29,A*-GA,45.0,4.0,0.9477764112393761
29,A*-GA,47.0,4.0,0.9459142698027194
29,A*-GA,49.0,4.0,0.9439461939028931
29,A*-GA,51.0,6.0,0.9418792920617557
29,A*-GA,53.0,6.0,0.939720345130931
29,A*-GA,55.0,6.0,0.9374758199529086
29,A*-GA,57.0,6.0,0.9351518824728898
29,A*-GA,59.0,6.0,0.9327544103231441
29,A*-GA,61.0,6.0,0.9302890049007901
29,A*-GA,63.0,8.0,0.9278920869459422
29,A*-GA,65.0,10.0,0.9256046055561635
29,A*-GA,67.0,12.0,0.9234220973280004
29,A*-GA,69.0,14.000000000000002,0.9213114365173815
29,A*-GA,71.0,14.000000000000002,0.9192606083250826
29,A*-GA,73.0,16.0,0.917267639519218
29,A*-GA,75.0,20.0,0.9153306280958767
29,A*-GA,77.0,20.0,0.9134477405870353
29,A*-GA,79.0,20.0,0.911617209472391
29,A*-GA,81.0,20.0,0.9098373306910691
29,A*-GA,83.0,20.0,0.9081064612493106
29,A*-GA,85.0,20.0,0.9064230169204043
29,A*-GA,87.0,22.0,0.9047854700332696
29,A*-GA,89.0,24.0,0.9031923473462392
29,A*-GA,91.0,24.0,0.9016422280027256
29,A*-GA,93.0,24.0,0.9001174837861248
29,A*-GA,95.0,24.0,0.8984977906843862
29,A*-GA,97.0,24.0,0.8967894259096253
29,A*-GA,99.0,24.0,0.8949983782329965
29,A*-GA,101.0,28.000000000000004,0.8931303599974654
29,A*-GA,103.0,28.000000000000004,0.8911908186477971
29,A*-GA,105.0,28.000000000000004,0.8891849477968911
29,A*-GA,107.0,28.000000000000004,0.8871176978468378
29,A*-GA,109.0,28.000000000000004,0.8849937861823509
29,A*-GA,111.0,30.0,0.8828177069535315
29,A*-GA,113.0,30.0,0.8805937404642524
29,A*-GA,115.0,30.0,0.8783259621818102
29,A*-GA,117.0,30.0,0.876018251382873
29,A*-GA,119.0,30.0,0.8736742994501653
29,A*-GA,121.0,30.0,0.8712976178337531
29,A*-GA,123.0,30.0,0.8688915456902558
29,A*-GA,125.0,30.0,0.8664592572127772
29,A*-GA,127.0,30.0,0.8640037686638496
29,A*-GA,129.0,32.0,0.8615279451231967
29,A*-GA,131.0,32.0,0.8590345069616563
29,A*-GA,133.0,32.0,0.8566455513354728
29,A*-GA,135.0,34.0,0.854396396333581
29,A*-GA,137.0,36.0,0.852281048414387
29,A*-GA,139.0,36.0,0.8502706438261742
29,A*-GA,141.0,36.0,0.8483532466812393
29,A*-GA,143.0,38.0,0.8465250483078351
29,A*-GA,145.0,38.0,0.8447823912156452
29,A*-GA,147.0,38.0,0.8431217631454324
29,A*-GA,149.0,42.0,0.8415397913523338
29,A*-GA,151.0,42.0,0.8400332371136344
29,A*-GA,153.0,42.0,0.8385989904522108
29,A*-GA,155.0,44.0,0.8372340650671819
29,A*-GA,157.0,44.0,0.8359355934636357
29,A*-GA,159.0,46.0,0.8347008222736195
29,A*-GA,161.0,46.0,0.8335271077608897
29,A*-GA,163.0,46.0,0.8324119115022078
29,A*-GA,165.0,46.0,0.8313527962382569
29,A*-GA,167.0,46.0,0.8303474218875199
29,A*-GA,169.0,50.0,0.8293935417167273
29,A*-GA,171.0,50.0,0.8284966816307295
29,A*-GA,173.0,50.0,0.8275560429276562
29,A*-GA,175.0,50.0,0.8265351034489885
29,A*-GA,177.0,50.0,0.825438944911972
29,A*-GA,179.0,50.0,0.8242724177536944
29,A*-GA,181.0,52.0,0.8230401507318392
29,A*-GA,183.0,52.0,0.8217465601400811
29,A*-GA,185.0,52.0,0.8203958586533865
29,A*-GA,187.0,54.0,0.8189920638178791
29,A*-GA,189.0,54.0,0.8175390061993523
29,A*-GA,191.0,54.0,0.8160403372039586
29,A*-GA,193.0,54.0,0.8144995365840709
29,A*-GA,195.0,54.0,0.8129199196417984
29,A*-GA,197.0,54.0,0.8113046441421475
29,A*-GA,199.0,54.0,0.8096567169473498
29,A*-GA,201.0,56.00000000000001,0.8079682111862971
29,A*-GA,203.0,57.99999999999999,0.8062106895459559
29,A*-GA,205.0,60.0,0.8043890894420516
29,A*-GA,207.0,60.0,0.8025081177389094
29,A*-GA,209.0,62.0,0.8005722604031398
29,A*-GA,211.0,62.0,0.7985857917685428
29,A*-GA,213.0,62.0,0.7965528696060881
29,A*-GA,215.0,64.0,0.7944776230399934
29,A*-GA,217.0,66.0,0.7923637301784263
29,A*-GA,219.0,66.0,0.7902144346599689
29,A*-GA,221.0,66.0,0.7880329924338952
29,A*-GA,223.0,66.0,0.7858225839336135
29,A*-GA,225.0,66.0,0.7835862331011499
29,A*-GA,227.0,66.0,0.7813268140506192
29,A*-GA,229.0,68.0,0.7790470574616205
29,A*-GA,231.0,68.0,0.7767495567132988
29,A*-GA,233.0,68.0,0.7744367737693869
29,A*-GA,235.0,68.0,0.7721110448241321
29,A*-GA,237.0,68.0,0.769774585718629
29,A*-GA,239.0,72.0,0.767429497840658
29,A*-GA,241.0,78.0,0.7650777777109401
29,A*-GA,243.0,78.0,0.7627213179709399
29,A*-GA,245.0,78.0,0.7603619100320117
29,A*-GA,247.0,78.0,0.7580012484926121
29,A*-GA,249.0,78.0,0.7556409353748537
29,A*-GA,251.0,78.0,0.7532824841876121
29,A*-GA,253.0,78.0,0.7509273238231067
29,A*-GA,255.0,80.0,0.748576802293608
29,A*-GA,257.0,80.0,0.7462321903146595
29,A*-GA,259.0,80.0,0.7438946847409474
29,A*-GA,261.0,80.0,0.7415654118607135
29,A*-GA,263.0,80.0,0.7392454305543673
29,A*-GA,265.0,80.0,0.7369357353227378
29,A*-GA,267.0,80.0,0.7346372591901804
29,A*-GA,269.0,80.0,0.7323508764875576
29,A*-GA,271.0,80.0,0.730077405519907
29,A*-GA,273.0,80.0,0.7278176111234218
29,A*-GA,275.0,80.0,0.7255722071161862
29,A*-GA,277.0,82.0,0.7233418586469316
29,A*-GA,279.0,82.0,0.7211271844459113
29,A*-GA,281.0,82.0,0.7189289095499468
29,A*-GA,283.0,82.0,0.7167476052009527
29,A*-GA,285.0,84.0,0.7145837505359446
29,A*-GA,287.0,84.0,0.7124377869721601
29,A*-GA,289.0,88.0,0.7103101199995726
29,A*-GA,291.0,88.0,0.7082011208979158
29,A*-GA,293.0,88.0,0.7061111283812654
29,A*-GA,295.0,90.0,0.7040404501731045
29,A*-GA,297.0,92.0,0.7019893645146803
29,A*-GA,299.0,92.0,0.6999581216093541
29,A*-GA,301.0,96.0,0.6979469450055318
29,A*-GA,303.0,98.0,0.6959560329206652
29,A*-GA,305.0,100.0,0.693985559508713
29,A*-GA,307.0,100.0,0.692035676073354
29,A*-GA,309.0,100.0,0.6901065122291576
29,A*-GA,311.0,100.0,0.6881981770128254
29,A*-GA,313.0,100.0,0.686310759946535
29,A*-GA,315.0,100.0,0.6844443320553373
29,A*-GA,317.0,100.0,0.6825989468404778
29,A*-GA,319.0,100.0,0.6807746412104418
29,A*-GA,321.0,100.0,0.6789714363714477
29,A*-GA,323.0,100.0,0.677189338679048
29,A*-GA,325.0,100.0,0.6754283404524265
29,A*-GA,327.0,100.0,0.6736884207529232
29,A*-GA,329.0,100.0,0.6719695461282486
29,A*-GA,331.0,100.0,0.6702716713238003
29,A*-GA,333.0,100.0,0.6685947399624314
29,A*-GA,335.0,100.0,0.666938685193968
29,A*-GA,337.0,100.0,0.6653034303157241
29,A*-GA,339.0,100.0,0.6636888893652071
29,A*-GA,341.0,100.0,0.6620949676861639
29,A*-GA,343.0,100.0,0.6605215624690709
29,A*-GA,345.0,100.0,0.6589685632671213
29,A*-GA,347.0,100.0,0.6574358524887313
29,A*-GA,349.0,100.0,0.6559233058675353
29,A*-GA,351.0,100.0,0.654430792910809
29,A*-GA,353.0,100.0,0.6529581773272156
29,A*-GA,355.0,100.0,0.6515053174347408
29,A*-GA,357.0,100.0,0.65007206654964
29,A*-GA,359.0,100.0,0.6486582733571952
29,A*-GA,361.0,100.0,0.6472637822650414
29,A*-GA,363.0,100.0,0.645888433739796
29,A*-GA,365.0,100.0,0.64453206462769
29,A*-GA,367.0,100.0,0.6431945084598789
29,A*-GA,369.0,100.0,0.6418755957430768
29,A*-GA,371.0,100.0,0.6405751542361334
29,A*-GA,373.0,100.0,0.6392930092131529
29,A*-GA,375.0,100.0,0.6380289837137216
29,A*-GA,377.0,100.0,0.6367828987807955
29,A*-GA,379.0,100.0,0.635554573686772
29,A*-GA,381.0,100.0,0.6343438261482516
29,A*-GA,383.0,100.0,0.6331504725299716
29,A*-GA,385.0,100.0,0.631974328038379
29,A*-GA,387.0,100.0,0.630815206905286
29,A*-GA,389.0,100.0,0.6296729225620359
29,A*-GA,391.0,100.0,0.6285472878045902
29,A*-GA,393.0,100.0,0.6274381149499301
29,A*-GA,395.0,100.0,0.6263452159841482
29,A*-GA,397.0,100.0,0.6252684027025945
29,A*-GA,399.0,100.0,0.6242074868424224
29,A*-GA,401.0,100.0,0.6231622802078676
29,A*-GA,403.0,100.0,0.622132594788579
29,A*-GA,405.0,100.0,0.6211182428713092
29,A*-GA,407.0,100.0,0.6201190371452564
29,A*-GA,409.0,100.0,0.6191347908013399
29,A*-GA,411.0,100.0,0.6181653176256799
29,A*-GA,413.0,100.0,0.6172104320875386
29,A*-GA,415.0,100.0,0.6162699494219728
29,A*-GA,417.0,100.0,0.6153436857074349
29,A*-GA,419.0,100.0,0.6144314579385503
29,A*-GA,421.0,100.0,0.6135330840942893
29,A*-GA,423.0,100.0,0.6126483832017454
29,A*-GA,425.0,100.0,0.6117771753957174
29,A*-GA,427.0,100.0,0.6109192819742907
29,A*-GA,429.0,100.0,0.6100745254506013
29,A*-GA,431.0,100.0,0.6092427296009588
29,A*-GA,433.0,100.0,0.6084237195094983
29,A*-GA,435.0,100.0,0.6076173216095236
29,A*-GA,437.0,100.0,0.606823363721698
29,A*-GA,439.0,100.0,0.6060416750892288
29,A*-GA,441.0,100.0,0.6052720864101925
29,A*-GA,443.0,100.0,0.6045144298671344
29,A*-GA,445.0,100.0,0.6037685391540745
29,A*-GA,447.0,100.0,0.6030342495010438
29,A*-GA,449.0,100.0,0.6023113976962752
29,A*-GA,451.0,100.0,0.6015998221061579
29,A*-GA,453.0,100.0,0.6008993626930719
29,A*-GA,455.0,100.0,0.6002098610312022
30,EHCO,1.0,0.0,0.8204098259206318
30,EHCO,3.0,0.0,0.8263720327606516
30,EHCO,5.0,0.0,0.8319194900215054
30,EHCO,7.0,0.0,0.8370267043752817
30,EHCO,9.0,0.0,0.8417146203580532
30,EHCO,11.0,0.0,0.8460033001319376
30,EHCO,13.0,0.0,0.8499119591041238
30,EHCO,15.0,0.0,0.853459000131984
30,EHCO,17.0,2.0,0.8566620463700093
30,EHCO,19.0,2.0,0.859537972812123
30,EHCO,21.0,2.0,0.8621029365808137
30,EHCO,23.0,2.0,0.8643724060125146
30,EHCO,25.0,4.0,0.8663611885867044
30,EHCO,27.0,4.0,0.8680834577443453
30,EHCO,29.0,6.0,0.8695527786394779
30,EHCO,31.0,6.0,0.8708280128998985
30,EHCO,33.0,8.0,0.8720543526004242
30,EHCO,35.0,8.0,0.8732337868871926
30,EHCO,37.0,10.0,0.874356696723942
30,EHCO,39.0,12.0,0.8753917735928474
30,EHCO,41.0,14.000000000000002,0.8763431811652928
30,EHCO,43.0,16.0,0.8772149079051729
30,EHCO,45.0,18.0,0.8780107741383989
30,EHCO,47.0,18.0,0.8787344388418276
30,EHCO,49.0,18.0,0.8793894061626724
30,EHCO,51.0,18.0,0.8799790316790247
30,EHCO,53.0,20.0,0.8805065284116923
30,EHCO,55.0,20.0,0.8809858201127856
30,EHCO,57.0,20.0,0.8813163380120711
30,EHCO,59.0,20.0,0.8814619560900665
30,EHCO,61.0,20.0,0.8814327641002833
30,EHCO,63.0,20.0,0.8812384090995209
30,EHCO,65.0,22.0,0.8808881135895877
30,EHCO,67.0,22.0,0.8803906929345191
30,EHCO,69.0,22.0,0.8797545720819266
30,EHCO,71.0,24.0,0.878987801615986
30,EHCO,73.0,24.0,0.8780980731684866
30,EHCO,75.0,26.0,0.8770927342133291
30,EHCO,77.0,26.0,0.8759788022688548
30,EHCO,79.0,26.0,0.8747629785314321
30,EHCO,81.0,28.000000000000004,0.8734516609628055
30,EHCO,83.0,28.000000000000004,0.8720509568528203
30,EHCO,85.0,30.0,0.8705666948782935
30,EHCO,87.0,30.0,0.8690044366779757
30,EHCO,89.0,30.0,0.8673694879627691
30,EHCO,91.0,30.0,0.8656669091796083
30,EHCO,93.0,30.0,0.8639015257466873
30,EHCO,95.0,30.0,0.8622010908479784
30,EHCO,97.0,32.0,0.8606038000921409
30,EHCO,99.0,34.0,0.8591052045477071
30,EHCO,101.0,34.0,0.8576779233006442
30,EHCO,103.0,34.0,0.8563114439648236
30,EHCO,105.0,36.0,0.8550033243745759
30,EHCO,107.0,36.0,0.8537512187988145
30,EHCO,109.0,38.0,0.8525528741509782
30,EHCO,111.0,42.0,0.8514061263477323
30,EHCO,113.0,44.0,0.8503088968105948
30,EHCO,115.0,44.0,0.8492591891048776
30,EHCO,117.0,44.0,0.8482363061255813
30,EHCO,119.0,46.0,0.8471244034814508
30,EHCO,121.0,48.0,0.8459291023686075
30,EHCO,123.0,48.0,0.8446557682759983
30,EHCO,125.0,50.0,0.8433095215983535
30,EHCO,127.0,50.0,0.8418952478231889
30,EHCO,129.0,50.0,0.840417607308719
30,EHCO,131.0,50.0,0.8388810446688858
30,EHCO,133.0,52.0,0.8372897977810717
30,EHCO,135.0,52.0,0.8356479064314468
30,EHCO,137.0,52.0,0.8339592206123181
30,EHCO,139.0,52.0,0.8322274084852752
30,EHCO,141.0,54.0,0.8305741649711356
30,EHCO,143.0,54.0,0.8290353454384184
30,EHCO,145.0,56.00000000000001,0.8276059133559085
30,EHCO,147.0,56.00000000000001,0.8262579248644722
30,EHCO,149.0,56.00000000000001,0.8249803283026165
30,EHCO,151.0,57.99999999999999,0.8237701649529637
30,EHCO,153.0,57.99999999999999,0.8226245943476073
30,EHCO,155.0,60.0,0.8215408896051244
30,EHCO,157.0,60.0,0.820516432950786
30,EHCO,159.0,60.0,0.8195487114127683
30,EHCO,161.0,62.0,0.8186353126874631
30,EHCO,163.0,62.0,0.8177739211672486
30,EHCO,165.0,62.0,0.8169623141243426
30,EHCO,167.0,64.0,0.8161983580446169
30,EHCO,169.0,64.0,0.8154800051054814
30,EHCO,171.0,64.0,0.8148052897921884
30,EHCO,173.0,64.0,0.8141723256471212
30,EHCO,175.0,64.0,0.8135793021468483
30,EHCO,177.0,64.0,0.8130244817019282
30,EHCO,179.0,68.0,0.8125061967746472
30,EHCO,181.0,68.0,0.8120228471100593
30,EHCO,183.0,70.0,0.811580580044887
30,EHCO,185.0,70.0,0.8110801241888704
30,EHCO,187.0,70.0,0.8104857725431219
30,EHCO,189.0,70.0,0.809803079440677
30,EHCO,191.0,70.0,0.8090373503973053
30,EHCO,193.0,70.0,0.8081936523836549
30,EHCO,195.0,70.0,0.807276823685974
30,EHCO,197.0,70.0,0.806291483371691
30,EHCO,199.0,70.0,0.8052420403754915
30,EHCO,201.0,70.0,0.8041219130237928
30,EHCO,203.0,70.0,0.802903954588289
30,EHCO,205.0,70.0,0.8015943406295148
30,EHCO,207.0,70.0,0.8001989658038168
30,EHCO,209.0,70.0,0.7987234555218001
30,EHCO,211.0,70.0,0.7971734339668827
30,EHCO,213.0,72.0,0.7955540955762366
30,EHCO,215.0,76.0,0.7938702242144227
30,EHCO,217.0,78.0,0.7921262115848078
30,EHCO,219.0,80.0,0.7903264972645561
30,EHCO,221.0,80.0,0.7884753122836815
30,EHCO,223.0,80.0,0.786576687874618
30,EHCO,225.0,80.0,0.7846344638691508
30,EHCO,227.0,82.0,0.7826522967567021
30,EHCO,229.0,84.0,0.7806336674174048
30,EHCO,231.0,84.0,0.778581888542875
30,EHCO,233.0,84.0,0.7765001117570816
30,EHCO,235.0,84.0,0.7743913344492227
30,EHCO,237.0,84.0,0.7722584063300515
30,EHCO,239.0,84.0,0.7701040357226387
30,EHCO,241.0,86.0,0.76793079559813
30,EHCO,243.0,88.0,0.7657411293666361
30,EHCO,245.0,88.0,0.763537357555496
30,EHCO,247.0,88.0,0.7613216877957387
30,EHCO,249.0,88.0,0.7590962147043746
30,EHCO,251.0,88.0,0.7568629238208215
30,EHCO,253.0,90.0,0.7546236963307166
30,EHCO,255.0,90.0,0.752380313597062
30,EHCO,257.0,90.0,0.750134461506388
30,EHCO,259.0,90.0,0.7478877346373047
30,EHCO,261.0,90.0,0.7456416402585331
30,EHCO,263.0,90.0,0.7433976706394954
30,EHCO,265.0,90.0,0.7411573664109147
30,EHCO,267.0,92.0,0.7389219782121653
30,EHCO,269.0,92.0,0.7366926845723711
30,EHCO,271.0,92.0,0.7344705951202238
30,EHCO,273.0,94.0,0.7322567536615852
30,EHCO,275.0,96.0,0.730052141130162
30,EHCO,277.0,96.0,0.7278576784163379
30,EHCO,279.0,96.0,0.7256742290790396
30,EHCO,281.0,96.0,0.7235026019453288
30,EHCO,283.0,96.0,0.7213435536022176
30,EHCO,285.0,98.0,0.7191977907850342
30,EHCO,287.0,98.0,0.7170659726664907
30,EHCO,289.0,98.0,0.7149487130504393
30,EHCO,291.0,98.0,0.7128465824741499
30,EHCO,293.0,98.0,0.7107601102227853
30,EHCO,295.0,98.0,0.7086897862596069
30,EHCO,297.0,98.0,0.7066360630753042
30,EHCO,299.0,98.0,0.7045993574597053
30,EHCO,301.0,98.0,0.7025800521989968
30,EHCO,303.0,100.0,0.70057849770146
30,EHCO,305.0,100.0,0.6985950135546051
30,EHCO,307.0,100.0,0.6966298900164779
30,EHCO,309.0,100.0,0.6946833894437979
30,EHCO,311.0,100.0,0.6927557476594827
30,EHCO,313.0,100.0,0.6908471752620136
30,EHCO,315.0,100.0,0.6889578588789983
30,EHCO,317.0,100.0,0.6870879623671922
30,EHCO,319.0,100.0,0.6852376279611518
30,EHCO,321.0,100.0,0.6834069773726061
30,EHCO,323.0,100.0,0.6815961128425484
30,EHCO,325.0,100.0,0.679805118147973
30,EHCO,327.0,100.0,0.678034059565103
30,EHCO,329.0,100.0,0.6762829867908822
30,EHCO,331.0,100.0,0.6745519338244336
30,EHCO,333.0,100.0,0.6728409198101201
30,EHCO,335.0,100.0,0.6711499498437752
30,EHCO,337.0,100.0,0.6694790157436129
30,EHCO,339.0,100.0,0.6678280967872607
30,EHCO,341.0,100.0,0.6661971604163078
30,EHCO,343.0,100.0,0.6645861629096987
30,EHCO,345.0,100.0,0.6629950500272557
30,EHCO,347.0,100.0,0.6614237576245563
30,EHCO,349.0,100.0,0.6598722122403475
30,EHCO,351.0,100.0,0.6583403316576291
30,EHCO,353.0,100.0,0.6568280254394919
30,EHCO,355.0,100.0,0.6553351954407578
30,EHCO,357.0,100.0,0.6538617362964191
30,EHCO,359.0,100.0,0.6524075358878431
30,EHCO,361.0,100.0,0.6509724757876632
30,EHCO,363.0,100.0,0.649556431684242
30,EHCO,365.0,100.0,0.6481592737865588
30,EHCO,367.0,100.0,0.6467808672103343
30,EHCO,369.0,100.0,0.6454210723461824
30,EHCO,371.0,100.0,0.6440797452105327
30,EHCO,373.0,100.0,0.6427567377800539
30,EHCO,375.0,100.0,0.6414518983102634
30,EHCO,377.0,100.0,0.640165071638993
30,EHCO,379.0,100.0,0.6388960994753468
30,EHCO,381.0,100.0,0.6376448206747611
30,EHCO,383.0,100.0,0.6364110715007597
30,EHCO,385.0,100.0,0.6351946858739613
30,EHCO,387.0,100.0,0.6339954956088854
30,EHCO,389.0,100.0,0.6328133306390717
30,EHCO,391.0,100.0,0.6316480192310151
30,EHCO,393.0,100.0,0.6304993881873893
30,EHCO,395.0,100.0,0.6293672630400209
30,EHCO,397.0,100.0,0.6282514682330539
30,EHCO,399.0,100.0,0.6271518272967233
30,EHCO,401.0,100.0,0.6260681630121457
30,EHCO,403.0,100.0,0.6250002975675145
30,EHCO,405.0,100.0,0.6239480527060701
30,EHCO,407.0,100.0,0.6229112498662056
30,EHCO,409.0,100.0,0.621889710314048
30,EHCO,411.0,100.0,0.6208832552688455
30,EHCO,413.0,100.0,0.6198917060214733
30,EHCO,415.0,100.0,0.6189148840463641
30,EHCO,417.0,100.0,0.6179526111071503
30,EHCO,419.0,100.0,0.6170047093562961
30,EHCO,421.0,100.0,0.6160710014289882
30,EHCO,423.0,100.0,0.6151513105315377
30,EHCO,425.0,100.0,0.6142454605245407
30,EHCO,427.0,100.0,0.6133532760010315
30,EHCO,429.0,100.0,0.6124745823598541
30,EHCO,431.0,100.0,0.6116092058744671
30,EHCO,433.0,100.0,0.6107569737573904
30,EHCO,435.0,100.0,0.6099177142204906
30,EHCO,437.0,100.0,0.6090912565312966
30,EHCO,439.0,100.0,0.6082774310655273
30,EHCO,441.0,100.0,0.6074760693560051
30,EHCO,443.0,100.0,0.6066870041381243
30,EHCO,445.0,100.0,0.605910069392034
30,EHCO,447.0,100.0,0.6051451003816884
30,EHCO,449.0,100.0,0.6043919336909139
30,EHCO,451.0,100.0,0.6036504072566309
30,EHCO,453.0,100.0,0.6029203603993692
30,EHCO,455.0,100.0,0.6022016338512038
30,EHCO,457.0,100.0,0.6014940697812353
30,EHCO,459.0,100.0,0.6007975118187354
30,EHCO,461.0,100.0,0.6001118050740696
30,A*-GA,1.0,0.0,0.8204098259206318
30,A*-GA,3.0,0.0,0.8263605242837226
30,A*-GA,5.0,0.0,0.8319885336815761
30,A*-GA,7.0,0.0,0.8373079825720223
30,A*-GA,9.0,0.0,0.8423324208687991
30,A*-GA,11.0,0.0,0.8470748430391543
30,A*-GA,13.0,0.0,0.8515477102886989
30,A*-GA,15.0,0.0,0.8557629718694286
30,A*-GA,17.0,0.0,0.859732085545417
30,A*-GA,19.0,0.0,0.863466037249333
30,A*-GA,21.0,0.0,0.8669753599616301
30,A*-GA,23.0,0.0,0.870270151843004
30,A*-GA,25.0,0.0,0.8733600936495145
30,A*-GA,27.0,0.0,0.8762544654586102
30,A*-GA,29.0,0.0,0.878962162733189
30,A*-GA,31.0,0.0,0.881491711749757
30,A*-GA,33.0,0.0,0.8838627928926576
30,A*-GA,35.0,4.0,0.8859796688398506
30,A*-GA,37.0,4.0,0.8878102231026193
30,A*-GA,39.0,4.0,0.8893690422538477
30,A*-GA,41.0,4.0,0.8906700851976359
30,A*-GA,43.0,4.0,0.8917267087089661
30,A*-GA,45.0,4.0,0.8925516919563077
30,A*-GA,47.0,4.0,0.8931572600473103
30,A*-GA,49.0,4.0,0.8935551066361549
30,A*-GA,51.0,4.0,0.8937564156296143
30,A*-GA,53.0,4.0,0.8937718820274233
30,A*-GA,55.0,4.0,0.8936117319311476
30,A*-GA,57.0,8.0,0.8932857417544061
30,A*-GA,59.0,8.0,0.8928032566660018
30,A*-GA,61.0,10.0,0.8921732082962767
30,A*-GA,63.0,10.0,0.8914041317358142
30,A*-GA,65.0,12.0,0.8905041818544656
30,A*-GA,67.0,12.0,0.8894811489675746
30,A*-GA,69.0,12.0,0.8884726768936351
30,A*-GA,71.0,18.0,0.8875215089857525
30,A*-GA,73.0,20.0,0.8866252011711644
30,A*-GA,75.0,20.0,0.8857534201906511
30,A*-GA,77.0,20.0,0.8848962365541233
30,A*-GA,79.0,20.0,0.8840533959695109
30,A*-GA,81.0,20.0,0.8832246488585628
30,A*-GA,83.0,20.0,0.882409750258897
30,A*-GA,85.0,20.0,0.8816084597284579
30,A*-GA,87.0,22.0,0.8808205412523062
30,A*-GA,89.0,22.0,0.8800457631516758
30,A*-GA,91.0,24.0,0.8792838979952304
30,A*-GA,93.0,24.0,0.8785347225124579
30,A*-GA,95.0,24.0,0.8777980175091378
30,A*-GA,97.0,24.0,0.8770826078970619
30,A*-GA,99.0,24.0,0.8762849199095797
30,A*-GA,101.0,24.0,0.8753676514055629
30,A*-GA,103.0,26.0,0.8743379815843575
30,A*-GA,105.0,26.0,0.8732027668824719
30,A*-GA,107.0,30.0,0.8719685543152216
30,A*-GA,109.0,30.0,0.8706415942837481
30,A*-GA,111.0,30.0,0.869227852868572
30,A*-GA,113.0,30.0,0.8677330236300068
30,A*-GA,115.0,30.0,0.866162538934957
30,A*-GA,117.0,30.0,0.8645215808288588
30,A*-GA,119.0,30.0,0.8628150914707801
30,A*-GA,121.0,34.0,0.8610477831489873
30,A*-GA,123.0,34.0,0.859265310993643
30,A*-GA,125.0,34.0,0.8575912065676363
30,A*-GA,127.0,34.0,0.8560208773994881
30,A*-GA,129.0,38.0,0.854542062264634
30,A*-GA,131.0,38.0,0.8531279243121739
30,A*-GA,133.0,38.0,0.851775848868725
30,A*-GA,135.0,40.0,0.8504833246892437
30,A*-GA,137.0,40.0,0.8492479398901017
30,A*-GA,139.0,40.0,0.8480673780418144
30,A*-GA,141.0,42.0,0.8469394144151515
30,A*-GA,143.0,42.0,0.8458619123746152
30,A*-GA,145.0,42.0,0.8448328199135023
30,A*-GA,147.0,44.0,0.8438501663249948
30,A*-GA,149.0,46.0,0.8429120590039417
30,A*-GA,151.0,46.0,0.8420166803742047
30,A*-GA,153.0,46.0,0.8411622849366385
30,A*-GA,155.0,46.0,0.8403471964329748
30,A*-GA,157.0,48.0,0.8395698051210617
30,A*-GA,159.0,50.0,0.8388285651570863
30,A*-GA,161.0,52.0,0.8381219920805868
30,A*-GA,163.0,52.0,0.8374486603982167
30,A*-GA,165.0,52.0,0.8368072012623888
30,A*-GA,167.0,52.0,0.83617764185018
30,A*-GA,169.0,54.0,0.8354450646869331
30,A*-GA,171.0,54.0,0.8346156164432778
30,A*-GA,173.0,54.0,0.833695167859603
30,A*-GA,175.0,56.00000000000001,0.8326893251458967
30,A*-GA,177.0,56.00000000000001,0.8316034409248667
30,A*-GA,179.0,56.00000000000001,0.8304426247364142
30,A*-GA,181.0,56.00000000000001,0.829211753120825
30,A*-GA,183.0,56.00000000000001,0.8279154792973565
30,A*-GA,185.0,56.00000000000001,0.8265982533206139
30,A*-GA,187.0,56.00000000000001,0.8253802572836053
30,A*-GA,189.0,56.00000000000001,0.8242571564853547
30,A*-GA,191.0,57.99999999999999,0.823216938472248
30,A*-GA,193.0,60.0,0.8222330065055372
30,A*-GA,195.0,60.0,0.8213029776927185
30,A*-GA,197.0,60.0,0.8204245645531612
30,A*-GA,199.0,60.0,0.8195955712537776
30,A*-GA,201.0,60.0,0.818770467354236
30,A*-GA,203.0,64.0,0.8178217753614669
30,A*-GA,205.0,64.0,0.8167569157074113
30,A*-GA,207.0,64.0,0.8155829752090029
30,A*-GA,209.0,64.0,0.8143067208584942
30,A*-GA,211.0,64.0,0.8129346130611746
30,A*-GA,213.0,64.0,0.8114728183423546
30,A*-GA,215.0,64.0,0.809927221544624
30,A*-GA,217.0,68.0,0.8083034375355664
30,A*-GA,219.0,70.0,0.8066068224453171
30,A*-GA,221.0,70.0,0.8048424844525884
30,A*-GA,223.0,72.0,0.803015550965074
30,A*-GA,225.0,74.0,0.8011307392951683
30,A*-GA,227.0,76.0,0.7991923750600117
30,A*-GA,229.0,76.0,0.7972044098497109
30,A*-GA,231.0,76.0,0.7951708605483323
30,A*-GA,233.0,78.0,0.7930955522270106
30,A*-GA,235.0,78.0,0.7909821262345239
30,A*-GA,237.0,78.0,0.7888340479611281
30,A*-GA,239.0,78.0,0.7866546142886186
30,A*-GA,241.0,78.0,0.7844469607390829
30,A*-GA,243.0,80.0,0.7822140683343142
30,A*-GA,245.0,80.0,0.7799587701773816
30,A*-GA,247.0,80.0,0.7776837577674043
30,A*-GA,249.0,80.0,0.7753915870581356
30,A*-GA,251.0,80.0,0.773084684270548
30,A*-GA,253.0,80.0,0.7707653514692079
30,A*-GA,255.0,80.0,0.7684357719118403
30,A*-GA,257.0,80.0,0.7660981024965419
30,A*-GA,259.0,80.0,0.7637545546119875
30,A*-GA,261.0,82.0,0.7614069718032973
30,A*-GA,263.0,82.0,0.7590570986342509
30,A*-GA,265.0,84.0,0.7567065850109458
30,A*-GA,267.0,84.0,0.754356990328558
30,A*-GA,269.0,84.0,0.7520097874482616
30,A*-GA,271.0,86.0,0.749666366511092
30,A*-GA,273.0,90.0,0.7473280385952622
30,A*-GA,275.0,90.0,0.7449960392231918
30,A*-GA,277.0,92.0,0.742671531724254
30,A*-GA,279.0,92.0,0.7403556104590125
30,A*-GA,281.0,94.0,0.7380493039104918
30,A*-GA,283.0,94.0,0.7357535776478034
30,A*-GA,285.0,98.0,0.7334693371672403
30,A*-GA,287.0,100.0,0.7311974306157519
30,A*-GA,289.0,100.0,0.7289386514015136
30,A*-GA,291.0,100.0,0.7266937406961217
30,A*-GA,293.0,100.0,0.7244633898327629
30,A*-GA,295.0,100.0,0.7222482426045375
30,A*-GA,297.0,100.0,0.7200488974669463
30,A*-GA,299.0,100.0,0.717865909648398
30,A*-GA,301.0,100.0,0.7156997931724336
30,A*-GA,303.0,100.0,0.7135510227952253
30,A*-GA,305.0,100.0,0.711420035861761
30,A*-GA,307.0,100.0,0.7093072340839921
30,A*-GA,309.0,100.0,0.7072129852440927
30,A*-GA,311.0,100.0,0.7051376248258534
30,A*-GA,313.0,100.0,0.7030814575771106
30,A*-GA,315.0,100.0,0.7010447590060013
30,A*-GA,317.0,100.0,0.6990277768137176
30,A*-GA,319.0,100.0,0.6970307322663336
30,A*-GA,321.0,100.0,0.6950538215081704
30,A*-GA,323.0,100.0,0.6930972168190728
30,A*-GA,325.0,100.0,0.6911610678178698
30,A*-GA,327.0,100.0,0.6892455026142074
30,A*-GA,329.0,100.0,0.68735062891085
30,A*-GA,331.0,100.0,0.6854765350584665
30,A*-GA,333.0,100.0,0.6836232910648353
30,A*-GA,335.0,100.0,0.6817909495603257
30,A*-GA,337.0,100.0,0.6799795467214393
30,A*-GA,339.0,100.0,0.6781891031541244
30,A*-GA,341.0,100.0,0.6764196247385068
30,A*-GA,343.0,100.0,0.6746711034366161
30,A*-GA,345.0,100.0,0.6729435180646225
30,A*-GA,347.0,100.0,0.6712368350310401
30,A*-GA,349.0,100.0,0.6695510090422937
30,A*-GA,351.0,100.0,0.6678859837769875
30,A*-GA,353.0,100.0,0.6662416925301682
30,A*-GA,355.0,100.0,0.6646180588288134
30,A*-GA,357.0,100.0,0.6630149970197363
30,A*-GA,359.0,100.0,0.6614324128310407
30,A*-GA,361.0,100.0,0.6598702039082256
30,A*-GA,363.0,100.0,0.6583282603259845
30,A*-GA,365.0,100.0,0.6568064650767087
30,A*-GA,367.0,100.0,0.6553046945366615
30,A*-GA,369.0,100.0,0.6538228189107513
30,A*-GA,371.0,100.0,0.6523607026567957
30,A*-GA,373.0,100.0,0.6509182048901296
30,A*-GA,375.0,100.0,0.649495179769381
30,A*-GA,377.0,100.0,0.648091476864199
30,A*-GA,379.0,100.0,0.646706941505694
30,A*-GA,381.0,100.0,0.6453414151203113
30,A*-GA,383.0,100.0,0.6439947355478385
30,A*-GA,385.0,100.0,0.6426667373442119
30,A*-GA,387.0,100.0,0.6413572520697653
30,A*-GA,389.0,100.0,0.6400661085635362
30,A*-GA,391.0,100.0,0.6387931332042178
30,A*-GA,393.0,100.0,0.6375381501583276
30,A*-GA,395.0,100.0,0.6363009816161317
30,A*-GA,397.0,100.0,0.6350814480158502
30,A*-GA,399.0,100.0,0.6338793682566425
30,A*-GA,401.0,100.0,0.632694559900852
30,A*-GA,403.0,100.0,0.6315268393659732
30,A*-GA,405.0,100.0,0.6303760221067807
30,A*-GA,407.0,100.0,0.6292419227880461
30,A*-GA,409.0,100.0,0.6281243554482487
30,A*-GA,411.0,100.0,0.6270231336546696
30,A*-GA,413.0,100.0,0.6259380706502445
30,A*-GA,415.0,100.0,0.6248689794925342
30,A*-GA,417.0,100.0,0.6238156731851555
30,A*-GA,419.0,100.0,0.6227779648020054
30,A*-GA,421.0,100.0,0.6217556676045926
30,A*-GA,423.0,100.0,0.6207485951527812
30,A*-GA,425.0,100.0,0.6197565614092393
30,A*-GA,427.0,100.0,0.618779380837868
30,A*-GA,429.0,100.0,0.6178168684964833
30,A*-GA,431.0,100.0,0.6168688401240033
30,A*-GA,433.0,100.0,0.6159351122223901
30,A*-GA,435.0,100.0,0.6150155021335806
30,A*-GA,437.0,100.0,0.6141098281116332
30,A*-GA,439.0,100.0,0.6132179093903071
30,A*-GA,441.0,100.0,0.6123395662462815
30,A*-GA,443.0,100.0,0.6114746200582155
30,A*-GA,445.0,100.0,0.6106228933618381
30,A*-GA,447.0,100.0,0.6097842099012514
30,A*-GA,449.0,100.0,0.6089583946766245
30,A*-GA,451.0,100.0,0.6081452739884432
30,A*-GA,453.0,100.0,0.6073446754784785
30,A*-GA,455.0,100.0,0.606556428167627
30,A*-GA,457.0,100.0,0.6057803624907729
30,A*-GA,459.0,100.0,0.605016310328811
30,A*-GA,461.0,100.0,0.6042641050379669
30,A*-GA,463.0,100.0,0.6035235814765465
30,A*-GA,465.0,100.0,0.6027945760292353
30,A*-GA,467.0,100.0,0.60207692662907
30,A*-GA,469.0,100.0,0.601370472777195
30,A*-GA,471.0,100.0,0.6006750555605138
30,A*-GA,473.0,100.0,0.5999905176673386
