seed,strategy,t,completed_pct,h_fault
31,EHCO,1.0,0.0,0.7671867865101591
31,EHCO,3.0,0.0,0.7752254134933226
31,EHCO,5.0,0.0,0.7828594425114844
31,EHCO,7.0,0.0,0.7901062152952744
31,EHCO,9.0,0.0,0.7969823689752152
31,EHCO,11.0,0.0,0.8035038641244757
31,EHCO,13.0,0.0,0.8096860116948776
31,EHCO,15.0,0.0,0.815543498889684
31,EHCO,17.0,0.0,0.8210785820365814
31,EHCO,19.0,0.0,0.8261810997339513
31,EHCO,21.0,0.0,0.8308715764591297
31,EHCO,23.0,0.0,0.835169672759122
31,EHCO,25.0,0.0,0.8391402540213316
31,EHCO,27.0,0.0,0.842934567471014
31,EHCO,29.0,0.0,0.8465599500128586
31,EHCO,31.0,2.0,0.8500117660216913
31,EHCO,33.0,2.0,0.8532632056741283
31,EHCO,35.0,2.0,0.8563231977842919
31,EHCO,37.0,2.0,0.8592003032368016
31,EHCO,39.0,2.0,0.8619027297123665
31,EHCO,41.0,4.0,0.8644383458308719
31,EHCO,43.0,8.0,0.8668262032118225
31,EHCO,45.0,8.0,0.8689699634755966
31,EHCO,47.0,10.0,0.8708369356459407
31,EHCO,49.0,10.0,0.8724411572864771
31,EHCO,51.0,10.0,0.8737960627221979
31,EHCO,53.0,14.000000000000002,0.8749145075729301
31,EHCO,55.0,14.000000000000002,0.8758087923100033
31,EHCO,57.0,16.0,0.8764906848746761
31,EHCO,59.0,16.0,0.8769714423953597
31,EHCO,61.0,18.0,0.8772618320392261
31,EHCO,63.0,18.0,0.8773721510323801
31,EHCO,65.0,18.0,0.8773122458814376
31,EHCO,67.0,20.0,0.8770915308280558
31,EHCO,69.0,20.0,0.8767190055667202
31,EHCO,71.0,20.0,0.8762032722549034
31,EHCO,73.0,20.0,0.8755525518435632
31,EHCO,75.0,20.0,0.8747746997548465
31,EHCO,77.0,22.0,0.8738772209328088
31,EHCO,79.0,22.0,0.8729954681062684
31,EHCO,81.0,22.0,0.8721714025455358
31,EHCO,83.0,24.0,0.8714025059863364
31,EHCO,85.0,26.0,0.8706603275488869
31,EHCO,87.0,26.0,0.8699353764992491
31,EHCO,89.0,26.0,0.869227167862723
31,EHCO,91.0,26.0,0.8685352325355561
31,EHCO,93.0,28.000000000000004,0.867859116714469
31,EHCO,95.0,28.000000000000004,0.8671983813476992
31,EHCO,97.0,28.000000000000004,0.8665526016067312
31,EHCO,99.0,28.000000000000004,0.865921366377919
31,EHCO,101.0,30.0,0.8653042777732315
31,EHCO,103.0,30.0,0.8647094747957815
31,EHCO,105.0,34.0,0.8640332653235431
31,EHCO,107.0,36.0,0.8632387219547301
31,EHCO,109.0,36.0,0.8623328756111821
31,EHCO,111.0,36.0,0.8613224419112865
31,EHCO,113.0,36.0,0.8602138341918429
31,EHCO,115.0,38.0,0.8590131760082994
31,EHCO,117.0,38.0,0.8577263131339969
31,EHCO,119.0,40.0,0.8563588250782542
31,EHCO,121.0,42.0,0.8549160361423408
31,EHCO,123.0,42.0,0.8534030260316352
31,EHCO,125.0,42.0,0.8518246400415477
31,EHCO,127.0,44.0,0.8501854988340906
31,EHCO,129.0,44.0,0.8484900078213182
31,EHCO,131.0,44.0,0.8467829471258351
31,EHCO,133.0,44.0,0.8451859003277422
31,EHCO,135.0,44.0,0.8436941594983189
31,EHCO,137.0,46.0,0.8422953530473094
31,EHCO,139.0,48.0,0.8409625386437192
31,EHCO,141.0,48.0,0.8396930008218653
31,EHCO,143.0,50.0,0.8384841320422196
31,EHCO,145.0,50.0,0.8373334284420304
31,EHCO,147.0,50.0,0.8362384857528163
31,EHCO,149.0,50.0,0.8351969953781855
31,EHCO,151.0,50.0,0.8342067406256879
31,EHCO,153.0,50.0,0.8332732760556594
31,EHCO,155.0,50.0,0.832295219185903
31,EHCO,157.0,52.0,0.8312359155906015
31,EHCO,159.0,52.0,0.8301005239939604
31,EHCO,161.0,56.00000000000001,0.8288939681596124
31,EHCO,163.0,56.00000000000001,0.8276209466466518
31,EHCO,165.0,57.99999999999999,0.8262859421740407
31,EHCO,167.0,57.99999999999999,0.8248932306088965
31,EHCO,169.0,57.99999999999999,0.8234866049339362
31,EHCO,171.0,57.99999999999999,0.8221850538256588
31,EHCO,173.0,60.0,0.8209839874711876
31,EHCO,175.0,62.0,0.8198711485983889
31,EHCO,177.0,62.0,0.8188197055364136
31,EHCO,179.0,64.0,0.8178270499561157
31,EHCO,181.0,64.0,0.8168906780600917
31,EHCO,183.0,64.0,0.8160081864575307
31,EHCO,185.0,66.0,0.8151772682011612
31,EHCO,187.0,68.0,0.8143957089799355
31,EHCO,189.0,70.0,0.8136613834613373
31,EHCO,191.0,70.0,0.8129549678065848
31,EHCO,193.0,70.0,0.8121647883004346
31,EHCO,195.0,70.0,0.8112959678825837
31,EHCO,197.0,70.0,0.8103533981595742
31,EHCO,199.0,70.0,0.8093417489817716
31,EHCO,201.0,70.0,0.8082546884392265
31,EHCO,203.0,70.0,0.8070653088678583
31,EHCO,205.0,74.0,0.8057800146276496
31,EHCO,207.0,74.0,0.8044049193269537
31,EHCO,209.0,76.0,0.8029458578816614
31,EHCO,211.0,76.0,0.8014083980904965
31,EHCO,213.0,76.0,0.7997978517455973
31,EHCO,215.0,76.0,0.7981192852967944
31,EHCO,217.0,78.0,0.7963775300872629
31,EHCO,219.0,80.0,0.7945771921775334
31,EHCO,221.0,80.0,0.792722661774181
31,EHCO,223.0,80.0,0.7908181222788593
31,EHCO,225.0,80.0,0.7888675589727385
31,EHCO,227.0,82.0,0.7868747673508097
31,EHCO,229.0,82.0,0.7848433611199437
31,EHCO,231.0,82.0,0.7827767798740517
31,EHCO,233.0,82.0,0.7806782964591663
31,EHCO,235.0,82.0,0.7785510240407532
31,EHCO,237.0,82.0,0.7763979228850831
31,EHCO,239.0,82.0,0.774221806866025
31,EHCO,241.0,82.0,0.7720254358866095
31,EHCO,243.0,82.0,0.769811601252063
31,EHCO,245.0,84.0,0.7675827008586718
31,EHCO,247.0,90.0,0.765341010223649
31,EHCO,249.0,90.0,0.7630886877539655
31,EHCO,251.0,90.0,0.7608277798007507
31,EHCO,253.0,90.0,0.7585602255078036
31,EHCO,255.0,92.0,0.7562878614624184
31,EHCO,257.0,94.0,0.7540124261564009
31,EHCO,259.0,94.0,0.7517355642648458
31,EHCO,261.0,94.0,0.7494588307499429
31,EHCO,263.0,96.0,0.7471836947967927
31,EHCO,265.0,96.0,0.7449115435879392
31,EHCO,267.0,96.0,0.7426436859230594
31,EHCO,269.0,98.0,0.7403813556899971
31,EHCO,271.0,100.0,0.7381257151930807
31,EHCO,273.0,100.0,0.7358778583444341
31,EHCO,275.0,100.0,0.7336388137237615
31,EHCO,277.0,100.0,0.7314095475118683
31,EHCO,279.0,100.0,0.7291909663029777
31,EHCO,281.0,100.0,0.7269839198006968
31,EHCO,283.0,100.0,0.7247892034022958
31,EHCO,285.0,100.0,0.7226075606757826
31,EHCO,287.0,100.0,0.7204396857340705
31,EHCO,289.0,100.0,0.7182862255103749
31,EHCO,291.0,100.0,0.7161477819388034
31,EHCO,293.0,100.0,0.7140249140439522
31,EHCO,295.0,100.0,0.7119181399431685
31,EHCO,297.0,100.0,0.7098279387649931
31,EHCO,299.0,100.0,0.7077547524871567
31,EHCO,301.0,100.0,0.7056989876973766
31,EHCO,303.0,100.0,0.7036610172800601
31,EHCO,305.0,100.0,0.7016411820319101
31,EHCO,307.0,100.0,0.6996397922092983
31,EHCO,309.0,100.0,0.6976571290101676
31,EHCO,311.0,100.0,0.6956934459931081
31,EHCO,313.0,100.0,0.6937489704361488
31,EHCO,315.0,100.0,0.691823904637708
31,EHCO,317.0,100.0,0.6899184271620455
31,EHCO,319.0,100.0,0.6880326940314666
31,EHCO,321.0,100.0,0.686166839867441
31,EHCO,323.0,100.0,0.6843209789827114
31,EHCO,325.0,100.0,0.6824952064263838
31,EHCO,327.0,100.0,0.6806895989839149
31,EHCO,329.0,100.0,0.6789042161338307
31,EHCO,331.0,100.0,0.6771391009629447
31,EHCO,333.0,100.0,0.6753942810417651
31,EHCO,335.0,100.0,0.673669769261721
31,EHCO,337.0,100.0,0.6719655646357654
31,EHCO,339.0,100.0,0.6702816530638577
31,EHCO,341.0,100.0,0.6686180080647625
31,EHCO,343.0,100.0,0.6669745914755465
31,EHCO,345.0,100.0,0.6653513541201016
31,EHCO,347.0,100.0,0.6637482364479664
31,EHCO,349.0,100.0,0.662165169144669
31,EHCO,351.0,100.0,0.6606020737147659
31,EHCO,353.0,100.0,0.6590588630387008
31,EHCO,355.0,100.0,0.6575354419045694
31,EHCO,357.0,100.0,0.6560317075158234
31,EHCO,359.0,100.0,0.6545475499759151
31,EHCO,361.0,100.0,0.6530828527508356
31,EHCO,363.0,100.0,0.6516374931104663
31,EHCO,365.0,100.0,0.6502113425496261
31,EHCO,367.0,100.0,0.6488042671896593
31,EHCO,369.0,100.0,0.6474161281613751
31,EHCO,371.0,100.0,0.6460467819701201
31,EHCO,373.0,100.0,0.6446960808437312
31,EHCO,375.0,100.0,0.6433638730640854
31,EHCO,377.0,100.0,0.6420500032829373
31,EHCO,379.0,100.0,0.640754312822705
31,EHCO,381.0,100.0,0.639476639962837
31,EHCO,383.0,100.0,0.6382168202123722
31,EHCO,385.0,100.0,0.6369746865692745
31,EHCO,387.0,100.0,0.6357500697671039
31,EHCO,389.0,100.0,0.6345427985095619
31,EHCO,391.0,100.0,0.6333526996934276
31,EHCO,393.0,100.0,0.6321795986203789
31,EHCO,395.0,100.0,0.6310233191981748
31,EHCO,397.0,100.0,0.6298836841316544
31,EHCO,399.0,100.0,0.6287605151039902
31,EHCO,401.0,100.0,0.6276536329486142
31,EHCO,403.0,100.0,0.6265628578122212
31,EHCO,405.0,100.0,0.6254880093092334
31,EHCO,407.0,100.0,0.6244289066680979
31,EHCO,409.0,100.0,0.6233853688697728
31,EHCO,411.0,100.0,0.6223572147787401
31,EHCO,413.0,100.0,0.6213442632668758
31,EHCO,415.0,100.0,0.6203463333304875
31,EHCO,417.0,100.0,0.6193632442008221
31,EHCO,419.0,100.0,0.6183948154483306
31,EHCO,421.0,100.0,0.6174408670809677
31,EHCO,423.0,100.0,0.6165012196367889
31,EHCO,425.0,100.0,0.6155756942711031
31,EHCO,427.0,100.0,0.6146641128384196
31,EHCO,429.0,100.0,0.6137662979694274
31,EHCO,431.0,100.0,0.612882073143228
31,EHCO,433.0,100.0,0.612011262755038
31,EHCO,435.0,100.0,0.6111536921795662
31,EHCO,437.0,100.0,0.610309187830262
31,EHCO,439.0,100.0,0.6094775772146273
31,EHCO,441.0,100.0,0.6086586889857684
31,EHCO,443.0,100.0,0.6078523529903654
31,EHCO,445.0,100.0,0.6070584003132243
31,EHCO,447.0,100.0,0.6062766633185698
31,EHCO,449.0,100.0,0.6055069756882338
31,EHCO,451.0,100.0,0.604749172456885
31,EHCO,453.0,100.0,0.6040030900444392
31,EHCO,455.0,100.0,0.6032685662857862
31,EHCO,457.0,100.0,0.6025454404579594
31,EHCO,459.0,100.0,0.6018335533048754
31,EHCO,461.0,100.0,0.601132747059756
31,EHCO,463.0,100.0,0.6004428654653519
31,EHCO,465.0,100.0,0.5997637537920706
31,A*-GA,1.0,0.0,0.7671867865101591
31,A*-GA,3.0,0.0,0.7752254134933226
31,A*-GA,5.0,0.0,0.7828594425114844
31,A*-GA,7.0,0.0,0.7901062152952744
31,A*-GA,9.0,0.0,0.7969823689752152
31,A*-GA,11.0,0.0,0.8035038641244757
31,A*-GA,13.0,0.0,0.8096860116948776
31,A*-GA,15.0,0.0,0.815543498889684
31,A*-GA,17.0,0.0,0.8210785820365814
31,A*-GA,19.0,0.0,0.8261810997339513
31,A*-GA,21.0,0.0,0.8308715764591297
31,A*-GA,23.0,0.0,0.835169672759122
31,A*-GA,25.0,0.0,0.8391402540213316
31,A*-GA,27.0,0.0,0.842934567471014
31,A*-GA,29.0,0.0,0.8465599500128586
31,A*-GA,31.0,2.0,0.8500117660216913
31,A*-GA,33.0,2.0,0.8532632056741283
31,A*-GA,35.0,2.0,0.8563231977842919
31,A*-GA,37.0,4.0,0.8592003032368016
31,A*-GA,39.0,4.0,0.8619027297123665
31,A*-GA,41.0,10.0,0.8644383458308719
31,A*-GA,43.0,12.0,0.8668262032118225
31,A*-GA,45.0,12.0,0.8689699634755966
31,A*-GA,47.0,12.0,0.8708369356459407
31,A*-GA,49.0,14.000000000000002,0.8724411572864771
31,A*-GA,51.0,14.000000000000002,0.8737960627221979
31,A*-GA,53.0,14.000000000000002,0.8749145075729301
31,A*-GA,55.0,14.000000000000002,0.8758087923100033
31,A*-GA,57.0,16.0,0.8764906848746761
31,A*-GA,59.0,16.0,0.8769714423953597
31,A*-GA,61.0,18.0,0.8772618320392261
31,A*-GA,63.0,18.0,0.8773721510323801
31,A*-GA,65.0,18.0,0.8773122458814376
31,A*-GA,67.0,18.0,0.8770915308280558
31,A*-GA,69.0,18.0,0.8767190055667202
31,A*-GA,71.0,18.0,0.8762032722549034
31,A*-GA,73.0,18.0,0.8755525518435632
31,A*-GA,75.0,18.0,0.8747746997548465
31,A*-GA,77.0,18.0,0.8738772209328088
31,A*-GA,79.0,20.0,0.8729954681062684
31,A*-GA,81.0,20.0,0.8721714025455358
31,A*-GA,83.0,22.0,0.8714025059863364
31,A*-GA,85.0,24.0,0.8706603275488869
31,A*-GA,87.0,26.0,0.8699353764992491
31,A*-GA,89.0,26.0,0.869227167862723
31,A*-GA,91.0,26.0,0.8685352325355561
31,A*-GA,93.0,28.000000000000004,0.867859116714469
31,A*-GA,95.0,30.0,0.8672069634734249
31,A*-GA,97.0,30.0,0.866475023839682
31,A*-GA,99.0,30.0,0.8656262608950318
31,A*-GA,101.0,30.0,0.8646676574696425
31,A*-GA,103.0,32.0,0.8636058827922605
31,A*-GA,105.0,32.0,0.8624473054483566
31,A*-GA,107.0,32.0,0.8611980058190909
31,A*-GA,109.0,32.0,0.859863788021642
31,A*-GA,111.0,32.0,0.8585744049741354
31,A*-GA,113.0,32.0,0.8573692281412557
31,A*-GA,115.0,36.0,0.8562445825989552
31,A*-GA,117.0,36.0,0.8551738307330898
31,A*-GA,119.0,36.0,0.8541471739583334
31,A*-GA,121.0,36.0,0.8531628555717269
31,A*-GA,123.0,36.0,0.8522191880822111
31,A*-GA,125.0,36.0,0.8513145504921784
31,A*-GA,127.0,36.0,0.8504473856857057
31,A*-GA,129.0,36.0,0.8496161979192809
31,A*-GA,131.0,36.0,0.848819550411005
31,A*-GA,133.0,38.0,0.8480560630244028
31,A*-GA,135.0,38.0,0.8473244100431327
31,A*-GA,137.0,42.0,0.8466233180330278
31,A*-GA,139.0,42.0,0.8459515637880433
31,A*-GA,141.0,42.0,0.8453079723568171
31,A*-GA,143.0,42.0,0.8446723056993402
31,A*-GA,145.0,46.0,0.8439285316210062
31,A*-GA,147.0,48.0,0.843083084543969
31,A*-GA,149.0,48.0,0.8421421102157957
31,A*-GA,151.0,48.0,0.8411114776333286
31,A*-GA,153.0,48.0,0.839996790488873
31,A*-GA,155.0,48.0,0.8388033981576113
31,A*-GA,157.0,50.0,0.8375364062444047
31,A*-GA,159.0,50.0,0.8362006867074252
31,A*-GA,161.0,50.0,0.8348008875753734
31,A*-GA,163.0,52.0,0.8333414422743806
31,A*-GA,165.0,52.0,0.8318265785800546
31,A*-GA,167.0,52.0,0.8302603272095286
31,A*-GA,169.0,52.0,0.8286465300677741
31,A*-GA,171.0,56.00000000000001,0.8269888481618912
31,A*-GA,173.0,56.00000000000001,0.825408436479599
31,A*-GA,175.0,56.00000000000001,0.8239410067055867
31,A*-GA,177.0,57.99999999999999,0.8225815632445131
31,A*-GA,179.0,57.99999999999999,0.8213022017399888
31,A*-GA,181.0,57.99999999999999,0.8200919086544467
31,A*-GA,183.0,57.99999999999999,0.8189477620678206
31,A*-GA,185.0,57.99999999999999,0.8178669570330753
31,A*-GA,187.0,62.0,0.8168468009614487
31,A*-GA,189.0,62.0,0.8158847091890161
31,A*-GA,191.0,62.0,0.8149782007174622
31,A*-GA,193.0,64.0,0.8141325770912222
31,A*-GA,195.0,68.0,0.8132489356363446
31,A*-GA,197.0,70.0,0.8122910953360104
31,A*-GA,199.0,70.0,0.811263760716333
31,A*-GA,201.0,70.0,0.8101606329011359
31,A*-GA,203.0,72.0,0.8089548356872063
31,A*-GA,205.0,72.0,0.8076528033887718
31,A*-GA,207.0,74.0,0.8062606781254162
31,A*-GA,209.0,74.0,0.8047843219422837
31,A*-GA,211.0,74.0,0.8032293284439423
31,A*-GA,213.0,76.0,0.8016010339611683
31,A*-GA,215.0,76.0,0.799904528269146
31,A*-GA,217.0,76.0,0.7981446648748609
31,A*-GA,219.0,76.0,0.7963260708907525
31,A*-GA,221.0,76.0,0.7944531565110278
31,A*-GA,223.0,76.0,0.7925303809344104
31,A*-GA,225.0,76.0,0.7905618218322062
31,A*-GA,227.0,78.0,0.7885511925887265
31,A*-GA,229.0,78.0,0.7865018588560183
31,A*-GA,231.0,78.0,0.7844172768056855
31,A*-GA,233.0,78.0,0.7823007349953877
31,A*-GA,235.0,78.0,0.7801553614736937
31,A*-GA,237.0,78.0,0.7779841305974632
31,A*-GA,239.0,78.0,0.7757898695731783
31,A*-GA,241.0,80.0,0.7735752647331966
31,A*-GA,243.0,80.0,0.7713428675574653
31,A*-GA,245.0,80.0,0.7690951004508182
31,A*-GA,247.0,82.0,0.7668342622855813
31,A*-GA,249.0,82.0,0.7645625363670605
31,A*-GA,251.0,84.0,0.7622819975533776
31,A*-GA,253.0,86.0,0.7599946125063143
31,A*-GA,255.0,86.0,0.7577022439442468
31,A*-GA,257.0,86.0,0.7554066551626508
31,A*-GA,259.0,86.0,0.7531095143699492
31,A*-GA,261.0,86.0,0.7508123988460672
31,A*-GA,263.0,88.0,0.7485167989307683
31,A*-GA,265.0,88.0,0.746224121848567
31,A*-GA,267.0,90.0,0.7439356953767434
31,A*-GA,269.0,92.0,0.7416527713627287
31,A*-GA,271.0,92.0,0.7393765290968805
31,A*-GA,273.0,94.0,0.737108078546433
31,A*-GA,275.0,94.0,0.7348484634561736
31,A*-GA,277.0,94.0,0.7325986643211804
31,A*-GA,279.0,94.0,0.7303596012367453
31,A*-GA,281.0,94.0,0.7281321366304012
31,A*-GA,283.0,96.0,0.7259172439994357
31,A*-GA,285.0,98.0,0.7237157213710549
31,A*-GA,287.0,100.0,0.7215282594177647
31,A*-GA,289.0,100.0,0.7193555016320602
31,A*-GA,291.0,100.0,0.7171980465092638
31,A*-GA,293.0,100.0,0.7150564496392456
31,A*-GA,295.0,100.0,0.7129312257106887
31,A*-GA,297.0,100.0,0.71082285043142
31,A*-GA,299.0,100.0,0.7087317623681885
31,A*-GA,301.0,100.0,0.7066583647091348
31,A*-GA,303.0,100.0,0.7046030269520727
31,A*-GA,305.0,100.0,0.7025660865215735
31,A*-GA,307.0,100.0,0.7005478503177297
31,A*-GA,309.0,100.0,0.69854859619936
31,A*-GA,311.0,100.0,0.6965685744043041
31,A*-GA,313.0,100.0,0.6946080089093559
31,A*-GA,315.0,100.0,0.6926670987322789
31,A*-GA,317.0,100.0,0.6907460191782511
31,A*-GA,319.0,100.0,0.6888449230329933
31,A*-GA,321.0,100.0,0.6869639417047472
31,A*-GA,323.0,100.0,0.6851031863171801
31,A*-GA,325.0,100.0,0.6832627487552124
31,A*-GA,327.0,100.0,0.6814427026656837
31,A*-GA,329.0,100.0,0.6796431044146996
31,A*-GA,331.0,100.0,0.6778639940034217
31,A*-GA,333.0,100.0,0.6761053959440031
31,A*-GA,335.0,100.0,0.6743673200972911
31,A*-GA,337.0,100.0,0.6726497624738661
31,A*-GA,339.0,100.0,0.6709527059999156
31,A*-GA,341.0,100.0,0.6692761212493851
31,A*-GA,343.0,100.0,0.6676199671437889
31,A*-GA,345.0,100.0,0.6659841916210111
31,A*-GA,347.0,100.0,0.6643687322743698
31,A*-GA,349.0,100.0,0.6627735169631707
31,A*-GA,351.0,100.0,0.6611984643959248
31,A*-GA,353.0,100.0,0.6596434846873581
31,A*-GA,355.0,100.0,0.658108479890297
31,A*-GA,357.0,100.0,0.6565933445034695
31,A*-GA,359.0,100.0,0.6550979659562188
31,A*-GA,361.0,100.0,0.6536222250710888
31,A*-GA,363.0,100.0,0.6521659965052
31,A*-GA,365.0,100.0,0.6507291491712999
31,A*-GA,367.0,100.0,0.649311546639333
31,A*-GA,369.0,100.0,0.6479130475193451
31,A*-GA,371.0,100.0,0.6465335058265018
31,A*-GA,373.0,100.0,0.6451727713289706
31,A*-GA,375.0,100.0,0.6438306898793837
31,A*-GA,377.0,100.0,0.6425071037305752
31,A*-GA,379.0,100.0,0.6412018518362492
31,A*-GA,381.0,100.0,0.6399147701372203
31,A*-GA,383.0,100.0,0.6386456918338305
31,A*-GA,385.0,100.0,0.6373944476451316
31,A*-GA,387.0,100.0,0.6361608660553929
31,A*-GA,389.0,100.0,0.6349447735484719
31,A*-GA,391.0,100.0,0.6337459948305678
31,A*-GA,393.0,100.0,0.6325643530418492
31,A*-GA,395.0,100.0,0.6313996699574373
31,A*-GA,397.0,100.0,0.6302517661781954
31,A*-GA,399.0,100.0,0.6291204613117677
31,A*-GA,401.0,100.0,0.6280055741442828
31,A*-GA,403.0,100.0,0.6269069228031294
31,A*-GA,405.0,100.0,0.6258243249111873
31,A*-GA,407.0,100.0,0.6247575977328865
31,A*-GA,409.0,100.0,0.6237065583124488
31,A*-GA,411.0,100.0,0.6226710236046544
31,A*-GA,413.0,100.0,0.6216508105984594
31,A*-GA,415.0,100.0,0.620645736433779
31,A*-GA,417.0,100.0,0.6196556185117362
31,A*-GA,419.0,100.0,0.618680274598667
31,A*-GA,421.0,100.0,0.6177195229241548
31,A*-GA,423.0,100.0,0.6167731822733631
31,A*-GA,425.0,100.0,0.6158410720739197
31,A*-GA,427.0,100.0,0.6149230124775952
31,A*-GA,429.0,100.0,0.6140188244370118
31,A*-GA,431.0,100.0,0.6131283297776043
31,A*-GA,433.0,100.0,0.6122513512650501
31,A*-GA,435.0,100.0,0.6113877126683731
31,A*-GA,437.0,100.0,0.6105372388189195
31,A*-GA,439.0,100.0,0.6096997556653948
31,A*-GA,441.0,100.0,0.6088750903251431
31,A*-GA,443.0,100.0,0.6080630711318424
31,A*-GA,445.0,100.0,0.6072635276797833
31,A*-GA,447.0,100.0,0.606476290864889
31,A*-GA,449.0,100.0,0.6057011929226322
31,A*-GA,451.0,100.0,0.6049380674629927
31,A*-GA,453.0,100.0,0.6041867495025979
31,A*-GA,455.0,100.0,0.6034470754941789
31,A*-GA,457.0,100.0,0.6027188833534738
31,A*-GA,459.0,100.0,0.6020020124836981
31,A*-GA,461.0,100.0,0.6012963037977032
31,A*-GA,463.0,100.0,0.6006015997379337
31,A*-GA,465.0,100.0,0.5999177442942947
32,EHCO,1.0,0.0,0.9739066845088379
32,EHCO,3.0,0.0,0.9738357334567986
32,EHCO,5.0,0.0,0.9736783214771003
32,EHCO,7.0,0.0,0.9734393098514406
32,EHCO,9.0,0.0,0.9731233448667916
32,EHCO,11.0,0.0,0.972734866651037
32,EHCO,13.0,0.0,0.9722781176553545
32,EHCO,15.0,0.0,0.9717571507973108
32,EHCO,17.0,0.0,0.9711758372780859
32,EHCO,19.0,0.0,0.9705260421083155
32,EHCO,21.0,0.0,0.9696876205878514
32,EHCO,23.0,0.0,0.9686715059014348
32,EHCO,25.0,0.0,0.9674881439250976
32,EHCO,27.0,2.0,0.9661475133084838
32,EHCO,29.0,2.0,0.9646591447533893
32,EHCO,31.0,2.0,0.9630321395203195
32,EHCO,33.0,2.0,0.9612751871936044
32,EHCO,35.0,2.0,0.9593965827344161
32,EHCO,37.0,2.0,0.9574042428498742
32,EHCO,39.0,2.0,0.9554426156010035
32,EHCO,41.0,4.0,0.9535562787322833
32,EHCO,43.0,6.0,0.9517423061188801
32,EHCO,45.0,8.0,0.9499634272153363
32,EHCO,47.0,8.0,0.9482075858716317
32,EHCO,49.0,8.0,0.9464746453559286
32,EHCO,51.0,8.0,0.9447644616225132
32,EHCO,53.0,8.0,0.943076883808263
32,EHCO,55.0,8.0,0.9414117547061759
32,EHCO,57.0,8.0,0.9397689112169149
32,EHCO,59.0,10.0,0.9381481847792902
32,EHCO,61.0,14.000000000000002,0.9365368612828321
32,EHCO,63.0,14.000000000000002,0.9348118357986931
32,EHCO,65.0,14.000000000000002,0.932980487319761
32,EHCO,67.0,16.0,0.9310498571242266
32,EHCO,69.0,16.0,0.929026662821369
32,EHCO,71.0,20.0,0.9269173118331513
32,EHCO,73.0,22.0,0.9247279143339743
32,EHCO,75.0,24.0,0.9224642956700603
32,EHCO,77.0,24.0,0.9201320082790919
32,EHCO,79.0,24.0,0.9177363431299173
32,EHCO,81.0,24.0,0.9152823407013524
32,EHCO,83.0,24.0,0.912774801518365
32,EHCO,85.0,24.0,0.9102182962631973
32,EHCO,87.0,24.0,0.9076171754782988
32,EHCO,89.0,24.0,0.9051024808119071
32,EHCO,91.0,24.0,0.9027129325014387
32,EHCO,93.0,28.000000000000004,0.9004433283177119
32,EHCO,95.0,28.000000000000004,0.8982638789771014
32,EHCO,97.0,28.000000000000004,0.8961629382517642
32,EHCO,99.0,28.000000000000004,0.8941375361705777
32,EHCO,101.0,28.000000000000004,0.8921848174571857
32,EHCO,103.0,28.000000000000004,0.890302037060572
32,EHCO,105.0,30.0,0.8884865558604726
32,EHCO,107.0,32.0,0.8867358365407761
32,EHCO,109.0,32.0,0.8850474396243284
32,EHCO,111.0,32.0,0.8834190196628208
32,EHCO,113.0,32.0,0.881848321575682
32,EHCO,115.0,34.0,0.8803331771321398
32,EHCO,117.0,34.0,0.878879653059369
32,EHCO,119.0,36.0,0.877382456718955
32,EHCO,121.0,36.0,0.8758034757500116
32,EHCO,123.0,38.0,0.8741482354852617
32,EHCO,125.0,40.0,0.8724220062041569
32,EHCO,127.0,40.0,0.8706298137715348
32,EHCO,129.0,40.0,0.8687764498484619
32,EHCO,131.0,42.0,0.8668664816922177
32,EHCO,133.0,42.0,0.8649042615617091
32,EHCO,135.0,44.0,0.8629350509902152
32,EHCO,137.0,46.0,0.8610819123615584
32,EHCO,139.0,46.0,0.8593399467872569
32,EHCO,141.0,48.0,0.8576965986926316
32,EHCO,143.0,48.0,0.8561247484696625
32,EHCO,145.0,48.0,0.8546215098255471
32,EHCO,147.0,50.0,0.8531841105960924
32,EHCO,149.0,50.0,0.8518098882585289
32,EHCO,151.0,50.0,0.8504962856204664
32,EHCO,153.0,50.0,0.8492408466780802
32,EHCO,155.0,52.0,0.8480412126368863
32,EHCO,157.0,52.0,0.8468951180887283
32,EHCO,159.0,52.0,0.8458003873388447
32,EHCO,161.0,52.0,0.8447363893186223
32,EHCO,163.0,54.0,0.8435877968632564
32,EHCO,165.0,54.0,0.8423600110848873
32,EHCO,167.0,56.00000000000001,0.841058186790628
32,EHCO,169.0,56.00000000000001,0.8396872427139792
32,EHCO,171.0,56.00000000000001,0.8382518713354657
32,EHCO,173.0,56.00000000000001,0.8367565483087629
32,EHCO,175.0,56.00000000000001,0.8352055415079428
32,EHCO,177.0,57.99999999999999,0.8336029197108549
32,EHCO,179.0,62.0,0.8319525609330614
32,EHCO,181.0,64.0,0.830258160426183
32,EHCO,183.0,64.0,0.8285232383539625
32,EHCO,185.0,64.0,0.8267511471588307
32,EHCO,187.0,64.0,0.8249450786312531
32,EHCO,189.0,64.0,0.8231080706936539
32,EHCO,191.0,64.0,0.8212430139102489
32,EHCO,193.0,64.0,0.8193526577336705
32,EHCO,195.0,64.0,0.8174396164988398
32,EHCO,197.0,64.0,0.815506375174129
32,EHCO,199.0,66.0,0.8135552948794602
32,EHCO,201.0,66.0,0.8115778289834861
32,EHCO,203.0,70.0,0.8095449453649929
32,EHCO,205.0,70.0,0.8074610967725988
32,EHCO,207.0,70.0,0.8053306939772474
32,EHCO,209.0,74.0,0.8031576839549524
32,EHCO,211.0,74.0,0.8009455669631681
32,EHCO,213.0,74.0,0.7986978438297131
32,EHCO,215.0,74.0,0.7964179286144387
32,EHCO,217.0,74.0,0.794109068102329
32,EHCO,219.0,76.0,0.7917743489167539
32,EHCO,221.0,76.0,0.7894167043445626
32,EHCO,223.0,76.0,0.78703892088447
32,EHCO,225.0,76.0,0.784643644529743
32,EHCO,227.0,80.0,0.782233386795752
32,EHCO,229.0,80.0,0.7798105305025435
32,EHCO,231.0,82.0,0.7773773353221809
32,EHCO,233.0,84.0,0.7749359431002242
32,EHCO,235.0,84.0,0.7724883829603423
32,EHCO,237.0,84.0,0.7700365769339285
32,EHCO,239.0,84.0,0.7675823492846134
32,EHCO,241.0,86.0,0.7651274270734683
32,EHCO,243.0,86.0,0.7626734426337213
32,EHCO,245.0,86.0,0.7602219377327791
32,EHCO,247.0,86.0,0.7577743675636026
32,EHCO,249.0,86.0,0.7553321045722537
32,EHCO,251.0,86.0,0.7528964421281622
32,EHCO,253.0,86.0,0.7504685980433962
32,EHCO,255.0,86.0,0.7480497179469802
32,EHCO,257.0,86.0,0.7456408785200586
32,EHCO,259.0,88.0,0.7432430905974748
32,EHCO,261.0,90.0,0.7408573021411199
32,EHCO,263.0,90.0,0.7384844010901861
32,EHCO,265.0,90.0,0.7361252180932641
32,EHCO,267.0,90.0,0.7337805291270215
32,EHCO,269.0,90.0,0.7314510580060163
32,EHCO,271.0,90.0,0.7291374787880167
32,EHCO,273.0,90.0,0.7268404180790282
32,EHCO,275.0,90.0,0.7245604572420573
32,EHCO,277.0,90.0,0.7222981345134875
32,EHCO,279.0,90.0,0.7200539470307863
32,EHCO,281.0,90.0,0.717828352775113
32,EHCO,283.0,90.0,0.7156217724322599
32,EHCO,285.0,92.0,0.7134345911752198
32,EHCO,287.0,92.0,0.711267160371543
32,EHCO,289.0,94.0,0.7091197992185221
32,EHCO,291.0,96.0,0.7069927963091209
32,EHCO,293.0,98.0,0.7048864111314502
32,EHCO,295.0,98.0,0.702800875504479
32,EHCO,297.0,98.0,0.700736394952564
32,EHCO,299.0,98.0,0.6986931870808185
32,EHCO,301.0,98.0,0.69667151461417
32,EHCO,303.0,100.0,0.6946715016135201
32,EHCO,305.0,100.0,0.692693251258539
32,EHCO,307.0,100.0,0.6907368469315259
32,EHCO,309.0,100.0,0.6888023532543748
32,EHCO,311.0,100.0,0.6868898170805571
32,EHCO,313.0,100.0,0.6849992684439578
32,EHCO,315.0,100.0,0.6831307214663275
32,EHCO,317.0,100.0,0.6812841752250421
32,EHCO,319.0,100.0,0.6794596145827951
32,EHCO,321.0,100.0,0.6776570109807835
32,EHCO,323.0,100.0,0.6758763231968824
32,EHCO,325.0,100.0,0.6741174980702496
32,EHCO,327.0,100.0,0.6723804711937369
32,EHCO,329.0,100.0,0.6706651675754355
32,EHCO,331.0,100.0,0.6689715022706272
32,EHCO,333.0,100.0,0.667299380985362
32,EHCO,335.0,100.0,0.6656487006528348
32,EHCO,337.0,100.0,0.6640193499836865
32,EHCO,339.0,100.0,0.6624112099913094
32,EHCO,341.0,100.0,0.6608241544931948
32,EHCO,343.0,100.0,0.6592580505893159
32,EHCO,345.0,100.0,0.6577127591185045
32,EHCO,347.0,100.0,0.6561881350937351
32,EHCO,349.0,100.0,0.6546840281171991
32,EHCO,351.0,100.0,0.6532002827760117
32,EHCO,353.0,100.0,0.6517367390193646
32,EHCO,355.0,100.0,0.6502932325178996
32,EHCO,357.0,100.0,0.6488695950060531
32,EHCO,359.0,100.0,0.6474656546080845
32,EHCO,361.0,100.0,0.6460812361484795
32,EHCO,363.0,100.0,0.6447161614473861
32,EHCO,365.0,100.0,0.6433702496017171
32,EHCO,367.0,100.0,0.6420433172525271
32,EHCO,369.0,100.0,0.6407351788392467
32,EHCO,371.0,100.0,0.6394456468413333
32,EHCO,373.0,100.0,0.6381745320078759
32,EHCO,375.0,100.0,0.6369216435756676
32,EHCO,377.0,100.0,0.6356867894762412
32,EHCO,379.0,100.0,0.6344697765323417
32,EHCO,381.0,100.0,0.6332704106442895
32,EHCO,383.0,100.0,0.6320884969666715
32,EHCO,385.0,100.0,0.6309238400757788
32,EHCO,387.0,100.0,0.6297762441281916
32,EHCO,389.0,100.0,0.6286455130108953
32,EHCO,391.0,100.0,0.627531450483302
32,EHCO,393.0,100.0,0.6264338603115235
32,EHCO,395.0,100.0,0.6253525463952435
32,EHCO,397.0,100.0,0.6242873128875098
32,EHCO,399.0,100.0,0.623237964307761
32,EHCO,401.0,100.0,0.6222043056483866
32,EHCO,403.0,100.0,0.6211861424751074
32,EHCO,405.0,100.0,0.6201832810214534
32,EHCO,407.0,100.0,0.6191955282776004
32,EHCO,409.0,100.0,0.6182226920738217
32,EHCO,411.0,100.0,0.6172645811587955
32,EHCO,413.0,100.0,0.6163210052730006
32,EHCO,415.0,100.0,0.6153917752174255
32,EHCO,417.0,100.0,0.6144767029178021
32,EHCO,419.0,100.0,0.6135756014845707
32,EHCO,421.0,100.0,0.6126882852687723
32,EHCO,423.0,100.0,0.6118145699140561
32,EHCO,425.0,100.0,0.6109542724049826
32,EHCO,427.0,100.0,0.6101072111117953
32,EHCO,429.0,100.0,0.6092732058318271
32,EHCO,431.0,100.0,0.6084520778276981
32,EHCO,433.0,100.0,0.6076436498624598
32,EHCO,435.0,100.0,0.6068477462318289
32,EHCO,437.0,100.0,0.6060641927936504
32,EHCO,439.0,100.0,0.605292816994725
32,EHCO,441.0,100.0,0.6045334478951272
32,EHCO,443.0,100.0,0.6037859161901371
32,EHCO,445.0,100.0,0.6030500542299039
32,EHCO,447.0,100.0,0.602325696036952
32,EHCO,449.0,100.0,0.6016126773216379
32,EHCO,451.0,100.0,0.6009108354956618
32,EHCO,453.0,100.0,0.6002200096837306
32,A*-GA,1.0,0.0,0.9739066845088379
32,A*-GA,3.0,0.0,0.9738357334567986
32,A*-GA,5.0,0.0,0.9736783214771003
32,A*-GA,7.0,0.0,0.9734393098514406
32,A*-GA,9.0,0.0,0.9731233448667916
32,A*-GA,11.0,0.0,0.972734866651037
32,A*-GA,13.0,0.0,0.9722781176553545
32,A*-GA,15.0,0.0,0.9717571507973108
32,A*-GA,17.0,0.0,0.9711758372780859
32,A*-GA,19.0,2.0,0.9705378740867188
32,A*-GA,21.0,2.0,0.9698467912037557
32,A*-GA,23.0,2.0,0.9691059585161956
32,A*-GA,25.0,2.0,0.9683185924551607
32,A*-GA,27.0,4.0,0.9674877623672672
32,A*-GA,29.0,4.0,0.9666163966302422
32,A*-GA,31.0,4.0,0.9656954565445119
32,A*-GA,33.0,4.0,0.9646039312434095
32,A*-GA,35.0,4.0,0.9633519237814511
32,A*-GA,37.0,6.0,0.9619490844930457
32,A*-GA,39.0,6.0,0.9604046296844794
32,A*-GA,41.0,6.0,0.9587273595772138
32,A*-GA,43.0,6.0,0.9569256755321256
32,A*-GA,45.0,8.0,0.9550075965831453
32,A*-GA,47.0,10.0,0.9529807753076329
32,A*-GA,49.0,10.0,0.9508525130597542
32,A*-GA,51.0,10.0,0.9486297745920816
32,A*-GA,53.0,10.0,0.9463192020896597
32,A*-GA,55.0,10.0,0.9439271286398068
32,A*-GA,57.0,10.0,0.9414595911600221
32,A*-GA,59.0,14.000000000000002,0.9389223428054767
32,A*-GA,61.0,16.0,0.9363208648767212
32,A*-GA,63.0,16.0,0.9337918980213944
32,A*-GA,65.0,16.0,0.9313763924167553
32,A*-GA,67.0,20.0,0.9290697395403237
32,A*-GA,69.0,20.0,0.9268382525806037
32,A*-GA,71.0,20.0,0.9246696733086555
32,A*-GA,73.0,20.0,0.9225619353768899
32,A*-GA,75.0,22.0,0.9205130468637593
32,A*-GA,77.0,22.0,0.9185210874637278
32,A*-GA,79.0,22.0,0.9165842057856671
32,A*-GA,81.0,22.0,0.9147006167554514
32,A*-GA,83.0,24.0,0.9128685991186949
32,A*-GA,85.0,24.0,0.9110864930397317
32,A*-GA,87.0,24.0,0.909352697793091
32,A*-GA,89.0,24.0,0.9076750928812682
32,A*-GA,91.0,24.0,0.9059487946689133
32,A*-GA,93.0,24.0,0.904134879749643
32,A*-GA,95.0,24.0,0.902239347195425
32,A*-GA,97.0,24.0,0.9002679183916297
32,A*-GA,99.0,24.0,0.8982260486305068
32,A*-GA,101.0,26.0,0.8961189382382827
32,A*-GA,103.0,26.0,0.8939515432543684
32,A*-GA,105.0,26.0,0.8917285856804349
32,A*-GA,107.0,30.0,0.8894545633164154
32,A*-GA,109.0,34.0,0.8871337591998213
32,A*-GA,111.0,34.0,0.8847702506641135
32,A*-GA,113.0,34.0,0.8823679180312467
32,A*-GA,115.0,34.0,0.8799304529529138
32,A*-GA,117.0,34.0,0.8774613664144408
32,A*-GA,119.0,34.0,0.874963996414734
32,A*-GA,121.0,34.0,0.8724415153351515
32,A*-GA,123.0,36.0,0.8699377168430988
32,A*-GA,125.0,38.0,0.8675736150502563
32,A*-GA,127.0,38.0,0.8653433549594777
32,A*-GA,129.0,40.0,0.863233462719274
32,A*-GA,131.0,40.0,0.8612159367889557
32,A*-GA,133.0,42.0,0.8592870438578781
32,A*-GA,135.0,42.0,0.857443198285631
32,A*-GA,137.0,42.0,0.855662782539346
32,A*-GA,139.0,42.0,0.8538302228778523
32,A*-GA,141.0,42.0,0.8519495755597234
32,A*-GA,143.0,42.0,0.8500247044840149
32,A*-GA,145.0,42.0,0.8480592892857866
32,A*-GA,147.0,42.0,0.8460568331049603
32,A*-GA,149.0,42.0,0.8440206700414774
32,A*-GA,151.0,42.0,0.8419539723092113
32,A*-GA,153.0,42.0,0.8398597571005966
32,A*-GA,155.0,42.0,0.8377408931734663
32,A*-GA,157.0,44.0,0.8356001071711376
32,A*-GA,159.0,44.0,0.8334399896863441
32,A*-GA,161.0,46.0,0.8312630010792039
32,A*-GA,163.0,46.0,0.829071477059004
32,A*-GA,165.0,46.0,0.8268676340391967
32,A*-GA,167.0,48.0,0.8246535742746373
32,A*-GA,169.0,50.0,0.8224312907897291
32,A*-GA,171.0,52.0,0.8202026721058057
32,A*-GA,173.0,52.0,0.8180838245853685
32,A*-GA,175.0,54.0,0.8161079634062158
32,A*-GA,177.0,56.00000000000001,0.8142688177660009
32,A*-GA,179.0,57.99999999999999,0.8125372592118333
32,A*-GA,181.0,57.99999999999999,0.8109010992031125
32,A*-GA,183.0,60.0,0.8093562879724313
32,A*-GA,185.0,60.0,0.8078989380194779
32,A*-GA,187.0,60.0,0.8065253177078126
32,A*-GA,189.0,60.0,0.805231845113256
32,A*-GA,191.0,60.0,0.8040150821140126
32,A*-GA,193.0,60.0,0.8028717287130447
32,A*-GA,195.0,60.0,0.8017986175835778
32,A*-GA,197.0,62.0,0.8007927088289828
32,A*-GA,199.0,62.0,0.7998510849486173
32,A*-GA,201.0,62.0,0.7989287429729299
32,A*-GA,203.0,62.0,0.7979010372869627
32,A*-GA,205.0,62.0,0.7967745213901123
32,A*-GA,207.0,62.0,0.7955556220552817
32,A*-GA,209.0,64.0,0.7942502208749265
32,A*-GA,211.0,64.0,0.7928636745681481
32,A*-GA,213.0,64.0,0.7914012653729716
32,A*-GA,215.0,64.0,0.7898681166890057
32,A*-GA,217.0,64.0,0.7882691154339858
32,A*-GA,219.0,64.0,0.7866089219075386
32,A*-GA,221.0,64.0,0.7848919792582977
32,A*-GA,223.0,64.0,0.78312252257009
32,A*-GA,225.0,64.0,0.7813045875822949
32,A*-GA,227.0,66.0,0.7794420190588829
32,A*-GA,229.0,66.0,0.7775384788200662
32,A*-GA,231.0,70.0,0.7755974534499499
32,A*-GA,233.0,72.0,0.7736222616930397
32,A*-GA,235.0,74.0,0.7716160615519577
32,A*-GA,237.0,74.0,0.7695818570982309
32,A*-GA,239.0,76.0,0.7675225050075472
32,A*-GA,241.0,76.0,0.7654407208304286
32,A*-GA,243.0,76.0,0.7633390850088344
32,A*-GA,245.0,80.0,0.7612200503452009
32,A*-GA,247.0,80.0,0.759085951205181
32,A*-GA,249.0,80.0,0.7569390038215716
32,A*-GA,251.0,80.0,0.7547813106216962
32,A*-GA,253.0,80.0,0.7526148651359774
32,A*-GA,255.0,80.0,0.7504415567066095
32,A*-GA,257.0,82.0,0.7482631750042926
32,A*-GA,259.0,82.0,0.7460814143606787
32,A*-GA,261.0,82.0,0.7438978779238746
32,A*-GA,263.0,82.0,0.7417140816440619
32,A*-GA,265.0,82.0,0.7395314580960074
32,A*-GA,267.0,82.0,0.7373513601449788
32,A*-GA,269.0,82.0,0.7351750644623158
32,A*-GA,271.0,82.0,0.7330037748966637
32,A*-GA,273.0,82.0,0.7308386257066366
32,A*-GA,275.0,82.0,0.7286806846604535
32,A*-GA,277.0,84.0,0.7265309560078653
32,A*-GA,279.0,84.0,0.7243903833294859
32,A*-GA,281.0,84.0,0.722259852268435
32,A*-GA,283.0,84.0,0.7201401931490089
32,A*-GA,285.0,84.0,0.7180321834869038
32,A*-GA,287.0,84.0,0.715936550395344
32,A*-GA,289.0,84.0,0.7138539728912905
32,A*-GA,291.0,88.0,0.7117850841057394
32,A*-GA,293.0,88.0,0.7097304734019648
32,A*-GA,295.0,92.0,0.7076906884054046
32,A*-GA,297.0,94.0,0.7056662369487434
32,A*-GA,299.0,94.0,0.7036575889356029
32,A*-GA,301.0,98.0,0.7016651781261196
32,A*-GA,303.0,98.0,0.6996894038475537
32,A*-GA,305.0,98.0,0.6977307469565215
32,A*-GA,307.0,98.0,0.6957895718954495
32,A*-GA,309.0,100.0,0.6938661739220232
32,A*-GA,311.0,100.0,0.6919608204954331
32,A*-GA,313.0,100.0,0.6900737526349247
32,A*-GA,315.0,100.0,0.6882051862206219
32,A*-GA,317.0,100.0,0.6863553132389629
32,A*-GA,319.0,100.0,0.6845243029749938
32,A*-GA,321.0,100.0,0.6827123031536732
32,A*-GA,323.0,100.0,0.6809194410322614
32,A*-GA,325.0,100.0,0.6791458244457781
32,A*-GA,327.0,100.0,0.6773915428074395
32,A*-GA,329.0,100.0,0.6756566680659056
32,A*-GA,331.0,100.0,0.6739412556210987
32,A*-GA,333.0,100.0,0.6722453452002805
32,A*-GA,335.0,100.0,0.6705689616960122
32,A*-GA,337.0,100.0,0.6689121159675526
32,A*-GA,339.0,100.0,0.6672748056071915
32,A*-GA,341.0,100.0,0.6656570156729525
32,A*-GA,343.0,100.0,0.6640587193890438
32,A*-GA,345.0,100.0,0.6624798788153805
32,A*-GA,347.0,100.0,0.6609204454874491
32,A*-GA,349.0,100.0,0.6593803610277326
32,A*-GA,351.0,100.0,0.6578595577298683
32,A*-GA,353.0,100.0,0.6563579591166607
32,A*-GA,355.0,100.0,0.6548754804730313
32,A*-GA,357.0,100.0,0.6534120293549367
32,A*-GA,359.0,100.0,0.6519675060752536
32,A*-GA,361.0,100.0,0.6505418041675827
32,A*-GA,363.0,100.0,0.649134810828888
32,A*-GA,365.0,100.0,0.6477464073418513
32,A*-GA,367.0,100.0,0.6463764694777853
32,A*-GA,369.0,100.0,0.6450248678809158
32,A*-GA,371.0,100.0,0.6436914684348116
32,A*-GA,373.0,100.0,0.6423761326117056
32,A*-GA,375.0,100.0,0.6410787178054268
32,A*-GA,377.0,100.0,0.6397990776486284
32,A*-GA,379.0,100.0,0.6385370623149716
32,A*-GA,381.0,100.0,0.6372925188069
32,A*-GA,383.0,100.0,0.6360652912296101
32,A*-GA,385.0,100.0,0.6348552210518026
32,A*-GA,387.0,100.0,0.6336621473537731
32,A*-GA,389.0,100.0,0.6324859070633789
32,A*-GA,391.0,100.0,0.6313263351803975
32,A*-GA,393.0,100.0,0.6301832649897708
32,A*-GA,395.0,100.0,0.6290565282642102
32,A*-GA,397.0,100.0,0.6279459554566152
32,A*-GA,399.0,100.0,0.6268513758827449
32,A*-GA,401.0,100.0,0.6257726178945587
32,A*-GA,403.0,100.0,0.6247095090446307
32,A*-GA,405.0,100.0,0.62366187624202
32,A*-GA,407.0,100.0,0.6226295458999691
32,A*-GA,409.0,100.0,0.6216123440757838
32,A*-GA,411.0,100.0,0.6206100966032356
32,A*-GA,413.0,100.0,0.6196226292178115
32,A*-GA,415.0,100.0,0.618649767675126
32,A*-GA,417.0,100.0,0.6176913378627936
32,A*-GA,419.0,100.0,0.6167471659060513
32,A*-GA,421.0,100.0,0.6158170782674048
32,A*-GA,423.0,100.0,0.6149009018405658
32,A*-GA,425.0,100.0,0.6139984640389323
32,A*-GA,427.0,100.0,0.6131095928788564
32,A*-GA,429.0,100.0,0.6122341170579302
32,A*-GA,431.0,100.0,0.611371866028519
32,A*-GA,433.0,100.0,0.6105226700667493
32,A*-GA,435.0,100.0,0.6096863603371634
32,A*-GA,437.0,100.0,0.6088627689532328
32,A*-GA,439.0,100.0,0.6080517290339228
32,A*-GA,441.0,100.0,0.6072530747564876
32,A*-GA,443.0,100.0,0.606466641405669
32,A*-GA,445.0,100.0,0.605692265419466
32,A*-GA,447.0,100.0,0.604929784431635
32,A*-GA,449.0,100.0,0.6041790373110711
32,A*-GA,451.0,100.0,0.6034398641982194
32,A*-GA,453.0,100.0,0.6027121065386545
32,A*-GA,455.0,100.0,0.6019956071139633
32,A*-GA,457.0,100.0,0.6012902100700602
32,A*-GA,459.0,100.0,0.6005957609430561
32,A*-GA,461.0,100.0,0.5999121066828014
33,EHCO,1.0,0.0,0.8062240867940156
33,EHCO,3.0,0.0,0.8127312887136005
33,EHCO,5.0,0.0,0.8188939701507016
33,EHCO,7.0,0.0,0.8247152840305673
33,EHCO,9.0,0.0,0.8300859284338725
33,EHCO,11.0,0.0,0.8350272516930997
33,EHCO,13.0,0.0,0.8395597040124667
33,EHCO,15.0,0.0,0.8437028737035613
33,EHCO,17.0,0.0,0.8474755219828951
33,EHCO,19.0,0.0,0.8508956163880634
33,EHCO,21.0,0.0,0.8539803628669744
33,EHCO,23.0,2.0,0.856746236592467
33,EHCO,25.0,2.0,0.8592090115525784
33,EHCO,27.0,2.0,0.8613837889647534
33,EHCO,29.0,2.0,0.8632850245603786
33,EHCO,31.0,4.0,0.8649265547842091
33,EHCO,33.0,4.0,0.8663674803975284
33,EHCO,35.0,6.0,0.8677531821652201
33,EHCO,37.0,6.0,0.8690858956432341
33,EHCO,39.0,8.0,0.8703562594394341
33,EHCO,41.0,10.0,0.8715332523791772
33,EHCO,43.0,10.0,0.8726212513064728
33,EHCO,45.0,10.0,0.8736244495625202
33,EHCO,47.0,12.0,0.8745468643795236
33,EHCO,49.0,12.0,0.8753923439812274
33,EHCO,51.0,12.0,0.8761645744017271
33,EHCO,53.0,12.0,0.876867086033662
33,EHCO,55.0,12.0,0.8775032599164572
33,EHCO,57.0,12.0,0.8780763337748634
33,EHCO,59.0,12.0,0.8785894078176406
33,EHCO,61.0,12.0,0.8790454503058427
33,EHCO,63.0,12.0,0.8794473028997917
33,EHCO,65.0,14.000000000000002,0.8797976857934691
33,EHCO,67.0,16.0,0.8800992026447125
33,EHCO,69.0,16.0,0.8803543453092719
33,EHCO,71.0,18.0,0.8805654983864664
33,EHCO,73.0,18.0,0.8807453803513474
33,EHCO,75.0,22.0,0.8807926948258944
33,EHCO,77.0,22.0,0.8806710055639734
33,EHCO,79.0,22.0,0.8803896996121906
33,EHCO,81.0,24.0,0.8799577501950051
33,EHCO,83.0,24.0,0.8793837337020954
33,EHCO,85.0,24.0,0.8786758459968653
33,EHCO,87.0,24.0,0.8778419180729266
33,EHCO,89.0,26.0,0.8768894310843405
33,EHCO,91.0,28.000000000000004,0.8758255307743832
33,EHCO,93.0,28.000000000000004,0.8746570413266276
33,EHCO,95.0,30.0,0.8733904786611952
33,EHCO,97.0,30.0,0.8720320631981358
33,EHCO,99.0,30.0,0.8705877321090213
33,EHCO,101.0,30.0,0.8690631510770201
33,EHCO,103.0,30.0,0.8674637255849074
33,EHCO,105.0,30.0,0.8657946117497131
33,EHCO,107.0,30.0,0.8641022720639666
33,EHCO,109.0,30.0,0.8625117408445486
33,EHCO,111.0,32.0,0.8610187163457149
33,EHCO,113.0,34.0,0.8596112162943904
33,EHCO,115.0,36.0,0.8582626714828976
33,EHCO,117.0,36.0,0.8569707240204654
33,EHCO,119.0,36.0,0.8557331090140983
33,EHCO,121.0,36.0,0.8545553338837906
33,EHCO,123.0,36.0,0.8533335157515108
33,EHCO,125.0,38.0,0.8520303192432885
33,EHCO,127.0,38.0,0.8506510684815133
33,EHCO,129.0,38.0,0.8492008434910384
33,EHCO,131.0,42.0,0.8476844903574311
33,EHCO,133.0,42.0,0.8461066309770917
33,EHCO,135.0,42.0,0.8444716724154112
33,EHCO,137.0,42.0,0.8427838158885008
33,EHCO,139.0,42.0,0.8410470653834141
33,EHCO,141.0,48.0,0.839265235931194
33,EHCO,143.0,50.0,0.8374419615465144
33,EHCO,145.0,50.0,0.8356205218825852
33,EHCO,147.0,50.0,0.8339196096630888
33,EHCO,149.0,52.0,0.8323340379247647
33,EHCO,151.0,54.0,0.8308186357568514
33,EHCO,153.0,54.0,0.8292525686378301
33,EHCO,155.0,56.00000000000001,0.827639638523877
33,EHCO,157.0,56.00000000000001,0.8259834682321513
33,EHCO,159.0,57.99999999999999,0.8242875089640574
33,EHCO,161.0,57.99999999999999,0.8225550475251778
33,EHCO,163.0,57.99999999999999,0.8207892132539116
33,EHCO,165.0,57.99999999999999,0.818992984670381
33,EHCO,167.0,57.99999999999999,0.8171691958567082
33,EHCO,169.0,57.99999999999999,0.8153205425793325
33,EHCO,171.0,57.99999999999999,0.8134495881636101
33,EHCO,173.0,57.99999999999999,0.8115587691305438
33,EHCO,175.0,60.0,0.8096504006050929
33,EHCO,177.0,60.0,0.8077266815051464
33,EHCO,179.0,60.0,0.8057896995198832
33,EHCO,181.0,60.0,0.8038414358858956
33,EHCO,183.0,62.0,0.801996558374955
33,EHCO,185.0,62.0,0.8002879748984181
33,EHCO,187.0,64.0,0.7987096323802644
33,EHCO,189.0,64.0,0.7972326120477208
33,EHCO,191.0,66.0,0.7958449273042754
33,EHCO,193.0,70.0,0.7945427228886526
33,EHCO,195.0,70.0,0.7933222986551544
33,EHCO,197.0,70.0,0.792164565619438
33,EHCO,199.0,70.0,0.7909614046088226
33,EHCO,201.0,70.0,0.7897053044605501
33,EHCO,203.0,70.0,0.7883682286750164
33,EHCO,205.0,72.0,0.7869555011474224
33,EHCO,207.0,74.0,0.7854722014269594
33,EHCO,209.0,74.0,0.7839231748890619
33,EHCO,211.0,74.0,0.7823130424989089
33,EHCO,213.0,74.0,0.780646210182369
33,EHCO,215.0,74.0,0.778926877819949
33,EHCO,217.0,74.0,0.7771590478786871
33,EHCO,219.0,76.0,0.775346533696349
33,EHCO,221.0,78.0,0.7734929674317167
33,EHCO,223.0,78.0,0.7716018076942145
33,EHCO,225.0,80.0,0.7696763468656002
33,EHCO,227.0,80.0,0.7677197181259405
33,EHCO,229.0,80.0,0.7657349883740533
33,EHCO,231.0,80.0,0.7637252440799065
33,EHCO,233.0,82.0,0.7616931669341024
33,EHCO,235.0,82.0,0.7596413053203532
33,EHCO,237.0,82.0,0.7575720800096123
33,EHCO,239.0,82.0,0.7554877896231489
33,EHCO,241.0,84.0,0.7533906158737547
33,EHCO,243.0,84.0,0.7512826285939148
33,EHCO,245.0,84.0,0.7491657905594192
33,EHCO,247.0,84.0,0.747041962116563
33,EHCO,249.0,84.0,0.7449129056207592
33,EHCO,251.0,84.0,0.7427802896940764
33,EHCO,253.0,84.0,0.7406456933089234
33,EHCO,255.0,84.0,0.7385106097048111
33,EHCO,257.0,84.0,0.736376450144853
33,EHCO,259.0,88.0,0.7342445475183985
33,EHCO,261.0,88.0,0.732116159795945
33,EHCO,263.0,88.0,0.7299924733422277
33,EHCO,265.0,88.0,0.7278746060931548
33,EHCO,267.0,88.0,0.7257636106020331
33,EHCO,269.0,88.0,0.7236604769603104
33,EHCO,271.0,90.0,0.7215661355978578
33,EHCO,273.0,90.0,0.7194814599676125
33,EHCO,275.0,92.0,0.7174072691192159
33,EHCO,277.0,94.0,0.7153443301660941
33,EHCO,279.0,94.0,0.7132933606502535
33,EHCO,281.0,96.0,0.7112550308088957
33,EHCO,283.0,96.0,0.709229965746792
33,EHCO,285.0,96.0,0.7072187475182034
33,EHCO,287.0,96.0,0.7052219171219805
33,EHCO,289.0,96.0,0.7032399764133339
33,EHCO,291.0,96.0,0.7012733899356289
33,EHCO,293.0,96.0,0.6993225866754229
33,EHCO,295.0,96.0,0.6973879617438388
33,EHCO,297.0,98.0,0.695469877987243
33,EHCO,299.0,98.0,0.6935686675300804
33,EHCO,301.0,98.0,0.691684633252603
33,EHCO,303.0,98.0,0.6898180502061253
33,EHCO,305.0,98.0,0.6879691669683274
33,EHCO,307.0,98.0,0.6861382069410354
33,EHCO,309.0,98.0,0.6843253695928034
33,EHCO,311.0,98.0,0.6825308316485377
33,EHCO,313.0,98.0,0.6807547482283064
33,EHCO,315.0,98.0,0.6789972539373991
33,EHCO,317.0,98.0,0.6772584639096147
33,EHCO,319.0,98.0,0.6755384748056805
33,EHCO,321.0,98.0,0.6738373657686252
33,EHCO,323.0,98.0,0.6721551993378608
33,EHCO,325.0,98.0,0.670492022323656
33,EHCO,327.0,98.0,0.6688478666436145
33,EHCO,329.0,100.0,0.6672227501227143
33,EHCO,331.0,100.0,0.6656166772583926
33,EHCO,333.0,100.0,0.6640296399521092
33,EHCO,335.0,100.0,0.6624616182087616
33,EHCO,337.0,100.0,0.6609125808052682
33,EHCO,339.0,100.0,0.6593824859295871
33,EHCO,341.0,100.0,0.6578712817913844
33,EHCO,343.0,100.0,0.6563789072055181
33,EHCO,345.0,100.0,0.6549052921494585
33,EHCO,347.0,100.0,0.6534503582957197
33,EHCO,349.0,100.0,0.6520140195203334
33,EHCO,351.0,100.0,0.6505961823883563
33,EHCO,353.0,100.0,0.649196746617361
33,EHCO,355.0,100.0,0.6478156055198259
33,EHCO,357.0,100.0,0.6464526464252954
33,EHCO,359.0,100.0,0.6451077510831569
33,EHCO,361.0,100.0,0.643780796046837
33,EHCO,363.0,100.0,0.6424716530401953
33,EHCO,365.0,100.0,0.641180189306857
33,EHCO,367.0,100.0,0.6399062679431989
33,EHCO,369.0,100.0,0.638649748215674
33,EHCO,371.0,100.0,0.6374104858631311
33,EHCO,373.0,100.0,0.636188333384762
33,EHCO,375.0,100.0,0.6349831403142796
33,EHCO,377.0,100.0,0.6337947534809093
33,EHCO,379.0,100.0,0.6326230172577508
33,EHCO,381.0,100.0,0.6314677737980452
33,EHCO,383.0,100.0,0.6303288632598609
33,EHCO,385.0,100.0,0.629206124019691
33,EHCO,387.0,100.0,0.6280993928754339
33,EHCO,389.0,100.0,0.6270085052392119
33,EHCO,391.0,100.0,0.6259332953204617
33,EHCO,393.0,100.0,0.6248735962997148
33,EHCO,395.0,100.0,0.6238292404934683
33,EHCO,397.0,100.0,0.6228000595105293
33,EHCO,399.0,100.0,0.6217858844002025
33,EHCO,401.0,100.0,0.6207865457926744
33,EHCO,403.0,100.0,0.6198018740319314
33,EHCO,405.0,100.0,0.6188316993015396
33,EHCO,407.0,100.0,0.6178758517435962
33,EHCO,409.0,100.0,0.616934161571153
33,EHCO,411.0,100.0,0.6160064591743979
33,EHCO,413.0,100.0,0.6150925752208691
33,EHCO,415.0,100.0,0.6141923407499686
33,EHCO,417.0,100.0,0.6133055872620242
33,EHCO,419.0,100.0,0.6124321468021444
33,EHCO,421.0,100.0,0.6115718520391007
33,EHCO,423.0,100.0,0.6107245363394562
33,EHCO,425.0,100.0,0.6098900338371578
33,EHCO,427.0,100.0,0.6090681794987943
33,EHCO,429.0,100.0,0.6082588091847208
33,EHCO,431.0,100.0,0.6074617597062313
33,EHCO,433.0,100.0,0.6066768688789679
33,EHCO,435.0,100.0,0.6059039755727316
33,EHCO,437.0,100.0,0.6051429197578677
33,EHCO,439.0,100.0,0.6043935425483797
33,EHCO,441.0,100.0,0.6036556862419251
33,EHCO,443.0,100.0,0.602929194356841
33,EHCO,445.0,100.0,0.6022139116663371
33,EHCO,447.0,100.0,0.60150968422999
33,EHCO,449.0,100.0,0.6008163594226691
33,EHCO,451.0,100.0,0.6001337859610142
33,A*-GA,1.0,0.0,0.8062240867940156
33,A*-GA,3.0,0.0,0.8127312887136005
33,A*-GA,5.0,0.0,0.8188939701507016
33,A*-GA,7.0,0.0,0.8247271160089705
33,A*-GA,9.0,0.0,0.8302450990497767
33,A*-GA,11.0,0.0,0.8354617043078605
33,A*-GA,13.0,0.0,0.8403901525425296
33,A*-GA,15.0,0.0,0.8450431227623446
33,A*-GA,17.0,0.0,0.8494327738597478
33,A*-GA,19.0,0.0,0.8535707653906588
33,A*-GA,21.0,0.0,0.8574682775326835
33,A*-GA,23.0,2.0,0.8611360302542622
33,A*-GA,25.0,2.0,0.8645843017258125
33,A*-GA,27.0,2.0,0.8678229460027014
33,A*-GA,29.0,2.0,0.8708614100087123
33,A*-GA,31.0,2.0,0.873720258324472
33,A*-GA,33.0,4.0,0.876304602808719
33,A*-GA,35.0,6.0,0.8785831425170938
33,A*-GA,37.0,6.0,0.8805712472553079
33,A*-GA,39.0,6.0,0.8822836281215883
33,A*-GA,41.0,6.0,0.8837343642691531
33,A*-GA,43.0,6.0,0.8849369286035698
33,A*-GA,45.0,6.0,0.8859042124570317
33,A*-GA,47.0,8.0,0.8866485492799363
33,A*-GA,49.0,8.0,0.8871817373885587
33,A*-GA,51.0,8.0,0.88751506180609
33,A*-GA,53.0,8.0,0.8876593152328427
33,A*-GA,55.0,8.0,0.8876248181800173
33,A*-GA,57.0,10.0,0.8874214383000717
33,A*-GA,59.0,12.0,0.8870586089454335
33,A*-GA,61.0,12.0,0.8865453469860491
33,A*-GA,63.0,12.0,0.8858902699150604
33,A*-GA,65.0,12.0,0.8851016122707489
33,A*-GA,67.0,12.0,0.8841872414017814
33,A*-GA,69.0,12.0,0.8831546726017231
33,A*-GA,71.0,12.0,0.8820110836377653
33,A*-GA,73.0,12.0,0.8807633286976327
33,A*-GA,75.0,16.0,0.8794179517776899
33,A*-GA,77.0,16.0,0.8780239022293695
33,A*-GA,79.0,18.0,0.8767108050762119
33,A*-GA,81.0,18.0,0.8754752779022277
33,A*-GA,83.0,20.0,0.8743056170759496
33,A*-GA,85.0,20.0,0.8731743700504746
33,A*-GA,87.0,20.0,0.8720801477164272
33,A*-GA,89.0,22.0,0.8710216135109128
33,A*-GA,91.0,22.0,0.8699974813883278
33,A*-GA,93.0,24.0,0.8690065138702417
33,A*-GA,95.0,26.0,0.8680475201712596
33,A*-GA,97.0,26.0,0.8671193543978908
33,A*-GA,99.0,26.0,0.8662025885698968
33,A*-GA,101.0,26.0,0.8651793420945283
33,A*-GA,103.0,26.0,0.8640561409556594
33,A*-GA,105.0,26.0,0.8628392163024302
33,A*-GA,107.0,26.0,0.8615345166572185
33,A*-GA,109.0,28.000000000000004,0.8601477196340894
33,A*-GA,111.0,30.0,0.858684243187103
33,A*-GA,113.0,30.0,0.8571492564070935
33,A*-GA,115.0,30.0,0.8555476898848056
33,A*-GA,117.0,30.0,0.8538842456575655
33,A*-GA,119.0,32.0,0.8521634067559877
33,A*-GA,121.0,32.0,0.85038944636657
33,A*-GA,123.0,32.0,0.8485664366254045
33,A*-GA,125.0,32.0,0.8466982570576305
33,A*-GA,127.0,34.0,0.8447886026766809
33,A*-GA,129.0,34.0,0.8428409917568203
33,A*-GA,131.0,34.0,0.8408587732919374
33,A*-GA,133.0,34.0,0.8388451341530485
33,A*-GA,135.0,34.0,0.8368031059564724
33,A*-GA,137.0,36.0,0.8347355716541716
33,A*-GA,139.0,36.0,0.8326452718572934
33,A*-GA,141.0,38.0,0.8306516654119166
33,A*-GA,143.0,38.0,0.8287894056309945
33,A*-GA,145.0,42.0,0.8270527526594098
33,A*-GA,147.0,44.0,0.8254130873412902
33,A*-GA,149.0,46.0,0.8238587096412484
33,A*-GA,151.0,46.0,0.8223860383299192
33,A*-GA,153.0,46.0,0.8209916352700442
33,A*-GA,155.0,46.0,0.8196721997742565
33,A*-GA,157.0,46.0,0.8184245631845257
33,A*-GA,159.0,46.0,0.8172456836645631
33,A*-GA,161.0,46.0,0.8161326411968315
33,A*-GA,163.0,46.0,0.8150826327761287
33,A*-GA,165.0,48.0,0.8140929677920283
33,A*-GA,167.0,48.0,0.8131610635927674
33,A*-GA,169.0,48.0,0.8122844412234591
33,A*-GA,171.0,48.0,0.8114607213317887
33,A*-GA,173.0,52.0,0.8106876202346173
33,A*-GA,175.0,52.0,0.8099629461391809
33,A*-GA,177.0,52.0,0.8092845955128141
33,A*-GA,179.0,54.0,0.8086505495953706
33,A*-GA,181.0,54.0,0.8080588710487384
33,A*-GA,183.0,54.0,0.8075077007380681
33,A*-GA,185.0,54.0,0.8069952546395454
33,A*-GA,187.0,54.0,0.8065198208697402
33,A*-GA,189.0,56.00000000000001,0.8060797568317587
33,A*-GA,191.0,56.00000000000001,0.8056562204649084
33,A*-GA,193.0,56.00000000000001,0.805138035175552
33,A*-GA,195.0,56.00000000000001,0.8045307474146827
33,A*-GA,197.0,56.00000000000001,0.803839655743857
33,A*-GA,199.0,56.00000000000001,0.8030698210607156
33,A*-GA,201.0,56.00000000000001,0.8022152872179593
33,A*-GA,203.0,56.00000000000001,0.8012495076282188
33,A*-GA,205.0,56.00000000000001,0.8001792336174628
33,A*-GA,207.0,56.00000000000001,0.7990109122019711
33,A*-GA,209.0,56.00000000000001,0.797750698678499
33,A*-GA,211.0,57.99999999999999,0.7964044687097541
33,A*-GA,213.0,57.99999999999999,0.7949778299251609
33,A*-GA,215.0,57.99999999999999,0.7934761330561031
33,A*-GA,217.0,60.0,0.791904482624081
33,A*-GA,219.0,64.0,0.790267747199489
33,A*-GA,221.0,66.0,0.7885708260760483
33,A*-GA,223.0,66.0,0.7868182194609853
33,A*-GA,225.0,70.0,0.7850140464091562
33,A*-GA,227.0,70.0,0.7831620620441868
33,A*-GA,229.0,70.0,0.7812660964504786
33,A*-GA,231.0,70.0,0.779329797154702
33,A*-GA,233.0,70.0,0.7773566368214408
33,A*-GA,235.0,70.0,0.7753500068165521
33,A*-GA,237.0,72.0,0.7733133036767889
33,A*-GA,239.0,74.0,0.7712495053518307
33,A*-GA,241.0,74.0,0.7691611864175818
33,A*-GA,243.0,76.0,0.7670509635765881
33,A*-GA,245.0,76.0,0.7649214066028194
33,A*-GA,247.0,76.0,0.7627749567139304
33,A*-GA,249.0,76.0,0.7606139365475859
33,A*-GA,251.0,78.0,0.7584405525572174
33,A*-GA,253.0,78.0,0.7562568976156195
33,A*-GA,255.0,80.0,0.7540649559173276
33,A*-GA,257.0,80.0,0.7518666076812943
33,A*-GA,259.0,80.0,0.7496636336618208
33,A*-GA,261.0,80.0,0.7474577194753842
33,A*-GA,263.0,80.0,0.7452504597507037
33,A*-GA,265.0,80.0,0.7430433621090929
33,A*-GA,267.0,80.0,0.740837850981873
33,A*-GA,269.0,80.0,0.7386352712713491
33,A*-GA,271.0,80.0,0.7364368918615986
33,A*-GA,273.0,80.0,0.7342439089850704
33,A*-GA,275.0,80.0,0.7320574494507612
33,A*-GA,277.0,80.0,0.7298785737394998
33,A*-GA,279.0,82.0,0.7277082789716598
33,A*-GA,281.0,82.0,0.7255475017524052
33,A*-GA,283.0,82.0,0.723397120899374
33,A*-GA,285.0,82.0,0.7212579600575084
33,A*-GA,287.0,82.0,0.7191307902055577
33,A*-GA,289.0,82.0,0.7170163320585964
33,A*-GA,291.0,84.0,0.7149152583707314
33,A*-GA,293.0,88.0,0.712828196142007
33,A*-GA,295.0,88.0,0.7107557287333525
33,A*-GA,297.0,92.0,0.7086983978932733
33,A*-GA,299.0,92.0,0.7066567056998324
33,A*-GA,301.0,94.0,0.7046311164213326
33,A*-GA,303.0,94.0,0.7026220582989722
33,A*-GA,305.0,98.0,0.7006299252546199
33,A*-GA,307.0,98.0,0.6986550785267268
33,A*-GA,309.0,98.0,0.6966978482372762
33,A*-GA,311.0,98.0,0.6947585348925546
33,A*-GA,313.0,98.0,0.6928374108204188
33,A*-GA,315.0,98.0,0.690934721546627
33,A*-GA,317.0,98.0,0.6890506871126983
33,A*-GA,319.0,98.0,0.6871855033376697
33,A*-GA,321.0,98.0,0.6853393430260243
33,A*-GA,323.0,98.0,0.683512357123973
33,A*-GA,325.0,98.0,0.6817046758261871
33,A*-GA,327.0,98.0,0.6799164096349943
33,A*-GA,329.0,98.0,0.6781476503739711
33,A*-GA,331.0,98.0,0.6763984721577883
33,A*-GA,333.0,98.0,0.6746689323200903
33,A*-GA,335.0,98.0,0.6729590723011207
33,A*-GA,337.0,98.0,0.6712689184967356
33,A*-GA,339.0,98.0,0.6695985044030243
33,A*-GA,341.0,98.0,0.6679478892038978
33,A*-GA,343.0,100.0,0.6663170520614641
33,A*-GA,345.0,100.0,0.6647059604618883
33,A*-GA,347.0,100.0,0.6631145708799361
33,A*-GA,349.0,100.0,0.6615428294140326
33,A*-GA,351.0,100.0,0.6599906723930532
33,A*-GA,353.0,100.0,0.6584580269560062
33,A*-GA,355.0,100.0,0.6569448116057311
33,A*-GA,357.0,100.0,0.6554509367376802
33,A*-GA,359.0,100.0,0.6539763051448166
33,A*-GA,361.0,100.0,0.6525208124996172
33,A*-GA,363.0,100.0,0.6510843478141294
33,A*-GA,365.0,100.0,0.6496667938789924
33,A*-GA,367.0,100.0,0.6482680276822985
33,A*-GA,369.0,100.0,0.6468879208091338
33,A*-GA,371.0,100.0,0.6455263398226024
33,A*-GA,373.0,100.0,0.6441831466271098
33,A*-GA,375.0,100.0,0.6428581988146466
33,A*-GA,377.0,100.0,0.6415513499947834
33,A*-GA,379.0,100.0,0.6402624501090637
33,A*-GA,381.0,100.0,0.6389913457304479
33,A*-GA,383.0,100.0,0.6377378803484397
33,A*-GA,385.0,100.0,0.6365018946404979
33,A*-GA,387.0,100.0,0.6352832267303148
33,A*-GA,389.0,100.0,0.6340817124335167
33,A*-GA,391.0,100.0,0.6328971854913201
33,A*-GA,393.0,100.0,0.6317294777926561
33,A*-GA,395.0,100.0,0.6305784195852552
33,A*-GA,397.0,100.0,0.629443839676163
33,A*-GA,399.0,100.0,0.6283255656221395
33,A*-GA,401.0,100.0,0.6272234239103764
33,A*-GA,403.0,100.0,0.6261372401299493
33,A*-GA,405.0,100.0,0.6250668391344015
33,A*-GA,407.0,100.0,0.6240120451958473
33,A*-GA,409.0,100.0,0.622972682150958
33,A*-GA,411.0,100.0,0.6219485735391851
33,A*-GA,413.0,100.0,0.62093954273356
33,A*-GA,415.0,100.0,0.6199454130643913
33,A*-GA,417.0,100.0,0.6189660079361748
33,A*-GA,419.0,100.0,0.6180011509380109
33,A*-GA,421.0,100.0,0.6170506659478181
33,A*-GA,423.0,100.0,0.6161143772306159
33,A*-GA,425.0,100.0,0.6151921095311405
33,A*-GA,427.0,100.0,0.6142836881610443
33,A*-GA,429.0,100.0,0.6133889390809242
33,A*-GA,431.0,100.0,0.6125076889774068
33,A*-GA,433.0,100.0,0.6116397653355153
33,A*-GA,435.0,100.0,0.610784996506531
33,A*-GA,437.0,100.0,0.6099432117715524
33,A*-GA,439.0,100.0,0.6091142414009495
33,A*-GA,441.0,100.0,0.6082979167098993
33,A*-GA,443.0,100.0,0.6074940701101845
33,A*-GA,445.0,100.0,0.6067025351584249
33,A*-GA,447.0,100.0,0.6059231466009095
33,A*-GA,449.0,100.0,0.6051557404151869
33,A*-GA,451.0,100.0,0.6044001538485642
33,A*-GA,453.0,100.0,0.6036562254536612
33,A*-GA,455.0,100.0,0.6029237951211596
33,A*-GA,457.0,100.0,0.6022027041098784
33,A*-GA,459.0,100.0,0.601492795074307
33,A*-GA,461.0,100.0,0.6007939120897127
33,A*-GA,463.0,100.0,0.6001059006749465
34,EHCO,1.0,0.0,0.7579754577932551
34,EHCO,3.0,0.0,0.7663754432608257
34,EHCO,5.0,0.0,0.7743566547462026
34,EHCO,7.0,0.0,0.7819369901021826
34,EHCO,9.0,0.0,0.7891336207649002
34,EHCO,11.0,0.0,0.795974529129368
34,EHCO,13.0,0.0,0.8023719502630526
34,EHCO,15.0,0.0,0.8083014234415903
34,EHCO,17.0,0.0,0.8137848868621669
34,EHCO,19.0,0.0,0.8188433589073918
34,EHCO,21.0,0.0,0.8234969752076507
34,EHCO,23.0,0.0,0.8277650242333413
34,EHCO,25.0,0.0,0.8316659814749325
34,EHCO,27.0,0.0,0.8352175422665081
34,EHCO,29.0,0.0,0.8384366533062697
34,EHCO,31.0,0.0,0.8413395429253715
34,EHCO,33.0,0.0,0.8439417501544391
34,EHCO,35.0,2.0,0.8462581526351848
34,EHCO,37.0,2.0,0.8483029934226682
34,EHCO,39.0,2.0,0.8500899067219595
34,EHCO,41.0,4.0,0.8516319426012423
34,EHCO,43.0,4.0,0.8529415907217403
34,EHCO,45.0,6.0,0.8540308031232635
34,EHCO,47.0,6.0,0.8549110161026454
34,EHCO,49.0,8.0,0.8555931712208742
34,EHCO,51.0,8.0,0.8560877354733143
34,EHCO,53.0,8.0,0.8565355216909826
34,EHCO,55.0,8.0,0.8569818976245508
34,EHCO,57.0,10.0,0.8574267400786194
34,EHCO,59.0,10.0,0.8578413670190014
34,EHCO,61.0,12.0,0.8582178410829827
34,EHCO,63.0,12.0,0.8585580151214368
34,EHCO,65.0,12.0,0.8588730810366004
34,EHCO,67.0,14.000000000000002,0.8590613436341784
34,EHCO,69.0,16.0,0.859086948275138
34,EHCO,71.0,18.0,0.8589588367835963
34,EHCO,73.0,18.0,0.8586855578717125
34,EHCO,75.0,18.0,0.8582752832609758
34,EHCO,77.0,18.0,0.8577358231594953
34,EHCO,79.0,18.0,0.857074641120747
34,EHCO,81.0,22.0,0.8562988683082317
34,EHCO,83.0,22.0,0.8554153171895329
34,EHCO,85.0,22.0,0.8544304946823439
34,EHCO,87.0,22.0,0.853350614774139
34,EHCO,89.0,22.0,0.8521816106363157
34,EHCO,91.0,24.0,0.8509291462528112
34,EHCO,93.0,24.0,0.8495986275824116
34,EHCO,95.0,24.0,0.848236329221704
34,EHCO,97.0,24.0,0.8469662882112864
34,EHCO,99.0,24.0,0.845784539965498
34,EHCO,101.0,26.0,0.8446794265592998
34,EHCO,103.0,26.0,0.8436246908190355
34,EHCO,105.0,30.0,0.8426182750524844
34,EHCO,107.0,32.0,0.8416582031895529
34,EHCO,109.0,32.0,0.8407425775703186
34,EHCO,111.0,36.0,0.8398695758591888
34,EHCO,113.0,36.0,0.8390374480802243
34,EHCO,115.0,36.0,0.8382445137688744
34,EHCO,117.0,36.0,0.837489159235555
34,EHCO,119.0,38.0,0.8367698349366807
34,EHCO,121.0,38.0,0.8360850529489348
34,EHCO,123.0,38.0,0.8354148331688636
34,EHCO,125.0,40.0,0.8346444551473107
34,EHCO,127.0,40.0,0.8337799324780579
34,EHCO,129.0,40.0,0.8328270083906515
34,EHCO,131.0,42.0,0.8317911669261792
34,EHCO,133.0,42.0,0.8306776436652122
34,EHCO,135.0,42.0,0.8294914360256355
34,EHCO,137.0,42.0,0.8282373131473919
34,EHCO,139.0,42.0,0.8269198253804982
34,EHCO,141.0,42.0,0.8255433133920427
34,EHCO,143.0,44.0,0.8241119169072567
34,EHCO,145.0,44.0,0.8226295830991611
34,EHCO,147.0,44.0,0.8211000746407113
34,EHCO,149.0,44.0,0.8195269774328224
34,EHCO,151.0,44.0,0.8179137080211235
34,EHCO,153.0,44.0,0.816263520713788
34,EHCO,155.0,46.0,0.8145795144122967
34,EHCO,157.0,50.0,0.8128646391665258
34,EHCO,159.0,50.0,0.8111217024651018
34,EHCO,161.0,50.0,0.8093533752715334
34,EHCO,163.0,50.0,0.807676576994236
34,EHCO,165.0,50.0,0.8061252608306403
34,EHCO,167.0,52.0,0.8046938444636503
34,EHCO,169.0,52.0,0.8033538608966265
34,EHCO,171.0,52.0,0.8020937570767819
34,EHCO,173.0,52.0,0.8009100937750375
34,EHCO,175.0,54.0,0.7998072530279061
34,EHCO,177.0,54.0,0.7986887933042157
34,EHCO,179.0,54.0,0.7975185531817266
34,EHCO,181.0,56.00000000000001,0.7963001394301221
34,EHCO,183.0,56.00000000000001,0.7950369912866115
34,EHCO,185.0,57.99999999999999,0.7937323874585921
34,EHCO,187.0,57.99999999999999,0.7923894528444827
34,EHCO,189.0,60.0,0.7910111649839058
34,EHCO,191.0,62.0,0.7896003602479488
34,EHCO,193.0,64.0,0.7881597397798161
34,EHCO,195.0,64.0,0.7866918751957755
34,EHCO,197.0,64.0,0.7851992140559121
34,EHCO,199.0,64.0,0.7836840851138299
34,EHCO,201.0,64.0,0.7821379141569567
34,EHCO,203.0,64.0,0.7805316460221239
34,EHCO,205.0,64.0,0.7788696285416097
34,EHCO,207.0,64.0,0.7771560060874956
34,EHCO,209.0,64.0,0.7753947280970848
34,EHCO,211.0,64.0,0.7735898140829044
34,EHCO,213.0,64.0,0.7717449222246634
34,EHCO,215.0,66.0,0.7698633657687562
34,EHCO,217.0,70.0,0.7679481287758675
34,EHCO,219.0,72.0,0.7660023035981216
34,EHCO,221.0,72.0,0.7640288320020796
34,EHCO,223.0,72.0,0.762030511560023
34,EHCO,225.0,74.0,0.760010002132745
34,EHCO,227.0,74.0,0.7579698360415426
34,EHCO,229.0,76.0,0.7559124216870607
34,EHCO,231.0,76.0,0.7538400459271389
34,EHCO,233.0,76.0,0.7517548792921995
34,EHCO,235.0,78.0,0.7496589809886474
34,EHCO,237.0,78.0,0.747554303698715
34,EHCO,239.0,78.0,0.7454426981848601
34,EHCO,241.0,80.0,0.7433259177065009
34,EHCO,243.0,80.0,0.741205622256568
34,EHCO,245.0,80.0,0.7390833826250558
34,EHCO,247.0,80.0,0.7369606842964703
34,EHCO,249.0,80.0,0.7348389311878041
34,EHCO,251.0,80.0,0.7327194492333989
34,EHCO,253.0,80.0,0.730603489822814
34,EHCO,255.0,80.0,0.728492233097567
34,EHCO,257.0,80.0,0.7263867911123919
34,EHCO,259.0,82.0,0.7242882108664267
34,EHCO,261.0,82.0,0.7221974772095369
34,EHCO,263.0,82.0,0.7201155156287686
34,EHCO,265.0,82.0,0.7180431949197336
34,EHCO,267.0,84.0,0.715981329747532
34,EHCO,269.0,84.0,0.7139306831016436
34,EHCO,271.0,84.0,0.7118919686490351
34,EHCO,273.0,84.0,0.7098658529895716
34,EHCO,275.0,86.0,0.7078529578176486
34,EHCO,277.0,88.0,0.7058538619938165
34,EHCO,279.0,90.0,0.7038691035300103
34,EHCO,281.0,90.0,0.7018991814918607
34,EHCO,283.0,90.0,0.6999445578214221
34,EHCO,285.0,90.0,0.6980056590835214
34,EHCO,287.0,90.0,0.6960828781388054
34,EHCO,289.0,90.0,0.6941765757464395
34,EHCO,291.0,90.0,0.6922870820992982
34,EHCO,293.0,92.0,0.6904146982943701
34,EHCO,295.0,92.0,0.6885596977409949
34,EHCO,297.0,94.0,0.6867223275094462
34,EHCO,299.0,96.0,0.6849028096222725
34,EHCO,301.0,96.0,0.6831013422907128
34,EHCO,303.0,96.0,0.6813181010984145
34,EHCO,305.0,96.0,0.679553240134587
34,EHCO,307.0,98.0,0.6778068930786457
34,EHCO,309.0,98.0,0.6760791742383151
34,EHCO,311.0,98.0,0.6743701795430825
34,EHCO,313.0,98.0,0.6726799874948199
34,EHCO,315.0,98.0,0.6710086600773165
34,EHCO,317.0,98.0,0.6693562436263981
34,EHCO,319.0,98.0,0.6677228316405297
34,EHCO,321.0,98.0,0.6661084565516934
34,EHCO,323.0,100.0,0.6645131160171237
34,EHCO,325.0,100.0,0.6629367954809439
34,EHCO,327.0,100.0,0.6613794688566667
34,EHCO,329.0,100.0,0.6598410991795601
34,EHCO,331.0,100.0,0.6583216392301162
34,EHCO,333.0,100.0,0.6568210321298071
34,EHCO,335.0,100.0,0.6553392119102747
34,EHCO,337.0,100.0,0.6538761040570444
34,EHCO,339.0,100.0,0.6524316260288177
34,EHCO,341.0,100.0,0.6510056877533499
34,EHCO,343.0,100.0,0.6495981921008843
34,EHCO,345.0,100.0,0.6482090353360711
34,EHCO,347.0,100.0,0.646838107549264
34,EHCO,349.0,100.0,0.6454852930680522
34,EHCO,351.0,100.0,0.6441504708498492
34,EHCO,353.0,100.0,0.6428335148563281
34,EHCO,355.0,100.0,0.6415342944104611
34,EHCO,357.0,100.0,0.6402526745368904
34,EHCO,359.0,100.0,0.6389885162863286
34,EHCO,361.0,100.0,0.637741677044658
34,EHCO,363.0,100.0,0.6365120108273714
34,EHCO,365.0,100.0,0.635299368559972
34,EHCO,367.0,100.0,0.6341035983449249
34,EHCO,369.0,100.0,0.6329245457157254
34,EHCO,371.0,100.0,0.6317620538786334
34,EHCO,373.0,100.0,0.6306159639425939
34,EHCO,375.0,100.0,0.6294861151378464
34,EHCO,377.0,100.0,0.6283723450237052
34,EHCO,379.0,100.0,0.6272744896859727
34,EHCO,381.0,100.0,0.6261923839244279
34,EHCO,383.0,100.0,0.6251258614308167
34,EHCO,385.0,100.0,0.6240747549577527
34,EHCO,387.0,100.0,0.6230388964789162
34,EHCO,389.0,100.0,0.6220181173409327
34,EHCO,391.0,100.0,0.621012248407286
34,EHCO,393.0,100.0,0.6200211201946141
34,EHCO,395.0,100.0,0.6190445630017191
34,EHCO,397.0,100.0,0.6180824070316079
34,EHCO,399.0,100.0,0.6171344825068703
34,EHCO,401.0,100.0,0.616200619778685
34,EHCO,403.0,100.0,0.6152806494297354
34,EHCO,405.0,100.0,0.6143744023713035
34,EHCO,407.0,100.0,0.6134817099347998
34,EHCO,409.0,100.0,0.612602403957977
34,EHCO,411.0,100.0,0.6117363168660634
34,EHCO,413.0,100.0,0.6108832817480451
34,EHCO,415.0,100.0,0.6100431324283129
34,EHCO,417.0,100.0,0.6092157035338843
34,EHCO,419.0,100.0,0.6084008305574011
34,EHCO,421.0,100.0,0.6075983499160927
34,EHCO,423.0,100.0,0.6068080990068918
34,EHCO,425.0,100.0,0.6060299162578757
34,EHCO,427.0,100.0,0.6052636411762061
34,EHCO,429.0,100.0,0.6045091143927254
34,EHCO,431.0,100.0,0.6037661777033682
34,EHCO,433.0,100.0,0.6030346741075341
34,EHCO,435.0,100.0,0.6023144478435658
34,EHCO,437.0,100.0,0.6016053444214687
34,EHCO,439.0,100.0,0.6009072106530029
34,EHCO,441.0,100.0,0.6002198946792725
34,A*-GA,1.0,0.0,0.7579754577932551
34,A*-GA,3.0,0.0,0.7663754432608257
34,A*-GA,5.0,0.0,0.7743566547462026
34,A*-GA,7.0,0.0,0.7819369901021826
34,A*-GA,9.0,0.0,0.7891336207649002
34,A*-GA,11.0,0.0,0.795963020652439
34,A*-GA,13.0,0.0,0.8024409939231232
34,A*-GA,15.0,0.0,0.8085827016383307
34,A*-GA,17.0,0.0,0.8144026873729124
34,A*-GA,19.0,0.0,0.8199149018146084
34,A*-GA,21.0,0.0,0.8251327263922258
34,A*-GA,23.0,0.0,0.8300689959707861
34,A*-GA,25.0,0.0,0.8347360206503404
34,A*-GA,27.0,0.0,0.8391456067037183
34,A*-GA,29.0,0.0,0.843309076687086
34,A*-GA,31.0,0.0,0.8472372887558607
34,A*-GA,33.0,0.0,0.8509521636941781
34,A*-GA,35.0,0.0,0.8543601166893793
34,A*-GA,37.0,0.0,0.8574310993196389
34,A*-GA,39.0,0.0,0.8601816850949044
34,A*-GA,41.0,0.0,0.8626277419092166
34,A*-GA,43.0,0.0,0.8647844606382254
34,A*-GA,45.0,2.0,0.8666663825996856
34,A*-GA,47.0,2.0,0.8682874259217869
34,A*-GA,49.0,2.0,0.869660910862411
34,A*-GA,51.0,2.0,0.8707995841207117
34,A*-GA,53.0,2.0,0.8717156421807885
34,A*-GA,55.0,4.0,0.8724207537256565
34,A*-GA,57.0,4.0,0.8729260811582185
34,A*-GA,59.0,4.0,0.873242301264493
34,A*-GA,61.0,4.0,0.8734241870453623
34,A*-GA,63.0,8.0,0.8736104952917437
34,A*-GA,65.0,8.0,0.873801008339758
34,A*-GA,67.0,10.0,0.8739852630195778
34,A*-GA,69.0,12.0,0.8741335701701262
34,A*-GA,71.0,18.0,0.8742478090517876
34,A*-GA,73.0,18.0,0.8743297774493028
34,A*-GA,75.0,18.0,0.8743811949961817
34,A*-GA,77.0,18.0,0.8744037063665809
34,A*-GA,79.0,18.0,0.8743988843398832
34,A*-GA,81.0,18.0,0.8743682327430049
34,A*-GA,83.0,18.0,0.8743229742773074
34,A*-GA,85.0,18.0,0.8741610583970637
34,A*-GA,87.0,18.0,0.8738459412719716
34,A*-GA,89.0,18.0,0.8733862644953521
34,A*-GA,91.0,18.0,0.8727902871570987
34,A*-GA,93.0,18.0,0.8720659015681237
34,A*-GA,95.0,20.0,0.8712206483560557
34,A*-GA,97.0,20.0,0.8702617309570501
34,A*-GA,99.0,20.0,0.8691960295275954
34,A*-GA,101.0,20.0,0.8680301142992598
34,A*-GA,103.0,20.0,0.8667702583984161
34,A*-GA,105.0,20.0,0.865422450152121
34,A*-GA,107.0,20.0,0.8639924049004838
34,A*-GA,109.0,22.0,0.8626100796913954
34,A*-GA,111.0,22.0,0.8613148384685578
34,A*-GA,113.0,24.0,0.8601029019032943
34,A*-GA,115.0,26.0,0.8589475319787946
34,A*-GA,117.0,26.0,0.85783883355307
34,A*-GA,119.0,26.0,0.8567749570626498
34,A*-GA,121.0,26.0,0.8557541257081286
34,A*-GA,123.0,28.000000000000004,0.8547746325973696
34,A*-GA,125.0,28.000000000000004,0.8538348380008056
34,A*-GA,127.0,30.0,0.8529331667144384
34,A*-GA,129.0,32.0,0.852068105526312
34,A*-GA,131.0,32.0,0.8512382007823994
34,A*-GA,133.0,32.0,0.8504420560480044
34,A*-GA,135.0,32.0,0.8496783298609276
34,A*-GA,137.0,34.0,0.8489457335728018
34,A*-GA,139.0,34.0,0.8482430292751323
34,A*-GA,141.0,34.0,0.8475690278067216
34,A*-GA,143.0,34.0,0.8469225868392862
34,A*-GA,145.0,34.0,0.8463026090381962
34,A*-GA,147.0,34.0,0.8457080402953904
34,A*-GA,149.0,36.0,0.8451378680316364
34,A*-GA,151.0,36.0,0.8445911195654147
34,A*-GA,153.0,36.0,0.8440745435148147
34,A*-GA,155.0,36.0,0.8434845031688482
34,A*-GA,157.0,36.0,0.8427845631741224
34,A*-GA,159.0,38.0,0.841981228299816
34,A*-GA,161.0,38.0,0.8410807118801887
34,A*-GA,163.0,38.0,0.8400889478467416
34,A*-GA,165.0,38.0,0.8390116022784528
34,A*-GA,167.0,40.0,0.8378540844891598
34,A*-GA,169.0,40.0,0.8366215576704055
34,A*-GA,171.0,42.0,0.835318949107348
34,A*-GA,173.0,42.0,0.8339509599846353
34,A*-GA,175.0,44.0,0.8325220747984854
34,A*-GA,177.0,44.0,0.831036570390571
34,A*-GA,179.0,44.0,0.8294985246186932
34,A*-GA,181.0,46.0,0.8279118246786377
34,A*-GA,183.0,46.0,0.8262801750910418
34,A*-GA,185.0,46.0,0.8246071053665555
34,A*-GA,187.0,46.0,0.8230132126321685
34,A*-GA,189.0,48.0,0.8215339762219909
34,A*-GA,191.0,52.0,0.8201643221957375
34,A*-GA,193.0,52.0,0.8188762710653962
34,A*-GA,195.0,52.0,0.8176587372474944
34,A*-GA,197.0,54.0,0.8165087297391986
34,A*-GA,199.0,54.0,0.8154233773560885
34,A*-GA,201.0,54.0,0.8143570677685726
34,A*-GA,203.0,54.0,0.8131833246135072
34,A*-GA,205.0,56.00000000000001,0.811908823973885
34,A*-GA,207.0,57.99999999999999,0.8105399393465724
34,A*-GA,209.0,57.99999999999999,0.8090827541851592
34,A*-GA,211.0,57.99999999999999,0.8075430739396415
34,A*-GA,213.0,57.99999999999999,0.8059264376128589
34,A*-GA,215.0,57.99999999999999,0.8042381288528234
34,A*-GA,217.0,57.99999999999999,0.8024831865993285
34,A*-GA,219.0,60.0,0.8006664153024939
34,A*-GA,221.0,60.0,0.7987923947302138
34,A*-GA,223.0,62.0,0.7968654893808031
34,A*-GA,225.0,64.0,0.7948898575164979
34,A*-GA,227.0,64.0,0.7928694598328444
34,A*-GA,229.0,64.0,0.7908080677784258
34,A*-GA,231.0,64.0,0.7887092715387967
34,A*-GA,233.0,64.0,0.7865764876979573
34,A*-GA,235.0,64.0,0.7844129665901713
34,A*-GA,237.0,64.0,0.7822217993544215
34,A*-GA,239.0,66.0,0.7800059247033199
34,A*-GA,241.0,68.0,0.7777681354178192
34,A*-GA,243.0,68.0,0.7755110845786246
34,A*-GA,245.0,72.0,0.7732375483727965
34,A*-GA,247.0,72.0,0.7709499925693549
34,A*-GA,249.0,76.0,0.7686505868860448
34,A*-GA,251.0,78.0,0.7663412196332935
34,A*-GA,253.0,78.0,0.7640239380467823
34,A*-GA,255.0,78.0,0.7617006830930745
34,A*-GA,257.0,78.0,0.759373292645413
34,A*-GA,259.0,78.0,0.757043505973487
34,A*-GA,261.0,78.0,0.7547129680497044
34,A*-GA,263.0,78.0,0.7523832336792889
34,A*-GA,265.0,80.0,0.7500557714612331
34,A*-GA,267.0,80.0,0.7477319675868614
34,A*-GA,269.0,80.0,0.7454131294824877
34,A*-GA,271.0,80.0,0.7431004893023994
34,A*-GA,273.0,80.0,0.7407952072781497
34,A*-GA,275.0,80.0,0.7384983749299076
34,A*-GA,277.0,80.0,0.7362110181453818
34,A*-GA,279.0,80.0,0.7339341001316242
34,A*-GA,281.0,80.0,0.7316685242448013
34,A*-GA,283.0,80.0,0.7294151367028259
34,A*-GA,285.0,80.0,0.7271747291855439
34,A*-GA,287.0,82.0,0.7249480413269895
34,A*-GA,289.0,82.0,0.7227357631040386
34,A*-GA,291.0,82.0,0.7205385371256221
34,A*-GA,293.0,82.0,0.7183569608264947
34,A*-GA,295.0,82.0,0.716191588569397
34,A*-GA,297.0,84.0,0.7140429336592958
34,A*-GA,299.0,86.0,0.7119114702732419
34,A*-GA,301.0,86.0,0.709797635309245
34,A*-GA,303.0,86.0,0.7077018301574295
34,A*-GA,305.0,88.0,0.7056244223966045
34,A*-GA,307.0,90.0,0.7035657474192616
34,A*-GA,309.0,90.0,0.701526109987887
34,A*-GA,311.0,98.0,0.6995057857253686
34,A*-GA,313.0,98.0,0.697505022542159
34,A*-GA,315.0,98.0,0.695524042002758
34,A*-GA,317.0,98.0,0.6935630406339715
34,A*-GA,319.0,98.0,0.6916221911773061
34,A*-GA,321.0,98.0,0.6897016437877679
34,A*-GA,323.0,98.0,0.6878015271812407
34,A*-GA,325.0,98.0,0.6859219497325335
34,A*-GA,327.0,98.0,0.6840630005261038
34,A*-GA,329.0,98.0,0.6822247503613847
34,A*-GA,331.0,98.0,0.6804072527145635
34,A*-GA,333.0,98.0,0.6786105446585897
34,A*-GA,335.0,98.0,0.6768346477431183
34,A*-GA,337.0,98.0,0.6750795688360242
34,A*-GA,339.0,98.0,0.6733453009280603
34,A*-GA,341.0,98.0,0.6716318239021699
34,A*-GA,343.0,98.0,0.6699391052689014
34,A*-GA,345.0,98.0,0.6682671008693163
34,A*-GA,347.0,98.0,0.6666157555467266
34,A*-GA,349.0,98.0,0.6649850037885446
34,A*-GA,351.0,98.0,0.663374770339475
34,A*-GA,353.0,98.0,0.6617849701387594
34,A*-GA,355.0,98.0,0.6602155071733026
34,A*-GA,357.0,98.0,0.6586662771890307
34,A*-GA,359.0,98.0,0.6571371685580087
34,A*-GA,361.0,98.0,0.6556280627571943
34,A*-GA,363.0,98.0,0.654138834825278
34,A*-GA,365.0,98.0,0.6526693537985219
34,A*-GA,367.0,98.0,0.6512194831264718
34,A*-GA,369.0,98.0,0.6497890810683818
34,A*-GA,371.0,98.0,0.6483780010711565
34,A*-GA,373.0,98.0,0.6469860921295861
34,A*-GA,375.0,98.0,0.6456131991296162
34,A*-GA,377.0,98.0,0.6442591631753627
34,A*-GA,379.0,98.0,0.6429238219005586
34,A*-GA,381.0,98.0,0.641607009765087
34,A*-GA,383.0,98.0,0.6403085583372288
34,A*-GA,385.0,98.0,0.6390282965622325
34,A*-GA,387.0,98.0,0.6377660510177832
34,A*-GA,389.0,98.0,0.6365216461569275
34,A*-GA,391.0,98.0,0.6352949045389891
34,A*-GA,393.0,98.0,0.6340856470489856
34,A*-GA,395.0,98.0,0.6328936931060408
34,A*-GA,397.0,98.0,0.6317188608612596
34,A*-GA,399.0,98.0,0.6305609673855217
34,A*-GA,401.0,98.0,0.629419828847626
34,A*-GA,403.0,98.0,0.6282953120488071
34,A*-GA,405.0,98.0,0.6271872467307718
34,A*-GA,407.0,100.0,0.6260954447358293
34,A*-GA,409.0,100.0,0.6250197177303212
34,A*-GA,411.0,100.0,0.6239598773364359
34,A*-GA,413.0,100.0,0.6229157352567896
34,A*-GA,415.0,100.0,0.6218871033920871
34,A*-GA,417.0,100.0,0.6208737939521711
34,A*-GA,419.0,100.0,0.6198756195607509
34,A*-GA,421.0,100.0,0.6188923933540913
34,A*-GA,423.0,100.0,0.6179239290739302
34,A*-GA,425.0,100.0,0.6169700411548832
34,A*-GA,427.0,100.0,0.6160305448065811
34,A*-GA,429.0,100.0,0.6151052560907803
34,A*-GA,431.0,100.0,0.6141939919936688
34,A*-GA,433.0,100.0,0.6132965704935894
34,A*-GA,435.0,100.0,0.6124128106243873
34,A*-GA,437.0,100.0,0.6115425325345819
34,A*-GA,439.0,100.0,0.6106855575425545
34,A*-GA,441.0,100.0,0.6098417081879368
34,A*-GA,443.0,100.0,0.6090108082793756
34,A*-GA,445.0,100.0,0.6081926829388412
34,A*-GA,447.0,100.0,0.6073871586426438
34,A*-GA,449.0,100.0,0.6065940632593099
34,A*-GA,451.0,100.0,0.6058132260844703
34,A*-GA,453.0,100.0,0.6050444778728986
34,A*-GA,455.0,100.0,0.6042876508678385
34,A*-GA,457.0,100.0,0.6035425788277498
34,A*-GA,459.0,100.0,0.6028090970505976
34,A*-GA,461.0,100.0,0.6020870423958059
34,A*-GA,463.0,100.0,0.6013762533039866
34,A*-GA,465.0,100.0,0.6006765698145581
34,A*-GA,467.0,100.0,0.5999878335813554
35,EHCO,1.0,0.0,0.8106708475726168
35,EHCO,3.0,0.0,0.8170036040039489
35,EHCO,5.0,0.0,0.8229986834125397
35,EHCO,7.0,0.0,0.8286708022345568
35,EHCO,9.0,0.0,0.8340222433174059
35,EHCO,11.0,0.0,0.8389428691983298
35,EHCO,13.0,0.0,0.8434532258393764
35,EHCO,15.0,0.0,0.8475729929394308
35,EHCO,17.0,0.0,0.8513210189133715
35,EHCO,19.0,0.0,0.8547153544825428
35,EHCO,21.0,0.0,0.8577732849312903
35,EHCO,23.0,0.0,0.8605113610821621
35,EHCO,25.0,0.0,0.862991462948016
35,EHCO,27.0,0.0,0.865361971812311
35,EHCO,29.0,0.0,0.8676274733470687
35,EHCO,31.0,2.0,0.8697461654351071
35,EHCO,33.0,2.0,0.8715889871250431
35,EHCO,35.0,2.0,0.8731699410658262
35,EHCO,37.0,2.0,0.8745024280195148
35,EHCO,39.0,2.0,0.8755992713420107
35,EHCO,41.0,2.0,0.8764727404890588
35,EHCO,43.0,4.0,0.8771345735859877
35,EHCO,45.0,8.0,0.8775959990981548
35,EHCO,47.0,10.0,0.8778677566376034
35,EHCO,49.0,10.0,0.8779601169400454
35,EHCO,51.0,10.0,0.8778829010449379
35,EHCO,53.0,12.0,0.8776454987101368
35,EHCO,55.0,12.0,0.877388271264788
35,EHCO,57.0,12.0,0.8771557421284273
35,EHCO,59.0,16.0,0.8769467809862822
35,EHCO,61.0,18.0,0.876731173016592
35,EHCO,63.0,18.0,0.8764999044650637
35,EHCO,65.0,18.0,0.8762539827011555
35,EHCO,67.0,20.0,0.8759943690795811
35,EHCO,69.0,20.0,0.875721980852825
35,EHCO,71.0,20.0,0.8754376930068567
35,EHCO,73.0,20.0,0.8751423400230837
35,EHCO,75.0,20.0,0.8748367175694679
35,EHCO,77.0,22.0,0.8745215841236115
35,EHCO,79.0,22.0,0.874197662530509
35,EHCO,81.0,22.0,0.8738656414975572
35,EHCO,83.0,22.0,0.8735261770293092
35,EHCO,85.0,24.0,0.8731798938043653
35,EHCO,87.0,26.0,0.8728273864966956
35,EHCO,89.0,28.000000000000004,0.8724530144045186
35,EHCO,91.0,28.000000000000004,0.8719382598489563
35,EHCO,93.0,28.000000000000004,0.8712911874284395
35,EHCO,95.0,30.0,0.8705195030984018
35,EHCO,97.0,30.0,0.8696305689394387
35,EHCO,99.0,30.0,0.8686314173345671
35,EHCO,101.0,30.0,0.8675287645789562
35,EHCO,103.0,30.0,0.8663290239445831
35,EHCO,105.0,30.0,0.8650383182213789
35,EHCO,107.0,30.0,0.8636624917555854
35,EHCO,109.0,30.0,0.8622071220052259
35,EHCO,111.0,32.0,0.8606775306318062
35,EHCO,113.0,32.0,0.859078794146616
35,EHCO,115.0,34.0,0.8574157541292716
35,EHCO,117.0,38.0,0.8556930270354457
35,EHCO,119.0,38.0,0.8539150136100697
35,EHCO,121.0,38.0,0.8520859079216427
35,EHCO,123.0,40.0,0.8502097060326722
35,EHCO,125.0,40.0,0.8482902143206771
35,EHCO,127.0,44.0,0.846331057463614
35,EHCO,129.0,44.0,0.8443356861030445
35,EHCO,131.0,46.0,0.8423073841978321
35,EHCO,133.0,46.0,0.8402492760806567
35,EHCO,135.0,48.0,0.8381643332291483
35,EHCO,137.0,48.0,0.8361731411433343
35,EHCO,139.0,50.0,0.834310798930874
35,EHCO,141.0,52.0,0.8325716912272466
35,EHCO,143.0,52.0,0.8309273181901574
35,EHCO,145.0,52.0,0.8293660941271126
35,EHCO,147.0,52.0,0.8278845473791587
35,EHCO,149.0,54.0,0.8264793447973613
35,EHCO,151.0,54.0,0.8251472862834779
35,EHCO,153.0,54.0,0.823885299545082
35,EHCO,155.0,54.0,0.822690435056723
35,EHCO,157.0,54.0,0.8215598612190338
35,EHCO,159.0,56.00000000000001,0.8204908597080212
35,EHCO,161.0,56.00000000000001,0.8194808210070721
35,EHCO,163.0,56.00000000000001,0.8185272401145066
35,EHCO,165.0,56.00000000000001,0.8176277124197869
35,EHCO,167.0,56.00000000000001,0.8167799297417639
35,EHCO,169.0,57.99999999999999,0.8159816765226015
35,EHCO,171.0,57.99999999999999,0.8152308261712673
35,EHCO,173.0,57.99999999999999,0.814525337550723
35,EHCO,175.0,60.0,0.8138632516031694
35,EHCO,177.0,62.0,0.8132426881079321
35,EHCO,179.0,62.0,0.8126618425667778
35,EHCO,181.0,64.0,0.8121189832116624
35,EHCO,183.0,64.0,0.8116124481301034
35,EHCO,185.0,68.0,0.8111406425035605
35,EHCO,187.0,68.0,0.8107020359543886
35,EHCO,189.0,68.0,0.8103028429661023
35,EHCO,191.0,68.0,0.8098438884740967
35,EHCO,193.0,68.0,0.8092895357211132
35,EHCO,195.0,70.0,0.808645395905526
35,EHCO,197.0,70.0,0.8079168292119467
35,EHCO,199.0,70.0,0.8071089551689687
35,EHCO,201.0,70.0,0.8062158733950204
35,EHCO,203.0,70.0,0.8052110903249783
35,EHCO,205.0,70.0,0.8041014076803888
35,EHCO,207.0,70.0,0.8028933203585189
35,EHCO,209.0,70.0,0.8015930291300533
35,EHCO,211.0,70.0,0.8002064528277374
35,EHCO,213.0,70.0,0.7987392400461181
35,EHCO,215.0,72.0,0.7971967803717366
35,EHCO,217.0,76.0,0.7955842151623711
35,EHCO,219.0,76.0,0.7939064478931898
35,EHCO,221.0,76.0,0.7921681540869748
35,EHCO,223.0,76.0,0.7903737908448981
35,EHCO,225.0,76.0,0.7885276059936853
35,EHCO,227.0,76.0,0.786633646864375
35,EHCO,229.0,76.0,0.7846957687172851
35,EHCO,231.0,76.0,0.7827176428272216
35,EHCO,233.0,80.0,0.7807027642424089
35,EHCO,235.0,82.0,0.7786547160581168
35,EHCO,237.0,82.0,0.77657673730117
35,EHCO,239.0,84.0,0.7744718248282353
35,EHCO,241.0,84.0,0.7723428278035639
35,EHCO,243.0,86.0,0.770192453990879
35,EHCO,245.0,86.0,0.7680232757902035
35,EHCO,247.0,86.0,0.7658377360297696
35,EHCO,249.0,86.0,0.7636381535227524
35,EHCO,251.0,88.0,0.7614267283981861
35,EHCO,253.0,88.0,0.759205547215049
35,EHCO,255.0,88.0,0.7569765878681517
35,EHCO,257.0,88.0,0.7547417242941222
35,EHCO,259.0,90.0,0.7525027309854511
35,EHCO,261.0,90.0,0.7502612873202495
35,EHCO,263.0,90.0,0.7480189817150678
35,EHCO,265.0,90.0,0.745777315607832
35,EHCO,267.0,92.0,0.7435377072776809
35,EHCO,269.0,92.0,0.7413014955082111
35,EHCO,271.0,92.0,0.7390699431003886
35,EHCO,273.0,92.0,0.7368442402411307
35,EHCO,275.0,92.0,0.7346255077333305
35,EHCO,277.0,92.0,0.7324148000928631
35,EHCO,279.0,92.0,0.7302131085178988
35,EHCO,281.0,92.0,0.7280213637356325
35,EHCO,283.0,92.0,0.7258404387313402
35,EHCO,285.0,94.0,0.7236711513644785
35,EHCO,287.0,94.0,0.7215142668763551
35,EHCO,289.0,94.0,0.7193705002937195
35,EHCO,291.0,94.0,0.7172405187324519
35,EHCO,293.0,94.0,0.7151249436053624
35,EHCO,295.0,94.0,0.7130243527379523
35,EHCO,297.0,94.0,0.710939282395839
35,EHCO,299.0,94.0,0.7088702292273973
35,EHCO,301.0,94.0,0.7068176521250296
35,EHCO,303.0,94.0,0.7047819740083442
35,EHCO,305.0,94.0,0.7027635835323875
35,EHCO,307.0,96.0,0.7007628367239525
35,EHCO,309.0,96.0,0.6987800585488679
35,EHCO,311.0,96.0,0.6968155444130538
35,EHCO,313.0,96.0,0.6948695616000217
35,EHCO,315.0,96.0,0.6929423506473881
35,EHCO,317.0,96.0,0.6910341266648721
35,EHCO,319.0,96.0,0.6891450805961447
35,EHCO,321.0,96.0,0.687275380426808
35,EHCO,323.0,96.0,0.6854251723406894
35,EHCO,325.0,96.0,0.6835945818265475
35,EHCO,327.0,96.0,0.6817837147372083
35,EHCO,329.0,96.0,0.6799926583030633
35,EHCO,331.0,96.0,0.6782214821017895
35,EHCO,333.0,96.0,0.676470238986074
35,EHCO,335.0,96.0,0.6747389659710568
35,EHCO,337.0,96.0,0.6730276850831356
35,EHCO,339.0,96.0,0.6713364041717125
35,EHCO,341.0,96.0,0.6696651176853968
35,EHCO,343.0,96.0,0.6680138074141221
35,EHCO,345.0,96.0,0.666382443198572
35,EHCO,347.0,96.0,0.664770983608258
35,EHCO,349.0,96.0,0.6631793765895372
35,EHCO,351.0,100.0,0.6616075600848056
35,EHCO,353.0,100.0,0.6600554626240545
35,EHCO,355.0,100.0,0.6585230038899292
35,EHCO,357.0,100.0,0.657010095257385
35,EHCO,359.0,100.0,0.6555166403089873
35,EHCO,361.0,100.0,0.6540425353268695
35,EHCO,363.0,100.0,0.6525876697623102
35,EHCO,365.0,100.0,0.6511519266838622
35,EHCO,367.0,100.0,0.6497351832049237
35,EHCO,369.0,100.0,0.6483373108916077
35,EHCO,371.0,100.0,0.6469581761517307
35,EHCO,373.0,100.0,0.6455976406057076
35,EHCO,375.0,100.0,0.6442555614401133
35,EHCO,377.0,100.0,0.6429317917446326
35,EHCO,379.0,100.0,0.6416261808330972
35,EHCO,381.0,100.0,0.6403385745492803
35,EHCO,383.0,100.0,0.6390688155580877
35,EHCO,385.0,100.0,0.6378167436227621
35,EHCO,387.0,100.0,0.6365821958686934
35,EHCO,389.0,100.0,0.6353650070344007
35,EHCO,391.0,100.0,0.6341650097102293
35,EHCO,393.0,100.0,0.6329820345652869
35,EHCO,395.0,100.0,0.6318159105631191
35,EHCO,397.0,100.0,0.6306664651666051
35,EHCO,399.0,100.0,0.6295335245325334
35,EHCO,401.0,100.0,0.628416913696303
35,EHCO,403.0,100.0,0.6273164567471721
35,EHCO,405.0,100.0,0.6262319769944622
35,EHCO,407.0,100.0,0.6251632971251085
35,EHCO,409.0,100.0,0.6241102393529318
35,EHCO,411.0,100.0,0.6230726255599897
35,EHCO,413.0,100.0,0.6220502774303545
35,EHCO,415.0,100.0,0.6210430165766455
35,EHCO,417.0,100.0,0.6200506646596361
35,EHCO,419.0,100.0,0.6190730435012362
35,EHCO,421.0,100.0,0.6181099751911452
35,EHCO,423.0,100.0,0.6171612821874534
35,EHCO,425.0,100.0,0.6162267874114595
35,EHCO,427.0,100.0,0.6153063143369641
35,EHCO,429.0,100.0,0.6143996870742819
35,EHCO,431.0,100.0,0.6135067304492131
35,EHCO,433.0,100.0,0.6126272700771974
35,EHCO,435.0,100.0,0.6117611324328706
35,EHCO,437.0,100.0,0.6109081449152295
35,EHCO,439.0,100.0,0.6100681359086076
35,EHCO,441.0,100.0,0.6092409348396504
35,EHCO,443.0,100.0,0.608426372230475
35,EHCO,445.0,100.0,0.6076242797481912
35,EHCO,447.0,100.0,0.606834490250949
35,EHCO,449.0,100.0,0.6060568378306775
35,EHCO,451.0,100.0,0.6052911578526684
35,EHCO,453.0,100.0,0.6045372869921513
35,EHCO,455.0,100.0,0.6037950632680057
35,EHCO,457.0,100.0,0.6030643260737425
35,EHCO,459.0,100.0,0.6023449162058873
35,EHCO,461.0,100.0,0.6016366758898896
35,EHCO,463.0,100.0,0.6009394488036777
35,EHCO,465.0,100.0,0.600253080098974
35,A*-GA,1.0,0.0,0.8106708475726168
35,A*-GA,3.0,0.0,0.8170036040039489
35,A*-GA,5.0,0.0,0.8229986834125397
35,A*-GA,7.0,0.0,0.8286708022345568
35,A*-GA,9.0,0.0,0.8340340752958092
35,A*-GA,11.0,0.0,0.8391020398142341
35,A*-GA,13.0,0.0,0.8438876784541373
35,A*-GA,15.0,0.0,0.8484034414694938
35,A*-GA,17.0,0.0,0.8526612679721549
35,A*-GA,19.0,0.0,0.8566726063593956
35,A*-GA,21.0,0.0,0.8604484339338858
35,A*-GA,23.0,0.0,0.863999275747871
35,A*-GA,25.0,0.0,0.8673352227020954
35,A*-GA,27.0,0.0,0.8704659489288022
35,A*-GA,29.0,0.0,0.8734007284869977
35,A*-GA,31.0,0.0,0.8761484513970504
35,A*-GA,33.0,0.0,0.8787176390406424
35,A*-GA,35.0,0.0,0.8811164589510565
35,A*-GA,37.0,2.0,0.8833409070394114
35,A*-GA,39.0,2.0,0.8852748105128222
35,A*-GA,41.0,4.0,0.8869329216567489
35,A*-GA,43.0,4.0,0.8883293585862053
35,A*-GA,45.0,6.0,0.8894776310404992
35,A*-GA,47.0,6.0,0.890390665150901
35,A*-GA,49.0,6.0,0.8910808272217889
35,A*-GA,51.0,8.0,0.891559946564213
35,A*-GA,53.0,8.0,0.8918393374192977
35,A*-GA,55.0,8.0,0.8919298200074227
35,A*-GA,57.0,8.0,0.8918417407377152
35,A*-GA,59.0,8.0,0.8915849916110223
35,A*-GA,61.0,12.0,0.8911690288482309
35,A*-GA,63.0,12.0,0.8906028907745469
35,A*-GA,65.0,14.000000000000002,0.8898952149891418
35,A*-GA,67.0,14.000000000000002,0.889054254848416
35,A*-GA,69.0,14.000000000000002,0.8880878952900189
35,A*-GA,71.0,14.000000000000002,0.8870473382549467
35,A*-GA,73.0,16.0,0.8860662133430236
35,A*-GA,75.0,16.0,0.8851420669348462
35,A*-GA,77.0,20.0,0.8842631510080412
35,A*-GA,79.0,20.0,0.8834001862978933
35,A*-GA,81.0,20.0,0.8825528476490263
35,A*-GA,83.0,20.0,0.8817208176932363
35,A*-GA,85.0,22.0,0.880903786626126
35,A*-GA,87.0,22.0,0.8801014519911448
35,A*-GA,89.0,22.0,0.8793135184707658
35,A*-GA,91.0,22.0,0.8785396976845418
35,A*-GA,93.0,22.0,0.8777797079937926
35,A*-GA,95.0,22.0,0.8770332743126849
35,A*-GA,97.0,24.0,0.8763001279254732
35,A*-GA,99.0,24.0,0.8755800063096845
35,A*-GA,101.0,26.0,0.8748726529650287
35,A*-GA,103.0,28.000000000000004,0.874177817247835
35,A*-GA,105.0,28.000000000000004,0.8734783025462651
35,A*-GA,107.0,28.000000000000004,0.8726555999249396
35,A*-GA,109.0,28.000000000000004,0.871717026069327
35,A*-GA,111.0,28.000000000000004,0.8706695695751429
35,A*-GA,113.0,30.0,0.8695199044978652
35,A*-GA,115.0,30.0,0.868274403359491
35,A*-GA,117.0,30.0,0.8669391496340065
35,A*-GA,119.0,30.0,0.8655199497322079
35,A*-GA,121.0,30.0,0.8640223445056895
35,A*-GA,123.0,32.0,0.8624516202890401
35,A*-GA,125.0,32.0,0.8608128194985363
35,A*-GA,127.0,34.0,0.8591107508049022
35,A*-GA,129.0,34.0,0.8573499988970119
35,A*-GA,131.0,34.0,0.8555349338527483
35,A*-GA,133.0,38.0,0.8536697201325893
35,A*-GA,135.0,38.0,0.8517583252108851
35,A*-GA,137.0,40.0,0.8498045278591919
35,A*-GA,139.0,40.0,0.8478119260954712
35,A*-GA,141.0,40.0,0.8457839448124101
35,A*-GA,143.0,40.0,0.8437238430976032
35,A*-GA,145.0,42.0,0.8417534865281695
35,A*-GA,147.0,42.0,0.839908497819457
35,A*-GA,149.0,46.0,0.8381834276487983
35,A*-GA,151.0,46.0,0.8365499353766288
35,A*-GA,153.0,46.0,0.8349965879459539
35,A*-GA,155.0,48.0,0.8335200600272745
35,A*-GA,157.0,48.0,0.8321171587459667
35,A*-GA,159.0,48.0,0.8307848184639731
35,A*-GA,161.0,50.0,0.829520095766453
35,A*-GA,163.0,50.0,0.8283201646453463
35,A*-GA,165.0,52.0,0.827182311872124
35,A*-GA,167.0,52.0,0.8261039325523026
35,A*-GA,169.0,52.0,0.8250825258545869
35,A*-GA,171.0,52.0,0.8241156909077882
35,A*-GA,173.0,52.0,0.8232011228589365
35,A*-GA,175.0,52.0,0.8223366090862565
35,A*-GA,177.0,54.0,0.8215200255609315
35,A*-GA,179.0,54.0,0.8207493333518177
35,A*-GA,181.0,54.0,0.8200225752674939
35,A*-GA,183.0,54.0,0.8193378726302618
35,A*-GA,185.0,56.00000000000001,0.818693422176914
35,A*-GA,187.0,56.00000000000001,0.8180698156742316
35,A*-GA,189.0,57.99999999999999,0.8173545482649507
35,A*-GA,191.0,57.99999999999999,0.8165531295210241
35,A*-GA,193.0,57.99999999999999,0.8156708212438195
35,A*-GA,195.0,57.99999999999999,0.8147126477069244
35,A*-GA,197.0,57.99999999999999,0.8136834054884887
35,A*-GA,199.0,57.99999999999999,0.8125876729093469
35,A*-GA,201.0,60.0,0.8114190298954056
35,A*-GA,203.0,60.0,0.8101504838555279
35,A*-GA,205.0,60.0,0.8087883573364002
35,A*-GA,207.0,60.0,0.807338685128289
35,A*-GA,209.0,62.0,0.8058072262102487
35,A*-GA,211.0,62.0,0.8041994752158693
35,A*-GA,213.0,64.0,0.8025206734385517
35,A*-GA,215.0,68.0,0.8007758193945517
35,A*-GA,217.0,68.0,0.7989696789613154
35,A*-GA,219.0,68.0,0.7971067951079379
35,A*-GA,221.0,68.0,0.7951917540619325
35,A*-GA,223.0,68.0,0.7932287550115982
35,A*-GA,225.0,70.0,0.7912216275714034
35,A*-GA,227.0,70.0,0.7891738485527093
35,A*-GA,229.0,70.0,0.7870889804229677
35,A*-GA,231.0,70.0,0.7849704133713208
35,A*-GA,233.0,70.0,0.7828213726046095
35,A*-GA,235.0,70.0,0.7806449253482743
35,A*-GA,237.0,74.0,0.7784439875638747
35,A*-GA,239.0,74.0,0.7762213303944868
35,A*-GA,241.0,74.0,0.7739795863487992
35,A*-GA,243.0,76.0,0.771721255234294
35,A*-GA,245.0,76.0,0.7694487098494974
35,A*-GA,247.0,76.0,0.7671642014448835
35,A*-GA,249.0,76.0,0.7648698680908761
35,A*-GA,251.0,78.0,0.7625677408907998
35,A*-GA,253.0,78.0,0.760259744344874
35,A*-GA,255.0,78.0,0.7579477007000074
35,A*-GA,257.0,78.0,0.7556333344034053
35,A*-GA,259.0,80.0,0.7533182763741522
35,A*-GA,261.0,80.0,0.7510040681000331
35,A*-GA,263.0,80.0,0.7486921655665671
35,A*-GA,265.0,80.0,0.7463839430249538
35,A*-GA,267.0,82.0,0.7440806966053645
35,A*-GA,269.0,82.0,0.7417836477817614
35,A*-GA,271.0,82.0,0.7394939466941775
35,A*-GA,273.0,82.0,0.7372126753341599
35,A*-GA,275.0,82.0,0.7349408505988531
35,A*-GA,277.0,82.0,0.7326794272189777
35,A*-GA,279.0,82.0,0.7304293005657595
35,A*-GA,281.0,82.0,0.728191309341658
35,A*-GA,283.0,82.0,0.7259662381595535
35,A*-GA,285.0,86.0,0.7237548200148678
35,A*-GA,287.0,88.0,0.7215577386549157
35,A*-GA,289.0,90.0,0.7193756308496149
35,A*-GA,291.0,92.0,0.7172090885675181
35,A*-GA,293.0,94.0,0.7150586610609737
35,A*-GA,295.0,94.0,0.7129248568640707
35,A*-GA,297.0,94.0,0.71080814570688
35,A*-GA,299.0,98.0,0.7087089603493627
35,A*-GA,301.0,98.0,0.706627698338183
35,A*-GA,303.0,98.0,0.7045647236895367
35,A*-GA,305.0,98.0,0.7025204892831324
35,A*-GA,307.0,98.0,0.7004953277279252
35,A*-GA,309.0,100.0,0.6984895010583396
35,A*-GA,311.0,100.0,0.6965032443311432
35,A*-GA,313.0,100.0,0.6945367669597692
35,A*-GA,315.0,100.0,0.6925902539917332
35,A*-GA,317.0,100.0,0.6906638673314499
35,A*-GA,319.0,100.0,0.6887577469106668
35,A*-GA,321.0,100.0,0.6868720118086431
35,A*-GA,323.0,100.0,0.6850067613241163
35,A*-GA,325.0,100.0,0.6831620760010189
35,A*-GA,327.0,100.0,0.6813380186098286
35,A*-GA,329.0,100.0,0.6795346350863608
35,A*-GA,331.0,100.0,0.6777519554297406
35,A*-GA,333.0,100.0,0.675989994561221
35,A*-GA,335.0,100.0,0.6742487531454472
35,A*-GA,337.0,100.0,0.6725282183757071
35,A*-GA,339.0,100.0,0.6708283647246406
35,A*-GA,341.0,100.0,0.6691491546618255
35,A*-GA,343.0,100.0,0.667490539339601
35,A*-GA,345.0,100.0,0.6658524592484328
35,A*-GA,347.0,100.0,0.6642348448430748
35,A*-GA,349.0,100.0,0.6626376171407307
35,A*-GA,351.0,100.0,0.6610606882923696
35,A*-GA,353.0,100.0,0.6595039621283063
35,A*-GA,355.0,100.0,0.6579673346791088
35,A*-GA,357.0,100.0,0.6564506946728574
35,A*-GA,359.0,100.0,0.6549539240097338
35,A*-GA,361.0,100.0,0.6534768982148835
35,A*-GA,363.0,100.0,0.6520194868704543
35,A*-GA,365.0,100.0,0.6505815540276791
35,A*-GA,367.0,100.0,0.6491629585998349
35,A*-GA,369.0,100.0,0.6477635547368772
35,A*-GA,371.0,100.0,0.6463831921825172
35,A*-GA,373.0,100.0,0.6450217166144776
35,A*-GA,375.0,100.0,0.6436789699686333
35,A*-GA,377.0,100.0,0.6423547907477145
35,A*-GA,379.0,100.0,0.6410490143152241
35,A*-GA,381.0,100.0,0.6397614731751924
35,A*-GA,383.0,100.0,0.6384919972383687
35,A*-GA,385.0,100.0,0.6372404140754244
35,A*-GA,387.0,100.0,0.63600654915772
35,A*-GA,389.0,100.0,0.6347902260861642
35,A*-GA,391.0,100.0,0.6335912668086732
35,A*-GA,393.0,100.0,0.6324094918267185
35,A*-GA,395.0,100.0,0.6312447203914292
35,A*-GA,397.0,100.0,0.6300967706896975
35,A*-GA,399.0,100.0,0.6289654600207186
35,A*-GA,401.0,100.0,0.6278506049633772
35,A*-GA,403.0,100.0,0.6267520215348755
35,A*-GA,405.0,100.0,0.6256695253409845
35,A*-GA,407.0,100.0,0.6246029317182812
35,A*-GA,409.0,100.0,0.6235520558687215
35,A*-GA,411.0,100.0,0.6225167129868846
35,A*-GA,413.0,100.0,0.6214967183802091
35,A*-GA,415.0,100.0,0.6204918875825306
35,A*-GA,417.0,100.0,0.619502036461214
35,A*-GA,419.0,100.0,0.6185269813181681
35,A*-GA,421.0,100.0,0.6175665389850078
35,A*-GA,423.0,100.0,0.616620526912632
35,A*-GA,425.0,100.0,0.6156887632554615
35,A*-GA,427.0,100.0,0.6147710669505781
35,A*-GA,429.0,100.0,0.6138672577919965
35,A*-GA,431.0,100.0,0.6129771565002852
35,A*-GA,433.0,100.0,0.6121005847877519
35,A*-GA,435.0,100.0,0.6112373654193924
35,A*-GA,437.0,100.0,0.6103873222697982
35,A*-GA,439.0,100.0,0.6095502803762083
35,A*-GA,441.0,100.0,0.6087260659878838
35,A*-GA,443.0,100.0,0.6079145066119754
35,A*-GA,445.0,100.0,0.6071154310560477
35,A*-GA,447.0,100.0,0.6063286694674161
35,A*-GA,449.0,100.0,0.6055540533694482
35,A*-GA,451.0,100.0,0.6047914156949715
35,A*-GA,453.0,100.0,0.6040405908169267
35,A*-GA,455.0,100.0,0.6033014145763974
35,A*-GA,457.0,100.0,0.6025737243081434
35,A*-GA,459.0,100.0,0.6018573588637584
35,A*-GA,461.0,100.0,0.6011521586325678
35,A*-GA,463.0,100.0,0.600457965560378
35,A*-GA,465.0,100.0,0.5997746231661825
36,EHCO,1.0,0.0,0.9801970936427766
36,EHCO,3.0,0.0,0.9798793711660274
36,EHCO,5.0,0.0,0.9794848685526067
36,EHCO,7.0,0.0,0.9790180673088223
36,EHCO,9.0,0.0,0.9784832488447642
36,EHCO,11.0,0.0,0.9778845027254776
36,EHCO,13.0,0.0,0.9772257345918076
36,EHCO,15.0,0.0,0.9765106737639869
36,EHCO,17.0,0.0,0.9757428805405167
36,EHCO,19.0,0.0,0.9749257532044041
36,EHCO,21.0,0.0,0.9740625347483375
36,EHCO,23.0,0.0,0.9731444873515284
36,EHCO,25.0,0.0,0.9720508878518256
36,EHCO,27.0,0.0,0.9707921143734738
36,EHCO,29.0,0.0,0.9693780802037661
36,EHCO,31.0,4.0,0.9678182529822857
36,EHCO,33.0,4.0,0.9661216731215918
36,EHCO,35.0,4.0,0.9642969714897619
36,EHCO,37.0,4.0,0.9623523863840037
36,EHCO,39.0,4.0,0.96043267371909
36,EHCO,41.0,4.0,0.9585827059143006
36,EHCO,43.0,6.0,0.956799838875874
36,EHCO,45.0,10.0,0.9550470719596205
36,EHCO,47.0,12.0,0.9533126072804479
36,EHCO,49.0,14.000000000000002,0.9515965552089237
36,EHCO,51.0,14.000000000000002,0.9498990080941574
36,EHCO,53.0,14.000000000000002,0.9482082092186783
36,EHCO,55.0,18.0,0.9464005429674752
36,EHCO,57.0,18.0,0.9444836163629452
36,EHCO,59.0,18.0,0.942464688050715
36,EHCO,61.0,20.0,0.940350682792071
36,EHCO,63.0,22.0,0.9381482053742051
36,EHCO,65.0,22.0,0.9358635539613436
36,EHCO,67.0,22.0,0.9335027329089147
36,EHCO,69.0,22.0,0.9310714650620363
36,EHCO,71.0,22.0,0.9287065509502324
36,EHCO,73.0,22.0,0.9264491194365811
36,EHCO,75.0,24.0,0.9242947914890823
36,EHCO,77.0,24.0,0.9222102675707908
36,EHCO,79.0,24.0,0.9201835445946128
36,EHCO,81.0,24.0,0.9182127456640873
36,EHCO,83.0,24.0,0.9162960610565875
36,EHCO,85.0,24.0,0.9144317456948198
36,EHCO,87.0,24.0,0.9126181167157527
36,EHCO,89.0,24.0,0.9108535511331809
36,EHCO,91.0,24.0,0.909136483590281
36,EHCO,93.0,24.0,0.9074654041986557
36,EHCO,95.0,26.0,0.9058482610703397
36,EHCO,97.0,28.000000000000004,0.9041802561109337
36,EHCO,99.0,32.0,0.9024225658278126
36,EHCO,101.0,32.0,0.9005812668375646
36,EHCO,103.0,32.0,0.8986621550877368
36,EHCO,105.0,32.0,0.8966707575663261
36,EHCO,107.0,36.0,0.8946123435403575
36,EHCO,109.0,36.0,0.8924919353422152
36,EHCO,111.0,38.0,0.8903143187216539
36,EHCO,113.0,38.0,0.8880840527807153
36,EHCO,115.0,38.0,0.8858054795080923
36,EHCO,117.0,38.0,0.8834827329288342
36,EHCO,119.0,38.0,0.881119747884659
36,EHCO,121.0,40.0,0.8787202684595349
36,EHCO,123.0,40.0,0.8762878560646191
36,EHCO,125.0,42.0,0.873825897196083
36,EHCO,127.0,42.0,0.8713376108788207
36,EHCO,129.0,42.0,0.8688260558085266
36,EHCO,131.0,42.0,0.8662941372041317
36,EHCO,133.0,44.0,0.86374461338212
36,EHCO,135.0,44.0,0.8611801020637869
36,EHCO,137.0,44.0,0.858603086426069
36,EHCO,139.0,44.0,0.8560558843342052
36,EHCO,141.0,44.0,0.8536565391045221
36,EHCO,143.0,44.0,0.8513988042661033
36,EHCO,145.0,46.0,0.8492688306395382
36,EHCO,147.0,46.0,0.8472382568599544
36,EHCO,149.0,46.0,0.8453030046794389
36,EHCO,151.0,46.0,0.843459157814698
36,EHCO,153.0,48.0,0.8417029555713867
36,EHCO,155.0,48.0,0.8400307867187964
36,EHCO,157.0,48.0,0.8384391836050757
36,EHCO,159.0,52.0,0.8369248165035464
36,EHCO,161.0,52.0,0.8354844881810446
36,EHCO,163.0,52.0,0.8340976044788673
36,EHCO,165.0,54.0,0.8326508132149756
36,EHCO,167.0,54.0,0.8311483483652921
36,EHCO,169.0,54.0,0.8295942466710344
36,EHCO,171.0,54.0,0.8279923558908363
36,EHCO,173.0,54.0,0.8263463427206327
36,EHCO,175.0,57.99999999999999,0.8246597003944838
36,EHCO,177.0,60.0,0.8229357559789934
36,EHCO,179.0,60.0,0.8211776773734768
36,EHCO,181.0,62.0,0.8193884800275558
36,EHCO,183.0,62.0,0.8175710333873982
36,EHCO,185.0,62.0,0.8157280670813751
36,EHCO,187.0,64.0,0.8139773034108324
36,EHCO,189.0,64.0,0.8123529417004479
36,EHCO,191.0,66.0,0.8108493854458653
36,EHCO,193.0,66.0,0.8094381537777819
36,EHCO,195.0,66.0,0.8081076800756775
36,EHCO,197.0,66.0,0.8068545118383508
36,EHCO,199.0,66.0,0.8056753351478193
36,EHCO,201.0,66.0,0.8045247670021941
36,EHCO,203.0,66.0,0.8032777982504478
36,EHCO,205.0,66.0,0.8019405444302173
36,EHCO,207.0,66.0,0.8005188425941911
36,EHCO,209.0,66.0,0.7990182628725818
36,EHCO,211.0,66.0,0.7974441195714679
36,EHCO,213.0,68.0,0.7958014818253861
36,EHCO,215.0,68.0,0.7940951838218314
36,EHCO,217.0,72.0,0.7923298346146287
36,EHCO,219.0,72.0,0.7905098275424692
36,EHCO,221.0,72.0,0.7886393492682644
36,EHCO,223.0,72.0,0.7867223884543527
36,EHCO,225.0,74.0,0.7847627440880016
36,EHCO,227.0,76.0,0.7827640334710803
36,EHCO,229.0,78.0,0.7807296998872278
36,EHCO,231.0,78.0,0.7786630199593213
36,EHCO,233.0,78.0,0.776567110709537
36,EHCO,235.0,80.0,0.7744449363338212
36,EHCO,237.0,80.0,0.7722993147021131
36,EHCO,239.0,80.0,0.7701329235952213
36,EHCO,241.0,80.0,0.7679483066888215
36,EHCO,243.0,80.0,0.7657478792946321
36,EHCO,245.0,80.0,0.7635339355897683
36,EHCO,247.0,80.0,0.7613086575221337
36,EHCO,249.0,80.0,0.7590741148797018
36,EHCO,251.0,80.0,0.7568322693918438
36,EHCO,253.0,80.0,0.7545849794124221
36,EHCO,255.0,80.0,0.7523340044118297
36,EHCO,257.0,80.0,0.7500810828592951
36,EHCO,259.0,80.0,0.7478280005662924
36,EHCO,261.0,82.0,0.7455762273154232
36,EHCO,263.0,82.0,0.743326945778168
36,EHCO,265.0,84.0,0.7410814118430301
36,EHCO,267.0,84.0,0.7388408772661785
36,EHCO,269.0,84.0,0.736606521577954
36,EHCO,271.0,84.0,0.734379455298408
36,EHCO,273.0,84.0,0.7321607230203805
36,EHCO,275.0,84.0,0.7299513063654182
36,EHCO,277.0,84.0,0.7277521268176229
36,EHCO,279.0,84.0,0.7255640484403209
36,EHCO,281.0,86.0,0.723387880480248
36,EHCO,283.0,90.0,0.721224379863765
36,EHCO,285.0,90.0,0.7190742535894277
36,EHCO,287.0,90.0,0.7169381610210798
36,EHCO,289.0,90.0,0.7148167160854589
36,EHCO,291.0,90.0,0.7127104893781551
36,EHCO,293.0,90.0,0.710620010181606
36,EHCO,295.0,90.0,0.7085457683986696
36,EHCO,297.0,90.0,0.7064882164051701
36,EHCO,299.0,90.0,0.7044477708246853
36,EHCO,301.0,90.0,0.7024248142287064
36,EHCO,303.0,90.0,0.7004196967651819
36,EHCO,305.0,92.0,0.6984327377183371
36,EHCO,307.0,92.0,0.6964642270025436
36,EHCO,309.0,92.0,0.6945144265929065
36,EHCO,311.0,92.0,0.692583571895127
36,EHCO,313.0,92.0,0.6906718730571004
36,EHCO,315.0,94.0,0.6887795162246108
36,EHCO,317.0,94.0,0.6869066647433848
36,EHCO,319.0,94.0,0.6850534603096873
36,EHCO,321.0,94.0,0.6832200240715429
36,EHCO,323.0,94.0,0.6814064576825956
36,EHCO,325.0,94.0,0.6796128443105274
36,EHCO,327.0,94.0,0.677839249601893
36,EHCO,329.0,94.0,0.6760857226051412
36,EHCO,331.0,94.0,0.6743522966535315
36,EHCO,333.0,94.0,0.6726389902095835
36,EHCO,335.0,94.0,0.670945807672631
36,EHCO,337.0,94.0,0.6692727401509906
36,EHCO,339.0,94.0,0.6676197662001937
36,EHCO,341.0,94.0,0.6659868525286751
36,EHCO,343.0,94.0,0.6643739546722515
36,EHCO,345.0,94.0,0.6627810176386748
36,EHCO,347.0,96.0,0.6612079753719348
36,EHCO,349.0,96.0,0.6596547505040262
36,EHCO,351.0,96.0,0.6581212569000541
36,EHCO,353.0,96.0,0.6566074003780344
36,EHCO,355.0,96.0,0.6551130792134382
36,EHCO,357.0,96.0,0.6536381846208191
36,EHCO,359.0,96.0,0.6521826012134784
36,EHCO,361.0,96.0,0.6507462074420766
36,EHCO,363.0,96.0,0.6493288760130711
36,EHCO,365.0,96.0,0.647930474287817
36,EHCO,367.0,96.0,0.6465508646631394
36,EHCO,369.0,96.0,0.6451899049341521
36,EHCO,371.0,96.0,0.6438474486400649
36,EHCO,373.0,96.0,0.6425233453936927
36,EHCO,375.0,96.0,0.6412174411953514
36,EHCO,377.0,96.0,0.6399295787317982
36,EHCO,379.0,96.0,0.638659597660845
36,EHCO,381.0,96.0,0.6374073348822509
36,EHCO,383.0,96.0,0.636172624795474
36,EHCO,385.0,96.0,0.6349552995448413
36,EHCO,387.0,96.0,0.633755189252667
36,EHCO,389.0,96.0,0.6325721222408369
36,EHCO,391.0,96.0,0.6314059252413474
36,EHCO,393.0,96.0,0.6302564235962735
36,EHCO,395.0,96.0,0.6291234414476176
36,EHCO,397.0,96.0,0.6280068019174727
36,EHCO,399.0,96.0,0.6269063272789209
36,EHCO,401.0,96.0,0.6258218391180608
36,EHCO,403.0,96.0,0.624753158487554
36,EHCO,405.0,96.0,0.6237001060520532
36,EHCO,407.0,96.0,0.6226625022258692
36,EHCO,409.0,96.0,0.6216401673032123
36,EHCO,411.0,96.0,0.6206329215813343
36,EHCO,413.0,96.0,0.6196405854768825
36,EHCO,415.0,96.0,0.6186629796357631
36,EHCO,417.0,96.0,0.6176999250368027
36,EHCO,419.0,96.0,0.6167512430894798
36,EHCO,421.0,96.0,0.6158167557259925
36,EHCO,423.0,96.0,0.6148962854879115
36,EHCO,425.0,96.0,0.613989655607665
36,EHCO,427.0,96.0,0.613096690085083
36,EHCO,429.0,96.0,0.6122172137592262
36,EHCO,431.0,96.0,0.6113510523757129
36,EHCO,433.0,96.0,0.6104980326497467
36,EHCO,435.0,96.0,0.609657982325043
36,EHCO,437.0,96.0,0.6088307302288406
36,EHCO,439.0,96.0,0.6080161063231789
36,EHCO,441.0,96.0,0.6072139417526142
36,EHCO,443.0,96.0,0.6064240688885385
36,EHCO,445.0,96.0,0.6056463213702612
36,EHCO,447.0,96.0,0.6048805341430049
36,EHCO,449.0,96.0,0.6041265434929592
36,EHCO,451.0,96.0,0.6033841870795345
36,EHCO,453.0,96.0,0.6026533039649473
36,EHCO,455.0,96.0,0.6019337346412656
36,EHCO,457.0,96.0,0.6012253210550369
36,EHCO,459.0,96.0,0.6005279066296147
36,EHCO,461.0,96.0,0.599841336285299
36,EHCO,463.0,96.0,0.599165473693082
36,EHCO,465.0,96.0,0.5985002171673479
36,EHCO,467.0,98.0,0.5978454135684825
36,EHCO,469.0,98.0,0.5972946791282041
36,EHCO,471.0,98.0,0.5968738051777962
36,EHCO,473.0,98.0,0.5965765003845092
36,EHCO,475.0,98.0,0.596396733448896
36,EHCO,477.0,98.0,0.5963287227576223
36,EHCO,479.0,98.0,0.5963669264438101
36,EHCO,481.0,98.0,0.5965060328389071
36,EHCO,483.0,98.0,0.5967409513007087
36,EHCO,485.0,98.0,0.5970668034027549
36,EHCO,487.0,98.0,0.5974789144709108
36,EHCO,489.0,98.0,0.5979728054534926
36,EHCO,491.0,98.0,0.5985441851118369
36,A*-GA,1.0,0.0,0.9801970936427766
36,A*-GA,3.0,0.0,0.9798793711660274
36,A*-GA,5.0,0.0,0.9794848685526067
36,A*-GA,7.0,0.0,0.9790180673088223
36,A*-GA,9.0,0.0,0.9784832488447642
36,A*-GA,11.0,0.0,0.9778845027254776
36,A*-GA,13.0,0.0,0.9772257345918076
36,A*-GA,15.0,0.0,0.9765106737639869
36,A*-GA,17.0,0.0,0.9757543890174457
36,A*-GA,19.0,0.0,0.9748567095443336
36,A*-GA,21.0,0.0,0.9737812565515969
36,A*-GA,23.0,0.0,0.9725385188191858
36,A*-GA,25.0,0.0,0.9711385155605134
36,A*-GA,27.0,0.0,0.9695908158036596
36,A*-GA,29.0,0.0,0.9679045569963844
36,A*-GA,31.0,0.0,0.9660884628656614
36,A*-GA,33.0,0.0,0.9641508605612347
36,A*-GA,35.0,0.0,0.9620996971115412
36,A*-GA,37.0,0.0,0.9599425552192238
36,A*-GA,39.0,0.0,0.9576866684223868
36,A*-GA,41.0,0.0,0.9553389356467192
36,A*-GA,43.0,0.0,0.9529059351726178
36,A*-GA,45.0,0.0,0.9504391619219573
36,A*-GA,47.0,0.0,0.9480754821873888
36,A*-GA,49.0,0.0,0.9458108653083744
36,A*-GA,51.0,4.0,0.9436305438725134
36,A*-GA,53.0,4.0,0.9414994728540739
36,A*-GA,55.0,6.0,0.9394163142358201
36,A*-GA,57.0,6.0,0.9373797726715987
36,A*-GA,59.0,8.0,0.9353885939746562
36,A*-GA,61.0,10.0,0.9334415636625764
36,A*-GA,63.0,14.000000000000002,0.931537505556661
36,A*-GA,65.0,16.0,0.9296752804336634
36,A*-GA,67.0,16.0,0.9278537847278611
36,A*-GA,69.0,16.0,0.9260719492815367
36,A*-GA,71.0,16.0,0.9243287381420101
36,A*-GA,73.0,16.0,0.9226231474034344
36,A*-GA,75.0,16.0,0.9209542040916414
36,A*-GA,77.0,20.0,0.9193209650903869
36,A*-GA,79.0,20.0,0.9177225161074095
36,A*-GA,81.0,20.0,0.9161680227889673
36,A*-GA,83.0,20.0,0.9145531783531726
36,A*-GA,85.0,20.0,0.9128390183856883
36,A*-GA,87.0,20.0,0.9110321219975801
36,A*-GA,89.0,20.0,0.9091387658569543
36,A*-GA,91.0,20.0,0.9071649367867013
36,A*-GA,93.0,20.0,0.905116343855921
36,A*-GA,95.0,20.0,0.9029984299850866
36,A*-GA,97.0,20.0,0.9008163830842242
36,A*-GA,99.0,22.0,0.8985751467426188
36,A*-GA,101.0,22.0,0.8962794304878329
36,A*-GA,103.0,22.0,0.893933719631118
36,A*-GA,105.0,22.0,0.8915422847156327
36,A*-GA,107.0,22.0,0.8891091905832261
36,A*-GA,109.0,22.0,0.8866383050749328
36,A*-GA,111.0,22.0,0.8841333073797194
36,A*-GA,113.0,24.0,0.8815976960454588
36,A*-GA,115.0,24.0,0.8790347966655478
36,A*-GA,117.0,26.0,0.8764888501114101
36,A*-GA,119.0,26.0,0.8740818727340544
36,A*-GA,121.0,26.0,0.8718080643858104
36,A*-GA,123.0,28.000000000000004,0.8696540036222287
36,A*-GA,125.0,28.000000000000004,0.86759173896625
36,A*-GA,127.0,30.0,0.8656175849225607
36,A*-GA,129.0,36.0,0.8637280015091229
36,A*-GA,131.0,36.0,0.861919588538421
36,A*-GA,133.0,36.0,0.8601890801231665
36,A*-GA,135.0,38.0,0.858533339397656
36,A*-GA,137.0,38.0,0.8569493534463196
36,A*-GA,139.0,38.0,0.8554342284313331
36,A*-GA,141.0,38.0,0.8539851849114792
36,A*-GA,143.0,40.0,0.852599553344759
36,A*-GA,145.0,42.0,0.8512747697675401
36,A*-GA,147.0,42.0,0.8500083716433164
36,A*-GA,149.0,42.0,0.8487979938744248
36,A*-GA,151.0,42.0,0.847641364970323
36,A*-GA,153.0,44.0,0.8465177448985698
36,A*-GA,155.0,44.0,0.8453116695689377
36,A*-GA,157.0,44.0,0.8440284594762206
36,A*-GA,159.0,44.0,0.8426731919182071
36,A*-GA,161.0,44.0,0.8412507111060704
36,A*-GA,163.0,44.0,0.8397656378687135
36,A*-GA,165.0,44.0,0.8382223789671501
36,A*-GA,167.0,46.0,0.8366251360343764
36,A*-GA,169.0,46.0,0.8349779141555735
36,A*-GA,171.0,46.0,0.8332845301028997
36,A*-GA,173.0,48.0,0.8315486202385688
36,A*-GA,175.0,48.0,0.8297736480993692
36,A*-GA,177.0,48.0,0.8279629116752638
36,A*-GA,179.0,50.0,0.8261195503942086
36,A*-GA,181.0,50.0,0.8242465518248517
36,A*-GA,183.0,50.0,0.8223858081417588
36,A*-GA,185.0,50.0,0.8206532162980699
36,A*-GA,187.0,50.0,0.8190432230177866
36,A*-GA,189.0,52.0,0.8175426460046058
36,A*-GA,191.0,52.0,0.8161237654874102
36,A*-GA,193.0,52.0,0.8147831205051483
36,A*-GA,195.0,52.0,0.8135173886985152
36,A*-GA,197.0,52.0,0.8123233808413757
36,A*-GA,199.0,52.0,0.8111980355870646
36,A*-GA,201.0,56.00000000000001,0.8100958402746009
36,A*-GA,203.0,56.00000000000001,0.8088909520825787
36,A*-GA,205.0,57.99999999999999,0.8075898060298322
36,A*-GA,207.0,60.0,0.8061985449164892
36,A*-GA,209.0,60.0,0.8047230314450601
36,A*-GA,211.0,60.0,0.8031688598551529
36,A*-GA,213.0,60.0,0.801541367091075
36,A*-GA,215.0,62.0,0.7998456435208228
36,A*-GA,217.0,62.0,0.7980865432242298
36,A*-GA,219.0,62.0,0.7962686938673499
36,A*-GA,221.0,62.0,0.7943965061794713
36,A*-GA,223.0,62.0,0.7924741830485186
36,A*-GA,225.0,62.0,0.7905057282499739
36,A*-GA,227.0,62.0,0.7884949548238549
36,A*-GA,229.0,66.0,0.7864457499417348
36,A*-GA,231.0,66.0,0.7843616433609679
36,A*-GA,233.0,68.0,0.7822458236915095
36,A*-GA,235.0,68.0,0.7801011540156951
36,A*-GA,237.0,70.0,0.7779306092422364
36,A*-GA,239.0,70.0,0.77573701711056
36,A*-GA,241.0,70.0,0.7735230644677568
36,A*-GA,243.0,70.0,0.7712913032909655
36,A*-GA,245.0,70.0,0.7690441564653152
36,A*-GA,247.0,72.0,0.766783923327149
36,A*-GA,249.0,72.0,0.764512787662223
36,A*-GA,251.0,72.0,0.762232824770601
36,A*-GA,253.0,74.0,0.7599460017304399
36,A*-GA,255.0,74.0,0.7576541816625678
36,A*-GA,257.0,76.0,0.7553591282514945
36,A*-GA,259.0,76.0,0.7530625100817474
36,A*-GA,261.0,76.0,0.7507659047968944
36,A*-GA,263.0,76.0,0.7484708745914334
36,A*-GA,265.0,76.0,0.7461790324079903
36,A*-GA,267.0,78.0,0.7438916886114747
36,A*-GA,269.0,78.0,0.74161007843588
36,A*-GA,271.0,80.0,0.7393353653238031
36,A*-GA,273.0,82.0,0.7370686441284731
36,A*-GA,275.0,82.0,0.734810944183791
36,A*-GA,277.0,82.0,0.7325632322476634
36,A*-GA,279.0,84.0,0.7303264153237033
36,A*-GA,281.0,84.0,0.7281013433661736
36,A*-GA,283.0,84.0,0.7258888118728526
36,A*-GA,285.0,84.0,0.7236895643703163
36,A*-GA,287.0,84.0,0.7215042947959572
36,A*-GA,289.0,84.0,0.7193336497808827
36,A*-GA,291.0,86.0,0.7171782308376782
36,A*-GA,293.0,86.0,0.7150385964568582
36,A*-GA,295.0,86.0,0.7129152641156773
36,A*-GA,297.0,88.0,0.7108087122028298
36,A*-GA,299.0,88.0,0.7087193818624246
36,A*-GA,301.0,88.0,0.7066476787604885
36,A*-GA,303.0,90.0,0.7045939747771227
36,A*-GA,305.0,90.0,0.7025586096273105
36,A*-GA,307.0,92.0,0.70054189241326
36,A*-GA,309.0,92.0,0.6985441031110464
36,A*-GA,311.0,96.0,0.6965654939942109
36,A*-GA,313.0,100.0,0.6946062909968685
36,A*-GA,315.0,100.0,0.6926666950187738
36,A*-GA,317.0,100.0,0.6907468831746961
36,A*-GA,319.0,100.0,0.6888470099903662
36,A*-GA,321.0,100.0,0.6869672085471592
36,A*-GA,323.0,100.0,0.6851075915776004
36,A*-GA,325.0,100.0,0.6832682525136917
36,A*-GA,327.0,100.0,0.6814492664899798
36,A*-GA,329.0,100.0,0.6796506913032089
36,A*-GA,331.0,100.0,0.6778725683303305
36,A*-GA,333.0,100.0,0.676114923406567
36,A*-GA,335.0,100.0,0.674377767665163
36,A*-GA,337.0,100.0,0.6726610983403922
36,A*-GA,339.0,100.0,0.6709648995353216
36,A*-GA,341.0,100.0,0.6692891429557788
36,A*-GA,343.0,100.0,0.6676337886119093
36,A*-GA,345.0,100.0,0.6659987854886547
36,A*-GA,347.0,100.0,0.6643840721864295
36,A*-GA,349.0,100.0,0.6627895775332237
36,A*-GA,351.0,100.0,0.6612152211693091
36,A*-GA,353.0,100.0,0.6596609141056803
36,A*-GA,355.0,100.0,0.6581265592573143
36,A*-GA,357.0,100.0,0.6566120519522933
36,A*-GA,359.0,100.0,0.6551172804177875
36,A*-GA,361.0,100.0,0.6536421262438612
36,A*-GA,363.0,100.0,0.652186464826021
36,A*-GA,365.0,100.0,0.6507501657873934
36,A*-GA,367.0,100.0,0.649333093381377
36,A*-GA,369.0,100.0,0.6479351068755878
36,A*-GA,371.0,100.0,0.6465560609178777
36,A*-GA,373.0,100.0,0.6451958058851778
36,A*-GA,375.0,100.0,0.6438541882158855
36,A*-GA,377.0,100.0,0.6425310507264875
36,A*-GA,379.0,100.0,0.6412262329130832
36,A*-GA,381.0,100.0,0.6399395712384436
36,A*-GA,383.0,100.0,0.6386708994052164
36,A*-GA,385.0,100.0,0.6374200486158659
36,A*-GA,387.0,100.0,0.6361868478199083
36,A*-GA,389.0,100.0,0.6349711239489823
36,A*-GA,391.0,100.0,0.6337727021402735
36,A*-GA,393.0,100.0,0.63259140594879
36,A*-GA,395.0,100.0,0.6314270575489648
36,A*-GA,397.0,100.0,0.6302794779260433
36,A*-GA,399.0,100.0,0.6291484870576948
36,A*-GA,401.0,100.0,0.6280339040862679
36,A*-GA,403.0,100.0,0.6269355474820958
36,A*-GA,405.0,100.0,0.6258532351982367
36,A*-GA,407.0,100.0,0.6247867848170217
36,A*-GA,409.0,100.0,0.6237360136887676
36,A*-GA,411.0,100.0,0.6227007390629956
36,A*-GA,413.0,100.0,0.6216807782124829
36,A*-GA,415.0,100.0,0.6206759485504639
36,A*-GA,417.0,100.0,0.6196860677412812
36,A*-GA,419.0,100.0,0.6187109538047751
36,A*-GA,421.0,100.0,0.6177504252146905
36,A*-GA,423.0,100.0,0.6168043009913654
36,A*-GA,425.0,100.0,0.6158724007889582
36,A*-GA,427.0,100.0,0.6149545449774557
36,A*-GA,429.0,100.0,0.6140505547196984
36,A*-GA,431.0,100.0,0.6131602520436458
36,A*-GA,433.0,100.0,0.6122834599100992
36,A*-GA,435.0,100.0,0.6114200022760878
36,A*-GA,437.0,100.0,0.6105697041541138
36,A*-GA,439.0,100.0,0.6097323916674497
36,A*-GA,441.0,100.0,0.6089078921016674
36,A*-GA,443.0,100.0,0.6080960339525744
36,A*-GA,445.0,100.0,0.6072966469707224
36,A*-GA,447.0,100.0,0.6065095622026508
36,A*-GA,449.0,100.0,0.6057346120290156
36,A*-GA,451.0,100.0,0.6049716301997531
36,A*-GA,453.0,100.0,0.6042204518664173
36,A*-GA,455.0,100.0,0.6034809136118262
36,A*-GA,457.0,100.0,0.6027528534771471
36,A*-GA,459.0,100.0,0.6020361109865423
36,A*-GA,461.0,100.0,0.6013305271694963
36,A*-GA,463.0,100.0,0.6006359445809356
36,A*-GA,465.0,100.0,0.5999522073192509
37,EHCO,1.0,0.0,0.7434382894619465
37,EHCO,3.0,0.0,0.7524085649796525
37,EHCO,5.0,0.0,0.7609376941566783
37,EHCO,7.0,0.0,0.7690444525087299
37,EHCO,9.0,0.0,0.7767468547043193
37,EHCO,11.0,0.0,0.7840503528356761
37,EHCO,13.0,0.0,0.7908478547508658
37,EHCO,15.0,0.0,0.797162832644136
37,EHCO,17.0,0.0,0.8030177780329603
37,EHCO,19.0,0.0,0.8084342412193047
37,EHCO,21.0,2.0,0.8134328691864825
37,EHCO,23.0,4.0,0.8180334419932366
37,EHCO,25.0,4.0,0.8222549077242722
37,EHCO,27.0,4.0,0.8261154160541289
37,EHCO,29.0,4.0,0.8296323504790478
37,EHCO,31.0,4.0,0.8328223592693443
37,EHCO,33.0,4.0,0.8357013851927234
37,EHCO,35.0,6.0,0.8382846940570037
37,EHCO,37.0,6.0,0.8405869021188015
37,EHCO,39.0,8.0,0.8426220024029014
37,EHCO,41.0,8.0,0.844538099710283
37,EHCO,43.0,10.0,0.8463848206041648
37,EHCO,45.0,16.0,0.8481648227108178
37,EHCO,47.0,16.0,0.8498483139035694
37,EHCO,49.0,16.0,0.8514289418410336
37,EHCO,51.0,16.0,0.8529113447710707
37,EHCO,53.0,16.0,0.8542999690182673
37,EHCO,55.0,16.0,0.8555990766777649
37,EHCO,57.0,18.0,0.8568127530045397
37,EHCO,59.0,18.0,0.8579449135101254
37,EHCO,61.0,18.0,0.8590097412554337
37,EHCO,63.0,18.0,0.8599073535839934
37,EHCO,65.0,18.0,0.8606026784660049
37,EHCO,67.0,18.0,0.861106407449538
37,EHCO,69.0,18.0,0.8614287671052218
37,EHCO,71.0,20.0,0.8615795380200911
37,EHCO,73.0,22.0,0.8615680730338654
37,EHCO,75.0,22.0,0.8614033147475821
37,EHCO,77.0,22.0,0.8611371021439713
37,EHCO,79.0,22.0,0.8609029532736969
37,EHCO,81.0,24.0,0.860699454925473
37,EHCO,83.0,26.0,0.8605162269863763
37,EHCO,85.0,28.000000000000004,0.8603260059070327
37,EHCO,87.0,30.0,0.8601292947792042
37,EHCO,89.0,32.0,0.8599265731775255
37,EHCO,91.0,32.0,0.8597182981445692
37,EHCO,93.0,32.0,0.8595049051362345
37,EHCO,95.0,32.0,0.8592868089290324
37,EHCO,97.0,32.0,0.85906440449078
37,EHCO,99.0,32.0,0.8588380678161536
37,EHCO,101.0,32.0,0.8586081567284983
37,EHCO,103.0,32.0,0.8583750116492322
37,EHCO,105.0,34.0,0.8581389563361319
37,EHCO,107.0,34.0,0.8579002985917358
37,EHCO,109.0,36.0,0.8576418309092119
37,EHCO,111.0,36.0,0.8572461406082784
37,EHCO,113.0,38.0,0.8567210409459316
37,EHCO,115.0,38.0,0.8560739985016709
37,EHCO,117.0,38.0,0.8553121474414546
37,EHCO,119.0,38.0,0.85444230321111
37,EHCO,121.0,38.0,0.8534709756817638
37,EHCO,123.0,40.0,0.8524043817689649
37,EHCO,125.0,42.0,0.8512484575463267
37,EHCO,127.0,44.0,0.8500088698736856
37,EHCO,129.0,44.0,0.8486910275589968
37,EHCO,131.0,44.0,0.84730009207242
37,EHCO,133.0,44.0,0.8458409878303311
37,EHCO,135.0,46.0,0.8443184120662908
37,EHCO,137.0,46.0,0.8427368443053324
37,EHCO,139.0,46.0,0.8411005554572868
37,EHCO,141.0,46.0,0.83953362768231
37,EHCO,143.0,46.0,0.8380729377075642
37,EHCO,145.0,48.0,0.8367138231824925
37,EHCO,147.0,50.0,0.8353310748551345
37,EHCO,149.0,50.0,0.833887436399069
37,EHCO,151.0,52.0,0.8323871938950945
37,EHCO,153.0,52.0,0.8308344339211312
37,EHCO,155.0,54.0,0.8293517422277282
37,EHCO,157.0,54.0,0.8279754861201503
37,EHCO,159.0,56.00000000000001,0.8267009567891567
37,EHCO,161.0,60.0,0.8255005250826852
37,EHCO,163.0,60.0,0.8243634415437333
37,EHCO,165.0,60.0,0.8232870376490385
37,EHCO,167.0,60.0,0.82226875158731
37,EHCO,169.0,60.0,0.8213061240505494
37,EHCO,171.0,60.0,0.8203967941907249
37,EHCO,173.0,60.0,0.8195384957353096
37,EHCO,175.0,60.0,0.8187290532554476
37,EHCO,177.0,60.0,0.8179663785807585
37,EHCO,179.0,62.0,0.817230990520959
37,EHCO,181.0,62.0,0.8164106965020744
37,EHCO,183.0,64.0,0.8155107019318624
37,EHCO,185.0,66.0,0.8145359770271994
37,EHCO,187.0,66.0,0.8134912665526868
37,EHCO,189.0,66.0,0.8123810991687492
37,EHCO,191.0,66.0,0.8112097964046844
37,EHCO,193.0,68.0,0.8099814812715153
37,EHCO,195.0,68.0,0.8087000865289093
37,EHCO,197.0,68.0,0.8073693626198704
37,EHCO,199.0,70.0,0.8059928852863661
37,EHCO,201.0,72.0,0.8045632736814163
37,EHCO,203.0,72.0,0.8030526145660289
37,EHCO,205.0,72.0,0.8014663483497372
37,EHCO,207.0,74.0,0.7998096646460228
37,EHCO,209.0,74.0,0.7980875127286633
37,EHCO,211.0,74.0,0.7963046115676692
37,EHCO,213.0,74.0,0.7944654594614731
37,EHCO,215.0,76.0,0.7925744294598136
37,EHCO,217.0,76.0,0.7906358576189038
37,EHCO,219.0,78.0,0.7886536209579432
37,EHCO,221.0,80.0,0.7866314111466648
37,EHCO,223.0,80.0,0.7845727423262082
37,EHCO,225.0,82.0,0.7824809586140984
37,EHCO,227.0,82.0,0.78035924130587
37,EHCO,229.0,82.0,0.7782106157853872
37,EHCO,231.0,82.0,0.77603795815543
37,EHCO,233.0,82.0,0.7738440015996659
37,EHCO,235.0,82.0,0.7716313424866845
37,EHCO,237.0,82.0,0.7694024462263501
37,EHCO,239.0,82.0,0.7671596528883279
37,EHCO,241.0,82.0,0.7649051825922449
37,EHCO,243.0,82.0,0.7626411406785768
37,EHCO,245.0,84.0,0.760369522668991
37,EHCO,247.0,84.0,0.7580922190245345
37,EHCO,249.0,86.0,0.7558110197097199
37,EHCO,251.0,86.0,0.7535276185702482
37,EHCO,253.0,86.0,0.7512436175318009
37,EHCO,255.0,86.0,0.748960530627038
37,EHCO,257.0,88.0,0.7466797878576601
37,EHCO,259.0,88.0,0.7444027388981184
37,EHCO,261.0,88.0,0.7421306566472992
37,EHCO,263.0,88.0,0.7398647406342574
37,EHCO,265.0,90.0,0.7376061202838344
37,EHCO,267.0,90.0,0.7353558580477632
37,EHCO,269.0,90.0,0.7331149524066461
37,EHCO,271.0,90.0,0.7308843407479727
37,EHCO,273.0,90.0,0.7286649021251438
37,EHCO,275.0,90.0,0.7264574599022702
37,EHCO,277.0,90.0,0.724262784289327
37,EHCO,279.0,90.0,0.7220815947720607
37,EHCO,281.0,90.0,0.7199145624408751
37,EHCO,283.0,94.0,0.7177623122227524
37,EHCO,285.0,94.0,0.7156254250201055
37,EHCO,287.0,94.0,0.7135044397603054
37,EHCO,289.0,94.0,0.7113998553594761
37,EHCO,291.0,94.0,0.7093121326040079
37,EHCO,293.0,94.0,0.7072416959531059
37,EHCO,295.0,94.0,0.7051889352655528
37,EHCO,297.0,94.0,0.7031542074537485
37,EHCO,299.0,94.0,0.7011378380679548
37,EHCO,301.0,94.0,0.6991401228135717
37,EHCO,303.0,94.0,0.6971613290041453
37,EHCO,305.0,94.0,0.6952016969527125
37,EHCO,307.0,94.0,0.6932614413039748
37,EHCO,309.0,96.0,0.6913407523097007
37,EHCO,311.0,96.0,0.6894397970496565
37,EHCO,313.0,96.0,0.6875587206002772
37,EHCO,315.0,96.0,0.6856976471531998
37,EHCO,317.0,96.0,0.6838566810856946
37,EHCO,319.0,98.0,0.6820359079849554
37,EHCO,321.0,98.0,0.6802353956281221
37,EHCO,323.0,98.0,0.6784551949198449
37,EHCO,325.0,98.0,0.6766953407891183
37,EHCO,327.0,98.0,0.6749558530470503
37,EHCO,329.0,98.0,0.6732367372071617
37,EHCO,331.0,98.0,0.6715379852697506
37,EHCO,333.0,98.0,0.6698595764717916
37,EHCO,335.0,98.0,0.668201478003785
37,EHCO,337.0,98.0,0.6665636456949112
37,EHCO,339.0,100.0,0.6649460246677925
37,EHCO,341.0,100.0,0.6633485499641143
37,EHCO,343.0,100.0,0.6617711471423041
37,EHCO,345.0,100.0,0.6602137328484227
37,EHCO,347.0,100.0,0.6586762153613704
37,EHCO,349.0,100.0,0.6571584951134749
37,EHCO,351.0,100.0,0.6556604651874752
37,EHCO,353.0,100.0,0.6541820117908836
37,EHCO,355.0,100.0,0.6527230147086633
37,EHCO,357.0,100.0,0.6512833477351233
37,EHCO,359.0,100.0,0.6498628790858962
37,EHCO,361.0,100.0,0.648461471790829
37,EHCO,363.0,100.0,0.6470789840685844
37,EHCO,365.0,100.0,0.6457152696837175
37,EHCO,367.0,100.0,0.644370178286962
37,EHCO,369.0,100.0,0.6430435557394305
37,EHCO,371.0,100.0,0.6417352444214064
37,EHCO,373.0,100.0,0.6404450835263735
37,EHCO,375.0,100.0,0.6391729093409103
37,EHCO,377.0,100.0,0.6379185555110416
37,EHCO,379.0,100.0,0.636681853295626
37,EHCO,381.0,100.0,0.6354626318073259
37,EHCO,383.0,100.0,0.6342607182416893
37,EHCO,385.0,100.0,0.6330759380948506
37,EHCO,387.0,100.0,0.6319081153703351
37,EHCO,389.0,100.0,0.6307570727754345
37,EHCO,391.0,100.0,0.6296226319076014
37,EHCO,393.0,100.0,0.6285046134312904
37,EHCO,395.0,100.0,0.6274028372456588
37,EHCO,397.0,100.0,0.6263171226435216
37,EHCO,399.0,100.0,0.625247288461939
37,EHCO,401.0,100.0,0.6241931532248022
37,EHCO,403.0,100.0,0.6231545352777621
37,EHCO,405.0,100.0,0.6221312529158401
37,EHCO,407.0,100.0,0.6211231245040368
37,EHCO,409.0,100.0,0.62012996859125
37,EHCO,411.0,100.0,0.6191516040177952
37,EHCO,413.0,100.0,0.6181878500168119
37,EHCO,415.0,100.0,0.6172385263098256
37,EHCO,417.0,100.0,0.6163034531967282
37,EHCO,419.0,100.0,0.6153824516404236
37,EHCO,421.0,100.0,0.6144753433463787
37,EHCO,423.0,100.0,0.6135819508373094
37,EHCO,425.0,100.0,0.61270209752322
37,EHCO,427.0,100.0,0.611835607767008
37,EHCO,429.0,100.0,0.6109823069458349
37,EHCO,431.0,100.0,0.6101420215084584
37,EHCO,433.0,100.0,0.6093145790287089
37,EHCO,435.0,100.0,0.6084998082552897
37,EHCO,437.0,100.0,0.6076975391580717
37,EHCO,439.0,100.0,0.6069076029710438
37,EHCO,441.0,100.0,0.6061298322320782
37,EHCO,443.0,100.0,0.6053640608196567
37,EHCO,445.0,100.0,0.6046101239867057
37,EHCO,447.0,100.0,0.603867858391674
37,EHCO,449.0,100.0,0.6031371021269877
37,EHCO,451.0,100.0,0.602417694745006
37,EHCO,453.0,100.0,0.6017094772816005
37,EHCO,455.0,100.0,0.6010122922774737
37,EHCO,457.0,100.0,0.6003259837973254
37,A*-GA,1.0,0.0,0.7434382894619465
37,A*-GA,3.0,0.0,0.7524085649796525
37,A*-GA,5.0,0.0,0.7609376941566783
37,A*-GA,7.0,0.0,0.7690444525087299
37,A*-GA,9.0,0.0,0.7767468547043193
37,A*-GA,11.0,0.0,0.7840621848140794
37,A*-GA,13.0,0.0,0.791018533843699
37,A*-GA,15.0,0.0,0.7975282415988263
37,A*-GA,17.0,0.0,0.8035669483662826
37,A*-GA,19.0,0.0,0.8091566897673423
37,A*-GA,21.0,0.0,0.8143185781561189
37,A*-GA,23.0,0.0,0.8190728398112572
37,A*-GA,25.0,0.0,0.8234388506525367
37,A*-GA,27.0,0.0,0.8274351705405165
37,A*-GA,29.0,0.0,0.831079576215072
37,A*-GA,31.0,0.0,0.834435126834192
37,A*-GA,33.0,0.0,0.8376513378673108
37,A*-GA,35.0,0.0,0.8407338859555464
37,A*-GA,37.0,2.0,0.8436765438390033
37,A*-GA,39.0,2.0,0.8464509759383307
37,A*-GA,41.0,2.0,0.8490646485491826
37,A*-GA,43.0,2.0,0.8515247207385077
37,A*-GA,45.0,2.0,0.8538380566338811
37,A*-GA,47.0,2.0,0.8560112372268123
37,A*-GA,49.0,6.0,0.8580505717091614
37,A*-GA,51.0,8.0,0.8599621083610465
37,A*-GA,53.0,8.0,0.8617516450078951
37,A*-GA,55.0,10.0,0.8634247390636083
37,A*-GA,57.0,12.0,0.8649867171761303
37,A*-GA,59.0,14.000000000000002,0.8664426844910844
37,A*-GA,61.0,18.0,0.8677975335485142
37,A*-GA,63.0,18.0,0.8690559528271821
37,A*-GA,65.0,18.0,0.870222434950308
37,A*-GA,67.0,20.0,0.8713012845660862
37,A*-GA,69.0,20.0,0.8722966259157907
37,A*-GA,71.0,20.0,0.8731996830420171
37,A*-GA,73.0,20.0,0.8738915111968605
37,A*-GA,75.0,20.0,0.874383296962463
37,A*-GA,77.0,20.0,0.8746857401390364
37,A*-GA,79.0,20.0,0.8748090736335059
37,A*-GA,81.0,20.0,0.8747630825548297
37,A*-GA,83.0,20.0,0.8745571225473351
37,A*-GA,85.0,20.0,0.8742001373921753
37,A*-GA,87.0,20.0,0.8737006759058286
37,A*-GA,89.0,22.0,0.8730669081634211
37,A*-GA,91.0,22.0,0.8723066410735646
37,A*-GA,93.0,22.0,0.8714273333303472
37,A*-GA,95.0,22.0,0.8705639811475158
37,A*-GA,97.0,22.0,0.8697584228497162
37,A*-GA,99.0,24.0,0.8690081268357244
37,A*-GA,101.0,26.0,0.8682849317042777
37,A*-GA,103.0,26.0,0.8675794128963638
37,A*-GA,105.0,26.0,0.8668910480963826
37,A*-GA,107.0,28.000000000000004,0.866219332650653
37,A*-GA,109.0,28.000000000000004,0.8655637789212888
37,A*-GA,111.0,34.0,0.8649239156646499
37,A*-GA,113.0,34.0,0.8642992874334164
37,A*-GA,115.0,34.0,0.8636894540013719
37,A*-GA,117.0,36.0,0.8630939898100166
37,A*-GA,119.0,36.0,0.8625124834361685
37,A*-GA,121.0,36.0,0.861944537079738
37,A*-GA,123.0,40.0,0.8613897660708986
37,A*-GA,125.0,40.0,0.8608477983959035
37,A*-GA,127.0,40.0,0.8603182742408279
37,A*-GA,129.0,40.0,0.8598008455525445
37,A*-GA,131.0,40.0,0.8592951756162698
37,A*-GA,133.0,42.0,0.8588009386490374
37,A*-GA,135.0,42.0,0.8583178194084881
37,A*-GA,137.0,42.0,0.8578455128163849
37,A*-GA,139.0,44.0,0.8573837235962847
37,A*-GA,141.0,44.0,0.8569404767683243
37,A*-GA,143.0,44.0,0.8564121941897096
37,A*-GA,145.0,44.0,0.8557622598815219
37,A*-GA,147.0,44.0,0.8549977938449642
37,A*-GA,149.0,44.0,0.8541255979621909
37,A*-GA,151.0,44.0,0.8531521691174058
37,A*-GA,153.0,46.0,0.8521255039970805
37,A*-GA,155.0,46.0,0.8511725804841953
37,A*-GA,157.0,46.0,0.8502902194652803
37,A*-GA,159.0,48.0,0.8494675170205084
37,A*-GA,161.0,50.0,0.8486789397561146
37,A*-GA,163.0,50.0,0.8479231247273197
37,A*-GA,165.0,52.0,0.8471987627250148
37,A*-GA,167.0,52.0,0.8465045961647658
37,A*-GA,169.0,52.0,0.845839417058663
37,A*-GA,171.0,54.0,0.8452020650667681
37,A*-GA,173.0,54.0,0.8445914256250339
37,A*-GA,175.0,54.0,0.8439873062514602
37,A*-GA,177.0,54.0,0.8432736947911844
37,A*-GA,179.0,56.00000000000001,0.8424570824174049
37,A*-GA,181.0,56.00000000000001,0.8415436693622228
37,A*-GA,183.0,57.99999999999999,0.8405393769300828
37,A*-GA,185.0,60.0,0.8394498590300139
37,A*-GA,187.0,60.0,0.8382805132457113
37,A*-GA,189.0,60.0,0.8370364914617515
37,A*-GA,191.0,60.0,0.8357227100635116
37,A*-GA,193.0,60.0,0.8343438597276721
37,A*-GA,195.0,60.0,0.8329044148195173
37,A*-GA,197.0,62.0,0.8314086424126109
37,A*-GA,199.0,62.0,0.8298606109458084
37,A*-GA,201.0,62.0,0.8282534093348572
37,A*-GA,203.0,62.0,0.8265595721286326
37,A*-GA,205.0,62.0,0.8247849664703581
37,A*-GA,207.0,62.0,0.8229351885366234
37,A*-GA,209.0,64.0,0.8210155748417104
37,A*-GA,211.0,66.0,0.8190312130873069
37,A*-GA,213.0,66.0,0.8169869525756256
37,A*-GA,215.0,66.0,0.8148874142032388
37,A*-GA,217.0,70.0,0.8127370000522539
37,A*-GA,219.0,70.0,0.8105399025948011
37,A*-GA,221.0,70.0,0.8083001135261777
37,A*-GA,223.0,74.0,0.8060214322413827
37,A*-GA,225.0,74.0,0.8037075601476392
37,A*-GA,227.0,74.0,0.8013621878527151
37,A*-GA,229.0,76.0,0.7989885720963995
37,A*-GA,231.0,78.0,0.7965895516251601
37,A*-GA,233.0,80.0,0.7941679933269504
37,A*-GA,235.0,82.0,0.7917267037844904
37,A*-GA,237.0,82.0,0.7892683477039028
37,A*-GA,239.0,82.0,0.7867954540056958
37,A*-GA,241.0,82.0,0.7843104216681176
37,A*-GA,243.0,82.0,0.7818155253327387
37,A*-GA,245.0,82.0,0.7793129206817341
37,A*-GA,247.0,82.0,0.7768046495959575
37,A*-GA,249.0,82.0,0.7742926451025446
37,A*-GA,251.0,82.0,0.7717787366304377
37,A*-GA,253.0,82.0,0.7692646589916706
37,A*-GA,255.0,82.0,0.7667520539220364
37,A*-GA,257.0,82.0,0.7642424717265628
37,A*-GA,259.0,82.0,0.7617373753130191
37,A*-GA,261.0,82.0,0.7592381440598067
37,A*-GA,263.0,82.0,0.756746077524851
37,A*-GA,265.0,82.0,0.7542623990018542
37,A*-GA,267.0,82.0,0.7517882589300129
37,A*-GA,269.0,82.0,0.7493247381630667
37,A*-GA,271.0,82.0,0.7468728511033093
37,A*-GA,273.0,82.0,0.7444335487059731
37,A*-GA,275.0,82.0,0.7420077213591815
37,A*-GA,277.0,82.0,0.7395962016444597
37,A*-GA,279.0,82.0,0.7371997669825967
37,A*-GA,281.0,82.0,0.7348192012630657
37,A*-GA,283.0,84.0,0.7324553486241171
37,A*-GA,285.0,86.0,0.7301088207581091
37,A*-GA,287.0,90.0,0.7277801844135003
37,A*-GA,289.0,94.0,0.7254699635042191
37,A*-GA,291.0,100.0,0.7231786411305586
37,A*-GA,293.0,100.0,0.7209066615151665
37,A*-GA,295.0,100.0,0.7186544318575486
37,A*-GA,297.0,100.0,0.7164223241103801
37,A*-GA,299.0,100.0,0.7142106766807763
37,A*-GA,301.0,100.0,0.7120197960595598
37,A*-GA,303.0,100.0,0.7098499583814315
37,A*-GA,305.0,100.0,0.7077014109188468
37,A*-GA,307.0,100.0,0.7055743735122764
37,A*-GA,309.0,100.0,0.7034690399394341
37,A*-GA,311.0,100.0,0.701385579225946
37,A*-GA,313.0,100.0,0.6993241368998376
37,A*-GA,315.0,100.0,0.6972848361921231
37,A*-GA,317.0,100.0,0.6952677791856874
37,A*-GA,319.0,100.0,0.6932730479145661
37,A*-GA,321.0,100.0,0.6913007054156447
37,A*-GA,323.0,100.0,0.6893507967347156
37,A*-GA,325.0,100.0,0.6874233498887582
37,A*-GA,327.0,100.0,0.685518376786229
37,A*-GA,329.0,100.0,0.6836358741070789
37,A*-GA,331.0,100.0,0.6817758241441486
37,A*-GA,333.0,100.0,0.679938195607522
37,A*-GA,335.0,100.0,0.6781229443933597
37,A*-GA,337.0,100.0,0.6763300143186713
37,A*-GA,339.0,100.0,0.6745593378234255
37,A*-GA,341.0,100.0,0.6728108366413451
37,A*-GA,343.0,100.0,0.6710844224406759
37,A*-GA,345.0,100.0,0.6693799974361696
37,A*-GA,347.0,100.0,0.667697454973471
37,A*-GA,349.0,100.0,0.6660366800870485
37,A*-GA,351.0,100.0,0.6643975500327683
37,A*-GA,353.0,100.0,0.662779934796161
37,A*-GA,355.0,100.0,0.661183697577392
37,A*-GA,357.0,100.0,0.6596086952539048
37,A*-GA,359.0,100.0,0.6580547788216684
37,A*-GA,361.0,100.0,0.6565217938159209
37,A*-GA,363.0,100.0,0.6550095807122664
37,A*-GA,365.0,100.0,0.6535179753089486
37,A*-GA,367.0,100.0,0.6520468090910899
37,A*-GA,369.0,100.0,0.6505959095776545
37,A*-GA,371.0,100.0,0.6491651006518612
37,A*-GA,373.0,100.0,0.6477542028757459
37,A*-GA,375.0,100.0,0.6463630337895409
37,A*-GA,377.0,100.0,0.6449914081965149
37,A*-GA,379.0,100.0,0.6436391384338915
37,A*-GA,381.0,100.0,0.6423060346304347
37,A*-GA,383.0,100.0,0.6409919049512716
37,A*-GA,385.0,100.0,0.6396965558304964
37,A*-GA,387.0,100.0,0.6384197921920783
37,A*-GA,389.0,100.0,0.637161417659573
37,A*-GA,391.0,100.0,0.6359212347551215
37,A*-GA,393.0,100.0,0.6346990450881961
37,A*-GA,395.0,100.0,0.6334946495345358
37,A*-GA,397.0,100.0,0.6323078484056971
37,A*-GA,399.0,100.0,0.631138441609626
37,A*-GA,401.0,100.0,0.629986228802643
37,A*-GA,403.0,100.0,0.6288510095332154
37,A*-GA,405.0,100.0,0.627732583377876
37,A*-GA,407.0,100.0,0.6266307500696332
37,A*-GA,409.0,100.0,0.6255453096192034
37,A*-GA,411.0,100.0,0.6244760624293816
37,A*-GA,413.0,100.0,0.6234228094028548
37,A*-GA,415.0,100.0,0.6223853520437505
37,A*-GA,417.0,100.0,0.6213634925531979
37,A*-GA,419.0,100.0,0.6203570339191719
37,A*-GA,421.0,100.0,0.6193657800008737
37,A*-GA,423.0,100.0,0.6183895356078991
37,A*-GA,425.0,100.0,0.6174281065744246
37,A*-GA,427.0,100.0,0.6164812998286429
37,A*-GA,429.0,100.0,0.6155489234576614
37,A*-GA,431.0,100.0,0.6146307867680735
37,A*-GA,433.0,100.0,0.6137267003423998
37,A*-GA,435.0,100.0,0.6128364760915933
37,A*-GA,437.0,100.0,0.6119599273037876
37,A*-GA,439.0,100.0,0.6110968686894674
37,A*-GA,441.0,100.0,0.6102471164232265
37,A*-GA,443.0,100.0,0.6094104881822751
37,A*-GA,445.0,100.0,0.6085868031818514
37,A*-GA,447.0,100.0,0.6077758822076836
37,A*-GA,449.0,100.0,0.6069775476456446
37,A*-GA,451.0,100.0,0.6061916235087356
37,A*-GA,453.0,100.0,0.605417935461527
37,A*-GA,455.0,100.0,0.6046563108421817
37,A*-GA,457.0,100.0,0.6039065786821795
37,A*-GA,459.0,100.0,0.6031685697238559
37,A*-GA,461.0,100.0,0.6024421164358665
37,A*-GA,463.0,100.0,0.6017270530266781
37,A*-GA,465.0,100.0,0.6010232154561894
37,A*-GA,467.0,100.0,0.6003304414455748
38,EHCO,1.0,0.0,0.8249434806493517
38,EHCO,3.0,0.0,0.8307163246928383
38,EHCO,5.0,0.0,0.8361734569585653
38,EHCO,7.0,0.0,0.8413287321907684
38,EHCO,9.0,0.0,0.8461954373273177
38,EHCO,11.0,0.0,0.8507863141760811
38,EHCO,13.0,0.0,0.855113581195064
38,EHCO,15.0,0.0,0.8591771224331906
38,EHCO,17.0,0.0,0.862864496898526
38,EHCO,19.0,0.0,0.8661940385365952
38,EHCO,21.0,0.0,0.8691833029334559
38,EHCO,23.0,2.0,0.8718490988277883
38,EHCO,25.0,2.0,0.8742075183706192
38,EHCO,27.0,2.0,0.8762739661820801
38,EHCO,29.0,2.0,0.878063187252651
38,EHCO,31.0,2.0,0.8795892937344808
38,EHCO,33.0,2.0,0.8808657906665797
38,EHCO,35.0,4.0,0.881905600675957
38,EHCO,37.0,4.0,0.8827210876951241
38,EHCO,39.0,6.0,0.8833240797347911
38,EHCO,41.0,8.0,0.8838615091726001
38,EHCO,43.0,10.0,0.8843812375019728
38,EHCO,45.0,12.0,0.884883921762386
38,EHCO,47.0,12.0,0.8853369685305976
38,EHCO,49.0,12.0,0.8857319504946748
38,EHCO,51.0,12.0,0.8860718058495827
38,EHCO,53.0,12.0,0.8863593466113067
38,EHCO,55.0,14.000000000000002,0.8865972637472219
38,EHCO,57.0,16.0,0.8867881321022203
38,EHCO,59.0,16.0,0.8869344151286518
38,EHCO,61.0,16.0,0.8870384694278294
38,EHCO,63.0,18.0,0.8871025491105342
38,EHCO,65.0,18.0,0.8871288099836695
38,EHCO,67.0,18.0,0.8871193135699305
38,EHCO,69.0,18.0,0.8870760309670851
38,EHCO,71.0,22.0,0.8870008465532027
38,EHCO,73.0,22.0,0.8869059671530083
38,EHCO,75.0,22.0,0.8866896374581879
38,EHCO,77.0,22.0,0.8863150097923218
38,EHCO,79.0,22.0,0.8857910452162373
38,EHCO,81.0,24.0,0.8851263077791323
38,EHCO,83.0,24.0,0.8843289808448292
38,EHCO,85.0,24.0,0.8834068827651312
38,EHCO,87.0,24.0,0.8823674819260984
38,EHCO,89.0,24.0,0.8812611791782943
38,EHCO,91.0,24.0,0.880220069345564
38,EHCO,93.0,24.0,0.8792414376583937
38,EHCO,95.0,26.0,0.8783136746354621
38,EHCO,97.0,26.0,0.8774083758294872
38,EHCO,99.0,30.0,0.8765248846040509
38,EHCO,101.0,30.0,0.8756625663696344
38,EHCO,103.0,32.0,0.8748208077800905
38,EHCO,105.0,34.0,0.8739990159596244
38,EHCO,107.0,34.0,0.8731966177591006
38,EHCO,109.0,34.0,0.8724130590405451
38,EHCO,111.0,34.0,0.8716478039887509
38,EHCO,113.0,34.0,0.8709003344489405
38,EHCO,115.0,34.0,0.8701701492894787
38,EHCO,117.0,34.0,0.8694567637886671
38,EHCO,119.0,34.0,0.868759709044694
38,EHCO,121.0,34.0,0.8680785314078419
38,EHCO,123.0,34.0,0.8674127919340978
38,EHCO,125.0,34.0,0.8667444716533089
38,EHCO,127.0,34.0,0.8659555683143663
38,EHCO,129.0,36.0,0.865053233133174
38,EHCO,131.0,38.0,0.8640442967731684
38,EHCO,133.0,38.0,0.8629352825818606
38,EHCO,135.0,38.0,0.8617324192971806
38,EHCO,137.0,38.0,0.8604416532446045
38,EHCO,139.0,38.0,0.8590686600452185
38,EHCO,141.0,38.0,0.8576188558540798
38,EHCO,143.0,38.0,0.8560974081474729
38,EHCO,145.0,42.0,0.8545092460769279
38,EHCO,147.0,42.0,0.8528590704071612
38,EHCO,149.0,42.0,0.8511513630544265
38,EHCO,151.0,42.0,0.8493903962411111
38,EHCO,153.0,42.0,0.8475802412817915
38,EHCO,155.0,42.0,0.8457247770153613
38,EHCO,157.0,44.0,0.8438276978972672
38,EHCO,159.0,46.0,0.8418925217653405
38,EHCO,161.0,46.0,0.8399225972921741
38,EHCO,163.0,46.0,0.837921111136489
38,EHCO,165.0,46.0,0.8358910948054398
38,EHCO,167.0,48.0,0.8338354312393429
38,EHCO,169.0,48.0,0.8317568611298518
38,EHCO,171.0,48.0,0.8296579889821745
38,EHCO,173.0,48.0,0.8275412889315077
38,EHCO,175.0,50.0,0.8254091103234602
38,EHCO,177.0,50.0,0.8233792255386714
38,EHCO,179.0,50.0,0.8214855897046766
38,EHCO,181.0,52.0,0.8197222322080563
38,EHCO,183.0,54.0,0.8180603126120113
38,EHCO,185.0,56.00000000000001,0.8164879187011149
38,EHCO,187.0,56.00000000000001,0.815001265805181
38,EHCO,189.0,57.99999999999999,0.8135967207379212
38,EHCO,191.0,57.99999999999999,0.8122707958209822
38,EHCO,193.0,57.99999999999999,0.8110201431427844
38,EHCO,195.0,57.99999999999999,0.8098415490429509
38,EHCO,197.0,57.99999999999999,0.8087396117824718
38,EHCO,199.0,57.99999999999999,0.8076166339792071
38,EHCO,201.0,57.99999999999999,0.8064254846045525
38,EHCO,203.0,60.0,0.8051389245023493
38,EHCO,205.0,64.0,0.8037630403295835
38,EHCO,207.0,64.0,0.8023036412267817
38,EHCO,209.0,64.0,0.8007662703452079
38,EHCO,211.0,64.0,0.7991562159112702
38,EHCO,213.0,64.0,0.7974785218464634
38,EHCO,215.0,64.0,0.7957379979604587
38,EHCO,217.0,66.0,0.7939392297342529
38,EHCO,219.0,68.0,0.7920865877096261
38,EHCO,221.0,68.0,0.7901842365005173
38,EHCO,223.0,68.0,0.7882361434413085
38,EHCO,225.0,68.0,0.7862460868864216
38,EHCO,227.0,68.0,0.7842176641750616
38,EHCO,229.0,68.0,0.7821542992743953
38,EHCO,231.0,68.0,0.7800592501139327
38,EHCO,233.0,68.0,0.7779356156233705
38,EHCO,235.0,68.0,0.7757863424856786
38,EHCO,237.0,68.0,0.7736144884447639
38,EHCO,239.0,68.0,0.7714227892623317
38,EHCO,241.0,70.0,0.769213673546885
38,EHCO,243.0,70.0,0.7669892769928797
38,EHCO,245.0,72.0,0.7647518791413644
38,EHCO,247.0,72.0,0.7625036477386539
38,EHCO,249.0,74.0,0.7602466398562376
38,EHCO,251.0,74.0,0.7579828048913206
38,EHCO,253.0,78.0,0.755713989236734
38,EHCO,255.0,78.0,0.7534419407602764
38,EHCO,257.0,78.0,0.7511683131010829
38,EHCO,259.0,80.0,0.7488946697903217
38,EHCO,261.0,82.0,0.7466224882032255
38,EHCO,263.0,82.0,0.7443531633491921
38,EHCO,265.0,82.0,0.7420880115064191
38,EHCO,267.0,82.0,0.7398282737072844
38,EHCO,269.0,84.0,0.7375751190804384
38,EHCO,271.0,84.0,0.7353296480553365
38,EHCO,273.0,86.0,0.7330928954347155
38,EHCO,275.0,88.0,0.7308658333402992
38,EHCO,277.0,88.0,0.7286493740368095
38,EHCO,279.0,88.0,0.7264443726391587
38,EHCO,281.0,88.0,0.7242516297075045
38,EHCO,283.0,88.0,0.722071893734666
38,EHCO,285.0,88.0,0.7199058635302199
38,EHCO,287.0,88.0,0.717754190505424
38,EHCO,289.0,88.0,0.7156174808629523
38,EHCO,291.0,88.0,0.7134962976952682
38,EHCO,293.0,88.0,0.711391162995309
38,EHCO,295.0,88.0,0.7093026937590535
38,EHCO,297.0,88.0,0.7072313699996245
38,EHCO,299.0,90.0,0.7051775899010007
38,EHCO,301.0,90.0,0.7031417183277622
38,EHCO,303.0,90.0,0.7011240884247383
38,EHCO,305.0,90.0,0.6991250031490656
38,EHCO,307.0,90.0,0.697144736737388
38,EHCO,309.0,90.0,0.6951835361108235
38,EHCO,311.0,92.0,0.6932416222202139
38,EHCO,313.0,94.0,0.6913191913340776
38,EHCO,315.0,94.0,0.689416416271588
38,EHCO,317.0,98.0,0.6875334475828073
38,EHCO,319.0,98.0,0.6856704146783168
38,EHCO,321.0,98.0,0.6838274269103014
38,EHCO,323.0,100.0,0.6820045746070604
38,EHCO,325.0,100.0,0.680201930062843
38,EHCO,327.0,100.0,0.6784195484848267
38,EHCO,329.0,100.0,0.6766574688989875
38,EHCO,331.0,100.0,0.6749157150165404
38,EHCO,333.0,100.0,0.6731942960625593
38,EHCO,335.0,100.0,0.6714932075683264
38,EHCO,337.0,100.0,0.6698124321288926
38,EHCO,339.0,100.0,0.6681519401272785
38,EHCO,341.0,100.0,0.666511690426682
38,EHCO,343.0,100.0,0.6648916310320089
38,EHCO,345.0,100.0,0.6632916997219862
38,EHCO,347.0,100.0,0.6617118246530715
38,EHCO,349.0,100.0,0.6601519249363197
38,EHCO,351.0,100.0,0.6586119111883231
38,EHCO,353.0,100.0,0.6570916860572987
38,EHCO,355.0,100.0,0.6555911447253484
38,EHCO,357.0,100.0,0.6541101753878809
38,EHCO,359.0,100.0,0.6526486597111432
38,EHCO,361.0,100.0,0.6512064732687719
38,EHCO,363.0,100.0,0.6497834859582352
38,EHCO,365.0,100.0,0.6483795623980062
38,EHCO,367.0,100.0,0.6469945623062712
38,EHCO,369.0,100.0,0.6456283408619439
38,EHCO,371.0,100.0,0.6442807490487287
38,EHCO,373.0,100.0,0.6429516339829415
38,EHCO,375.0,100.0,0.6416408392257733
38,EHCO,377.0,100.0,0.6403482050806492
38,EHCO,379.0,100.0,0.639073568876313
38,EHCO,381.0,100.0,0.6378167652362391
38,EHCO,383.0,100.0,0.6365776263349522
38,EHCO,385.0,100.0,0.6353559821418087
38,EHCO,387.0,100.0,0.6341516606527724
38,EHCO,389.0,100.0,0.6329644881106984
38,EHCO,391.0,100.0,0.6317942892146122
38,EHCO,393.0,100.0,0.6306408873184576
38,EHCO,395.0,100.0,0.6295041046197629
38,EHCO,397.0,100.0,0.6283837623386607
38,EHCO,399.0,100.0,0.6272796808876742
38,EHCO,401.0,100.0,0.6261916800326717
38,EHCO,403.0,100.0,0.6251195790453693
38,EHCO,405.0,100.0,0.6240631968477497
38,EHCO,407.0,100.0,0.6230223521487495
38,EHCO,409.0,100.0,0.6219968635735507
38,EHCO,411.0,100.0,0.6209865497858027
38,EHCO,413.0,100.0,0.6199912296030823
38,EHCO,415.0,100.0,0.6190107221058915
38,EHCO,417.0,100.0,0.6180448467404785
38,EHCO,419.0,100.0,0.6170934234157542
38,EHCO,421.0,100.0,0.6161562725945676
38,EHCO,423.0,100.0,0.6152332153795934
38,EHCO,425.0,100.0,0.6143240735940692
38,EHCO,427.0,100.0,0.6134286698576173
38,EHCO,429.0,100.0,0.6125468276573725
38,EHCO,431.0,100.0,0.611678371414625
38,EHCO,433.0,100.0,0.6108231265471877
38,EHCO,435.0,100.0,0.6099809195276781
38,EHCO,437.0,100.0,0.6091515779379056
38,EHCO,439.0,100.0,0.6083349305195421
38,EHCO,441.0,100.0,0.6075308072212474
38,EHCO,443.0,100.0,0.606739039242416
38,EHCO,445.0,100.0,0.6059594590737011
38,EHCO,447.0,100.0,0.6051919005344683
38,EHCO,449.0,100.0,0.604436198807324
38,EHCO,451.0,100.0,0.6036921904698569
38,EHCO,453.0,100.0,0.6029597135237252
38,EHCO,455.0,100.0,0.6022386074212183
38,EHCO,457.0,100.0,0.6015287130894127
38,EHCO,459.0,100.0,0.6008298729520425
38,EHCO,461.0,100.0,0.600141930949192
38,A*-GA,1.0,0.0,0.9024978565652643
38,A*-GA,3.0,0.0,0.905228258785054
38,A*-GA,5.0,0.0,0.9077623035786762
38,A*-GA,7.0,0.0,0.910109163444306
38,A*-GA,9.0,0.0,0.9122776267572792
38,A*-GA,11.0,0.0,0.9142761132405891
38,A*-GA,13.0,0.0,0.9161126888218457
38,A*-GA,15.0,0.0,0.9177832479224701
38,A*-GA,17.0,0.0,0.9191715164352705
38,A*-GA,19.0,0.0,0.9202921455628187
38,A*-GA,21.0,0.0,0.9211591526214492
38,A*-GA,23.0,2.0,0.9217859468856945
38,A*-GA,25.0,2.0,0.9221853544026959
38,A*-GA,27.0,2.0,0.9223696418172667
38,A*-GA,29.0,2.0,0.9223505392466789
38,A*-GA,31.0,2.0,0.922139262242714
38,A*-GA,33.0,2.0,0.9217465328770371
38,A*-GA,35.0,2.0,0.9211825999845348
38,A*-GA,37.0,2.0,0.9204572585978968
38,A*-GA,39.0,4.0,0.9195798686054105
38,A*-GA,41.0,4.0,0.9185593726626773
38,A*-GA,43.0,4.0,0.9174043133877547
38,A*-GA,45.0,4.0,0.9161228498680641
38,A*-GA,47.0,4.0,0.9148562403812811
38,A*-GA,49.0,4.0,0.9136484070562577
38,A*-GA,51.0,6.0,0.9124969437050011
38,A*-GA,53.0,8.0,0.9113683955555373
38,A*-GA,55.0,10.0,0.9102520481805974
38,A*-GA,57.0,10.0,0.9091479474075908
38,A*-GA,59.0,10.0,0.9080561285975453
38,A*-GA,61.0,10.0,0.9069766171989811
38,A*-GA,63.0,14.000000000000002,0.9059094292776866
38,A*-GA,65.0,14.000000000000002,0.9048545720233824
38,A*-GA,67.0,14.000000000000002,0.9038120442342199
38,A*-GA,69.0,14.000000000000002,0.902781836780018
38,A*-GA,71.0,14.000000000000002,0.9017639330451145
38,A*-GA,73.0,16.0,0.900758309351663
38,A*-GA,75.0,16.0,0.8997649353641831
38,A*-GA,77.0,16.0,0.8987837744761312
38,A*-GA,79.0,16.0,0.8978147841792352
38,A*-GA,81.0,18.0,0.8968579164163003
38,A*-GA,83.0,20.0,0.8959131179181717
38,A*-GA,85.0,22.0,0.8949803305255045
38,A*-GA,87.0,22.0,0.8940594914959737
38,A*-GA,89.0,22.0,0.8931505337975242
38,A*-GA,91.0,24.0,0.8922533863882419
38,A*-GA,93.0,26.0,0.8913679744834015
38,A*-GA,95.0,26.0,0.8904942198102237
38,A*-GA,97.0,26.0,0.8896320408508539
38,A*-GA,99.0,26.0,0.888781353074056
38,A*-GA,101.0,26.0,0.8879420691560906
38,A*-GA,103.0,26.0,0.8871235526239207
38,A*-GA,105.0,26.0,0.8862223141145165
38,A*-GA,107.0,26.0,0.885200741306916
38,A*-GA,109.0,26.0,0.884066122573413
38,A*-GA,111.0,26.0,0.8828254179249229
38,A*-GA,113.0,26.0,0.8814852725940027
38,A*-GA,115.0,26.0,0.8800520300734185
38,A*-GA,117.0,26.0,0.8785317446318094
38,A*-GA,119.0,28.000000000000004,0.8769301933271504
38,A*-GA,121.0,28.000000000000004,0.8752528875379005
38,A*-GA,123.0,30.0,0.8735050840309413
38,A*-GA,125.0,30.0,0.8716917955846525
38,A*-GA,127.0,30.0,0.8698178011847588
38,A*-GA,129.0,32.0,0.8678876558098756
38,A*-GA,131.0,32.0,0.8659056998230241
38,A*-GA,133.0,32.0,0.8639172118982625
38,A*-GA,135.0,32.0,0.8620453254159107
38,A*-GA,137.0,32.0,0.8602851232207956
38,A*-GA,139.0,34.0,0.8586240321604609
38,A*-GA,141.0,34.0,0.8570349157113031
38,A*-GA,143.0,36.0,0.8555148713014555
38,A*-GA,145.0,38.0,0.854061111099508
38,A*-GA,147.0,38.0,0.8526709575036144
38,A*-GA,149.0,38.0,0.851341838807669
38,A*-GA,151.0,40.0,0.8500712850376022
38,A*-GA,153.0,40.0,0.8488569239511226
38,A*-GA,155.0,40.0,0.847696477194491
38,A*-GA,157.0,40.0,0.8465877566101655
38,A*-GA,159.0,42.0,0.8455286606893972
38,A*-GA,161.0,42.0,0.8445248541330942
38,A*-GA,163.0,44.0,0.8434735101321202
38,A*-GA,165.0,44.0,0.8423376734550767
38,A*-GA,167.0,44.0,0.8411227313351776
38,A*-GA,169.0,44.0,0.8398338254084927
38,A*-GA,171.0,46.0,0.8384758619148933
38,A*-GA,173.0,46.0,0.8370535214894561
38,A*-GA,175.0,46.0,0.8355712685605499
38,A*-GA,177.0,46.0,0.8340333603701842
38,A*-GA,179.0,46.0,0.8324438556315898
38,A*-GA,181.0,46.0,0.8308066228384089
38,A*-GA,183.0,46.0,0.8291253482393065
38,A*-GA,185.0,48.0,0.827403543491272
38,A*-GA,187.0,48.0,0.8256445530043548
38,A*-GA,189.0,50.0,0.8238515609900768
38,A*-GA,191.0,50.0,0.8220275982252822
38,A*-GA,193.0,50.0,0.8201755485427206
38,A*-GA,195.0,52.0,0.818298155059215
38,A*-GA,197.0,52.0,0.8163980261518375
38,A*-GA,199.0,52.0,0.8144776411921058
38,A*-GA,201.0,54.0,0.8125285668506952
38,A*-GA,203.0,54.0,0.8105218795581465
38,A*-GA,205.0,54.0,0.8084623067055472
38,A*-GA,207.0,56.00000000000001,0.8063541813375383
38,A*-GA,209.0,60.0,0.8042014599336054
38,A*-GA,211.0,60.0,0.802007739481832
38,A*-GA,213.0,60.0,0.7997766962287653
38,A*-GA,215.0,62.0,0.7975118280238134
38,A*-GA,217.0,62.0,0.7952164618826528
38,A*-GA,219.0,62.0,0.7928937612445883
38,A*-GA,221.0,62.0,0.7905467329360232
38,A*-GA,223.0,62.0,0.7881782338517247
38,A*-GA,225.0,62.0,0.7857909773651018
38,A*-GA,227.0,62.0,0.7833875394782744
38,A*-GA,229.0,62.0,0.780970364722285
38,A*-GA,231.0,62.0,0.7785417718173984
38,A*-GA,233.0,62.0,0.7761039591030391
38,A*-GA,235.0,64.0,0.7736590097465429
38,A*-GA,237.0,64.0,0.7712088967395315
38,A*-GA,239.0,64.0,0.7687554909469351
38,A*-GA,241.0,64.0,0.7663005666710514
38,A*-GA,243.0,66.0,0.7638458016526969
38,A*-GA,245.0,66.0,0.7613927810692543
38,A*-GA,247.0,66.0,0.7589430016079899
38,A*-GA,249.0,66.0,0.7564978753722678
38,A*-GA,251.0,66.0,0.7540587336273382
38,A*-GA,253.0,66.0,0.751626830392113
38,A*-GA,255.0,66.0,0.7492033458830847
38,A*-GA,257.0,66.0,0.7467894576796583
38,A*-GA,259.0,68.0,0.7443864030289472
38,A*-GA,261.0,70.0,0.7419951430626742
38,A*-GA,263.0,72.0,0.7396163893121113
38,A*-GA,265.0,72.0,0.7372509350428144
38,A*-GA,267.0,74.0,0.7348995833653277
38,A*-GA,269.0,74.0,0.7325630839865533
38,A*-GA,271.0,74.0,0.7302421356667032
38,A*-GA,273.0,74.0,0.7279373885738835
38,A*-GA,275.0,74.0,0.7256494465404254
38,A*-GA,277.0,74.0,0.7233788692249143
38,A*-GA,279.0,76.0,0.721126174183713
38,A*-GA,281.0,76.0,0.7188918388556219
38,A*-GA,283.0,76.0,0.7166763024631784
38,A*-GA,285.0,80.0,0.7144799678339555
38,A*-GA,287.0,80.0,0.7123032031450873
38,A*-GA,289.0,80.0,0.710146343594122
38,A*-GA,291.0,82.0,0.7080096929991783
38,A*-GA,293.0,82.0,0.705893525331264
38,A*-GA,295.0,84.0,0.7037980861815031
38,A*-GA,297.0,84.0,0.7017235941659037
38,A*-GA,299.0,84.0,0.6996702422702022
38,A*-GA,301.0,84.0,0.6976381991372115
38,A*-GA,303.0,86.0,0.6956276102990073
38,A*-GA,305.0,86.0,0.6936385993561951
38,A*-GA,307.0,86.0,0.691671269106407
38,A*-GA,309.0,86.0,0.6897257026240975
38,A*-GA,311.0,86.0,0.6878019642936195
38,A*-GA,313.0,86.0,0.6859001007974871
38,A*-GA,315.0,86.0,0.6840201420616528
38,A*-GA,317.0,88.0,0.6821621021595564
38,A*-GA,319.0,88.0,0.6803259801766302
38,A*-GA,321.0,90.0,0.6785117610368796
38,A*-GA,323.0,90.0,0.6767194162930947
38,A*-GA,325.0,90.0,0.6749489048821814
38,A*-GA,327.0,92.0,0.6732001738470482
38,A*-GA,329.0,94.0,0.6714731590264211
38,A*-GA,331.0,94.0,0.6697677857139085
38,A*-GA,333.0,96.0,0.668083969287582
38,A*-GA,335.0,98.0,0.6664216158112911
38,A*-GA,337.0,98.0,0.6647806226088782
38,A*-GA,339.0,98.0,0.6631608787773373
38,A*-GA,341.0,98.0,0.6615622639746489
38,A*-GA,343.0,98.0,0.6599846492134372
38,A*-GA,345.0,98.0,0.6584278989981454
38,A*-GA,347.0,98.0,0.6568918717715571
38,A*-GA,349.0,98.0,0.6553764203406418
38,A*-GA,351.0,98.0,0.6538813922825856
38,A*-GA,353.0,98.0,0.6524066303318367
38,A*-GA,355.0,98.0,0.6509519727489613
38,A*-GA,357.0,98.0,0.6495172536720726
38,A*-GA,359.0,98.0,0.6481023034515654
38,A*-GA,361.0,98.0,0.6467069489688599
38,A*-GA,363.0,98.0,0.645331013939829
38,A*-GA,365.0,98.0,0.6439743192035547
38,A*-GA,367.0,98.0,0.6426366829970399
38,A*-GA,369.0,98.0,0.6413179212164639
38,A*-GA,371.0,98.0,0.6400178476655614
38,A*-GA,373.0,98.0,0.6387362742916681
38,A*-GA,375.0,98.0,0.6374730114099627
38,A*-GA,377.0,98.0,0.6362278679164078
38,A*-GA,379.0,98.0,0.6350006514898782
38,A*-GA,381.0,98.0,0.6337911687839363
38,A*-GA,383.0,98.0,0.6325992256087061
38,A*-GA,385.0,98.0,0.6314246271032696
38,A*-GA,387.0,98.0,0.6302671778989976
38,A*-GA,389.0,98.0,0.6291266822742092
38,A*-GA,391.0,98.0,0.6280029443005366
38,A*-GA,393.0,98.0,0.6268957679813578
38,A*-GA,395.0,98.0,0.6258049573826442
38,A*-GA,397.0,98.0,0.6247303167565573
38,A*-GA,399.0,98.0,0.623671650658113
38,A*-GA,401.0,98.0,0.6226287640552198
38,A*-GA,403.0,98.0,0.6216014624323851
38,A*-GA,405.0,98.0,0.6205895518883722
38,A*-GA,407.0,98.0,0.6195928392280758
38,A*-GA,409.0,98.0,0.6186111320488776
38,A*-GA,411.0,98.0,0.6176442388217283
38,A*-GA,413.0,98.0,0.6166919689671947
38,A*-GA,415.0,98.0,0.6157541329267002
38,A*-GA,417.0,98.0,0.6148305422291781
38,A*-GA,419.0,98.0,0.6139210095533449
38,A*-GA,421.0,98.0,0.6130253487857978
38,A*-GA,423.0,98.0,0.6121433750751263
38,A*-GA,425.0,98.0,0.6112749048822231
38,A*-GA,427.0,98.0,0.6104197560269732
38,A*-GA,429.0,98.0,0.6095777477314865
38,A*-GA,431.0,98.0,0.6087487006600403
38,A*-GA,433.0,98.0,0.6079324369558848
38,A*-GA,435.0,98.0,0.6071287802750611
38,A*-GA,437.0,98.0,0.6063375558173751
38,A*-GA,439.0,98.0,0.6055585903546633
38,A*-GA,441.0,98.0,0.6047917122564813
38,A*-GA,443.0,98.0,0.6040367515133405
38,A*-GA,445.0,98.0,0.6032935397576134
38,A*-GA,447.0,98.0,0.602561910282223
38,A*-GA,449.0,98.0,0.6018416980572238
38,A*-GA,451.0,98.0,0.6011327397443832
38,A*-GA,453.0,98.0,0.6004348737098616
38,A*-GA,455.0,98.0,0.599747940035088
38,A*-GA,457.0,98.0,0.5990717805259256
38,A*-GA,459.0,98.0,0.5984062387202127
38,A*-GA,461.0,98.0,0.5977511598937657
38,A*-GA,463.0,98.0,0.5971063910649241
38,A*-GA,465.0,98.0,0.5964717809977154
38,A*-GA,467.0,98.0,0.5958471802037131
38,A*-GA,469.0,98.0,0.59523244094266
38,A*-GA,471.0,98.0,0.5946274172219232
38,A*-GA,473.0,98.0,0.5940319647948457
38,A*-GA,475.0,98.0,0.5934459411580567
38,A*-GA,477.0,98.0,0.592869205547801
38,A*-GA,479.0,98.0,0.5923016189353405
38,A*-GA,481.0,98.0,0.5917430440214865
38,A*-GA,483.0,98.0,0.5911933452303099
38,A*-GA,485.0,98.0,0.5906523887020818
38,A*-GA,487.0,98.0,0.5901200422854902
38,A*-GA,489.0,98.0,0.5895961755291772
38,A*-GA,491.0,98.0,0.5890806596726412
38,A*-GA,493.0,98.0,0.5885733676365436
38,A*-GA,495.0,98.0,0.5880741740124594
38,A*-GA,497.0,98.0,0.5875830064177147
38,A*-GA,499.0,98.0,0.5870997576320937
39,EHCO,1.0,0.0,0.7732174715919309
39,EHCO,3.0,0.0,0.7810076840918144
39,EHCO,5.0,0.0,0.7882670730494085
39,EHCO,7.0,0.0,0.7950201793982016
39,EHCO,9.0,0.0,0.8012905199021083
39,EHCO,11.0,0.0,0.8071006283488388
39,EHCO,13.0,0.0,0.8124720951104789
39,EHCO,15.0,0.0,0.8174256051356101
39,EHCO,17.0,0.0,0.8219809744347744
39,EHCO,19.0,0.0,0.8261571851186561
39,EHCO,21.0,0.0,0.829972419046024
39,EHCO,23.0,0.0,0.8334440901362288
39,EHCO,25.0,0.0,0.8365888753989025
39,EHCO,27.0,0.0,0.8394227447314346
39,EHCO,29.0,0.0,0.8419609895328106
39,EHCO,31.0,0.0,0.8442182501804905
39,EHCO,33.0,0.0,0.8462085424151679
39,EHCO,35.0,0.0,0.8479452826764892
39,EHCO,37.0,2.0,0.8494863811385727
39,EHCO,39.0,2.0,0.8509745725200917
39,EHCO,41.0,2.0,0.8524119324691235
39,EHCO,43.0,4.0,0.8537897105693362
39,EHCO,45.0,6.0,0.8550789288754682
39,EHCO,47.0,6.0,0.8562836263260419
39,EHCO,49.0,8.0,0.8574076740782689
39,EHCO,51.0,8.0,0.8584547822443632
39,EHCO,53.0,8.0,0.8594285063610403
39,EHCO,55.0,8.0,0.86033225360271
39,EHCO,57.0,8.0,0.8611692887484617
39,EHCO,59.0,12.0,0.8619427399125392
39,EHCO,61.0,12.0,0.8626556040476259
39,EHCO,63.0,14.000000000000002,0.8633107522298892
39,EHCO,65.0,16.0,0.863910934734388
39,EHCO,67.0,16.0,0.8644587859091026
39,EHCO,69.0,16.0,0.8649420835513011
39,EHCO,71.0,16.0,0.8652426450980929
39,EHCO,73.0,16.0,0.8653703405931116
39,EHCO,75.0,18.0,0.8653346082309511
39,EHCO,77.0,18.0,0.8652746825331591
39,EHCO,79.0,18.0,0.8652348298971245
39,EHCO,81.0,24.0,0.8652140670375723
39,EHCO,83.0,24.0,0.8651834569408877
39,EHCO,85.0,24.0,0.865134416661219
39,EHCO,87.0,26.0,0.8650679880416476
39,EHCO,89.0,26.0,0.8649851667841592
39,EHCO,91.0,26.0,0.8648869043468513
39,EHCO,93.0,26.0,0.8647741097652755
39,EHCO,95.0,28.000000000000004,0.8646476514009102
39,EHCO,97.0,28.000000000000004,0.8645083586196513
39,EHCO,99.0,28.000000000000004,0.8643570234030851
39,EHCO,101.0,28.000000000000004,0.8642034900892779
39,EHCO,103.0,28.000000000000004,0.8639451139652897
39,EHCO,105.0,30.0,0.8635454399801588
39,EHCO,107.0,30.0,0.8630125085602649
39,EHCO,109.0,30.0,0.8623540034303383
39,EHCO,111.0,30.0,0.8615772662890461
39,EHCO,113.0,30.0,0.8606893108975812
39,EHCO,115.0,30.0,0.8596968366044694
39,EHCO,117.0,30.0,0.8586062413288935
39,EHCO,119.0,30.0,0.8574236340239582
39,EHCO,121.0,30.0,0.8561548466404735
39,EHCO,123.0,32.0,0.8548054456110273
39,EHCO,125.0,32.0,0.853380742873336
39,EHCO,127.0,32.0,0.8518858064511164
39,EHCO,129.0,34.0,0.8503254706100041
39,EHCO,131.0,34.0,0.8487043456053499
39,EHCO,133.0,34.0,0.8470675183309869
39,EHCO,135.0,36.0,0.8455370769786845
39,EHCO,137.0,38.0,0.8441084655877896
39,EHCO,139.0,40.0,0.8427362749922211
39,EHCO,141.0,40.0,0.8412978333807989
39,EHCO,143.0,42.0,0.8397977189027115
39,EHCO,145.0,44.0,0.8382402973950823
39,EHCO,147.0,44.0,0.8366297312526129
39,EHCO,149.0,44.0,0.8349699879403348
39,EHCO,151.0,44.0,0.83326484816362
39,EHCO,153.0,46.0,0.8315179137090385
39,EHCO,155.0,46.0,0.8297326149691211
39,EHCO,157.0,50.0,0.827912218163566
39,EHCO,159.0,50.0,0.8260598322689371
39,EHCO,161.0,50.0,0.8241784156684256
39,EHCO,163.0,50.0,0.8222707825327897
39,EHCO,165.0,50.0,0.8203396089431506
39,EHCO,167.0,50.0,0.8183874387659007
39,EHCO,169.0,50.0,0.816416689289575
39,EHCO,171.0,52.0,0.8144296566331499
39,EHCO,173.0,52.0,0.8125428584207097
39,EHCO,175.0,52.0,0.8107898911291701
39,EHCO,177.0,54.0,0.8091648436979094
39,EHCO,179.0,54.0,0.8076389332967998
39,EHCO,181.0,54.0,0.8062003034429958
39,EHCO,183.0,54.0,0.8048452233940585
39,EHCO,185.0,54.0,0.8035701121532013
39,EHCO,187.0,56.00000000000001,0.8023715325573474
39,EHCO,189.0,56.00000000000001,0.8012461855975264
39,EHCO,191.0,60.0,0.8001909049624886
39,EHCO,193.0,62.0,0.7992026517967775
39,EHCO,195.0,62.0,0.798278509664843
39,EHCO,197.0,64.0,0.7974156797131059
39,EHCO,199.0,64.0,0.7966114760222055
39,EHCO,201.0,64.0,0.7958211124672331
39,EHCO,203.0,66.0,0.7949201410071808
39,EHCO,205.0,66.0,0.7939152357942696
39,EHCO,207.0,66.0,0.792812770560527
39,EHCO,209.0,66.0,0.7916188310411205
39,EHCO,211.0,68.0,0.7903392268997831
39,EHCO,213.0,68.0,0.7889795031760364
39,EHCO,215.0,70.0,0.7875449512731444
39,EHCO,217.0,70.0,0.7860406195049819
39,EHCO,219.0,70.0,0.7844713232192891
39,EHCO,221.0,72.0,0.78284165451409
39,EHCO,223.0,72.0,0.7811559915633997
39,EHCO,225.0,74.0,0.7794185075677013
39,EHCO,227.0,74.0,0.7776331793440724
39,EHCO,229.0,76.0,0.7758037955702453
39,EHCO,231.0,76.0,0.7739339646963305
39,EHCO,233.0,76.0,0.7720271225373867
39,EHCO,235.0,76.0,0.7700865395595045
39,EHCO,237.0,76.0,0.7681153278715674
39,EHCO,239.0,78.0,0.7661164479343793
39,EHCO,241.0,80.0,0.7640927149983815
39,EHCO,243.0,80.0,0.762047062108766
39,EHCO,245.0,80.0,0.7599821067720924
39,EHCO,247.0,82.0,0.7579001686583712
39,EHCO,249.0,82.0,0.7558032903490736
39,EHCO,251.0,84.0,0.7536936570934804
39,EHCO,253.0,84.0,0.7515733419824023
39,EHCO,255.0,86.0,0.7494443107850105
39,EHCO,257.0,86.0,0.7473084265886952
39,EHCO,259.0,86.0,0.7451674542498048
39,EHCO,261.0,86.0,0.743023064662798
39,EHCO,263.0,86.0,0.7408768388550495
39,EHCO,265.0,86.0,0.7387302719142615
39,EHCO,267.0,86.0,0.7365847767551613
39,EHCO,269.0,86.0,0.7344416877318972
39,EHCO,271.0,86.0,0.732302264102296
39,EHCO,273.0,86.0,0.7301676933498983
39,EHCO,275.0,86.0,0.7280390943694561
39,EHCO,277.0,86.0,0.7259175205213518
39,EHCO,279.0,86.0,0.7238039625601813
39,EHCO,281.0,88.0,0.7216993514425374
39,EHCO,283.0,88.0,0.7196045610188307
39,EHCO,285.0,88.0,0.7175204106137927
39,EHCO,287.0,88.0,0.7154476675001211
39,EHCO,289.0,88.0,0.7133870492695568
39,EHCO,291.0,88.0,0.7113392261055015
39,EHCO,293.0,88.0,0.7093048229611342
39,EHCO,295.0,88.0,0.7072844216468177
39,EHCO,297.0,92.0,0.7052785628304441
39,EHCO,299.0,94.0,0.703287747954218
39,EHCO,301.0,94.0,0.7013124410712399
39,EHCO,303.0,94.0,0.69935307060512
39,EHCO,305.0,94.0,0.6974100310357214
39,EHCO,307.0,96.0,0.6954836845140129
39,EHCO,309.0,96.0,0.6935743624088887
39,EHCO,311.0,96.0,0.691682366788703
39,EHCO,313.0,96.0,0.6898079718401556
39,EHCO,315.0,98.0,0.6879514252270625
39,EHCO,317.0,98.0,0.6861129493914415
39,EHCO,319.0,98.0,0.6842927427992501
39,EHCO,321.0,98.0,0.6824909811330164
39,EHCO,323.0,98.0,0.6807078184335178
39,EHCO,325.0,98.0,0.6789433881925746
39,EHCO,327.0,98.0,0.6771978043989433
39,EHCO,329.0,98.0,0.6754711625392178
39,EHCO,331.0,98.0,0.6737635405555676
39,EHCO,333.0,98.0,0.6720749997620712
39,EHCO,335.0,98.0,0.6704055857213316
39,EHCO,337.0,98.0,0.6687553290829961
39,EHCO,339.0,98.0,0.6671242463857344
39,EHCO,341.0,98.0,0.66551234082417
39,EHCO,343.0,98.0,0.6639196029821978
39,EHCO,345.0,98.0,0.6623460115340656
39,EHCO,347.0,98.0,0.6607915328459047
39,EHCO,349.0,98.0,0.6592561206363345
39,EHCO,351.0,98.0,0.657739718603687
39,EHCO,353.0,98.0,0.6562422612226594
39,EHCO,355.0,98.0,0.6547637256607202
39,EHCO,357.0,98.0,0.6533040444521373
39,EHCO,359.0,100.0,0.6518631250088412
39,EHCO,361.0,100.0,0.6504408676799414
39,EHCO,363.0,100.0,0.6490371662055727
39,EHCO,365.0,100.0,0.647651908150016
39,EHCO,367.0,100.0,0.6462849753149535
39,EHCO,369.0,100.0,0.6449362441336861
39,EHCO,371.0,100.0,0.6436055860471063
39,EHCO,373.0,100.0,0.6422928678621891
39,EHCO,375.0,100.0,0.6409979520937307
39,EHCO,377.0,100.0,0.6397206972900368
39,EHCO,379.0,100.0,0.6384609583432347
39,EHCO,381.0,100.0,0.6372185867848545
39,EHCO,383.0,100.0,0.6359934310673
39,EHCO,385.0,100.0,0.6347853368318044
39,EHCO,387.0,100.0,0.6335941471634416
39,EHCO,389.0,100.0,0.6324197028337416
39,EHCO,391.0,100.0,0.6312618425314348
39,EHCO,393.0,100.0,0.6301204030818315
39,EHCO,395.0,100.0,0.6289952196553187
39,EHCO,397.0,100.0,0.6278861259654405
39,EHCO,399.0,100.0,0.6267929544570068
39,EHCO,401.0,100.0,0.6257155364846574
39,EHCO,403.0,100.0,0.6246537024822929
39,EHCO,405.0,100.0,0.6236072821237655
39,EHCO,407.0,100.0,0.6225761044752062
39,EHCO,409.0,100.0,0.6215599981393517
39,EHCO,411.0,100.0,0.6205587913922184
39,EHCO,413.0,100.0,0.6195723123124554
39,EHCO,415.0,100.0,0.618600388903697
39,EHCO,417.0,100.0,0.6176428492102216
39,EHCO,419.0,100.0,0.6166995214262098
39,EHCO,421.0,100.0,0.6157702339988835
39,EHCO,423.0,100.0,0.6148548157257985
39,EHCO,425.0,100.0,0.6139530958465464
39,EHCO,427.0,100.0,0.6130649041291182
39,EHCO,429.0,100.0,0.6121900709511631
39,EHCO,431.0,100.0,0.6113284273763763
39,EHCO,433.0,100.0,0.6104798052262312
39,EHCO,435.0,100.0,0.6096440371472672
39,EHCO,437.0,100.0,0.6088209566741338
39,EHCO,439.0,100.0,0.6080103982885854
39,EHCO,441.0,100.0,0.6072121974746103
39,EHCO,443.0,100.0,0.6064261907698717
39,EHCO,445.0,100.0,0.6056522158136303
39,EHCO,447.0,100.0,0.6048901113913122
39,EHCO,449.0,100.0,0.6041397174758771
39,EHCO,451.0,100.0,0.603400875266137
39,EHCO,453.0,100.0,0.6026734272221673
39,EHCO,455.0,100.0,0.6019572170979506
39,EHCO,457.0,100.0,0.6012520899713799
39,EHCO,459.0,100.0,0.6005578922717525
39,EHCO,461.0,100.0,0.5998744718048701
39,A*-GA,1.0,0.0,0.7732174715919309
39,A*-GA,3.0,0.0,0.7810195160702176
39,A*-GA,5.0,0.0,0.7884262436653127
39,A*-GA,7.0,0.0,0.7954546320129623
39,A*-GA,9.0,0.0,0.8021209684321712
39,A*-GA,11.0,0.0,0.8084408774076223
39,A*-GA,13.0,0.0,0.8144293469873318
39,A*-GA,15.0,0.0,0.8201007541382058
39,A*-GA,17.0,0.0,0.8254688891004837
39,A*-GA,19.0,0.0,0.8305469787804519
39,A*-GA,21.0,0.0,0.8353477092192588
39,A*-GA,23.0,0.0,0.8398832471741773
39,A*-GA,25.0,0.0,0.8441652608472368
39,A*-GA,27.0,0.0,0.848204939794769
39,A*-GA,29.0,0.0,0.8520130140501005
39,A*-GA,31.0,0.0,0.8556112809672844
39,A*-GA,33.0,0.0,0.8589060368170439
39,A*-GA,35.0,0.0,0.8618671186027712
39,A*-GA,37.0,0.0,0.8645109894364792
39,A*-GA,39.0,0.0,0.8668534108325208
39,A*-GA,41.0,0.0,0.8689094711526363
39,A*-GA,43.0,0.0,0.870693612919878
39,A*-GA,45.0,0.0,0.8722196590460345
39,A*-GA,47.0,2.0,0.8735008380154271
39,A*-GA,49.0,4.0,0.8745498080662626
39,A*-GA,51.0,4.0,0.8753786804091076
39,A*-GA,53.0,4.0,0.8759990415204937
39,A*-GA,55.0,4.0,0.8764219745481665
39,A*-GA,57.0,6.0,0.8766580798630581
39,A*-GA,59.0,6.0,0.8767174947916789
39,A*-GA,61.0,6.0,0.8766099125613033
39,A*-GA,63.0,6.0,0.8763446004890454
39,A*-GA,65.0,6.0,0.875930417444702
39,A*-GA,67.0,8.0,0.8753758306160612
39,A*-GA,69.0,10.0,0.8748187095951834
39,A*-GA,71.0,10.0,0.8743023133675875
39,A*-GA,73.0,14.000000000000002,0.8738248358125247
39,A*-GA,75.0,14.000000000000002,0.873356967827091
39,A*-GA,77.0,14.000000000000002,0.8728894755719842
39,A*-GA,79.0,16.0,0.8724226358268551
39,A*-GA,81.0,16.0,0.8719567096949544
39,A*-GA,83.0,20.0,0.8715010227774942
39,A*-GA,85.0,20.0,0.8709524411055943
39,A*-GA,87.0,22.0,0.8702740478152372
39,A*-GA,89.0,22.0,0.8694734310516106
39,A*-GA,91.0,22.0,0.8685578400288891
39,A*-GA,93.0,22.0,0.8675341990082232
39,A*-GA,95.0,22.0,0.866409120716105
39,A*-GA,97.0,22.0,0.865188919225254
39,A*-GA,99.0,22.0,0.8638796223192863
39,A*-GA,101.0,22.0,0.862486983361602
39,A*-GA,103.0,22.0,0.8610164926881164
39,A*-GA,105.0,22.0,0.8594733885426881
39,A*-GA,107.0,24.0,0.8579859929436827
39,A*-GA,109.0,24.0,0.8565929268539532
39,A*-GA,111.0,26.0,0.8552900921895441
39,A*-GA,113.0,26.0,0.8540504450644455
39,A*-GA,115.0,26.0,0.8528637968438162
39,A*-GA,117.0,26.0,0.8517280163579907
39,A*-GA,119.0,26.0,0.8506410566175936
39,A*-GA,121.0,26.0,0.849600951504812
39,A*-GA,123.0,28.000000000000004,0.8486058125945379
39,A*-GA,125.0,30.0,0.8476538261002864
39,A*-GA,127.0,30.0,0.8467432499399935
39,A*-GA,129.0,30.0,0.8458724109169903
39,A*-GA,131.0,32.0,0.8450397020116333
39,A*-GA,133.0,32.0,0.8442435797792506
39,A*-GA,135.0,32.0,0.8434825618502315
39,A*-GA,137.0,32.0,0.8427552245282522
39,A*-GA,139.0,32.0,0.8420602004827864
39,A*-GA,141.0,34.0,0.841396176532202
39,A*-GA,143.0,36.0,0.8407618915138898
39,A*-GA,145.0,38.0,0.8401561342380076
39,A*-GA,147.0,40.0,0.8395777415215608
39,A*-GA,149.0,40.0,0.8390332792686691
39,A*-GA,151.0,40.0,0.8384198637551422
39,A*-GA,153.0,40.0,0.837701132048772
39,A*-GA,155.0,42.0,0.8368833485095892
39,A*-GA,157.0,42.0,0.8359724964955553
39,A*-GA,159.0,42.0,0.8349742899688868
39,A*-GA,161.0,44.0,0.8338941846374371
39,A*-GA,163.0,44.0,0.8327373886495316
39,A*-GA,165.0,44.0,0.8315088728599312
39,A*-GA,167.0,44.0,0.8302133806839046
39,A*-GA,169.0,44.0,0.8288554375557166
39,A*-GA,171.0,44.0,0.8274393600072013
39,A*-GA,173.0,46.0,0.8259692643814719
39,A*-GA,175.0,46.0,0.8244490751962205
39,A*-GA,177.0,46.0,0.8228825331705018
39,A*-GA,179.0,46.0,0.8212732029283372
39,A*-GA,181.0,48.0,0.8196637180036656
39,A*-GA,183.0,48.0,0.8181710444191507
39,A*-GA,185.0,48.0,0.816790090178178
39,A*-GA,187.0,52.0,0.815508115986788
39,A*-GA,189.0,52.0,0.8142978275181726
39,A*-GA,191.0,54.0,0.813156172388333
39,A*-GA,193.0,54.0,0.8120802206114169
39,A*-GA,195.0,54.0,0.8110671597687412
39,A*-GA,197.0,54.0,0.810114290367658
39,A*-GA,199.0,54.0,0.8092190213828119
39,A*-GA,201.0,54.0,0.808336093692438
39,A*-GA,203.0,56.00000000000001,0.8073395303402193
39,A*-GA,205.0,56.00000000000001,0.8062362343206936
39,A*-GA,207.0,56.00000000000001,0.80503279741157
39,A*-GA,209.0,57.99999999999999,0.8037355130506815
39,A*-GA,211.0,57.99999999999999,0.802350388696736
39,A*-GA,213.0,60.0,0.8008831576942999
39,A*-GA,215.0,60.0,0.7993392906626413
39,A*-GA,217.0,60.0,0.7977240064272895
39,A*-GA,219.0,60.0,0.7960422825124233
39,A*-GA,221.0,60.0,0.7942988652114864
39,A*-GA,223.0,62.0,0.7924982792527451
39,A*-GA,225.0,62.0,0.7906448370758428
39,A*-GA,227.0,62.0,0.7887426477347755
39,A*-GA,229.0,64.0,0.7867956254421016
39,A*-GA,231.0,64.0,0.7848074977686189
39,A*-GA,233.0,66.0,0.782781813512178
39,A*-GA,235.0,70.0,0.780721950248766
39,A*-GA,237.0,70.0,0.7786311215784707
39,A*-GA,239.0,70.0,0.7765123840784454
39,A*-GA,241.0,70.0,0.7743686439745116
39,A*-GA,243.0,70.0,0.7722026635425794
39,A*-GA,245.0,70.0,0.7700171534290632
39,A*-GA,247.0,70.0,0.7678148579268219
39,A*-GA,249.0,72.0,0.7655981300708269
39,A*-GA,251.0,72.0,0.7633689486861557
39,A*-GA,253.0,74.0,0.7611293643533655
39,A*-GA,255.0,74.0,0.7588814048065846
39,A*-GA,257.0,74.0,0.7566269914622511
39,A*-GA,259.0,74.0,0.754367944032405
39,A*-GA,261.0,74.0,0.7521059849496877
39,A*-GA,263.0,76.0,0.7498427436115576
39,A*-GA,265.0,78.0,0.7475797604509317
39,A*-GA,267.0,78.0,0.745318490840181
39,A*-GA,269.0,78.0,0.7430603088351301
39,A*-GA,271.0,78.0,0.7408065107654529
39,A*-GA,273.0,78.0,0.7385583186775998
39,A*-GA,275.0,78.0,0.7363168836361518
39,A*-GA,277.0,78.0,0.7340832888892622
39,A*-GA,279.0,78.0,0.7318585529036249
39,A*-GA,281.0,80.0,0.7296436322741896
39,A*-GA,283.0,82.0,0.7274394245136426
39,A*-GA,285.0,82.0,0.7252467707264679
39,A*-GA,287.0,82.0,0.7230664581722177
39,A*-GA,289.0,82.0,0.7208992227224339
39,A*-GA,291.0,82.0,0.7187457512154901
39,A*-GA,293.0,82.0,0.7166066837134523
39,A*-GA,295.0,82.0,0.7144826156648938
39,A*-GA,297.0,84.0,0.712374099977446
39,A*-GA,299.0,84.0,0.7102816490037146
39,A*-GA,301.0,84.0,0.7082057364440486
39,A*-GA,303.0,90.0,0.7061467991695114
39,A*-GA,305.0,90.0,0.7041052389682668
39,A*-GA,307.0,90.0,0.7020814242184714
39,A*-GA,309.0,92.0,0.7000756914906365
39,A*-GA,311.0,96.0,0.6980883470823097
39,A*-GA,313.0,96.0,0.696119668487808
39,A*-GA,315.0,96.0,0.6941699058056316
39,A*-GA,317.0,98.0,0.6922392830860784
39,A*-GA,319.0,98.0,0.690327999621482
39,A*-GA,321.0,98.0,0.6884362311813971
39,A*-GA,323.0,98.0,0.6865641311949678
39,A*-GA,325.0,98.0,0.6847118318826207
39,A*-GA,327.0,98.0,0.6828794453391421
39,A*-GA,329.0,98.0,0.6810670645701168
39,A*-GA,331.0,98.0,0.6792747644836274
39,A*-GA,333.0,98.0,0.6775026028390347
39,A*-GA,335.0,98.0,0.6757506211545901
39,A*-GA,337.0,98.0,0.6740188455755618
39,A*-GA,339.0,98.0,0.6723072877044853
39,A*-GA,341.0,98.0,0.6706159453950893
39,A*-GA,343.0,98.0,0.6689448035113831
39,A*-GA,345.0,98.0,0.6672938346533333
39,A*-GA,347.0,98.0,0.6656629998505007
39,A*-GA,349.0,98.0,0.6640522492249535
39,A*-GA,351.0,98.0,0.6624615226247201
39,A*-GA,353.0,98.0,0.6608907485584432
39,A*-GA,355.0,98.0,0.6593398620697825
39,A*-GA,357.0,98.0,0.6578088229490902
39,A*-GA,359.0,100.0,0.6562975301526194
39,A*-GA,361.0,100.0,0.6548058754013946
39,A*-GA,363.0,100.0,0.6533337436501543
39,A*-GA,365.0,100.0,0.6518810135348376
39,A*-GA,367.0,100.0,0.6504475577995058
39,A*-GA,369.0,100.0,0.6490332437035581
39,A*-GA,371.0,100.0,0.6476379334100612
39,A*-GA,373.0,100.0,0.6462614843559827
39,A*-GA,375.0,100.0,0.6449037496050863
39,A*-GA,377.0,100.0,0.6435645781842129
39,A*-GA,379.0,100.0,0.6422438154036482
39,A*-GA,381.0,100.0,0.6409413031622444
39,A*-GA,383.0,100.0,0.6396568802379389
39,A*-GA,385.0,100.0,0.6383903825642853
39,A*-GA,387.0,100.0,0.6371416434935899
39,A*-GA,389.0,100.0,0.6359104940472208
39,A*-GA,391.0,100.0,0.6346967631536329
39,A*-GA,393.0,100.0,0.6335002778746329
39,A*-GA,395.0,100.0,0.6323208636203858
39,A*-GA,397.0,100.0,0.6311583443536417
39,A*-GA,399.0,100.0,0.6300125427836486
39,A*-GA,401.0,100.0,0.628883280550189
39,A*-GA,403.0,100.0,0.6277703783981698
39,A*-GA,405.0,100.0,0.6266736563431692
39,A*-GA,407.0,100.0,0.625592933828334
39,A*-GA,409.0,100.0,0.6245280298730017
39,A*-GA,411.0,100.0,0.6234787632134063
39,A*-GA,413.0,100.0,0.6224449524358135
39,A*-GA,415.0,100.0,0.6214264161024167
39,A*-GA,417.0,100.0,0.6204229728703087
39,A*-GA,419.0,100.0,0.6194344416038383
39,A*-GA,421.0,100.0,0.6184606414806375
39,A*-GA,423.0,100.0,0.6175013920916047
39,A*-GA,425.0,100.0,0.6165565135351081
39,A*-GA,427.0,100.0,0.61562582650567
39,A*-GA,429.0,100.0,0.6147091523773762
39,A*-GA,431.0,100.0,0.6138063132822487
39,A*-GA,433.0,100.0,0.6129171321838068
39,A*-GA,435.0,100.0,0.6120414329460364
39,A*-GA,437.0,100.0,0.6111790403979741
39,A*-GA,439.0,100.0,0.6103297803941057
39,A*-GA,441.0,100.0,0.609493479870772
39,A*-GA,443.0,100.0,0.6086699668987641
39,A*-GA,445.0,100.0,0.6078590707322851
39,A*-GA,447.0,100.0,0.6070606218544454
39,A*-GA,449.0,100.0,0.606274452019455
39,A*-GA,451.0,100.0,0.6055003942916651
39,A*-GA,453.0,100.0,0.6047382830816099
39,A*-GA,455.0,100.0,0.6039879541791883
39,A*-GA,457.0,100.0,0.6032492447841229
39,A*-GA,459.0,100.0,0.6025219935338266
39,A*-GA,461.0,100.0,0.6018060405288007
39,A*-GA,463.0,100.0,0.6011012273556847
39,A*-GA,465.0,100.0,0.6004073971080727
39,A*-GA,467.0,100.0,0.5997243944052048
40,EHCO,1.0,0.0,0.717872001459753
40,EHCO,3.0,0.0,0.7278452370680527
40,EHCO,5.0,0.0,0.7373379804226778
40,EHCO,7.0,0.0,0.7463705505712094
40,EHCO,9.0,0.0,0.7549624451616046
40,EHCO,11.0,0.0,0.7631323730669702
40,EHCO,13.0,0.0,0.7708982857238391
40,EHCO,15.0,0.0,0.7782774072345264
40,EHCO,17.0,0.0,0.7852862632821587
40,EHCO,19.0,0.0,0.7919407089050615
40,EHCO,21.0,0.0,0.7982559551753563
40,EHCO,23.0,0.0,0.8042465948248562
40,EHCO,25.0,0.0,0.8099266268596607
40,EHCO,27.0,0.0,0.8153094802032191
40,EHCO,29.0,2.0,0.8204080364060758
40,EHCO,31.0,2.0,0.8252346514590052
40,EHCO,33.0,2.0,0.8298011767448057
40,EHCO,35.0,4.0,0.8341071471842318
40,EHCO,37.0,4.0,0.8380397898415367
40,EHCO,39.0,4.0,0.8416171231709973
40,EHCO,41.0,6.0,0.8448564030178565
40,EHCO,43.0,8.0,0.8477741534567624
40,EHCO,45.0,14.000000000000002,0.8503861964051926
40,EHCO,47.0,14.000000000000002,0.8527076800601707
40,EHCO,49.0,14.000000000000002,0.8547531062046863
40,EHCO,51.0,16.0,0.8565363564284016
40,EHCO,53.0,18.0,0.8580707173054788
40,EHCO,55.0,18.0,0.8593689045706719
40,EHCO,57.0,18.0,0.8604430863332173
40,EHCO,59.0,18.0,0.8613049053664928
40,EHCO,61.0,18.0,0.8620986015123584
40,EHCO,63.0,20.0,0.862871218638621
40,EHCO,65.0,22.0,0.863623472539175
40,EHCO,67.0,22.0,0.8642226561575898
40,EHCO,69.0,22.0,0.8646331893393397
40,EHCO,71.0,22.0,0.864865196760096
40,EHCO,73.0,22.0,0.8649283608835577
40,EHCO,75.0,22.0,0.8648319400535012
40,EHCO,77.0,22.0,0.8645847858637804
40,EHCO,79.0,24.0,0.8641953598348108
40,EHCO,81.0,24.0,0.8636717494239402
40,EHCO,83.0,24.0,0.8630216833960369
40,EHCO,85.0,24.0,0.8622525465795859
40,EHCO,87.0,24.0,0.86137139403259
40,EHCO,89.0,24.0,0.8605112010569458
40,EHCO,91.0,24.0,0.8597130134241806
40,EHCO,93.0,26.0,0.8589740864140628
40,EHCO,95.0,26.0,0.8582676357608091
40,EHCO,97.0,30.0,0.8575844508964249
40,EHCO,99.0,30.0,0.8569236869887161
40,EHCO,101.0,32.0,0.8562845312261238
40,EHCO,103.0,34.0,0.8556662015801046
40,EHCO,105.0,34.0,0.8550679456157578
40,EHCO,107.0,38.0,0.8544890393488095
40,EHCO,109.0,38.0,0.8539287861471397
40,EHCO,111.0,38.0,0.853386515675112
40,EHCO,113.0,42.0,0.8528615828790295
40,EHCO,115.0,42.0,0.8523533670121088
40,EHCO,117.0,42.0,0.8518692430338144
40,EHCO,119.0,44.0,0.8513053629339609
40,EHCO,121.0,44.0,0.8506251719028942
40,EHCO,123.0,44.0,0.8498355152296293
40,EHCO,125.0,44.0,0.8489429319385915
40,EHCO,127.0,44.0,0.8479536674278577
40,EHCO,129.0,44.0,0.8468736856012941
40,EHCO,131.0,44.0,0.8457086805146182
40,EHCO,133.0,44.0,0.8444640875546189
40,EHCO,135.0,46.0,0.8431450941700149
40,EHCO,137.0,46.0,0.8417566501717025
40,EHCO,139.0,50.0,0.8403034776194439
40,EHCO,141.0,50.0,0.8387900803113771
40,EHCO,143.0,50.0,0.8372207528920846
40,EHCO,145.0,52.0,0.8355995895943324
40,EHCO,147.0,52.0,0.8339704798550032
40,EHCO,149.0,52.0,0.8324530221758327
40,EHCO,151.0,52.0,0.8310423924725543
40,EHCO,153.0,54.0,0.8297261081294965
40,EHCO,155.0,56.00000000000001,0.8284771207127902
40,EHCO,157.0,56.00000000000001,0.8272926133770426
40,EHCO,159.0,56.00000000000001,0.8261698817346961
40,EHCO,161.0,57.99999999999999,0.8251140123917473
40,EHCO,163.0,60.0,0.8240249719572952
40,EHCO,165.0,60.0,0.8228661410508509
40,EHCO,167.0,60.0,0.8216421115779982
40,EHCO,169.0,60.0,0.8203572646602451
40,EHCO,171.0,60.0,0.8190157794105501
40,EHCO,173.0,64.0,0.8176216413562131
40,EHCO,175.0,66.0,0.8161786505231046
40,EHCO,177.0,66.0,0.8146904291946562
40,EHCO,179.0,66.0,0.8131604293585026
40,EHCO,181.0,68.0,0.8115919398531621
40,EHCO,183.0,68.0,0.8099880932266519
40,EHCO,185.0,68.0,0.8083518723184652
40,EHCO,187.0,68.0,0.8066861165758903
40,EHCO,189.0,68.0,0.8049935281152139
40,EHCO,191.0,68.0,0.8032766775379392
40,EHCO,193.0,68.0,0.8015761353149792
40,EHCO,195.0,68.0,0.800004770563254
40,EHCO,197.0,68.0,0.7985569089954611
40,EHCO,199.0,74.0,0.7972192529437834
40,EHCO,201.0,74.0,0.7959224391380221
40,EHCO,203.0,74.0,0.7945428621606748
40,EHCO,205.0,74.0,0.7930859719760799
40,EHCO,207.0,74.0,0.7915569683322187
40,EHCO,209.0,76.0,0.7899608111785438
40,EHCO,211.0,78.0,0.7883022306651706
40,EHCO,213.0,78.0,0.7865857367400176
40,EHCO,215.0,78.0,0.7848156283598317
40,EHCO,217.0,80.0,0.7829960023304028
40,EHCO,219.0,80.0,0.7811307617906722
40,EHCO,221.0,82.0,0.7792236243548584
40,EHCO,223.0,82.0,0.7772781299261671
40,EHCO,225.0,84.0,0.7752976481951176
40,EHCO,227.0,84.0,0.7732853858350061
40,EHCO,229.0,84.0,0.7712443934065284
40,EHCO,231.0,84.0,0.7691775719831153
40,EHCO,233.0,84.0,0.767087679508076
40,EHCO,235.0,86.0,0.7649773368942051
40,EHCO,237.0,86.0,0.7628490340275029
40,EHCO,239.0,88.0,0.7607051394933068
40,EHCO,241.0,88.0,0.7585479049293206
40,EHCO,243.0,88.0,0.7563794665354928
40,EHCO,245.0,88.0,0.7542018500506454
40,EHCO,247.0,90.0,0.7520170519189766
40,EHCO,249.0,90.0,0.7498271105840444
40,EHCO,251.0,92.0,0.7476337294702806
40,EHCO,253.0,92.0,0.7454385203569178
40,EHCO,255.0,92.0,0.7432430073834533
40,EHCO,257.0,92.0,0.7410486308911985
40,EHCO,259.0,92.0,0.7388567511074574
40,EHCO,261.0,94.0,0.7366686516786162
40,EHCO,263.0,94.0,0.7344855430581813
40,EHCO,265.0,94.0,0.7323085657555611
40,EHCO,267.0,94.0,0.730138793451161
40,EHCO,269.0,98.0,0.7279772359831377
40,EHCO,271.0,100.0,0.7258248422109506
40,EHCO,273.0,100.0,0.7236825027606415
40,EHCO,275.0,100.0,0.721551052656582
40,EHCO,277.0,100.0,0.7194312738442379
40,EHCO,279.0,100.0,0.7173238976083212
40,EHCO,281.0,100.0,0.7152296068905276
40,EHCO,283.0,100.0,0.7131490385108885
40,EHCO,285.0,100.0,0.711082785296612
40,EHCO,287.0,100.0,0.7090313981221268
40,EHCO,289.0,100.0,0.7069953878639049
40,EHCO,291.0,100.0,0.7049752272734869
40,EHCO,293.0,100.0,0.702971352772007
40,EHCO,295.0,100.0,0.7009841661693781
40,EHCO,297.0,100.0,0.6990140363111761
40,EHCO,299.0,100.0,0.6970613006561378
40,EHCO,301.0,100.0,0.6951262667870753
40,EHCO,303.0,100.0,0.6932092138578959
40,EHCO,305.0,100.0,0.6913103939793099
40,EHCO,307.0,100.0,0.6894300335457082
40,EHCO,309.0,100.0,0.6875683345055893
40,EHCO,311.0,100.0,0.6857254755778259
40,EHCO,313.0,100.0,0.6839016134159637
40,EHCO,315.0,100.0,0.6820968837226639
40,EHCO,317.0,100.0,0.680311402316314
40,EHCO,319.0,100.0,0.6785452661517508
40,EHCO,321.0,100.0,0.6767985542969625
40,EHCO,323.0,100.0,0.6750713288675623
40,EHCO,325.0,100.0,0.6733636359207573
40,EHCO,327.0,100.0,0.6716755063104612
40,EHCO,329.0,100.0,0.6700069565051405
40,EHCO,331.0,100.0,0.6683579893699175
40,EHCO,333.0,100.0,0.6667285949143917
40,EHCO,335.0,100.0,0.6651187510075843
40,EHCO,337.0,100.0,0.6635284240613548
40,EHCO,339.0,100.0,0.6619575696835831
40,EHCO,341.0,100.0,0.6604061333023606
40,EHCO,343.0,100.0,0.6588740507623825
40,EHCO,345.0,100.0,0.6573612488946865
40,EHCO,347.0,100.0,0.6558676460608394
40,EHCO,349.0,100.0,0.6543931526726235
40,EHCO,351.0,100.0,0.652937671688239
40,EHCO,353.0,100.0,0.6515010990859932
40,EHCO,355.0,100.0,0.6500833243164107
40,EHCO,357.0,100.0,0.6486842307336609
40,EHCO,359.0,100.0,0.6473036960071613
40,EHCO,361.0,100.0,0.6459415925141854
40,EHCO,363.0,100.0,0.6445977877142635
40,EHCO,365.0,100.0,0.6432721445061405
40,EHCO,367.0,100.0,0.6419645215680181
40,EHCO,369.0,100.0,0.6406747736817833
40,EHCO,371.0,100.0,0.6394027520418951
40,EHCO,373.0,100.0,0.6381483045495749
40,EHCO,375.0,100.0,0.6369112760929186
40,EHCO,377.0,100.0,0.6356915088135267
40,EHCO,379.0,100.0,0.6344888423602197
40,EHCO,381.0,100.0,0.6333031141303899
40,EHCO,383.0,100.0,0.6321341594995094
40,EHCO,385.0,100.0,0.6309818120393033
40,EHCO,387.0,100.0,0.6298459037250678
40,EHCO,389.0,100.0,0.6287262651325982
40,EHCO,391.0,100.0,0.6276227256251725
40,EHCO,393.0,100.0,0.626535113531015
40,EHCO,395.0,100.0,0.6254632563116526
40,EHCO,397.0,100.0,0.6244069807215541
40,EHCO,399.0,100.0,0.6233661129594309
40,EHCO,401.0,100.0,0.6223404788115591
40,EHCO,403.0,100.0,0.6213299037874705
40,EHCO,405.0,100.0,0.6203342132483467
40,EHCO,407.0,100.0,0.6193532325284314
40,EHCO,409.0,100.0,0.6183867870497709
40,EHCO,411.0,100.0,0.6174347024305733
40,EHCO,413.0,100.0,0.6164968045874691
40,EHCO,415.0,100.0,0.6155729198319434
40,EHCO,417.0,100.0,0.6146628749611962
40,EHCO,419.0,100.0,0.6137664973436818
40,EHCO,421.0,100.0,0.6128836149995638
40,EHCO,423.0,100.0,0.6120140566763121
40,EHCO,425.0,100.0,0.611157651919664
40,EHCO,427.0,100.0,0.6103142311401558
40,EHCO,429.0,100.0,0.609483625675428
40,EHCO,431.0,100.0,0.6086656678484944
40,EHCO,433.0,100.0,0.6078601910221632
40,EHCO,435.0,100.0,0.6070670296497819
40,EHCO,437.0,100.0,0.6062860193224816
40,EHCO,439.0,100.0,0.6055169968130772
40,EHCO,441.0,100.0,0.6047598001167842
40,EHCO,443.0,100.0,0.6040142684888975
40,EHCO,445.0,100.0,0.6032802424795771
40,EHCO,447.0,100.0,0.6025575639658778
40,EHCO,449.0,100.0,0.6018460761811526
40,EHCO,451.0,100.0,0.6011456237419562
40,EHCO,453.0,100.0,0.6004560526725697
40,EHCO,455.0,100.0,0.5997772104272604
40,A*-GA,1.0,0.0,0.717872001459753
40,A*-GA,3.0,0.0,0.7278452370680527
40,A*-GA,5.0,0.0,0.7373379804226778
40,A*-GA,7.0,0.0,0.7463705505712094
40,A*-GA,9.0,0.0,0.7549624451616046
40,A*-GA,11.0,0.0,0.7631323730669702
40,A*-GA,13.0,0.0,0.7708982857238391
40,A*-GA,15.0,0.0,0.7782774072345264
40,A*-GA,17.0,0.0,0.7852862632821587
40,A*-GA,19.0,0.0,0.7919407089050615
40,A*-GA,21.0,0.0,0.7982559551753563
40,A*-GA,23.0,0.0,0.8042465948248562
40,A*-GA,25.0,0.0,0.8099266268596607
40,A*-GA,27.0,0.0,0.8153094802032191
40,A*-GA,29.0,2.0,0.8204080364060758
40,A*-GA,31.0,2.0,0.8252346514590052
40,A*-GA,33.0,2.0,0.8298011767448057
40,A*-GA,35.0,4.0,0.8341189791626351
40,A*-GA,37.0,4.0,0.8381989604574409
40,A*-GA,39.0,4.0,0.8420515757857581
40,A*-GA,41.0,4.0,0.8456868515479193
40,A*-GA,43.0,4.0,0.8491144025155457
40,A*-GA,45.0,6.0,0.8523434482820454
40,A*-GA,47.0,10.0,0.8553709970843631
40,A*-GA,49.0,12.0,0.8580818502544914
40,A*-GA,51.0,12.0,0.8604916974754366
40,A*-GA,53.0,12.0,0.8626155589486503
40,A*-GA,55.0,12.0,0.8644678125498368
40,A*-GA,57.0,12.0,0.8660622199046986
40,A*-GA,59.0,12.0,0.8674119514272317
40,A*-GA,61.0,14.000000000000002,0.868529610361512
40,A*-GA,63.0,14.000000000000002,0.8694272558662995
40,A*-GA,65.0,14.000000000000002,0.870116425180243
40,A*-GA,67.0,14.000000000000002,0.8706081549039807
40,A*-GA,69.0,18.0,0.8709130014340056
40,A*-GA,71.0,18.0,0.871041060581792
40,A*-GA,73.0,18.0,0.8710019864103614
40,A*-GA,75.0,18.0,0.8709361236660834
40,A*-GA,77.0,20.0,0.8708881701773442
40,A*-GA,79.0,22.0,0.8708572540273019
40,A*-GA,81.0,22.0,0.8708136706907017
40,A*-GA,83.0,22.0,0.8707487129689291
40,A*-GA,85.0,22.0,0.8706635952808749
40,A*-GA,87.0,24.0,0.8705594781908488
40,A*-GA,89.0,30.0,0.8704374706239779
40,A*-GA,91.0,32.0,0.8702986319929988
40,A*-GA,93.0,32.0,0.8701439742399462
40,A*-GA,95.0,32.0,0.8699744637961045
40,A*-GA,97.0,32.0,0.8697910234634578
40,A*-GA,99.0,32.0,0.8695945342207411
40,A*-GA,101.0,32.0,0.86938583695708
40,A*-GA,103.0,32.0,0.869165734136084
40,A*-GA,105.0,32.0,0.8689349913931474
40,A*-GA,107.0,32.0,0.8686943390686026
40,A*-GA,109.0,32.0,0.8684536809602376
40,A*-GA,111.0,36.0,0.8681103047016594
40,A*-GA,113.0,36.0,0.8676275775081493
40,A*-GA,115.0,36.0,0.8670134863637773
40,A*-GA,117.0,36.0,0.866275663268409
40,A*-GA,119.0,36.0,0.8654213998521824
40,A*-GA,121.0,38.0,0.8644576614052819
40,A*-GA,123.0,38.0,0.8633911003461348
40,A*-GA,125.0,38.0,0.8622280691502464
40,A*-GA,127.0,38.0,0.8609746327610144
40,A*-GA,129.0,40.0,0.8596365805030224
40,A*-GA,131.0,40.0,0.8582194375175086
40,A*-GA,133.0,40.0,0.8567284757389254
40,A*-GA,135.0,40.0,0.8551687244307633
40,A*-GA,137.0,42.0,0.8535449802980981
40,A*-GA,139.0,42.0,0.8518618171936289
40,A*-GA,141.0,42.0,0.8501235954333172
40,A*-GA,143.0,44.0,0.8483750873692917
40,A*-GA,145.0,44.0,0.8467379369784902
40,A*-GA,147.0,44.0,0.8452073867343015
40,A*-GA,149.0,46.0,0.8437379060972374
40,A*-GA,151.0,46.0,0.8422068443132649
40,A*-GA,153.0,46.0,0.8406185822314237
40,A*-GA,155.0,46.0,0.8389772963618204
40,A*-GA,157.0,48.0,0.8372869674286341
40,A*-GA,159.0,48.0,0.8355513885787175
40,A*-GA,161.0,50.0,0.8337741732594494
40,A*-GA,163.0,52.0,0.8319587627789584
40,A*-GA,165.0,52.0,0.8301084335613211
40,A*-GA,167.0,52.0,0.8282263041088387
40,A*-GA,169.0,52.0,0.8263153416830217
40,A*-GA,171.0,52.0,0.8243783687154519
40,A*-GA,173.0,52.0,0.8224180689592527
40,A*-GA,175.0,52.0,0.8204758274593434
40,A*-GA,177.0,56.00000000000001,0.8186666431446559
40,A*-GA,179.0,60.0,0.8169847514285241
40,A*-GA,181.0,62.0,0.8154167672022111
40,A*-GA,183.0,62.0,0.8139347760447118
40,A*-GA,185.0,62.0,0.8125351301851382
40,A*-GA,187.0,62.0,0.8112143279845837
40,A*-GA,189.0,64.0,0.8099690081699069
40,A*-GA,191.0,64.0,0.808795944294095
40,A*-GA,193.0,64.0,0.8076920394143104
40,A*-GA,195.0,64.0,0.8066543209790804
40,A*-GA,197.0,64.0,0.8056799359164164
40,A*-GA,199.0,64.0,0.8047661459149813
40,A*-GA,201.0,64.0,0.803867816530864
40,A*-GA,203.0,64.0,0.8028595975528504
40,A*-GA,205.0,64.0,0.8017481930875985
40,A*-GA,207.0,64.0,0.8005400046856015
40,A*-GA,209.0,64.0,0.799241143864198
40,A*-GA,211.0,64.0,0.7978574441284987
40,A*-GA,213.0,64.0,0.7963944725101085
40,A*-GA,215.0,66.0,0.7948575406427344
40,A*-GA,217.0,66.0,0.7932517153930206
40,A*-GA,219.0,66.0,0.791581829064229
40,A*-GA,221.0,66.0,0.789852489189688
40,A*-GA,223.0,66.0,0.7880680879322703
40,A*-GA,225.0,68.0,0.7862328111055139
40,A*-GA,227.0,72.0,0.7843506468313886
40,A*-GA,229.0,72.0,0.7824253938491198
40,A*-GA,231.0,72.0,0.7804606694889119
40,A*-GA,233.0,72.0,0.7784599173238671
40,A*-GA,235.0,74.0,0.7764264145128742
40,A*-GA,237.0,74.0,0.7743632788467358
40,A*-GA,239.0,80.0,0.7722734755093216
40,A*-GA,241.0,80.0,0.770159823565064
40,A*-GA,243.0,80.0,0.7680250021836774
40,A*-GA,245.0,80.0,0.7658715566125407
40,A*-GA,247.0,80.0,0.7637019041330125
40,A*-GA,249.0,80.0,0.7615183437355931
40,A*-GA,251.0,80.0,0.7593230599864709
40,A*-GA,253.0,82.0,0.7571181246621124
40,A*-GA,255.0,82.0,0.7549055016217314
40,A*-GA,257.0,82.0,0.7526872807760872
40,A*-GA,259.0,82.0,0.7504652843095325
40,A*-GA,261.0,84.0,0.748241161064052
40,A*-GA,263.0,84.0,0.7460164703931013
40,A*-GA,265.0,84.0,0.7437926860822103
40,A*-GA,267.0,84.0,0.7415712001090066
40,A*-GA,269.0,84.0,0.7393533262490679
40,A*-GA,271.0,84.0,0.7371403035337643
40,A*-GA,273.0,86.0,0.7349332995660036
40,A*-GA,275.0,86.0,0.732733413699562
40,A*-GA,277.0,86.0,0.7305416800874542
40,A*-GA,279.0,86.0,0.7283590706045866
40,A*-GA,281.0,86.0,0.7261864976497237
40,A*-GA,283.0,86.0,0.7240248168316047
40,A*-GA,285.0,88.0,0.7218748295438506
40,A*-GA,287.0,90.0,0.7197372854331225
40,A*-GA,289.0,92.0,0.7176128847648136
40,A*-GA,291.0,94.0,0.7155022806903863
40,A*-GA,293.0,96.0,0.7134060814203076
40,A*-GA,295.0,96.0,0.7113248523063722
40,A*-GA,297.0,96.0,0.709259117837061
40,A*-GA,299.0,98.0,0.7072093635494304
40,A*-GA,301.0,98.0,0.7051760378608949
40,A*-GA,303.0,98.0,0.7031595538241284
40,A*-GA,305.0,100.0,0.701160290808185
40,A*-GA,307.0,100.0,0.6991785961088129
40,A*-GA,309.0,100.0,0.6972147864908215
40,A*-GA,311.0,100.0,0.6952691496652452
40,A*-GA,313.0,100.0,0.69334194570394
40,A*-GA,315.0,100.0,0.6914334083941422
40,A*-GA,317.0,100.0,0.6895437465354224
40,A*-GA,319.0,100.0,0.6876731451813648
40,A*-GA,321.0,100.0,0.6858217668282169
40,A*-GA,323.0,100.0,0.6839897525526576
40,A*-GA,325.0,100.0,0.6821772231007524
40,A*-GA,327.0,100.0,0.6803842799300788
40,A*-GA,329.0,100.0,0.678611006206927
40,A*-GA,331.0,100.0,0.6768574677604062
40,A*-GA,333.0,100.0,0.6751237139952098
40,A*-GA,335.0,100.0,0.6734097787647298
40,A*-GA,337.0,100.0,0.671715681206137
40,A*-GA,339.0,100.0,0.6700414265389818
40,A*-GA,341.0,100.0,0.6683870068288087
40,A*-GA,343.0,100.0,0.666752401717218
40,A*-GA,345.0,100.0,0.665137579119748
40,A*-GA,347.0,100.0,0.6635424958929026
40,A*-GA,349.0,100.0,0.6619670984715873
40,A*-GA,351.0,100.0,0.6604113234781755
40,A*-GA,353.0,100.0,0.6588750983043717
40,A*-GA,355.0,100.0,0.6573583416669919
40,A*-GA,357.0,100.0,0.6558609641387421
40,A*-GA,359.0,100.0,0.6543828686550239
40,A*-GA,361.0,100.0,0.6529239509977653
40,A*-GA,363.0,100.0,0.6514841002572229
40,A*-GA,365.0,100.0,0.6500631992726749
40,A*-GA,367.0,100.0,0.6486611250528805
40,A*-GA,369.0,100.0,0.6472777491771485
40,A*-GA,371.0,100.0,0.6459129381778229
40,A*-GA,373.0,100.0,0.6445665539049631
40,A*-GA,375.0,100.0,0.6432384538739617
40,A*-GA,377.0,100.0,0.6419284915968169
40,A*-GA,379.0,100.0,0.6406365168977436
40,A*-GA,381.0,100.0,0.639362376213782
40,A*-GA,383.0,100.0,0.6381059128810374
40,A*-GA,385.0,100.0,0.6368669674071541
40,A*-GA,387.0,100.0,0.6356453777306096
40,A*-GA,389.0,100.0,0.6344409794673825
40,A*-GA,391.0,100.0,0.6332536061455346
40,A*-GA,393.0,100.0,0.6320830894282177
40,A*-GA,395.0,100.0,0.6309292593256001
40,A*-GA,397.0,100.0,0.6297919443961859
40,A*-GA,399.0,100.0,0.6286709719379809
40,A*-GA,401.0,100.0,0.6275661681699404
40,A*-GA,403.0,100.0,0.6264773584041168
40,A*-GA,405.0,100.0,0.6254043672089089
40,A*-GA,407.0,100.0,0.6243470185637968
40,A*-GA,409.0,100.0,0.6233051360059304
40,A*-GA,411.0,100.0,0.6222785427689267
40,A*-GA,413.0,100.0,0.6212670619142151
40,A*-GA,415.0,100.0,0.6202705164552554
40,A*-GA,417.0,100.0,0.6192887294749417
40,A*-GA,419.0,100.0,0.6183215242364907
40,A*-GA,421.0,100.0,0.6173687242881023
40,A*-GA,423.0,100.0,0.616430153561668
40,A*-GA,425.0,100.0,0.6155056364657894
40,A*-GA,427.0,100.0,0.6145949979733629
40,A*-GA,429.0,100.0,0.6136980637039712
40,A*-GA,431.0,100.0,0.6128146600013137
40,A*-GA,433.0,100.0,0.6119446140059024
40,A*-GA,435.0,100.0,0.6110877537232327
40,A*-GA,437.0,100.0,0.6102439080876382
40,A*-GA,439.0,100.0,0.6094129070220227
40,A*-GA,441.0,100.0,0.6085945814936607
40,A*-GA,443.0,100.0,0.607788763566245
40,A*-GA,445.0,100.0,0.6069952864483541
40,A*-GA,447.0,100.0,0.606213984538508
40,A*-GA,449.0,100.0,0.6054446934669683
40,A*-GA,451.0,100.0,0.6046872501344358
40,A*-GA,453.0,100.0,0.6039414927477929
40,A*-GA,455.0,100.0,0.6032072608530276
40,A*-GA,457.0,100.0,0.6024843953654765
40,A*-GA,459.0,100.0,0.601772738597512
40,A*-GA,461.0,100.0,0.6010721342837984
40,A*-GA,463.0,100.0,0.6003824276042334
40,A*-GA,465.0,100.0,0.599703465204689
41,EHCO,1.0,0.0,0.8316603202408701
41,EHCO,3.0,0.0,0.8371696640826601
41,EHCO,5.0,0.0,0.8423618012256708
41,EHCO,7.0,0.0,0.8471265062128609
41,EHCO,9.0,0.0,0.8514842396677466
41,EHCO,11.0,0.0,0.8554545985154104
41,EHCO,13.0,0.0,0.8591932447696754
41,EHCO,15.0,0.0,0.8627555222872387
41,EHCO,17.0,2.0,0.8661488409144928
41,EHCO,19.0,2.0,0.8693458529392925
41,EHCO,21.0,2.0,0.8723440282409354
41,EHCO,23.0,2.0,0.8751523750039609
41,EHCO,25.0,2.0,0.8777795280595276
41,EHCO,27.0,2.0,0.8802337638619675
41,EHCO,29.0,2.0,0.8825230148723578
41,EHCO,31.0,4.0,0.8846548833724657
41,EHCO,33.0,4.0,0.8866366547314983
41,EHCO,35.0,4.0,0.8884753101472147
41,EHCO,37.0,4.0,0.8901775388821015
41,EHCO,39.0,4.0,0.8917497500145112
41,EHCO,41.0,6.0,0.8931980837238681
41,EHCO,43.0,8.0,0.8945399306052352
41,EHCO,45.0,12.0,0.895677356032304
41,EHCO,47.0,12.0,0.8965761350250163
41,EHCO,49.0,12.0,0.8972488309505373
41,EHCO,51.0,12.0,0.8977074614046564
41,EHCO,53.0,12.0,0.8979635204968598
41,EHCO,55.0,14.000000000000002,0.8980280002467101
41,EHCO,57.0,16.0,0.8979114111266329
41,EHCO,59.0,18.0,0.8976238017848327
41,EHCO,61.0,18.0,0.8971747779807336
41,EHCO,63.0,18.0,0.8965735207640619
41,EHCO,65.0,18.0,0.8958288039274684
41,EHCO,67.0,20.0,0.8949490107614079
41,EHCO,69.0,22.0,0.8939863034690455
41,EHCO,71.0,22.0,0.893076153146283
41,EHCO,73.0,22.0,0.8922164181064808
41,EHCO,75.0,24.0,0.8913951822953743
41,EHCO,77.0,24.0,0.8905821142079822
41,EHCO,79.0,24.0,0.8897772852830951
41,EHCO,81.0,26.0,0.8889807576801505
41,EHCO,83.0,28.000000000000004,0.8881925847503125
41,EHCO,85.0,28.000000000000004,0.8874128114873013
41,EHCO,87.0,28.000000000000004,0.8866414749587975
41,EHCO,89.0,28.000000000000004,0.8858786047192094
41,EHCO,91.0,28.000000000000004,0.8851336622815225
41,EHCO,93.0,28.000000000000004,0.8843032674668565
41,EHCO,95.0,30.0,0.8833499264450707
41,EHCO,97.0,32.0,0.8822810272882945
41,EHCO,99.0,32.0,0.8811036258417737
41,EHCO,101.0,32.0,0.8798244594577781
41,EHCO,103.0,32.0,0.8784499601791493
41,EHCO,105.0,32.0,0.8769862673942708
41,EHCO,107.0,32.0,0.8754392399843829
41,EHCO,109.0,34.0,0.8738144679833454
41,EHCO,111.0,34.0,0.8721172837691546
41,EHCO,113.0,34.0,0.8703527728057636
41,EHCO,115.0,34.0,0.8685257839530236
41,EHCO,117.0,34.0,0.8666824246012124
41,EHCO,119.0,34.0,0.8649472735740005
41,EHCO,121.0,34.0,0.8633157728076937
41,EHCO,123.0,38.0,0.8617756938246081
41,EHCO,125.0,40.0,0.8603002309284126
41,EHCO,127.0,42.0,0.8588867990738492
41,EHCO,129.0,44.0,0.8575329151807974
41,EHCO,131.0,46.0,0.8562361941280777
41,EHCO,133.0,46.0,0.8549943449044853
41,EHCO,135.0,46.0,0.8538051669108846
41,EHCO,137.0,46.0,0.8526665464074383
41,EHCO,139.0,48.0,0.8515764531002767
41,EHCO,141.0,48.0,0.850532936862135
41,EHCO,143.0,48.0,0.8495341245817044
41,EHCO,145.0,48.0,0.8485782171366445
41,EHCO,147.0,48.0,0.8476634864854085
41,EHCO,149.0,50.0,0.8467693942444329
41,EHCO,151.0,50.0,0.84578005969726
41,EHCO,153.0,50.0,0.8447013674947549
41,EHCO,155.0,50.0,0.8435389359256414
41,EHCO,157.0,52.0,0.842298127952737
41,EHCO,159.0,54.0,0.8409840618065376
41,EHCO,161.0,54.0,0.8396016211536791
41,EHCO,163.0,54.0,0.8381554648571082
41,EHCO,165.0,54.0,0.8367703371206087
41,EHCO,167.0,56.00000000000001,0.8354835471807799
41,EHCO,169.0,57.99999999999999,0.8342907510889321
41,EHCO,171.0,57.99999999999999,0.8331646697187647
41,EHCO,173.0,60.0,0.832094889391974
41,EHCO,175.0,60.0,0.8310790636815409
41,EHCO,177.0,60.0,0.8301149397323563
41,EHCO,179.0,60.0,0.8291824867071741
41,EHCO,181.0,60.0,0.8281682384720076
41,EHCO,183.0,62.0,0.8270773547635896
41,EHCO,185.0,62.0,0.8259147606572665
41,EHCO,187.0,64.0,0.8246851563056954
41,EHCO,189.0,64.0,0.8233930262866823
41,EHCO,191.0,64.0,0.8220426485756459
41,EHCO,193.0,66.0,0.8206381031575711
41,EHCO,195.0,66.0,0.8191832802927378
41,EHCO,197.0,68.0,0.817681888449946
41,EHCO,199.0,68.0,0.8162542593609177
41,EHCO,201.0,68.0,0.8148857648159087
41,EHCO,203.0,70.0,0.813426509747923
41,EHCO,205.0,70.0,0.8118821853320656
41,EHCO,207.0,70.0,0.8102583923750291
41,EHCO,209.0,72.0,0.8085605576267416
41,EHCO,211.0,72.0,0.8067938567788954
41,EHCO,213.0,72.0,0.804963224944769
41,EHCO,215.0,72.0,0.8030733667175023
41,EHCO,217.0,72.0,0.8011287658235322
41,EHCO,219.0,72.0,0.7991336943872404
41,EHCO,221.0,72.0,0.7970922218222325
41,EHCO,223.0,72.0,0.7950082233640593
41,EHCO,225.0,74.0,0.7928853882586079
41,EHCO,227.0,76.0,0.7907272276198292
41,EHCO,229.0,76.0,0.7885370819699284
41,EHCO,231.0,76.0,0.7863181284746312
41,EHCO,233.0,78.0,0.7840733878856364
41,EHCO,235.0,78.0,0.781805731201891
41,EHCO,237.0,80.0,0.779517886060865
41,EHCO,239.0,82.0,0.7772124428705597
41,EHCO,241.0,82.0,0.7748918606925639
41,EHCO,243.0,82.0,0.7725584728860609
41,EHCO,245.0,84.0,0.770214492522302
41,EHCO,247.0,86.0,0.767862018090438
41,EHCO,249.0,86.0,0.7655030429113185
41,EHCO,251.0,86.0,0.7631394570834621
41,EHCO,253.0,86.0,0.7607730495317986
41,EHCO,255.0,86.0,0.7584055124233787
41,EHCO,257.0,86.0,0.7560384454024727
41,EHCO,259.0,86.0,0.7536734338863034
41,EHCO,261.0,86.0,0.751312117757691
41,EHCO,263.0,88.0,0.7489558244683657
41,EHCO,265.0,88.0,0.7466058050574274
41,EHCO,267.0,88.0,0.7442632375512516
41,EHCO,269.0,88.0,0.7419292302233702
41,EHCO,271.0,94.0,0.7396048247199282
41,EHCO,273.0,94.0,0.7372909990560977
41,EHCO,275.0,94.0,0.7349886704886212
41,EHCO,277.0,94.0,0.7326986982694428
41,EHCO,279.0,94.0,0.7304218862852011
41,EHCO,281.0,94.0,0.7281589855871565
41,EHCO,283.0,94.0,0.7259106968159554
41,EHCO,285.0,94.0,0.7236776725254516
41,EHCO,287.0,94.0,0.7214605194096422
41,EHCO,289.0,94.0,0.7192598004366143
41,EHCO,291.0,96.0,0.7170760368932412
41,EHCO,293.0,96.0,0.7149097103442221
41,EHCO,295.0,96.0,0.7127612645089174
41,EHCO,297.0,96.0,0.710631107059288
41,EHCO,299.0,96.0,0.7085196113421273
41,EHCO,301.0,96.0,0.7064271180286349
41,EHCO,303.0,96.0,0.7043539366942722
41,EHCO,305.0,96.0,0.7023003473317129
41,EHCO,307.0,96.0,0.7002666017995982
41,EHCO,309.0,96.0,0.6982529252096934
41,EHCO,311.0,96.0,0.6962595172549408
41,EHCO,313.0,96.0,0.6942865534808059
41,EHCO,315.0,96.0,0.6923341865022178
41,EHCO,317.0,96.0,0.6904025471683115
41,EHCO,319.0,96.0,0.6884917456770955
41,EHCO,321.0,96.0,0.6866018726420797
41,EHCO,323.0,96.0,0.6847330001128217
41,EHCO,325.0,96.0,0.6828851825512661
41,EHCO,327.0,96.0,0.6810584577656829
41,EHCO,329.0,96.0,0.6792528478039356
41,EHCO,331.0,96.0,0.6774683598077391
41,EHCO,333.0,96.0,0.6757049868295064
41,EHCO,335.0,96.0,0.6739627086133133
41,EHCO,337.0,96.0,0.6722414923414541
41,EHCO,339.0,96.0,0.6705412933480003
41,EHCO,341.0,96.0,0.6688620558007162
41,EHCO,343.0,96.0,0.6672037133526365
41,EHCO,345.0,98.0,0.6655661897645517
41,EHCO,347.0,98.0,0.6639493994996036
41,EHCO,349.0,98.0,0.6623532482911411
41,EHCO,351.0,98.0,0.6607776336849418
41,EHCO,353.0,98.0,0.6592224455568612
41,EHCO,355.0,98.0,0.6576875666069268
41,EHCO,357.0,98.0,0.6561728728308568
41,EHCO,359.0,98.0,0.654678233969939
41,EHCO,361.0,98.0,0.653203513940174
41,EHCO,363.0,98.0,0.6517485712415442
41,EHCO,365.0,98.0,0.6503132593482408
41,EHCO,367.0,98.0,0.6488974270806434
41,EHCO,369.0,98.0,0.6475009189598177
41,EHCO,371.0,98.0,0.6461235755452656
41,EHCO,373.0,98.0,0.6447652337566283
41,EHCO,375.0,98.0,0.6434257271800231
41,EHCO,377.0,98.0,0.6421048863596578
41,EHCO,379.0,98.0,0.6408025390753469
41,EHCO,381.0,98.0,0.6395185106065272
41,EHCO,383.0,98.0,0.638252623983344
41,EHCO,385.0,98.0,0.6370047002253588
41,EHCO,387.0,98.0,0.6357745585684048
41,EHCO,389.0,98.0,0.634562016680098
41,EHCO,391.0,98.0,0.6333668908644884
41,EHCO,393.0,98.0,0.6321889962563153
41,EHCO,395.0,98.0,0.6310281470053181
41,EHCO,397.0,100.0,0.6298841564510259
41,EHCO,399.0,100.0,0.6287568372884416
41,EHCO,401.0,100.0,0.627646001725012
41,EHCO,403.0,100.0,0.6265514616292637
41,EHCO,405.0,100.0,0.6254730286714683
41,EHCO,407.0,100.0,0.6244105144566822
41,EHCO,409.0,100.0,0.623363730650499
41,EHCO,411.0,100.0,0.6223324890978312
41,EHCO,413.0,100.0,0.6213166019350296
41,EHCO,415.0,100.0,0.6203158816956353
41,EHCO,417.0,100.0,0.619330141410046
41,EHCO,419.0,100.0,0.6183591946993676
41,EHCO,421.0,100.0,0.6174028558637097
41,EHCO,423.0,100.0,0.6164609399651769
41,EHCO,425.0,100.0,0.6155332629057905
41,EHCO,427.0,100.0,0.6146196415005716
41,EHCO,429.0,100.0,0.6137198935460058
41,EHCO,431.0,100.0,0.6128338378840972
41,EHCO,433.0,100.0,0.6119612944622147
41,EHCO,435.0,100.0,0.611102084388924
41,EHCO,437.0,100.0,0.6102560299859889
41,EHCO,439.0,100.0,0.6094229548367212
41,EHCO,441.0,100.0,0.6086026838308467
41,EHCO,443.0,100.0,0.6077950432060533
41,EHCO,445.0,100.0,0.6069998605863735
41,EHCO,447.0,100.0,0.606216965017554
41,EHCO,449.0,100.0,0.605446186999554
41,EHCO,451.0,100.0,0.6046873585163088
41,EHCO,453.0,100.0,0.6039403130628923
41,EHCO,455.0,100.0,0.6032048856702013
41,EHCO,457.0,100.0,0.6024809129272845
41,EHCO,459.0,100.0,0.6017682330014306
41,EHCO,461.0,100.0,0.6010666856561256
41,EHCO,463.0,100.0,0.6003761122669856
41,EHCO,465.0,100.0,0.5996963558357663
41,A*-GA,1.0,0.0,0.8316603202408701
41,A*-GA,3.0,0.0,0.8371696640826601
41,A*-GA,5.0,0.0,0.8423736332040742
41,A*-GA,7.0,0.0,0.8472856768287652
41,A*-GA,9.0,0.0,0.8519186922825075
41,A*-GA,11.0,0.0,0.8562850470454735
41,A*-GA,13.0,0.0,0.8603965999327701
41,A*-GA,15.0,0.0,0.8642647214375407
41,A*-GA,17.0,0.0,0.8679003132695952
41,A*-GA,19.0,0.0,0.8713138271212297
41,A*-GA,21.0,0.0,0.8745152826906627
41,A*-GA,23.0,0.0,0.8775142849923084
41,A*-GA,25.0,0.0,0.8803082090035667
41,A*-GA,27.0,0.0,0.8827822049080194
41,A*-GA,29.0,0.0,0.8849522941110509
41,A*-GA,31.0,0.0,0.8868338121361763
41,A*-GA,33.0,0.0,0.8884414364802109
41,A*-GA,35.0,0.0,0.8897892133600162
41,A*-GA,37.0,0.0,0.8908905833945622
41,A*-GA,39.0,0.0,0.8917584062643323
41,A*-GA,41.0,0.0,0.8924049843884349
41,A*-GA,43.0,0.0,0.8928420856582071
41,A*-GA,45.0,0.0,0.8930809652645653
41,A*-GA,47.0,0.0,0.8931323866548919
41,A*-GA,49.0,0.0,0.893006641653843
41,A*-GA,51.0,0.0,0.892847877078145
41,A*-GA,53.0,6.0,0.8927021996172861
41,A*-GA,55.0,12.0,0.892569020079285
41,A*-GA,57.0,12.0,0.892313210478042
41,A*-GA,59.0,14.000000000000002,0.891897683022248
41,A*-GA,61.0,14.000000000000002,0.8913315035422915
41,A*-GA,63.0,14.000000000000002,0.8906233359358243
41,A*-GA,65.0,14.000000000000002,0.8897814587004741
41,A*-GA,67.0,14.000000000000002,0.8888137808053383
41,A*-GA,69.0,16.0,0.8877278569274083
41,A*-GA,71.0,18.0,0.8865309020780409
41,A*-GA,73.0,18.0,0.8852298056436109
41,A*-GA,75.0,18.0,0.8838311448635225
41,A*-GA,77.0,18.0,0.8823411977678483
41,A*-GA,79.0,20.0,0.8807659555959861
41,A*-GA,81.0,20.0,0.8791111347168844
41,A*-GA,83.0,20.0,0.8773821880705721
41,A*-GA,85.0,20.0,0.8755843161499589
41,A*-GA,87.0,20.0,0.8737643763692492
41,A*-GA,89.0,22.0,0.8720484548419671
41,A*-GA,91.0,22.0,0.8704321940269099
41,A*-GA,93.0,24.0,0.8689035577030211
41,A*-GA,95.0,24.0,0.8674359244934144
41,A*-GA,97.0,24.0,0.8660268860508329
41,A*-GA,99.0,26.0,0.8646741286750163
41,A*-GA,101.0,26.0,0.8633754295978632
41,A*-GA,103.0,26.0,0.8621286534143454
41,A*-GA,105.0,26.0,0.8609317486534565
41,A*-GA,107.0,28.000000000000004,0.859782744483702
41,A*-GA,109.0,28.000000000000004,0.8586797475478524
41,A*-GA,111.0,32.0,0.8576209389218878
41,A*-GA,113.0,34.0,0.8566045711932615
41,A*-GA,115.0,34.0,0.8556289656538019
41,A*-GA,117.0,34.0,0.854692509602756
41,A*-GA,119.0,36.0,0.8537744288999417
41,A*-GA,121.0,36.0,0.8527579562637664
41,A*-GA,123.0,36.0,0.8516491675174548
41,A*-GA,125.0,36.0,0.8504538635048919
41,A*-GA,127.0,36.0,0.8491775814833801
41,A*-GA,129.0,36.0,0.8478256060594552
41,A*-GA,131.0,36.0,0.846402979685852
41,A*-GA,133.0,36.0,0.8449145127369977
41,A*-GA,135.0,36.0,0.8433647931797291
41,A*-GA,137.0,36.0,0.8417581958552672
41,A*-GA,139.0,38.0,0.8400988913878576
41,A*-GA,141.0,42.0,0.8383908547348715
41,A*-GA,143.0,42.0,0.8366378733925856
41,A*-GA,145.0,42.0,0.8348435552712918
41,A*-GA,147.0,42.0,0.8331297166316486
41,A*-GA,149.0,44.0,0.8315322033149616
41,A*-GA,151.0,48.0,0.8300459094581096
41,A*-GA,153.0,48.0,0.8286428245318377
41,A*-GA,155.0,50.0,0.8273118327625363
41,A*-GA,157.0,50.0,0.8260499137790022
41,A*-GA,159.0,52.0,0.8248541678219824
41,A*-GA,161.0,52.0,0.8237218109891292
41,A*-GA,163.0,52.0,0.8226501706667546
41,A*-GA,165.0,52.0,0.8216366811410523
41,A*-GA,167.0,54.0,0.8206788793817443
41,A*-GA,169.0,54.0,0.8197744009913847
41,A*-GA,171.0,54.0,0.8189209763138187
41,A*-GA,173.0,54.0,0.8181164266955528
41,A*-GA,175.0,56.00000000000001,0.8173663438630346
41,A*-GA,177.0,56.00000000000001,0.8165712117185538
41,A*-GA,179.0,56.00000000000001,0.815694885453275
41,A*-GA,181.0,56.00000000000001,0.8147424022477763
41,A*-GA,183.0,56.00000000000001,0.8137185710650237
41,A*-GA,185.0,56.00000000000001,0.8126279821092399
41,A*-GA,187.0,60.0,0.8114750159053418
41,A*-GA,189.0,60.0,0.810263852013968
41,A*-GA,191.0,60.0,0.8089984773965312
41,A*-GA,193.0,60.0,0.8076826944441551
41,A*-GA,195.0,60.0,0.8063201286838155
41,A*-GA,197.0,60.0,0.8049142361744773
41,A*-GA,199.0,60.0,0.8034683106055154
41,A*-GA,201.0,64.0,0.8019747009121038
41,A*-GA,203.0,66.0,0.8004052349951524
41,A*-GA,205.0,66.0,0.7987651053037674
41,A*-GA,207.0,66.0,0.7970592639507748
41,A*-GA,209.0,68.0,0.7952924327466278
41,A*-GA,211.0,70.0,0.7934693696576995
41,A*-GA,213.0,70.0,0.7915944387887098
41,A*-GA,215.0,74.0,0.7896716281171595
41,A*-GA,217.0,74.0,0.7877045665225265
41,A*-GA,219.0,74.0,0.7856969624937722
41,A*-GA,221.0,74.0,0.7836523464334887
41,A*-GA,223.0,74.0,0.7815740781830719
41,A*-GA,225.0,74.0,0.779465354243777
41,A*-GA,227.0,76.0,0.777329214705733
41,A*-GA,229.0,76.0,0.775168549896519
41,A*-GA,231.0,76.0,0.7729861067604454
41,A*-GA,233.0,76.0,0.770784494979246
41,A*-GA,235.0,78.0,0.7685661928444597
41,A*-GA,237.0,78.0,0.766333552891382
41,A*-GA,239.0,82.0,0.7640888095602195
41,A*-GA,241.0,82.0,0.7618340870780215
41,A*-GA,243.0,84.0,0.7595713996392395
41,A*-GA,245.0,84.0,0.7573026556007899
41,A*-GA,247.0,84.0,0.7550296620773528
41,A*-GA,249.0,84.0,0.7527541293490696
41,A*-GA,251.0,84.0,0.7504776750891226
41,A*-GA,253.0,84.0,0.7482018284183795
41,A*-GA,255.0,84.0,0.7459280337940051
41,A*-GA,257.0,84.0,0.7436576547386696
41,A*-GA,259.0,84.0,0.7413919774167184
41,A*-GA,261.0,86.0,0.73913221406342
41,A*-GA,263.0,86.0,0.7368795062731649
41,A*-GA,265.0,86.0,0.734634928152256
41,A*-GA,267.0,88.0,0.7323994893417091
41,A*-GA,269.0,88.0,0.7301741379152672
41,A*-GA,271.0,90.0,0.7279597631576273
41,A*-GA,273.0,90.0,0.7257571982276771
41,A*-GA,275.0,90.0,0.7235672227113542
41,A*-GA,277.0,90.0,0.7213905650685553
41,A*-GA,279.0,92.0,0.7192279049783469
41,A*-GA,281.0,92.0,0.7170798755865613
41,A*-GA,283.0,92.0,0.7149470656597008
41,A*-GA,285.0,92.0,0.7128300216489161
41,A*-GA,287.0,94.0,0.7107292496676768
41,A*-GA,289.0,96.0,0.7086452173866085
41,A*-GA,291.0,98.0,0.7065783558488322
41,A*-GA,293.0,98.0,0.7045290612090098
41,A*-GA,295.0,98.0,0.702497696399173
41,A*-GA,297.0,98.0,0.7004845927242912
41,A*-GA,299.0,98.0,0.6984900513904141
41,A*-GA,301.0,98.0,0.6965143449681159
41,A*-GA,303.0,98.0,0.694557718793856
41,A*-GA,305.0,98.0,0.692620495726507
41,A*-GA,307.0,98.0,0.6907028967766472
41,A*-GA,309.0,100.0,0.68880508385364
41,A*-GA,311.0,100.0,0.6869271971145512
41,A*-GA,313.0,100.0,0.6850693560720363
41,A*-GA,315.0,100.0,0.6832316606545603
41,A*-GA,317.0,100.0,0.681414192220885
41,A*-GA,319.0,100.0,0.6796170145306906
41,A*-GA,321.0,100.0,0.6778401746731172
41,A*-GA,323.0,100.0,0.6760837039549437
41,A*-GA,325.0,100.0,0.6743476187500526
41,A*-GA,327.0,100.0,0.6726319213117647
41,A*-GA,329.0,100.0,0.6709366005495604
41,A*-GA,331.0,100.0,0.6692616327716487
41,A*-GA,333.0,100.0,0.6676069823947851
41,A*-GA,335.0,100.0,0.6659726026226804
41,A*-GA,337.0,100.0,0.6643584360942951
41,A*-GA,339.0,100.0,0.6627644155032544
41,A*-GA,341.0,100.0,0.6611904641895777
41,A*-GA,343.0,100.0,0.6596364967048624
41,A*-GA,345.0,100.0,0.6581024193520186
41,A*-GA,347.0,100.0,0.656588130700608
41,A*-GA,349.0,100.0,0.6550935220787966
41,A*-GA,351.0,100.0,0.653618478042892
41,A*-GA,353.0,100.0,0.6521628768253944
41,A*-GA,355.0,100.0,0.6507265907624573
41,A*-GA,357.0,100.0,0.6493094867016124
41,A*-GA,359.0,100.0,0.647911426390586
41,A*-GA,361.0,100.0,0.6465322668479918
41,A*-GA,363.0,100.0,0.6451718607166641
41,A*-GA,365.0,100.0,0.6438300566003538
41,A*-GA,367.0,100.0,0.6425066993844891
41,A*-GA,369.0,100.0,0.6412016305416706
41,A*-GA,371.0,100.0,0.6399146884225422
41,A*-GA,373.0,100.0,0.6386457085326577
41,A*-GA,375.0,100.0,0.6373945237959336
41,A*-GA,377.0,100.0,0.6361609648052569
41,A*-GA,379.0,100.0,0.6349448600607928
41,A*-GA,381.0,100.0,0.6337460361965177
41,A*-GA,383.0,100.0,0.6325643181954772
41,A*-GA,385.0,100.0,0.6313995295942514
41,A*-GA,387.0,100.0,0.6302514926770904
41,A*-GA,389.0,100.0,0.629120028660163
41,A*-GA,391.0,100.0,0.6280049578663445
41,A*-GA,393.0,100.0,0.6269060998909505
41,A*-GA,395.0,100.0,0.6258232737588086
41,A*-GA,397.0,100.0,0.6247562980730452
41,A*-GA,399.0,100.0,0.6237049911559446
41,A*-GA,401.0,100.0,0.622669171182228
41,A*-GA,403.0,100.0,0.6216486563050837
41,A*-GA,405.0,100.0,0.6206432647752654
41,A*-GA,407.0,100.0,0.6196528150535631
41,A*-GA,409.0,100.0,0.6186771259169404
41,A*-GA,411.0,100.0,0.6177160165586173
41,A*-GA,413.0,100.0,0.6167693066823677
41,A*-GA,415.0,100.0,0.6158368165912886
41,A*-GA,417.0,100.0,0.6149183672712892
41,A*-GA,419.0,100.0,0.6140137804695356
41,A*-GA,421.0,100.0,0.6131228787680795
41,A*-GA,423.0,100.0,0.6122454856528875
41,A*-GA,425.0,100.0,0.6113814255784802
41,A*-GA,427.0,100.0,0.6105305240283806
41,A*-GA,429.0,100.0,0.6096926075715645
41,A*-GA,431.0,100.0,0.6088675039150964
41,A*-GA,433.0,100.0,0.6080550419531252
41,A*-GA,435.0,100.0,0.6072550518124122
41,A*-GA,437.0,100.0,0.6064673648945488
41,A*-GA,439.0,100.0,0.605691813915022
41,A*-GA,441.0,100.0,0.6049282329392753
41,A*-GA,443.0,100.0,0.6041764574159064
41,A*-GA,445.0,100.0,0.6034363242071382
41,A*-GA,447.0,100.0,0.602707671616695
41,A*-GA,449.0,100.0,0.6019903394152072
41,A*-GA,451.0,100.0,0.601284168863264
41,A*-GA,453.0,100.0,0.6005890027322313
41,A*-GA,455.0,100.0,0.5999046853229411
42,EHCO,1.0,0.0,0.9473634905607574
42,EHCO,3.0,0.0,0.9483338234136998
42,EHCO,5.0,0.0,0.9491650140124231
42,EHCO,7.0,0.0,0.9497398514692507
42,EHCO,9.0,0.0,0.9500720850140348
42,EHCO,11.0,0.0,0.9501748634647534
42,EHCO,13.0,0.0,0.9500607597903189
42,EHCO,15.0,0.0,0.9497417946931205
42,EHCO,17.0,0.0,0.9492294592500304
42,EHCO,19.0,0.0,0.9485347366490804
42,EHCO,21.0,0.0,0.9476681230575531
42,EHCO,23.0,0.0,0.9466396476558246
42,EHCO,25.0,0.0,0.9454588918699423
42,EHCO,27.0,0.0,0.9441350078346258
42,EHCO,29.0,0.0,0.9428136300128211
42,EHCO,31.0,2.0,0.9415404754577743
42,EHCO,33.0,4.0,0.9403137121168227
42,EHCO,35.0,4.0,0.9390971200636614
42,EHCO,37.0,4.0,0.9378796520278634
42,EHCO,39.0,6.0,0.9366621400637193
42,EHCO,41.0,10.0,0.935445370399555
42,EHCO,43.0,12.0,0.9342300854533973
42,EHCO,45.0,14.000000000000002,0.9330169857659636
42,EHCO,47.0,14.000000000000002,0.9318067318542791
42,EHCO,49.0,14.000000000000002,0.9305999459890927
42,EHCO,51.0,16.0,0.929408471717251
42,EHCO,53.0,16.0,0.9281293117497391
42,EHCO,55.0,18.0,0.9267236184032308
42,EHCO,57.0,20.0,0.925199270749022
42,EHCO,59.0,20.0,0.9235637905801918
42,EHCO,61.0,20.0,0.9218243572239609
42,EHCO,63.0,20.0,0.9199878217598029
42,EHCO,65.0,20.0,0.9180607206668334
42,EHCO,67.0,20.0,0.9160492889230853
42,EHCO,69.0,20.0,0.9139594725783793
42,EHCO,71.0,22.0,0.9117969408216499
42,EHCO,73.0,22.0,0.9095670975627604
42,EHCO,75.0,22.0,0.9072750925480569
42,EHCO,77.0,22.0,0.9049258320281448
42,EHCO,79.0,24.0,0.9025239889956528
42,EHCO,81.0,26.0,0.9000740130100404
42,EHCO,83.0,26.0,0.8975801396258379
42,EHCO,85.0,28.000000000000004,0.8950885649741426
42,EHCO,87.0,28.000000000000004,0.8927252471300363
42,EHCO,89.0,28.000000000000004,0.8904849009885435
42,EHCO,91.0,30.0,0.8883545149407392
42,EHCO,93.0,30.0,0.8863063702606694
42,EHCO,95.0,32.0,0.8843372570319499
42,EHCO,97.0,32.0,0.8824440909915523
42,EHCO,99.0,32.0,0.880623908604928
42,EHCO,101.0,32.0,0.8788738623342602
42,EHCO,103.0,32.0,0.8771912160922692
42,EHCO,105.0,34.0,0.8755733408742917
42,EHCO,107.0,34.0,0.8740177105616421
42,EHCO,109.0,34.0,0.872521897889539
42,EHCO,111.0,36.0,0.8710835705731393
42,EHCO,113.0,36.0,0.8697004875854819
42,EHCO,115.0,38.0,0.8683704955813794
42,EHCO,117.0,38.0,0.867091525461536
42,EHCO,119.0,40.0,0.8658615890713908
42,EHCO,121.0,40.0,0.8646787760294008
42,EHCO,123.0,42.0,0.8635489979519496
42,EHCO,125.0,42.0,0.862367236717119
42,EHCO,127.0,42.0,0.8610960263650813
42,EHCO,129.0,44.0,0.859741115055977
42,EHCO,131.0,46.0,0.8583079884419309
42,EHCO,133.0,46.0,0.8568018805768902
42,EHCO,135.0,46.0,0.8552277843883601
42,EHCO,137.0,48.0,0.8535904617283934
42,EHCO,139.0,50.0,0.8518944530205013
42,EHCO,141.0,50.0,0.8501440865185019
42,EHCO,143.0,50.0,0.8483434871926867
42,EHCO,145.0,52.0,0.8464965852580821
42,EHCO,147.0,54.0,0.8446071243590016
42,EHCO,149.0,54.0,0.84271878863531
42,EHCO,151.0,54.0,0.8409512303962858
42,EHCO,153.0,54.0,0.8392992791044916
42,EHCO,155.0,57.99999999999999,0.83775011915491
42,EHCO,157.0,57.99999999999999,0.836276382061375
42,EHCO,159.0,57.99999999999999,0.8348749433571219
42,EHCO,161.0,57.99999999999999,0.8335428029778604
42,EHCO,163.0,57.99999999999999,0.832277080361268
42,EHCO,165.0,57.99999999999999,0.8310750097389525
42,EHCO,167.0,60.0,0.8299339356133298
42,EHCO,169.0,60.0,0.8288513084121631
42,EHCO,171.0,60.0,0.8278246803137886
42,EHCO,173.0,62.0,0.8268340406978523
42,EHCO,175.0,64.0,0.8257663381102446
42,EHCO,177.0,64.0,0.824626506154815
42,EHCO,179.0,64.0,0.8234192533143826
42,EHCO,181.0,64.0,0.8221490723041053
42,EHCO,183.0,64.0,0.8208202490492914
42,EHCO,185.0,64.0,0.8194368713025301
42,EHCO,187.0,64.0,0.818002836914429
42,EHCO,189.0,64.0,0.8165218617716882
42,EHCO,191.0,66.0,0.8151141761964715
42,EHCO,193.0,66.0,0.8138152911889116
42,EHCO,195.0,68.0,0.8126203465167058
42,EHCO,197.0,68.0,0.8115015681930324
42,EHCO,199.0,70.0,0.8104480682488149
42,EHCO,201.0,70.0,0.8094144180312317
42,EHCO,203.0,72.0,0.8082747533640036
42,EHCO,205.0,74.0,0.8070356500257643
42,EHCO,207.0,74.0,0.8057033858816524
42,EHCO,209.0,74.0,0.8042839532306624
42,EHCO,211.0,74.0,0.8027830706576987
42,EHCO,213.0,76.0,0.8012061944099426
42,EHCO,215.0,76.0,0.7995585293163708
42,EHCO,217.0,76.0,0.7978450392685242
42,EHCO,219.0,76.0,0.7960704572799076
42,EHCO,221.0,76.0,0.7942392951407204
42,EHCO,223.0,76.0,0.7923558526839609
42,EHCO,225.0,76.0,0.7904242266783101
42,EHCO,227.0,76.0,0.7884483193626002
42,EHCO,229.0,78.0,0.7864318466360825
42,EHCO,231.0,78.0,0.7843783459181572
42,EHCO,233.0,80.0,0.7822911836906815
42,EHCO,235.0,80.0,0.7801735627354585
42,EHCO,237.0,80.0,0.7780285290790153
42,EHCO,239.0,80.0,0.7758589786562964
42,EHCO,241.0,84.0,0.773667663704441
42,EHCO,243.0,84.0,0.7714571988973775
42,EHCO,245.0,84.0,0.7692300672315369
42,EHCO,247.0,86.0,0.7669886256725859
42,EHCO,249.0,86.0,0.7647351117024759
42,EHCO,251.0,86.0,0.7624716531602401
42,EHCO,253.0,86.0,0.7602002679992494
42,EHCO,255.0,86.0,0.7579228681033277
42,EHCO,257.0,86.0,0.7556412638925487
42,EHCO,259.0,86.0,0.7533571687409993
42,EHCO,261.0,86.0,0.7510722032140051
42,EHCO,263.0,86.0,0.7487878991320208
42,EHCO,265.0,86.0,0.7465057034681035
42,EHCO,267.0,86.0,0.7442269820856131
42,EHCO,269.0,86.0,0.7419532239952853
42,EHCO,271.0,88.0,0.7396856960093742
42,EHCO,273.0,90.0,0.7374255250782565
42,EHCO,275.0,90.0,0.7351737712757618
42,EHCO,277.0,90.0,0.732931430797369
42,EHCO,279.0,90.0,0.7306994388345932
42,EHCO,281.0,90.0,0.7284786723305213
42,EHCO,283.0,90.0,0.7262699526212576
42,EHCO,285.0,90.0,0.7240740479678573
42,EHCO,287.0,90.0,0.7218916759831392
42,EHCO,289.0,90.0,0.7197235059575976
42,EHCO,291.0,90.0,0.7175701610884665
42,EHCO,293.0,90.0,0.7154322206158276
42,EHCO,295.0,92.0,0.7133102218694997
42,EHCO,297.0,92.0,0.7112046622302989
42,EHCO,299.0,92.0,0.7091160010091186
42,EHCO,301.0,92.0,0.7070446612471367
42,EHCO,303.0,92.0,0.7049910314403329
42,EHCO,305.0,92.0,0.7029554671913664
42,EHCO,307.0,94.0,0.700938292791747
42,EHCO,309.0,94.0,0.6989398027371171
42,EHCO,311.0,96.0,0.6969602631783443
42,EHCO,313.0,96.0,0.6949999133110247
42,EHCO,315.0,96.0,0.6930589667058895
42,EHCO,317.0,98.0,0.6911376125825063
42,EHCO,319.0,98.0,0.6892360170285787
42,EHCO,321.0,98.0,0.6873543241670486
42,EHCO,323.0,98.0,0.6854926572731205
42,EHCO,325.0,98.0,0.6836511198432471
42,EHCO,327.0,98.0,0.6818297966180256
42,EHCO,329.0,98.0,0.6800287545608845
42,EHCO,331.0,98.0,0.6782480437943633
42,EHCO,333.0,98.0,0.6764876984957113
42,EHCO,335.0,98.0,0.6747477377534713
42,EHCO,337.0,98.0,0.6730281663866393
42,EHCO,339.0,98.0,0.6713289757279339
42,EHCO,341.0,98.0,0.6696501443726437
42,EHCO,343.0,98.0,0.667991638894465
42,EHCO,345.0,98.0,0.6663534145296856
42,EHCO,347.0,98.0,0.6647354158310126
42,EHCO,349.0,98.0,0.6631375772922976
42,EHCO,351.0,98.0,0.6615598239453538
42,EHCO,353.0,98.0,0.6600020719300181
42,EHCO,355.0,98.0,0.658464229038564
42,EHCO,357.0,98.0,0.6569461952355231
42,EHCO,359.0,98.0,0.6554478631539352
42,EHCO,361.0,98.0,0.6539691185690054
42,EHCO,363.0,98.0,0.6525098408501022
42,EHCO,365.0,98.0,0.6510699033920018
42,EHCO,367.0,98.0,0.6496491740262393
42,EHCO,369.0,98.0,0.6482475154133982
42,EHCO,371.0,100.0,0.6468647854171333
42,EHCO,373.0,100.0,0.6455008374606926
42,EHCO,375.0,100.0,0.6441555208666689
42,EHCO,377.0,100.0,0.6428286811806883
42,EHCO,379.0,100.0,0.6415201604797077
42,EHCO,381.0,100.0,0.6402297976655732
42,EHCO,383.0,100.0,0.6389574287444569
42,EHCO,385.0,100.0,0.6377028870927736
42,EHCO,387.0,100.0,0.6364660037101464
42,EHCO,389.0,100.0,0.635246607459974
42,EHCO,391.0,100.0,0.6340445252981242
42,EHCO,393.0,100.0,0.632859582490262
42,EHCO,395.0,100.0,0.631691602818296
42,EHCO,397.0,100.0,0.63054040877641
42,EHCO,399.0,100.0,0.6294058217571264
42,EHCO,401.0,100.0,0.6282876622278297
42,EHCO,403.0,100.0,0.6271857498981613
42,EHCO,405.0,100.0,0.6260999038786815
42,EHCO,407.0,100.0,0.6250299428311756
42,EHCO,409.0,100.0,0.6239756851109677
42,EHCO,411.0,100.0,0.6229369489015896
42,EHCO,413.0,100.0,0.6219135523421407
42,EHCO,415.0,100.0,0.6209053136476573
42,EHCO,417.0,100.0,0.6199120512227989
42,EHCO,419.0,100.0,0.6189335837691468
42,EHCO,421.0,100.0,0.6179697303863966
42,EHCO,423.0,100.0,0.6170203106677159
42,EHCO,425.0,100.0,0.6160851447895274
42,EHCO,427.0,100.0,0.6151640535959647
42,EHCO,429.0,100.0,0.614256858678242
42,EHCO,431.0,100.0,0.6133633824491648
42,EHCO,433.0,100.0,0.6124834482130013
42,EHCO,435.0,100.0,0.6116168802309258
42,EHCO,437.0,100.0,0.6107635037822347
42,EHCO,439.0,100.0,0.6099231452215285
42,EHCO,441.0,100.0,0.6090956320320461
42,EHCO,443.0,100.0,0.6082807928753265
42,EHCO,445.0,100.0,0.607478457637372
42,EHCO,447.0,100.0,0.6066884574714702
42,EHCO,449.0,100.0,0.6059106248378375
42,EHCO,451.0,100.0,0.6051447935402288
42,EHCO,453.0,100.0,0.6043907987596582
42,EHCO,455.0,100.0,0.6036484770853694
42,EHCO,457.0,100.0,0.6029176665431855
42,EHCO,459.0,100.0,0.602198206621365
42,EHCO,461.0,100.0,0.6014899382940849
42,EHCO,463.0,100.0,0.6007927040426659
42,EHCO,465.0,100.0,0.6001063478746508
42,A*-GA,1.0,0.0,0.9473634905607574
42,A*-GA,3.0,0.0,0.9483338234136998
42,A*-GA,5.0,0.0,0.9491768459908264
42,A*-GA,7.0,0.0,0.9498990220851549
42,A*-GA,9.0,0.0,0.9505065376287957
42,A*-GA,11.0,0.0,0.9510053119948165
42,A*-GA,13.0,0.0,0.9514010088491023
42,A*-GA,15.0,0.0,0.9516990465699733
42,A*-GA,17.0,0.0,0.9519046082526259
42,A*-GA,19.0,2.0,0.9520226513147896
42,A*-GA,21.0,2.0,0.9520579167193488
42,A*-GA,23.0,2.0,0.9520149378290591
42,A*-GA,25.0,2.0,0.9518980489078904
42,A*-GA,27.0,2.0,0.9517113932829598
42,A*-GA,29.0,2.0,0.9514589311804663
42,A*-GA,31.0,2.0,0.9511559557254421
42,A*-GA,33.0,4.0,0.9507025141191237
42,A*-GA,35.0,4.0,0.9500624394450955
42,A*-GA,37.0,4.0,0.9492464264280717
42,A*-GA,39.0,4.0,0.9482646944877242
42,A*-GA,41.0,6.0,0.947127007306319
42,A*-GA,43.0,8.0,0.9458426916134878
42,A*-GA,45.0,10.0,0.944420655219096
42,A*-GA,47.0,12.0,0.9428694043239549
42,A*-GA,49.0,12.0,0.9411970601369479
42,A*-GA,51.0,12.0,0.9394113748260228
42,A*-GA,53.0,12.0,0.9375197468294152
42,A*-GA,55.0,12.0,0.9355292355524348
42,A*-GA,57.0,12.0,0.9334465754741456
42,A*-GA,59.0,12.0,0.9312781896873132
42,A*-GA,61.0,12.0,0.9290302028940742
42,A*-GA,63.0,12.0,0.9267084538788942
42,A*-GA,65.0,12.0,0.9243185074795347
42,A*-GA,67.0,14.000000000000002,0.9218656660759308
42,A*-GA,69.0,14.000000000000002,0.919354980616099
42,A*-GA,71.0,14.000000000000002,0.9167912611974386
42,A*-GA,73.0,18.0,0.9141790872210691
42,A*-GA,75.0,18.0,0.9115228171361488
42,A*-GA,77.0,18.0,0.9089539072933719
42,A*-GA,79.0,18.0,0.9065111899186169
42,A*-GA,81.0,20.0,0.9041894336856778
42,A*-GA,83.0,20.0,0.9019584270168166
42,A*-GA,85.0,22.0,0.8998063944407942
42,A*-GA,87.0,22.0,0.8977303734625925
42,A*-GA,89.0,24.0,0.8957275155632837
42,A*-GA,91.0,24.0,0.893795081765828
42,A*-GA,93.0,24.0,0.8919304383742133
42,A*-GA,95.0,24.0,0.8901310528791438
42,A*-GA,97.0,24.0,0.888394490023756
42,A*-GA,99.0,24.0,0.8867184080230921
42,A*-GA,101.0,28.000000000000004,0.885100554931311
42,A*-GA,103.0,28.000000000000004,0.8835387651508487
42,A*-GA,105.0,30.0,0.8820309560779689
42,A*-GA,107.0,30.0,0.8805751248793637
42,A*-GA,109.0,32.0,0.879169345394672
42,A*-GA,111.0,32.0,0.8778117651599819
42,A*-GA,113.0,32.0,0.8765006025475857
42,A*-GA,115.0,34.0,0.8752341440174276
42,A*-GA,117.0,34.0,0.8740107414758793
42,A*-GA,119.0,34.0,0.872810457423209
42,A*-GA,121.0,34.0,0.8715149763618203
42,A*-GA,123.0,34.0,0.8701303789551225
42,A*-GA,125.0,34.0,0.8686624685456789
42,A*-GA,127.0,34.0,0.8671167826753843
42,A*-GA,129.0,36.0,0.8654986041431143
42,A*-GA,131.0,36.0,0.863812971618167
42,A*-GA,133.0,36.0,0.8620646898270946
42,A*-GA,135.0,36.0,0.8602583393308315
42,A*-GA,137.0,36.0,0.858398285908356
42,A*-GA,139.0,36.0,0.8564886895624872
42,A*-GA,141.0,36.0,0.8545335131628005
42,A*-GA,143.0,36.0,0.8525365307400556
42,A*-GA,145.0,38.0,0.8505013354459647
42,A*-GA,147.0,38.0,0.8484313471915829
42,A*-GA,149.0,40.0,0.8463298199770783
42,A*-GA,151.0,40.0,0.8441998489251378
42,A*-GA,153.0,42.0,0.8420443770297795
42,A*-GA,155.0,42.0,0.8399843257067774
42,A*-GA,157.0,42.0,0.8380548611914771
42,A*-GA,159.0,44.0,0.8362503106360235
42,A*-GA,161.0,46.0,0.8345421188520985
42,A*-GA,163.0,48.0,0.8329186468559524
42,A*-GA,165.0,48.0,0.8313763716728205
42,A*-GA,167.0,48.0,0.8299119107371791
42,A*-GA,169.0,48.0,0.8285220163601696
42,A*-GA,171.0,50.0,0.827203570414336
42,A*-GA,173.0,50.0,0.8259535792271421
42,A*-GA,175.0,54.0,0.8247691686750811
42,A*-GA,177.0,54.0,0.8236475794705
42,A*-GA,179.0,54.0,0.8225861626335799
42,A*-GA,181.0,54.0,0.8215823751422029
42,A*-GA,183.0,56.00000000000001,0.820633775752727
42,A*-GA,185.0,56.00000000000001,0.8197380209849583
42,A*-GA,187.0,56.00000000000001,0.8188754608118871
42,A*-GA,189.0,57.99999999999999,0.8179338860613679
42,A*-GA,191.0,57.99999999999999,0.8169182561073707
42,A*-GA,193.0,57.99999999999999,0.8158333050313801
42,A*-GA,195.0,57.99999999999999,0.8146835509686138
42,A*-GA,197.0,57.99999999999999,0.8134733050791952
42,A*-GA,199.0,57.99999999999999,0.8122066801591298
42,A*-GA,201.0,57.99999999999999,0.8108768097082317
42,A*-GA,203.0,57.99999999999999,0.809456273044946
42,A*-GA,205.0,60.0,0.8079509822283161
42,A*-GA,207.0,60.0,0.8063665784598182
42,A*-GA,209.0,60.0,0.8047084433524824
42,A*-GA,211.0,60.0,0.8029817097472924
42,A*-GA,213.0,60.0,0.8011912720948025
42,A*-GA,215.0,62.0,0.7993417964191976
42,A*-GA,217.0,62.0,0.7974377298813505
42,A*-GA,219.0,64.0,0.795483309956773
42,A*-GA,221.0,64.0,0.7934826594221696
42,A*-GA,223.0,64.0,0.7914398741914828
42,A*-GA,225.0,66.0,0.7893586008698116
42,A*-GA,227.0,66.0,0.7872420532262197
42,A*-GA,229.0,66.0,0.7850934589033559
42,A*-GA,231.0,68.0,0.7829159715231198
42,A*-GA,233.0,68.0,0.7807125896461342
42,A*-GA,235.0,68.0,0.7784861633728608
42,A*-GA,237.0,72.0,0.7762394006771898
42,A*-GA,239.0,76.0,0.7739748734831438
42,A*-GA,241.0,76.0,0.7716950234949109
42,A*-GA,243.0,76.0,0.769402167790021
42,A*-GA,245.0,76.0,0.7670985043275637
42,A*-GA,247.0,76.0,0.7647861211989053
42,A*-GA,249.0,76.0,0.7624670005762033
42,A*-GA,251.0,78.0,0.7601430197629254
42,A*-GA,253.0,78.0,0.7578159557558911
42,A*-GA,255.0,78.0,0.7554874896209379
42,A*-GA,257.0,78.0,0.7531592106896483
42,A*-GA,259.0,78.0,0.7508326205842771
42,A*-GA,261.0,80.0,0.7485091370777367
42,A*-GA,263.0,80.0,0.7461900977952278
42,A*-GA,265.0,80.0,0.7438767637638427
42,A*-GA,267.0,80.0,0.7415703228162163
42,A*-GA,269.0,82.0,0.7392718928540633
42,A*-GA,271.0,82.0,0.7369825249772058
42,A*-GA,273.0,82.0,0.7347032064834753
42,A*-GA,275.0,84.0,0.73243486374466
42,A*-GA,277.0,84.0,0.7301783649634651
42,A*-GA,279.0,84.0,0.7279345228162535
42,A*-GA,281.0,84.0,0.72570409698615
42,A*-GA,283.0,84.0,0.7234877965909076
42,A*-GA,285.0,84.0,0.7212862825097605
42,A*-GA,287.0,84.0,0.7191001696133243
42,A*-GA,289.0,84.0,0.7169300289004387
42,A*-GA,291.0,84.0,0.7147763895456943
42,A*-GA,293.0,86.0,0.7126397408612423
42,A*-GA,295.0,86.0,0.7105205341763339
42,A*-GA,297.0,92.0,0.7084191846379089
42,A*-GA,299.0,92.0,0.7063362004718201
42,A*-GA,301.0,96.0,0.7042719622810617
42,A*-GA,303.0,100.0,0.7022267754518978
42,A*-GA,305.0,100.0,0.700200916187659
42,A*-GA,307.0,100.0,0.6981946329379182
42,A*-GA,309.0,100.0,0.6962081477669005
42,A*-GA,311.0,100.0,0.6942416576635888
42,A*-GA,313.0,100.0,0.6922953357958884
42,A*-GA,315.0,100.0,0.6903693327111216
42,A*-GA,317.0,100.0,0.6884637774850284
42,A*-GA,319.0,100.0,0.6865787788213705
42,A*-GA,321.0,100.0,0.6847144261041443
42,A*-GA,323.0,100.0,0.6828707904043346
42,A*-GA,325.0,100.0,0.6810479254430594
42,A*-GA,327.0,100.0,0.6792458685128867
42,A*-GA,329.0,100.0,0.6774646413590297
42,A*-GA,331.0,100.0,0.6757042510220607
42,A*-GA,333.0,100.0,0.6739646906437168
42,A*-GA,335.0,100.0,0.6722459402373117
42,A*-GA,337.0,100.0,0.6705479674242009
42,A*-GA,339.0,100.0,0.6688707281376964
42,A*-GA,341.0,100.0,0.667214167295768
42,A*-GA,343.0,100.0,0.6655782194438123
42,A*-GA,345.0,100.0,0.6639628093687272
42,A*-GA,347.0,100.0,0.6623678526854707
42,A*-GA,349.0,100.0,0.6607932563972417
42,A*-GA,351.0,100.0,0.6592389194303743
42,A*-GA,353.0,100.0,0.6577047331449896
42,A*-GA,355.0,100.0,0.6561905818224131
42,A*-GA,357.0,100.0,0.6546963431303197
42,A*-GA,359.0,100.0,0.653221888566533
42,A*-GA,361.0,100.0,0.651767083882368
42,A*-GA,363.0,100.0,0.650331789486369
42,A*-GA,365.0,100.0,0.6489158608292616
42,A*-GA,367.0,100.0,0.6475191487709056
42,A*-GA,369.0,100.0,0.6461414999300009
42,A*-GA,371.0,100.0,0.6447827570172726
42,A*-GA,373.0,100.0,0.6434427591528262
42,A*-GA,375.0,100.0,0.6421213421683435
42,A*-GA,377.0,100.0,0.6408183388947556
42,A*-GA,379.0,100.0,0.6395335794360086
42,A*-GA,381.0,100.0,0.6382668914295104
42,A*-GA,383.0,100.0,0.6370181002938224
42,A*-GA,385.0,100.0,0.6357870294641415
42,A*-GA,387.0,100.0,0.6345735006160886
42,A*-GA,389.0,100.0,0.633377333878308
42,A*-GA,391.0,100.0,0.63219834803435
42,A*-GA,393.0,100.0,0.6310363607143031
42,A*-GA,395.0,100.0,0.6298911885766111
42,A*-GA,397.0,100.0,0.6287626474805014
42,A*-GA,399.0,100.0,0.6276505526494288
42,A*-GA,401.0,100.0,0.626554718825924
42,A*-GA,403.0,100.0,0.6254749604182201
42,A*-GA,405.0,100.0,0.6244110916390162
42,A*-GA,407.0,100.0,0.6233629266367191
42,A*-GA,409.0,100.0,0.6223302796194955
42,A*-GA,411.0,100.0,0.6213129649724471
42,A*-GA,413.0,100.0,0.6203107973682158
42,A*-GA,415.0,100.0,0.6193235918713048
42,A*-GA,417.0,100.0,0.618351164036398
42,A*-GA,419.0,100.0,0.6173933300009422
42,A*-GA,421.0,100.0,0.61644990657225
42,A*-GA,423.0,100.0,0.6155207113093674
42,A*-GA,425.0,100.0,0.6146055625999431
42,A*-GA,427.0,100.0,0.6137042797323236
42,A*-GA,429.0,100.0,0.6128166829630909
42,A*-GA,431.0,100.0,0.6119425935802512
42,A*-GA,433.0,100.0,0.6110818339622722
42,A*-GA,435.0,100.0,0.6102342276331595
42,A*-GA,437.0,100.0,0.6093995993137549
42,A*-GA,439.0,100.0,0.6085777749694321
42,A*-GA,441.0,100.0,0.6077685818543569
42,A*-GA,443.0,100.0,0.6069718485524719
42,A*-GA,445.0,100.0,0.6061874050153607
42,A*-GA,447.0,100.0,0.6054150825971392
42,A*-GA,449.0,100.0,0.6046547140865134
42,A*-GA,451.0,100.0,0.6039061337361414
42,A*-GA,453.0,100.0,0.6031691772894274
42,A*-GA,455.0,100.0,0.6024436820048729
42,A*-GA,457.0,100.0,0.6017294866781023
42,A*-GA,459.0,100.0,0.6010264316616805
42,A*-GA,461.0,100.0,0.6003343588828259
43,EHCO,1.0,0.0,0.7873298241865194
43,EHCO,3.0,0.0,0.7945782440464985
43,EHCO,5.0,0.0,0.8014412336219903
43,EHCO,7.0,0.0,0.8078112438528436
43,EHCO,9.0,0.0,0.813711306764979
43,EHCO,11.0,0.0,0.8191634898103087
43,EHCO,13.0,0.0,0.8241889347155499
43,EHCO,15.0,0.0,0.8288078947903333
43,EHCO,17.0,2.0,0.833039770755326
43,EHCO,19.0,2.0,0.8369031451486948
43,EHCO,21.0,4.0,0.8404158153669536
43,EHCO,23.0,4.0,0.8435948253940253
43,EHCO,25.0,4.0,0.846456496270239
43,EHCO,27.0,4.0,0.8490164553509487
43,EHCO,29.0,4.0,0.8514265582981934
43,EHCO,31.0,4.0,0.8537384993079826
43,EHCO,33.0,6.0,0.8559561889883666
43,EHCO,35.0,6.0,0.8580489247903836
43,EHCO,37.0,6.0,0.860010960375399
43,EHCO,39.0,8.0,0.8618482207750592
43,EHCO,41.0,8.0,0.8635663853986171
43,EHCO,43.0,10.0,0.8651590659081666
43,EHCO,45.0,10.0,0.8665078049582347
43,EHCO,47.0,12.0,0.8676251659651958
43,EHCO,49.0,12.0,0.8685231700046591
43,EHCO,51.0,14.000000000000002,0.8692133179052247
43,EHCO,53.0,14.000000000000002,0.8697066114619886
43,EHCO,55.0,14.000000000000002,0.8700135738045518
43,EHCO,57.0,14.000000000000002,0.8701442689529224
43,EHCO,59.0,16.0,0.8701083205933855
43,EHCO,61.0,18.0,0.8699149301051533
43,EHCO,63.0,22.0,0.8697032106325491
43,EHCO,65.0,22.0,0.8695172372701958
43,EHCO,67.0,26.0,0.8693558072939839
43,EHCO,69.0,26.0,0.8691896700409998
43,EHCO,71.0,26.0,0.8690100133103981
43,EHCO,73.0,26.0,0.8688176930098539
43,EHCO,75.0,26.0,0.868613526089238
43,EHCO,77.0,26.0,0.8683982921578596
43,EHCO,79.0,26.0,0.8681727350367932
43,EHCO,81.0,28.000000000000004,0.8679375642488646
43,EHCO,83.0,28.000000000000004,0.8676934564487614
43,EHCO,85.0,28.000000000000004,0.8674410567956432
43,EHCO,87.0,30.0,0.8671809802705291
43,EHCO,89.0,32.0,0.8669138129406524
43,EHCO,91.0,34.0,0.8666401131728838
43,EHCO,93.0,34.0,0.8663694605924339
43,EHCO,95.0,34.0,0.865998998489587
43,EHCO,97.0,34.0,0.8654921063779906
43,EHCO,99.0,36.0,0.8648566259385024
43,EHCO,101.0,36.0,0.8641000500756796
43,EHCO,103.0,36.0,0.8632295372803286
43,EHCO,105.0,38.0,0.8622519254173758
43,EHCO,107.0,38.0,0.8611737449617848
43,EHCO,109.0,38.0,0.8600012317043603
43,EHCO,111.0,38.0,0.8587403389484121
43,EHCO,113.0,40.0,0.8575210727701821
43,EHCO,115.0,40.0,0.8563829705870918
43,EHCO,117.0,44.0,0.8553224800422309
43,EHCO,119.0,44.0,0.8543130812447137
43,EHCO,121.0,44.0,0.8533450886790106
43,EHCO,123.0,44.0,0.8524168542414408
43,EHCO,125.0,44.0,0.851526794745467
43,EHCO,127.0,44.0,0.85067338937211
43,EHCO,129.0,46.0,0.8498628601894188
43,EHCO,131.0,46.0,0.8489913131543703
43,EHCO,133.0,48.0,0.848021891401635
43,EHCO,135.0,48.0,0.8469606117423928
43,EHCO,137.0,52.0,0.8458132189635285
43,EHCO,139.0,52.0,0.844585197093885
43,EHCO,141.0,52.0,0.8432817802187125
43,EHCO,143.0,52.0,0.8419079628602002
43,EHCO,145.0,54.0,0.8404685099412738
43,EHCO,147.0,54.0,0.8389679663491626
43,EHCO,149.0,54.0,0.8375308717870391
43,EHCO,151.0,54.0,0.8361944058539905
43,EHCO,153.0,56.00000000000001,0.8349541319459108
43,EHCO,155.0,56.00000000000001,0.8336848694815397
43,EHCO,157.0,56.00000000000001,0.8323495216477054
43,EHCO,159.0,56.00000000000001,0.8309525906176576
43,EHCO,161.0,56.00000000000001,0.8294983703814656
43,EHCO,163.0,57.99999999999999,0.8279909554347055
43,EHCO,165.0,57.99999999999999,0.826434249117669
43,EHCO,167.0,60.0,0.8248319716189467
43,EHCO,169.0,60.0,0.8231876676566908
43,EHCO,171.0,60.0,0.8215047138503432
43,EHCO,173.0,62.0,0.8197863257951034
43,EHCO,175.0,62.0,0.818035564850934
43,EHCO,177.0,62.0,0.8162553446574323
43,EHCO,179.0,62.0,0.8145638880259254
43,EHCO,181.0,62.0,0.8129956473841219
43,EHCO,183.0,68.0,0.811545160708295
43,EHCO,185.0,68.0,0.810184076229201
43,EHCO,187.0,68.0,0.8089009512580461
43,EHCO,189.0,68.0,0.8076924522609228
43,EHCO,191.0,68.0,0.8065553795185966
43,EHCO,193.0,70.0,0.8054866618433837
43,EHCO,195.0,72.0,0.8044833515036575
43,EHCO,197.0,72.0,0.8035426193478314
43,EHCO,199.0,72.0,0.8026694330889927
43,EHCO,201.0,72.0,0.8017557423990672
43,EHCO,203.0,72.0,0.8007344063744468
43,EHCO,205.0,74.0,0.7996120139460775
43,EHCO,207.0,76.0,0.798394856455544
43,EHCO,209.0,76.0,0.7970889399758186
43,EHCO,211.0,76.0,0.7956999971379876
43,EHCO,213.0,76.0,0.7942334984835089
43,EHCO,215.0,76.0,0.7926946633607908
43,EHCO,217.0,76.0,0.7910884703841361
43,EHCO,219.0,76.0,0.7894196674723913
43,EHCO,221.0,78.0,0.7876927814839503
43,EHCO,223.0,80.0,0.7859121274641124
43,EHCO,225.0,82.0,0.7840818175201621
43,EHCO,227.0,82.0,0.7822057693389303
43,EHCO,229.0,82.0,0.7802877143610175
43,EHCO,231.0,86.0,0.7783312056253017
43,EHCO,233.0,88.0,0.7763396252968119
43,EHCO,235.0,88.0,0.7743161918905395
43,EHCO,237.0,88.0,0.7722639672032575
43,EHCO,239.0,88.0,0.7701861197929666
43,EHCO,241.0,88.0,0.7680854921008599
43,EHCO,243.0,90.0,0.7659647016174463
43,EHCO,245.0,92.0,0.7638262346573149
43,EHCO,247.0,92.0,0.7616724519760752
43,EHCO,249.0,92.0,0.7595055941591624
43,EHCO,251.0,92.0,0.7573277867915851
43,EHCO,253.0,92.0,0.7551410454173368
43,EHCO,255.0,92.0,0.7529472802968468
43,EHCO,257.0,94.0,0.7507483009705135
43,EHCO,259.0,94.0,0.748545820636052
43,EHCO,261.0,96.0,0.7463414603470752
43,EHCO,263.0,96.0,0.744136753040038
43,EHCO,265.0,96.0,0.7419331473963945
43,EHCO,267.0,96.0,0.7397320115465427
43,EHCO,269.0,96.0,0.7375346366218756
43,EHCO,271.0,96.0,0.7353422401610067
43,EHCO,273.0,96.0,0.7331559693759964
43,EHCO,275.0,98.0,0.7309769042841775
43,EHCO,277.0,98.0,0.7288060607109563
43,EHCO,279.0,98.0,0.7266443931687517
43,EHCO,281.0,98.0,0.7244927976170328
43,EHCO,283.0,98.0,0.7223521141082169
43,EHCO,285.0,98.0,0.7202231293240038
43,EHCO,287.0,98.0,0.7181065790065383
43,EHCO,289.0,98.0,0.7160031502886215
43,EHCO,291.0,100.0,0.7139134839270239
43,EHCO,293.0,100.0,0.7118381764427901
43,EHCO,295.0,100.0,0.7097777821722759
43,EHCO,297.0,100.0,0.7077328152325052
43,EHCO,299.0,100.0,0.7057037514042945
43,EHCO,301.0,100.0,0.7036910299364577
43,EHCO,303.0,100.0,0.7016950552742668
43,EHCO,305.0,100.0,0.6997161987152264
43,EHCO,307.0,100.0,0.6977547999950908
43,EHCO,309.0,100.0,0.6958111688069416
43,EHCO,311.0,100.0,0.6938855862560276
43,EHCO,313.0,100.0,0.6919783062529672
43,EHCO,315.0,100.0,0.6900895568478034
43,EHCO,317.0,100.0,0.6882195415073084
43,EHCO,319.0,100.0,0.6863684403378345
43,EHCO,321.0,100.0,0.6845364112559235
43,EHCO,323.0,100.0,0.6827235911087894
43,EHCO,325.0,100.0,0.6809300967467152
43,EHCO,327.0,100.0,0.6791560260493141
43,EHCO,329.0,100.0,0.6774014589075364
43,EHCO,331.0,100.0,0.6756664581632204
43,EHCO,333.0,100.0,0.6739510705079207
43,EHCO,335.0,100.0,0.6722553273426738
43,EHCO,337.0,100.0,0.6705792456002964
43,EHCO,339.0,100.0,0.6689228285317483
43,EHCO,341.0,100.0,0.6672860664580315
43,EHCO,343.0,100.0,0.6656689374890337
43,EHCO,345.0,100.0,0.6640714082106769
43,EHCO,347.0,100.0,0.6624934343416677
43,EHCO,349.0,100.0,0.6609349613611013
43,EHCO,351.0,100.0,0.6593959251081181
43,EHCO,353.0,100.0,0.6578762523547629
43,EHCO,355.0,100.0,0.656375861353154
43,EHCO,357.0,100.0,0.6548946623580219
43,EHCO,359.0,100.0,0.6534325581256367
43,EHCO,361.0,100.0,0.6519894443901016
43,EHCO,363.0,100.0,0.650565210317951
43,EHCO,365.0,100.0,0.6491597389419544
43,EHCO,367.0,100.0,0.6477729075749911
43,EHCO,369.0,100.0,0.6464045882048238
43,EHCO,371.0,100.0,0.6450546478705709
43,EHCO,373.0,100.0,0.6437229490216385
43,EHCO,375.0,100.0,0.6424093498598489
43,EHCO,377.0,100.0,0.6411137046654676
43,EHCO,379.0,100.0,0.6398358641078072
43,EHCO,381.0,100.0,0.6385756755410541
43,EHCO,383.0,100.0,0.6373329832859417
43,EHCO,385.0,100.0,0.6361076288978684
43,EHCO,387.0,100.0,0.6348994514220324
43,EHCO,389.0,100.0,0.6337082876361331
43,EHCO,391.0,100.0,0.6325339722811686
43,EHCO,393.0,100.0,0.6313763382808334
43,EHCO,395.0,100.0,0.6302352169500043
43,EHCO,397.0,100.0,0.6291104381927796
43,EHCO,399.0,100.0,0.6280018306905191
43,EHCO,401.0,100.0,0.6269092220803139
43,EHCO,403.0,100.0,0.6258324391242982
43,EHCO,405.0,100.0,0.6247713078701977
43,EHCO,407.0,100.0,0.623725653803493
43,EHCO,409.0,100.0,0.6226953019915619
43,EHCO,411.0,100.0,0.6216800772201498
43,EHCO,413.0,100.0,0.6206798041225008
43,EHCO,415.0,100.0,0.6196943073014726
43,EHCO,417.0,100.0,0.6187234114449394
43,EHCO,419.0,100.0,0.6177669414347824
43,EHCO,421.0,100.0,0.6168247224497461
43,EHCO,423.0,100.0,0.6158965800624335
43,EHCO,425.0,100.0,0.6149823403307024
43,EHCO,427.0,100.0,0.614081829883709
43,EHCO,429.0,100.0,0.6131948760028384
43,EHCO,431.0,100.0,0.6123213066977542
43,EHCO,433.0,100.0,0.6114609507777831
43,EHCO,435.0,100.0,0.6106136379188468
43,EHCO,437.0,100.0,0.6097791987261455
43,EHCO,439.0,100.0,0.608957464792782
43,EHCO,441.0,100.0,0.6081482687545154
43,EHCO,443.0,100.0,0.6073514443408218
43,EHCO,445.0,100.0,0.6065668264224309
43,EHCO,447.0,100.0,0.6057942510555032
43,EHCO,449.0,100.0,0.6050335555226048
43,EHCO,451.0,100.0,0.6042845783706275
43,EHCO,453.0,100.0,0.6035471594457998
43,EHCO,455.0,100.0,0.6028211399259262
43,EHCO,457.0,100.0,0.6021063623499869
43,EHCO,459.0,100.0,0.6014026706452221
43,EHCO,461.0,100.0,0.6007099101518252
43,EHCO,463.0,100.0,0.6000279276453575
43,A*-GA,1.0,0.0,0.7873298241865194
43,A*-GA,3.0,0.0,0.7945782440464985
43,A*-GA,5.0,0.0,0.8014530656003936
43,A*-GA,7.0,0.0,0.807970414468748
43,A*-GA,9.0,0.0,0.8141457593797401
43,A*-GA,11.0,0.0,0.819993938340372
43,A*-GA,13.0,0.0,0.8255291837743335
43,A*-GA,15.0,0.0,0.8307651466671865
43,A*-GA,17.0,0.0,0.8357149197579218
43,A*-GA,19.0,0.0,0.8403910598144043
43,A*-GA,21.0,0.0,0.8448056090287496
43,A*-GA,23.0,0.0,0.8489582835888567
43,A*-GA,25.0,0.0,0.8527364826922832
43,A*-GA,27.0,0.0,0.8561583881845221
43,A*-GA,29.0,0.0,0.8592414109357756
43,A*-GA,31.0,0.0,0.862002222039938
43,A*-GA,33.0,0.0,0.8644567827738853
43,A*-GA,35.0,0.0,0.8666203733659626
43,A*-GA,37.0,0.0,0.8685076206206439
43,A*-GA,39.0,0.0,0.8701325244444851
43,A*-GA,41.0,0.0,0.8715084833167218
43,A*-GA,43.0,2.0,0.8726483187461569
43,A*-GA,45.0,2.0,0.873564298754345
43,A*-GA,47.0,2.0,0.8742681604235081
43,A*-GA,49.0,2.0,0.8747711315461036
43,A*-GA,51.0,8.0,0.8750839514115168
43,A*-GA,53.0,8.0,0.8752168907639498
43,A*-GA,55.0,8.0,0.8751797709642443
43,A*-GA,57.0,8.0,0.8749819823870818
43,A*-GA,59.0,10.0,0.8746325020837726
43,A*-GA,61.0,10.0,0.8742703740708889
43,A*-GA,63.0,10.0,0.8739395040182562
43,A*-GA,65.0,16.0,0.8736384772674302
43,A*-GA,67.0,18.0,0.873337697726775
43,A*-GA,69.0,18.0,0.8730281207446123
43,A*-GA,71.0,20.0,0.8727104262393356
43,A*-GA,73.0,20.0,0.8723852619225819
43,A*-GA,75.0,20.0,0.8720532446541598
43,A*-GA,77.0,20.0,0.8717149617423128
43,A*-GA,79.0,20.0,0.8713709721914858
43,A*-GA,81.0,20.0,0.871031016476997
43,A*-GA,83.0,20.0,0.8705922239587643
43,A*-GA,85.0,20.0,0.8700178085602309
43,A*-GA,87.0,20.0,0.8693156112643348
43,A*-GA,89.0,20.0,0.8684931237932768
43,A*-GA,91.0,20.0,0.8676003093390184
43,A*-GA,93.0,20.0,0.8667679641374333
43,A*-GA,95.0,20.0,0.8659935183803152
43,A*-GA,97.0,22.0,0.865265948817884
43,A*-GA,99.0,22.0,0.8645582654787731
43,A*-GA,101.0,24.0,0.8638698256634794
43,A*-GA,103.0,24.0,0.8632000096139008
43,A*-GA,105.0,24.0,0.8625482196508952
43,A*-GA,107.0,26.0,0.8619138793450533
43,A*-GA,109.0,28.000000000000004,0.8612964327193898
43,A*-GA,111.0,30.0,0.8606953434827151
43,A*-GA,113.0,34.0,0.8600919434943332
43,A*-GA,115.0,34.0,0.8593687301174741
43,A*-GA,117.0,34.0,0.8585327695574854
43,A*-GA,119.0,36.0,0.8575908117082314
43,A*-GA,121.0,36.0,0.856549303207287
43,A*-GA,123.0,36.0,0.8554143999682959
43,A*-GA,125.0,36.0,0.8541919792111794
43,A*-GA,127.0,36.0,0.8528876510100707
43,A*-GA,129.0,36.0,0.8515067693780624
43,A*-GA,131.0,38.0,0.8500544429071079
43,A*-GA,133.0,38.0,0.8485355449806932
43,A*-GA,135.0,40.0,0.8469547235761999
43,A*-GA,137.0,40.0,0.8453164106732174
43,A*-GA,139.0,40.0,0.8436248312834181
43,A*-GA,141.0,40.0,0.8418840121169988
43,A*-GA,143.0,40.0,0.8400977899000946
43,A*-GA,145.0,40.0,0.8382698193570096
43,A*-GA,147.0,42.0,0.8365223813373279
43,A*-GA,149.0,42.0,0.8348914728012166
43,A*-GA,151.0,44.0,0.8333719921849352
43,A*-GA,153.0,44.0,0.8319359329539414
43,A*-GA,155.0,46.0,0.8305721830381245
43,A*-GA,157.0,48.0,0.8292777254914768
43,A*-GA,159.0,50.0,0.8280496637140252
43,A*-GA,161.0,50.0,0.8268852167086712
43,A*-GA,163.0,50.0,0.825781714524349
43,A*-GA,165.0,54.0,0.8247365938781871
43,A*-GA,167.0,54.0,0.8237473939496495
43,A*-GA,169.0,54.0,0.822811752339907
43,A*-GA,171.0,54.0,0.8219274011899547
43,A*-GA,173.0,56.00000000000001,0.8210921634512441
43,A*-GA,175.0,57.99999999999999,0.8203039493028462
43,A*-GA,177.0,57.99999999999999,0.8195607527093922
43,A*-GA,179.0,57.99999999999999,0.8188606481142691
43,A*-GA,181.0,57.99999999999999,0.8182017872627595
43,A*-GA,183.0,57.99999999999999,0.8175900791190308
43,A*-GA,185.0,57.99999999999999,0.8169257225140878
43,A*-GA,187.0,60.0,0.8161727123247423
43,A*-GA,189.0,60.0,0.8153364168624982
43,A*-GA,191.0,60.0,0.8144219625947385
43,A*-GA,193.0,60.0,0.8134342441486777
43,A*-GA,195.0,60.0,0.8123779339143232
43,A*-GA,197.0,62.0,0.8112574912623202
43,A*-GA,199.0,62.0,0.810077171391926
43,A*-GA,201.0,62.0,0.8088302446266394
43,A*-GA,203.0,64.0,0.8074894217477933
43,A*-GA,205.0,64.0,0.8060607411267141
43,A*-GA,207.0,64.0,0.8045499653285032
43,A*-GA,209.0,66.0,0.8029625925751843
43,A*-GA,211.0,68.0,0.8013038677485208
43,A*-GA,213.0,70.0,0.7995787929507364
43,A*-GA,215.0,74.0,0.7977921376406581
43,A*-GA,217.0,74.0,0.7959485345405423
43,A*-GA,219.0,74.0,0.7940525683559636
43,A*-GA,221.0,76.0,0.792108354178587
43,A*-GA,223.0,78.0,0.7901195547742148
43,A*-GA,225.0,78.0,0.7880898280753549
43,A*-GA,227.0,80.0,0.786022740038816
43,A*-GA,229.0,80.0,0.7839216843273149
43,A*-GA,231.0,80.0,0.7817898896041008
43,A*-GA,233.0,80.0,0.7796304265325612
43,A*-GA,235.0,82.0,0.77744621449253
43,A*-GA,237.0,82.0,0.7752400280245528
43,A*-GA,239.0,82.0,0.7730145030129257
43,A*-GA,241.0,82.0,0.7707721426178934
43,A*-GA,243.0,82.0,0.7685153229669834
43,A*-GA,245.0,82.0,0.7662462987777985
43,A*-GA,247.0,82.0,0.7639672127173427
43,A*-GA,249.0,84.0,0.7616800993363945
43,A*-GA,251.0,84.0,0.7593868862667996
43,A*-GA,253.0,84.0,0.757089398863867
43,A*-GA,255.0,84.0,0.7547893646592388
43,A*-GA,257.0,84.0,0.7524884176317955
43,A*-GA,259.0,86.0,0.75018810230385
43,A*-GA,261.0,86.0,0.7478898776696066
43,A*-GA,263.0,86.0,0.7455951209625801
43,A*-GA,265.0,88.0,0.7433051312684077
43,A*-GA,267.0,88.0,0.7410211329892304
43,A*-GA,269.0,90.0,0.7387442791655783
43,A*-GA,271.0,92.0,0.736475654661459
43,A*-GA,273.0,96.0,0.7342162792181229
43,A*-GA,275.0,96.0,0.7319671103817613
43,A*-GA,277.0,96.0,0.729729046310187
43,A*-GA,279.0,96.0,0.7275029284633484
43,A*-GA,281.0,98.0,0.7252895441823319
43,A*-GA,283.0,98.0,0.7230896824736522
43,A*-GA,285.0,98.0,0.7209041825935276
43,A*-GA,287.0,100.0,0.7187336701656777
43,A*-GA,289.0,100.0,0.7165787266177118
43,A*-GA,291.0,100.0,0.7144398912397693
43,A*-GA,293.0,100.0,0.7123176631570294
43,A*-GA,295.0,100.0,0.7102125032195619
43,A*-GA,297.0,100.0,0.7081248358128442
43,A*-GA,299.0,100.0,0.7060550505921468
43,A*-GA,301.0,100.0,0.7040035041438542
43,A*-GA,303.0,100.0,0.7019705215766748
43,A*-GA,305.0,100.0,0.6999563980455693
43,A*-GA,307.0,100.0,0.697961400211117
43,A*-GA,309.0,100.0,0.6959857676369333
43,A*-GA,311.0,100.0,0.6940297141276462
43,A*-GA,313.0,100.0,0.6920934290098381
43,A*-GA,315.0,100.0,0.6901770783582676
43,A*-GA,317.0,100.0,0.6882808061695913
43,A*-GA,319.0,100.0,0.6864047354857171
43,A*-GA,321.0,100.0,0.6845489694688371
43,A*-GA,323.0,100.0,0.6827135924301055
43,A*-GA,325.0,100.0,0.6808986708138496
43,A*-GA,327.0,100.0,0.6791042541391262
43,A*-GA,329.0,100.0,0.6773303759003632
43,A*-GA,331.0,100.0,0.6755770544287572
43,A*-GA,333.0,100.0,0.6738442937160323
43,A*-GA,335.0,100.0,0.6721320842020988
43,A*-GA,337.0,100.0,0.6704404035280918
43,A*-GA,339.0,100.0,0.6687692172562079
43,A*-GA,341.0,100.0,0.667118479557705
43,A*-GA,343.0,100.0,0.6654881338703716
43,A*-GA,345.0,100.0,0.6638781135267235
43,A*-GA,347.0,100.0,0.6622883423541321
43,A*-GA,349.0,100.0,0.6607187352480434
43,A*-GA,351.0,100.0,0.6591691987193988
43,A*-GA,353.0,100.0,0.6576396314173238
43,A*-GA,355.0,100.0,0.6561299246281092
43,A*-GA,357.0,100.0,0.6546399627514669
43,A*-GA,359.0,100.0,0.6531696237550062
43,A*-GA,361.0,100.0,0.6517187796078334
43,A*-GA,363.0,100.0,0.6502872966941453
43,A*-GA,365.0,100.0,0.6488750362076514
43,A*-GA,367.0,100.0,0.6474818545276242
43,A*-GA,369.0,100.0,0.646107603577349
43,A*-GA,371.0,100.0,0.6447521311657065
43,A*-GA,373.0,100.0,0.6434152813126004
43,A*-GA,375.0,100.0,0.6420968945589065
43,A*-GA,377.0,100.0,0.6407968082615975
43,A*-GA,379.0,100.0,0.639514856874666
43,A*-GA,381.0,100.0,0.6382508722164508
43,A*-GA,383.0,100.0,0.6370046837239376
43,A*-GA,385.0,100.0,0.6357761186945903
43,A*-GA,387.0,100.0,0.6345650025162425
43,A*-GA,389.0,100.0,0.6333711588855574
43,A*-GA,391.0,100.0,0.6321944100155452
43,A*-GA,393.0,100.0,0.6310345768326063
43,A*-GA,395.0,100.0,0.6298914791635492
43,A*-GA,397.0,100.0,0.6287649359130156
43,A*-GA,399.0,100.0,0.6276547652317256
43,A*-GA,401.0,100.0,0.6265607846759387
43,A*-GA,403.0,100.0,0.6254828113585137
43,A*-GA,405.0,100.0,0.62442066209193
43,A*-GA,407.0,100.0,0.6233741535236229
43,A*-GA,409.0,100.0,0.6223431022639666
43,A*-GA,411.0,100.0,0.6213273250072288
43,A*-GA,413.0,100.0,0.620326638645805
43,A*-GA,415.0,100.0,0.6193408603780282
43,A*-GA,417.0,100.0,0.6183698078098401
43,A*-GA,419.0,100.0,0.6174132990505938
43,A*-GA,421.0,100.0,0.6164711528032509
43,A*-GA,423.0,100.0,0.6155431884492227
43,A*-GA,425.0,100.0,0.6146292261280961
43,A*-GA,427.0,100.0,0.6137290868124744
43,A*-GA,429.0,100.0,0.6128425923781526
43,A*-GA,431.0,100.0,0.6119695656698414
43,A*-GA,433.0,100.0,0.6111098305626386
43,A*-GA,435.0,100.0,0.6102632120194466
43,A*-GA,437.0,100.0,0.6094295361445198
43,A*-GA,439.0,100.0,0.6086086302333203
43,A*-GA,441.0,100.0,0.6078003228188545
43,A*-GA,443.0,100.0,0.607004443714653
43,A*-GA,445.0,100.0,0.6062208240545519
43,A*-GA,447.0,100.0,0.6054492963294257
43,A*-GA,449.0,100.0,0.6046896944210158
43,A*-GA,451.0,100.0,0.6039418536329929
43,A*-GA,453.0,100.0,0.6032056107193856
43,A*-GA,455.0,100.0,0.6024808039105016
43,A*-GA,457.0,100.0,0.6017672729364639
43,A*-GA,459.0,100.0,0.6010648590484764
43,A*-GA,461.0,100.0,0.6003734050379318
43,A*-GA,463.0,100.0,0.5996927552534682
44,EHCO,1.0,0.0,0.9779415837792922
44,EHCO,3.0,0.0,0.9777123444791707
44,EHCO,5.0,0.0,0.9774028538660054
44,EHCO,7.0,0.0,0.9770177296196213
44,EHCO,9.0,0.0,0.9765613839815678
44,EHCO,11.0,0.0,0.9760380322158585
44,EHCO,13.0,0.0,0.9754517007311635
44,EHCO,15.0,0.0,0.9748062348778433
44,EHCO,17.0,0.0,0.9741053064326903
44,EHCO,19.0,0.0,0.9733524207837322
44,EHCO,21.0,0.0,0.9725390918485678
44,EHCO,23.0,0.0,0.9715448379705556
44,EHCO,25.0,0.0,0.9703802689539098
44,EHCO,27.0,0.0,0.9690555203316149
44,EHCO,29.0,0.0,0.9675802729304819
44,EHCO,31.0,0.0,0.9659637716528126
44,EHCO,33.0,0.0,0.9642148435056669
44,EHCO,35.0,2.0,0.9623419149075051
44,EHCO,37.0,4.0,0.9603530283008106
44,EHCO,39.0,4.0,0.9582558580981647
44,EHCO,41.0,4.0,0.9560577259881704
44,EHCO,43.0,4.0,0.9537656156265779
44,EHCO,45.0,4.0,0.9513861867369676
44,EHCO,47.0,8.0,0.9489257886443865
44,EHCO,49.0,10.0,0.9463904732644134
44,EHCO,51.0,10.0,0.9437860075692409
44,EHCO,53.0,12.0,0.941117885551514
44,EHCO,55.0,12.0,0.9385233648035483
44,EHCO,57.0,12.0,0.9360435370182918
44,EHCO,59.0,14.000000000000002,0.9336737601594245
44,EHCO,61.0,14.000000000000002,0.9313798262954881
44,EHCO,63.0,14.000000000000002,0.9291493193200935
44,EHCO,65.0,14.000000000000002,0.9269801844271643
44,EHCO,67.0,16.0,0.9248704402564744
44,EHCO,69.0,18.0,0.9228181761307884
44,EHCO,71.0,18.0,0.9208215493994334
44,EHCO,73.0,20.0,0.9188787828841548
44,EHCO,75.0,22.0,0.9169881624232797
44,EHCO,77.0,22.0,0.9151480345103594
44,EHCO,79.0,22.0,0.9133568040236172
44,EHCO,81.0,24.0,0.9116129320426686
44,EHCO,83.0,24.0,0.9099149337491204
44,EHCO,85.0,26.0,0.9082456140394217
44,EHCO,87.0,26.0,0.9064840651815649
44,EHCO,89.0,26.0,0.9046365064840538
44,EHCO,91.0,26.0,0.902708870279532
44,EHCO,93.0,26.0,0.9007068138934088
44,EHCO,95.0,26.0,0.8986357311312128
44,EHCO,97.0,26.0,0.8965007633037474
44,EHCO,99.0,28.000000000000004,0.8943068098083714
44,EHCO,101.0,28.000000000000004,0.8920585382840063
44,EHCO,103.0,28.000000000000004,0.889760394356775
44,EHCO,105.0,30.0,0.8874166109925161
44,EHCO,107.0,32.0,0.8850312174717732
44,EHCO,109.0,32.0,0.8826080480022437
44,EHCO,111.0,32.0,0.8801507499830856
44,EHCO,113.0,32.0,0.8776627919349064
44,EHCO,115.0,32.0,0.8751474711087176
44,EHCO,117.0,34.0,0.8726079207866152
44,EHCO,119.0,34.0,0.8700471172864377
44,EHCO,121.0,36.0,0.8674678866821758
44,EHCO,123.0,40.0,0.8649934418073364
44,EHCO,125.0,40.0,0.8626594591110366
44,EHCO,127.0,42.0,0.86045994884649
44,EHCO,129.0,42.0,0.8583889908915128
44,EHCO,131.0,42.0,0.8564412439073781
44,EHCO,133.0,46.0,0.8546114106266227
44,EHCO,135.0,46.0,0.8528712957545965
44,EHCO,137.0,46.0,0.8512096051404082
44,EHCO,139.0,46.0,0.8496231461825868
44,EHCO,141.0,46.0,0.8481088528068785
44,EHCO,143.0,46.0,0.8466637804884443
44,EHCO,145.0,46.0,0.8452851014694904
44,EHCO,147.0,46.0,0.8439701001646671
44,EHCO,149.0,46.0,0.8427161687468638
44,EHCO,151.0,48.0,0.8415208029063254
44,EHCO,153.0,48.0,0.8403815977762863
44,EHCO,155.0,54.0,0.8392962440185902
44,EHCO,157.0,54.0,0.8382625240630149
44,EHCO,159.0,54.0,0.8372783084942746
44,EHCO,161.0,56.00000000000001,0.8363415525809005
44,EHCO,163.0,56.00000000000001,0.8354502929404353
44,EHCO,165.0,56.00000000000001,0.8346026443355921
44,EHCO,167.0,56.00000000000001,0.8338044795652393
44,EHCO,169.0,56.00000000000001,0.832954090271458
44,EHCO,171.0,56.00000000000001,0.8320149517939495
44,EHCO,173.0,56.00000000000001,0.8309925584003897
44,EHCO,175.0,57.99999999999999,0.8298921555532154
44,EHCO,177.0,57.99999999999999,0.8287187502200447
44,EHCO,179.0,57.99999999999999,0.8274771207705334
44,EHCO,181.0,57.99999999999999,0.8261718264760418
44,EHCO,183.0,62.0,0.8248072166278425
44,EHCO,185.0,62.0,0.8233874392889763
44,EHCO,187.0,62.0,0.8220344860306923
44,EHCO,189.0,62.0,0.8207846129257981
44,EHCO,191.0,64.0,0.8196332236359569
44,EHCO,193.0,64.0,0.8185527972795338
44,EHCO,195.0,64.0,0.8175326886319196
44,EHCO,197.0,68.0,0.8165703295203111
44,EHCO,199.0,68.0,0.8156632547519397
44,EHCO,201.0,68.0,0.8147659933547504
44,EHCO,203.0,68.0,0.813751731108023
44,EHCO,205.0,68.0,0.8126275679376976
44,EHCO,207.0,72.0,0.8114002837543454
44,EHCO,209.0,72.0,0.8100763516930191
44,EHCO,211.0,74.0,0.8086619508223748
44,EHCO,213.0,74.0,0.80716297834407
44,EHCO,215.0,74.0,0.8055850613026198
44,EHCO,217.0,74.0,0.8039335678250966
44,EHCO,219.0,76.0,0.8022136179092966
44,EHCO,221.0,76.0,0.8004300937782597
44,EHCO,223.0,78.0,0.79858764981833
44,EHCO,225.0,78.0,0.7966907221172611
44,EHCO,227.0,80.0,0.7947435376182256
44,EHCO,229.0,80.0,0.7927501229049586
44,EHCO,231.0,80.0,0.7907143126326686
44,EHCO,233.0,80.0,0.7886397576187697
44,EHCO,235.0,80.0,0.7865299326069374
44,EHCO,237.0,80.0,0.7843881437174548
44,EHCO,239.0,80.0,0.7822175355963098
44,EHCO,241.0,80.0,0.7800210982750063
44,EHCO,243.0,80.0,0.7778016737525868
44,EHCO,245.0,80.0,0.775561962310905
44,EHCO,247.0,80.0,0.7733045285737561
44,EHCO,249.0,80.0,0.7710318073200507
44,EHCO,251.0,80.0,0.7687461090608189
44,EHCO,253.0,80.0,0.7664496258958687
44,EHCO,255.0,82.0,0.7641444410728839
44,EHCO,257.0,82.0,0.7618325311041297
44,EHCO,259.0,82.0,0.7595158477496396
44,EHCO,261.0,82.0,0.7571963923181685
44,EHCO,263.0,84.0,0.7548758215399731
44,EHCO,265.0,86.0,0.7525557015662355
44,EHCO,267.0,86.0,0.7502375119453581
44,EHCO,269.0,86.0,0.7479226494362806
44,EHCO,271.0,88.0,0.7456124316653263
44,EHCO,273.0,88.0,0.7433081006328306
44,EHCO,275.0,88.0,0.741010826075557
44,EHCO,277.0,88.0,0.7387217086906656
44,EHCO,279.0,92.0,0.7364417832267762
44,EHCO,281.0,92.0,0.7341720214474445
44,EHCO,283.0,94.0,0.7319133349721619
44,EHCO,285.0,94.0,0.7296665779997853
44,EHCO,287.0,94.0,0.7274325499191121
44,EHCO,289.0,94.0,0.7252119978111257
44,EHCO,291.0,94.0,0.723005618847259
44,EHCO,293.0,94.0,0.7208140625878522
44,EHCO,295.0,94.0,0.7186379331848142
44,EHCO,297.0,96.0,0.7164777914923387
44,EHCO,299.0,96.0,0.7143341570893739
44,EHCO,301.0,96.0,0.7122075102173971
44,EHCO,303.0,98.0,0.7100982936369064
44,EHCO,305.0,100.0,0.708006914405902
44,EHCO,307.0,100.0,0.7059337455835091
44,EHCO,309.0,100.0,0.703879127861756
44,EHCO,311.0,100.0,0.7018433711284147
44,EHCO,313.0,100.0,0.6998267559636859
44,EHCO,315.0,100.0,0.6978295350734058
44,EHCO,317.0,100.0,0.6958519346613428
44,EHCO,319.0,100.0,0.6938941557430514
44,EHCO,321.0,100.0,0.6919563754036518
44,EHCO,323.0,100.0,0.6900387480018109
44,EHCO,325.0,100.0,0.6881414063221066
44,EHCO,327.0,100.0,0.6862644626778759
44,EHCO,329.0,100.0,0.6844080099665578
44,EHCO,331.0,100.0,0.6825721226794665
44,EHCO,333.0,100.0,0.6807568578678501
44,EHCO,335.0,100.0,0.6789622560670192
44,EHCO,337.0,100.0,0.6771883421802548
44,EHCO,339.0,100.0,0.6754351263241413
44,EHCO,341.0,100.0,0.6737026046368997
44,EHCO,343.0,100.0,0.6719907600512394
44,EHCO,345.0,100.0,0.6702995630331783
44,EHCO,347.0,100.0,0.6686289722882321
44,EHCO,349.0,100.0,0.6669789354363105
44,EHCO,351.0,100.0,0.6653493896566075
44,EHCO,353.0,100.0,0.6637402623037228
44,EHCO,355.0,100.0,0.6621514714961979
44,EHCO,357.0,100.0,0.6605829266786079
44,EHCO,359.0,100.0,0.6590345291583
44,EHCO,361.0,100.0,0.6575061726178294
44,EHCO,363.0,100.0,0.6559977436040978
44,EHCO,365.0,100.0,0.6545091219951635
44,EHCO,367.0,100.0,0.6530401814456493
44,EHCO,369.0,100.0,0.6515907898116391
44,EHCO,371.0,100.0,0.6501608095559185
44,EHCO,373.0,100.0,0.6487500981343797
44,EHCO,375.0,100.0,0.6473585083643789
44,EHCO,377.0,100.0,0.6459858887758
44,EHCO,379.0,100.0,0.6446320839455514
44,EHCO,381.0,100.0,0.6432969348161935
44,EHCO,383.0,100.0,0.6419802789993609
44,EHCO,385.0,100.0,0.6406819510646244
44,EHCO,387.0,100.0,0.639401782814406
44,EHCO,389.0,100.0,0.6381396035455368
44,EHCO,391.0,100.0,0.6368952402980268
44,EHCO,393.0,100.0,0.6356685180915866
44,EHCO,395.0,100.0,0.6344592601504256
44,EHCO,397.0,100.0,0.6332672881168248
44,EHCO,399.0,100.0,0.6320924222539667
44,EHCO,401.0,100.0,0.6309344816384801
44,EHCO,403.0,100.0,0.6297932843431442
44,EHCO,405.0,100.0,0.6286686476101739
44,EHCO,407.0,100.0,0.6275603880154951
44,EHCO,409.0,100.0,0.6264683216243968
44,EHCO,411.0,100.0,0.625392264138939
44,EHCO,413.0,100.0,0.6243320310374704
44,EHCO,415.0,100.0,0.623287437706603
44,EHCO,417.0,100.0,0.6222582995659736
44,EHCO,419.0,100.0,0.6212444321861073
44,EHCO,421.0,100.0,0.6202456513996885
44,EHCO,423.0,100.0,0.6192617734065294
44,EHCO,425.0,100.0,0.6182926148725161
44,EHCO,427.0,100.0,0.6173379930227985
44,EHCO,429.0,100.0,0.616397725729483
44,EHCO,431.0,100.0,0.6154716315940731
44,EHCO,433.0,100.0,0.6145595300248925
44,EHCO,435.0,100.0,0.613661241309719
44,EHCO,437.0,100.0,0.6127765866838459
44,EHCO,439.0,100.0,0.6119053883937771
44,EHCO,441.0,100.0,0.6110474697567566
44,EHCO,443.0,100.0,0.6102026552163238
44,EHCO,445.0,100.0,0.6093707703940756
44,EHCO,447.0,100.0,0.6085516421378133
44,EHCO,449.0,100.0,0.6077450985662401
44,EHCO,451.0,100.0,0.6069509691103716
44,EHCO,453.0,100.0,0.6061690845518131
44,EHCO,455.0,100.0,0.6053992770580517
44,EHCO,457.0,100.0,0.604641380214906
44,EHCO,459.0,100.0,0.6038952290562654
44,EHCO,461.0,100.0,0.6031606600912537
44,EHCO,463.0,100.0,0.6024375113289385
44,EHCO,465.0,100.0,0.6017256223007059
44,EHCO,467.0,100.0,0.6010248340804153
44,EHCO,469.0,100.0,0.6003349893024436
44,A*-GA,1.0,0.0,0.9779415837792922
44,A*-GA,3.0,0.0,0.9777005125007676
44,A*-GA,5.0,0.0,0.9772436832501014
44,A*-GA,7.0,0.0,0.9765832770048607
44,A*-GA,9.0,0.0,0.9757309354515049
44,A*-GA,11.0,0.0,0.9746977831570751
44,A*-GA,13.0,0.0,0.9734944488543106
44,A*-GA,15.0,0.0,0.9721310858752478
44,A*-GA,17.0,0.0,0.9706173917669811
44,A*-GA,19.0,0.0,0.9689626271219365
44,A*-GA,21.0,0.0,0.9671756336537365
44,A*-GA,23.0,0.0,0.9652648515485115
44,A*-GA,25.0,0.0,0.9632383361203366
44,A*-GA,27.0,0.0,0.9611037737983438
44,A*-GA,29.0,0.0,0.9588684974719754
44,A*-GA,31.0,0.0,0.9565395012198005
44,A*-GA,33.0,0.0,0.9541234544463157
44,A*-GA,35.0,2.0,0.9516267154501916
44,A*-GA,37.0,2.0,0.9491897311016702
44,A*-GA,39.0,2.0,0.9468549975177518
44,A*-GA,41.0,4.0,0.9446184299604543
44,A*-GA,43.0,4.0,0.9424440710329938
44,A*-GA,45.0,4.0,0.940319425816781
44,A*-GA,47.0,6.0,0.9382431265959291
44,A*-GA,49.0,6.0,0.9362138496811765
44,A*-GA,51.0,8.0,0.9342303138418776
44,A*-GA,53.0,8.0,0.9322912787968765
44,A*-GA,55.0,10.0,0.9303955437619955
44,A*-GA,57.0,10.0,0.9285419460519628
44,A*-GA,59.0,12.0,0.9267293597346826
44,A*-GA,61.0,12.0,0.9249566943358372
44,A*-GA,63.0,12.0,0.9232228935918876
44,A*-GA,65.0,12.0,0.921526934249614
44,A*-GA,67.0,12.0,0.9198678249104081
44,A*-GA,69.0,14.000000000000002,0.918230005432432
44,A*-GA,71.0,18.0,0.9164917919673163
44,A*-GA,73.0,18.0,0.9146598386562865
44,A*-GA,75.0,20.0,0.9127404937133342
44,A*-GA,77.0,22.0,0.9107398121685888
44,A*-GA,79.0,22.0,0.9086635680995073
44,A*-GA,81.0,22.0,0.9065172663701778
44,A*-GA,83.0,22.0,0.9043061538982309
44,A*-GA,85.0,22.0,0.9020352304680882
44,A*-GA,87.0,22.0,0.8997092591085377
44,A*-GA,89.0,22.0,0.8973327760519167
44,A*-GA,91.0,22.0,0.8949101002915023
44,A*-GA,93.0,24.0,0.892445342753055
44,A*-GA,95.0,24.0,0.8899424150958326
44,A*-GA,97.0,24.0,0.8874050381577882
44,A*-GA,99.0,24.0,0.884836750059083
44,A*-GA,101.0,26.0,0.8823642764235573
44,A*-GA,103.0,26.0,0.8800246783883566
44,A*-GA,105.0,28.000000000000004,0.8778123468008142
44,A*-GA,107.0,28.000000000000004,0.8756987859731125
44,A*-GA,109.0,28.000000000000004,0.8736724124106106
44,A*-GA,111.0,28.000000000000004,0.8717297547921601
44,A*-GA,113.0,30.0,0.8698674785391531
44,A*-GA,115.0,30.0,0.8680823804449166
44,A*-GA,117.0,30.0,0.8663713835148631
44,A*-GA,119.0,30.0,0.8647315320091292
44,A*-GA,121.0,30.0,0.8631599866797579
44,A*-GA,123.0,32.0,0.8616617031637939
44,A*-GA,125.0,32.0,0.8601323872212695
44,A*-GA,127.0,34.0,0.8585342249769389
44,A*-GA,129.0,34.0,0.8568720411706789
44,A*-GA,131.0,36.0,0.8551504361636282
44,A*-GA,133.0,36.0,0.8533737953207549
44,A*-GA,135.0,36.0,0.8515462980157595
44,A*-GA,137.0,36.0,0.8496719262732843
44,A*-GA,139.0,38.0,0.8477544730628146
44,A*-GA,141.0,38.0,0.8457975502580896
44,A*-GA,143.0,38.0,0.8438045962752955
44,A*-GA,145.0,38.0,0.8417788834027896
44,A*-GA,147.0,38.0,0.8397235248346031
44,A*-GA,149.0,40.0,0.8376414814194872
44,A*-GA,151.0,40.0,0.835535568136802
44,A*-GA,153.0,40.0,0.8334084603101022
44,A*-GA,155.0,40.0,0.8312626995688486
44,A*-GA,157.0,42.0,0.8291397616309372
44,A*-GA,159.0,42.0,0.827155166211214
44,A*-GA,161.0,42.0,0.8253029613068321
44,A*-GA,163.0,44.0,0.8235695815249934
44,A*-GA,165.0,46.0,0.8219269390153918
44,A*-GA,167.0,48.0,0.8203712191660947
44,A*-GA,169.0,50.0,0.818898759829329
44,A*-GA,171.0,50.0,0.8175060453092103
44,A*-GA,173.0,52.0,0.8161897005856743
44,A*-GA,175.0,54.0,0.814946485765344
44,A*-GA,177.0,56.00000000000001,0.8137732907504236
44,A*-GA,179.0,56.00000000000001,0.8126671301170642
44,A*-GA,181.0,56.00000000000001,0.8116251381949786
44,A*-GA,183.0,56.00000000000001,0.8106445643404074
44,A*-GA,185.0,56.00000000000001,0.8097227683948472
44,A*-GA,187.0,56.00000000000001,0.8088648992912539
44,A*-GA,189.0,56.00000000000001,0.8079728088217066
44,A*-GA,191.0,56.00000000000001,0.807010409052536
44,A*-GA,193.0,56.00000000000001,0.8059821931136915
44,A*-GA,195.0,56.00000000000001,0.8048924491950261
44,A*-GA,197.0,56.00000000000001,0.803745269060018
44,A*-GA,199.0,57.99999999999999,0.8025445562176675
44,A*-GA,201.0,57.99999999999999,0.8012832445689861
44,A*-GA,203.0,60.0,0.7999337231173249
44,A*-GA,205.0,60.0,0.7985017225021195
44,A*-GA,207.0,60.0,0.7969927110281305
44,A*-GA,209.0,60.0,0.7954119055769753
44,A*-GA,211.0,60.0,0.7937642820803541
44,A*-GA,213.0,62.0,0.7920545855723299
44,A*-GA,215.0,62.0,0.7902874260157845
44,A*-GA,217.0,62.0,0.7884673669452846
44,A*-GA,219.0,64.0,0.7865985037960468
44,A*-GA,221.0,64.0,0.7846844811212628
44,A*-GA,223.0,64.0,0.7827289400169073
44,A*-GA,225.0,64.0,0.7807354309144149
44,A*-GA,227.0,66.0,0.7787073332000956
44,A*-GA,229.0,68.0,0.7766478624501861
44,A*-GA,231.0,70.0,0.7745600773733944
44,A*-GA,233.0,70.0,0.7724468864725555
44,A*-GA,235.0,70.0,0.7703110544365599
44,A*-GA,237.0,72.0,0.7681552082732727
44,A*-GA,239.0,72.0,0.7659818431937431
44,A*-GA,241.0,72.0,0.763793328814861
44,A*-GA,243.0,72.0,0.7615919190471888
44,A*-GA,245.0,72.0,0.7593797542302481
44,A*-GA,247.0,74.0,0.757158863723308
44,A*-GA,249.0,76.0,0.7549311707056395
44,A*-GA,251.0,78.0,0.7526984967810755
44,A*-GA,253.0,80.0,0.7504625663946762
44,A*-GA,255.0,80.0,0.7482250110689931
44,A*-GA,257.0,80.0,0.7459873734671223
44,A*-GA,259.0,80.0,0.7437511112894629
44,A*-GA,261.0,80.0,0.7415176010108152
44,A*-GA,263.0,80.0,0.7392881414641945
44,A*-GA,265.0,80.0,0.7370639572774873
44,A*-GA,267.0,82.0,0.7348462021688265
44,A*-GA,269.0,82.0,0.7326359621063387
44,A*-GA,271.0,82.0,0.7304342583376884
44,A*-GA,273.0,82.0,0.7282420502946284
44,A*-GA,275.0,82.0,0.7260602383775643
44,A*-GA,277.0,84.0,0.7238896666249368
44,A*-GA,279.0,84.0,0.7217311252720423
44,A*-GA,281.0,84.0,0.7195853532037213
44,A*-GA,283.0,84.0,0.7174530403051776
44,A*-GA,285.0,84.0,0.7153348297150152
44,A*-GA,287.0,84.0,0.7132313199844205
44,A*-GA,289.0,84.0,0.7111430671462653
44,A*-GA,291.0,84.0,0.7090705866977494
44,A*-GA,293.0,84.0,0.7070143555000638
44,A*-GA,295.0,90.0,0.7049748135984163
44,A*-GA,297.0,90.0,0.7029523659656273
44,A*-GA,299.0,90.0,0.7009473841723772
44,A*-GA,301.0,92.0,0.6989602079870656
44,A*-GA,303.0,94.0,0.6969911469081218
44,A*-GA,305.0,96.0,0.6950404816314997
44,A*-GA,307.0,96.0,0.6931084654559724
44,A*-GA,309.0,98.0,0.6911953256287474
44,A*-GA,311.0,98.0,0.6893012646338172
44,A*-GA,313.0,98.0,0.6874264614253645
44,A*-GA,315.0,98.0,0.6855710726084524
44,A*-GA,317.0,98.0,0.6837352335691389
44,A*-GA,319.0,98.0,0.6819190595560678
44,A*-GA,321.0,98.0,0.6801226467155124
44,A*-GA,323.0,98.0,0.6783460730817626
44,A*-GA,325.0,98.0,0.6765893995246772
44,A*-GA,327.0,98.0,0.6748526706561455
44,A*-GA,329.0,98.0,0.6731359389068472
44,A*-GA,331.0,98.0,0.6714392848338171
44,A*-GA,333.0,100.0,0.6697627020876555
44,A*-GA,335.0,100.0,0.6681061716544009
44,A*-GA,337.0,100.0,0.6664696625658015
44,A*-GA,339.0,100.0,0.6648531325781959
44,A*-GA,341.0,100.0,0.6632565288212913
44,A*-GA,343.0,100.0,0.6616797884180775
44,A*-GA,345.0,100.0,0.6601228390770675
44,A*-GA,347.0,100.0,0.6585855996580022
44,A*-GA,349.0,100.0,0.6570679807121186
44,A*-GA,351.0,100.0,0.6555698849980294
44,A*-GA,353.0,100.0,0.6540912079742278
44,A*-GA,355.0,100.0,0.6526318382691814
44,A*-GA,357.0,100.0,0.651191658129949
44,A*-GA,359.0,100.0,0.6497705438502124
44,A*-GA,361.0,100.0,0.6483683661785786
44,A*-GA,363.0,100.0,0.6469849907079774
44,A*-GA,365.0,100.0,0.6456202782469402
44,A*-GA,367.0,100.0,0.644274085173522
44,A*-GA,369.0,100.0,0.6429462637725907
44,A*-GA,371.0,100.0,0.6416366625571821
44,A*-GA,373.0,100.0,0.6403451265745916
44,A*-GA,375.0,100.0,0.6390714976978437
44,A*-GA,377.0,100.0,0.6378156149031571
44,A*-GA,379.0,100.0,0.6365773145339975
44,A*-GA,381.0,100.0,0.6353564305522847
44,A*-GA,383.0,100.0,0.6341527947773009
44,A*-GA,385.0,100.0,0.632966237112821
44,A*-GA,387.0,100.0,0.6317965857629686
44,A*-GA,389.0,100.0,0.6306436674372785
44,A*-GA,391.0,100.0,0.6295073075454264
44,A*-GA,393.0,100.0,0.6283873303820704
44,A*-GA,395.0,100.0,0.6272835593022292
44,A*-GA,397.0,100.0,0.6261958168876037
44,A*-GA,399.0,100.0,0.6251239251042352
44,A*-GA,401.0,100.0,0.6240677054518727
44,A*-GA,403.0,100.0,0.6230269791054128
44,A*-GA,405.0,100.0,0.6220015670487538
44,A*-GA,407.0,100.0,0.6209912902013979
44,A*-GA,409.0,100.0,0.6199959695381182
44,A*-GA,411.0,100.0,0.6190154262019942
44,A*-GA,413.0,100.0,0.6180494816111095
44,A*-GA,415.0,100.0,0.6170979575591913
44,A*-GA,417.0,100.0,0.616160676310459
44,A*-GA,419.0,100.0,0.6152374606889418
44,A*-GA,421.0,100.0,0.6143281341625103
44,A*-GA,423.0,100.0,0.6134325209218602
44,A*-GA,425.0,100.0,0.6125504459546738
44,A*-GA,427.0,100.0,0.6116817351151783
44,A*-GA,429.0,100.0,0.610826215189309
44,A*-GA,431.0,100.0,0.6099837139556762
44,A*-GA,433.0,100.0,0.6091540602425296
44,A*-GA,435.0,100.0,0.608337083980903
44,A*-GA,437.0,100.0,0.6075326162541141
44,A*-GA,439.0,100.0,0.6067404893437892
44,A*-GA,441.0,100.0,0.6059605367725762
44,A*-GA,443.0,100.0,0.6051925933436967
44,A*-GA,445.0,100.0,0.6044364951774899
44,A*-GA,447.0,100.0,0.6036920797450872
44,A*-GA,449.0,100.0,0.6029591858993564
44,A*-GA,451.0,100.0,0.6022376539032431
44,A*-GA,453.0,100.0,0.6015273254556379
44,A*-GA,455.0,100.0,0.6008280437148844
44,A*-GA,457.0,100.0,0.600139653320048
45,EHCO,1.0,0.0,0.8609863449239037
45,EHCO,3.0,0.0,0.865345234997422
45,EHCO,5.0,0.0,0.8694438824094517
45,EHCO,7.0,0.0,0.8732939658624866
45,EHCO,9.0,0.0,0.876906681618314
45,EHCO,11.0,0.0,0.8802927628255006
45,EHCO,13.0,0.0,0.8834624980820323
45,EHCO,15.0,0.0,0.8864257492632183
45,EHCO,17.0,0.0,0.8891801366653903
45,EHCO,19.0,0.0,0.8916110447261083
45,EHCO,21.0,0.0,0.8937347184976769
45,EHCO,23.0,0.0,0.8955667069830123
45,EHCO,25.0,0.0,0.8971218914127208
45,EHCO,27.0,0.0,0.8984145123968206
45,EHCO,29.0,0.0,0.8994581959955203
45,EHCO,31.0,0.0,0.9002659787517198
45,EHCO,33.0,0.0,0.900850331726221
45,EHCO,35.0,0.0,0.9012231835750265
45,EHCO,37.0,0.0,0.9013959427065495
45,EHCO,39.0,0.0,0.901379518555078
45,EHCO,41.0,2.0,0.9011843420053987
45,EHCO,43.0,2.0,0.9008203850021195
45,EHCO,45.0,2.0,0.9002971793759061
45,EHCO,47.0,2.0,0.8996238349175799
45,EHCO,49.0,2.0,0.8988537317456585
45,EHCO,51.0,2.0,0.8981245033936455
45,EHCO,53.0,6.0,0.8974345120575183
45,EHCO,55.0,10.0,0.896771820711845
45,EHCO,57.0,10.0,0.8961051157517249
45,EHCO,59.0,12.0,0.8954350450250519
45,EHCO,61.0,14.000000000000002,0.8947622228592729
45,EHCO,63.0,16.0,0.8940872315103603
45,EHCO,65.0,16.0,0.8934106225527274
45,EHCO,67.0,16.0,0.892732918212439
45,EHCO,69.0,16.0,0.89205461264598
45,EHCO,71.0,18.0,0.8913761731667503
45,EHCO,73.0,18.0,0.8906980414213752
45,EHCO,75.0,18.0,0.8900206345178294
45,EHCO,77.0,18.0,0.8893443461073032
45,EHCO,79.0,18.0,0.8886695474216557
45,EHCO,81.0,18.0,0.8879965882682326
45,EHCO,83.0,18.0,0.8873354695187748
45,EHCO,85.0,18.0,0.8865830856220646
45,EHCO,87.0,18.0,0.8857019865441947
45,EHCO,89.0,20.0,0.8846998314425173
45,EHCO,91.0,22.0,0.883583935872908
45,EHCO,93.0,22.0,0.8823612859821278
45,EHCO,95.0,22.0,0.881038552131638
45,EHCO,97.0,26.0,0.8796221019753641
45,EHCO,99.0,28.000000000000004,0.8781180130130275
45,EHCO,101.0,28.000000000000004,0.8765320846398009
45,EHCO,103.0,28.000000000000004,0.8749120836071675
45,EHCO,105.0,30.0,0.8733856070249914
45,EHCO,107.0,30.0,0.8719487383059574
45,EHCO,109.0,32.0,0.8705897144864098
45,EHCO,111.0,32.0,0.8692818904490026
45,EHCO,113.0,34.0,0.8680232869444447
45,EHCO,115.0,34.0,0.8668120018845692
45,EHCO,117.0,38.0,0.8656462073233252
45,EHCO,119.0,40.0,0.864524146556073
45,EHCO,121.0,40.0,0.8634441313325423
45,EHCO,123.0,44.0,0.8624045391789977
45,EHCO,125.0,46.0,0.8614038108253294
45,EHCO,127.0,48.0,0.8604404477329547
45,EHCO,129.0,48.0,0.8595130097195779
45,EHCO,131.0,50.0,0.8586201126770097
45,EHCO,133.0,50.0,0.8577604263783997
45,EHCO,135.0,50.0,0.8569326723713734
45,EHCO,137.0,50.0,0.8561164827989372
45,EHCO,139.0,50.0,0.8551947166956624
45,EHCO,141.0,50.0,0.8541737844186014
45,EHCO,143.0,50.0,0.8530598073509917
45,EHCO,145.0,50.0,0.8518586298584071
45,EHCO,147.0,50.0,0.8505758307656265
45,EHCO,149.0,52.0,0.8492167343731938
45,EHCO,151.0,52.0,0.8477864210318916
45,EHCO,153.0,52.0,0.8462897372926372
45,EHCO,155.0,52.0,0.8447313056486163
45,EHCO,157.0,54.0,0.8431155338858107
45,EHCO,159.0,54.0,0.8414466240574372
45,EHCO,161.0,54.0,0.8397285810972055
45,EHCO,163.0,54.0,0.8379652210857146
45,EHCO,165.0,57.99999999999999,0.8361601791837434
45,EHCO,167.0,60.0,0.8343169172456488
45,EHCO,169.0,62.0,0.8324387311255634
45,EHCO,171.0,64.0,0.8305287576885857
45,EHCO,173.0,64.0,0.8286293194189007
45,EHCO,175.0,64.0,0.8268572742130571
45,EHCO,177.0,64.0,0.8252071237189303
45,EHCO,179.0,66.0,0.8236657381314604
45,EHCO,181.0,68.0,0.8222054478366463
45,EHCO,183.0,68.0,0.8208228397910314
45,EHCO,185.0,68.0,0.8195146374042429
45,EHCO,187.0,68.0,0.8182776951576789
45,EHCO,189.0,68.0,0.8171089934346139
45,EHCO,191.0,68.0,0.8160056335534287
45,EHCO,193.0,68.0,0.814964832995991
45,EHCO,195.0,70.0,0.8139839208235276
45,EHCO,197.0,70.0,0.8130433565346884
45,EHCO,199.0,70.0,0.8120318439691524
45,EHCO,201.0,70.0,0.8109431541190225
45,EHCO,203.0,70.0,0.8097504776963885
45,EHCO,205.0,70.0,0.8084603130971544
45,EHCO,207.0,70.0,0.8070788638035629
45,EHCO,209.0,70.0,0.8056120506144563
45,EHCO,211.0,72.0,0.804065523384824
45,EHCO,213.0,72.0,0.8024446722940671
45,EHCO,215.0,72.0,0.8007546386616472
45,EHCO,217.0,72.0,0.799000325328048
45,EHCO,219.0,72.0,0.7971864066182767
45,EHCO,221.0,74.0,0.7953173379044486
45,EHCO,223.0,74.0,0.7933973647833505
45,EHCO,225.0,76.0,0.79143053188425
45,EHCO,227.0,76.0,0.7894206913216164
45,EHCO,229.0,76.0,0.7873715108068411
45,EHCO,231.0,78.0,0.785286567610931
45,EHCO,233.0,78.0,0.7831694354173832
45,EHCO,235.0,82.0,0.7810232609320278
45,EHCO,237.0,82.0,0.7788510362773278
45,EHCO,239.0,82.0,0.776655605571331
45,EHCO,241.0,82.0,0.7744396712400231
45,EHCO,243.0,82.0,0.7722058000736836
45,EHCO,245.0,82.0,0.7699564290374222
45,EHCO,247.0,82.0,0.7676938708456787
45,EHCO,249.0,84.0,0.7654203193100775
45,EHCO,251.0,84.0,0.76313785446966
45,EHCO,253.0,84.0,0.7608484475121626
45,EHCO,255.0,84.0,0.7585539654946631
45,EHCO,257.0,84.0,0.756256175871592
45,EHCO,259.0,84.0,0.7539567508377893
45,EHCO,261.0,86.0,0.7516572714939838
45,EHCO,263.0,88.0,0.7493592318417777
45,EHCO,265.0,88.0,0.7470640426149465
45,EHCO,267.0,88.0,0.7447730349535859
45,EHCO,269.0,88.0,0.7424874639273876
45,EHCO,271.0,88.0,0.7402085119140718
45,EHCO,273.0,88.0,0.7379372918387687
45,EHCO,275.0,90.0,0.7356748502799129
45,EHCO,277.0,90.0,0.7334221704469903
45,EHCO,279.0,90.0,0.7311801750352734
45,EHCO,281.0,94.0,0.7289497289624672
45,EHCO,283.0,94.0,0.7267316419920052
45,EHCO,285.0,94.0,0.7245266712475369
45,EHCO,287.0,94.0,0.7223355236229746
45,EHCO,289.0,94.0,0.7201588580922924
45,EHCO,291.0,94.0,0.7179972879231046
45,EHCO,293.0,94.0,0.7158513827978891
45,EHCO,295.0,94.0,0.7137216708465733
45,EHCO,297.0,96.0,0.711608640594046
45,EHCO,299.0,96.0,0.7095127428260231
45,EHCO,301.0,96.0,0.7074343923765556
45,EHCO,303.0,96.0,0.7053739698403408
45,EHCO,305.0,96.0,0.703331823212868
45,EHCO,307.0,96.0,0.7013082694613142
45,EHCO,309.0,96.0,0.6993035960289868
45,EHCO,311.0,98.0,0.6973180622760006
45,EHCO,313.0,98.0,0.6953519008587682
45,EHCO,315.0,98.0,0.693405319050782
45,EHCO,317.0,98.0,0.6914785000070663
45,EHCO,319.0,98.0,0.689571603974585
45,EHCO,321.0,98.0,0.687684769450796
45,EHCO,323.0,98.0,0.6858181142924628
45,EHCO,325.0,98.0,0.6839717367767412
45,EHCO,327.0,98.0,0.6821457166164859
45,EHCO,329.0,98.0,0.6803401159316416
45,EHCO,331.0,98.0,0.6785549801785068
45,EHCO,333.0,98.0,0.6767903390385925
45,EHCO,335.0,98.0,0.6750462072687233
45,EHCO,337.0,98.0,0.6733225855139674
45,EHCO,339.0,98.0,0.6716194610849157
45,EHCO,341.0,98.0,0.6699368087007725
45,EHCO,343.0,100.0,0.6682745911996579
45,EHCO,345.0,100.0,0.6666327602174694
45,EHCO,347.0,100.0,0.6650112568365956
45,EHCO,349.0,100.0,0.6634100122057222
45,EHCO,351.0,100.0,0.6618289481319215
45,EHCO,353.0,100.0,0.660267977646169
45,EHCO,355.0,100.0,0.6587270055433854
45,EHCO,357.0,100.0,0.6572059288980571
45,EHCO,359.0,100.0,0.6557046375564464
45,EHCO,361.0,100.0,0.6542230146063638
45,EHCO,363.0,100.0,0.6527609368254323
45,EHCO,365.0,100.0,0.6513182751087414
45,EHCO,367.0,100.0,0.6498948948767443
45,EHCO,369.0,100.0,0.6484906564642294
45,EHCO,371.0,100.0,0.6471054154911503
45,EHCO,373.0,100.0,0.6457390232160781
45,EHCO,375.0,100.0,0.6443913268730025
45,EHCO,377.0,100.0,0.6430621699921811
45,EHCO,379.0,100.0,0.6417513927057089
45,EHCO,381.0,100.0,0.6404588320384508
45,EHCO,383.0,100.0,0.6391843221849556
45,EHCO,385.0,100.0,0.6379276947729449
45,EHCO,387.0,100.0,0.6366887791139452
45,EHCO,389.0,100.0,0.6354674024416094
45,EHCO,391.0,100.0,0.6342633901382523
45,EHCO,393.0,100.0,0.6330765659501015
45,EHCO,395.0,100.0,0.6319067521917467
45,EHCO,397.0,100.0,0.6307537699402515
45,EHCO,399.0,100.0,0.6296174392193673
45,EHCO,401.0,100.0,0.6284975791742818
45,EHCO,403.0,100.0,0.6273940082373033
45,EHCO,405.0,100.0,0.6263065442848792
45,EHCO,407.0,100.0,0.6252350047863197
45,EHCO,409.0,100.0,0.6241792069445901
45,EHCO,411.0,100.0,0.6231389678295173
45,EHCO,413.0,100.0,0.6221141045037404
45,EHCO,415.0,100.0,0.6211044341417259
45,EHCO,417.0,100.0,0.6201097741421506
45,EHCO,419.0,100.0,0.6191299422339471
45,EHCO,421.0,100.0,0.6181647565762889
45,EHCO,423.0,100.0,0.6172140358527882
45,EHCO,425.0,100.0,0.6162775993601616
45,EHCO,427.0,100.0,0.6153552670916123
45,EHCO,429.0,100.0,0.6144468598151644
45,EHCO,431.0,100.0,0.6135521991471797
45,EHCO,433.0,100.0,0.6126711076212711
45,EHCO,435.0,100.0,0.6118034087528244
45,EHCO,437.0,100.0,0.6109489270993276
45,EHCO,439.0,100.0,0.6101074883166997
45,EHCO,441.0,100.0,0.6092789192118027
45,EHCO,443.0,100.0,0.6084630477913137
45,EHCO,445.0,100.0,0.6076597033071257
45,EHCO,447.0,100.0,0.6068687162984389
45,EHCO,449.0,100.0,0.6060899186306974
45,EHCO,451.0,100.0,0.6053231435315204
45,EHCO,453.0,100.0,0.6045682256237701
45,EHCO,455.0,100.0,0.6038250009558926
45,EHCO,457.0,100.0,0.6030933070296616
45,EHCO,459.0,100.0,0.6023729828254513
45,EHCO,461.0,100.0,0.6016638688251584
45,EHCO,463.0,100.0,0.6009658070328865
45,EHCO,465.0,100.0,0.6002786409935031
45,A*-GA,1.0,0.0,0.8609863449239037
45,A*-GA,3.0,0.0,0.865345234997422
45,A*-GA,5.0,0.0,0.8694438824094517
45,A*-GA,7.0,0.0,0.8732939658624866
45,A*-GA,9.0,0.0,0.876906681618314
45,A*-GA,11.0,0.0,0.8802927628255006
45,A*-GA,13.0,0.0,0.8834624980820323
45,A*-GA,15.0,0.0,0.8864257492632183
45,A*-GA,17.0,0.0,0.8892034771207226
45,A*-GA,19.0,0.0,0.8917011716819422
45,A*-GA,21.0,0.0,0.8938878929156974
45,A*-GA,23.0,0.0,0.8957793550023299
45,A*-GA,25.0,0.0,0.8973905975642881
45,A*-GA,27.0,0.0,0.8987360130890988
45,A*-GA,29.0,0.0,0.8998293732606715
45,A*-GA,31.0,0.0,0.9006838542420214
45,A*-GA,33.0,0.0,0.9013120609508066
45,A*-GA,35.0,0.0,0.9017260503674447
45,A*-GA,37.0,0.0,0.9019373539140086
45,A*-GA,39.0,0.0,0.9019569989406021
45,A*-GA,41.0,0.0,0.9017955293544678
45,A*-GA,43.0,0.0,0.9014630254256982
45,A*-GA,45.0,0.0,0.9010143466835461
45,A*-GA,47.0,0.0,0.9005895920352018
45,A*-GA,49.0,0.0,0.90018783661988
45,A*-GA,51.0,4.0,0.8997972969850626
45,A*-GA,53.0,6.0,0.8993857950047829
45,A*-GA,55.0,6.0,0.8989547470936967
45,A*-GA,57.0,10.0,0.8985055042817597
45,A*-GA,59.0,10.0,0.8980393549415501
45,A*-GA,61.0,10.0,0.8975575274059167
45,A*-GA,63.0,14.000000000000002,0.8970611924802986
45,A*-GA,65.0,16.0,0.8965514658538929
45,A*-GA,67.0,16.0,0.896029410413681
45,A*-GA,69.0,18.0,0.8954960384651666
45,A*-GA,71.0,20.0,0.8949523138635268
45,A*-GA,73.0,22.0,0.8943991540587314
45,A*-GA,75.0,22.0,0.893837432058045
45,A*-GA,77.0,22.0,0.8932679783091935
45,A*-GA,79.0,22.0,0.8926769969979941
45,A*-GA,81.0,22.0,0.8919444711834361
45,A*-GA,83.0,22.0,0.8910786707092482
45,A*-GA,85.0,22.0,0.8900874960855059
45,A*-GA,87.0,24.0,0.8889784937198001
45,A*-GA,89.0,24.0,0.8877588705386217
45,A*-GA,91.0,24.0,0.8865646676396233
45,A*-GA,93.0,24.0,0.8854378218484735
45,A*-GA,95.0,26.0,0.8843754641459933
45,A*-GA,97.0,26.0,0.8833478625300052
45,A*-GA,99.0,26.0,0.8823449573623392
45,A*-GA,101.0,26.0,0.8813660322775521
45,A*-GA,103.0,26.0,0.8804103948400867
45,A*-GA,105.0,26.0,0.8794773756744817
45,A*-GA,107.0,26.0,0.8785663276285615
45,A*-GA,109.0,28.000000000000004,0.8776766249683331
45,A*-GA,111.0,28.000000000000004,0.8768076626033661
45,A*-GA,113.0,30.0,0.8759588553414738
45,A*-GA,115.0,30.0,0.8751296371715681
45,A*-GA,117.0,32.0,0.874319460573599
45,A*-GA,119.0,32.0,0.8735365550918485
45,A*-GA,121.0,32.0,0.8726770692521786
45,A*-GA,123.0,34.0,0.8717036999923294
45,A*-GA,125.0,36.0,0.870623348921468
45,A*-GA,127.0,36.0,0.8694426066698283
45,A*-GA,129.0,36.0,0.8681677657532969
45,A*-GA,131.0,38.0,0.8668048329223336
45,A*-GA,133.0,38.0,0.8653595410156362
45,A*-GA,135.0,40.0,0.8638373603381596
45,A*-GA,137.0,40.0,0.8622435095823224
45,A*-GA,139.0,40.0,0.8605829663104948
45,A*-GA,141.0,40.0,0.8588604770161495
45,A*-GA,143.0,40.0,0.8570805667803705
45,A*-GA,145.0,40.0,0.8552475485397588
45,A*-GA,147.0,40.0,0.8533655319811421
45,A*-GA,149.0,40.0,0.8514790338476419
45,A*-GA,151.0,40.0,0.849709424264772
45,A*-GA,153.0,42.0,0.8480517274318177
45,A*-GA,155.0,44.0,0.8464933143749895
45,A*-GA,157.0,46.0,0.8450069954569821
45,A*-GA,159.0,46.0,0.8435898175879157
45,A*-GA,161.0,46.0,0.8422389449065706
45,A*-GA,163.0,48.0,0.8409516541662876
45,A*-GA,165.0,48.0,0.8397330132710497
45,A*-GA,167.0,50.0,0.8384812485488343
45,A*-GA,169.0,50.0,0.837159276181106
45,A*-GA,171.0,50.0,0.83577181684663
45,A*-GA,173.0,52.0,0.8343233735304183
45,A*-GA,175.0,52.0,0.8328182406010284
45,A*-GA,177.0,52.0,0.8312605125228836
45,A*-GA,179.0,54.0,0.8296540922180767
45,A*-GA,181.0,54.0,0.8280026990915548
45,A*-GA,183.0,54.0,0.8263098767330295
45,A*-GA,185.0,56.00000000000001,0.8245790003084389
45,A*-GA,187.0,57.99999999999999,0.8228132836532721
45,A*-GA,189.0,57.99999999999999,0.8210157860795904
45,A*-GA,191.0,57.99999999999999,0.8193055817130444
45,A*-GA,193.0,57.99999999999999,0.8177174403785691
45,A*-GA,195.0,60.0,0.8162459661491094
45,A*-GA,197.0,62.0,0.8148628705285695
45,A*-GA,199.0,62.0,0.8135567713910936
45,A*-GA,201.0,62.0,0.8122819322820342
45,A*-GA,203.0,62.0,0.8109125112959408
45,A*-GA,205.0,64.0,0.809454603139851
45,A*-GA,207.0,64.0,0.8079140240180489
45,A*-GA,209.0,64.0,0.8062963232090375
45,A*-GA,211.0,66.0,0.8046067941775829
45,A*-GA,213.0,66.0,0.8028504852402464
45,A*-GA,215.0,66.0,0.8010322098020988
45,A*-GA,217.0,68.0,0.7991565561816073
45,A*-GA,219.0,68.0,0.7972278970400234
45,A*-GA,221.0,72.0,0.7952503984309521
45,A*-GA,223.0,72.0,0.7932280284851678
45,A*-GA,225.0,72.0,0.7911645657451444
45,A*-GA,227.0,72.0,0.7890636071632025
45,A*-GA,229.0,72.0,0.7869285757766243
45,A*-GA,231.0,72.0,0.7847627280725621
45,A*-GA,233.0,72.0,0.782569161055059
45,A*-GA,235.0,72.0,0.7803508190260192
45,A*-GA,237.0,72.0,0.7781105000914921
45,A*-GA,239.0,72.0,0.7758508624041904
45,A*-GA,241.0,72.0,0.7735744301527326
45,A*-GA,243.0,72.0,0.7712835993076802
45,A*-GA,245.0,74.0,0.7689806431340511
45,A*-GA,247.0,76.0,0.7666677181527315
45,A*-GA,249.0,78.0,0.7643468737881256
45,A*-GA,251.0,78.0,0.7620200535952217
45,A*-GA,253.0,78.0,0.7596890978946355
45,A*-GA,255.0,78.0,0.7573557482685632
45,A*-GA,257.0,78.0,0.7550216518729872
45,A*-GA,259.0,78.0,0.7526883655734629
45,A*-GA,261.0,80.0,0.7503573599115271
45,A*-GA,263.0,80.0,0.7480300229084934
45,A*-GA,265.0,80.0,0.7457076637131256
45,A*-GA,267.0,82.0,0.7433915160994315
45,A*-GA,269.0,84.0,0.741082741820567
45,A*-GA,271.0,84.0,0.7387824338246051
45,A*-GA,273.0,84.0,0.7364916193376996
45,A*-GA,275.0,84.0,0.7342112628199499
45,A*-GA,277.0,84.0,0.7319424460788662
45,A*-GA,279.0,84.0,0.7296860626416743
45,A*-GA,281.0,90.0,0.7274428903746472
45,A*-GA,283.0,90.0,0.725213655709633
45,A*-GA,285.0,90.0,0.7229990360075765
45,A*-GA,287.0,90.0,0.7207996618236037
45,A*-GA,289.0,92.0,0.718616119077628
45,A*-GA,291.0,92.0,0.7164489511342764
45,A*-GA,293.0,92.0,0.714298660795784
45,A*-GA,295.0,96.0,0.7121657122113618
45,A*-GA,297.0,98.0,0.7100505327064024
45,A*-GA,299.0,98.0,0.7079535145347551
45,A*-GA,301.0,98.0,0.7058750165571738
45,A*-GA,303.0,98.0,0.7038153658489191
45,A*-GA,305.0,100.0,0.7017748592393749
45,A*-GA,307.0,100.0,0.6997537647864286
45,A*-GA,309.0,100.0,0.6977523231882544
45,A*-GA,311.0,100.0,0.695770749135034
45,A*-GA,313.0,100.0,0.6938092326030468
45,A*-GA,315.0,100.0,0.691867940093469
45,A*-GA,317.0,100.0,0.689947015818123
45,A*-GA,319.0,100.0,0.6880465828343342
45,A*-GA,321.0,100.0,0.6861667441309609
45,A*-GA,323.0,100.0,0.6843075836675877
45,A*-GA,325.0,100.0,0.6824691673687866
45,A*-GA,327.0,100.0,0.6806515440752791
45,A*-GA,329.0,100.0,0.6788547464537564
45,A*-GA,331.0,100.0,0.6770787918670488
45,A*-GA,333.0,100.0,0.6753236832062608
45,A*-GA,335.0,100.0,0.6735894096864329
45,A*-GA,337.0,100.0,0.671875947607221
45,A*-GA,339.0,100.0,0.6701832610800307
45,A*-GA,341.0,100.0,0.6685113027229805
45,A*-GA,343.0,100.0,0.6668600143250194
45,A*-GA,345.0,100.0,0.6652293274804664
45,A*-GA,347.0,100.0,0.6636191641951902
45,A*-GA,349.0,100.0,0.6620294374656012
45,A*-GA,351.0,100.0,0.6604600518315752
45,A*-GA,353.0,100.0,0.6589109039043908
45,A*-GA,355.0,100.0,0.6573818828707111
45,A*-GA,357.0,100.0,0.6558728709736076
45,A*-GA,359.0,100.0,0.6543837439715747
45,A*-GA,361.0,100.0,0.6529143715764547
45,A*-GA,363.0,100.0,0.6514646178711481
45,A*-GA,365.0,100.0,0.6500343417079549
45,A*-GA,367.0,100.0,0.6486233970883541
45,A*-GA,369.0,100.0,0.6472316335249992
45,A*-GA,371.0,100.0,0.6458588963866745
45,A*-GA,373.0,100.0,0.6445050272269284
45,A*-GA,375.0,100.0,0.6431698640970691
45,A*-GA,377.0,100.0,0.6418532418441822
45,A*-GA,379.0,100.0,0.6405549923948023
45,A*-GA,381.0,100.0,0.6392749450248447
45,A*-GA,383.0,100.0,0.638012926616381
45,A*-GA,385.0,100.0,0.6367687619018144
45,A*-GA,387.0,100.0,0.6355422736959937
45,A*-GA,389.0,100.0,0.6343332831167787
45,A*-GA,391.0,100.0,0.63314160979455
45,A*-GA,393.0,100.0,0.6319670720711376
45,A*-GA,395.0,100.0,0.630809487188622
45,A*-GA,397.0,100.0,0.629668671468444
45,A*-GA,399.0,100.0,0.62854444048124
45,A*-GA,401.0,100.0,0.6274366092078049
45,A*-GA,403.0,100.0,0.626344992191567
45,A*-GA,405.0,100.0,0.6252694036829431
45,A*-GA,407.0,100.0,0.6242096577759287
45,A*-GA,409.0,100.0,0.6231655685372619
45,A*-GA,411.0,100.0,0.6221369501284865
45,A*-GA,413.0,100.0,0.6211236169212276
45,A*-GA,415.0,100.0,0.6201253836059774
45,A*-GA,417.0,100.0,0.6191420652946786
45,A*-GA,419.0,100.0,0.618173477617383
45,A*-GA,421.0,100.0,0.6172194368132448
45,A*-GA,423.0,100.0,0.6162797598161067
45,A*-GA,425.0,100.0,0.6153542643349176
45,A*-GA,427.0,100.0,0.6144427689292157
45,A*-GA,429.0,100.0,0.613545093079901
45,A*-GA,431.0,100.0,0.61266105725551
45,A*-GA,433.0,100.0,0.6117904829741968
45,A*-GA,435.0,100.0,0.6109331928616186
45,A*-GA,437.0,100.0,0.6100890107049133
45,A*-GA,439.0,100.0,0.6092577615029482
45,A*-GA,441.0,100.0,0.6084392715130148
45,A*-GA,443.0,100.0,0.6076333682941334
45,A*-GA,445.0,100.0,0.6068398807471286
45,A*-GA,447.0,100.0,0.606058639151624
45,A*-GA,449.0,100.0,0.605289475200106
45,A*-GA,451.0,100.0,0.6045322220291939
45,A*-GA,453.0,100.0,0.603786714248249
45,A*-GA,455.0,100.0,0.6030527879654539
45,A*-GA,457.0,100.0,0.6023302808114811
45,A*-GA,459.0,100.0,0.6016190319608719
45,A*-GA,461.0,100.0,0.6009188821512339
45,A*-GA,463.0,100.0,0.600229673700369
46,EHCO,1.0,0.0,0.7216487380969706
46,EHCO,3.0,0.0,0.7314738131228858
46,EHCO,5.0,0.0,0.7408242082035509
46,EHCO,7.0,0.0,0.749720014370912
46,EHCO,9.0,0.0,0.7581805102022968
46,EHCO,11.0,0.0,0.7662241940942777
46,EHCO,13.0,0.0,0.7738688152638027
46,EHCO,15.0,0.0,0.7811314035266341
46,EHCO,17.0,0.0,0.7880282979011661
46,EHCO,19.0,0.0,0.7945751740838102
46,EHCO,21.0,0.0,0.8007870708403187
46,EHCO,23.0,0.0,0.8066784153556789
46,EHCO,25.0,0.0,0.8122630475835309
46,EHCO,27.0,2.0,0.8175424116560561
46,EHCO,29.0,2.0,0.8224055676250565
46,EHCO,31.0,2.0,0.8268722937206412
46,EHCO,33.0,2.0,0.830961535245803
46,EHCO,35.0,2.0,0.8346914381946178
46,EHCO,37.0,2.0,0.8380793815360295
46,EHCO,39.0,4.0,0.8411420082158254
46,EHCO,41.0,4.0,0.843895254927341
46,EHCO,43.0,6.0,0.8463543806994455
46,EHCO,45.0,6.0,0.848533994348451
46,EHCO,47.0,6.0,0.8504480808387547
46,EHCO,49.0,6.0,0.85211002659526
46,EHCO,51.0,8.0,0.8535326438089328
46,EHCO,53.0,8.0,0.8547281937752189
46,EHCO,55.0,8.0,0.8557084093034916
46,EHCO,57.0,8.0,0.8566171790381583
46,EHCO,59.0,8.0,0.8575015173996423
46,EHCO,61.0,12.0,0.8583622588547671
46,EHCO,63.0,16.0,0.8591698401269295
46,EHCO,65.0,18.0,0.8599167401598643
46,EHCO,67.0,22.0,0.8606058131523945
46,EHCO,69.0,22.0,0.8612397935043737
46,EHCO,71.0,22.0,0.861821300645783
46,EHCO,73.0,22.0,0.8623528436742429
46,EHCO,75.0,22.0,0.8628368258084944
46,EHCO,77.0,22.0,0.863285390139211
46,EHCO,79.0,22.0,0.8635973112312386
46,EHCO,81.0,24.0,0.8637367845363105
46,EHCO,83.0,24.0,0.863713217561612
46,EHCO,85.0,26.0,0.8635356050844957
46,EHCO,87.0,28.000000000000004,0.8632125460656743
46,EHCO,89.0,30.0,0.8627522598869822
46,EHCO,91.0,30.0,0.8621626019403975
46,EHCO,93.0,30.0,0.86145107859397
46,EHCO,95.0,32.0,0.860624861559289
46,EHCO,97.0,32.0,0.8596908016841555
46,EHCO,99.0,32.0,0.8586554421931939
46,EHCO,101.0,32.0,0.8575250313982408
46,EHCO,103.0,32.0,0.856305534899489
46,EHCO,105.0,34.0,0.8550026472975425
46,EHCO,107.0,36.0,0.8536632503968541
46,EHCO,109.0,36.0,0.8524125942459513
46,EHCO,111.0,36.0,0.8512468811445514
46,EHCO,113.0,38.0,0.8501546131864515
46,EHCO,115.0,40.0,0.8491096866231942
46,EHCO,117.0,40.0,0.8481101908562809
46,EHCO,119.0,40.0,0.8471542908297004
46,EHCO,121.0,40.0,0.8462402240598922
46,EHCO,123.0,40.0,0.8453662977822961
46,EHCO,125.0,40.0,0.8445308862099131
46,EHCO,127.0,40.0,0.8437324278994838
46,EHCO,129.0,44.0,0.842969423221059
46,EHCO,131.0,44.0,0.8422481148959121
46,EHCO,133.0,44.0,0.8414655018811761
46,EHCO,135.0,46.0,0.84058497307922
46,EHCO,137.0,48.0,0.8396124899253613
46,EHCO,139.0,48.0,0.8385537449449184
46,EHCO,141.0,48.0,0.8374141728817219
46,EHCO,143.0,48.0,0.8361989613804836
46,EHCO,145.0,48.0,0.834913061240681
46,EHCO,147.0,48.0,0.833561196258927
46,EHCO,149.0,50.0,0.8321478726761161
46,EHCO,151.0,52.0,0.8306773882450058
46,EHCO,153.0,52.0,0.8291538409332705
46,EHCO,155.0,52.0,0.8275811372764726
46,EHCO,157.0,52.0,0.8259630003948305
46,EHCO,159.0,54.0,0.8243029776871099
46,EHCO,161.0,54.0,0.8226044482144467
46,EHCO,163.0,54.0,0.8208706297863986
46,EHCO,165.0,54.0,0.8191436333341557
46,EHCO,167.0,56.00000000000001,0.8175395613058984
46,EHCO,169.0,56.00000000000001,0.8160530652810056
46,EHCO,171.0,60.0,0.8146711597844937
46,EHCO,173.0,60.0,0.8133663141476556
46,EHCO,175.0,60.0,0.8121352490957267
46,EHCO,177.0,60.0,0.8109748168304718
46,EHCO,179.0,60.0,0.809881995841104
46,EHCO,181.0,62.0,0.808853885919117
46,EHCO,183.0,64.0,0.807887703369024
46,EHCO,185.0,64.0,0.8069807764073186
46,EHCO,187.0,66.0,0.8061305407422662
46,EHCO,189.0,66.0,0.8053345353274314
46,EHCO,191.0,66.0,0.8045903982821192
46,EHCO,193.0,66.0,0.8038958629721809
46,EHCO,195.0,68.0,0.8032487542448881
46,EHCO,197.0,68.0,0.802646984811829
46,EHCO,199.0,68.0,0.8020716857468826
46,EHCO,201.0,68.0,0.8014016279844233
46,EHCO,203.0,68.0,0.8006106997010605
46,EHCO,205.0,68.0,0.7997060692677456
46,EHCO,207.0,70.0,0.7986945837328193
46,EHCO,209.0,72.0,0.797582782090373
46,EHCO,211.0,72.0,0.796376908017136
46,EHCO,213.0,72.0,0.7950829220989222
46,EHCO,215.0,76.0,0.7937065135668372
46,EHCO,217.0,76.0,0.7922531115626539
46,EHCO,219.0,78.0,0.7907278959519977
46,EHCO,221.0,78.0,0.7891358077032528
46,EHCO,223.0,78.0,0.7874815588493906
46,EHCO,225.0,78.0,0.7857696420492476
46,EHCO,227.0,80.0,0.7840043397641258
46,EHCO,229.0,80.0,0.7821897330649656
46,EHCO,231.0,82.0,0.780329710084742
46,EHCO,233.0,82.0,0.7784279741301499
46,EHCO,235.0,82.0,0.7764880514661013
46,EHCO,237.0,82.0,0.774513384964452
46,EHCO,239.0,82.0,0.7725074206556453
46,EHCO,241.0,86.0,0.7704731840495496
46,EHCO,243.0,86.0,0.7684132954244721
46,EHCO,245.0,86.0,0.7663304154003249
46,EHCO,247.0,86.0,0.7642271559533035
46,EHCO,249.0,86.0,0.7621059988875999
46,EHCO,251.0,88.0,0.7599693059049374
46,EHCO,253.0,88.0,0.7578193209010439
46,EHCO,255.0,88.0,0.7556581727294225
46,EHCO,257.0,88.0,0.7534878801609463
46,EHCO,259.0,90.0,0.7513103566415097
46,EHCO,261.0,90.0,0.7491274148557805
46,EHCO,263.0,90.0,0.7469407711047775
46,EHCO,265.0,90.0,0.744752049504697
46,EHCO,267.0,90.0,0.742562786014116
46,EHCO,269.0,90.0,0.740374432296419
46,EHCO,271.0,90.0,0.7381883594240248
46,EHCO,273.0,90.0,0.7360058614307289
46,EHCO,275.0,90.0,0.7338281587182305
46,EHCO,277.0,90.0,0.731656401322669
46,EHCO,279.0,92.0,0.7294916720467685
46,EHCO,281.0,92.0,0.7273349894629643
46,EHCO,283.0,92.0,0.7251873107926754
46,EHCO,285.0,94.0,0.7230495346666812
46,EHCO,287.0,94.0,0.7209225037713645
46,EHCO,289.0,96.0,0.7188070073853956
46,EHCO,291.0,98.0,0.7167037838112503
46,EHCO,293.0,98.0,0.71461352270578
46,EHCO,295.0,98.0,0.7125368673138871
46,EHCO,297.0,98.0,0.7104744166091965
46,EHCO,299.0,98.0,0.7084267273454617
46,EHCO,301.0,98.0,0.7063943160222925
46,EHCO,303.0,98.0,0.7043776607686539
46,EHCO,305.0,98.0,0.7023772031474452
46,EHCO,307.0,98.0,0.7003933498843384
46,EHCO,309.0,98.0,0.6984264745239299
46,EHCO,311.0,98.0,0.6964769190161364
46,EHCO,313.0,98.0,0.694544995235651
46,EHCO,315.0,98.0,0.6926309864371637
46,EHCO,317.0,98.0,0.6907351486489414
46,EHCO,319.0,98.0,0.688857712007263
46,EHCO,321.0,98.0,0.6869988820341016
46,EHCO,323.0,98.0,0.6851588408603544
46,EHCO,325.0,98.0,0.683337836697774
46,EHCO,327.0,98.0,0.6815360304313238
46,EHCO,329.0,100.0,0.6797535323780999
46,EHCO,331.0,100.0,0.6779904342559661
46,EHCO,333.0,100.0,0.6762468101490858
46,EHCO,335.0,100.0,0.6745227174316768
46,EHCO,337.0,100.0,0.6728181976516925
46,EHCO,339.0,100.0,0.6711332773760663
46,EHCO,341.0,100.0,0.6694679689990884
46,EHCO,343.0,100.0,0.6678222715154222
46,EHCO,345.0,100.0,0.6661961712592085
46,EHCO,347.0,100.0,0.6645896426106475
46,EHCO,349.0,100.0,0.6630026486713911
46,EHCO,351.0,100.0,0.661435141910029
46,EHCO,353.0,100.0,0.6598870647788945
46,EHCO,355.0,100.0,0.6583583503033756
46,EHCO,357.0,100.0,0.65684892264486
46,EHCO,359.0,100.0,0.6553586976384032
46,EHCO,361.0,100.0,0.6538875833061667
46,EHCO,363.0,100.0,0.6524354803476249
46,EHCO,365.0,100.0,0.6510022826075051
46,EHCO,367.0,100.0,0.6495878775223856
46,EHCO,369.0,100.0,0.6481921465468341
46,EHCO,371.0,100.0,0.6468149655599433
46,EHCO,373.0,100.0,0.6454562052530758
46,EHCO,375.0,100.0,0.6441157314996047
46,EHCO,377.0,100.0,0.6427934057074017
46,EHCO,379.0,100.0,0.641489085154796
46,EHCO,381.0,100.0,0.6402026233106946
46,EHCO,383.0,100.0,0.638933870139532
46,EHCO,385.0,100.0,0.6376826723916863
46,EHCO,387.0,100.0,0.6364488738799744
46,EHCO,389.0,100.0,0.6352323157428141
46,EHCO,391.0,100.0,0.6340328366946179
46,EHCO,393.0,100.0,0.6328502732639588
46,EHCO,395.0,100.0,0.6316844600200292
46,EHCO,397.0,100.0,0.6305352297878886
46,EHCO,399.0,100.0,0.6294024138529815
46,EHCO,401.0,100.0,0.6282858421553813
46,EHCO,403.0,100.0,0.6271853434742027
46,EHCO,405.0,100.0,0.6261007456026036
46,EHCO,407.0,100.0,0.6250318755137823
46,EHCO,409.0,100.0,0.6239785595183569
46,EHCO,411.0,100.0,0.6229406234135034
46,EHCO,413.0,100.0,0.621917892624206
46,EHCO,415.0,100.0,0.6209101923369652
46,EHCO,417.0,100.0,0.6199173476262912
46,EHCO,419.0,100.0,0.6189391835743001
46,EHCO,421.0,100.0,0.6179755253837128
46,EHCO,423.0,100.0,0.6170261984845495
46,EHCO,425.0,100.0,0.6160910286347963
46,EHCO,427.0,100.0,0.615169842015311
46,EHCO,429.0,100.0,0.6142624653192259
46,EHCO,431.0,100.0,0.61336872583609
46,EHCO,433.0,100.0,0.612488451530988
46,EHCO,435.0,100.0,0.6116214711188608
46,EHCO,437.0,100.0,0.6107676141342446
46,EHCO,439.0,100.0,0.6099267109966346
46,EHCO,441.0,100.0,0.6090985930716728
46,EHCO,443.0,100.0,0.6082830927283503
46,EHCO,445.0,100.0,0.6074800433924071
46,EHCO,447.0,100.0,0.6066892795961029
46,EHCO,449.0,100.0,0.6059106370245281
46,EHCO,451.0,100.0,0.6051439525586156
46,EHCO,453.0,100.0,0.6043890643150056
46,EHCO,455.0,100.0,0.6036458116829132
46,EHCO,457.0,100.0,0.6029140353581386
46,EHCO,459.0,100.0,0.6021935773743563
46,EHCO,461.0,100.0,0.6014842811318116
46,EHCO,463.0,100.0,0.6007859914235504
46,EHCO,465.0,100.0,0.6000985544593
46,A*-GA,1.0,0.0,0.7216487380969706
46,A*-GA,3.0,0.0,0.7314738131228858
46,A*-GA,5.0,0.0,0.7408242082035509
46,A*-GA,7.0,0.0,0.749720014370912
46,A*-GA,9.0,0.0,0.7581805102022968
46,A*-GA,11.0,0.0,0.7662241940942777
46,A*-GA,13.0,0.0,0.7738688152638027
46,A*-GA,15.0,0.0,0.7811314035266341
46,A*-GA,17.0,0.0,0.7880282979011661
46,A*-GA,19.0,0.0,0.7945633421054069
46,A*-GA,21.0,0.0,0.8006279002244145
46,A*-GA,23.0,0.0,0.806243962740918
46,A*-GA,25.0,0.0,0.8114325990534678
46,A*-GA,27.0,0.0,0.816213994575676
46,A*-GA,29.0,0.0,0.8206074863641079
46,A*-GA,31.0,0.0,0.8246315973328063
46,A*-GA,33.0,0.0,0.8283040691101566
46,A*-GA,35.0,0.0,0.8316418935916056
46,A*-GA,37.0,0.0,0.834661343239648
46,A*-GA,39.0,2.0,0.8373780001804728
46,A*-GA,41.0,2.0,0.8398067841447162
46,A*-GA,43.0,2.0,0.8419619792979068
46,A*-GA,45.0,2.0,0.8438572600043954
46,A*-GA,47.0,2.0,0.8455057155668378
46,A*-GA,49.0,4.0,0.8469198739816475
46,A*-GA,51.0,8.0,0.8481117247492443
46,A*-GA,53.0,8.0,0.8490927407764002
46,A*-GA,55.0,10.0,0.8498738994065113
46,A*-GA,57.0,10.0,0.8504657026122245
46,A*-GA,59.0,10.0,0.8510084784659157
46,A*-GA,61.0,10.0,0.8515474937044425
46,A*-GA,63.0,14.000000000000002,0.8520827021301132
46,A*-GA,65.0,14.000000000000002,0.8525859977930585
46,A*-GA,67.0,16.0,0.8530496447707295
46,A*-GA,69.0,20.0,0.8534755218240032
46,A*-GA,71.0,22.0,0.8538654286658365
46,A*-GA,73.0,22.0,0.8542210891506367
46,A*-GA,75.0,22.0,0.8545533607030412
46,A*-GA,77.0,22.0,0.854760448131655
46,A*-GA,79.0,22.0,0.8548066007123489
46,A*-GA,81.0,24.0,0.8547006519853327
46,A*-GA,83.0,24.0,0.8544510472993053
46,A*-GA,85.0,26.0,0.854065859728599
46,A*-GA,87.0,28.000000000000004,0.8535528053545188
46,A*-GA,89.0,28.000000000000004,0.852919257936006
46,A*-GA,91.0,28.000000000000004,0.8521722629937677
46,A*-GA,93.0,28.000000000000004,0.8513605770443298
46,A*-GA,95.0,28.000000000000004,0.8506123521509724
46,A*-GA,97.0,28.000000000000004,0.84992483291232
46,A*-GA,99.0,30.0,0.8492875222730005
46,A*-GA,101.0,32.0,0.8486752775194861
46,A*-GA,103.0,34.0,0.8480871108403838
46,A*-GA,105.0,34.0,0.8475220732254575
46,A*-GA,107.0,36.0,0.8469792529429193
46,A*-GA,109.0,36.0,0.8464577740764635
46,A*-GA,111.0,38.0,0.8459567951196965
46,A*-GA,113.0,38.0,0.8454755076257143
46,A*-GA,115.0,38.0,0.8450131349096629
46,A*-GA,117.0,38.0,0.844568930802201
46,A*-GA,119.0,40.0,0.8441421784518718
46,A*-GA,121.0,40.0,0.8437321891744619
46,A*-GA,123.0,40.0,0.8433383013475056
46,A*-GA,125.0,40.0,0.8429405482733019
46,A*-GA,127.0,40.0,0.8424227359376265
46,A*-GA,129.0,40.0,0.8417918109114955
46,A*-GA,131.0,40.0,0.8410544102844799
46,A*-GA,133.0,44.0,0.8402168744166405
46,A*-GA,135.0,44.0,0.8392852591801064
46,A*-GA,137.0,44.0,0.8382653477104873
46,A*-GA,139.0,44.0,0.837162661687511
46,A*-GA,141.0,44.0,0.8359824721635175
46,A*-GA,143.0,44.0,0.8347298099577053
46,A*-GA,145.0,44.0,0.8334094756333206
46,A*-GA,147.0,46.0,0.8320260490743056
46,A*-GA,149.0,46.0,0.8307034502045707
46,A*-GA,151.0,46.0,0.8294787229010918
46,A*-GA,153.0,48.0,0.8283475195523328
46,A*-GA,155.0,48.0,0.8272825577554112
46,A*-GA,157.0,48.0,0.8262734209238726
46,A*-GA,159.0,50.0,0.8253177600738741
46,A*-GA,161.0,52.0,0.8244133201284058
46,A*-GA,163.0,52.0,0.8235579362139341
46,A*-GA,165.0,54.0,0.8227495301025427
46,A*-GA,167.0,56.00000000000001,0.8219861067938586
46,A*-GA,169.0,57.99999999999999,0.8212657512312795
46,A*-GA,171.0,57.99999999999999,0.8205866251472286
46,A*-GA,173.0,60.0,0.8199469640323762
46,A*-GA,175.0,60.0,0.8193450742239602
46,A*-GA,177.0,60.0,0.8187793301085317
46,A*-GA,179.0,60.0,0.8182558544036379
46,A*-GA,181.0,60.0,0.8176745969953922
46,A*-GA,183.0,60.0,0.8169996321159446
46,A*-GA,185.0,60.0,0.8162365559906488
46,A*-GA,187.0,60.0,0.8153907135696394
46,A*-GA,189.0,60.0,0.8144672089098631
46,A*-GA,191.0,62.0,0.8134709151411558
46,A*-GA,193.0,62.0,0.8124064840328246
46,A*-GA,195.0,62.0,0.8112783551765502
46,A*-GA,197.0,62.0,0.810090764800798
46,A*-GA,199.0,62.0,0.8088477542313302
46,A*-GA,201.0,62.0,0.8075423888147168
46,A*-GA,203.0,62.0,0.8061471828945495
46,A*-GA,205.0,64.0,0.804667986600378
46,A*-GA,207.0,64.0,0.803110382121872
46,A*-GA,209.0,64.0,0.8014796948554115
46,A*-GA,211.0,66.0,0.7997810041028981
46,A*-GA,213.0,66.0,0.7980191533405255
46,A*-GA,215.0,66.0,0.796198760074552
46,A*-GA,217.0,66.0,0.7943244821284635
46,A*-GA,219.0,68.0,0.7924005874610052
46,A*-GA,221.0,70.0,0.7904309717426884
46,A*-GA,223.0,74.0,0.7884191752332739
46,A*-GA,225.0,74.0,0.7863688213435345
46,A*-GA,227.0,74.0,0.784283358799395
46,A*-GA,229.0,74.0,0.7821660690326077
46,A*-GA,231.0,74.0,0.7800200732726031
46,A*-GA,233.0,76.0,0.7778483393513883
46,A*-GA,235.0,78.0,0.7756536882328902
46,A*-GA,237.0,78.0,0.7734388002776995
46,A*-GA,239.0,80.0,0.7712062212537335
46,A*-GA,241.0,80.0,0.7689583681029235
46,A*-GA,243.0,82.0,0.7666975344736322
46,A*-GA,245.0,82.0,0.7644258989848003
46,A*-GA,247.0,82.0,0.7621455318032011
46,A*-GA,249.0,82.0,0.7598583950042704
46,A*-GA,251.0,82.0,0.7575663469231128
46,A*-GA,253.0,82.0,0.7552711466666574
46,A*-GA,255.0,82.0,0.7529744584414908
46,A*-GA,257.0,82.0,0.7506778557047168
46,A*-GA,259.0,82.0,0.7483828251449057
46,A*-GA,261.0,84.0,0.7460907704999165
46,A*-GA,263.0,84.0,0.743803016218104
46,A*-GA,265.0,84.0,0.7415208109691707
46,A*-GA,267.0,84.0,0.7392453310106702
46,A*-GA,269.0,86.0,0.7369776834159373
46,A*-GA,271.0,88.0,0.7347189091689847
46,A*-GA,273.0,90.0,0.7324699861316962
46,A*-GA,275.0,90.0,0.7302318318884248
46,A*-GA,277.0,90.0,0.7280053064729108
46,A*-GA,279.0,90.0,0.7257912149822362
46,A*-GA,281.0,90.0,0.7235903100823453
46,A*-GA,283.0,90.0,0.7214032944094838
46,A*-GA,285.0,90.0,0.7192308228717348
46,A*-GA,287.0,90.0,0.717073653417028
46,A*-GA,289.0,90.0,0.7149323904458156
46,A*-GA,291.0,92.0,0.7128075457722857
46,A*-GA,293.0,92.0,0.710699592358774
46,A*-GA,295.0,96.0,0.7086089661502127
46,A*-GA,297.0,100.0,0.706536067831485
46,A*-GA,299.0,100.0,0.7044812645107952
46,A*-GA,301.0,100.0,0.702444891332039
46,A*-GA,303.0,100.0,0.7004272530190443
46,A*-GA,305.0,100.0,0.6984286253544313
46,A*-GA,307.0,100.0,0.6964492565957405
46,A*-GA,309.0,100.0,0.6944893688313643
46,A*-GA,311.0,100.0,0.6925491592787217
46,A*-GA,313.0,100.0,0.6906288015270189
46,A*-GA,315.0,100.0,0.68872844672684
46,A*-GA,317.0,100.0,0.6868482247287305
46,A*-GA,319.0,100.0,0.6849882451728443
46,A*-GA,321.0,100.0,0.6831485985316446
46,A*-GA,323.0,100.0,0.6813293571075708
46,A*-GA,325.0,100.0,0.6795305759875052
46,A*-GA,327.0,100.0,0.6777522939558023
46,A*-GA,329.0,100.0,0.6759945343675713
46,A*-GA,331.0,100.0,0.6742573059838374
46,A*-GA,333.0,100.0,0.6725406037701395
46,A*-GA,335.0,100.0,0.6708444096600629
46,A*-GA,337.0,100.0,0.669168693285144
46,A*-GA,339.0,100.0,0.6675134126725262
46,A*-GA,341.0,100.0,0.6658785149116929
46,A*-GA,343.0,100.0,0.6642639367915492
46,A*-GA,345.0,100.0,0.6626696054090723
46,A*-GA,347.0,100.0,0.6610954387507041
46,A*-GA,349.0,100.0,0.6595413462476111
46,A*-GA,351.0,100.0,0.6580072293058904
46,A*-GA,353.0,100.0,0.6564929818127603
46,A*-GA,355.0,100.0,0.6549984906197297
46,A*-GA,357.0,100.0,0.6535236360037023
46,A*-GA,359.0,100.0,0.6520682921069327
46,A*-GA,361.0,100.0,0.6506323273567136
46,A*-GA,363.0,100.0,0.6492156048656408
46,A*-GA,365.0,100.0,0.6478179828132642
46,A*-GA,367.0,100.0,0.6464393148099061
46,A*-GA,369.0,100.0,0.645079450243392
46,A*-GA,371.0,100.0,0.6437382346094102
46,A*-GA,373.0,100.0,0.6424155098261897
46,A*-GA,375.0,100.0,0.6411111145341557
46,A*-GA,377.0,100.0,0.639824884381197
46,A*-GA,379.0,100.0,0.6385566522941514
46,A*-GA,381.0,100.0,0.6373062487370952
46,A*-GA,383.0,100.0,0.6360735019569949
46,A*-GA,385.0,100.0,0.6348582382172584
46,A*-GA,387.0,100.0,0.6336602820197018
46,A*-GA,389.0,100.0,0.6324794563154251
46,A*-GA,391.0,100.0,0.631315582705073
46,A*-GA,393.0,100.0,0.6301684816289346
46,A*-GA,395.0,100.0,0.6290379725473186
46,A*-GA,397.0,100.0,0.6279238741116248
46,A*-GA,399.0,100.0,0.6268260043265104
46,A*-GA,401.0,100.0,0.6257441807035405
46,A*-GA,403.0,100.0,0.6246782204066901
46,A*-GA,405.0,100.0,0.623627940390052
46,A*-GA,407.0,100.0,0.6225931575280931
46,A*-GA,409.0,100.0,0.6215736887387829
46,A*-GA,411.0,100.0,0.6205693510999089
46,A*-GA,413.0,100.0,0.6195799619588771
46,A*-GA,415.0,100.0,0.6186053390362888
46,A*-GA,417.0,100.0,0.6176453005235641
46,A*-GA,419.0,100.0,0.6166996651748834
46,A*-GA,421.0,100.0,0.6157682523936945
46,A*-GA,423.0,100.0,0.6148508823140331
46,A*-GA,425.0,100.0,0.6139473758768867
46,A*-GA,427.0,100.0,0.6130575549018282
46,A*-GA,429.0,100.0,0.6121812421541305
46,A*-GA,431.0,100.0,0.6113182614075707
46,A*-GA,433.0,100.0,0.6104684375031183
46,A*-GA,435.0,100.0,0.6096315964036974
46,A*-GA,437.0,100.0,0.6088075652452035
46,A*-GA,439.0,100.0,0.6079961723839487
46,A*-GA,441.0,100.0,0.6071972474406991
46,A*-GA,443.0,100.0,0.6064106213414685
46,A*-GA,445.0,100.0,0.6056361263552138
46,A*-GA,447.0,100.0,0.6048735961285858
46,A*-GA,449.0,100.0,0.6041228657178693
46,A*-GA,451.0,100.0,0.6033837716182496
46,A*-GA,453.0,100.0,0.6026561517905336
46,A*-GA,455.0,100.0,0.6019398456854468
46,A*-GA,457.0,100.0,0.6012346942656271
46,A*-GA,459.0,100.0,0.6005405400254242
46,A*-GA,461.0,100.0,0.5998572270086158
47,EHCO,1.0,0.0,0.9470625646115702
47,EHCO,3.0,0.0,0.9480447027260834
47,EHCO,5.0,0.0,0.948899067446857
47,EHCO,7.0,0.0,0.9496321407349275
47,EHCO,9.0,0.0,0.9502501259776962
47,EHCO,11.0,0.0,0.9507471273403514
47,EHCO,13.0,0.0,0.9510051499207028
47,EHCO,15.0,0.0,0.9510371908753379
47,EHCO,17.0,0.0,0.9508556776175898
47,EHCO,19.0,0.0,0.9504724911579691
47,EHCO,21.0,0.0,0.9498989885125988
47,EHCO,23.0,0.0,0.9491460242164879
47,EHCO,25.0,0.0,0.9482239709770219
47,EHCO,27.0,2.0,0.9471427395016659
47,EHCO,29.0,4.0,0.9459117975325294
47,EHCO,31.0,4.0,0.9445401881191614
47,EHCO,33.0,4.0,0.9430365471597094
47,EHCO,35.0,4.0,0.9414091202393873
47,EHCO,37.0,4.0,0.9396657787940599
47,EHCO,39.0,4.0,0.9378140356256569
47,EHCO,41.0,6.0,0.9358610597950754
47,EHCO,43.0,10.0,0.9338136909172214
47,EHCO,45.0,12.0,0.9316784528818693
47,EHCO,47.0,12.0,0.929506039258345
47,EHCO,49.0,12.0,0.9274311167137858
47,EHCO,51.0,12.0,0.9254498086776157
47,EHCO,53.0,14.000000000000002,0.9235482235126675
47,EHCO,55.0,14.000000000000002,0.921693543594366
47,EHCO,57.0,14.000000000000002,0.9198843809325229
47,EHCO,59.0,14.000000000000002,0.9181193945150772
47,EHCO,61.0,16.0,0.9163972885886602
47,EHCO,63.0,16.0,0.914716811004575
47,EHCO,65.0,18.0,0.913076751627653
47,EHCO,67.0,18.0,0.9114759408055574
47,EHCO,69.0,18.0,0.9099132478961929
47,EHCO,71.0,18.0,0.9083875798509757
47,EHCO,73.0,20.0,0.9068978798518033
47,EHCO,75.0,20.0,0.9054431259996478
47,EHCO,77.0,22.0,0.9040223300527798
47,EHCO,79.0,22.0,0.9026188672351059
47,EHCO,81.0,22.0,0.9011121892863604
47,EHCO,83.0,24.0,0.8995089556905325
47,EHCO,85.0,24.0,0.8978155215357351
47,EHCO,87.0,26.0,0.8960379501687271
47,EHCO,89.0,26.0,0.8941820253412144
47,EHCO,91.0,26.0,0.8922532628680606
47,EHCO,93.0,28.000000000000004,0.8902569218167505
47,EHCO,95.0,28.000000000000004,0.8881980152466782
47,EHCO,97.0,28.000000000000004,0.8860813205161094
47,EHCO,99.0,28.000000000000004,0.8839113891739604
47,EHCO,101.0,30.0,0.8816925564528569
47,EHCO,103.0,30.0,0.8794289503792947
47,EHCO,105.0,30.0,0.8771245005160944
47,EHCO,107.0,30.0,0.8747829463517459
47,EHCO,109.0,34.0,0.8724078453506638
47,EHCO,111.0,34.0,0.8700025806778199
47,EHCO,113.0,34.0,0.8676111694014557
47,EHCO,115.0,36.0,0.8653548801331635
47,EHCO,117.0,38.0,0.863228039171598
47,EHCO,119.0,40.0,0.8612173468286362
47,EHCO,121.0,40.0,0.8592949688745468
47,EHCO,123.0,40.0,0.8574573327262764
47,EHCO,125.0,40.0,0.8557010071461212
47,EHCO,127.0,40.0,0.8540226966835889
47,EHCO,129.0,40.0,0.8524192363354519
47,EHCO,131.0,40.0,0.8508875864154285
47,EHCO,133.0,42.0,0.8494248276252683
47,EHCO,135.0,44.0,0.8480281563193389
47,EHCO,137.0,44.0,0.8466948799551217
47,EHCO,139.0,46.0,0.8454224127223203
47,EHCO,141.0,46.0,0.8442082713435762
47,EHCO,143.0,46.0,0.8430500710400551
47,EHCO,145.0,46.0,0.8419455216554361
47,EHCO,147.0,46.0,0.8408924239320879
47,EHCO,149.0,46.0,0.8398963489024631
47,EHCO,151.0,48.0,0.8388551061037678
47,EHCO,153.0,50.0,0.8377318424253318
47,EHCO,155.0,50.0,0.8365318007273855
47,EHCO,157.0,52.0,0.8352599847202723
47,EHCO,159.0,54.0,0.8339211688995171
47,EHCO,161.0,56.00000000000001,0.8325199080820013
47,EHCO,163.0,56.00000000000001,0.8310605465590404
47,EHCO,165.0,56.00000000000001,0.829547226881544
47,EHCO,167.0,56.00000000000001,0.8279838982918379
47,EHCO,169.0,56.00000000000001,0.8263743248161508
47,EHCO,171.0,57.99999999999999,0.824722093031222
47,EHCO,173.0,57.99999999999999,0.8230306195179529
47,EHCO,175.0,60.0,0.8213031580145138
47,EHCO,177.0,60.0,0.8195428062808344
47,EHCO,179.0,60.0,0.8177525126859293
47,EHCO,181.0,60.0,0.8159350825290644
47,EHCO,183.0,60.0,0.8140931841053319
47,EHCO,185.0,60.0,0.8122293545257867
47,EHCO,187.0,60.0,0.8103844197900167
47,EHCO,189.0,60.0,0.808672043628193
47,EHCO,191.0,60.0,0.8070864443435826
47,EHCO,193.0,62.0,0.8055832394803976
47,EHCO,195.0,62.0,0.8040449419270183
47,EHCO,197.0,64.0,0.802474477447402
47,EHCO,199.0,64.0,0.8008746314242776
47,EHCO,201.0,64.0,0.79923726559235
47,EHCO,203.0,64.0,0.7975337409109818
47,EHCO,205.0,64.0,0.7957688023329582
47,EHCO,207.0,64.0,0.7939469731385457
47,EHCO,209.0,64.0,0.7920725642189025
47,EHCO,211.0,68.0,0.7901496829855948
47,EHCO,213.0,68.0,0.7881822419210495
47,EHCO,215.0,72.0,0.7861739667841853
47,EHCO,217.0,72.0,0.7841284044849074
47,EHCO,219.0,72.0,0.7820489306406063
47,EHCO,221.0,74.0,0.7799387568272862
47,EHCO,223.0,74.0,0.7778009375374506
47,EHCO,225.0,76.0,0.7756383768563953
47,EHCO,227.0,78.0,0.7734538348680952
47,EHCO,229.0,78.0,0.771249933801437
47,EHCO,231.0,78.0,0.7690291639271196
47,EHCO,233.0,78.0,0.7667939753935774
47,EHCO,235.0,78.0,0.7645468630376685
47,EHCO,237.0,80.0,0.7622899410335694
47,EHCO,239.0,80.0,0.7600249696435244
47,EHCO,241.0,80.0,0.7577537832566975
47,EHCO,243.0,80.0,0.7554781993006682
47,EHCO,245.0,80.0,0.753199937896154
47,EHCO,247.0,80.0,0.7509206261042382
47,EHCO,249.0,82.0,0.7486418019998745
47,EHCO,251.0,82.0,0.7463649185786007
47,EHCO,253.0,82.0,0.7440913475031197
47,EHCO,255.0,82.0,0.7418223826961445
47,EHCO,257.0,82.0,0.7395592437856485
47,EHCO,259.0,82.0,0.7373030794084228
47,EHCO,261.0,82.0,0.7350549703776048
47,EHCO,263.0,82.0,0.7328159327196244
47,EHCO,265.0,82.0,0.7305869205857903
47,EHCO,267.0,82.0,0.7283688290435412
47,EHCO,269.0,82.0,0.726162496752181
47,EHCO,271.0,84.0,0.7239687085277314
47,EHCO,273.0,86.0,0.7217881978013467
47,EHCO,275.0,86.0,0.719621648975565
47,EHCO,277.0,86.0,0.7174696996824974
47,EHCO,279.0,88.0,0.7153329429478946
47,EHCO,281.0,88.0,0.7132119292648752
47,EHCO,283.0,90.0,0.7111071685809499
47,EHCO,285.0,92.0,0.7090191322018317
47,EHCO,287.0,92.0,0.7069482546153812
47,EHCO,289.0,92.0,0.70489493523891
47,EHCO,291.0,92.0,0.7028595400929287
47,EHCO,293.0,94.0,0.7008424034043103
47,EHCO,295.0,94.0,0.6988438291417184
47,EHCO,297.0,94.0,0.6968640924860384
47,EHCO,299.0,94.0,0.6949034412384393
47,EHCO,301.0,96.0,0.6929620971685907
47,EHCO,303.0,96.0,0.6910402573054585
47,EHCO,305.0,98.0,0.6891380951730076
47,EHCO,307.0,98.0,0.687255761973046
47,EHCO,309.0,98.0,0.685393387717356
47,EHCO,311.0,98.0,0.6835510823111737
47,EHCO,313.0,98.0,0.6817289365899953
47,EHCO,315.0,98.0,0.6799270233116108
47,EHCO,317.0,98.0,0.6781453981051875
47,EHCO,319.0,98.0,0.6763841003791566
47,EHCO,321.0,98.0,0.6746431541895845
47,EHCO,323.0,98.0,0.6729225690706412
47,EHCO,325.0,98.0,0.6712223408287193
47,EHCO,327.0,98.0,0.6695424523016902
47,EHCO,329.0,98.0,0.6678828740847264
47,EHCO,331.0,98.0,0.6662435652240616
47,EHCO,333.0,98.0,0.6646244738800072
47,EHCO,335.0,98.0,0.663025537960488
47,EHCO,337.0,98.0,0.6614466847450131
47,EHCO,339.0,98.0,0.6598878303319458
47,EHCO,341.0,98.0,0.6583488822395146
47,EHCO,343.0,98.0,0.656829740175127
47,EHCO,345.0,98.0,0.6553302965308533
47,EHCO,347.0,98.0,0.6538504368563487
47,EHCO,349.0,98.0,0.6523900403101497
47,EHCO,351.0,98.0,0.6509489800902425
47,EHCO,353.0,98.0,0.6495271238447684
47,EHCO,355.0,98.0,0.6481243340636941
47,EHCO,357.0,98.0,0.6467404684522413
47,EHCO,359.0,98.0,0.6453753802868393
47,EHCO,361.0,98.0,0.6440289187543318
47,EHCO,363.0,98.0,0.6427009292751438
47,EHCO,365.0,98.0,0.6413912538110794
47,EHCO,367.0,98.0,0.6400997311583997
47,EHCO,369.0,98.0,0.6388261972268017
47,EHCO,371.0,98.0,0.6375704853048952
47,EHCO,373.0,98.0,0.6363324263127483
47,EHCO,375.0,98.0,0.6351118490420508
47,EHCO,377.0,98.0,0.6339085803844218
47,EHCO,379.0,98.0,0.6327224455483687
47,EHCO,381.0,98.0,0.6315532682653797
47,EHCO,383.0,98.0,0.6304008709856171
47,EHCO,385.0,98.0,0.6292650750636559
47,EHCO,387.0,98.0,0.6281457009346977
47,EHCO,389.0,98.0,0.6270425682816687
47,EHCO,391.0,98.0,0.6259554961935978
47,EHCO,393.0,98.0,0.6248843033156506
47,EHCO,395.0,98.0,0.623828807991183
47,EHCO,397.0,98.0,0.6227888283961627
47,EHCO,399.0,98.0,0.6217641826662902
47,EHCO,401.0,98.0,0.6207546890171409
47,EHCO,403.0,98.0,0.6197601658576349
47,EHCO,405.0,98.0,0.6187804318971267
47,EHCO,407.0,98.0,0.6178153062463995
47,EHCO,409.0,98.0,0.616864608512833
47,EHCO,411.0,98.0,0.615928158890005
47,EHCO,413.0,98.0,0.6150057782419744
47,EHCO,415.0,98.0,0.6140972881824851
47,EHCO,417.0,98.0,0.6132025111493176
47,EHCO,419.0,98.0,0.6123212704740107
47,EHCO,421.0,98.0,0.6114533904471606
47,EHCO,423.0,98.0,0.6105986963794984
47,EHCO,425.0,98.0,0.6097570146589414
47,EHCO,427.0,98.0,0.608928172803802
47,EHCO,429.0,98.0,0.6081120508779344
47,EHCO,431.0,98.0,0.6073084936847415
47,EHCO,433.0,100.0,0.6065173298183911
47,EHCO,435.0,100.0,0.6057383892832391
47,EHCO,437.0,100.0,0.6049715035263414
47,EHCO,439.0,100.0,0.6042165054672384
47,EHCO,441.0,100.0,0.6034732295251433
47,EHCO,443.0,100.0,0.6027415116436599
47,EHCO,445.0,100.0,0.6020211893131495
47,EHCO,447.0,100.0,0.6013121015908621
47,EHCO,449.0,100.0,0.6006140891189429
47,EHCO,451.0,100.0,0.5999269941404176
47,A*-GA,1.0,0.0,0.9470625646115702
47,A*-GA,3.0,0.0,0.9480447027260834
47,A*-GA,5.0,0.0,0.948899067446857
47,A*-GA,7.0,0.0,0.9496321407349275
47,A*-GA,9.0,0.0,0.9502501259776962
47,A*-GA,11.0,0.0,0.9507589593187545
47,A*-GA,13.0,0.0,0.9511643205366069
47,A*-GA,15.0,0.0,0.9514716434900985
47,A*-GA,17.0,0.0,0.9516861261476526
47,A*-GA,19.0,0.0,0.9518127402167523
47,A*-GA,21.0,0.0,0.9518444084110484
47,A*-GA,23.0,2.0,0.9516620026031792
47,A*-GA,25.0,2.0,0.9512774330279702
47,A*-GA,27.0,4.0,0.9507020846333982
47,A*-GA,29.0,4.0,0.9499468386469799
47,A*-GA,31.0,4.0,0.9490220932802563
47,A*-GA,33.0,4.0,0.9479377836054477
47,A*-GA,35.0,4.0,0.9467034006370122
47,A*-GA,37.0,4.0,0.9453280096495541
47,A*-GA,39.0,4.0,0.9438202677622874
47,A*-GA,41.0,4.0,0.9421884408190738
47,A*-GA,43.0,4.0,0.94044041959191
47,A*-GA,45.0,6.0,0.9385837353346437
47,A*-GA,47.0,8.0,0.9366255747126407
47,A*-GA,49.0,8.0,0.9345727941331144
47,A*-GA,51.0,8.0,0.9324319334998546
47,A*-GA,53.0,8.0,0.9302092294151597
47,A*-GA,55.0,8.0,0.9279106278508744
47,A*-GA,57.0,8.0,0.9255417963095766
47,A*-GA,59.0,12.0,0.9231081354961235
47,A*-GA,61.0,12.0,0.9206147905189764
47,A*-GA,63.0,12.0,0.9181960733269473
47,A*-GA,65.0,12.0,0.9158920822719852
47,A*-GA,67.0,14.000000000000002,0.9136980974435301
47,A*-GA,69.0,20.0,0.9115823646698881
47,A*-GA,71.0,20.0,0.9095330524709991
47,A*-GA,73.0,20.0,0.9075478235702116
47,A*-GA,75.0,20.0,0.9056244279456724
47,A*-GA,77.0,22.0,0.9037606994806622
47,A*-GA,79.0,22.0,0.9019545527441236
47,A*-GA,81.0,22.0,0.9002039798962984
47,A*-GA,83.0,22.0,0.898507047714583
47,A*-GA,85.0,22.0,0.8968707804879158
47,A*-GA,87.0,22.0,0.8951900362041704
47,A*-GA,89.0,24.0,0.8934261521237814
47,A*-GA,91.0,24.0,0.8915848481559658
47,A*-GA,93.0,24.0,0.8896715791861144
47,A*-GA,95.0,26.0,0.887691546144225
47,A*-GA,97.0,26.0,0.8856497066280222
47,A*-GA,99.0,26.0,0.8835507850984183
47,A*-GA,101.0,26.0,0.8813992826642706
47,A*-GA,103.0,26.0,0.8791994864727263
47,A*-GA,105.0,26.0,0.8769554787208006
47,A*-GA,107.0,26.0,0.8746711453032205
47,A*-GA,109.0,28.000000000000004,0.8723501841109704
47,A*-GA,111.0,30.0,0.8699961129944094
47,A*-GA,113.0,32.0,0.867612277404282
47,A*-GA,115.0,32.0,0.8652018577234201
47,A*-GA,117.0,32.0,0.8627678763014258
47,A*-GA,119.0,32.0,0.8603535779656953
47,A*-GA,121.0,32.0,0.8580786771274975
47,A*-GA,123.0,32.0,0.8559372950373852
47,A*-GA,125.0,34.0,0.8539159354155162
47,A*-GA,127.0,34.0,0.8519865755605235
47,A*-GA,129.0,38.0,0.8501454622147459
47,A*-GA,131.0,38.0,0.8483889909525674
47,A*-GA,133.0,38.0,0.8467137003241706
47,A*-GA,135.0,38.0,0.8451162662292243
47,A*-GA,137.0,40.0,0.8435934965114812
47,A*-GA,139.0,40.0,0.8421423257656199
47,A*-GA,141.0,42.0,0.8407598103480001
47,A*-GA,143.0,42.0,0.8394431235833321
47,A*-GA,145.0,42.0,0.838189551159571
47,A*-GA,147.0,42.0,0.8369964867036496
47,A*-GA,149.0,42.0,0.8358614275309555
47,A*-GA,151.0,44.0,0.8347640223826174
47,A*-GA,153.0,44.0,0.8335903441626179
47,A*-GA,155.0,46.0,0.8323453516592831
47,A*-GA,157.0,46.0,0.8310337766234847
47,A*-GA,159.0,46.0,0.8296601332125343
47,A*-GA,161.0,46.0,0.8282287270547187
47,A*-GA,163.0,46.0,0.8267436639494992
47,A*-GA,165.0,46.0,0.8252088582178156
47,A*-GA,167.0,46.0,0.8236280407163639
47,A*-GA,169.0,46.0,0.8220047665291657
47,A*-GA,171.0,46.0,0.8203424223492306
47,A*-GA,173.0,48.0,0.8186442335626017
47,A*-GA,175.0,50.0,0.8169132710465935
47,A*-GA,177.0,52.0,0.8151524576935636
47,A*-GA,179.0,54.0,0.8133645746711166
47,A*-GA,181.0,54.0,0.8115522674292034
47,A*-GA,183.0,56.00000000000001,0.8097180514641708
47,A*-GA,185.0,56.00000000000001,0.8079785108365042
47,A*-GA,187.0,57.99999999999999,0.8063674074092052
47,A*-GA,189.0,60.0,0.8048790374823647
47,A*-GA,191.0,60.0,0.8034848174986319
47,A*-GA,193.0,60.0,0.8021730824767748
47,A*-GA,195.0,60.0,0.8009402857091537
47,A*-GA,197.0,60.0,0.7997830230593829
47,A*-GA,199.0,60.0,0.798698027331339
47,A*-GA,201.0,60.0,0.7976402126289736
47,A*-GA,203.0,60.0,0.7964853356057504
47,A*-GA,205.0,60.0,0.7952394885530304
47,A*-GA,207.0,60.0,0.7939084870024626
47,A*-GA,209.0,60.0,0.7924978812073347
47,A*-GA,211.0,62.0,0.7910129671631949
47,A*-GA,213.0,62.0,0.789458797185994
47,A*-GA,215.0,62.0,0.7878401900652695
47,A*-GA,217.0,62.0,0.7861617408092109
47,A*-GA,219.0,62.0,0.7844278299977772
47,A*-GA,221.0,64.0,0.7826426327594023
47,A*-GA,223.0,64.0,0.7808101273862119
47,A*-GA,225.0,64.0,0.7789341036020884
47,A*-GA,227.0,64.0,0.7770181704973516
47,A*-GA,229.0,66.0,0.7750657641432855
47,A*-GA,231.0,66.0,0.7730801548992171
47,A*-GA,233.0,66.0,0.7710644544243507
47,A*-GA,235.0,70.0,0.7690216224060848
47,A*-GA,237.0,70.0,0.7669544730160721
47,A*-GA,239.0,74.0,0.7648656811048392
47,A*-GA,241.0,74.0,0.7627577881453611
47,A*-GA,243.0,76.0,0.7606332113144447
47,A*-GA,245.0,76.0,0.7584942497196802
47,A*-GA,247.0,76.0,0.756343085287829
47,A*-GA,249.0,76.0,0.7541817876122932
47,A*-GA,251.0,76.0,0.7520123188018498
47,A*-GA,253.0,78.0,0.7498365381318678
47,A*-GA,255.0,78.0,0.7476562065058727
47,A*-GA,257.0,78.0,0.7454729907350224
47,A*-GA,259.0,78.0,0.7432884676427505
47,A*-GA,261.0,78.0,0.7411041280015536
47,A*-GA,263.0,78.0,0.7389213803086168
47,A*-GA,265.0,78.0,0.7367415544067153
47,A*-GA,267.0,80.0,0.7345659049565674
47,A*-GA,269.0,80.0,0.7323956147665756
47,A*-GA,271.0,80.0,0.7302317979856556
47,A*-GA,273.0,80.0,0.7280755031646293
47,A*-GA,275.0,82.0,0.7259277161914376
47,A*-GA,277.0,82.0,0.7237893631052267
47,A*-GA,279.0,82.0,0.7216613663728576
47,A*-GA,281.0,82.0,0.7195446939267394
47,A*-GA,283.0,86.0,0.7174400941608259
47,A*-GA,285.0,86.0,0.7153482663970734
47,A*-GA,287.0,86.0,0.713269863136347
47,A*-GA,289.0,86.0,0.7112054922156379
47,A*-GA,291.0,86.0,0.7091557188753582
47,A*-GA,293.0,86.0,0.7071210677403259
47,A*-GA,295.0,86.0,0.7051020247179158
47,A*-GA,297.0,86.0,0.7030990388167058
47,A*-GA,299.0,86.0,0.7011125238888252
47,A*-GA,301.0,86.0,0.6991428602990769
47,A*-GA,303.0,86.0,0.6971903965237897
47,A*-GA,305.0,88.0,0.695255450682232
47,A*-GA,307.0,90.0,0.6933383120033166
47,A*-GA,309.0,92.0,0.6914392422302055
47,A*-GA,311.0,96.0,0.6895584769653307
47,A*-GA,313.0,100.0,0.6876962269582406
47,A*-GA,315.0,100.0,0.6858526793385883
47,A*-GA,317.0,100.0,0.6840279987964847
47,A*-GA,319.0,100.0,0.6822223287123536
47,A*-GA,321.0,100.0,0.6804357922383368
47,A*-GA,323.0,100.0,0.6786684933332211
47,A*-GA,325.0,100.0,0.6769205177527727
47,A*-GA,327.0,100.0,0.6751919339973013
47,A*-GA,329.0,100.0,0.673482794218189
47,A*-GA,331.0,100.0,0.6717931350850642
47,A*-GA,333.0,100.0,0.6701229786152216
47,A*-GA,335.0,100.0,0.6684723329668361
47,A*-GA,337.0,100.0,0.6668411931974472
47,A*-GA,339.0,100.0,0.6652295419891391
47,A*-GA,341.0,100.0,0.6636373503417803
47,A*-GA,343.0,100.0,0.6620645782356334
47,A*-GA,345.0,100.0,0.6605111752645939
47,A*-GA,347.0,100.0,0.6589770812412665
47,A*-GA,349.0,100.0,0.6574622267750372
47,A*-GA,351.0,100.0,0.6559665338242554
47,A*-GA,353.0,100.0,0.6544899162235954
47,A*-GA,355.0,100.0,0.6530322801876218
47,A*-GA,357.0,100.0,0.6515935247915449
47,A*-GA,359.0,100.0,0.6501735424301104
47,A*-GA,361.0,100.0,0.6487722192555322
47,A*-GA,363.0,100.0,0.647389435595338
47,A*-GA,365.0,100.0,0.646025066350964
47,A*-GA,367.0,100.0,0.6446789813779021
47,A*-GA,369.0,100.0,0.6433510458481684
47,A*-GA,371.0,100.0,0.6420411205958331
47,A*-GA,373.0,100.0,0.6407490624463217
47,A*-GA,375.0,100.0,0.6394747245301666
47,A*-GA,377.0,100.0,0.6382179565818645
47,A*-GA,379.0,100.0,0.6369786052244651
47,A*-GA,381.0,100.0,0.6357565142404946
47,A*-GA,383.0,100.0,0.6345515248297897
47,A*-GA,385.0,100.0,0.6333634758547975
47,A*-GA,387.0,100.0,0.6321922040738714
47,A*-GA,389.0,100.0,0.6310375443630765
47,A*-GA,391.0,100.0,0.6298993299269898
47,A*-GA,393.0,100.0,0.6287773924989682
47,A*-GA,395.0,100.0,0.6276715625313332
47,A*-GA,397.0,100.0,0.6265816693759051
47,A*-GA,399.0,100.0,0.6255075414553022
47,A*-GA,401.0,100.0,0.6244490064254014
47,A*-GA,403.0,100.0,0.6234058913293435
47,A*-GA,405.0,100.0,0.622378022743448
47,A*-GA,407.0,100.0,0.6213652269153893
47,A*-GA,409.0,100.0,0.6203673298949717
47,A*-GA,411.0,100.0,0.619384157657825
47,A*-GA,413.0,100.0,0.6184155362223317
47,A*-GA,415.0,100.0,0.6174612917600829
47,A*-GA,417.0,100.0,0.6165212507001467
47,A*-GA,419.0,100.0,0.6155952398274244
47,A*-GA,421.0,100.0,0.614683086375355
47,A*-GA,423.0,100.0,0.6137846181132205
47,A*-GA,425.0,100.0,0.6128996634282918
47,A*-GA,427.0,100.0,0.6120280514030468
47,A*-GA,429.0,100.0,0.6111696118876826
47,A*-GA,431.0,100.0,0.6103241755681338
47,A*-GA,433.0,100.0,0.6094915740297999
47,A*-GA,435.0,100.0,0.6086716398171783
47,A*-GA,437.0,100.0,0.607864206489588
47,A*-GA,439.0,100.0,0.6070691086731653
47,A*-GA,441.0,100.0,0.6062861821093016
47,A*-GA,443.0,100.0,0.605515263699689
47,A*-GA,445.0,100.0,0.6047561915481313
47,A*-GA,447.0,100.0,0.6040088049992703
47,A*-GA,449.0,100.0,0.6032729446743751
47,A*-GA,451.0,100.0,0.6025484525043295
47,A*-GA,453.0,100.0,0.6018351717599534
47,A*-GA,455.0,100.0,0.6011329470797836
47,A*-GA,457.0,100.0,0.6004416244954378
47,A*-GA,459.0,100.0,0.5997610514546763
48,EHCO,1.0,0.0,0.8162200166351374
48,EHCO,3.0,0.0,0.8223350803335555
48,EHCO,5.0,0.0,0.8281091750708656
48,EHCO,7.0,0.0,0.8334330075785699
48,EHCO,9.0,0.0,0.8383279340991682
48,EHCO,11.0,0.0,0.8428144120417825
48,EHCO,13.0,0.0,0.8469120362519792
48,EHCO,15.0,0.0,0.8506395738420599
48,EHCO,17.0,0.0,0.85401499763857
48,EHCO,19.0,0.0,0.8570555183015407
48,EHCO,21.0,0.0,0.8597776151678402
48,EHCO,23.0,2.0,0.8621970658689477
48,EHCO,25.0,2.0,0.8643289747714884
48,EHCO,27.0,2.0,0.8661878002869653
48,EHCO,29.0,2.0,0.8677873810952984
48,EHCO,31.0,2.0,0.869140961325027
48,EHCO,33.0,2.0,0.8702612147313485
48,EHCO,35.0,2.0,0.8711602679115414
48,EHCO,37.0,2.0,0.8718497225957744
48,EHCO,39.0,4.0,0.8723406770497981
48,EHCO,41.0,4.0,0.8726437466245892
48,EHCO,43.0,6.0,0.8727690834866328
48,EHCO,45.0,6.0,0.8727263955612042
48,EHCO,47.0,6.0,0.872656323507768
48,EHCO,49.0,6.0,0.8726036776621713
48,EHCO,51.0,10.0,0.8725676122195465
48,EHCO,53.0,10.0,0.8725182112356933
48,EHCO,55.0,12.0,0.8724467302097796
48,EHCO,57.0,12.0,0.8723544266791784
48,EHCO,59.0,14.000000000000002,0.8722425023800227
48,EHCO,61.0,16.0,0.8721121055431882
48,EHCO,63.0,16.0,0.8719643330984379
48,EHCO,65.0,16.0,0.8718002327903609
48,EHCO,67.0,16.0,0.8716302714539974
48,EHCO,69.0,18.0,0.871352006327595
48,EHCO,71.0,18.0,0.8709288185052348
48,EHCO,73.0,18.0,0.870368963424308
48,EHCO,75.0,22.0,0.8696803301822842
48,EHCO,77.0,24.0,0.8688704566102957
48,EHCO,79.0,24.0,0.8679465437437841
48,EHCO,81.0,26.0,0.8669154697140512
48,EHCO,83.0,28.000000000000004,0.865783803083623
48,EHCO,85.0,30.0,0.8645578156474314
48,EHCO,87.0,30.0,0.8632434947209496
48,EHCO,89.0,30.0,0.8618465549355906
48,EHCO,91.0,30.0,0.8603724495608727
48,EHCO,93.0,30.0,0.8588678885474734
48,EHCO,95.0,30.0,0.8574580713657776
48,EHCO,97.0,30.0,0.8561389700784777
48,EHCO,99.0,32.0,0.8548988655163464
48,EHCO,101.0,32.0,0.8537114412904956
48,EHCO,103.0,32.0,0.8525745824469642
48,EHCO,105.0,32.0,0.8514862575348564
48,EHCO,107.0,32.0,0.8504445153246355
48,EHCO,109.0,32.0,0.849447481655222
48,EHCO,111.0,32.0,0.8484933564048457
48,EHCO,113.0,32.0,0.8475804105807935
48,EHCO,115.0,32.0,0.8467069835233885
48,EHCO,117.0,32.0,0.8458714802197196
48,EHCO,119.0,34.0,0.8450723687228138
48,EHCO,121.0,36.0,0.8443081776721152
48,EHCO,123.0,36.0,0.8435774939112959
48,EHCO,125.0,38.0,0.8428789601995778
48,EHCO,127.0,38.0,0.842211273012899
48,EHCO,129.0,38.0,0.8415731804313985
48,EHCO,131.0,42.0,0.8409711630788337
48,EHCO,133.0,44.0,0.8403021825204778
48,EHCO,135.0,44.0,0.8395297782083763
48,EHCO,137.0,44.0,0.8386601450123132
48,EHCO,139.0,46.0,0.837699199447585
48,EHCO,141.0,46.0,0.8366525911787583
48,EHCO,143.0,48.0,0.8355257140624872
48,EHCO,145.0,48.0,0.8343237167476295
48,EHCO,147.0,48.0,0.8330515128501874
48,EHCO,149.0,48.0,0.8317137907199058
48,EHCO,151.0,48.0,0.8303150228146988
48,EHCO,153.0,50.0,0.8288594746984403
48,EHCO,155.0,50.0,0.8274699730390176
48,EHCO,157.0,50.0,0.8261830680916464
48,EHCO,159.0,52.0,0.8249942036679084
48,EHCO,161.0,52.0,0.8238758972269323
48,EHCO,163.0,52.0,0.8228175401492778
48,EHCO,165.0,52.0,0.821816599202359
48,EHCO,167.0,52.0,0.8208706425365208
48,EHCO,169.0,52.0,0.8199773356856548
48,EHCO,171.0,52.0,0.8191344377249575
48,EHCO,173.0,54.0,0.8183397975796594
48,EHCO,175.0,54.0,0.817591350478801
48,EHCO,177.0,54.0,0.8168696384477567
48,EHCO,179.0,54.0,0.8160624926157503
48,EHCO,181.0,56.00000000000001,0.8151751389544311
48,EHCO,183.0,57.99999999999999,0.8142125674402175
48,EHCO,185.0,62.0,0.8131795418244189
48,EHCO,187.0,64.0,0.812120171803707
48,EHCO,189.0,64.0,0.811153460181094
48,EHCO,191.0,64.0,0.8102752908949473
48,EHCO,193.0,66.0,0.8094738619865333
48,EHCO,195.0,66.0,0.8087227793822452
48,EHCO,197.0,66.0,0.8080198553274124
48,EHCO,199.0,66.0,0.8073629902425469
48,EHCO,201.0,66.0,0.8067071822841232
48,EHCO,203.0,68.0,0.8059262924203221
48,EHCO,205.0,70.0,0.805027714602148
48,EHCO,207.0,70.0,0.804018511610736
48,EHCO,209.0,70.0,0.8029054287285113
48,EHCO,211.0,74.0,0.8016949068628003
48,EHCO,213.0,74.0,0.8003930951435617
48,EHCO,215.0,76.0,0.7990058630160497
48,EHCO,217.0,76.0,0.7975388118484013
48,EHCO,219.0,78.0,0.795997286073355
48,EHCO,221.0,78.0,0.7943863838825501
48,EHCO,223.0,78.0,0.7927109674911296
48,EHCO,225.0,78.0,0.7909756729896713
48,EHCO,227.0,80.0,0.7891849197998018
48,EHCO,229.0,80.0,0.7873429197492016
48,EHCO,231.0,80.0,0.785453771959534
48,EHCO,233.0,80.0,0.7835215505880043
48,EHCO,235.0,82.0,0.7815498822907704
48,EHCO,237.0,82.0,0.7795422194370805
48,EHCO,239.0,82.0,0.7775018474756559
48,EHCO,241.0,82.0,0.7754318920033461
48,EHCO,243.0,82.0,0.7733353255478808
48,EHCO,245.0,84.0,0.7712149740760764
48,EHCO,247.0,84.0,0.7690735232384086
48,EHCO,249.0,84.0,0.7669135243604278
48,EHCO,251.0,84.0,0.7647374001910878
48,EHCO,253.0,84.0,0.7625474504176541
48,EHCO,255.0,84.0,0.7603458569564806
48,EHCO,257.0,86.0,0.7581346890285762
48,EHCO,259.0,88.0,0.7559159080285304
48,EHCO,261.0,88.0,0.7536913721950286
48,EHCO,263.0,88.0,0.7514628410908627
48,EHCO,265.0,88.0,0.749231979900032
48,EHCO,267.0,88.0,0.7470003635492266
48,EHCO,269.0,90.0,0.7447694806607006
48,EHCO,271.0,90.0,0.7425407373432633
48,EHCO,273.0,90.0,0.7403154608278525
48,EHCO,275.0,90.0,0.7380949029538956
48,EHCO,277.0,90.0,0.7358802435124234
48,EHCO,279.0,90.0,0.7336725934516618
48,EHCO,281.0,92.0,0.7314729979506022
48,EHCO,283.0,92.0,0.7292824393658329
48,EHCO,285.0,94.0,0.7271018400567059
48,EHCO,287.0,94.0,0.7249320650937113
48,EHCO,289.0,94.0,0.7227739248547416
48,EHCO,291.0,94.0,0.7206281775137371
48,EHCO,293.0,94.0,0.7184955314260341
48,EHCO,295.0,94.0,0.716376647414558
48,EHCO,297.0,96.0,0.7142721409608461
48,EHCO,299.0,96.0,0.712182584304723
48,EHCO,301.0,96.0,0.7101085084563012
48,EHCO,303.0,96.0,0.708050405123834
48,EHCO,305.0,98.0,0.7060087285608091
48,EHCO,307.0,98.0,0.7039838973355348
48,EHCO,309.0,98.0,0.7019762960263426
48,EHCO,311.0,98.0,0.6999862768454083
48,EHCO,313.0,98.0,0.6980141611940688
48,EHCO,315.0,100.0,0.6960602411524055
48,EHCO,317.0,100.0,0.6941247809057483
48,EHCO,319.0,100.0,0.6922080181106522
48,EHCO,321.0,100.0,0.6903101652027974
48,EHCO,323.0,100.0,0.6884314106491635
48,EHCO,325.0,100.0,0.6865719201467388
48,EHCO,327.0,100.0,0.6847318377699336
48,EHCO,329.0,100.0,0.6829112870687782
48,EHCO,331.0,100.0,0.6811103721199095
48,EHCO,333.0,100.0,0.6793291785322637
48,EHCO,335.0,100.0,0.6775677744093197
48,EHCO,337.0,100.0,0.6758262112696646
48,EHCO,339.0,100.0,0.674104524927581
48,EHCO,341.0,100.0,0.672402736335287
48,EHCO,343.0,100.0,0.6707208523883981
48,EHCO,345.0,100.0,0.6690588666961144
48,EHCO,347.0,100.0,0.6674167603175776
48,EHCO,349.0,100.0,0.6657945024657853
48,EHCO,351.0,100.0,0.6641920511803943
48,EHCO,353.0,100.0,0.6626093539706889
48,EHCO,355.0,100.0,0.6610463484299454
48,EHCO,357.0,100.0,0.6595029628223678
48,EHCO,359.0,100.0,0.6579791166437261
48,EHCO,361.0,100.0,0.6564747211567845
48,EHCO,363.0,100.0,0.6549896799025593
48,EHCO,365.0,100.0,0.6535238891884093
48,EHCO,367.0,100.0,0.652077238553918
48,EHCO,369.0,100.0,0.6506496112154877
48,EHCO,371.0,100.0,0.6492408844905349
48,EHCO,373.0,100.0,0.6478509302021306
48,EHCO,375.0,100.0,0.6464796150649054
48,EHCO,377.0,100.0,0.6451268010529984
48,EHCO,379.0,100.0,0.6437923457508034
48,EHCO,381.0,100.0,0.6424761026872309
48,EHCO,383.0,100.0,0.6411779216541792
48,EHCO,385.0,100.0,0.6398976490098776
48,EHCO,387.0,100.0,0.6386351279677384
48,EHCO,389.0,100.0,0.6373901988713302
48,EHCO,391.0,100.0,0.6361626994560573
48,EHCO,393.0,100.0,0.6349524650981098
48,EHCO,395.0,100.0,0.6337593290512241
48,EHCO,397.0,100.0,0.6325831226717709
48,EHCO,399.0,100.0,0.631423675632669
48,EHCO,401.0,100.0,0.6302808161266034
48,EHCO,403.0,100.0,0.6291543710590013
48,EHCO,405.0,100.0,0.6280441662312103
48,EHCO,407.0,100.0,0.6269500265142957
48,EHCO,409.0,100.0,0.6258717760138646
48,EHCO,411.0,100.0,0.6248092382263021
48,EHCO,413.0,100.0,0.623762236186792
48,EHCO,415.0,100.0,0.6227305926094798
48,EHCO,417.0,100.0,0.6217141300201191
48,EHCO,419.0,100.0,0.6207126708815308
48,EHCO,421.0,100.0,0.6197260377121875
48,EHCO,423.0,100.0,0.6187540531982283
48,EHCO,425.0,100.0,0.6177965402991907
48,EHCO,427.0,100.0,0.6168533223477393
48,EHCO,429.0,100.0,0.6159242231436542
48,EHCO,431.0,100.0,0.6150090670423412
48,EHCO,433.0,100.0,0.6141076790380986
48,EHCO,435.0,100.0,0.6132198848423854
48,EHCO,437.0,100.0,0.6123455109573087
48,EHCO,439.0,100.0,0.6114843847445487
48,EHCO,441.0,100.0,0.6106363344899292
48,EHCO,443.0,100.0,0.6098011894638286
48,EHCO,445.0,100.0,0.6089787799776251
48,EHCO,447.0,100.0,0.6081689374363548
48,EHCO,449.0,100.0,0.6073714943877594
48,EHCO,451.0,100.0,0.6065862845678895
48,EHCO,453.0,100.0,0.6058131429434246
48,EHCO,455.0,100.0,0.6050519057508628
48,EHCO,457.0,100.0,0.6043024105327268
48,EHCO,459.0,100.0,0.6035644961709292
48,EHCO,461.0,100.0,0.6028380029174288
48,EHCO,463.0,100.0,0.6021227724223103
48,EHCO,465.0,100.0,0.6014186477594092
48,EHCO,467.0,100.0,0.6007254734496021
48,EHCO,469.0,100.0,0.6000430954818751
48,A*-GA,1.0,0.0,0.8162200166351374
48,A*-GA,3.0,0.0,0.8223350803335555
48,A*-GA,5.0,0.0,0.8281091750708656
48,A*-GA,7.0,0.0,0.8334330075785699
48,A*-GA,9.0,0.0,0.8383279340991682
48,A*-GA,11.0,0.0,0.8428144120417825
48,A*-GA,13.0,0.0,0.8469120362519792
48,A*-GA,15.0,0.0,0.8506395738420599
48,A*-GA,17.0,0.0,0.85401499763857
48,A*-GA,19.0,0.0,0.8570555183015407
48,A*-GA,21.0,0.0,0.8597776151678402
48,A*-GA,23.0,0.0,0.8621970658689477
48,A*-GA,25.0,0.0,0.8643289747714884
48,A*-GA,27.0,0.0,0.8661878002869653
48,A*-GA,29.0,0.0,0.8677873810952984
48,A*-GA,31.0,0.0,0.869140961325027
48,A*-GA,33.0,0.0,0.8702612147313485
48,A*-GA,35.0,0.0,0.8711602679115414
48,A*-GA,37.0,0.0,0.8718497225957744
48,A*-GA,39.0,0.0,0.8723406770497981
48,A*-GA,41.0,0.0,0.8726437466245892
48,A*-GA,43.0,0.0,0.8729017932008205
48,A*-GA,45.0,2.0,0.8731608117456752
48,A*-GA,47.0,6.0,0.8734206415326985
48,A*-GA,49.0,8.0,0.8736507177457241
48,A*-GA,51.0,8.0,0.8738425889018381
48,A*-GA,53.0,8.0,0.8739982304262046
48,A*-GA,55.0,8.0,0.874119532370163
48,A*-GA,57.0,10.0,0.8742083028906416
48,A*-GA,59.0,10.0,0.8742662715909225
48,A*-GA,61.0,12.0,0.8742950927282338
48,A*-GA,63.0,12.0,0.8742963482934247
48,A*-GA,65.0,12.0,0.8742715509677794
48,A*-GA,67.0,12.0,0.8742319307275729
48,A*-GA,69.0,12.0,0.8740754453120015
48,A*-GA,71.0,12.0,0.8737655600210172
48,A*-GA,73.0,12.0,0.8733109240020757
48,A*-GA,75.0,12.0,0.8727198036067931
48,A*-GA,77.0,16.0,0.8720000981267992
48,A*-GA,79.0,16.0,0.8711593549003946
48,A*-GA,81.0,18.0,0.8702047838148915
48,A*-GA,83.0,20.0,0.86914327122854
48,A*-GA,85.0,20.0,0.867981393334996
48,A*-GA,87.0,20.0,0.8667254289923905
48,A*-GA,89.0,20.0,0.8653813720381838
48,A*-GA,91.0,20.0,0.8639549431101617
48,A*-GA,93.0,20.0,0.8624516009931215
48,A*-GA,95.0,20.0,0.8608765535100318
48,A*-GA,97.0,20.0,0.8592347679757087
48,A*-GA,99.0,20.0,0.8575309812303381
48,A*-GA,101.0,22.0,0.8557697092694939
48,A*-GA,103.0,22.0,0.8540771185101439
48,A*-GA,105.0,22.0,0.8524907873403513
48,A*-GA,107.0,26.0,0.8510061067856289
48,A*-GA,109.0,28.000000000000004,0.8495955425853259
48,A*-GA,111.0,30.0,0.8482484354357823
48,A*-GA,113.0,32.0,0.8469622024261033
48,A*-GA,115.0,32.0,0.8457343630056289
48,A*-GA,117.0,32.0,0.8445625349569471
48,A*-GA,119.0,32.0,0.8434444305270115
48,A*-GA,121.0,32.0,0.842377852710158
48,A*-GA,123.0,32.0,0.8413606916770626
48,A*-GA,125.0,32.0,0.8403909213439119
48,A*-GA,127.0,32.0,0.839466596076285
48,A*-GA,129.0,32.0,0.8385858475224608
48,A*-GA,131.0,32.0,0.8377468815710716
48,A*-GA,133.0,32.0,0.836947975428225
48,A*-GA,135.0,32.0,0.8361874748094041
48,A*-GA,137.0,34.0,0.8354637912416436
48,A*-GA,139.0,34.0,0.8347753994716532
48,A*-GA,141.0,34.0,0.8341208349757324
48,A*-GA,143.0,36.0,0.83349869156748
48,A*-GA,145.0,38.0,0.8329153020684664
48,A*-GA,147.0,38.0,0.8322687052040253
48,A*-GA,149.0,38.0,0.8315226205320537
48,A*-GA,151.0,38.0,0.8306830089466849
48,A*-GA,153.0,38.0,0.8297555634815441
48,A*-GA,155.0,40.0,0.8287457203800934
48,A*-GA,157.0,40.0,0.8276586697223961
48,A*-GA,159.0,40.0,0.8264993656258554
48,A*-GA,161.0,42.0,0.8252725360367931
48,A*-GA,163.0,46.0,0.8239826921290659
48,A*-GA,165.0,48.0,0.8226341373252838
48,A*-GA,167.0,48.0,0.8212309759555767
48,A*-GA,169.0,48.0,0.8197771215682718
48,A*-GA,171.0,48.0,0.8182763049062746
48,A*-GA,173.0,48.0,0.8167320815624062
48,A*-GA,175.0,48.0,0.8151478393264238
48,A*-GA,177.0,48.0,0.8135268052359537
48,A*-GA,179.0,50.0,0.8118720523430809
48,A*-GA,181.0,50.0,0.810225176369432
48,A*-GA,183.0,50.0,0.8087010668888502
48,A*-GA,185.0,50.0,0.8072943486912498
48,A*-GA,187.0,54.0,0.8059920109275999
48,A*-GA,189.0,54.0,0.8047664989110095
48,A*-GA,191.0,56.00000000000001,0.8036145106472202
48,A*-GA,193.0,57.99999999999999,0.8025328768623073
48,A*-GA,195.0,57.99999999999999,0.8015185557609099
48,A*-GA,197.0,57.99999999999999,0.8005686279904817
48,A*-GA,199.0,60.0,0.7996802918034798
48,A*-GA,201.0,60.0,0.7988085939062385
48,A*-GA,203.0,60.0,0.7978288192134229
48,A*-GA,205.0,60.0,0.7967475534849143
48,A*-GA,207.0,60.0,0.7955710853478104
48,A*-GA,209.0,62.0,0.7943054185937723
48,A*-GA,211.0,62.0,0.7929562839833577
48,A*-GA,213.0,62.0,0.7915291505768527
48,A*-GA,215.0,62.0,0.7900292366103538
48,A*-GA,217.0,62.0,0.7884615199351066
48,A*-GA,219.0,62.0,0.7868307480374004
48,A*-GA,221.0,62.0,0.7851414476556392
48,A*-GA,223.0,62.0,0.7833979340105536
48,A*-GA,225.0,64.0,0.7816043196638836
48,A*-GA,227.0,64.0,0.7797645230202699
48,A*-GA,229.0,66.0,0.7778822764864978
48,A*-GA,231.0,68.0,0.77596113430169
48,A*-GA,233.0,68.0,0.7740044800515041
48,A*-GA,235.0,70.0,0.7720155338788764
48,A*-GA,237.0,70.0,0.7699973594033609
48,A*-GA,239.0,70.0,0.7679528703606346
48,A*-GA,241.0,72.0,0.7658848369732876
48,A*-GA,243.0,72.0,0.7637958920635748
48,A*-GA,245.0,72.0,0.7616885375373452
48,A*-GA,247.0,72.0,0.7595651545376407
48,A*-GA,249.0,74.0,0.7574280054745973
48,A*-GA,251.0,74.0,0.7552792370031722
48,A*-GA,253.0,76.0,0.7531208850104879
48,A*-GA,255.0,76.0,0.7509548794001462
48,A*-GA,257.0,76.0,0.7487832714236567
48,A*-GA,259.0,76.0,0.7466078511490924
48,A*-GA,261.0,78.0,0.7444301686627554
48,A*-GA,263.0,78.0,0.742251554032214
48,A*-GA,265.0,78.0,0.7400734735228627
48,A*-GA,267.0,80.0,0.7378973122479913
48,A*-GA,269.0,80.0,0.7357243777429475
48,A*-GA,271.0,80.0,0.7335559033926315
48,A*-GA,273.0,80.0,0.7313930517181799
48,A*-GA,275.0,82.0,0.729236917528471
48,A*-GA,277.0,82.0,0.7270885309418548
48,A*-GA,279.0,82.0,0.7249488602833039
48,A*-GA,281.0,84.0,0.7228188148619676
48,A*-GA,283.0,84.0,0.7206992476339242
48,A*-GA,285.0,86.0,0.7185909577547271
48,A*-GA,287.0,86.0,0.7164946930261669
48,A*-GA,289.0,86.0,0.7144111522414891
48,A*-GA,291.0,86.0,0.7123409874331472
48,A*-GA,293.0,86.0,0.7102848060269997
48,A*-GA,295.0,88.0,0.7082431729067155
48,A*-GA,297.0,88.0,0.7062166123919931
48,A*-GA,299.0,88.0,0.704205610134063
48,A*-GA,301.0,90.0,0.7022106149318028
48,A*-GA,303.0,92.0,0.7002320404716607
48,A*-GA,305.0,94.0,0.6982702669944598
48,A*-GA,307.0,96.0,0.6963256428920325
48,A*-GA,309.0,98.0,0.6943984862365131
48,A*-GA,311.0,98.0,0.6924890862450139
48,A*-GA,313.0,98.0,0.6905977046822908
48,A*-GA,315.0,98.0,0.6887245772039094
48,A*-GA,317.0,98.0,0.6868699146423193
48,A*-GA,319.0,98.0,0.685033904238147
48,A*-GA,321.0,98.0,0.6832167108189316
48,A*-GA,323.0,98.0,0.6814184779274317
48,A*-GA,325.0,98.0,0.6796393289015532
48,A*-GA,327.0,98.0,0.6778793679078639
48,A*-GA,329.0,98.0,0.6761386809305809
48,A*-GA,331.0,98.0,0.6744173367178468
48,A*-GA,333.0,98.0,0.6727153876870298
48,A*-GA,335.0,98.0,0.6710328707907247
48,A*-GA,337.0,98.0,0.6693698083450544
48,A*-GA,339.0,98.0,0.6677262088218144
48,A*-GA,341.0,98.0,0.6661020870679036
48,A*-GA,343.0,98.0,0.664497481179154
48,A*-GA,345.0,100.0,0.6629123560824427
48,A*-GA,347.0,100.0,0.6613466660059565
48,A*-GA,349.0,100.0,0.6598003550984756
48,A*-GA,351.0,100.0,0.658273358021062
48,A*-GA,353.0,100.0,0.6567656005122954
48,A*-GA,355.0,100.0,0.6552769999281406
48,A*-GA,357.0,100.0,0.653807465757501
48,A*-GA,359.0,100.0,0.6523569001144607
48,A*-GA,361.0,100.0,0.6509251982081791
48,A*-GA,363.0,100.0,0.6495122487913698
48,A*-GA,365.0,100.0,0.6481179345882483
48,A*-GA,367.0,100.0,0.6467421327028046
48,A*-GA,369.0,100.0,0.6453847150082211
48,A*-GA,371.0,100.0,0.644045548518221
48,A*-GA,373.0,100.0,0.6427244957411021
48,A*-GA,375.0,100.0,0.641421415017182
48,A*-GA,377.0,100.0,0.6401361608403483
48,A*-GA,379.0,100.0,0.638868584164384
48,A*-GA,381.0,100.0,0.6376185326947045
48,A*-GA,383.0,100.0,0.6363858511661252
48,A*-GA,385.0,100.0,0.6351703816072465
48,A*-GA,387.0,100.0,0.6339719635920233
48,A*-GA,389.0,100.0,0.632790434479063
48,A*-GA,391.0,100.0,0.631625629639171
48,A*-GA,393.0,100.0,0.6304773826716462
48,A*-GA,395.0,100.0,0.6293455256098047
48,A*-GA,397.0,100.0,0.6282298891161923
48,A*-GA,399.0,100.0,0.6271303026679277
48,A*-GA,401.0,100.0,0.6260465947326009
48,A*-GA,403.0,100.0,0.6249785929351314
48,A*-GA,405.0,100.0,0.6239261242159772
48,A*-GA,407.0,100.0,0.6228890149810704
48,A*-GA,409.0,100.0,0.6218670912438344
48,A*-GA,411.0,100.0,0.62086017875963
48,A*-GA,413.0,100.0,0.6198681031529593
48,A*-GA,415.0,100.0,0.6188906900377447
48,A*-GA,417.0,100.0,0.6179277651309858
48,A*-GA,419.0,100.0,0.6169791543600859
48,A*-GA,421.0,100.0,0.616044683964127
48,A*-GA,423.0,100.0,0.6151241805893621
48,A*-GA,425.0,100.0,0.6142174713791806
48,A*-GA,427.0,100.0,0.6133243840587933
48,A*-GA,429.0,100.0,0.6124447470148728
48,A*-GA,431.0,100.0,0.6115783893703772
48,A*-GA,433.0,100.0,0.6107251410547714
48,A*-GA,435.0,100.0,0.6098848328698564
48,A*-GA,437.0,100.0,0.6090572965514054
48,A*-GA,439.0,100.0,0.6082423648267963
48,A*-GA,441.0,100.0,0.6074398714688269
48,A*-GA,443.0,100.0,0.6066496513458846
48,A*-GA,445.0,100.0,0.6058715404686421
48,A*-GA,447.0,100.0,0.605105376033439
48,A*-GA,449.0,100.0,0.6043509964625029
48,A*-GA,451.0,100.0,0.6036082414411603
48,A*-GA,453.0,100.0,0.6028769519521769
48,A*-GA,455.0,100.0,0.6021569703073643
48,A*-GA,457.0,100.0,0.6014481401765832
48,A*-GA,459.0,100.0,0.6007503066142681
48,A*-GA,461.0,100.0,0.6000633160835913
49,EHCO,1.0,0.0,0.9167515088133242
49,EHCO,3.0,0.0,0.9189227432591776
49,EHCO,5.0,0.0,0.9209195563127982
49,EHCO,7.0,0.0,0.9227502599263728
49,EHCO,9.0,0.0,0.9244228156882862
49,EHCO,11.0,0.0,0.9259448489692589
49,EHCO,13.0,0.0,0.9273236625069003
49,EHCO,15.0,0.0,0.9285662494508168
49,EHCO,17.0,0.0,0.9296793058895452
49,EHCO,19.0,0.0,0.9306692428797453
49,EHCO,21.0,0.0,0.9315421979972834
49,EHCO,23.0,0.0,0.9323040464290637
49,EHCO,25.0,0.0,0.9329604116237261
49,EHCO,27.0,2.0,0.9335166755186148
49,EHCO,29.0,2.0,0.9339661563813346
49,EHCO,31.0,4.0,0.9341901075148771
49,EHCO,33.0,4.0,0.9342008069918466
49,EHCO,35.0,4.0,0.9340099945160008
49,EHCO,37.0,4.0,0.9336288934795587
49,EHCO,39.0,4.0,0.9330682321397155
49,EHCO,41.0,6.0,0.9323382639491715
49,EHCO,43.0,6.0,0.9314487870741167
49,EHCO,45.0,6.0,0.9304091631317934
49,EHCO,47.0,8.0,0.9292283351784962
49,EHCO,49.0,8.0,0.9279148449776543
49,EHCO,51.0,10.0,0.9264768495764746
49,EHCO,53.0,14.000000000000002,0.9249221372185013
49,EHCO,55.0,16.0,0.9232581426183711
49,EHCO,57.0,18.0,0.9214919616240124
49,EHCO,59.0,18.0,0.9196303652905337
49,EHCO,61.0,18.0,0.9176798133891028
49,EHCO,63.0,18.0,0.9156464673731922
49,EHCO,65.0,18.0,0.9136666325896466
49,EHCO,67.0,18.0,0.9117816070661968
49,EHCO,69.0,20.0,0.9099874820568372
49,EHCO,71.0,20.0,0.9082522977006429
49,EHCO,73.0,22.0,0.9065647155369667
49,EHCO,75.0,24.0,0.9049232008189002
49,EHCO,77.0,24.0,0.9033262735086645
49,EHCO,79.0,24.0,0.9017562996105289
49,EHCO,81.0,24.0,0.9000928462929879
49,EHCO,83.0,24.0,0.8983421381606336
49,EHCO,85.0,28.000000000000004,0.8965101133575872
49,EHCO,87.0,28.000000000000004,0.8946024355039532
49,EHCO,89.0,28.000000000000004,0.8926245051524616
49,EHCO,91.0,28.000000000000004,0.8905814707843107
49,EHCO,93.0,28.000000000000004,0.8884782393624766
49,EHCO,95.0,28.000000000000004,0.8863194864600332
49,EHCO,97.0,28.000000000000004,0.8841096659803376
49,EHCO,99.0,28.000000000000004,0.8818530194852692
49,EHCO,101.0,32.0,0.8795535851470758
49,EHCO,103.0,32.0,0.877215206338764
49,EHCO,105.0,34.0,0.8748415398773837
49,EHCO,107.0,34.0,0.8724360639339908
49,EHCO,109.0,34.0,0.8700020856235283
49,EHCO,111.0,34.0,0.8676642538515804
49,EHCO,113.0,36.0,0.8654589395515715
49,EHCO,115.0,38.0,0.863380493213581
49,EHCO,117.0,38.0,0.8614003809769164
49,EHCO,119.0,38.0,0.8595069832661035
49,EHCO,121.0,38.0,0.8576967946825637
49,EHCO,123.0,38.0,0.8559664484885714
49,EHCO,125.0,38.0,0.8542944696110476
49,EHCO,127.0,38.0,0.8525652919474654
49,EHCO,129.0,40.0,0.8507831832958828
49,EHCO,131.0,42.0,0.8489522105773858
49,EHCO,133.0,44.0,0.8470762482693657
49,EHCO,135.0,44.0,0.8451589864988209
49,EHCO,137.0,44.0,0.8432039388091731
49,EHCO,139.0,44.0,0.8412144496135524
49,EHCO,141.0,48.0,0.839193701347
49,EHCO,143.0,48.0,0.8371447213295411
49,EHCO,145.0,48.0,0.8350703883516131
49,EHCO,147.0,50.0,0.832973438992879
49,EHCO,149.0,52.0,0.8308564736850229
49,EHCO,151.0,52.0,0.8287219625287059
49,EHCO,153.0,52.0,0.8265722508744568
49,EHCO,155.0,52.0,0.8244483678898329
49,EHCO,157.0,52.0,0.8224649118980875
49,EHCO,159.0,52.0,0.8206158264998903
49,EHCO,161.0,54.0,0.8188951292203892
49,EHCO,163.0,54.0,0.8171807331854064
49,EHCO,165.0,56.00000000000001,0.815435447860417
49,EHCO,167.0,56.00000000000001,0.8136621015735408
49,EHCO,169.0,56.00000000000001,0.8118633849789962
49,EHCO,171.0,56.00000000000001,0.8100418568996488
49,EHCO,173.0,56.00000000000001,0.8081999499330564
49,EHCO,175.0,56.00000000000001,0.8063399758304131
49,EHCO,177.0,57.99999999999999,0.8044641306574164
49,EHCO,179.0,60.0,0.8025744997457328
49,EHCO,181.0,64.0,0.8006730624433893
49,EHCO,183.0,64.0,0.798761696672091
49,EHCO,185.0,64.0,0.7968421832991529
49,EHCO,187.0,64.0,0.7949537195482308
49,EHCO,189.0,64.0,0.7932066823491885
49,EHCO,191.0,66.0,0.7915948629973757
49,EHCO,193.0,68.0,0.7901044509681547
49,EHCO,195.0,70.0,0.7887071243788878
49,EHCO,197.0,70.0,0.7873988452329993
49,EHCO,199.0,70.0,0.7861757382118497
49,EHCO,201.0,72.0,0.7849929971978366
49,EHCO,203.0,72.0,0.7837282932439154
49,EHCO,205.0,72.0,0.7823869577287415
49,EHCO,207.0,72.0,0.7809740779078741
49,EHCO,209.0,72.0,0.779494507068747
49,EHCO,211.0,72.0,0.7779528742777078
49,EHCO,213.0,72.0,0.7763535937352848
49,EHCO,215.0,74.0,0.7747008737552089
49,EHCO,217.0,74.0,0.7729987253821008
49,EHCO,219.0,74.0,0.7712509706621491
49,EHCO,221.0,76.0,0.7694612505805416
49,EHCO,223.0,76.0,0.7676330326788675
49,EHCO,225.0,78.0,0.7657696183651868
49,EHCO,227.0,80.0,0.7638741499289663
49,EHCO,229.0,80.0,0.7619496172725969
49,EHCO,231.0,80.0,0.759998864370747
49,EHCO,233.0,80.0,0.7580245964659262
49,EHCO,235.0,80.0,0.756029390878345
49,EHCO,237.0,82.0,0.7540156974525968
49,EHCO,239.0,82.0,0.7519858430102506
49,EHCO,241.0,82.0,0.7499420366209029
49,EHCO,243.0,82.0,0.7478863746590931
49,EHCO,245.0,82.0,0.7458208456556076
49,EHCO,247.0,82.0,0.7437473349513538
49,EHCO,249.0,82.0,0.7416678402404858
49,EHCO,251.0,84.0,0.7395841090811165
49,EHCO,253.0,86.0,0.7374977260586046
49,EHCO,255.0,86.0,0.7354101901514286
49,EHCO,257.0,88.0,0.7333229184770201
49,EHCO,259.0,90.0,0.7312372498842454
49,EHCO,261.0,92.0,0.7291544483986552
49,EHCO,263.0,92.0,0.7270757065263828
49,EHCO,265.0,92.0,0.7250021484223397
49,EHCO,267.0,94.0,0.7229348329281313
49,EHCO,269.0,94.0,0.7208747564849034
49,EHCO,271.0,94.0,0.7188228559261226
49,EHCO,273.0,94.0,0.7167800111550979
49,EHCO,275.0,94.0,0.7147470477118578
49,EHCO,277.0,94.0,0.7127247392338172
49,EHCO,279.0,94.0,0.710713809814491
49,EHCO,281.0,94.0,0.7087149362643443
49,EHCO,283.0,94.0,0.7067287502777063
49,EHCO,285.0,94.0,0.7047558405095188
49,EHCO,287.0,94.0,0.702796754565543
49,EHCO,289.0,96.0,0.7008520009095042
49,EHCO,291.0,98.0,0.6989220506905106
49,EHCO,293.0,98.0,0.6970073394939625
49,EHCO,295.0,98.0,0.695108269019026
49,EHCO,297.0,98.0,0.6932252086856346
49,EHCO,299.0,98.0,0.6913584971738594
49,EHCO,301.0,98.0,0.6895084438983765
49,EHCO,303.0,98.0,0.6876753304206527
49,EHCO,305.0,98.0,0.6858594118013659
49,EHCO,307.0,98.0,0.6840609178954776
49,EHCO,309.0,98.0,0.6822800545922773
49,EHCO,311.0,100.0,0.6805170050026278
49,EHCO,313.0,100.0,0.6787719305955516
49,EHCO,315.0,100.0,0.6770449722862124
49,EHCO,317.0,100.0,0.6753362514772665
49,EHCO,319.0,100.0,0.6736458710554756
49,EHCO,321.0,100.0,0.671973916345404
49,EHCO,323.0,100.0,0.6703204560219449
49,EHCO,325.0,100.0,0.6686855429833523
49,EHCO,327.0,100.0,0.667069215186391
49,EHCO,329.0,100.0,0.6654714964451487
49,EHCO,331.0,100.0,0.6638923971949974
49,EHCO,333.0,100.0,0.6623319152231263
49,EHCO,335.0,100.0,0.6607900363670174
49,EHCO,337.0,100.0,0.6592667351821759
49,EHCO,339.0,100.0,0.6577619755803779
49,EHCO,341.0,100.0,0.6562757114396449
49,EHCO,343.0,100.0,0.6548078871871098
49,EHCO,345.0,100.0,0.6533584383558886
49,EHCO,347.0,100.0,0.6519272921170299
49,EHCO,349.0,100.0,0.6505143677875712
49,EHCO,351.0,100.0,0.6491195773156884
49,EHCO,353.0,100.0,0.6477428257438869
49,EHCO,355.0,100.0,0.6463840116511445
49,EHCO,357.0,100.0,0.6450430275748781
49,EHCO,359.0,100.0,0.643719760413574
49,EHCO,361.0,100.0,0.6424140918108846
49,EHCO,363.0,100.0,0.641125898521966
49,EHCO,365.0,100.0,0.6398550527627959
49,EHCO,367.0,100.0,0.6386014225431842
49,EHCO,369.0,100.0,0.6373648719841581
49,EHCO,371.0,100.0,0.6361452616203785
49,EHCO,373.0,100.0,0.6349424486882151
49,EHCO,375.0,100.0,0.6337562874000844
49,EHCO,377.0,100.0,0.63258662920563
49,EHCO,379.0,100.0,0.6314333230403009
49,EHCO,381.0,100.0,0.6302962155618597
49,EHCO,383.0,100.0,0.6291751513753354
49,EHCO,385.0,100.0,0.6280699732469088
49,EHCO,387.0,100.0,0.626980522307204
49,EHCO,389.0,100.0,0.6259066382444358
49,EHCO,391.0,100.0,0.6248481594878491
49,EHCO,393.0,100.0,0.623804923381865
49,EHCO,395.0,100.0,0.6227767663513329
49,EHCO,397.0,100.0,0.6217635240582726
49,EHCO,399.0,100.0,0.6207650315504714
49,EHCO,401.0,100.0,0.6197811234022921
49,EHCO,403.0,100.0,0.6188116338480272
49,EHCO,405.0,100.0,0.617856396908124
49,EHCO,407.0,100.0,0.6169152465085931
49,EHCO,409.0,100.0,0.6159880165938969
49,EHCO,411.0,100.0,0.615074541233605
49,EHCO,413.0,100.0,0.614174654723091
49,EHCO,415.0,100.0,0.6132881916785324
49,EHCO,417.0,100.0,0.6124149871264694
49,EHCO,419.0,100.0,0.6115548765881585
49,EHCO,421.0,100.0,0.6107076961589606
49,EHCO,423.0,100.0,0.6098732825829782
49,EHCO,425.0,100.0,0.6090514733231615
49,EHCO,427.0,100.0,0.6082421066270828
49,EHCO,429.0,100.0,0.6074450215885784
49,EHCO,431.0,100.0,0.6066600582054448
49,EHCO,433.0,100.0,0.6058870574333681
49,EHCO,435.0,100.0,0.6051258612362613
49,EHCO,437.0,100.0,0.6043763126331737
49,EHCO,439.0,100.0,0.6036382557419301
49,EHCO,441.0,100.0,0.6029115358196532
49,EHCO,443.0,100.0,0.6021959993003143
49,EHCO,445.0,100.0,0.6014914938294513
49,EHCO,447.0,100.0,0.6007978682961874
49,EHCO,449.0,100.0,0.6001149728626793
49,A*-GA,1.0,0.0,0.9167515088133242
49,A*-GA,3.0,0.0,0.9189227432591776
49,A*-GA,5.0,0.0,0.9209195563127982
49,A*-GA,7.0,0.0,0.9227502599263728
49,A*-GA,9.0,0.0,0.9244228156882862
49,A*-GA,11.0,0.0,0.9259563574461879
49,A*-GA,13.0,0.0,0.9272546188468298
49,A*-GA,15.0,0.0,0.9282849712540765
49,A*-GA,17.0,0.0,0.9290615053787996
49,A*-GA,19.0,0.0,0.9295976999725288
49,A*-GA,21.0,0.0,0.9299064468127084
49,A*-GA,23.0,0.0,0.930000074691619
49,A*-GA,25.0,0.0,0.9298903724483184
49,A*-GA,27.0,0.0,0.9295886110814048
49,A*-GA,29.0,0.0,0.9291515988866377
49,A*-GA,31.0,0.0,0.9287228453570351
49,A*-GA,33.0,0.0,0.9283022564418165
49,A*-GA,35.0,2.0,0.9278780602489763
49,A*-GA,37.0,2.0,0.9274165937639074
49,A*-GA,39.0,2.0,0.9269202045285269
49,A*-GA,41.0,2.0,0.9263911333562043
49,A*-GA,43.0,2.0,0.9258315187605942
49,A*-GA,45.0,4.0,0.9252434012067299
49,A*-GA,47.0,6.0,0.9246287271914136
49,A*-GA,49.0,6.0,0.9239775211812657
49,A*-GA,51.0,8.0,0.9231678786478428
49,A*-GA,53.0,8.0,0.9222090503561666
49,A*-GA,55.0,8.0,0.9211098739960456
49,A*-GA,57.0,8.0,0.9198787912161588
49,A*-GA,59.0,10.0,0.9185238639761917
49,A*-GA,61.0,10.0,0.9170527902440013
49,A*-GA,63.0,10.0,0.915472919063729
49,A*-GA,65.0,10.0,0.9137912650197546
49,A*-GA,67.0,10.0,0.9120145221204137
49,A*-GA,69.0,10.0,0.9101490771244463
49,A*-GA,71.0,10.0,0.9082010223322531
49,A*-GA,73.0,10.0,0.9061761678631546
49,A*-GA,75.0,14.000000000000002,0.904080053439021
49,A*-GA,77.0,14.000000000000002,0.9019179596938374
49,A*-GA,79.0,16.0,0.8996949190279936
49,A*-GA,81.0,16.0,0.8974157260253534
49,A*-GA,83.0,18.0,0.8950849474504423
49,A*-GA,85.0,18.0,0.8927069318424119
49,A*-GA,87.0,20.0,0.8904111942305162
49,A*-GA,89.0,20.0,0.8882360609178978
49,A*-GA,91.0,22.0,0.8861764631350899
49,A*-GA,93.0,22.0,0.8841849788619035
49,A*-GA,95.0,22.0,0.8821346126331602
49,A*-GA,97.0,22.0,0.8800299332685829
49,A*-GA,99.0,24.0,0.8778752930178423
49,A*-GA,101.0,26.0,0.8756748366736676
49,A*-GA,103.0,26.0,0.8734325103172519
49,A*-GA,105.0,26.0,0.8711520697105459
49,A*-GA,107.0,26.0,0.8688370883494584
49,A*-GA,109.0,26.0,0.8664909651914279
49,A*-GA,111.0,26.0,0.8641169320703027
49,A*-GA,113.0,26.0,0.8617180608109508
49,A*-GA,115.0,26.0,0.8592972700555365
49,A*-GA,117.0,26.0,0.8568573318129269
49,A*-GA,119.0,28.000000000000004,0.8544008777422395
49,A*-GA,121.0,28.000000000000004,0.8519304051811086
49,A*-GA,123.0,30.0,0.8494482829288303
49,A*-GA,125.0,34.0,0.8469567567941433
49,A*-GA,127.0,34.0,0.8444579549170217
49,A*-GA,129.0,34.0,0.8419538928734815
49,A*-GA,131.0,34.0,0.8394464785720495
49,A*-GA,133.0,34.0,0.8369375169502005
49,A*-GA,135.0,34.0,0.8345445988813136
49,A*-GA,137.0,34.0,0.8323012647912209
49,A*-GA,139.0,36.0,0.8302010309547498
49,A*-GA,141.0,36.0,0.8282145638419124
49,A*-GA,143.0,38.0,0.8263294773785568
49,A*-GA,145.0,38.0,0.8245415315168811
49,A*-GA,147.0,40.0,0.8228466554502774
49,A*-GA,149.0,40.0,0.8212409409419357
49,A*-GA,151.0,40.0,0.8197206359155209
49,A*-GA,153.0,40.0,0.8182821382976366
49,A*-GA,155.0,46.0,0.816921990102194
49,A*-GA,157.0,46.0,0.8156368717471932
49,A*-GA,159.0,46.0,0.8144069430178059
49,A*-GA,161.0,46.0,0.8131212358814696
49,A*-GA,163.0,46.0,0.8117836523079193
49,A*-GA,165.0,48.0,0.8103979128669064
49,A*-GA,167.0,48.0,0.8089675643126792
49,A*-GA,169.0,50.0,0.8074959868631849
49,A*-GA,171.0,52.0,0.8059864011861014
49,A*-GA,173.0,52.0,0.8044418751033231
49,A*-GA,175.0,52.0,0.8028653300250693
49,A*-GA,177.0,54.0,0.8012595471243454
49,A*-GA,179.0,54.0,0.7996271732620605
49,A*-GA,181.0,54.0,0.7979707266727021
49,A*-GA,183.0,54.0,0.796405596848216
49,A*-GA,185.0,54.0,0.7949652403115309
49,A*-GA,187.0,56.00000000000001,0.7936440619795321
49,A*-GA,189.0,57.99999999999999,0.7924135830386867
49,A*-GA,191.0,57.99999999999999,0.7912622395262517
49,A*-GA,193.0,57.99999999999999,0.790186582169652
49,A*-GA,195.0,57.99999999999999,0.7891833008205252
49,A*-GA,197.0,57.99999999999999,0.7882492189548091
49,A*-GA,199.0,57.99999999999999,0.7873812883890555
49,A*-GA,201.0,57.99999999999999,0.7865349603743497
49,A*-GA,203.0,57.99999999999999,0.7855871298984151
49,A*-GA,205.0,60.0,0.7845439996970729
49,A*-GA,207.0,60.0,0.7834114924672712
49,A*-GA,209.0,60.0,0.7821952624596613
49,A*-GA,211.0,60.0,0.7809007066063733
49,A*-GA,213.0,60.0,0.7795329752023871
49,A*-GA,215.0,60.0,0.7780969821581771
49,A*-GA,217.0,62.0,0.7765974148406098
49,A*-GA,219.0,64.0,0.775038743518402
49,A*-GA,221.0,68.0,0.7734252304278102
49,A*-GA,223.0,70.0,0.7717609384736015
49,A*-GA,225.0,70.0,0.7700497395797632
49,A*-GA,227.0,72.0,0.768295322703839
49,A*-GA,229.0,72.0,0.7665012015282343
49,A*-GA,231.0,72.0,0.7646707218413037
49,A*-GA,233.0,74.0,0.7628070686205324
49,A*-GA,235.0,76.0,0.7609132728296352
49,A*-GA,237.0,78.0,0.7589922179409324
49,A*-GA,239.0,78.0,0.7570466477746296
49,A*-GA,241.0,78.0,0.7550791763684087
49,A*-GA,243.0,78.0,0.7530922886852662
49,A*-GA,245.0,78.0,0.7510883453318119
49,A*-GA,247.0,78.0,0.7490695878808951
49,A*-GA,249.0,78.0,0.747038143978085
49,A*-GA,251.0,78.0,0.7449960322406052
49,A*-GA,253.0,78.0,0.7429451669569825
49,A*-GA,255.0,78.0,0.7408873625953475
49,A*-GA,257.0,78.0,0.7388243381280071
49,A*-GA,259.0,78.0,0.7367577878248853
49,A*-GA,261.0,78.0,0.7346894432895109
49,A*-GA,263.0,80.0,0.7326207445400289
49,A*-GA,265.0,80.0,0.7305530524649695
49,A*-GA,267.0,80.0,0.7284876523016608
49,A*-GA,269.0,80.0,0.7264257569719975
49,A*-GA,271.0,80.0,0.7243685102812667
49,A*-GA,273.0,80.0,0.7223169899855026
49,A*-GA,275.0,82.0,0.7202722107326267
49,A*-GA,277.0,84.0,0.7182351268824213
49,A*-GA,279.0,86.0,0.7162066352101872
49,A*-GA,281.0,86.0,0.7141875774987404
49,A*-GA,283.0,86.0,0.7121787430232221
49,A*-GA,285.0,86.0,0.7101808709330181
49,A*-GA,287.0,86.0,0.7081946525349121
49,A*-GA,289.0,88.0,0.7062207334814367
49,A*-GA,291.0,88.0,0.7042597158682278
49,A*-GA,293.0,90.0,0.7023121602440353
49,A*-GA,295.0,94.0,0.7003785875369035
49,A*-GA,297.0,94.0,0.6984594808998892
49,A*-GA,299.0,94.0,0.6965552874795561
49,A*-GA,301.0,98.0,0.6946664201103553
49,A*-GA,303.0,100.0,0.6927932589378768
49,A*-GA,305.0,100.0,0.6909361529738391
49,A*-GA,307.0,100.0,0.6890954215855718
49,A*-GA,309.0,100.0,0.6872713559226336
49,A*-GA,311.0,100.0,0.685464220283107
49,A*-GA,313.0,100.0,0.6836742534220078
49,A*-GA,315.0,100.0,0.6819016698041492
49,A*-GA,317.0,100.0,0.6801466608037124
49,A*-GA,319.0,100.0,0.6784093958526795
49,A*-GA,321.0,100.0,0.6766900235402056
49,A*-GA,323.0,100.0,0.6749886726649185
49,A*-GA,325.0,100.0,0.6733054532420579
49,A*-GA,327.0,100.0,0.6716404574672923
49,A*-GA,329.0,100.0,0.6699937606389725
49,A*-GA,331.0,100.0,0.6683654220405184
49,A*-GA,333.0,100.0,0.6667554857845593
49,A*-GA,335.0,100.0,0.665163981620393
49,A*-GA,337.0,100.0,0.6635909257062571
49,A*-GA,339.0,100.0,0.6620363213478548
49,A*-GA,341.0,100.0,0.6605001597045138
49,A*-GA,343.0,100.0,0.6589824204643038
49,A*-GA,345.0,100.0,0.6574830724893878
49,A*-GA,347.0,100.0,0.6560020744328265
49,A*-GA,349.0,100.0,0.6545393753280119
49,A*-GA,351.0,100.0,0.6530949151518527
49,A*-GA,353.0,100.0,0.6516686253627971
49,A*-GA,355.0,100.0,0.650260429414727
49,A*-GA,357.0,100.0,0.6488702432477222
49,A*-GA,359.0,100.0,0.6474979757566522
49,A*-GA,361.0,100.0,0.6461435292385088
49,A*-GA,363.0,100.0,0.6448067998193681
49,A*-GA,365.0,100.0,0.6434876778618216
49,A*-GA,367.0,100.0,0.6421860483536912
49,A*-GA,369.0,100.0,0.640901791278808
49,A*-GA,371.0,100.0,0.6396347819706018
49,A*-GA,373.0,100.0,0.638384891449219
49,A*-GA,375.0,100.0,0.6371519867428599
49,A*-GA,377.0,100.0,0.6359359311939949
49,A*-GA,379.0,100.0,0.6347365847510946
49,A*-GA,381.0,100.0,0.6335538042464846
49,A*-GA,383.0,100.0,0.6323874436609069
49,A*-GA,385.0,100.0,0.6312373543753517
49,A*-GA,387.0,100.0,0.6301033854106947
49,A*-GA,389.0,100.0,0.6289853836556607
49,A*-GA,391.0,100.0,0.6278831940836047
49,A*-GA,393.0,100.0,0.6267966599585886
49,A*-GA,395.0,100.0,0.6257256230312102
49,A*-GA,397.0,100.0,0.6246699237246204
49,A*-GA,399.0,100.0,0.6236294013111499
49,A*-GA,401.0,100.0,0.6226038940799492
49,A*-GA,403.0,100.0,0.6215932394960263
49,A*-GA,405.0,100.0,0.6205972743510544
49,A*-GA,407.0,100.0,0.6196158349063058
49,A*-GA,409.0,100.0,0.6186487570280527
49,A*-GA,411.0,100.0,0.6176958763157608
49,A*-GA,413.0,100.0,0.6167570282233932
49,A*-GA,415.0,100.0,0.6158320481741218
49,A*-GA,417.0,100.0,0.6149207716687383
49,A*-GA,419.0,100.0,0.614023034388039
49,A*-GA,421.0,100.0,0.6131386722894518
49,A*-GA,423.0,100.0,0.6122675216981585
49,A*-GA,425.0,100.0,0.611409419392955
49,A*-GA,427.0,100.0,0.6105642026870888
49,A*-GA,429.0,100.0,0.6097317095042925
49,A*-GA,431.0,100.0,0.6089117784502323
49,A*-GA,433.0,100.0,0.6081042488795765
49,A*-GA,435.0,100.0,0.6073089609588826
49,A*-GA,437.0,100.0,0.6065257557254919
49,A*-GA,439.0,100.0,0.6057544751426134
49,A*-GA,441.0,100.0,0.6049949621507726
49,A*-GA,443.0,100.0,0.6042470607157912
49,A*-GA,445.0,100.0,0.6035106158734561
49,A*-GA,447.0,100.0,0.602785473771036
49,A*-GA,449.0,100.0,0.6020714817057861
49,A*-GA,451.0,100.0,0.6013684881605874
49,A*-GA,453.0,100.0,0.6006763428368525
49,A*-GA,455.0,100.0,0.5999948966848271
50,EHCO,1.0,0.0,0.7422282055450854
50,EHCO,3.0,0.0,0.7512459523998418
50,EHCO,5.0,0.0,0.7598088586449664
50,EHCO,7.0,0.0,0.7678120981727361
50,EHCO,9.0,0.0,0.7752813191406497
50,EHCO,11.0,0.0,0.7822411025019071
50,EHCO,13.0,0.0,0.7887150048803876
50,EHCO,15.0,0.0,0.7947255997469772
50,EHCO,17.0,2.0,0.8002945169641607
50,EHCO,19.0,2.0,0.8054424807631593
50,EHCO,21.0,2.0,0.810189346215374
50,EHCO,23.0,2.0,0.8145541342574626
50,EHCO,25.0,2.0,0.81855506532705
50,EHCO,27.0,2.0,0.8222095916638303
50,EHCO,29.0,2.0,0.8255344283286654
50,EHCO,31.0,2.0,0.8285455829912188
50,EHCO,33.0,4.0,0.8312583845346755
50,EHCO,35.0,4.0,0.8336875105241908
50,EHCO,37.0,4.0,0.8358922279823783
50,EHCO,39.0,4.0,0.8380168523671606
50,EHCO,41.0,6.0,0.8400645385605086
50,EHCO,43.0,8.0,0.8420274319864459
50,EHCO,45.0,12.0,0.8438771467524644
50,EHCO,47.0,12.0,0.8456187151086277
50,EHCO,49.0,14.000000000000002,0.8472569621014443
50,EHCO,51.0,16.0,0.8487965138642237
50,EHCO,53.0,18.0,0.8502418055795309
50,EHCO,55.0,18.0,0.8515970891266444
50,EHCO,57.0,18.0,0.8528664404264192
50,EHCO,59.0,18.0,0.854053766495469
50,EHCO,61.0,18.0,0.8551628122211119
50,EHCO,63.0,20.0,0.8561971668680762
50,EHCO,65.0,20.0,0.8571602703275292
50,EHCO,67.0,20.0,0.8580655851877691
50,EHCO,69.0,20.0,0.8588128136332988
50,EHCO,71.0,22.0,0.8593667350652803
50,EHCO,73.0,22.0,0.8597376378084095
50,EHCO,75.0,22.0,0.8599353618699905
50,EHCO,77.0,22.0,0.8599693172663008
50,EHCO,79.0,24.0,0.859848501617802
50,EHCO,81.0,24.0,0.8595815170420831
50,EHCO,83.0,28.000000000000004,0.859176586372282
50,EHCO,85.0,28.000000000000004,0.8586415687276445
50,EHCO,87.0,28.000000000000004,0.8579839744618272
50,EHCO,89.0,30.0,0.8572109795135431
50,EHCO,91.0,32.0,0.8563717020136727
50,EHCO,93.0,32.0,0.8555950924756078
50,EHCO,95.0,32.0,0.8548784473344941
50,EHCO,97.0,36.0,0.8542111410476415
50,EHCO,99.0,36.0,0.8535675679427682
50,EHCO,101.0,38.0,0.852946831744966
50,EHCO,103.0,38.0,0.8523480707652582
50,EHCO,105.0,38.0,0.8517704565533005
50,EHCO,107.0,38.0,0.8512131926027794
50,EHCO,109.0,40.0,0.8506755131074425
50,EHCO,111.0,40.0,0.8501566817657783
50,EHCO,113.0,40.0,0.8496559906324382
50,EHCO,115.0,40.0,0.8491727590145706
50,EHCO,117.0,40.0,0.8487063324113062
50,EHCO,119.0,42.0,0.8482560814947067
50,EHCO,121.0,42.0,0.8478214011305489
50,EHCO,123.0,42.0,0.8474017094373877
50,EHCO,125.0,44.0,0.846977351795468
50,EHCO,127.0,44.0,0.8464317835584266
50,EHCO,129.0,44.0,0.8457720327444321
50,EHCO,131.0,44.0,0.8450048140953883
50,EHCO,133.0,44.0,0.8441365419876501
50,EHCO,135.0,46.0,0.8431733428259914
50,EHCO,137.0,46.0,0.8421210669412672
50,EHCO,139.0,48.0,0.8409853000114038
50,EHCO,141.0,48.0,0.8397713740245858
50,EHCO,143.0,48.0,0.8384843778027561
50,EHCO,145.0,50.0,0.8371291671028386
50,EHCO,147.0,50.0,0.8357103743124062
50,EHCO,149.0,50.0,0.8342324177558558
50,EHCO,151.0,50.0,0.8326995106265216
50,EHCO,153.0,50.0,0.83111566955955
50,EHCO,155.0,52.0,0.8294847228597747
50,EHCO,157.0,52.0,0.827810318398269
50,EHCO,159.0,52.0,0.8260959311907159
50,EHCO,161.0,52.0,0.8243448706702158
50,EHCO,163.0,52.0,0.8226771553812571
50,EHCO,165.0,54.0,0.8211279670968273
50,EHCO,167.0,56.00000000000001,0.8196920692613082
50,EHCO,169.0,57.99999999999999,0.8182467423310993
50,EHCO,171.0,57.99999999999999,0.8167549895969511
50,EHCO,173.0,57.99999999999999,0.8152203312096682
50,EHCO,175.0,57.99999999999999,0.8136461211453255
50,EHCO,177.0,57.99999999999999,0.8120355541883887
50,EHCO,179.0,57.99999999999999,0.8103916726332174
50,EHCO,181.0,57.99999999999999,0.8087173727151246
50,EHCO,183.0,57.99999999999999,0.807015410781728
50,EHCO,185.0,60.0,0.8052884092149032
50,EHCO,187.0,64.0,0.8035388621132428
50,EHCO,189.0,64.0,0.801769140744537
50,EHCO,191.0,64.0,0.7999814987774124
50,EHCO,193.0,64.0,0.7981780773009093
50,EHCO,195.0,64.0,0.7963609096404264
50,EHCO,197.0,64.0,0.7945319259781365
50,EHCO,199.0,66.0,0.7926929577856497
50,EHCO,201.0,66.0,0.7908349528792769
50,EHCO,203.0,68.0,0.7889286535093321
50,EHCO,205.0,68.0,0.7869780403212071
50,EHCO,207.0,70.0,0.7849868202458525
50,EHCO,209.0,70.0,0.7829585222555038
50,EHCO,211.0,70.0,0.7808965048827463
50,EHCO,213.0,72.0,0.7788039634357211
50,EHCO,215.0,72.0,0.7766839369215377
50,EHCO,217.0,74.0,0.7745393146894849
50,EHCO,219.0,74.0,0.772372842805175
50,EHCO,221.0,74.0,0.7701871301663163
50,EHCO,223.0,76.0,0.7679846543703869
50,EHCO,225.0,76.0,0.7657677673440775
50,EHCO,227.0,78.0,0.7635387007439837
50,EHCO,229.0,78.0,0.7612995711376497
50,EHCO,231.0,78.0,0.7590523849737109
50,EHCO,233.0,78.0,0.7567990433495343
50,EHCO,235.0,78.0,0.7545413465844264
50,EHCO,237.0,78.0,0.7522809986061557
50,EHCO,239.0,82.0,0.750019611158238
50,EHCO,241.0,82.0,0.74775870783513
50,EHCO,243.0,84.0,0.7454997279522018
50,EHCO,245.0,84.0,0.7432440302570822
50,EHCO,247.0,86.0,0.7409928964887134
50,EHCO,249.0,86.0,0.7387475347901997
50,EHCO,251.0,86.0,0.736509082981295
50,EHCO,253.0,88.0,0.7342786116961417
50,EHCO,255.0,88.0,0.7320571273916539
50,EHCO,257.0,88.0,0.7298455752317202
50,EHCO,259.0,88.0,0.7276448418522046
50,EHCO,261.0,88.0,0.7254557580115146
50,EHCO,263.0,88.0,0.723279101131332
50,EHCO,265.0,88.0,0.7211155977319057
50,EHCO,267.0,88.0,0.7189659257661425
50,EHCO,269.0,88.0,0.7168307168565567
50,EHCO,271.0,88.0,0.7147105584389838
50,EHCO,273.0,88.0,0.7126059958168044
50,EHCO,275.0,88.0,0.71051753412928
50,EHCO,277.0,90.0,0.7084456402374566
50,EHCO,279.0,92.0,0.7063907445309561
50,EHCO,281.0,92.0,0.7043532426588439
50,EHCO,283.0,92.0,0.7023334971876355
50,EHCO,285.0,92.0,0.7003318391893806
50,EHCO,287.0,92.0,0.69834856976265
50,EHCO,289.0,94.0,0.6963839614891364
50,EHCO,291.0,96.0,0.6944382598284713
50,EHCO,293.0,96.0,0.6925116844537621
50,EHCO,295.0,96.0,0.6906044305302463
50,EHCO,297.0,96.0,0.688716669939371
50,EHCO,299.0,96.0,0.6868485524505109
50,EHCO,301.0,96.0,0.685000206842451
50,EHCO,303.0,96.0,0.6831717419766747
50,EHCO,305.0,96.0,0.6813632478244178
50,EHCO,307.0,96.0,0.6795747964493698
50,EHCO,309.0,96.0,0.6778064429478312
50,EHCO,311.0,96.0,0.6760582263480593
50,EHCO,313.0,96.0,0.6743301704704711
50,EHCO,315.0,96.0,0.6726222847503003
50,EHCO,317.0,96.0,0.6709345650242458
50,EHCO,319.0,96.0,0.6692669942825856
50,EHCO,321.0,98.0,0.6676195433881716
50,EHCO,323.0,98.0,0.6659921717636635
50,EHCO,325.0,98.0,0.664384828048308
50,EHCO,327.0,98.0,0.6627974507255148
50,EHCO,329.0,98.0,0.6612299687224318
50,EHCO,331.0,98.0,0.6596823019826747
50,EHCO,333.0,98.0,0.6581543620133185
50,EHCO,335.0,98.0,0.6566460524072134
50,EHCO,337.0,98.0,0.6551572693416501
50,EHCO,339.0,98.0,0.653687902054349
50,EHCO,341.0,98.0,0.6522378332977202
50,EHCO,343.0,98.0,0.6508069397722925
50,EHCO,345.0,98.0,0.6493950925401809
50,EHCO,347.0,98.0,0.648002157419424
50,EHCO,349.0,100.0,0.6466279953599899
50,EHCO,351.0,100.0,0.645272462802217
50,EHCO,353.0,100.0,0.6439354120184242
50,EHCO,355.0,100.0,0.6426166914383996
50,EHCO,357.0,100.0,0.6413161459594413
50,EHCO,359.0,100.0,0.6400336172416028
50,EHCO,361.0,100.0,0.6387689439887672
50,EHCO,363.0,100.0,0.6375219622161477
50,EHCO,365.0,100.0,0.6362925055047892
50,EHCO,367.0,100.0,0.6350804052436239
50,EHCO,369.0,100.0,0.6338854908596064
50,EHCO,371.0,100.0,0.6327075900364415
50,EHCO,373.0,100.0,0.6315465289223846
50,EHCO,375.0,100.0,0.6304021323275889
50,EHCO,377.0,100.0,0.6292742239114426
50,EHCO,379.0,100.0,0.6281626263603289
50,EHCO,381.0,100.0,0.6270671615562207
50,EHCO,383.0,100.0,0.6259876507365045
50,EHCO,385.0,100.0,0.6249239146454163
50,EHCO,387.0,100.0,0.6238757736774496
50,EHCO,389.0,100.0,0.6228430480130884
50,EHCO,391.0,100.0,0.6218255577471986
50,EHCO,393.0,100.0,0.6208231230103982
50,EHCO,395.0,100.0,0.619835564083717
50,EHCO,397.0,100.0,0.6188627015068389
50,EHCO,399.0,100.0,0.6179043561802116
50,EHCO,401.0,100.0,0.6169603494612953
50,EHCO,403.0,100.0,0.6160305032552105
50,EHCO,405.0,100.0,0.6151146401000352
50,EHCO,407.0,100.0,0.6142125832469912
50,EHCO,409.0,100.0,0.6133241567357486
50,EHCO,411.0,100.0,0.6124491854650688
50,EHCO,413.0,100.0,0.6115874952589985
50,EHCO,415.0,100.0,0.6107389129288142
50,EHCO,417.0,100.0,0.6099032663309137
50,EHCO,419.0,100.0,0.6090803844208401
50,EHCO,421.0,100.0,0.6082700973036141
50,EHCO,423.0,100.0,0.607472236280549
50,EHCO,425.0,100.0,0.6066866338927092
50,EHCO,427.0,100.0,0.605913123961169
50,EHCO,429.0,100.0,0.6051515416242254
50,EHCO,431.0,100.0,0.6044017233717024
50,EHCO,433.0,100.0,0.6036635070764913
50,EHCO,435.0,100.0,0.6029367320234551
50,EHCO,437.0,100.0,0.6022212389358239
50,EHCO,439.0,100.0,0.6015168699992038
50,EHCO,441.0,100.0,0.600823468883314
50,EHCO,443.0,100.0,0.6001408807615638
50,A*-GA,1.0,0.0,0.7422282055450854
50,A*-GA,3.0,0.0,0.7512459523998418
50,A*-GA,5.0,0.0,0.7598206906233697
50,A*-GA,7.0,0.0,0.7679712687886403
50,A*-GA,9.0,0.0,0.7757157717554106
50,A*-GA,11.0,0.0,0.7830715510319703
50,A*-GA,13.0,0.0,0.7900552539391712
50,A*-GA,15.0,0.0,0.796671019645427
50,A*-GA,17.0,0.0,0.8028104953508521
50,A*-GA,19.0,0.0,0.8084959428141079
50,A*-GA,21.0,0.0,0.8137486913471068
50,A*-GA,23.0,0.0,0.8185891753719138
50,A*-GA,25.0,0.0,0.8230369704881455
50,A*-GA,27.0,0.0,0.8271108281095689
50,A*-GA,29.0,0.0,0.8308287087262906
50,A*-GA,31.0,0.0,0.8342078138467134
50,A*-GA,33.0,0.0,0.8372646166713064
50,A*-GA,35.0,0.0,0.8400148915481896
50,A*-GA,37.0,2.0,0.8424737422585665
50,A*-GA,39.0,2.0,0.8446556291781525
50,A*-GA,41.0,2.0,0.8465743953589302
50,A*-GA,43.0,2.0,0.8483781808288172
50,A*-GA,45.0,6.0,0.8501165198265933
50,A*-GA,47.0,10.0,0.8517919210676849
50,A*-GA,49.0,12.0,0.8533742756635694
50,A*-GA,51.0,14.000000000000002,0.8548570487194176
50,A*-GA,53.0,16.0,0.856244761078231
50,A*-GA,55.0,16.0,0.8575417460781349
50,A*-GA,57.0,16.0,0.858738632817529
50,A*-GA,59.0,16.0,0.8597175138557073
50,A*-GA,61.0,16.0,0.8604897631115208
50,A*-GA,63.0,16.0,0.8610662616704168
50,A*-GA,65.0,16.0,0.8614574178890295
50,A*-GA,67.0,16.0,0.8616731866983331
50,A*-GA,69.0,16.0,0.8617230881370044
50,A*-GA,71.0,16.0,0.8616162251454029
50,A*-GA,73.0,16.0,0.8613613006493772
50,A*-GA,75.0,18.0,0.8609666339619585
50,A*-GA,77.0,18.0,0.8604401765298958
50,A*-GA,79.0,18.0,0.859789527050931
50,A*-GA,81.0,20.0,0.8590219459866876
50,A*-GA,83.0,20.0,0.8581443694950709
50,A*-GA,85.0,24.0,0.8571634228051384
50,A*-GA,87.0,26.0,0.8560854330564903
50,A*-GA,89.0,26.0,0.8549164416243683
50,A*-GA,91.0,26.0,0.8536622159508105
50,A*-GA,93.0,26.0,0.8523282609014148
50,A*-GA,95.0,26.0,0.8509198296664887
50,A*-GA,97.0,28.000000000000004,0.8494419342246277
50,A*-GA,99.0,28.000000000000004,0.8478993553860497
50,A*-GA,101.0,30.0,0.8462966524323351
50,A*-GA,103.0,30.0,0.8446381723685639
50,A*-GA,105.0,32.0,0.842928058803209
50,A*-GA,107.0,32.0,0.8412105174403715
50,A*-GA,109.0,32.0,0.8396059637229374
50,A*-GA,111.0,32.0,0.8381095447470158
50,A*-GA,113.0,34.0,0.8367087499474036
50,A*-GA,115.0,34.0,0.8353765037795363
50,A*-GA,117.0,34.0,0.8341099630961023
50,A*-GA,119.0,34.0,0.832906397987488
50,A*-GA,121.0,34.0,0.8317631873206845
50,A*-GA,123.0,36.0,0.8306778144534102
50,A*-GA,125.0,36.0,0.8296478631165717
50,A*-GA,127.0,36.0,0.8286710134584595
50,A*-GA,129.0,38.0,0.827745038244329
50,A*-GA,131.0,38.0,0.8268677992052709
50,A*-GA,133.0,40.0,0.8260372435305094
50,A*-GA,135.0,40.0,0.8252514004975032
50,A*-GA,137.0,40.0,0.8245083782344379
50,A*-GA,139.0,40.0,0.8238063606099154
50,A*-GA,141.0,42.0,0.8231436042448488
50,A*-GA,143.0,42.0,0.8225184356417647
50,A*-GA,145.0,42.0,0.8219113480203666
50,A*-GA,147.0,42.0,0.8212093167095335
50,A*-GA,149.0,42.0,0.8204180236126942
50,A*-GA,151.0,42.0,0.8195428953823698
50,A*-GA,153.0,44.0,0.8185891139683275
50,A*-GA,155.0,46.0,0.8175616267430962
50,A*-GA,157.0,48.0,0.8164651562215673
50,A*-GA,159.0,48.0,0.8153042093907499
50,A*-GA,161.0,50.0,0.814083086665114
50,A*-GA,163.0,50.0,0.8128058904823501
50,A*-GA,165.0,50.0,0.8114765335537869
50,A*-GA,167.0,50.0,0.8100987467831506
50,A*-GA,169.0,52.0,0.8086760868668069
50,A*-GA,171.0,54.0,0.8072119435881133
50,A*-GA,173.0,54.0,0.8057095468180087
50,A*-GA,175.0,54.0,0.8041719732334888
50,A*-GA,177.0,56.00000000000001,0.8026021527651606
50,A*-GA,179.0,56.00000000000001,0.8010028747846245
50,A*-GA,181.0,56.00000000000001,0.7994905061318875
50,A*-GA,183.0,56.00000000000001,0.7980989379529941
50,A*-GA,185.0,57.99999999999999,0.7968227520449407
50,A*-GA,187.0,57.99999999999999,0.7956336393029907
50,A*-GA,189.0,57.99999999999999,0.7945201985857796
50,A*-GA,191.0,57.99999999999999,0.793479136827423
50,A*-GA,193.0,57.99999999999999,0.7925072937335659
50,A*-GA,195.0,57.99999999999999,0.7916016365331674
50,A*-GA,197.0,57.99999999999999,0.7907592549366106
50,A*-GA,199.0,60.0,0.7899773562920368
50,A*-GA,201.0,62.0,0.7892113810272137
50,A*-GA,203.0,64.0,0.7883377255426521
50,A*-GA,205.0,64.0,0.7873628849340669
50,A*-GA,207.0,66.0,0.7862930619625272
50,A*-GA,209.0,66.0,0.7851341791430567
50,A*-GA,211.0,66.0,0.7838918903487445
50,A*-GA,213.0,66.0,0.7825715919495472
50,A*-GA,215.0,68.0,0.781178433504198
50,A*-GA,217.0,68.0,0.7797173280229235
50,A*-GA,219.0,68.0,0.7781929618179608
50,A*-GA,221.0,68.0,0.7766098039582091
50,A*-GA,223.0,68.0,0.7749721153436981
50,A*-GA,225.0,68.0,0.7732839574149426
50,A*-GA,227.0,70.0,0.7715492005116569
50,A*-GA,229.0,70.0,0.7697715318947331
50,A*-GA,231.0,74.0,0.7679544634448392
50,A*-GA,233.0,74.0,0.7661013390504664
50,A*-GA,235.0,76.0,0.76421534169775
50,A*-GA,237.0,76.0,0.7622995002739016
50,A*-GA,239.0,76.0,0.760356952923645
50,A*-GA,241.0,78.0,0.7583905140533315
50,A*-GA,243.0,80.0,0.7564027753841653
50,A*-GA,245.0,80.0,0.7543961996188241
50,A*-GA,247.0,82.0,0.7523731259548153
50,A*-GA,249.0,84.0,0.7503357753740751
50,A*-GA,251.0,84.0,0.748286255717709
50,A*-GA,253.0,84.0,0.7462265665544262
50,A*-GA,255.0,84.0,0.7441586038508804
50,A*-GA,257.0,86.0,0.7420841644518046
50,A*-GA,259.0,86.0,0.7400049503775182
50,A*-GA,261.0,86.0,0.737922572946084
50,A*-GA,263.0,86.0,0.7358385567271051
50,A*-GA,265.0,86.0,0.7337543433338783
50,A*-GA,267.0,86.0,0.7316712950603511
50,A*-GA,269.0,86.0,0.729590698369078
50,A*-GA,271.0,86.0,0.7275137672361262
50,A*-GA,273.0,88.0,0.7254416463586442
50,A*-GA,275.0,88.0,0.7233754142305829
50,A*-GA,277.0,88.0,0.721316086091842
50,A*-GA,279.0,90.0,0.7192646167559014
50,A*-GA,281.0,90.0,0.7172219033208058
50,A*-GA,283.0,90.0,0.715188787768169
50,A*-GA,285.0,92.0,0.7131660594546855
50,A*-GA,287.0,92.0,0.7111544575004587
50,A*-GA,289.0,94.0,0.7091546730782807
50,A*-GA,291.0,94.0,0.7071673516078415
50,A*-GA,293.0,96.0,0.7051930948586814
50,A*-GA,295.0,98.0,0.7032324629655524
50,A*-GA,297.0,98.0,0.7012859763597118
50,A*-GA,299.0,100.0,0.6993541176195243
50,A*-GA,301.0,100.0,0.6974373332436226
50,A*-GA,303.0,100.0,0.6955360353497448
50,A*-GA,305.0,100.0,0.6936506033022404
50,A*-GA,307.0,100.0,0.6917813852711227
50,A*-GA,309.0,100.0,0.6899286997254294
50,A*-GA,311.0,100.0,0.688092836863542
50,A*-GA,313.0,100.0,0.6862740599830116
50,A*-GA,315.0,100.0,0.6844726067923363
50,A*-GA,317.0,100.0,0.6826886906670394
50,A*-GA,319.0,100.0,0.6809225018523023
50,A*-GA,321.0,100.0,0.6791742086143191
50,A*-GA,323.0,100.0,0.6774439583424509
50,A*-GA,325.0,100.0,0.6757318786041777
50,A*-GA,327.0,100.0,0.6740380781547646
50,A*-GA,329.0,100.0,0.6723626479034833
50,A*-GA,331.0,100.0,0.670705661838157
50,A*-GA,333.0,100.0,0.6690671779097254
50,A*-GA,335.0,100.0,0.6674472388784597
50,A*-GA,337.0,100.0,0.6658458731233939
50,A*-GA,339.0,100.0,0.6642630954164718
50,A*-GA,341.0,100.0,0.6626989076628543
50,A*-GA,343.0,100.0,0.6611532996087718
50,A*-GA,345.0,100.0,0.6596262495182503
50,A*-GA,347.0,100.0,0.6581177248199892
50,A*-GA,349.0,100.0,0.6566276827256144
50,A*-GA,351.0,100.0,0.6551560708204851
50,A*-GA,353.0,100.0,0.6537028276281825
50,A*-GA,355.0,100.0,0.6522678831497668
50,A*-GA,357.0,100.0,0.6508511593788395
50,A*-GA,359.0,100.0,0.6494525707934149
50,A*-GA,361.0,100.0,0.6480720248255568
50,A*-GA,363.0,100.0,0.6467094223097021
50,A*-GA,365.0,100.0,0.6453646579105558
50,A*-GA,367.0,100.0,0.6440376205314051
50,A*-GA,369.0,100.0,0.6427281937036673
50,A*-GA,371.0,100.0,0.6414362559584522
50,A*-GA,373.0,100.0,0.6401616811808909
50,A*-GA,375.0,100.0,0.6389043389479491
50,A*-GA,377.0,100.0,0.6376640948504183
50,A*-GA,379.0,100.0,0.6364408107997456
50,A*-GA,381.0,100.0,0.63523434532034
50,A*-GA,383.0,100.0,0.6340445538279669
50,A*-GA,385.0,100.0,0.6328712888948146
50,A*-GA,387.0,100.0,0.6317144005017981
50,A*-GA,389.0,100.0,0.6305737362786373
50,A*-GA,391.0,100.0,0.6294491417322309
50,A*-GA,393.0,100.0,0.6283404604638185
50,A*-GA,395.0,100.0,0.6272475343754136
50,A*-GA,397.0,100.0,0.6261702038659592
50,A*-GA,399.0,100.0,0.6251083080176498
50,A*-GA,401.0,100.0,0.624061684772838
50,A*-GA,403.0,100.0,0.6230301711019308
50,A*-GA,405.0,100.0,0.6220136031626641
50,A*-GA,407.0,100.0,0.621011816451126
50,A*-GA,409.0,100.0,0.6200246459448867
50,A*-GA,411.0,100.0,0.6190519262385755
50,A*-GA,413.0,100.0,0.6180934916722363
50,A*-GA,415.0,100.0,0.6171491764527732
50,A*-GA,417.0,100.0,0.6162188147687899
50,A*-GA,419.0,100.0,0.6153022408991123
50,A*-GA,421.0,100.0,0.6143992893152718
50,A*-GA,423.0,100.0,0.6135097947782162
50,A*-GA,425.0,100.0,0.6126335924295024
50,A*-GA,427.0,100.0,0.6117705178772175
50,A*-GA,429.0,100.0,0.6109204072768616
50,A*-GA,431.0,100.0,0.6100830974074187
50,A*-GA,433.0,100.0,0.6092584257428313
50,A*-GA,435.0,100.0,0.6084462305190843
50,A*-GA,437.0,100.0,0.6076463507970992
50,A*-GA,439.0,100.0,0.6068586265216261
50,A*-GA,441.0,100.0,0.6060828985763184
50,A*-GA,443.0,100.0,0.6053190088351614
50,A*-GA,445.0,100.0,0.6045668002104276
50,A*-GA,447.0,100.0,0.6038261166973128
50,A*-GA,449.0,100.0,0.6030968034154122
50,A*-GA,451.0,100.0,0.6023787066471812
50,A*-GA,453.0,100.0,0.6016716738735224
50,A*-GA,455.0,100.0,0.6009755538066337
50,A*-GA,457.0,100.0,0.6002901964202495
51,EHCO,1.0,0.0,0.9380155820627081
51,EHCO,3.0,0.0,0.9393526313960898
51,EHCO,5.0,0.0,0.9405479842434085
51,EHCO,7.0,0.0,0.9416086687656778
51,EHCO,9.0,0.0,0.9425414131229674
51,EHCO,11.0,0.0,0.9433408256664116
51,EHCO,13.0,0.0,0.9438893959006588
51,EHCO,15.0,0.0,0.9442005863859559
51,EHCO,17.0,2.0,0.9442872716816089
51,EHCO,19.0,2.0,0.9442077963103742
51,EHCO,21.0,2.0,0.9441071413732056
51,EHCO,23.0,2.0,0.9439866224151401
51,EHCO,25.0,6.0,0.9438358176313583
51,EHCO,27.0,6.0,0.9436223569899106
51,EHCO,29.0,6.0,0.9433498262194857
51,EHCO,31.0,6.0,0.9430216517412805
51,EHCO,33.0,6.0,0.9426411072266934
51,EHCO,35.0,6.0,0.9422113198926685
51,EHCO,37.0,6.0,0.9417352765450664
51,EHCO,39.0,6.0,0.9412158293800292
51,EHCO,41.0,6.0,0.9406672100298443
51,EHCO,43.0,6.0,0.9399884488639323
51,EHCO,45.0,6.0,0.9391424049930553
51,EHCO,47.0,8.0,0.9381388402976782
51,EHCO,49.0,14.000000000000002,0.9369870808200703
51,EHCO,51.0,16.0,0.9356960347362034
51,EHCO,53.0,16.0,0.9342742096081693
51,EHCO,55.0,16.0,0.9327297289455798
51,EHCO,57.0,18.0,0.9310703481032937
51,EHCO,59.0,18.0,0.9293034695417368
51,EHCO,61.0,18.0,0.9274361574750483
51,EHCO,63.0,18.0,0.9254751519312904
51,EHCO,65.0,22.0,0.9234268822480076
51,EHCO,67.0,22.0,0.9212974800255023
51,EHCO,69.0,24.0,0.9191367152074552
51,EHCO,71.0,24.0,0.917077323598813
51,EHCO,73.0,24.0,0.9151152283883571
51,EHCO,75.0,26.0,0.913236876685746
51,EHCO,77.0,26.0,0.9114107878800757
51,EHCO,79.0,26.0,0.9096352601826544
51,EHCO,81.0,26.0,0.9079086528058378
51,EHCO,83.0,26.0,0.9062293836651711
51,EHCO,85.0,26.0,0.9045959271701026
51,EHCO,87.0,28.000000000000004,0.9030068120998194
51,EHCO,89.0,28.000000000000004,0.9014606195608906
51,EHCO,91.0,28.000000000000004,0.8999559810235372
51,EHCO,93.0,28.000000000000004,0.8984915764334646
51,EHCO,95.0,32.0,0.8970661323963205
51,EHCO,97.0,32.0,0.895678420431953
51,EHCO,99.0,32.0,0.8943272552957522
51,EHCO,101.0,32.0,0.8930206131542355
51,EHCO,103.0,32.0,0.8916540213045699
51,EHCO,105.0,34.0,0.8901892385073038
51,EHCO,107.0,36.0,0.8886326201987635
51,EHCO,109.0,36.0,0.8869902311148533
51,EHCO,111.0,36.0,0.8852678573790893
51,EHCO,113.0,36.0,0.8834710181051187
51,EHCO,115.0,38.0,0.8816049765329577
51,EHCO,117.0,38.0,0.8796747507174223
51,EHCO,119.0,40.0,0.8776851237865031
51,EHCO,121.0,40.0,0.8756406537867296
51,EHCO,123.0,40.0,0.8735456831319035
51,EHCO,125.0,42.0,0.8714043476709311
51,EHCO,127.0,42.0,0.8692205853898678
51,EHCO,129.0,42.0,0.8669981447626895
51,EHCO,131.0,42.0,0.8647405927647362
51,EHCO,133.0,42.0,0.8624513225622197
51,EHCO,135.0,42.0,0.860133560890665
51,EHCO,137.0,44.0,0.8577903751346397
51,EHCO,139.0,44.0,0.8554649087708914
51,EHCO,141.0,50.0,0.8532765028190946
51,EHCO,143.0,50.0,0.8512193575307216
51,EHCO,145.0,52.0,0.8492800526677965
51,EHCO,147.0,52.0,0.8474306387262998
51,EHCO,149.0,52.0,0.8456674329114575
51,EHCO,151.0,56.00000000000001,0.8439868986318387
51,EHCO,153.0,56.00000000000001,0.8423856397447353
51,EHCO,155.0,56.00000000000001,0.8408603950275034
51,EHCO,157.0,56.00000000000001,0.8394080328660035
51,EHCO,159.0,56.00000000000001,0.8380255461516174
51,EHCO,161.0,56.00000000000001,0.8367100473786583
51,EHCO,163.0,56.00000000000001,0.8354664469033128
51,EHCO,165.0,57.99999999999999,0.8341936099371021
51,EHCO,167.0,57.99999999999999,0.8328545124100077
51,EHCO,169.0,57.99999999999999,0.8314536685814091
51,EHCO,171.0,57.99999999999999,0.8299953839671989
51,EHCO,173.0,57.99999999999999,0.828523669032652
51,EHCO,175.0,57.99999999999999,0.8271580821209469
51,EHCO,177.0,57.99999999999999,0.8258940086665586
51,EHCO,179.0,60.0,0.8247191674326073
51,EHCO,181.0,60.0,0.8236067035425151
51,EHCO,183.0,60.0,0.8225539861926491
51,EHCO,185.0,60.0,0.8215584898156538
51,EHCO,187.0,64.0,0.8206177899296195
51,EHCO,189.0,66.0,0.8197295591503337
51,EHCO,191.0,66.0,0.818891563360217
51,EHCO,193.0,66.0,0.8181016580277927
51,EHCO,195.0,66.0,0.817357784671784
51,EHCO,197.0,68.0,0.8166404944149456
51,EHCO,199.0,68.0,0.8158376329442606
51,EHCO,201.0,70.0,0.814943641829043
51,EHCO,203.0,70.0,0.813932354450003
51,EHCO,205.0,72.0,0.8128108850844017
51,EHCO,207.0,72.0,0.8115860273854749
51,EHCO,209.0,72.0,0.810264267646917
51,EHCO,211.0,74.0,0.8088517975356544
51,EHCO,213.0,76.0,0.8073545263139585
51,EHCO,215.0,78.0,0.8057781787495486
51,EHCO,217.0,78.0,0.8041283857593252
51,EHCO,219.0,80.0,0.8024102646596827
51,EHCO,221.0,80.0,0.8006284382287999
51,EHCO,223.0,80.0,0.7987874839030457
51,EHCO,225.0,82.0,0.7968918482707783
51,EHCO,227.0,82.0,0.7949457683251909
51,EHCO,229.0,82.0,0.7929532802677706
51,EHCO,231.0,82.0,0.7909182279567948
51,EHCO,233.0,82.0,0.78884427101495
51,EHCO,235.0,82.0,0.7867348926095995
51,EHCO,237.0,82.0,0.7845934069186984
51,EHCO,239.0,82.0,0.7824229662948351
51,EHCO,241.0,84.0,0.7802265681393952
51,EHCO,243.0,84.0,0.7780070614983599
51,EHCO,245.0,84.0,0.7757671533908083
51,EHCO,247.0,84.0,0.7735094148807461
51,EHCO,249.0,84.0,0.7712362869024736
51,EHCO,251.0,86.0,0.7689500858492934
51,EHCO,253.0,88.0,0.7666530093091884
51,EHCO,255.0,90.0,0.7643471455172729
51,EHCO,257.0,90.0,0.7620344761431295
51,EHCO,259.0,90.0,0.7597168780594981
51,EHCO,261.0,90.0,0.7573961279006352
51,EHCO,263.0,90.0,0.7550739064344603
51,EHCO,265.0,90.0,0.7527518027559127
51,EHCO,267.0,90.0,0.7504313183086554
51,EHCO,269.0,94.0,0.7481138707419774
51,EHCO,271.0,94.0,0.7458007976094749
51,EHCO,273.0,94.0,0.7434933599158341
51,EHCO,275.0,94.0,0.7411927455177859
51,EHCO,277.0,96.0,0.7389000723850645
51,EHCO,279.0,98.0,0.7366163917269704
51,EHCO,281.0,98.0,0.7343426909899159
51,EHCO,283.0,98.0,0.7320800747085666
51,EHCO,285.0,98.0,0.7298294577105904
51,EHCO,287.0,100.0,0.7275916380420729
51,EHCO,289.0,100.0,0.7253673614709069
51,EHCO,291.0,100.0,0.7231573238842741
51,EHCO,293.0,100.0,0.7209621735863474
51,EHCO,295.0,100.0,0.7187825135002182
51,EHCO,297.0,100.0,0.7166189032779023
51,EHCO,299.0,100.0,0.7144718613221216
51,EHCO,301.0,100.0,0.71234186672341
51,EHCO,303.0,100.0,0.7102293611159588
51,EHCO,305.0,100.0,0.7081347504554709
51,EHCO,307.0,100.0,0.7060584067221742
51,EHCO,309.0,100.0,0.7040006695520111
51,EHCO,311.0,100.0,0.7019618477989056
51,EHCO,313.0,100.0,0.6999422210308934
51,EHCO,315.0,100.0,0.6979420409627903
51,EHCO,317.0,100.0,0.6959615328279664
51,EHCO,319.0,100.0,0.694000896691692
51,EHCO,321.0,100.0,0.6920603087084256
51,EHCO,323.0,100.0,0.6901399223253164
51,EHCO,325.0,100.0,0.6882398694341053
51,EHCO,327.0,100.0,0.6863602614735215
51,EHCO,329.0,100.0,0.6845011904841887
51,EHCO,331.0,100.0,0.6826627301179732
51,EHCO,333.0,100.0,0.6808449366036295
51,EHCO,335.0,100.0,0.6790478496705279
51,EHCO,337.0,100.0,0.6772714934321729
51,EHCO,339.0,100.0,0.6755158772311572
51,EHCO,341.0,100.0,0.673780996447128
51,EHCO,343.0,100.0,0.6720668332692789
51,EHCO,345.0,100.0,0.6703733574348242
51,EHCO,347.0,100.0,0.6687005269348489
51,EHCO,349.0,100.0,0.6670482886888768
51,EHCO,351.0,100.0,0.66541657918944
51,EHCO,353.0,100.0,0.6638053251178898
51,EHCO,355.0,100.0,0.6622144439326305
51,EHCO,357.0,100.0,0.660643844430916
51,EHCO,359.0,100.0,0.6590934272853018
51,EHCO,361.0,100.0,0.6575630855558025
51,EHCO,363.0,100.0,0.656052705178758
51,EHCO,365.0,100.0,0.6545621654333806
51,EHCO,367.0,100.0,0.6530913393869041
51,EHCO,369.0,100.0,0.6516400943192306
51,EHCO,371.0,100.0,0.6502082921279275
51,EHCO,373.0,100.0,0.648795789714394
51,EHCO,375.0,100.0,0.6474024393519868
51,EHCO,377.0,100.0,0.646028089036859
51,EHCO,379.0,100.0,0.644672582822237
51,EHCO,381.0,100.0,0.6433357611368329
51,EHCO,383.0,100.0,0.6420174610880587
51,EHCO,385.0,100.0,0.6407175167506848
51,EHCO,387.0,100.0,0.639435759441556
51,EHCO,389.0,100.0,0.6381720179809567
51,EHCO,391.0,100.0,0.6369261189411916
51,EHCO,393.0,100.0,0.6356978868829232
51,EHCO,395.0,100.0,0.6344871445797912
51,EHCO,397.0,100.0,0.6332937132318099
51,EHCO,399.0,100.0,0.6321174126680269
51,EHCO,401.0,100.0,0.6309580615389018
51,EHCO,403.0,100.0,0.6298154774988471
51,EHCO,405.0,100.0,0.6286894773793558
51,EHCO,407.0,100.0,0.6275798773531202
51,EHCO,409.0,100.0,0.6264864930895342
51,EHCO,411.0,100.0,0.6254091399019529
51,EHCO,413.0,100.0,0.6243476328870659
51,EHCO,415.0,100.0,0.6233017870567312
51,EHCO,417.0,100.0,0.6222714174625993
51,EHCO,419.0,100.0,0.6212563393138422
51,EHCO,421.0,100.0,0.6202563680882933
51,EHCO,423.0,100.0,0.6192713196372878
51,EHCO,425.0,100.0,0.6183010102844824
51,EHCO,427.0,100.0,0.6173452569189244
51,EHCO,429.0,100.0,0.6164038770826241
51,EHCO,431.0,100.0,0.6154766890528776
51,EHCO,433.0,100.0,0.6145635119195765
51,EHCO,435.0,100.0,0.61366416565773
51,EHCO,437.0,100.0,0.6127784711954164
51,EHCO,439.0,100.0,0.6119062504773717
51,EHCO,441.0,100.0,0.611047326524415
51,EHCO,443.0,100.0,0.6102015234889004
51,EHCO,445.0,100.0,0.6093686667063809
51,EHCO,447.0,100.0,0.6085485827436554
51,EHCO,449.0,100.0,0.6077410994433717
51,EHCO,451.0,100.0,0.6069460459653435
51,EHCO,453.0,100.0,0.6061632528247358
51,EHCO,455.0,100.0,0.6053925519272676
51,EHCO,457.0,100.0,0.6046337766015728
51,EHCO,459.0,100.0,0.6038867616288556
51,EHCO,461.0,100.0,0.6031513432699681
51,EHCO,463.0,100.0,0.6024273592900383
51,EHCO,465.0,100.0,0.6017146489807643
51,EHCO,467.0,100.0,0.6010130531804899
51,EHCO,469.0,100.0,0.6003224142921717
51,A*-GA,1.0,0.0,0.9256709598100975
51,A*-GA,3.0,0.0,0.9274922860729952
51,A*-GA,5.0,0.0,0.9291529177679394
51,A*-GA,7.0,0.0,0.9306606283466928
51,A*-GA,9.0,0.0,0.932022862022475
51,A*-GA,11.0,0.0,0.9332467470873593
51,A*-GA,13.0,0.0,0.9343391087005991
51,A*-GA,15.0,0.0,0.9353064811687426
51,A*-GA,17.0,0.0,0.9361551197375849
51,A*-GA,19.0,0.0,0.9368910119152123
51,A*-GA,21.0,0.0,0.9375198883446386
51,A*-GA,23.0,0.0,0.9380472332438056
51,A*-GA,25.0,2.0,0.9384782944300207
51,A*-GA,27.0,2.0,0.9388180929452341
51,A*-GA,29.0,2.0,0.9390714322979095
51,A*-GA,31.0,2.0,0.9392544158135583
51,A*-GA,33.0,2.0,0.9392678691099023
51,A*-GA,35.0,2.0,0.9390763731498968
51,A*-GA,37.0,2.0,0.9386913411984761
51,A*-GA,39.0,2.0,0.9381236830273513
51,A*-GA,41.0,4.0,0.9373838255884623
51,A*-GA,43.0,4.0,0.9364817328611853
51,A*-GA,45.0,4.0,0.9354269249059571
51,A*-GA,47.0,8.0,0.9342284961556994
51,A*-GA,49.0,10.0,0.9328951329751842
51,A*-GA,51.0,10.0,0.9314351305173016
51,A*-GA,53.0,10.0,0.9298564089040449
51,A*-GA,55.0,14.000000000000002,0.9281665287589369
51,A*-GA,57.0,16.0,0.9263727061165706
51,A*-GA,59.0,16.0,0.9245264667173537
51,A*-GA,61.0,16.0,0.9227635958282203
51,A*-GA,63.0,16.0,0.9210807855648709
51,A*-GA,65.0,18.0,0.9194645282562384
51,A*-GA,67.0,18.0,0.9178820658651755
51,A*-GA,69.0,18.0,0.9163325564017906
51,A*-GA,71.0,20.0,0.9148151829111375
51,A*-GA,73.0,22.0,0.9133291526232646
51,A*-GA,75.0,22.0,0.911873696134423
51,A*-GA,77.0,22.0,0.9104331482116849
51,A*-GA,79.0,22.0,0.9088863676876393
51,A*-GA,81.0,22.0,0.9072402063417977
51,A*-GA,83.0,22.0,0.9055012027922785
51,A*-GA,85.0,22.0,0.9036755955143941
51,A*-GA,87.0,22.0,0.9017693353363998
51,A*-GA,89.0,22.0,0.8997880974331158
51,A*-GA,91.0,22.0,0.8977372928373197
51,A*-GA,93.0,22.0,0.895622079488019
51,A*-GA,95.0,22.0,0.8934473728339629
51,A*-GA,97.0,24.0,0.8912178560100298
51,A*-GA,99.0,26.0,0.8889379896034283
51,A*-GA,101.0,26.0,0.8866120210259872
51,A*-GA,103.0,28.000000000000004,0.8842439935081648
51,A*-GA,105.0,28.000000000000004,0.8818377547297912
51,A*-GA,107.0,30.0,0.8793969651019694
51,A*-GA,109.0,30.0,0.8769251057139891
51,A*-GA,111.0,30.0,0.8744254859585596
51,A*-GA,113.0,30.0,0.8719012508481473
51,A*-GA,115.0,32.0,0.8693961345116078
51,A*-GA,117.0,34.0,0.8670310304101541
51,A*-GA,119.0,36.0,0.8648000682529365
51,A*-GA,121.0,40.0,0.8626897595269449
51,A*-GA,123.0,40.0,0.860672088636993
51,A*-GA,125.0,40.0,0.8587433088007996
51,A*-GA,127.0,40.0,0.8568998214659647
51,A*-GA,129.0,40.0,0.8551381704811919
51,A*-GA,131.0,40.0,0.8534550364963251
51,A*-GA,133.0,40.0,0.8518472315822203
51,A*-GA,135.0,40.0,0.8503116940618282
51,A*-GA,137.0,40.0,0.8488454835441981
51,A*-GA,139.0,40.0,0.8474457761534434
51,A*-GA,141.0,40.0,0.8461098599450161
51,A*-GA,143.0,42.0,0.8448351305019431
51,A*-GA,145.0,44.0,0.8436190867039618
51,A*-GA,147.0,44.0,0.8424593266627696
51,A*-GA,149.0,44.0,0.8413612267858737
51,A*-GA,151.0,46.0,0.8402225768057051
51,A*-GA,153.0,46.0,0.8390063873646001
51,A*-GA,155.0,46.0,0.8377177146062613
51,A*-GA,157.0,46.0,0.8363613830297043
51,A*-GA,159.0,48.0,0.8349419951269177
51,A*-GA,161.0,50.0,0.8334639406333461
51,A*-GA,163.0,50.0,0.8319314054065323
51,A*-GA,165.0,50.0,0.8303483799476556
51,A*-GA,167.0,52.0,0.8287186675801195
51,A*-GA,169.0,52.0,0.8270458922987864
51,A*-GA,171.0,52.0,0.8253335063029211
51,A*-GA,173.0,52.0,0.8235847972253866
51,A*-GA,175.0,52.0,0.8218028950701484
51,A*-GA,177.0,52.0,0.8199907788696607
51,A*-GA,179.0,52.0,0.8181512830732559
51,A*-GA,181.0,54.0,0.8162871036772211
51,A*-GA,183.0,54.0,0.8144394362023817
51,A*-GA,185.0,54.0,0.8127227133160673
51,A*-GA,187.0,54.0,0.8111312356563347
51,A*-GA,189.0,56.00000000000001,0.8096516809754655
51,A*-GA,191.0,56.00000000000001,0.8082561954403408
51,A*-GA,193.0,56.00000000000001,0.8069411896818706
51,A*-GA,195.0,57.99999999999999,0.8057032183605087
51,A*-GA,197.0,57.99999999999999,0.8045389744804314
51,A*-GA,199.0,57.99999999999999,0.8034452839271625
51,A*-GA,201.0,60.0,0.8023769042391796
51,A*-GA,203.0,62.0,0.8012089731411345
51,A*-GA,205.0,62.0,0.7999477285623154
51,A*-GA,207.0,62.0,0.7985991251657248
51,A*-GA,209.0,66.0,0.797168846097791
51,A*-GA,211.0,66.0,0.7956623142666093
51,A*-GA,213.0,66.0,0.7940847031673811
51,A*-GA,215.0,66.0,0.7924409472729872
51,A*-GA,217.0,68.0,0.7907357520069206
51,A*-GA,219.0,68.0,0.7889736033151307
51,A*-GA,221.0,70.0,0.787158776852676
51,A*-GA,223.0,70.0,0.7852953468004557
51,A*-GA,225.0,70.0,0.7833871943266898
51,A*-GA,227.0,70.0,0.7814380157072397
51,A*-GA,229.0,70.0,0.7794513301183045
51,A*-GA,231.0,70.0,0.7774304871144966
51,A*-GA,233.0,70.0,0.7753786738047842
51,A*-GA,235.0,70.0,0.7732989217383014
51,A*-GA,237.0,70.0,0.7711941135115478
51,A*-GA,239.0,70.0,0.7690669891080482
51,A*-GA,241.0,70.0,0.7669201519811065
51,A*-GA,243.0,72.0,0.7647561610683051
51,A*-GA,245.0,74.0,0.7625776157737753
51,A*-GA,247.0,76.0,0.7603867307819572
51,A*-GA,249.0,76.0,0.7581853635320421
51,A*-GA,251.0,76.0,0.7559754414318397
51,A*-GA,253.0,76.0,0.7537588711336175
51,A*-GA,255.0,78.0,0.7515374585249488
51,A*-GA,257.0,80.0,0.7493129131108888
51,A*-GA,259.0,80.0,0.7470868522171457
51,A*-GA,261.0,80.0,0.744860805021385
51,A*-GA,263.0,82.0,0.7426362164195254
51,A*-GA,265.0,82.0,0.7404144507336123
51,A*-GA,267.0,82.0,0.7381967952675961
51,A*-GA,269.0,82.0,0.7359844637170903
51,A*-GA,271.0,82.0,0.7337785994389484
51,A*-GA,273.0,84.0,0.7315802785862617
51,A*-GA,275.0,84.0,0.729390513114163
51,A*-GA,277.0,84.0,0.7272102536616083
51,A*-GA,279.0,86.0,0.725040392314102
51,A*-GA,281.0,86.0,0.7228818191945843
51,A*-GA,283.0,88.0,0.7207354717768822
51,A*-GA,285.0,94.0,0.7186020680195958
51,A*-GA,287.0,96.0,0.7164822779218639
51,A*-GA,289.0,96.0,0.7143767257319724
51,A*-GA,291.0,98.0,0.7122859920639096
51,A*-GA,293.0,100.0,0.710210615925573
51,A*-GA,295.0,100.0,0.7081510966621785
51,A*-GA,297.0,100.0,0.706107895818287
51,A*-GA,299.0,100.0,0.704081438921725
51,A*-GA,301.0,100.0,0.7020721171925461
51,A*-GA,303.0,100.0,0.7000802891800595
51,A*-GA,305.0,100.0,0.6981062823308237
51,A*-GA,307.0,100.0,0.6961503944903975
51,A*-GA,309.0,100.0,0.6942128953415218
51,A*-GA,311.0,100.0,0.692294027781305
51,A*-GA,313.0,100.0,0.6903940092398805
51,A*-GA,315.0,100.0,0.6885130329429048
51,A*-GA,317.0,100.0,0.6866512691201756
51,A*-GA,319.0,100.0,0.6848088661625519
51,A*-GA,321.0,100.0,0.6829859517292787
51,A*-GA,323.0,100.0,0.6811826338077285
51,A*-GA,325.0,100.0,0.6793990017274967
51,A*-GA,327.0,100.0,0.6776351271307077
51,A*-GA,329.0,100.0,0.6758910649003173
51,A*-GA,331.0,100.0,0.6741668540481209
51,A*-GA,333.0,100.0,0.6724625185641182
51,A*-GA,335.0,100.0,0.670778068228806
51,A*-GA,337.0,100.0,0.6691134993899226
51,A*-GA,339.0,100.0,0.6674687957050929
51,A*-GA,341.0,100.0,0.6658439288517775
51,A*-GA,343.0,100.0,0.6642388592058621
51,A*-GA,345.0,100.0,0.6626535364901801
51,A*-GA,347.0,100.0,0.661087900394201
51,A*-GA,349.0,100.0,0.6595418811660749
51,A*-GA,351.0,100.0,0.6580154001781708
51,A*-GA,353.0,100.0,0.6565083704672029
51,A*-GA,355.0,100.0,0.6550206972499961
51,A*-GA,357.0,100.0,0.653552278415898
51,A*-GA,359.0,100.0,0.6521030049968054
51,A*-GA,361.0,100.0,0.6506727616157338
51,A*-GA,363.0,100.0,0.6492614269148226
51,A*-GA,365.0,100.0,0.6478688739636296
51,A*-GA,367.0,100.0,0.6464949706485399
51,A*-GA,369.0,100.0,0.6451395800440736
51,A*-GA,371.0,100.0,0.6438025607668507
51,A*-GA,373.0,100.0,0.6424837673129413
51,A*-GA,375.0,100.0,0.6411830503792946
51,A*-GA,377.0,100.0,0.6399002571699179
51,A*-GA,379.0,100.0,0.6386352316874475
51,A*-GA,381.0,100.0,0.6373878150107258
51,A*-GA,383.0,100.0,0.6361578455589787
51,A*-GA,385.0,100.0,0.6349451593431562
51,A*-GA,387.0,100.0,0.6337495902049861
51,A*-GA,389.0,100.0,0.6325709700442577
51,A*-GA,391.0,100.0,0.6314091290348399
51,A*-GA,393.0,100.0,0.6302638958299147
51,A*-GA,395.0,100.0,0.6291350977568846
51,A*-GA,397.0,100.0,0.6280225610023988
51,A*-GA,399.0,100.0,0.6269261107879236
51,A*-GA,401.0,100.0,0.625845571536261
51,A*-GA,403.0,100.0,0.6247807670294095
51,A*-GA,405.0,100.0,0.6237315205581411
51,A*-GA,407.0,100.0,0.6226976550636522
51,A*-GA,409.0,100.0,0.6216789932716358
51,A*-GA,411.0,100.0,0.6206753578191054
51,A*-GA,413.0,100.0,0.6196865713742852
51,A*-GA,415.0,100.0,0.6187124567498743
51,A*-GA,417.0,100.0,0.6177528370099755
51,A*-GA,419.0,100.0,0.6168075355709672
51,A*-GA,421.0,100.0,0.6158763762965886
51,A*-GA,423.0,100.0,0.6149591835874941
51,A*-GA,425.0,100.0,0.614055782465525
51,A*-GA,427.0,100.0,0.6131659986529332
51,A*-GA,429.0,100.0,0.6122896586467861
51,A*-GA,431.0,100.0,0.6114265897887671
51,A*-GA,433.0,100.0,0.6105766203305829
51,A*-GA,435.0,100.0,0.6097395794951758
51,A*-GA,437.0,100.0,0.6089152975339321
51,A*-GA,439.0,100.0,0.6081036057800727
51,A*-GA,441.0,100.0,0.6073043366983977
51,A*-GA,443.0,100.0,0.6065173239315573
51,A*-GA,445.0,100.0,0.6057424023430089
51,A*-GA,447.0,100.0,0.604979408056814
51,A*-GA,449.0,100.0,0.6042281784944264
51,A*-GA,451.0,100.0,0.6034885524086104
51,A*-GA,453.0,100.0,0.6027603699146268
51,A*-GA,455.0,100.0,0.6020434725188171
51,A*-GA,457.0,100.0,0.6013377031447099
51,A*-GA,459.0,100.0,0.6006429061567709
51,A*-GA,461.0,100.0,0.5999589273819074
52,EHCO,1.0,0.0,0.7285988944085133
52,EHCO,3.0,0.0,0.7381513162669735
52,EHCO,5.0,0.0,0.7472397543064849
52,EHCO,7.0,0.0,0.7558838799522132
52,EHCO,9.0,0.0,0.7641025686357907
52,EHCO,11.0,0.0,0.7719139314234154
52,EHCO,13.0,0.0,0.7793353453965497
52,EHCO,15.0,0.0,0.7863716508558639
52,EHCO,17.0,0.0,0.7929151686284579
52,EHCO,19.0,0.0,0.7989888076737335
52,EHCO,21.0,0.0,0.8046145191147955
52,EHCO,23.0,0.0,0.8098133347913788
52,EHCO,25.0,2.0,0.814605404284201
52,EHCO,27.0,2.0,0.8190560643786882
52,EHCO,29.0,2.0,0.8233170167286709
52,EHCO,31.0,2.0,0.8273960363384943
52,EHCO,33.0,4.0,0.8312889099695374
52,EHCO,35.0,4.0,0.8349692350639347
52,EHCO,37.0,4.0,0.8384463331495345
52,EHCO,39.0,4.0,0.8417291438201996
52,EHCO,41.0,8.0,0.8448262399876252
52,EHCO,43.0,8.0,0.8477458425303918
52,EHCO,45.0,8.0,0.8504958343639724
52,EHCO,47.0,8.0,0.8530837739544819
52,EHCO,49.0,10.0,0.8555169082980604
52,EHCO,51.0,12.0,0.8578021853869253
52,EHCO,53.0,12.0,0.8599462661822977
52,EHCO,55.0,14.000000000000002,0.8619437041352127
52,EHCO,57.0,14.000000000000002,0.8636769455067811
52,EHCO,59.0,18.0,0.865159420655923
52,EHCO,61.0,18.0,0.8664039823951715
52,EHCO,63.0,18.0,0.8674229294853004
52,EHCO,65.0,18.0,0.8682280291944181
52,EHCO,67.0,18.0,0.868830538958457
52,EHCO,69.0,20.0,0.8692412271785369
52,EHCO,71.0,20.0,0.8694703931892824
52,EHCO,73.0,20.0,0.8695278864308358
52,EHCO,75.0,20.0,0.8694231248560189
52,EHCO,77.0,20.0,0.8691651126028589
52,EHCO,79.0,20.0,0.8687624569615042
52,EHCO,81.0,20.0,0.8682233846634162
52,EHCO,83.0,22.0,0.8675557575196234
52,EHCO,85.0,22.0,0.8668951637104486
52,EHCO,87.0,24.0,0.8662838663001176
52,EHCO,89.0,26.0,0.8657196730454502
52,EHCO,91.0,28.000000000000004,0.8651745503449773
52,EHCO,93.0,28.000000000000004,0.8646393354224648
52,EHCO,95.0,30.0,0.8641138236592911
52,EHCO,97.0,30.0,0.8635978154217119
52,EHCO,99.0,30.0,0.8630911159155898
52,EHCO,101.0,34.0,0.8625935350459898
52,EHCO,103.0,34.0,0.8621048872814666
52,EHCO,105.0,34.0,0.8616249915228718
52,EHCO,107.0,34.0,0.8611536709765168
52,EHCO,109.0,36.0,0.8606992472385089
52,EHCO,111.0,36.0,0.8601582349771152
52,EHCO,113.0,36.0,0.8594939338013747
52,EHCO,115.0,36.0,0.8587135632532602
52,EHCO,117.0,36.0,0.857824020267036
52,EHCO,119.0,38.0,0.8568318924760951
52,EHCO,121.0,40.0,0.8557434709870095
52,EHCO,123.0,42.0,0.8545647626418758
52,EHCO,125.0,46.0,0.8533015017892039
52,EHCO,127.0,48.0,0.8519591615828016
52,EHCO,129.0,48.0,0.8505429648273386
52,EHCO,131.0,48.0,0.8490989553309487
52,EHCO,133.0,48.0,0.8477508437722184
52,EHCO,135.0,48.0,0.8464945179385832
52,EHCO,137.0,50.0,0.8453181781225929
52,EHCO,139.0,50.0,0.8441954309828068
52,EHCO,141.0,50.0,0.8431240880530066
52,EHCO,143.0,52.0,0.8421020476707163
52,EHCO,145.0,52.0,0.8411272915614046
52,EHCO,147.0,52.0,0.8401978815568052
52,EHCO,149.0,52.0,0.8393119564420908
52,EHCO,151.0,52.0,0.8384677289268461
52,EHCO,153.0,54.0,0.8376634827349809
52,EHCO,155.0,54.0,0.8369052527779185
52,EHCO,157.0,56.00000000000001,0.836090835268637
52,EHCO,159.0,56.00000000000001,0.8351836861192276
52,EHCO,161.0,56.00000000000001,0.8341894983279914
52,EHCO,163.0,56.00000000000001,0.8331137075893715
52,EHCO,165.0,57.99999999999999,0.8319615029493836
52,EHCO,167.0,57.99999999999999,0.8307378370337546
52,EHCO,169.0,62.0,0.8294474358656884
52,EHCO,171.0,62.0,0.8280948082895063
52,EHCO,173.0,64.0,0.8266842550157733
52,EHCO,175.0,66.0,0.8252198773029027
52,EHCO,177.0,66.0,0.8237055852896475
52,EHCO,179.0,66.0,0.8221451059923118
52,EHCO,181.0,66.0,0.8205419909799747
52,EHCO,183.0,66.0,0.818899623740496
52,EHCO,185.0,68.0,0.8172212267495672
52,EHCO,187.0,70.0,0.8155098682545906
52,EHCO,189.0,70.0,0.8137684687847013
52,EHCO,191.0,70.0,0.8119998073978059
52,EHCO,193.0,70.0,0.8102065276750777
52,EHCO,195.0,70.0,0.8083911434729418
52,EHCO,197.0,70.0,0.8065560444421828
52,EHCO,199.0,70.0,0.804817186656733
52,EHCO,201.0,72.0,0.8031589569385168
52,EHCO,203.0,74.0,0.8014335236734881
52,EHCO,205.0,74.0,0.799645452406557
52,EHCO,207.0,78.0,0.7977992658028766
52,EHCO,209.0,80.0,0.7958993580414723
52,EHCO,211.0,80.0,0.7939499159719076
52,EHCO,213.0,80.0,0.7919549278253937
52,EHCO,215.0,80.0,0.7899181915746174
52,EHCO,217.0,80.0,0.7878433229562255
52,EHCO,219.0,82.0,0.7857337631693534
52,EHCO,221.0,82.0,0.7835927862630625
52,EHCO,223.0,82.0,0.7814235062250366
52,EHCO,225.0,82.0,0.7792288837834078
52,EHCO,227.0,82.0,0.7770117329331085
52,EHCO,229.0,84.0,0.7747747271977009
52,EHCO,231.0,84.0,0.7725204056372
52,EHCO,233.0,84.0,0.7702511786119945
52,EHCO,235.0,84.0,0.767969333312568
52,EHCO,237.0,84.0,0.7656770403364087
52,EHCO,239.0,84.0,0.7633763631748454
52,EHCO,241.0,84.0,0.7610692579214317
52,EHCO,243.0,86.0,0.7587575770376022
52,EHCO,245.0,86.0,0.756443073862673
52,EHCO,247.0,86.0,0.7541274069395695
52,EHCO,249.0,88.0,0.7518121441636298
52,EHCO,251.0,88.0,0.7494987667615458
52,EHCO,253.0,88.0,0.7471886731072207
52,EHCO,255.0,88.0,0.7448831823810586
52,EHCO,257.0,90.0,0.742583538078941
52,EHCO,259.0,90.0,0.7402909113768975
52,EHCO,261.0,90.0,0.7380064043572443
52,EHCO,263.0,90.0,0.73573105310173
52,EHCO,265.0,90.0,0.7334658306570153
52,EHCO,267.0,90.0,0.731211649877597
52,EHCO,269.0,90.0,0.7289693661510883
52,EHCO,271.0,90.0,0.7267397800105717
52,EHCO,273.0,92.0,0.7245236396385528
52,EHCO,275.0,92.0,0.7223216432668668
52,EHCO,277.0,94.0,0.7201344414767148
52,EHCO,279.0,94.0,0.7179626394028422
52,EHCO,281.0,94.0,0.715806798845713
52,EHCO,283.0,94.0,0.7136674402953813
52,EHCO,285.0,94.0,0.7115450448706132
52,EHCO,287.0,94.0,0.7094400561766722
52,EHCO,289.0,94.0,0.707352882085047
52,EHCO,291.0,94.0,0.7052838964382687
52,EHCO,293.0,96.0,0.70323344068284
52,EHCO,295.0,96.0,0.7012018254331805
52,EHCO,297.0,96.0,0.6991893319693743
52,EHCO,299.0,96.0,0.6971962136713978
52,EHCO,301.0,96.0,0.6952227330593899
52,EHCO,303.0,96.0,0.6932691936511561
52,EHCO,305.0,98.0,0.6913357631856614
52,EHCO,307.0,98.0,0.6894225871189211
52,EHCO,309.0,98.0,0.6875297897576983
52,EHCO,311.0,98.0,0.685657475344435
52,EHCO,313.0,98.0,0.6838057290954037
52,EHCO,315.0,98.0,0.6819746181939824
52,EHCO,317.0,98.0,0.6801641927408842
52,EHCO,319.0,98.0,0.6783744866630954
52,EHCO,321.0,98.0,0.6766055185832104
52,EHCO,323.0,98.0,0.674857292650779
52,EHCO,325.0,100.0,0.6731297993372257
52,EHCO,327.0,100.0,0.6714230161958281
52,EHCO,329.0,100.0,0.6697369085881892
52,EHCO,331.0,100.0,0.6680714303785801
52,EHCO,333.0,100.0,0.6664265245974719
52,EHCO,335.0,100.0,0.6648021240755256
52,EHCO,337.0,100.0,0.6631981520492555
52,EHCO,339.0,100.0,0.6616145227395366
52,EHCO,341.0,100.0,0.6600511419040762
52,EHCO,343.0,100.0,0.658507907364926
52,EHCO,345.0,100.0,0.6569847095120691
52,EHCO,347.0,100.0,0.655481431784072
52,EHCO,349.0,100.0,0.6539979511267577
52,EHCO,351.0,100.0,0.6525341384308099
52,EHCO,353.0,100.0,0.6510898589491863
52,EHCO,355.0,100.0,0.6496649726951855
52,EHCO,357.0,100.0,0.6482593348219733
52,EHCO,359.0,100.0,0.6468727959843441
52,EHCO,361.0,100.0,0.6455052026834632
52,EHCO,363.0,100.0,0.6441563975953034
52,EHCO,365.0,100.0,0.6428262198834616
52,EHCO,367.0,100.0,0.6415145054970136
52,EHCO,369.0,100.0,0.6402210874540392
52,EHCO,371.0,100.0,0.6389457961114217
52,EHCO,373.0,100.0,0.6376884594215044
52,EHCO,375.0,100.0,0.6364489031761634
52,EHCO,377.0,100.0,0.6352269512388281
52,EHCO,379.0,100.0,0.6340224257649673
52,EHCO,381.0,100.0,0.632835147411531
52,EHCO,383.0,100.0,0.6316649355358225
52,EHCO,385.0,100.0,0.630511608384251
52,EHCO,387.0,100.0,0.6293749832714057
52,EHCO,389.0,100.0,0.6282548767498627
52,EHCO,391.0,100.0,0.6271511047711288
52,EHCO,393.0,100.0,0.6260634828381059
52,EHCO,395.0,100.0,0.6249918261494436
52,EHCO,397.0,100.0,0.6239359497361336
52,EHCO,399.0,100.0,0.6228956685906857
52,EHCO,401.0,100.0,0.6218707977892088
52,EHCO,403.0,100.0,0.6208611526067114
52,EHCO,405.0,100.0,0.619866548625917
52,EHCO,407.0,100.0,0.6188868018398853
52,EHCO,409.0,100.0,0.6179217287487101
52,EHCO,411.0,100.0,0.6169711464505603
52,EHCO,413.0,100.0,0.6160348727273159
52,EHCO,415.0,100.0,0.6151127261250405
52,EHCO,417.0,100.0,0.6142045260295244
52,EHCO,419.0,100.0,0.6133100927371196
52,EHCO,421.0,100.0,0.6124292475210805
52,EHCO,423.0,100.0,0.6115618126936158
52,EHCO,425.0,100.0,0.6107076116638458
52,EHCO,427.0,100.0,0.6098664689918561
52,EHCO,429.0,100.0,0.6090382104390248
52,EHCO,431.0,100.0,0.6082226630147974
52,EHCO,433.0,100.0,0.6074196550200756
52,EHCO,435.0,100.0,0.6066290160873761
52,EHCO,437.0,100.0,0.6058505772179145
52,EHCO,439.0,100.0,0.6050841708157565
52,EHCO,441.0,100.0,0.6043296307191781
52,EHCO,443.0,100.0,0.603586792229368
52,EHCO,445.0,100.0,0.6028554921365985
52,EHCO,447.0,100.0,0.6021355687439899
52,EHCO,449.0,100.0,0.6014268618889832
52,EHCO,451.0,100.0,0.6007292129626353
52,EHCO,453.0,100.0,0.6000424649268429
52,A*-GA,1.0,0.0,0.7285988944085133
52,A*-GA,3.0,0.0,0.7381513162669735
52,A*-GA,5.0,0.0,0.7472397543064849
52,A*-GA,7.0,0.0,0.7558838799522132
52,A*-GA,9.0,0.0,0.7641025686357907
52,A*-GA,11.0,0.0,0.7719139314234154
52,A*-GA,13.0,0.0,0.7793353453965497
52,A*-GA,15.0,0.0,0.7863834828342672
52,A*-GA,17.0,0.0,0.793074339244362
52,A*-GA,19.0,0.0,0.7994232602884942
52,A*-GA,21.0,0.0,0.8054449676448584
52,A*-GA,23.0,0.0,0.811153583850162
52,A*-GA,25.0,0.0,0.8165626561610536
52,A*-GA,27.0,0.0,0.8216851794735676
52,A*-GA,29.0,0.0,0.8265336183376367
52,A*-GA,31.0,0.0,0.8311080961238674
52,A*-GA,33.0,0.0,0.8352964046096901
52,A*-GA,35.0,0.0,0.8391171041678459
52,A*-GA,37.0,0.0,0.8425879706721567
52,A*-GA,39.0,0.0,0.8457260272051227
52,A*-GA,41.0,0.0,0.8485475745062337
52,A*-GA,43.0,0.0,0.8510682202106535
52,A*-GA,45.0,0.0,0.8533029069259777
52,A*-GA,47.0,0.0,0.8552659391928957
52,A*-GA,49.0,0.0,0.8569710093737828
52,A*-GA,51.0,0.0,0.858431222511516
52,A*-GA,53.0,0.0,0.8596591201991496
52,A*-GA,55.0,6.0,0.8606667034994786
52,A*-GA,57.0,10.0,0.861510251136698
52,A*-GA,59.0,10.0,0.8623304120141558
52,A*-GA,61.0,10.0,0.8631280798859886
52,A*-GA,63.0,12.0,0.8638936326589487
52,A*-GA,65.0,12.0,0.8645977574192298
52,A*-GA,67.0,18.0,0.865243377256257
52,A*-GA,69.0,20.0,0.865833292103477
52,A*-GA,71.0,20.0,0.8663701837099665
52,A*-GA,73.0,20.0,0.8668420533025297
52,A*-GA,75.0,20.0,0.867130573354261
52,A*-GA,77.0,20.0,0.867245655523567
52,A*-GA,79.0,20.0,0.8671967776972094
52,A*-GA,81.0,20.0,0.8670367583662313
52,A*-GA,83.0,20.0,0.8669009445771387
52,A*-GA,85.0,22.0,0.8667882721917851
52,A*-GA,87.0,24.0,0.8666882445234937
52,A*-GA,89.0,24.0,0.8665726252655616
52,A*-GA,91.0,24.0,0.866442342996974
52,A*-GA,93.0,24.0,0.8662982846304615
52,A*-GA,95.0,24.0,0.8661412971336404
52,A*-GA,97.0,24.0,0.8659721891812009
52,A*-GA,99.0,24.0,0.8657917327408742
52,A*-GA,101.0,24.0,0.8656006645957968
52,A*-GA,103.0,24.0,0.8653996878057932
52,A*-GA,105.0,24.0,0.8651894731099922
52,A*-GA,107.0,24.0,0.8649706602731032
52,A*-GA,109.0,24.0,0.864743859377584
52,A*-GA,111.0,26.0,0.8645096520638424
52,A*-GA,113.0,26.0,0.8642685927205336
52,A*-GA,115.0,28.000000000000004,0.8640212096269299
52,A*-GA,117.0,28.000000000000004,0.8637680060492646
52,A*-GA,119.0,30.0,0.8635094612928754
52,A*-GA,121.0,32.0,0.8632460317119006
52,A*-GA,123.0,34.0,0.8629870369026396
52,A*-GA,125.0,36.0,0.8626295406697571
52,A*-GA,127.0,36.0,0.8621370000571368
52,A*-GA,129.0,36.0,0.8615171710780516
52,A*-GA,131.0,36.0,0.8607774648476979
52,A*-GA,133.0,38.0,0.8599249617850505
52,A*-GA,135.0,38.0,0.8589664252464825
52,A*-GA,137.0,38.0,0.8579083146136236
52,A*-GA,139.0,40.0,0.8567567978570485
52,A*-GA,141.0,40.0,0.8555177635965363
52,A*-GA,143.0,40.0,0.8541968326778225
52,A*-GA,145.0,40.0,0.8527993692849867
52,A*-GA,147.0,40.0,0.8513304916068586
52,A*-GA,149.0,42.0,0.8497950820751058
52,A*-GA,151.0,42.0,0.8481977971909687
52,A*-GA,153.0,42.0,0.8465430769569405
52,A*-GA,155.0,42.0,0.8448351539290493
52,A*-GA,157.0,42.0,0.8430780619047789
52,A*-GA,159.0,42.0,0.8412756442610768
52,A*-GA,161.0,46.0,0.8394315619563268
52,A*-GA,163.0,46.0,0.8375493012096147
52,A*-GA,165.0,50.0,0.835632180870093
52,A*-GA,167.0,52.0,0.8337229619603465
52,A*-GA,169.0,52.0,0.8319394269920767
52,A*-GA,171.0,54.0,0.8302761677864583
52,A*-GA,173.0,56.00000000000001,0.8287201409187308
52,A*-GA,175.0,56.00000000000001,0.8272437595138157
52,A*-GA,177.0,56.00000000000001,0.8258436897714437
52,A*-GA,179.0,56.00000000000001,0.824516730988593
52,A*-GA,181.0,56.00000000000001,0.8232598103125555
52,A*-GA,183.0,57.99999999999999,0.8220699777001206
52,A*-GA,185.0,60.0,0.820944401074789
52,A*-GA,187.0,62.0,0.819880361674244
52,A*-GA,189.0,62.0,0.8188752495806135
52,A*-GA,191.0,62.0,0.8179265594263492
52,A*-GA,193.0,62.0,0.8170318862688302
52,A*-GA,195.0,62.0,0.8161889216270695
52,A*-GA,197.0,62.0,0.8154031326431637
52,A*-GA,199.0,62.0,0.8145753269552929
52,A*-GA,201.0,64.0,0.8136585706874291
52,A*-GA,203.0,64.0,0.8126265918933856
52,A*-GA,205.0,64.0,0.8114864039834485
52,A*-GA,207.0,64.0,0.8102447040234183
52,A*-GA,209.0,66.0,0.8089078858258765
52,A*-GA,211.0,66.0,0.8074820525166266
52,A*-GA,213.0,66.0,0.8059730285970848
52,A*-GA,215.0,66.0,0.8043863715225748
52,A*-GA,217.0,66.0,0.8027273828157011
52,A*-GA,219.0,66.0,0.8010011187332138
52,A*-GA,221.0,66.0,0.7992124005040568
52,A*-GA,223.0,66.0,0.7973658241555929
52,A*-GA,225.0,66.0,0.7954657699443288
52,A*-GA,227.0,66.0,0.793516411406823
52,A*-GA,229.0,70.0,0.7915217240458375
52,A*-GA,231.0,72.0,0.7894854936662041
52,A*-GA,233.0,74.0,0.7874113243743043
52,A*-GA,235.0,76.0,0.7853026462545126
52,A*-GA,237.0,76.0,0.7831627227354316
52,A*-GA,239.0,78.0,0.7809949144862548
52,A*-GA,241.0,78.0,0.7788022469388463
52,A*-GA,243.0,82.0,0.7765875118378416
52,A*-GA,245.0,82.0,0.7743533613838942
52,A*-GA,247.0,82.0,0.7721023142042169
52,A*-GA,249.0,82.0,0.7698367610806975
52,A*-GA,251.0,82.0,0.7675589704452347
52,A*-GA,253.0,82.0,0.7652710936515593
52,A*-GA,255.0,82.0,0.7629751700324414
52,A*-GA,257.0,82.0,0.7606731317508303
52,A*-GA,259.0,84.0,0.7583668084531383
52,A*-GA,261.0,84.0,0.7560579317325564
52,A*-GA,263.0,84.0,0.7537481394099746
52,A*-GA,265.0,84.0,0.7514389796397851
52,A*-GA,267.0,84.0,0.7491319148475545
52,A*-GA,269.0,84.0,0.7468283255062802
52,A*-GA,271.0,84.0,0.7445295137576754
52,A*-GA,273.0,84.0,0.7422367068846774
52,A*-GA,275.0,84.0,0.7399510606411237
52,A*-GA,277.0,86.0,0.7376736624443123
52,A*-GA,279.0,86.0,0.7354055344359289
52,A*-GA,281.0,88.0,0.7331476364166131
52,A*-GA,283.0,90.0,0.7309008686592223
52,A*-GA,285.0,90.0,0.7286660746056571
52,A*-GA,287.0,90.0,0.7264440434519128
52,A*-GA,289.0,94.0,0.724235512625844
52,A*-GA,291.0,94.0,0.7220411701619458
52,A*-GA,293.0,94.0,0.7198616569772892
52,A*-GA,295.0,94.0,0.7176975690525808
52,A*-GA,297.0,94.0,0.7155494595221612
52,A*-GA,299.0,96.0,0.7134178406766069
52,A*-GA,301.0,100.0,0.7113031858814518
52,A*-GA,303.0,100.0,0.7092059314154081
52,A*-GA,305.0,100.0,0.7071264782313293
52,A*-GA,307.0,100.0,0.7050651936430343
52,A*-GA,309.0,100.0,0.7030224129409806
52,A*-GA,311.0,100.0,0.7009984409396636
52,A*-GA,313.0,100.0,0.6989935534594993
52,A*-GA,315.0,100.0,0.6970079987458412
52,A*-GA,317.0,100.0,0.6950419988276738
52,A*-GA,319.0,100.0,0.6930957508184296
52,A*-GA,321.0,100.0,0.6911694281612718
52,A*-GA,323.0,100.0,0.689263181821099
52,A*-GA,325.0,100.0,0.6873771414254336
52,A*-GA,327.0,100.0,0.6855114163562702
52,A*-GA,329.0,100.0,0.6836660967948813
52,A*-GA,331.0,100.0,0.6818412547214927
52,A*-GA,333.0,100.0,0.6800369448716691
52,A*-GA,335.0,100.0,0.678253205651175
52,A*-GA,337.0,100.0,0.6764900600110056
52,A*-GA,339.0,100.0,0.6747475162842171
52,A*-GA,341.0,100.0,0.6730255689861162
52,A*-GA,343.0,100.0,0.6713241995793116
52,A*-GA,345.0,100.0,0.6696433772050674
52,A*-GA,347.0,100.0,0.6679830593823405
52,A*-GA,349.0,100.0,0.6663431926758303
52,A*-GA,351.0,100.0,0.6647237133343151
52,A*-GA,353.0,100.0,0.6631245479004986
52,A*-GA,355.0,100.0,0.661545613793541
52,A*-GA,357.0,100.0,0.6599868198654045
52,A*-GA,359.0,100.0,0.6584480669320911
52,A*-GA,361.0,100.0,0.6569292482808161
52,A*-GA,363.0,100.0,0.6554302501541132
52,A*-GA,365.0,100.0,0.6539509522118272
52,A*-GA,367.0,100.0,0.6524912279719165
52,A*-GA,369.0,100.0,0.6510509452309434
52,A*-GA,371.0,100.0,0.6496299664651024
52,A*-GA,373.0,100.0,0.6482281492125972
52,A*-GA,375.0,100.0,0.6468453464381472
52,A*-GA,377.0,100.0,0.6454814068803706
52,A*-GA,379.0,100.0,0.6441361753827647
52,A*-GA,381.0,100.0,0.6428094932089705
52,A*-GA,383.0,100.0,0.6415011983429851
52,A*-GA,385.0,100.0,0.6402111257749554
52,A*-GA,387.0,100.0,0.6389391077731635
52,A*-GA,389.0,100.0,0.6376849741427876
52,A*-GA,391.0,100.0,0.6364485524719989
52,A*-GA,393.0,100.0,0.6352296683659361
52,A*-GA,395.0,100.0,0.6340281456690682
52,A*-GA,397.0,100.0,0.6328438066764469
52,A*-GA,399.0,100.0,0.6316764723343209
52,A*-GA,401.0,100.0,0.6305259624305685
52,A*-GA,403.0,100.0,0.6293920957753868
52,A*-GA,405.0,100.0,0.6282746903726575
52,A*-GA,407.0,100.0,0.6271735635823911
52,A*-GA,409.0,100.0,0.6260885322746365
52,A*-GA,411.0,100.0,0.6250194129752258
52,A*-GA,413.0,100.0,0.6239660220037118
52,A*-GA,415.0,100.0,0.6229281756038355
52,A*-GA,417.0,100.0,0.6219056900668544
52,A*-GA,419.0,100.0,0.6208983818480422
52,A*-GA,421.0,100.0,0.6199060676766633
52,A*-GA,423.0,100.0,0.6189285646597067
52,A*-GA,425.0,100.0,0.6179656903796604
52,A*-GA,427.0,100.0,0.6170172629865884
52,A*-GA,429.0,100.0,0.6160831012847645
52,A*-GA,431.0,100.0,0.6151630248141089
52,A*-GA,433.0,100.0,0.6142568539266587
52,A*-GA,435.0,100.0,0.6133644098582983
52,A*-GA,437.0,100.0,0.612485514795963
52,A*-GA,439.0,100.0,0.6116199919405229
52,A*-GA,441.0,100.0,0.6107676655655435
52,A*-GA,443.0,100.0,0.6099283610721128
52,A*-GA,445.0,100.0,0.6091019050399152
52,A*-GA,447.0,100.0,0.6082881252747272
52,A*-GA,449.0,100.0,0.6074868508524996
52,A*-GA,451.0,100.0,0.6066979121601885
52,A*-GA,453.0,100.0,0.6059211409334837
52,A*-GA,455.0,100.0,0.6051563702915852
52,A*-GA,457.0,100.0,0.6044034347691658
52,A*-GA,459.0,100.0,0.6036621703456535
52,A*-GA,461.0,100.0,0.6029324144719639
52,A*-GA,463.0,100.0,0.6022140060948061
52,A*-GA,465.0,100.0,0.6015067856786778
52,A*-GA,467.0,100.0,0.6008105952256645
52,A*-GA,469.0,100.0,0.6001252782931511
53,EHCO,1.0,0.0,0.8905379926290132
53,EHCO,3.0,0.0,0.8937375777906504
53,EHCO,5.0,0.0,0.8967223995781851
53,EHCO,7.0,0.0,0.8995023525512511
53,EHCO,9.0,0.0,0.9020869188203239
53,EHCO,11.0,0.0,0.9044851846284534
53,EHCO,13.0,0.0,0.9067058562758649
53,EHCO,15.0,0.0,0.9087572754133147
53,EHCO,17.0,0.0,0.910647433729074
53,EHCO,19.0,0.0,0.9123839870534324
53,EHCO,21.0,0.0,0.9139742689036785
53,EHCO,23.0,0.0,0.9154253034916091
53,EHCO,25.0,0.0,0.9167438182147523
53,EHCO,27.0,0.0,0.9179362556516582
53,EHCO,29.0,0.0,0.9190087850808095
53,EHCO,31.0,0.0,0.919967313541938
53,EHCO,33.0,0.0,0.9208056644793862
53,EHCO,35.0,0.0,0.9214055772177723
53,EHCO,37.0,0.0,0.9217797974367117
53,EHCO,39.0,0.0,0.9219405147439829
53,EHCO,41.0,4.0,0.9218993854167238
53,EHCO,43.0,6.0,0.9216675542351801
53,EHCO,45.0,6.0,0.9212556754448573
53,EHCO,47.0,6.0,0.9206739328815196
53,EHCO,49.0,8.0,0.9199320592921192
53,EHCO,51.0,10.0,0.9190393548834436
53,EHCO,53.0,10.0,0.9180047051290102
53,EHCO,55.0,10.0,0.916971350036604
53,EHCO,57.0,10.0,0.9159842123949378
53,EHCO,59.0,14.000000000000002,0.9150414163507816
53,EHCO,61.0,16.0,0.9141087730848971
53,EHCO,63.0,18.0,0.9131757348335786
53,EHCO,65.0,18.0,0.9122429227158877
53,EHCO,67.0,18.0,0.911310923474434
53,EHCO,69.0,18.0,0.9103802909894083
53,EHCO,71.0,20.0,0.9094378456691516
53,EHCO,73.0,20.0,0.908362379640027
53,EHCO,75.0,20.0,0.9071619153664349
53,EHCO,77.0,20.0,0.905844114245657
53,EHCO,79.0,22.0,0.9044162915384998
53,EHCO,81.0,22.0,0.9028854307015514
53,EHCO,83.0,24.0,0.9012581971447337
53,EHCO,85.0,26.0,0.8995409514369027
53,EHCO,87.0,28.000000000000004,0.8977397619813516
53,EHCO,89.0,34.0,0.8959888873013212
53,EHCO,91.0,34.0,0.8943290361675594
53,EHCO,93.0,36.0,0.8927563909292514
53,EHCO,95.0,38.0,0.8912409752834423
53,EHCO,97.0,38.0,0.8897720271371129
53,EHCO,99.0,38.0,0.8883479325114164
53,EHCO,101.0,38.0,0.8869671372902241
53,EHCO,103.0,38.0,0.8856281449288028
53,EHCO,105.0,38.0,0.8843120960310076
53,EHCO,107.0,38.0,0.8828998257141171
53,EHCO,109.0,38.0,0.8813975468242014
53,EHCO,111.0,38.0,0.8798111881804388
53,EHCO,113.0,38.0,0.8781464063835025
53,EHCO,115.0,38.0,0.8764085971496975
53,EHCO,117.0,38.0,0.8746029061896343
53,EHCO,119.0,42.0,0.8727342396494862
53,EHCO,121.0,42.0,0.8708072741321667
53,EHCO,123.0,42.0,0.8688264663150784
53,EHCO,125.0,42.0,0.8667960621804307
53,EHCO,127.0,42.0,0.8647201058734926
53,EHCO,129.0,42.0,0.8627245257311436
53,EHCO,131.0,42.0,0.8608465199415684
53,EHCO,133.0,46.0,0.8590810419687636
53,EHCO,135.0,46.0,0.8574001370862385
53,EHCO,137.0,46.0,0.8557927419502801
53,EHCO,139.0,46.0,0.8542558853921101
53,EHCO,141.0,54.0,0.852786713766977
53,EHCO,143.0,54.0,0.8513824863330431
53,EHCO,145.0,54.0,0.8500405708116738
53,EHCO,147.0,54.0,0.8487584391220127
53,EHCO,149.0,54.0,0.8475336632830044
53,EHCO,151.0,56.00000000000001,0.8463639114762936
53,EHCO,153.0,56.00000000000001,0.8452469442636885
53,EHCO,155.0,56.00000000000001,0.8441806109531239
53,EHCO,157.0,57.99999999999999,0.8431628461072973
53,EHCO,159.0,57.99999999999999,0.8421916661893794
53,EHCO,161.0,57.99999999999999,0.8412651663404209
53,EHCO,163.0,57.99999999999999,0.8403815172832871
53,EHCO,165.0,57.99999999999999,0.8395389623481563
53,EHCO,167.0,57.99999999999999,0.8387358146148112
53,EHCO,169.0,57.99999999999999,0.8379704541671421
53,EHCO,171.0,57.99999999999999,0.8372490084244584
53,EHCO,173.0,57.99999999999999,0.8364691499414539
53,EHCO,175.0,57.99999999999999,0.8355943648400351
53,EHCO,177.0,57.99999999999999,0.8346304460983727
53,EHCO,179.0,57.99999999999999,0.8335829252393173
53,EHCO,181.0,60.0,0.8324570831524801
53,EHCO,183.0,60.0,0.8312579604824223
53,EHCO,185.0,60.0,0.8299903676001306
53,EHCO,187.0,60.0,0.8286588941742765
53,EHCO,189.0,62.0,0.8272679183581122
53,EHCO,191.0,62.0,0.8258614665762766
53,EHCO,193.0,62.0,0.824559009769271
53,EHCO,195.0,64.0,0.8233560123300714
53,EHCO,197.0,68.0,0.8222402689349333
53,EHCO,199.0,70.0,0.8211849976939418
53,EHCO,201.0,70.0,0.8201444307251036
53,EHCO,203.0,70.0,0.8189912730258818
53,EHCO,205.0,70.0,0.817732471542278
53,EHCO,207.0,70.0,0.8163746588752588
53,EHCO,209.0,70.0,0.8149241663036343
53,EHCO,211.0,70.0,0.813387036284625
53,EHCO,213.0,72.0,0.8117690344528001
53,EHCO,215.0,72.0,0.8100756611372496
53,EHCO,217.0,72.0,0.8083121624160727
53,EHCO,219.0,72.0,0.8064835407265147
53,EHCO,221.0,72.0,0.8045945650483581
53,EHCO,223.0,72.0,0.8026497806774848
53,EHCO,225.0,74.0,0.8006535186058577
53,EHCO,227.0,74.0,0.7986099045235284
53,EHCO,229.0,74.0,0.7965228674576662
53,EHCO,231.0,74.0,0.794396148063008
53,EHCO,233.0,76.0,0.7922333065775661
53,EHCO,235.0,76.0,0.790037730456881
53,EHCO,237.0,76.0,0.7878126416995859
53,EHCO,239.0,82.0,0.7855611038765437
53,EHCO,241.0,82.0,0.7832862857033559
53,EHCO,243.0,84.0,0.7809910282513097
53,EHCO,245.0,88.0,0.778677860020133
53,EHCO,247.0,88.0,0.7763490114109831
53,EHCO,249.0,88.0,0.7740068509790689
53,EHCO,251.0,88.0,0.7716536253802387
53,EHCO,253.0,88.0,0.7692914646320883
53,EHCO,255.0,88.0,0.7669223898047314
53,EHCO,257.0,88.0,0.7645483198881594
53,EHCO,259.0,88.0,0.7621710717917901
53,EHCO,261.0,88.0,0.7597923643560696
53,EHCO,263.0,90.0,0.7574138226425292
53,EHCO,265.0,90.0,0.7550369820482269
53,EHCO,267.0,90.0,0.7526632922515801
53,EHCO,269.0,90.0,0.7502941209963259
53,EHCO,271.0,90.0,0.747930757720074
53,EHCO,273.0,90.0,0.7455744170336657
53,EHCO,275.0,90.0,0.7432262420573039
53,EHCO,277.0,90.0,0.7408873076191848
53,EHCO,279.0,90.0,0.7385586233221336
53,EHCO,281.0,90.0,0.7362411364835331
53,EHCO,283.0,90.0,0.7339357349536167
53,EHCO,285.0,90.0,0.7316432498170079
53,EHCO,287.0,92.0,0.7293644579821827
53,EHCO,289.0,92.0,0.7271000846633575
53,EHCO,291.0,92.0,0.7248508057591184
53,EHCO,293.0,92.0,0.7226172501319414
53,EHCO,295.0,92.0,0.7204000017925875
53,EHCO,297.0,92.0,0.7181996019931978
53,EHCO,299.0,92.0,0.7160165512327641
53,EHCO,301.0,92.0,0.7138513111785022
53,EHCO,303.0,92.0,0.7117043065065183
53,EHCO,305.0,92.0,0.7095759266650208
53,EHCO,307.0,92.0,0.7074665275632052
53,EHCO,309.0,92.0,0.7053764331888104
53,EHCO,311.0,92.0,0.7033059371572308
53,EHCO,313.0,92.0,0.7012553041949499
53,EHCO,315.0,94.0,0.6992247715599547
53,EHCO,317.0,94.0,0.6972145504016813
53,EHCO,319.0,94.0,0.6952248270629442
53,EHCO,321.0,94.0,0.6932557643261995
53,EHCO,323.0,94.0,0.691307502606405
53,EHCO,325.0,94.0,0.689380161092645
53,EHCO,327.0,94.0,0.6874738388406025
53,EHCO,329.0,94.0,0.6855886158178808
53,EHCO,331.0,94.0,0.6837245539040941
53,EHCO,333.0,94.0,0.681881697847572
53,EHCO,335.0,94.0,0.6800600761804476
53,EHCO,337.0,94.0,0.6782597020938307
53,EHCO,339.0,94.0,0.6764805742746968
53,EHCO,341.0,94.0,0.6747226777060606
53,EHCO,343.0,94.0,0.6729859844319371
53,EHCO,345.0,94.0,0.6712704542885358
53,EHCO,347.0,94.0,0.669576035603075
53,EHCO,349.0,94.0,0.6679026658615465
53,EHCO,351.0,94.0,0.6662502723467091
53,EHCO,353.0,94.0,0.6646187727475394
53,EHCO,355.0,96.0,0.6630080757413156
53,EHCO,357.0,96.0,0.6614180800035628
53,EHCO,359.0,96.0,0.6598486745838716
53,EHCO,361.0,96.0,0.6582997412434808
53,EHCO,363.0,96.0,0.6567711549854292
53,EHCO,365.0,96.0,0.6552627845080483
53,EHCO,367.0,96.0,0.653774492637553
53,EHCO,369.0,96.0,0.6523061367405976
53,EHCO,371.0,96.0,0.6508575691176367
53,EHCO,373.0,96.0,0.6494286373778938
53,EHCO,375.0,96.0,0.6480191847967064
53,EHCO,377.0,96.0,0.646629050655988
53,EHCO,379.0,96.0,0.6452580705685169
53,EHCO,381.0,96.0,0.6439060767867326
53,EHCO,383.0,96.0,0.6425728984966933
53,EHCO,385.0,96.0,0.641258362097821
53,EHCO,387.0,96.0,0.6399622914690386
53,EHCO,389.0,96.0,0.6386845082218723
53,EHCO,391.0,96.0,0.6374248319410772
53,EHCO,393.0,96.0,0.6361830804133158
53,EHCO,395.0,96.0,0.6349590698443996
53,EHCO,397.0,96.0,0.6337526150655847
53,EHCO,399.0,96.0,0.6325635297293879
53,EHCO,401.0,96.0,0.6313916264953777
53,EHCO,403.0,96.0,0.6302367172063689
53,EHCO,405.0,96.0,0.6290986130554368
53,EHCO,407.0,96.0,0.6279771247441497
53,EHCO,409.0,96.0,0.6268720626323979
53,EHCO,411.0,96.0,0.6257832368801893
53,EHCO,413.0,96.0,0.6247104575817591
53,EHCO,415.0,96.0,0.6236535348923313
53,EHCO,417.0,96.0,0.6226122791478554
53,EHCO,419.0,96.0,0.6215865009780267
53,EHCO,421.0,96.0,0.6205760114128882
53,EHCO,423.0,96.0,0.6195806219832976
53,EHCO,425.0,96.0,0.6186001448155326
53,EHCO,427.0,96.0,0.6176343927202976
53,EHCO,429.0,96.0,0.6166831792763802
53,EHCO,431.0,96.0,0.6157463189091993
53,EHCO,433.0,96.0,0.614823626964477
53,EHCO,435.0,96.0,0.6139149197772522
53,EHCO,437.0,96.0,0.6130200147364498
53,EHCO,439.0,96.0,0.6121387303452083
53,EHCO,441.0,96.0,0.6112708862771602
53,EHCO,443.0,96.0,0.610416303428852
53,EHCO,445.0,96.0,0.609574803968482
53,EHCO,447.0,96.0,0.6087462286168154
53,EHCO,449.0,96.0,0.6079304525656841
53,EHCO,451.0,98.0,0.6071272994050854
53,EHCO,453.0,98.0,0.606336542896528
53,EHCO,455.0,98.0,0.6055579948537537
53,EHCO,457.0,98.0,0.6047914861603176
53,EHCO,459.0,98.0,0.6040368492133187
53,EHCO,461.0,98.0,0.603293917948663
53,EHCO,463.0,98.0,0.6025625278639393
53,EHCO,465.0,98.0,0.6018425160390185
53,EHCO,467.0,98.0,0.6011337211544947
53,EHCO,469.0,98.0,0.6004359835080704
53,EHCO,471.0,98.0,0.5997491450289902
53,EHCO,473.0,98.0,0.5990730492906222
53,EHCO,475.0,98.0,0.5984075415212787
53,EHCO,477.0,98.0,0.5977524686133684
53,EHCO,479.0,98.0,0.597107679130965
53,EHCO,481.0,98.0,0.5964730233158739
53,EHCO,483.0,98.0,0.5958483530922785
53,EHCO,485.0,98.0,0.595233522070038
53,EHCO,487.0,98.0,0.5946283855467107
53,EHCO,489.0,98.0,0.594032800508372
53,EHCO,491.0,98.0,0.5934466256292926
53,EHCO,493.0,98.0,0.5928697212705387
53,EHCO,495.0,98.0,0.5923019494775568
53,EHCO,497.0,98.0,0.5917431739767985
53,EHCO,499.0,98.0,0.5911932601714424
53,EHCO,501.0,98.0,0.5906520751362633
53,EHCO,503.0,98.0,0.5901194876117011
53,EHCO,505.0,98.0,0.5895953679971764
53,EHCO,507.0,98.0,0.5890795883436986
53,EHCO,509.0,98.0,0.5885720223458106
53,EHCO,511.0,98.0,0.5880725453329118
53,EHCO,513.0,98.0,0.5875810342599986
53,EHCO,515.0,98.0,0.5870973676978626
53,EHCO,517.0,98.0,0.586621425822779
53,EHCO,519.0,98.0,0.5861530904057252
53,EHCO,521.0,98.0,0.5856922448011564
53,EHCO,523.0,98.0,0.5852387739353758
53,EHCO,525.0,98.0,0.5847925642945243
53,EHCO,527.0,98.0,0.5843535039122223
53,EHCO,529.0,98.0,0.583921482356888
53,EHCO,531.0,98.0,0.5834963907187604
53,EHCO,533.0,98.0,0.5830781215966497
53,EHCO,535.0,98.0,0.5826665690844408
53,EHCO,537.0,98.0,0.58226162875737
53,EHCO,539.0,98.0,0.5818631976580984
53,EHCO,541.0,98.0,0.5814711742826005
53,EHCO,543.0,98.0,0.5810854585658896
53,EHCO,545.0,98.0,0.5807059518675942
53,EHCO,547.0,98.0,0.5803325569574088
53,EHCO,549.0,98.0,0.5799651780004291
53,EHCO,551.0,98.0,0.5796037205423927
53,EHCO,553.0,98.0,0.5792480914948371
53,EHCO,555.0,98.0,0.5788981991201901
53,EHCO,557.0,98.0,0.5785539530168065
53,EHCO,559.0,98.0,0.5782152641039617
53,EHCO,561.0,98.0,0.5778820446068184
53,EHCO,563.0,98.0,0.5775542080413716
53,EHCO,565.0,98.0,0.5772316691993894
53,EHCO,567.0,98.0,0.576914344133355
53,EHCO,569.0,98.0,0.576602150141421
53,EHCO,571.0,98.0,0.5762950057523859
53,EHCO,573.0,98.0,0.5759928307106998
53,EHCO,575.0,98.0,0.5756955459615087
53,EHCO,577.0,98.0,0.5754030736357443
53,EHCO,579.0,98.0,0.5751153370352664
53,EHCO,581.0,98.0,0.5748322606180656
53,EHCO,583.0,98.0,0.5745537699835309
53,EHCO,585.0,98.0,0.5742797918577897
53,EHCO,587.0,98.0,0.5740102540791244
53,EHCO,589.0,98.0,0.5737450855834734
53,EHCO,591.0,98.0,0.5734842163900167
53,EHCO,593.0,98.0,0.5732275775868557
53,EHCO,595.0,98.0,0.5729751013167882
53,EHCO,597.0,98.0,0.5727267207631831
53,EHCO,599.0,98.0,0.5724823701359598
53,EHCO,601.0,98.0,0.572241984657674
53,EHCO,603.0,98.0,0.5720055005497133
53,EHCO,605.0,98.0,0.5717728550186074
53,EHCO,607.0,98.0,0.5715439862424523
53,EHCO,609.0,98.0,0.5713188333574531
53,EHCO,611.0,98.0,0.5710973364445886
53,EHCO,613.0,98.0,0.5708794365163956
53,EHCO,615.0,98.0,0.5706650755038803
53,EHCO,617.0,98.0,0.5704541962435533
53,EHCO,619.0,98.0,0.570246742464593
53,EHCO,621.0,98.0,0.5700426587761375
53,EHCO,623.0,98.0,0.5698418906547058
53,EHCO,625.0,98.0,0.5696443844317507
53,EHCO,627.0,98.0,0.569450087281342
53,EHCO,629.0,98.0,0.5692589472079842
53,EHCO,631.0,98.0,0.5690709130345639
53,EHCO,633.0,98.0,0.5688859343904343
53,EHCO,635.0,98.0,0.568703961699631
53,EHCO,637.0,98.0,0.568524946169223
53,EHCO,639.0,98.0,0.5683488397777972
53,EHCO,641.0,98.0,0.5681755952640782
53,EHCO,643.0,98.0,0.5680051661156821
53,EHCO,645.0,98.0,0.5678375065580038
53,EHCO,647.0,98.0,0.567672571543239
53,EHCO,649.0,98.0,0.56751031673954
53,EHCO,651.0,98.0,0.5673506985203044
53,EHCO,653.0,98.0,0.5671936739535972
53,EHCO,655.0,98.0,0.5670392007917053
53,EHCO,657.0,98.0,0.5668872374608238
53,EHCO,659.0,98.0,0.5667377430508742
53,EHCO,661.0,98.0,0.5665906773054528
53,EHCO,663.0,98.0,0.5664460006119095
53,EHCO,665.0,98.0,0.5663036739915559
53,EHCO,667.0,98.0,0.5661636590900019
53,EHCO,669.0,98.0,0.5660259181676203
53,EHCO,671.0,98.0,0.5658904140901378
53,EHCO,673.0,98.0,0.5657571103193527
53,EHCO,675.0,98.0,0.5656259709039761
53,EHCO,677.0,98.0,0.5654969604706002
53,EHCO,679.0,98.0,0.565370044214786
53,EHCO,681.0,98.0,0.5652451878922766
53,EHCO,683.0,98.0,0.5651223578103288
53,EHCO,685.0,98.0,0.5650015208191669
53,EHCO,687.0,98.0,0.5648826443035537
53,EHCO,689.0,98.0,0.5647656961744808
53,EHCO,691.0,98.0,0.5646506448609747
53,EHCO,693.0,98.0,0.564537459302019
53,EHCO,695.0,98.0,0.5644261089385914
53,EHCO,697.0,98.0,0.5643165637058128
53,EHCO,699.0,98.0,0.5642087940252107
53,EHCO,701.0,98.0,0.5641027707970913
53,EHCO,703.0,98.0,0.563998465393023
53,EHCO,705.0,98.0,0.5638958496484284
53,EHCO,707.0,98.0,0.5637948958552833
53,EHCO,709.0,98.0,0.5636955767549224
53,EHCO,711.0,98.0,0.56359786553095
53,EHCO,713.0,98.0,0.5635017358022544
53,EHCO,715.0,98.0,0.5634071616161257
53,EHCO,717.0,98.0,0.5633141174414741
53,EHCO,719.0,98.0,0.5632225781621495
53,EHCO,721.0,98.0,0.5631325190703598
53,EHCO,723.0,98.0,0.5630439158601868
53,EHCO,725.0,98.0,0.5629567446211995
53,EHCO,727.0,98.0,0.5628709818321622
53,EHCO,729.0,98.0,0.5627866043548382
53,EHCO,731.0,98.0,0.5627035894278852
53,EHCO,733.0,98.0,0.5626219146608434
53,EHCO,735.0,98.0,0.5625415580282149
53,EHCO,737.0,98.0,0.5624624978636318
53,EHCO,739.0,98.0,0.5623847128541134
53,EHCO,741.0,98.0,0.5623081820344107
53,EHCO,743.0,98.0,0.5622328847814371
53,EHCO,745.0,98.0,0.5621588008087839
53,EHCO,747.0,98.0,0.5620859615269246
53,EHCO,749.0,98.0,0.5620143621858557
53,A*-GA,1.0,0.0,0.8905379926290132
53,A*-GA,3.0,0.0,0.8937375777906504
53,A*-GA,5.0,0.0,0.8967223995781851
53,A*-GA,7.0,0.0,0.8995023525512511
53,A*-GA,9.0,0.0,0.9020869188203239
53,A*-GA,11.0,0.0,0.9044851846284534
53,A*-GA,13.0,0.0,0.9067058562758649
53,A*-GA,15.0,0.0,0.9087572754133147
53,A*-GA,17.0,0.0,0.9106356017506708
53,A*-GA,19.0,0.0,0.9122248164375282
53,A*-GA,21.0,0.0,0.9135398162889177
53,A*-GA,23.0,0.0,0.914594854961546
53,A*-GA,25.0,0.0,0.9154035691559689
53,A*-GA,27.0,0.0,0.9159790037748052
53,A*-GA,29.0,0.0,0.9163336360782139
53,A*-GA,31.0,0.0,0.9164793988762289
53,A*-GA,33.0,0.0,0.9164277027959938
53,A*-GA,35.0,0.0,0.9161894576604421
53,A*-GA,37.0,0.0,0.9157750930135243
53,A*-GA,39.0,0.0,0.9151945778257121
53,A*-GA,41.0,0.0,0.9144574394121735
53,A*-GA,43.0,4.0,0.9135727815947435
53,A*-GA,45.0,6.0,0.9125493021375882
53,A*-GA,47.0,6.0,0.9113953094852824
53,A*-GA,49.0,6.0,0.9101187388308923
53,A*-GA,51.0,8.0,0.9088596872508916
53,A*-GA,53.0,10.0,0.9076616269086106
53,A*-GA,55.0,12.0,0.9065220369672111
53,A*-GA,57.0,12.0,0.9054082689230886
53,A*-GA,59.0,14.000000000000002,0.904309740454604
53,A*-GA,61.0,16.0,0.9032263183670864
53,A*-GA,63.0,16.0,0.9021578670110634
53,A*-GA,65.0,16.0,0.9011042485055021
53,A*-GA,67.0,18.0,0.9000751950163448
53,A*-GA,69.0,18.0,0.8989671327090923
53,A*-GA,71.0,18.0,0.8977419718032028
53,A*-GA,73.0,18.0,0.8964069543606538
53,A*-GA,75.0,18.0,0.8949689945661654
53,A*-GA,77.0,18.0,0.8934346923132563
53,A*-GA,79.0,20.0,0.8918103462453609
53,A*-GA,81.0,20.0,0.8901019662735873
53,A*-GA,83.0,20.0,0.8883152855918383
53,A*-GA,85.0,20.0,0.8864557722092081
53,A*-GA,87.0,20.0,0.8845286400187772
53,A*-GA,89.0,20.0,0.8825388594211789
53,A*-GA,91.0,20.0,0.8804911675205859
53,A*-GA,93.0,20.0,0.8783900779100672
53,A*-GA,95.0,20.0,0.8762398900626038
53,A*-GA,97.0,20.0,0.874044698343403
53,A*-GA,99.0,22.0,0.8718084006585389
53,A*-GA,101.0,22.0,0.8695347067543542
53,A*-GA,103.0,22.0,0.8672271461814867
53,A*-GA,105.0,22.0,0.8648890759368398
53,A*-GA,107.0,24.0,0.8625643000076343
53,A*-GA,109.0,26.0,0.8603735235857375
53,A*-GA,111.0,28.000000000000004,0.8583111005237851
53,A*-GA,113.0,30.0,0.8563637577888126
53,A*-GA,115.0,32.0,0.8545036869406725
53,A*-GA,117.0,32.0,0.8527273403522864
53,A*-GA,119.0,32.0,0.8510313109390518
53,A*-GA,121.0,34.0,0.8494123266302547
53,A*-GA,123.0,36.0,0.8478672450575334
53,A*-GA,125.0,36.0,0.8463930484518803
53,A*-GA,127.0,40.0,0.844986838740996
53,A*-GA,129.0,40.0,0.8436458328391336
53,A*-GA,131.0,40.0,0.842367358121884
53,A*-GA,133.0,40.0,0.8411488480786397
53,A*-GA,135.0,40.0,0.839969717930443
53,A*-GA,137.0,40.0,0.8387154882663012
53,A*-GA,139.0,42.0,0.8373911054304474
53,A*-GA,141.0,42.0,0.8360012886625751
53,A*-GA,143.0,42.0,0.8345505395535426
53,A*-GA,145.0,44.0,0.833043151121102
53,A*-GA,147.0,44.0,0.8314832165207049
53,A*-GA,149.0,44.0,0.8298746374058501
53,A*-GA,151.0,44.0,0.8282211319518653
53,A*-GA,153.0,44.0,0.8265262425564683
53,A*-GA,155.0,44.0,0.8247933432299261
53,A*-GA,157.0,46.0,0.8230256466871284
53,A*-GA,159.0,46.0,0.821226211153402
53,A*-GA,161.0,46.0,0.8195141184526271
53,A*-GA,163.0,46.0,0.8179241396547443
53,A*-GA,165.0,48.0,0.8164508770934874
53,A*-GA,167.0,50.0,0.8150660405989454
53,A*-GA,169.0,50.0,0.8137582464343079
53,A*-GA,171.0,52.0,0.8125242174767078
53,A*-GA,173.0,52.0,0.8113608079792093
53,A*-GA,175.0,54.0,0.810264998385854
53,A*-GA,177.0,54.0,0.809233890350452
53,A*-GA,179.0,54.0,0.8082647019511268
53,A*-GA,181.0,54.0,0.8073547630929281
53,A*-GA,183.0,57.99999999999999,0.8065015110911313
53,A*-GA,185.0,57.99999999999999,0.8057024864281327
53,A*-GA,187.0,57.99999999999999,0.8049553286771249
53,A*-GA,189.0,60.0,0.8042577725860082
53,A*-GA,191.0,60.0,0.8035908200154591
53,A*-GA,193.0,62.0,0.8028439865030151
53,A*-GA,195.0,62.0,0.8020221528954896
53,A*-GA,197.0,62.0,0.8011299796875143
53,A*-GA,199.0,64.0,0.8001719161432134
53,A*-GA,201.0,66.0,0.7991414198550261
53,A*-GA,203.0,66.0,0.7980113823303961
53,A*-GA,205.0,66.0,0.7967880163673203
53,A*-GA,207.0,66.0,0.7954772528921913
53,A*-GA,209.0,66.0,0.7940847526480406
53,A*-GA,211.0,66.0,0.7926159174138326
53,A*-GA,213.0,66.0,0.7910759007733797
53,A*-GA,215.0,66.0,0.7894696184517157
53,A*-GA,217.0,66.0,0.7878017582360629
53,A*-GA,219.0,66.0,0.7860767894978538
53,A*-GA,221.0,68.0,0.7842989723316164
53,A*-GA,223.0,70.0,0.782472366325915
53,A*-GA,225.0,70.0,0.7806008389809357
53,A*-GA,227.0,70.0,0.7786880737867306
53,A*-GA,229.0,70.0,0.7767376641540235
53,A*-GA,231.0,70.0,0.7747532002367236
53,A*-GA,233.0,72.0,0.7727378455128625
53,A*-GA,235.0,72.0,0.7706943523233675
53,A*-GA,237.0,74.0,0.7686255076850494
53,A*-GA,239.0,74.0,0.7665340445355628
53,A*-GA,241.0,76.0,0.7644225598666756
53,A*-GA,243.0,78.0,0.7622935211168829
53,A*-GA,245.0,78.0,0.7601492762397649
53,A*-GA,247.0,80.0,0.7579920558531029
53,A*-GA,249.0,80.0,0.7558239760589691
53,A*-GA,251.0,80.0,0.753647043382575
53,A*-GA,253.0,80.0,0.7514631595099897
53,A*-GA,255.0,80.0,0.7492741258327419
53,A*-GA,257.0,80.0,0.7470816478070023
53,A*-GA,259.0,80.0,0.7448873391347359
53,A*-GA,261.0,80.0,0.7426927257739273
53,A*-GA,263.0,80.0,0.7404992497846961
53,A*-GA,265.0,80.0,0.738308273017853
53,A*-GA,267.0,82.0,0.7361210806521903
53,A*-GA,269.0,82.0,0.7339388845865454
53,A*-GA,271.0,82.0,0.7317628266924452
53,A*-GA,273.0,84.0,0.7295939819329033
53,A*-GA,275.0,86.0,0.7274333613527244
53,A*-GA,277.0,86.0,0.7252819149454593
53,A*-GA,279.0,86.0,0.7231406982220692
53,A*-GA,281.0,88.0,0.7210105897691578
53,A*-GA,283.0,90.0,0.7188923585973516
53,A*-GA,285.0,90.0,0.7167867236357952
53,A*-GA,287.0,94.0,0.7146943560259769
53,A*-GA,289.0,98.0,0.7126158813201263
53,A*-GA,291.0,100.0,0.7105518815880204
53,A*-GA,293.0,100.0,0.7085028974358768
53,A*-GA,295.0,100.0,0.7064694299408729
53,A*-GA,297.0,100.0,0.7044519425046837
53,A*-GA,299.0,100.0,0.702450862629301
53,A*-GA,301.0,100.0,0.7004665836182651
53,A*-GA,303.0,100.0,0.6984994662063162
53,A*-GA,305.0,100.0,0.6965498401203545
53,A*-GA,307.0,100.0,0.6946180055744805
53,A*-GA,309.0,100.0,0.6927042347017817
53,A*-GA,311.0,100.0,0.6908087729254202
53,A*-GA,313.0,100.0,0.68893184027148
53,A*-GA,315.0,100.0,0.6870736326259302
53,A*-GA,317.0,100.0,0.6852343229379707
53,A*-GA,319.0,100.0,0.6834140623719329
53,A*-GA,321.0,100.0,0.6816129814098262
53,A*-GA,323.0,100.0,0.6798311909065328
53,A*-GA,325.0,100.0,0.6780687830995775
53,A*-GA,327.0,100.0,0.6763258325753214
53,A*-GA,329.0,100.0,0.6746023971933534
53,A*-GA,331.0,100.0,0.672898518970784
53,A*-GA,333.0,100.0,0.6712142249280797
53,A*-GA,335.0,100.0,0.6695495278980054
53,A*-GA,337.0,100.0,0.6679044272991875
53,A*-GA,339.0,100.0,0.666278909875743
53,A*-GA,341.0,100.0,0.6646729504043655
53,A*-GA,343.0,100.0,0.6630865123702042
53,A*-GA,345.0,100.0,0.6615195486128173
53,A*-GA,347.0,100.0,0.6599720019434281
53,A*-GA,349.0,100.0,0.6584438057346685
53,A*-GA,351.0,100.0,0.6569348844839407
53,A*-GA,353.0,100.0,0.6554451543514869
53,A*-GA,355.0,100.0,0.6539745236742124
53,A*-GA,357.0,100.0,0.6525228934562648
53,A*-GA,359.0,100.0,0.6510901578373313
53,A*-GA,361.0,100.0,0.6496762045395797
53,A*-GA,363.0,100.0,0.6482809152941301
53,A*-GA,365.0,100.0,0.6469041662479074
53,A*-GA,367.0,100.0,0.6455458283516937
53,A*-GA,369.0,100.0,0.6442057677301648
53,A*-GA,371.0,100.0,0.6428838460346622
53,A*-GA,373.0,100.0,0.6415799207794255
53,A*-GA,375.0,100.0,0.6402938456619768
53,A*-GA,377.0,100.0,0.6390254708683242
53,A*-GA,379.0,100.0,0.6377746433636222
53,A*-GA,381.0,100.0,0.6365412071689023
53,A*-GA,383.0,100.0,0.6353250036244611
53,A*-GA,385.0,100.0,0.6341258716404733
53,A*-GA,387.0,100.0,0.6329436479353674
53,A*-GA,389.0,100.0,0.6317781672624864
53,A*-GA,391.0,100.0,0.6306292626255313
53,A*-GA,393.0,100.0,0.629496765483266
53,A*-GA,395.0,100.0,0.6283805059439429
53,A*-GA,397.0,100.0,0.6272803129498893
53,A*-GA,399.0,100.0,0.6261960144526767
53,A*-GA,401.0,100.0,0.6251274375792799
53,A*-GA,403.0,100.0,0.624074408789613
53,A*-GA,405.0,100.0,0.6230367540258166
53,A*-GA,407.0,100.0,0.6220142988536537
53,A*-GA,409.0,100.0,0.621006868596356
53,A*-GA,411.0,100.0,0.6200142884612534
53,A*-GA,413.0,100.0,0.6190363836594976
53,A*-GA,415.0,100.0,0.618072979519188
53,A*-GA,417.0,100.0,0.617123901592185
53,A*-GA,419.0,100.0,0.6161889757548926
53,A*-GA,421.0,100.0,0.6152680283032772
53,A*-GA,423.0,100.0,0.6143608860423768
53,A*-GA,425.0,100.0,0.6134673763705478
53,A*-GA,427.0,100.0,0.6125873273586844
53,A*-GA,429.0,100.0,0.6117205678246349
53,A*-GA,431.0,100.0,0.6108669274030352
53,A*-GA,433.0,100.0,0.6100262366107609
53,A*-GA,435.0,100.0,0.6091983269082032
53,A*-GA,437.0,100.0,0.608383030756554
53,A*-GA,439.0,100.0,0.6075801816712859
53,A*-GA,441.0,100.0,0.6067896142720022
53,A*-GA,443.0,100.0,0.6060111643288218
53,A*-GA,445.0,100.0,0.6052446688054638
53,A*-GA,447.0,100.0,0.6044899658991825
53,A*-GA,449.0,100.0,0.6037468950777015
53,A*-GA,451.0,100.0,0.6030152971132904
53,A*-GA,453.0,100.0,0.6022950141141155
53,A*-GA,455.0,100.0,0.6015858895529976
53,A*-GA,457.0,100.0,0.6008877682937008
53,A*-GA,459.0,100.0,0.6002004966148686
54,EHCO,1.0,0.0,0.7564151895705851
54,EHCO,3.0,0.0,0.7648763840317268
54,EHCO,5.0,0.0,0.7729164032947556
54,EHCO,7.0,0.0,0.7805532394116634
54,EHCO,9.0,0.0,0.7878041543223643
54,EHCO,11.0,0.0,0.7946857088982776
54,EHCO,13.0,0.0,0.8012137908399021
54,EHCO,15.0,0.0,0.8074036414734487
54,EHCO,17.0,0.0,0.8132698814898286
54,EHCO,19.0,0.0,0.8188265356675951
54,EHCO,21.0,0.0,0.8240870566198022
54,EHCO,23.0,2.0,0.8290643476031745
54,EHCO,25.0,2.0,0.8337707844264748
54,EHCO,27.0,2.0,0.838218236493505
54,EHCO,29.0,2.0,0.8424180870147893
54,EHCO,31.0,2.0,0.8463694204422416
54,EHCO,33.0,4.0,0.8499590303911622
54,EHCO,35.0,4.0,0.8532045182298512
54,EHCO,37.0,6.0,0.8561227384492321
54,EHCO,39.0,8.0,0.8587298288945637
54,EHCO,41.0,8.0,0.8610412397957647
54,EHCO,43.0,10.0,0.863071761643739
54,EHCO,45.0,10.0,0.8648355519582193
54,EHCO,47.0,14.000000000000002,0.8663461609908638
54,EHCO,49.0,14.000000000000002,0.8676165564056161
54,EHCO,51.0,14.000000000000002,0.8686591469766884
54,EHCO,53.0,14.000000000000002,0.8694858053429432
54,EHCO,55.0,14.000000000000002,0.8701078898559157
54,EHCO,57.0,16.0,0.8706698370497692
54,EHCO,59.0,16.0,0.8712185491007031
54,EHCO,61.0,20.0,0.8717544478743205
54,EHCO,63.0,20.0,0.8722466944866837
54,EHCO,65.0,20.0,0.8726871587477477
54,EHCO,67.0,22.0,0.8730784031357404
54,EHCO,69.0,22.0,0.8734228808256351
54,EHCO,71.0,22.0,0.873722940122178
54,EHCO,73.0,22.0,0.8739808287166108
54,EHCO,75.0,22.0,0.874198697774045
54,EHCO,77.0,24.0,0.8743786058581696
54,EHCO,79.0,24.0,0.8745225226997121
54,EHCO,81.0,24.0,0.8746323328148206
54,EHCO,83.0,28.000000000000004,0.8747098389792911
54,EHCO,85.0,28.000000000000004,0.8747567655643318
54,EHCO,87.0,28.000000000000004,0.8747747617393318
54,EHCO,89.0,28.000000000000004,0.8747654045468877
54,EHCO,91.0,28.000000000000004,0.8747302018551332
54,EHCO,93.0,28.000000000000004,0.8746803960628187
54,EHCO,95.0,28.000000000000004,0.8745139389216334
54,EHCO,97.0,30.0,0.8741942737865009
54,EHCO,99.0,30.0,0.8737300455716664
54,EHCO,101.0,32.0,0.8731295165071539
54,EHCO,103.0,32.0,0.8724005818711407
54,EHCO,105.0,32.0,0.8715507850932579
54,EHCO,107.0,34.0,0.8705873322536909
54,EHCO,109.0,34.0,0.8695171060019773
54,EHCO,111.0,36.0,0.8683466789184577
54,EHCO,113.0,38.0,0.8671246700200954
54,EHCO,115.0,38.0,0.8659797040701082
54,EHCO,117.0,38.0,0.8649085206420141
54,EHCO,119.0,42.0,0.8638998809003561
54,EHCO,121.0,44.0,0.8629274408592698
54,EHCO,123.0,44.0,0.8619898304560188
54,EHCO,125.0,44.0,0.861085732547987
54,EHCO,127.0,44.0,0.8602218035522727
54,EHCO,129.0,44.0,0.8592935571120882
54,EHCO,131.0,44.0,0.8582638721001026
54,EHCO,133.0,44.0,0.8571390008066088
54,EHCO,135.0,46.0,0.8559249126785246
54,EHCO,137.0,46.0,0.8546273060362126
54,EHCO,139.0,46.0,0.8532516193203888
54,EHCO,141.0,46.0,0.8518030418877224
54,EHCO,143.0,46.0,0.8502865243730012
54,EHCO,145.0,46.0,0.8487067886350286
54,EHCO,147.0,50.0,0.8470683373027433
54,EHCO,149.0,50.0,0.845375462937405
54,EHCO,151.0,52.0,0.8436322568260624
54,EHCO,153.0,52.0,0.8418426174209228
54,EHCO,155.0,52.0,0.8400102584386647
54,EHCO,157.0,52.0,0.8381786650963332
54,EHCO,159.0,52.0,0.8364669738022855
54,EHCO,161.0,52.0,0.8348700334391589
54,EHCO,163.0,54.0,0.83337504722506
54,EHCO,165.0,54.0,0.8319546649215918
54,EHCO,167.0,56.00000000000001,0.8306057797551735
54,EHCO,169.0,56.00000000000001,0.8293254088200873
54,EHCO,171.0,57.99999999999999,0.8281106881971827
54,EHCO,173.0,57.99999999999999,0.8269588682643143
54,EHCO,175.0,57.99999999999999,0.8258673091909917
54,EHCO,177.0,57.99999999999999,0.8248334766100099
54,EHCO,179.0,60.0,0.8238549374591169
54,EHCO,181.0,60.0,0.8229293559860427
54,EHCO,183.0,62.0,0.8220544899104814
54,EHCO,185.0,62.0,0.821228186736864
54,EHCO,187.0,62.0,0.8204483802120067
54,EHCO,189.0,62.0,0.8196954947722118
54,EHCO,191.0,62.0,0.8188570273311606
54,EHCO,193.0,62.0,0.8179382323370976
54,EHCO,195.0,62.0,0.8169441267513232
54,EHCO,197.0,62.0,0.8158794998830265
54,EHCO,199.0,62.0,0.8147489228297335
54,EHCO,201.0,62.0,0.8135459683418622
54,EHCO,203.0,64.0,0.8122436367026243
54,EHCO,205.0,66.0,0.8108482433847657
54,EHCO,207.0,66.0,0.8093658161580605
54,EHCO,209.0,66.0,0.8078021070361258
54,EHCO,211.0,66.0,0.8061626037436509
54,EHCO,213.0,66.0,0.8044525407230376
54,EHCO,215.0,66.0,0.8026769958771329
54,EHCO,217.0,68.0,0.8008409800917997
54,EHCO,219.0,70.0,0.7989490164094531
54,EHCO,221.0,70.0,0.7970054148852375
54,EHCO,223.0,70.0,0.7950142815300497
54,EHCO,225.0,70.0,0.7929795268930186
54,EHCO,227.0,70.0,0.7909048742977433
54,EHCO,229.0,70.0,0.7887938677460317
54,EHCO,231.0,72.0,0.786649879502341
54,EHCO,233.0,72.0,0.7844761173715947
54,EHCO,235.0,74.0,0.782275631682558
54,EHCO,237.0,74.0,0.7800513219884683
54,EHCO,239.0,76.0,0.7778059434961611
54,EHCO,241.0,76.0,0.7755421132344805
54,EHCO,243.0,76.0,0.7732623159723474
54,EHCO,245.0,78.0,0.7709689098964407
54,EHCO,247.0,80.0,0.7686641320580605
54,EHCO,249.0,80.0,0.7663501035983596
54,EHCO,251.0,80.0,0.7640288347607717
54,EHCO,253.0,80.0,0.7617022296991102
54,EHCO,255.0,80.0,0.7593720910894853
54,EHCO,257.0,82.0,0.7570401245538567
54,EHCO,259.0,82.0,0.7547079429027349
54,EHCO,261.0,82.0,0.7523770702042492
54,EHCO,263.0,82.0,0.75004894568651
54,EHCO,265.0,82.0,0.7477249274799247
54,EHCO,267.0,82.0,0.7454062962058577
54,EHCO,269.0,82.0,0.7430942584177792
54,EHCO,271.0,82.0,0.7407899499007977
54,EHCO,273.0,84.0,0.7384944388352433
54,EHCO,275.0,84.0,0.7362087288297418
54,EHCO,277.0,84.0,0.7339337618290045
54,EHCO,279.0,84.0,0.7316704209013549
54,EHCO,281.0,84.0,0.7294195329108104
54,EHCO,283.0,84.0,0.7271818710783484
54,EHCO,285.0,86.0,0.7249581574368058
54,EHCO,287.0,86.0,0.7227490651836791
54,EHCO,289.0,88.0,0.7205552209359267
54,EHCO,291.0,88.0,0.7183772068907145
54,EHCO,293.0,90.0,0.7162155628958825
54,EHCO,295.0,90.0,0.7140707884337707
54,EHCO,297.0,90.0,0.7119433445218879
54,EHCO,299.0,90.0,0.7098336555337774
54,EHCO,301.0,90.0,0.7077421109432936
54,EHCO,303.0,90.0,0.7056690669953826
54,EHCO,305.0,92.0,0.7036148483063315
54,EHCO,307.0,92.0,0.7015797493963359
54,EHCO,309.0,92.0,0.6995640361571239
54,EHCO,311.0,92.0,0.6975679472572607
54,EHCO,313.0,92.0,0.69559169548766
54,EHCO,315.0,94.0,0.6936354690497234
54,EHCO,317.0,94.0,0.6916994327884346
54,EHCO,319.0,94.0,0.6897837293726423
54,EHCO,321.0,94.0,0.6878884804246774
54,EHCO,323.0,96.0,0.6860137876013636
54,EHCO,325.0,96.0,0.6841597336283992
54,EHCO,327.0,96.0,0.6823263832900107
54,EHCO,329.0,98.0,0.6805137843756979
54,EHCO,331.0,98.0,0.6787219685858255
54,EHCO,333.0,98.0,0.676950952397739
54,EHCO,335.0,98.0,0.67520073789402
54,EHCO,337.0,98.0,0.6734713135544306
54,EHCO,339.0,98.0,0.6717626550130328
54,EHCO,341.0,98.0,0.6700747257819138
54,EHCO,343.0,98.0,0.6684074779428865
54,EHCO,345.0,98.0,0.6667608528084809
54,EHCO,347.0,98.0,0.6651347815534927
54,EHCO,349.0,98.0,0.6635291858183001
54,EHCO,351.0,98.0,0.6619439782851142
54,EHCO,353.0,100.0,0.66037906322828
54,EHCO,355.0,100.0,0.6588343370397041
54,EHCO,357.0,100.0,0.6573096887304345
54,EHCO,359.0,100.0,0.6558050004093869
54,EHCO,361.0,100.0,0.6543201477401622
54,EHCO,363.0,100.0,0.652855000376868
54,EHCO,365.0,100.0,0.6514094223798198
54,EHCO,367.0,100.0,0.6499832726119588
54,EHCO,369.0,100.0,0.6485764051167937
54,EHCO,371.0,100.0,0.6471886694786396
54,EHCO,373.0,100.0,0.6458199111658942
54,EHCO,375.0,100.0,0.6444699718580668
54,EHCO,377.0,100.0,0.6431386897572393
54,EHCO,379.0,100.0,0.6418258998846198
54,EHCO,381.0,100.0,0.6405314343628135
54,EHCO,383.0,100.0,0.6392551226844181
54,EHCO,385.0,100.0,0.6379967919675232
54,EHCO,387.0,100.0,0.6367562671986671
54,EHCO,389.0,100.0,0.6355333714637867
54,EHCO,391.0,100.0,0.6343279261676739
54,EHCO,393.0,100.0,0.6331397512424253
54,EHCO,395.0,100.0,0.6319686653453613
54,EHCO,397.0,100.0,0.6308144860468631
54,EHCO,399.0,100.0,0.629677030008563
54,EHCO,401.0,100.0,0.6285561131523051
54,EHCO,403.0,100.0,0.6274515508202724
54,EHCO,405.0,100.0,0.6263631579266665
54,EHCO,407.0,100.0,0.6252907491013057
54,EHCO,409.0,100.0,0.6242341388254927
54,EHCO,411.0,100.0,0.6231931415604924
54,EHCO,413.0,100.0,0.6221675718689417
54,EHCO,415.0,100.0,0.6211572445295014
54,EHCO,417.0,100.0,0.6201619746450523
54,EHCO,419.0,100.0,0.6191815777447158
54,EHCO,421.0,100.0,0.6182158698799776
54,EHCO,423.0,100.0,0.6172646677151736
54,EHCO,425.0,100.0,0.616327788612594
54,EHCO,427.0,100.0,0.615405050712442
54,EHCO,429.0,100.0,0.6144962730078842
54,EHCO,431.0,100.0,0.6136012754154101
54,EHCO,433.0,100.0,0.6127198788407164
54,EHCO,435.0,100.0,0.6118519052403185
54,EHCO,437.0,100.0,0.6109971776790852
54,EHCO,439.0,100.0,0.6101555203838847
54,EHCO,441.0,100.0,0.6093267587935194
54,EHCO,443.0,100.0,0.6085107196051246
54,EHCO,445.0,100.0,0.6077072308171929
54,EHCO,447.0,100.0,0.6069161217693845
54,EHCO,449.0,100.0,0.6061372231792732
54,EHCO,451.0,100.0,0.6053703671761752
54,EHCO,453.0,100.0,0.6046153873321966
54,EHCO,455.0,100.0,0.603872118690635
54,EHCO,457.0,100.0,0.603140397791863
54,EHCO,459.0,100.0,0.6024200626968126
54,EHCO,461.0,100.0,0.6017109530081808
54,EHCO,463.0,100.0,0.6010129098894665
54,EHCO,465.0,100.0,0.6003257760819464
54,A*-GA,1.0,0.0,0.7564151895705851
54,A*-GA,3.0,0.0,0.7648763840317268
54,A*-GA,5.0,0.0,0.7729164032947556
54,A*-GA,7.0,0.0,0.7805532394116634
54,A*-GA,9.0,0.0,0.7878041543223643
54,A*-GA,11.0,0.0,0.7946857088982776
54,A*-GA,13.0,0.0,0.8012137908399021
54,A*-GA,15.0,0.0,0.8074036414734487
54,A*-GA,17.0,0.0,0.8132698814898286
54,A*-GA,19.0,0.0,0.8188265356675951
54,A*-GA,21.0,0.0,0.8240870566198022
54,A*-GA,23.0,0.0,0.8290643476031745
54,A*-GA,25.0,0.0,0.8337589524480715
54,A*-GA,27.0,0.0,0.8380590658776009
54,A*-GA,29.0,0.0,0.8419836344000287
54,A*-GA,31.0,0.0,0.845550803890582
54,A*-GA,33.0,2.0,0.848777951948283
54,A*-GA,35.0,2.0,0.851681718967759
54,A*-GA,37.0,4.0,0.8542780379766995
54,A*-GA,39.0,4.0,0.8565821632876379
54,A*-GA,41.0,4.0,0.8586086980108221
54,A*-GA,43.0,4.0,0.8603716204731002
54,A*-GA,45.0,4.0,0.8618843095859803
54,A*-GA,47.0,6.0,0.8631595692043253
54,A*-GA,49.0,6.0,0.8642096515155162
54,A*-GA,51.0,6.0,0.8651805867943876
54,A*-GA,53.0,6.0,0.8661202913008716
54,A*-GA,55.0,8.0,0.8670299144243634
54,A*-GA,57.0,12.0,0.867878604343897
54,A*-GA,59.0,12.0,0.8686587175914515
54,A*-GA,61.0,12.0,0.8693735219467227
54,A*-GA,63.0,12.0,0.8700261474493448
54,A*-GA,65.0,16.0,0.8706057176578601
54,A*-GA,67.0,16.0,0.870993585114682
54,A*-GA,69.0,16.0,0.8712000574050449
54,A*-GA,71.0,16.0,0.8712349916826347
54,A*-GA,73.0,16.0,0.8711078131013462
54,A*-GA,75.0,16.0,0.8708275325113821
54,A*-GA,77.0,16.0,0.8704027634487598
54,A*-GA,79.0,16.0,0.869971230365268
54,A*-GA,81.0,16.0,0.8695762538556828
54,A*-GA,83.0,18.0,0.8692161829357318
54,A*-GA,85.0,18.0,0.8688621343389021
54,A*-GA,87.0,18.0,0.8685050892927895
54,A*-GA,89.0,20.0,0.8681454388023796
54,A*-GA,91.0,20.0,0.8677835540138028
54,A*-GA,93.0,20.0,0.8674197870680987
54,A*-GA,95.0,22.0,0.8670544719202532
54,A*-GA,97.0,22.0,0.86668792512489
54,A*-GA,99.0,24.0,0.8663204465899461
54,A*-GA,101.0,26.0,0.8659523202996051
54,A*-GA,103.0,26.0,0.8655838150077159
54,A*-GA,105.0,26.0,0.865215184902872
54,A*-GA,107.0,26.0,0.8648555189366299
54,A*-GA,109.0,26.0,0.8644016975978741
54,A*-GA,111.0,28.000000000000004,0.8638170363913571
54,A*-GA,113.0,28.000000000000004,0.8631091193520578
54,A*-GA,115.0,28.000000000000004,0.8622851924798483
54,A*-GA,117.0,28.000000000000004,0.8613521776701947
54,A*-GA,119.0,28.000000000000004,0.8603166860872896
54,A*-GA,121.0,30.0,0.8591850310016755
54,A*-GA,123.0,34.0,0.8579632401135444
54,A*-GA,125.0,34.0,0.8566570673820693
54,A*-GA,127.0,34.0,0.8552720043803173
54,A*-GA,129.0,34.0,0.8538132911945306
54,A*-GA,131.0,34.0,0.8522859268858141
54,A*-GA,133.0,34.0,0.8506946795315644
54,A*-GA,135.0,34.0,0.8490440958632887
54,A*-GA,137.0,36.0,0.8473385105168078
54,A*-GA,139.0,36.0,0.8455820549102054
54,A*-GA,141.0,36.0,0.843778665764285
54,A*-GA,143.0,38.0,0.8419722801418339
54,A*-GA,145.0,38.0,0.840282922030979
54,A*-GA,147.0,38.0,0.8387055739174485
54,A*-GA,149.0,40.0,0.8372275671509936
54,A*-GA,151.0,40.0,0.8358216743706028
54,A*-GA,153.0,40.0,0.8344849066344613
54,A*-GA,155.0,40.0,0.8332143940234239
54,A*-GA,157.0,42.0,0.8320073809522558
54,A*-GA,159.0,42.0,0.8308612216650267
54,A*-GA,161.0,42.0,0.8297733759074343
54,A*-GA,163.0,42.0,0.8287414047691106
54,A*-GA,165.0,42.0,0.8277629666892451
54,A*-GA,167.0,44.0,0.8268358136191104
54,A*-GA,169.0,44.0,0.8259577873353366
54,A*-GA,171.0,48.0,0.825126815898017
54,A*-GA,173.0,48.0,0.8243409102479601
54,A*-GA,175.0,48.0,0.8235803692173344
54,A*-GA,177.0,48.0,0.8227321885759217
54,A*-GA,179.0,48.0,0.8218017424648207
54,A*-GA,181.0,48.0,0.8207941621984901
54,A*-GA,183.0,48.0,0.8197143463197023
54,A*-GA,185.0,48.0,0.8185669702513028
54,A*-GA,187.0,48.0,0.8173564955607352
54,A*-GA,189.0,50.0,0.8160871788526652
54,A*-GA,191.0,52.0,0.8148805357776372
54,A*-GA,193.0,52.0,0.8137727733976877
54,A*-GA,195.0,54.0,0.8127594430990785
54,A*-GA,197.0,54.0,0.8118131661176246
54,A*-GA,199.0,54.0,0.8109234339569071
54,A*-GA,201.0,56.00000000000001,0.8100449391661649
54,A*-GA,203.0,56.00000000000001,0.8090514704849059
54,A*-GA,205.0,57.99999999999999,0.8079500026507281
54,A*-GA,207.0,57.99999999999999,0.8067471960518505
54,A*-GA,209.0,60.0,0.8054494097322118
54,A*-GA,211.0,60.0,0.8040627138752541
54,A*-GA,213.0,62.0,0.802592901787027
54,A*-GA,215.0,62.0,0.8010455013984344
54,A*-GA,217.0,62.0,0.7994257863056653
54,A*-GA,219.0,62.0,0.7977387863670997
54,A*-GA,221.0,62.0,0.795989297874265
54,A*-GA,223.0,62.0,0.7941818933137165
54,A*-GA,225.0,62.0,0.7923209307360599
54,A*-GA,227.0,62.0,0.7904105627476914
54,A*-GA,229.0,62.0,0.7884547451402147
54,A*-GA,231.0,62.0,0.7864572451719087
54,A*-GA,233.0,62.0,0.7844216495150522
54,A*-GA,235.0,62.0,0.7823513718823651
54,A*-GA,237.0,62.0,0.7802496603453065
54,A*-GA,239.0,66.0,0.7781196043564655
54,A*-GA,241.0,66.0,0.7759641414877988
54,A*-GA,243.0,68.0,0.7737860638960056
54,A*-GA,245.0,68.0,0.7715880245258855
54,A*-GA,247.0,70.0,0.7693725430620961
54,A*-GA,249.0,70.0,0.7671420116393167
54,A*-GA,251.0,70.0,0.7648987010305143
54,A*-GA,253.0,72.0,0.762644770509868
54,A*-GA,255.0,74.0,0.7603822690705917
54,A*-GA,257.0,76.0,0.7581132179623451
54,A*-GA,259.0,78.0,0.7558396849291168
54,A*-GA,261.0,80.0,0.7535633911541515
54,A*-GA,263.0,80.0,0.7512857422615453
54,A*-GA,265.0,80.0,0.7490082188957206
54,A*-GA,267.0,80.0,0.7467322931674539
54,A*-GA,269.0,80.0,0.7444593550236824
54,A*-GA,271.0,80.0,0.7421907158742893
54,A*-GA,273.0,80.0,0.7399276120699418
54,A*-GA,275.0,80.0,0.737671208236935
54,A*-GA,277.0,80.0,0.7354226004747598
54,A*-GA,279.0,80.0,0.733182819421886
54,A*-GA,281.0,80.0,0.730952833195037
54,A*-GA,283.0,80.0,0.7287335502070205
54,A*-GA,285.0,80.0,0.7265258218679812
54,A*-GA,287.0,80.0,0.7243304451747495
54,A*-GA,289.0,80.0,0.7221481651927736
54,A*-GA,291.0,80.0,0.7199796774349444
54,A*-GA,293.0,82.0,0.7178256301414551
54,A*-GA,295.0,82.0,0.7156866264646697
54,A*-GA,297.0,82.0,0.713563226562819
54,A*-GA,299.0,82.0,0.7114559496061906
54,A*-GA,301.0,82.0,0.7093652756993363
54,A*-GA,303.0,82.0,0.7072916477226755
54,A*-GA,305.0,84.0,0.7052354730967466
54,A*-GA,307.0,84.0,0.7031971254722215
54,A*-GA,309.0,86.0,0.7011769463486812
54,A*-GA,311.0,86.0,0.6991752466250282
54,A*-GA,313.0,88.0,0.6971923080842966
54,A*-GA,315.0,90.0,0.6952283848155144
54,A*-GA,317.0,90.0,0.6932837045751638
54,A*-GA,319.0,92.0,0.6913584700906857
54,A*-GA,321.0,96.0,0.6894528603083782
54,A*-GA,323.0,98.0,0.6875670315879412
54,A*-GA,325.0,98.0,0.6857011188458387
54,A*-GA,327.0,98.0,0.6838552366495513
54,A*-GA,329.0,98.0,0.68202948026472
54,A*-GA,331.0,98.0,0.6802239266570991
54,A*-GA,333.0,98.0,0.6784386354511549
54,A*-GA,335.0,98.0,0.6766736498470819
54,A*-GA,337.0,98.0,0.6749289974979318
54,A*-GA,339.0,98.0,0.6732046913484849
54,A*-GA,341.0,98.0,0.6715007304374282
54,A*-GA,343.0,98.0,0.6698171006643422
54,A*-GA,345.0,98.0,0.6681537755229392
54,A*-GA,347.0,98.0,0.6665107168019367
54,A*-GA,349.0,98.0,0.6648878752548956
54,A*-GA,351.0,98.0,0.6632851912402983
54,A*-GA,353.0,98.0,0.6617025948622479
54,A*-GA,355.0,98.0,0.6601400045413477
54,A*-GA,357.0,98.0,0.6585973298184233
54,A*-GA,359.0,98.0,0.6570744723059981
54,A*-GA,361.0,98.0,0.6555713261890171
54,A*-GA,363.0,98.0,0.6540877787027914
54,A*-GA,365.0,98.0,0.6526237105891107
54,A*-GA,367.0,98.0,0.6511789965314284
54,A*-GA,369.0,98.0,0.6497535055699933
54,A*-GA,371.0,98.0,0.6483471014977615
54,A*-GA,373.0,98.0,0.6469596432378929
54,A*-GA,375.0,98.0,0.6455909852036008
54,A*-GA,377.0,98.0,0.6442409776410951
54,A*-GA,379.0,98.0,0.6429094669563272
54,A*-GA,381.0,98.0,0.6415962960262191
54,A*-GA,383.0,98.0,0.6403013044950279
54,A*-GA,385.0,98.0,0.6390243290564743
54,A*-GA,387.0,98.0,0.6377652037222362
54,A*-GA,389.0,98.0,0.6365237600773842
54,A*-GA,391.0,98.0,0.6352998275233145
54,A*-GA,393.0,98.0,0.6340932335087086
54,A*-GA,395.0,98.0,0.6329038037490319
54,A*-GA,397.0,98.0,0.6317313624350589
54,A*-GA,399.0,98.0,0.6305757324308953
54,A*-GA,401.0,98.0,0.6294367354619482
54,A*-GA,403.0,98.0,0.6283141922932747
54,A*-GA,405.0,98.0,0.6272079742643283
54,A*-GA,407.0,98.0,0.6261179155972533
54,A*-GA,409.0,100.0,0.625043832557292
54,A*-GA,411.0,100.0,0.6239855411765176
54,A*-GA,413.0,100.0,0.6229428573859697
54,A*-GA,415.0,100.0,0.6219155971405752
54,A*-GA,417.0,100.0,0.6209035765371688
54,A*-GA,419.0,100.0,0.6199066119259175
54,A*-GA,421.0,100.0,0.6189245200154395
54,A*-GA,423.0,100.0,0.6179571179718993
54,A*-GA,425.0,100.0,0.6170042235123427
54,A*-GA,427.0,100.0,0.616065654992533
54,A*-GA,429.0,100.0,0.6151412314895309
54,A*-GA,431.0,100.0,0.614230772879257
54,A*-GA,433.0,100.0,0.6133340999092602
54,A*-GA,435.0,100.0,0.6124510342669129
54,A*-GA,437.0,100.0,0.6115813986432366
54,A*-GA,439.0,100.0,0.6107250167925599
54,A*-GA,441.0,100.0,0.6098817135881999
54,A*-GA,443.0,100.0,0.6090513150743485
54,A*-GA,445.0,100.0,0.6082336485143411
54,A*-GA,447.0,100.0,0.6074285424354737
54,A*-GA,449.0,100.0,0.6066358266705306
54,A*-GA,451.0,100.0,0.6058553323961784
54,A*-GA,453.0,100.0,0.6050868921683709
54,A*-GA,455.0,100.0,0.6043303399549095
54,A*-GA,457.0,100.0,0.6035855111652938
54,A*-GA,459.0,100.0,0.6028522426779919
54,A*-GA,461.0,100.0,0.6021303728652554
54,A*-GA,463.0,100.0,0.6014197416155986
54,A*-GA,465.0,100.0,0.6007201903540552
54,A*-GA,467.0,100.0,0.6000315620603232
55,EHCO,1.0,0.0,0.8054036203306528
55,EHCO,3.0,0.0,0.8119430089766937
55,EHCO,5.0,0.0,0.818136614461755
55,EHCO,7.0,0.0,0.8239994712240993
55,EHCO,9.0,0.0,0.8295459996164752
55,EHCO,11.0,0.0,0.8347900303980021
55,EHCO,13.0,0.0,0.8397448282586092
55,EHCO,15.0,0.0,0.8444231144140893
55,EHCO,17.0,0.0,0.8488252563299334
55,EHCO,19.0,0.0,0.852839277841993
55,EHCO,21.0,0.0,0.8564839598578257
55,EHCO,23.0,0.0,0.8597772877545337
55,EHCO,25.0,0.0,0.862736483558463
55,EHCO,27.0,0.0,0.8653780368464485
55,EHCO,29.0,0.0,0.8677177344190208
55,EHCO,31.0,2.0,0.8697706887940143
55,EHCO,33.0,4.0,0.8715513655671068
55,EHCO,35.0,4.0,0.8730736096839928
55,EHCO,37.0,4.0,0.8743506706671378
55,EHCO,39.0,4.0,0.8753952268383649
55,EHCO,41.0,6.0,0.8762194085769114
55,EHCO,43.0,6.0,0.8768348206510262
55,EHCO,45.0,6.0,0.8772525636596891
55,EHCO,47.0,6.0,0.8774832546195843
55,EHCO,49.0,8.0,0.8775370467310912
55,EHCO,51.0,8.0,0.8774236483557142
55,EHCO,53.0,8.0,0.8771523412361073
55,EHCO,55.0,8.0,0.8767319979886189
55,EHCO,57.0,8.0,0.8761710988971063
55,EHCO,59.0,8.0,0.8754777480356368
55,EHCO,61.0,12.0,0.8747030368972675
55,EHCO,63.0,12.0,0.8739798763356939
55,EHCO,65.0,14.000000000000002,0.8733060937736767
55,EHCO,67.0,16.0,0.8726705230383537
55,EHCO,69.0,18.0,0.8720450377824993
55,EHCO,71.0,20.0,0.8714294821266872
55,EHCO,73.0,20.0,0.8708237023435286
55,EHCO,75.0,22.0,0.8702275468387519
55,EHCO,77.0,24.0,0.869640866131943
55,EHCO,79.0,24.0,0.8690635128369752
55,EHCO,81.0,24.0,0.8684953416421598
55,EHCO,83.0,24.0,0.8679449667973536
55,EHCO,85.0,24.0,0.8673089082549014
55,EHCO,87.0,24.0,0.8665502214458612
55,EHCO,89.0,24.0,0.8656761507046766
55,EHCO,91.0,24.0,0.8646936159473253
55,EHCO,93.0,24.0,0.8636092260630435
55,EHCO,95.0,26.0,0.8624292917697073
55,EHCO,97.0,26.0,0.8611598379540926
55,EHCO,99.0,26.0,0.8598066155173997
55,EHCO,101.0,26.0,0.8583751127456278
55,EHCO,103.0,26.0,0.8568705662236121
55,EHCO,105.0,26.0,0.8552979713107943
55,EHCO,107.0,26.0,0.8536620921960879
55,EHCO,109.0,28.000000000000004,0.8519674715485137
55,EHCO,111.0,30.0,0.8502184397796267
55,EHCO,113.0,32.0,0.8484191239331205
55,EHCO,115.0,32.0,0.846573456216392
55,EHCO,117.0,34.0,0.8446851821882677
55,EHCO,119.0,38.0,0.8427979877406262
55,EHCO,121.0,40.0,0.8410315266992321
55,EHCO,123.0,40.0,0.8393806302481711
55,EHCO,125.0,42.0,0.8378324844364987
55,EHCO,127.0,42.0,0.8363597223673164
55,EHCO,129.0,42.0,0.8349592211008632
55,EHCO,131.0,44.0,0.8336279820400307
55,EHCO,133.0,44.0,0.8323631260322021
55,EHCO,135.0,44.0,0.8311618886634677
55,EHCO,137.0,44.0,0.8300216157376703
55,EHCO,139.0,46.0,0.8289397589330227
55,EHCO,141.0,46.0,0.8279215545983366
55,EHCO,143.0,46.0,0.8268665205506925
55,EHCO,145.0,46.0,0.82573802175805
55,EHCO,147.0,46.0,0.8245408329472111
55,EHCO,149.0,48.0,0.8232795102495365
55,EHCO,151.0,48.0,0.8219584002934753
55,EHCO,153.0,48.0,0.8205816489318525
55,EHCO,155.0,48.0,0.8191532096183788
55,EHCO,157.0,48.0,0.8176768514472879
55,EHCO,159.0,48.0,0.8161561668694491
55,EHCO,161.0,48.0,0.8145945790977842
55,EHCO,163.0,48.0,0.8129953492143068
55,EHCO,165.0,48.0,0.8113615829906226
55,EHCO,167.0,50.0,0.8096962374332558
55,EHCO,169.0,54.0,0.8080021270647253
55,EHCO,171.0,54.0,0.8062819299508583
55,EHCO,173.0,54.0,0.8045381934844211
55,EHCO,175.0,56.00000000000001,0.8027733399347412
55,EHCO,177.0,57.99999999999999,0.8009896717726254
55,EHCO,179.0,60.0,0.7991893767794979
55,EHCO,181.0,60.0,0.7973745329493408
55,EHCO,183.0,62.0,0.7955471131916776
55,EHCO,185.0,62.0,0.7937089898435123
55,EHCO,187.0,64.0,0.7918619389978288
55,EHCO,189.0,64.0,0.7900076446559521
55,EHCO,191.0,64.0,0.7881849313693446
55,EHCO,193.0,64.0,0.786503284364337
55,EHCO,195.0,64.0,0.7849564845493422
55,EHCO,197.0,66.0,0.7835307116912025
55,EHCO,199.0,66.0,0.7821976348475691
55,EHCO,201.0,68.0,0.7809124809292104
55,EHCO,203.0,68.0,0.779553639788576
55,EHCO,205.0,68.0,0.7781260477697745
55,EHCO,207.0,68.0,0.7766344137542176
55,EHCO,209.0,68.0,0.7750832286427796
55,EHCO,211.0,70.0,0.7734767744567371
55,EHCO,213.0,70.0,0.7718191330725966
55,EHCO,215.0,70.0,0.7701141946053222
55,EHCO,217.0,70.0,0.7683656654539046
55,EHCO,219.0,70.0,0.7665770760226638
55,EHCO,221.0,70.0,0.764751788131147
55,EHCO,223.0,70.0,0.762893002124981
55,EHCO,225.0,70.0,0.7610037636995469
55,EHCO,227.0,70.0,0.7590869704478801
55,EHCO,229.0,70.0,0.7571453793108381
55,EHCO,231.0,72.0,0.7551816171852583
55,EHCO,233.0,72.0,0.7531981814948236
55,EHCO,235.0,72.0,0.751197524076176
55,EHCO,237.0,74.0,0.7491821258098318
55,EHCO,239.0,76.0,0.7471541058699661
55,EHCO,241.0,78.0,0.7451152532718546
55,EHCO,243.0,78.0,0.7430674164355405
55,EHCO,245.0,80.0,0.7410124205788964
55,EHCO,247.0,80.0,0.7389519949741672
55,EHCO,249.0,80.0,0.7368877771142458
55,EHCO,251.0,80.0,0.7348213167088579
55,EHCO,253.0,80.0,0.7327540795174355
55,EHCO,255.0,80.0,0.7306874510251969
55,EHCO,257.0,80.0,0.7286227399686874
55,EHCO,259.0,80.0,0.7265611817167938
55,EHCO,261.0,80.0,0.7245039415130029
55,EHCO,263.0,80.0,0.7224521175844497
55,EHCO,265.0,80.0,0.7204067441230811
55,EHCO,267.0,80.0,0.7183687941440475
55,EHCO,269.0,82.0,0.7163391822262382
55,EHCO,271.0,82.0,0.7143187671396751
55,EHCO,273.0,82.0,0.7123083543643
55,EHCO,275.0,82.0,0.7103086985045031
55,EHCO,277.0,82.0,0.708320505603578
55,EHCO,279.0,82.0,0.7063444353621128
55,EHCO,281.0,82.0,0.7043811032641758
55,EHCO,283.0,82.0,0.7024310826149981
55,EHCO,285.0,82.0,0.7004949064937076
55,EHCO,287.0,82.0,0.6985730696245329
55,EHCO,289.0,82.0,0.6966660301697535
55,EHCO,291.0,82.0,0.6947742114475485
55,EHCO,293.0,82.0,0.6928980035777681
55,EHCO,295.0,82.0,0.6910377650585328
55,EHCO,297.0,82.0,0.68919382427645
55,EHCO,299.0,84.0,0.687366480953128
55,EHCO,301.0,84.0,0.6855560075305588
55,EHCO,303.0,84.0,0.6837626504978412
55,EHCO,305.0,84.0,0.6819866316616167
55,EHCO,307.0,86.0,0.6802281493624951
55,EHCO,309.0,86.0,0.6784873796396605
55,EHCO,311.0,88.0,0.6767644773457546
55,EHCO,313.0,90.0,0.6750595772140576
55,EHCO,315.0,90.0,0.6733727948799016
55,EHCO,317.0,90.0,0.6717042278581788
55,EHCO,319.0,90.0,0.6700539564787265
55,EHCO,321.0,90.0,0.6684220447813084
55,EHCO,323.0,90.0,0.666808541371835
55,EHCO,325.0,90.0,0.6652134802414048
55,EHCO,327.0,90.0,0.6636369371927555
55,EHCO,329.0,90.0,0.6620789325158059
55,EHCO,331.0,92.0,0.6605394375545796
55,EHCO,333.0,92.0,0.6590183791570797
55,EHCO,335.0,92.0,0.6575157264290235
55,EHCO,337.0,92.0,0.6560314382442638
55,EHCO,339.0,92.0,0.6545654638353339
55,EHCO,341.0,92.0,0.6531177433576971
55,EHCO,343.0,94.0,0.6516882084287879
55,EHCO,345.0,94.0,0.6502767826428824
55,EHCO,347.0,94.0,0.6488833820627953
55,EHCO,349.0,94.0,0.6475079156893647
55,EHCO,351.0,96.0,0.6461502859096422
55,EHCO,353.0,96.0,0.6448103889246707
55,EHCO,355.0,96.0,0.6434881151577
55,EHCO,357.0,96.0,0.6421833496436511
55,EHCO,359.0,98.0,0.6408959724006114
55,EHCO,361.0,98.0,0.6396258587841092
55,EHCO,363.0,98.0,0.6383728798248886
55,EHCO,365.0,98.0,0.6371369025508724
55,EHCO,367.0,98.0,0.6359177902939785
55,EHCO,369.0,98.0,0.6347154029824233
55,EHCO,371.0,98.0,0.6335295974191235
55,EHCO,373.0,98.0,0.6323602275467821
55,EHCO,375.0,98.0,0.6312071447002192
55,EHCO,377.0,98.0,0.630070197846489
55,EHCO,379.0,98.0,0.6289492338132984
55,EHCO,381.0,98.0,0.6278440975062246
55,EHCO,383.0,98.0,0.6267546321152097
55,EHCO,385.0,98.0,0.625680679310785
55,EHCO,387.0,98.0,0.6246220794304694
55,EHCO,389.0,98.0,0.6235786716557584
55,EHCO,391.0,98.0,0.6225502941801088
55,EHCO,393.0,98.0,0.6215367843683063
55,EHCO,395.0,98.0,0.6205379789075889
55,EHCO,397.0,98.0,0.6195537139508797
55,EHCO,399.0,98.0,0.6185838252524734
55,EHCO,401.0,98.0,0.6176281482965036
55,EHCO,403.0,98.0,0.6166865184185051
55,EHCO,405.0,98.0,0.6157587709203738
55,EHCO,407.0,98.0,0.6148447411790123
55,EHCO,409.0,98.0,0.6139442647489403
55,EHCO,411.0,98.0,0.6130571774591335
55,EHCO,413.0,98.0,0.6121833155043499
55,EHCO,415.0,98.0,0.6113225155311838
55,EHCO,417.0,98.0,0.6104746147190858
55,EHCO,419.0,98.0,0.6096394508565719
55,EHCO,421.0,98.0,0.6088168624128374
55,EHCO,423.0,98.0,0.6080066886049832
55,EHCO,425.0,98.0,0.6072087694610526
55,EHCO,427.0,98.0,0.6064229458790676
55,EHCO,429.0,98.0,0.605649059682248
55,EHCO,431.0,98.0,0.6048869536705876
55,EHCO,433.0,98.0,0.6041364716689543
55,EHCO,435.0,98.0,0.6033974585718753
55,EHCO,437.0,98.0,0.6026697603851606
55,EHCO,439.0,98.0,0.6019532242645114
55,EHCO,441.0,98.0,0.6012476985512558
55,EHCO,443.0,98.0,0.6005530328053466
55,EHCO,445.0,98.0,0.5998690778357494
55,EHCO,447.0,98.0,0.5991956857283474
55,EHCO,449.0,98.0,0.5985327098714793
55,EHCO,451.0,98.0,0.5978800049792259
55,EHCO,453.0,98.0,0.5972374271125536
55,EHCO,455.0,98.0,0.5966048336984193
55,EHCO,457.0,98.0,0.5959820835469369
55,EHCO,459.0,98.0,0.5953690368667007
55,EHCO,461.0,98.0,0.5947655552783573
55,EHCO,463.0,98.0,0.5941715018265147
55,EHCO,465.0,98.0,0.5935867582257586
55,EHCO,467.0,98.0,0.5930112407461006
55,EHCO,469.0,100.0,0.5924448141087927
55,A*-GA,1.0,0.0,0.8054036203306528
55,A*-GA,3.0,0.0,0.8119430089766937
55,A*-GA,5.0,0.0,0.818136614461755
55,A*-GA,7.0,0.0,0.8239994712240993
55,A*-GA,9.0,0.0,0.8295459996164752
55,A*-GA,11.0,0.0,0.8347900303980021
55,A*-GA,13.0,0.0,0.8397448282586092
55,A*-GA,15.0,0.0,0.8444231144140893
55,A*-GA,17.0,0.0,0.8488252563299334
55,A*-GA,19.0,0.0,0.852839277841993
55,A*-GA,21.0,0.0,0.8564839598578257
55,A*-GA,23.0,0.0,0.8597772877545337
55,A*-GA,25.0,0.0,0.862736483558463
55,A*-GA,27.0,0.0,0.8653780368464485
55,A*-GA,29.0,0.0,0.8677177344190208
55,A*-GA,31.0,0.0,0.8697706887940143
55,A*-GA,33.0,0.0,0.8715513655671068
55,A*-GA,35.0,0.0,0.8730736096839928
55,A*-GA,37.0,2.0,0.8743506706671378
55,A*-GA,39.0,2.0,0.8753952268383649
55,A*-GA,41.0,2.0,0.8762194085769114
55,A*-GA,43.0,2.0,0.8768348206510262
55,A*-GA,45.0,2.0,0.8772525636596891
55,A*-GA,47.0,2.0,0.8774832546195843
55,A*-GA,49.0,2.0,0.8775370467310912
55,A*-GA,51.0,4.0,0.8774236483557142
55,A*-GA,53.0,4.0,0.8771523412361073
55,A*-GA,55.0,6.0,0.8767319979886189
55,A*-GA,57.0,8.0,0.8761710988971063
55,A*-GA,59.0,8.0,0.8754777480356368
55,A*-GA,61.0,12.0,0.8747030368972675
55,A*-GA,63.0,12.0,0.8739798763356939
55,A*-GA,65.0,12.0,0.8733060937736767
55,A*-GA,67.0,14.000000000000002,0.8726705230383537
55,A*-GA,69.0,18.0,0.8720450377824993
55,A*-GA,71.0,18.0,0.8714294821266872
55,A*-GA,73.0,20.0,0.8708237023435286
55,A*-GA,75.0,20.0,0.8702275468387519
55,A*-GA,77.0,20.0,0.869640866131943
55,A*-GA,79.0,20.0,0.8690635128369752
55,A*-GA,81.0,20.0,0.8684953416421598
55,A*-GA,83.0,20.0,0.8679362092901464
55,A*-GA,85.0,20.0,0.867385974557597
55,A*-GA,87.0,20.0,0.866844498234664
55,A*-GA,89.0,20.0,0.8663116431042912
55,A*-GA,91.0,20.0,0.8657872739213645
55,A*-GA,93.0,22.0,0.8652712573917328
55,A*-GA,95.0,22.0,0.8647460199690409
55,A*-GA,97.0,22.0,0.8640936805363105
55,A*-GA,99.0,22.0,0.8633216610187979
55,A*-GA,101.0,22.0,0.8624370519219511
55,A*-GA,103.0,24.0,0.8614466259983662
55,A*-GA,105.0,24.0,0.8603568513675931
55,A*-GA,107.0,24.0,0.8591739041104376
55,A*-GA,109.0,24.0,0.8579036803585522
55,A*-GA,111.0,26.0,0.8565518078992949
55,A*-GA,113.0,28.000000000000004,0.855123657315041
55,A*-GA,115.0,28.000000000000004,0.8536243526753834
55,A*-GA,117.0,28.000000000000004,0.8520587817999284
55,A*-GA,119.0,30.0,0.8504316061086968
55,A*-GA,121.0,30.0,0.8487472700764696
55,A*-GA,123.0,32.0,0.847010010306776
55,A*-GA,125.0,32.0,0.8452238642406004
55,A*-GA,127.0,32.0,0.8433926785142921
55,A*-GA,129.0,34.0,0.8415201169805917
55,A*-GA,131.0,34.0,0.8396096684061382
55,A*-GA,133.0,34.0,0.8376646538582943
55,A*-GA,135.0,34.0,0.8356882337936232
55,A*-GA,137.0,34.0,0.8336834148598619
55,A*-GA,139.0,34.0,0.8316530564227683
55,A*-GA,141.0,36.0,0.8297168081513175
55,A*-GA,143.0,36.0,0.8279094527092465
55,A*-GA,145.0,42.0,0.8262253487555221
55,A*-GA,147.0,42.0,0.8246359717587998
55,A*-GA,149.0,42.0,0.8231297125715267
55,A*-GA,151.0,42.0,0.8217030772623385
55,A*-GA,153.0,42.0,0.8203603945122452
55,A*-GA,155.0,42.0,0.8190028095698095
55,A*-GA,157.0,42.0,0.817593498511853
55,A*-GA,159.0,42.0,0.8161362201328277
55,A*-GA,161.0,42.0,0.8146345571828657
55,A*-GA,163.0,42.0,0.8130919237464725
55,A*-GA,165.0,44.0,0.8115115723239457
55,A*-GA,167.0,48.0,0.8098966006273097
55,A*-GA,169.0,48.0,0.8082499581020948
55,A*-GA,171.0,48.0,0.8065744521858373
55,A*-GA,173.0,50.0,0.8048727543137559
55,A*-GA,175.0,50.0,0.8031474056816394
55,A*-GA,177.0,52.0,0.8014008227755915
55,A*-GA,179.0,54.0,0.7996732858210295
55,A*-GA,181.0,54.0,0.7980771137211912
55,A*-GA,183.0,54.0,0.7966065339099564
55,A*-GA,185.0,56.00000000000001,0.7952481544339167
55,A*-GA,187.0,56.00000000000001,0.7939740551085819
55,A*-GA,189.0,57.99999999999999,0.7927805834293704
55,A*-GA,191.0,60.0,0.7916642340041941
55,A*-GA,193.0,60.0,0.7906216427399952
55,A*-GA,195.0,60.0,0.7896495812578129
55,A*-GA,197.0,60.0,0.788744951527405
55,A*-GA,199.0,60.0,0.7879047807128117
55,A*-GA,201.0,60.0,0.787084525992522
55,A*-GA,203.0,60.0,0.786160961466178
55,A*-GA,205.0,60.0,0.7851403737379189
55,A*-GA,207.0,60.0,0.7840287658685561
55,A*-GA,209.0,60.0,0.7828318691091709
55,A*-GA,211.0,62.0,0.7815551541643202
55,A*-GA,213.0,64.0,0.7802038420034682
55,A*-GA,215.0,64.0,0.778782914238532
55,A*-GA,217.0,64.0,0.777297123084725
55,A*-GA,219.0,66.0,0.7757510009212008
55,A*-GA,221.0,68.0,0.7741488694673548
55,A*-GA,223.0,68.0,0.772494848590017
55,A*-GA,225.0,68.0,0.7707928647561617
55,A*-GA,227.0,68.0,0.7690466591451934
55,A*-GA,229.0,76.0,0.7672597954343074
55,A*-GA,231.0,76.0,0.7654356672698945
55,A*-GA,233.0,76.0,0.7635775916158841
55,A*-GA,235.0,76.0,0.761688895017209
55,A*-GA,237.0,78.0,0.7597724896441789
55,A*-GA,239.0,78.0,0.7578308888134311
55,A*-GA,241.0,78.0,0.7558666567250538
55,A*-GA,243.0,78.0,0.7538823164728536
55,A*-GA,245.0,78.0,0.7518802651414918
55,A*-GA,247.0,78.0,0.7498627791965409
55,A*-GA,249.0,78.0,0.7478320196557078
55,A*-GA,251.0,78.0,0.7457900370499284
55,A*-GA,253.0,80.0,0.7437387761826976
55,A*-GA,255.0,80.0,0.7416800806956678
55,A*-GA,257.0,82.0,0.7396156974482317
55,A*-GA,259.0,82.0,0.7375472807185026
55,A*-GA,261.0,82.0,0.7354763962328081
55,A*-GA,263.0,82.0,0.7334045250305381
55,A*-GA,265.0,82.0,0.731333067170912
55,A*-GA,267.0,82.0,0.7292633452879761
55,A*-GA,269.0,82.0,0.7271966079998882
55,A*-GA,271.0,86.0,0.7251340331783084
55,A*-GA,273.0,86.0,0.7230767310834888
55,A*-GA,275.0,86.0,0.7210257473704269
55,A*-GA,277.0,86.0,0.7189820659712424
55,A*-GA,279.0,86.0,0.7169466118587269
55,A*-GA,281.0,88.0,0.7149202536958253
55,A*-GA,283.0,90.0,0.7129038063756169
55,A*-GA,285.0,90.0,0.7108980334561812
55,A*-GA,287.0,90.0,0.7089036494945676
55,A*-GA,289.0,96.0,0.7069213222839107
55,A*-GA,291.0,96.0,0.7049516749975813
55,A*-GA,293.0,98.0,0.7029952882441061
55,A*-GA,295.0,98.0,0.7010527020364394
55,A*-GA,297.0,98.0,0.6991244573087141
55,A*-GA,299.0,98.0,0.6972111317867259
55,A*-GA,301.0,100.0,0.6953131438962283
55,A*-GA,303.0,100.0,0.6934308790584687
55,A*-GA,305.0,100.0,0.6915646912591519
55,A*-GA,307.0,100.0,0.6897149045513229
55,A*-GA,309.0,100.0,0.6878818144948337
55,A*-GA,311.0,100.0,0.6860656895349563
55,A*-GA,313.0,100.0,0.6842667723226025
55,A*-GA,315.0,100.0,0.6824852809785111
55,A*-GA,317.0,100.0,0.680721410303673
55,A*-GA,319.0,100.0,0.6789753329381677
55,A*-GA,321.0,100.0,0.6772472004705097
55,A*-GA,323.0,100.0,0.6755371444995051
55,A*-GA,325.0,100.0,0.673845277650554
55,A*-GA,327.0,100.0,0.6721716945482455
55,A*-GA,329.0,100.0,0.6705164727470254
55,A*-GA,331.0,100.0,0.6688796736216429
55,A*-GA,333.0,100.0,0.6672613432190171
55,A*-GA,335.0,100.0,0.6656615130730943
55,A*-GA,337.0,100.0,0.664080200984211
55,A*-GA,339.0,100.0,0.6625174117644091
55,A*-GA,341.0,100.0,0.6609731379501
55,A*-GA,343.0,100.0,0.6594473604834135
55,A*-GA,345.0,100.0,0.6579400493635148
55,A*-GA,347.0,100.0,0.6564511642691233
55,A*-GA,349.0,100.0,0.6549806551534162
55,A*-GA,351.0,100.0,0.6535284628124538
55,A*-GA,353.0,100.0,0.6520945194282157
55,A*-GA,355.0,100.0,0.6506787490872963
55,A*-GA,357.0,100.0,0.6492810682762636
55,A*-GA,359.0,100.0,0.6479013863546478
55,A*-GA,361.0,100.0,0.6465396060064832
55,A*-GA,363.0,100.0,0.6451956236712959
55,A*-GA,365.0,100.0,0.6438693299553876
55,A*-GA,367.0,100.0,0.6425606100242364
55,A*-GA,369.0,100.0,0.6412693439767996
55,A*-GA,371.0,100.0,0.6399954072024757
55,A*-GA,373.0,100.0,0.6387386707214455
55,A*-GA,375.0,100.0,0.6374990015090922
55,A*-GA,377.0,100.0,0.6362762628051639
55,A*-GA,379.0,100.0,0.6350703144083217
55,A*-GA,381.0,100.0,0.6338810129566855
55,A*-GA,383.0,100.0,0.6327082121949688
55,A*-GA,385.0,100.0,0.6315517632287675
55,A*-GA,387.0,100.0,0.6304115147665464
55,A*-GA,389.0,100.0,0.6292873133498446
55,A*-GA,391.0,100.0,0.6281790035721978
55,A*-GA,393.0,100.0,0.6270864282872608
55,A*-GA,395.0,100.0,0.6260094288065869
55,A*-GA,397.0,100.0,0.6249478450875097
55,A*-GA,399.0,100.0,0.6239015159115459
55,A*-GA,401.0,100.0,0.6228702790537314
55,A*-GA,403.0,100.0,0.6218539714432769
55,A*-GA,405.0,100.0,0.620852429315918
55,A*-GA,407.0,100.0,0.6198654883583187
55,A*-GA,409.0,100.0,0.6188929838448739
55,A*-GA,411.0,100.0,0.6179347507672398
55,A*-GA,413.0,100.0,0.6169906239569081
55,A*-GA,415.0,100.0,0.61606043820113
55,A*-GA,417.0,100.0,0.6151440283524807
55,A*-GA,419.0,100.0,0.6142412294323423
55,A*-GA,421.0,100.0,0.6133518767285748
55,A*-GA,423.0,100.0,0.6124758058876321
55,A*-GA,425.0,100.0,0.6116128530013686
55,A*-GA,427.0,100.0,0.6107628546887728
55,A*-GA,429.0,100.0,0.6099256481728556
55,A*-GA,431.0,100.0,0.6091010713529086
55,A*-GA,433.0,100.0,0.6082889628723426
55,A*-GA,435.0,100.0,0.6074891621823043
55,A*-GA,437.0,100.0,0.6067015096012645
55,A*-GA,439.0,100.0,0.6059258463707585
55,A*-GA,441.0,100.0,0.6051620147074573
55,A*-GA,443.0,100.0,0.6044098578517362
55,A*-GA,445.0,100.0,0.6036692201129034
55,A*-GA,447.0,100.0,0.6029399469112426
55,A*-GA,449.0,100.0,0.6022218848170193
55,A*-GA,451.0,100.0,0.6015148815865895
55,A*-GA,453.0,100.0,0.6008187861957522
55,A*-GA,455.0,100.0,0.6001334488704714
56,EHCO,1.0,0.0,0.7240925829204473
56,EHCO,3.0,0.0,0.7338217864289431
56,EHCO,5.0,0.0,0.7430800710116136
56,EHCO,7.0,0.0,0.7518873801564052
56,EHCO,9.0,0.0,0.7602628506847667
56,EHCO,11.0,0.0,0.768224844798444
56,EHCO,13.0,0.0,0.7757909808624533
56,EHCO,15.0,0.0,0.7829781629739189
56,EHCO,17.0,0.0,0.7898026093645123
56,EHCO,19.0,0.0,0.7962798796823602
56,EHCO,21.0,0.0,0.8024249011974802
56,EHCO,23.0,2.0,0.8082519939730783
56,EHCO,25.0,4.0,0.8137748950433791
56,EHCO,27.0,4.0,0.8190067816370583
56,EHCO,29.0,4.0,0.8239602934838194
56,EHCO,31.0,4.0,0.8286475542401767
56,EHCO,33.0,4.0,0.8330801920690927
56,EHCO,35.0,4.0,0.8372808678836853
56,EHCO,37.0,6.0,0.8411567082884128
56,EHCO,39.0,6.0,0.8446783486877196
56,EHCO,41.0,8.0,0.8478630199041043
56,EHCO,43.0,10.0,0.8507272216653994
56,EHCO,45.0,12.0,0.8532867521967329
56,EHCO,47.0,12.0,0.8555567366365393
56,EHCO,49.0,14.000000000000002,0.8575516543230042
56,EHCO,51.0,14.000000000000002,0.8592853649954995
56,EHCO,53.0,16.0,0.8607711339538141
56,EHCO,55.0,16.0,0.862021656216303
56,EHCO,57.0,16.0,0.8630490797164591
56,EHCO,59.0,16.0,0.8638650275758599
56,EHCO,61.0,16.0,0.8644806194899485
56,EHCO,63.0,16.0,0.864906492261672
56,EHCO,65.0,18.0,0.8651970774830995
56,EHCO,67.0,18.0,0.8654902256405781
56,EHCO,69.0,18.0,0.8657857654478842
56,EHCO,71.0,22.0,0.8660735726458219
56,EHCO,73.0,22.0,0.8663248442908208
56,EHCO,75.0,22.0,0.866541425285855
56,EHCO,77.0,22.0,0.866725081355248
56,EHCO,79.0,24.0,0.8668620476152903
56,EHCO,81.0,24.0,0.8668340909436459
56,EHCO,83.0,24.0,0.8666503127168009
56,EHCO,85.0,28.000000000000004,0.8663194137715444
56,EHCO,87.0,30.0,0.8658497108369594
56,EHCO,89.0,30.0,0.8652491523099074
56,EHCO,91.0,30.0,0.8645253333999584
56,EHCO,93.0,30.0,0.863685510668695
56,EHCO,95.0,32.0,0.8627366159873404
56,EHCO,97.0,32.0,0.8616852699357153
56,EHCO,99.0,32.0,0.8605377946646234
56,EHCO,101.0,32.0,0.8593002262428986
56,EHCO,103.0,34.0,0.857978326509504
56,EHCO,105.0,34.0,0.8565775944502773
56,EHCO,107.0,34.0,0.8551032771181417
56,EHCO,109.0,38.0,0.853560380114861
56,EHCO,111.0,38.0,0.8519536776517054
56,EHCO,113.0,38.0,0.8502877222057109
56,EHCO,115.0,40.0,0.8485668537875586
56,EHCO,117.0,40.0,0.8467952088364665
56,EHCO,119.0,40.0,0.8449767287568837
56,EHCO,121.0,40.0,0.8432350741352973
56,EHCO,123.0,40.0,0.8416067905391651
56,EHCO,125.0,42.0,0.8400869327031735
56,EHCO,127.0,44.0,0.838647643901725
56,EHCO,129.0,46.0,0.8372779556427076
56,EHCO,131.0,46.0,0.8359749885755166
56,EHCO,133.0,46.0,0.8347359779515495
56,EHCO,135.0,46.0,0.8335582691102094
56,EHCO,137.0,48.0,0.8324469961111949
56,EHCO,139.0,50.0,0.8313012180686364
56,EHCO,141.0,50.0,0.8300841119497535
56,EHCO,143.0,50.0,0.8288003921836989
56,EHCO,145.0,50.0,0.82745455658084
56,EHCO,147.0,50.0,0.8260508953541718
56,EHCO,149.0,50.0,0.8245934997781701
56,EHCO,151.0,52.0,0.8230862704994485
56,EHCO,153.0,52.0,0.8215329255130221
56,EHCO,155.0,54.0,0.8199370078174334
56,EHCO,157.0,54.0,0.8183018927614727
56,EHCO,159.0,56.00000000000001,0.8166307950947301
56,EHCO,161.0,56.00000000000001,0.8149267757337241
56,EHCO,163.0,57.99999999999999,0.8131927482548975
56,EHCO,165.0,60.0,0.8114314851253221
56,EHCO,167.0,62.0,0.8096456236815258
56,EHCO,169.0,62.0,0.8078760457384518
56,EHCO,171.0,62.0,0.806236391395894
56,EHCO,173.0,62.0,0.8047209787767997
56,EHCO,175.0,64.0,0.8033165026817831
56,EHCO,177.0,64.0,0.8019951259038705
56,EHCO,179.0,64.0,0.8007532752917664
56,EHCO,181.0,66.0,0.7995875213286937
56,EHCO,183.0,66.0,0.7984945724594038
56,EHCO,185.0,66.0,0.7974712696401599
56,EHCO,187.0,66.0,0.7965145811029405
56,EHCO,189.0,68.0,0.7956215973254566
56,EHCO,191.0,68.0,0.7947895261989013
56,EHCO,193.0,70.0,0.7940156883856725
56,EHCO,195.0,70.0,0.7932975128596108
56,EHCO,197.0,72.0,0.792632532621588
56,EHCO,199.0,72.0,0.792018380583563
56,EHCO,201.0,74.0,0.7914105724316983
56,EHCO,203.0,74.0,0.7906849415017702
56,EHCO,205.0,76.0,0.7898484458643062
56,EHCO,207.0,76.0,0.7889077320170343
56,EHCO,209.0,78.0,0.7878691477459706
56,EHCO,211.0,78.0,0.7867387544714226
56,EHCO,213.0,78.0,0.7855223390992884
56,EHCO,215.0,78.0,0.7842254253972285
56,EHCO,217.0,78.0,0.7828532849145209
56,EHCO,219.0,78.0,0.7814109474636636
56,EHCO,221.0,78.0,0.7799032111810835
56,EHCO,223.0,78.0,0.7783346521836202
56,EHCO,225.0,78.0,0.7767096338368025
56,EHCO,227.0,78.0,0.775032315650301
56,EHCO,229.0,78.0,0.7733066618153358
56,EHCO,231.0,78.0,0.7715364493982343
56,EHCO,233.0,80.0,0.7697252762037777
56,EHCO,235.0,80.0,0.767876568321433
56,EHCO,237.0,82.0,0.7659935873670557
56,EHCO,239.0,82.0,0.7640794374321493
56,EHCO,241.0,82.0,0.7621370717522923
56,EHCO,243.0,82.0,0.7601695559339058
56,EHCO,245.0,82.0,0.7581796348338282
56,EHCO,247.0,84.0,0.7561698334929254
56,EHCO,249.0,84.0,0.7541425506878273
56,EHCO,251.0,84.0,0.7521000643339464
56,EHCO,253.0,84.0,0.7500445366691039
56,EHCO,255.0,84.0,0.7479780192264934
56,EHCO,257.0,84.0,0.7459024576053671
56,EHCO,259.0,86.0,0.7438196960474981
56,EHCO,261.0,88.0,0.7417314818271565
56,EHCO,263.0,92.0,0.7396394694620289
56,EHCO,265.0,94.0,0.7375452247522176
56,EHCO,267.0,94.0,0.7354502286541781
56,EHCO,269.0,94.0,0.7333558809961768
56,EHCO,271.0,94.0,0.7312635040415949
56,EHCO,273.0,94.0,0.7291743459061522
56,EHCO,275.0,94.0,0.7270895838348872
56,EHCO,277.0,94.0,0.7250103273444957
56,EHCO,279.0,94.0,0.7229376212364113
56,EHCO,281.0,94.0,0.7208724484857973
56,EHCO,283.0,94.0,0.7188157330114159
56,EHCO,285.0,94.0,0.7167683423311423
56,EHCO,287.0,94.0,0.7147310901077046
56,EHCO,289.0,94.0,0.7127047385890493
56,EHCO,291.0,94.0,0.710690000947555
56,EHCO,293.0,94.0,0.7086875435221546
56,EHCO,295.0,94.0,0.7066979879672615
56,EHCO,297.0,94.0,0.7047219133122412
56,EHCO,299.0,96.0,0.7027598579350265
56,EHCO,301.0,96.0,0.7008123214533235
56,EHCO,303.0,96.0,0.6988797665367277
56,EHCO,305.0,96.0,0.6969626206429306
56,EHCO,307.0,96.0,0.6950612776810771
56,EHCO,309.0,96.0,0.6931760996052082
56,EHCO,311.0,96.0,0.6913074179406092
56,EHCO,313.0,96.0,0.689455535245771
56,EHCO,315.0,96.0,0.6876207265125657
56,EHCO,317.0,96.0,0.6858032405071336
56,EHCO,319.0,96.0,0.6840033010538776
56,EHCO,321.0,96.0,0.6822211082648707
56,EHCO,323.0,96.0,0.6804568397168858
56,EHCO,325.0,96.0,0.6787106515781712
56,EHCO,327.0,96.0,0.6769826796870119
56,EHCO,329.0,96.0,0.6752730405840327
56,EHCO,331.0,96.0,0.6735818325001254
56,EHCO,333.0,96.0,0.6719091363018017
56,EHCO,335.0,98.0,0.6702550163957092
56,EHCO,337.0,98.0,0.6686195215939701
56,EHCO,339.0,98.0,0.667002685941945
56,EHCO,341.0,98.0,0.665404529509952
56,EHCO,343.0,100.0,0.6638250591504166
56,EHCO,345.0,100.0,0.6622642692218658
56,EHCO,347.0,100.0,0.6607221422811231
56,EHCO,349.0,100.0,0.6591986497450112
56,EHCO,351.0,100.0,0.6576937525228087
56,EHCO,353.0,100.0,0.656207401620668
56,EHCO,355.0,100.0,0.6547395387191437
56,EHCO,357.0,100.0,0.6532900967249402
56,EHCO,359.0,100.0,0.6518590002979429
56,EHCO,361.0,100.0,0.6504461663545501
56,EHCO,363.0,100.0,0.6490515045482891
56,EHCO,365.0,100.0,0.6476749177286537
56,EHCO,367.0,100.0,0.6463163023790678
56,EHCO,369.0,100.0,0.6449755490348401
56,EHCO,371.0,100.0,0.6436525426819424
56,EHCO,373.0,100.0,0.6423471631374099
56,EHCO,375.0,100.0,0.6410592854121285
56,EHCO,377.0,100.0,0.639788780056746
56,EHCO,379.0,100.0,0.6385355134914116
56,EHCO,381.0,100.0,0.6372993483200222
56,EHCO,383.0,100.0,0.6360801436296253
56,EHCO,385.0,100.0,0.6348777552756013
56,EHCO,387.0,100.0,0.6336920361532257
56,EHCO,389.0,100.0,0.6325228364561848
56,EHCO,391.0,100.0,0.6313700039225959
56,EHCO,393.0,100.0,0.6302333840690623
56,EHCO,395.0,100.0,0.6291128204132685
56,EHCO,397.0,100.0,0.628008154685607
56,EHCO,399.0,100.0,0.6269192270302983
56,EHCO,401.0,100.0,0.6258458761964578
56,EHCO,403.0,100.0,0.6247879397195363
56,EHCO,405.0,100.0,0.6237452540935491
56,EHCO,407.0,100.0,0.6227176549344886
56,EHCO,409.0,100.0,0.6217049771353004
56,EHCO,411.0,100.0,0.6207070550127879
56,EHCO,413.0,100.0,0.6197237224467941
56,EHCO,415.0,100.0,0.6187548130119966
56,EHCO,417.0,100.0,0.6178001601026375
56,EHCO,419.0,100.0,0.6168595970504962
56,EHCO,421.0,100.0,0.6159329572364013
56,EHCO,423.0,100.0,0.6150200741955653
56,EHCO,425.0,100.0,0.6141207817170138
56,EHCO,427.0,100.0,0.6132349139373715
56,EHCO,429.0,100.0,0.6123623054292536
56,EHCO,431.0,100.0,0.6115027912845034
56,EHCO,433.0,100.0,0.6106562071925055
56,EHCO,435.0,100.0,0.609822389513797
56,EHCO,437.0,100.0,0.6090011753491856
56,EHCO,439.0,100.0,0.6081924026045791
56,EHCO,441.0,100.0,0.6073959100517201
56,EHCO,443.0,100.0,0.6066115373850122
56,EHCO,445.0,100.0,0.6058391252746156
56,EHCO,447.0,100.0,0.6050785154159856
56,EHCO,449.0,100.0,0.604329550576014
56,EHCO,451.0,100.0,0.6035920746359352
56,EHCO,453.0,100.0,0.6028659326311431
56,EHCO,455.0,100.0,0.6021509707880665
56,EHCO,457.0,100.0,0.6014470365582401
56,EHCO,459.0,100.0,0.6007539786497028
56,EHCO,461.0,100.0,0.6000716470558519
56,A*-GA,1.0,0.0,0.7240925829204473
56,A*-GA,3.0,0.0,0.7338217864289431
56,A*-GA,5.0,0.0,0.7430800710116136
56,A*-GA,7.0,0.0,0.7518873801564052
56,A*-GA,9.0,0.0,0.7602628506847667
56,A*-GA,11.0,0.0,0.768224844798444
56,A*-GA,13.0,0.0,0.7757909808624533
56,A*-GA,15.0,0.0,0.7829781629739189
56,A*-GA,17.0,0.0,0.7898026093645123
56,A*-GA,19.0,0.0,0.7962798796823602
56,A*-GA,21.0,0.0,0.8024249011974802
56,A*-GA,23.0,0.0,0.8082519939730783
56,A*-GA,25.0,0.0,0.8137748950433791
56,A*-GA,27.0,0.0,0.8190067816370583
56,A*-GA,29.0,0.0,0.8239602934838194
56,A*-GA,31.0,0.0,0.8286475542401767
56,A*-GA,33.0,2.0,0.8330801920690927
56,A*-GA,35.0,2.0,0.8372693594067563
56,A*-GA,37.0,2.0,0.8412257519484831
56,A*-GA,39.0,2.0,0.8449596268844601
56,A*-GA,41.0,2.0,0.8484808204148498
56,A*-GA,43.0,2.0,0.8517987645726158
56,A*-GA,45.0,2.0,0.8549225033813079
56,A*-GA,47.0,4.0,0.857860708373984
56,A*-GA,49.0,4.0,0.860633201975341
56,A*-GA,51.0,4.0,0.8631443857726393
56,A*-GA,53.0,4.0,0.8653622791378901
56,A*-GA,55.0,4.0,0.8673016015360467
56,A*-GA,57.0,4.0,0.8689764418720528
56,A*-GA,59.0,6.0,0.8704002841055498
56,A*-GA,61.0,8.0,0.8715860318462151
56,A*-GA,63.0,10.0,0.8725460319699552
56,A*-GA,65.0,14.000000000000002,0.873292097294608
56,A*-GA,67.0,14.000000000000002,0.8738355283522765
56,A*-GA,69.0,16.0,0.8741871342939632
56,A*-GA,71.0,16.0,0.8743572529607684
56,A*-GA,73.0,18.0,0.8743557701545692
56,A*-GA,75.0,18.0,0.874192138139801
56,A*-GA,77.0,18.0,0.8738753934067162
56,A*-GA,79.0,18.0,0.8734141737253052
56,A*-GA,81.0,18.0,0.8728167345179112
56,A*-GA,83.0,18.0,0.8720909645774706
56,A*-GA,85.0,20.0,0.8712444011572481
56,A*-GA,87.0,20.0,0.8702842444569209
56,A*-GA,89.0,20.0,0.8692173715288845
56,A*-GA,91.0,20.0,0.8681771233210129
56,A*-GA,93.0,22.0,0.8672045192993175
56,A*-GA,95.0,24.0,0.8662966092751532
56,A*-GA,97.0,24.0,0.8654258917369595
56,A*-GA,99.0,26.0,0.8645828314844027
56,A*-GA,101.0,26.0,0.8637664453352573
56,A*-GA,103.0,26.0,0.8629757869946031
56,A*-GA,105.0,28.000000000000004,0.8622099456355574
56,A*-GA,107.0,32.0,0.8614680445352246
56,A*-GA,109.0,32.0,0.8607492397637049
56,A*-GA,111.0,32.0,0.8600527189240884
56,A*-GA,113.0,32.0,0.8593858391600488
56,A*-GA,115.0,32.0,0.8586445604834649
56,A*-GA,117.0,32.0,0.8577919856579339
56,A*-GA,119.0,32.0,0.8568347953838154
56,A*-GA,121.0,34.0,0.8557793700224271
56,A*-GA,123.0,34.0,0.8546736217568471
56,A*-GA,125.0,34.0,0.853644499669064
56,A*-GA,127.0,34.0,0.8526887138916204
56,A*-GA,129.0,36.0,0.8517609791350776
56,A*-GA,131.0,38.0,0.8507366618171941
56,A*-GA,133.0,38.0,0.8496217431334208
56,A*-GA,135.0,38.0,0.8484219334029385
56,A*-GA,137.0,38.0,0.847142683293993
56,A*-GA,139.0,42.0,0.8457891945989624
56,A*-GA,141.0,42.0,0.8443664305769862
56,A*-GA,143.0,42.0,0.8428791258812804
56,A*-GA,145.0,44.0,0.8413317960875892
56,A*-GA,147.0,44.0,0.8397287468395774
56,A*-GA,149.0,44.0,0.8380740826263426
56,A*-GA,151.0,44.0,0.8363717152066312
56,A*-GA,153.0,46.0,0.8346253716937642
56,A*-GA,155.0,46.0,0.83283860231473
56,A*-GA,157.0,48.0,0.8310147878563688
56,A*-GA,159.0,48.0,0.8291571468110662
56,A*-GA,161.0,50.0,0.8272687422338807
56,A*-GA,163.0,50.0,0.8254692850348936
56,A*-GA,165.0,52.0,0.8237937113226146
56,A*-GA,167.0,54.0,0.8222365723273946
56,A*-GA,169.0,54.0,0.820769528578319
56,A*-GA,171.0,56.00000000000001,0.8193811487714819
56,A*-GA,173.0,57.99999999999999,0.8180681098850203
56,A*-GA,175.0,57.99999999999999,0.81682722187785
56,A*-GA,177.0,57.99999999999999,0.8156554224439164
56,A*-GA,179.0,57.99999999999999,0.8145497719725527
56,A*-GA,181.0,57.99999999999999,0.8135074487068593
56,A*-GA,183.0,57.99999999999999,0.8125257440923315
56,A*-GA,185.0,57.99999999999999,0.8116020583082694
56,A*-GA,187.0,57.99999999999999,0.8107415789437973
56,A*-GA,189.0,57.99999999999999,0.8098459017730184
56,A*-GA,191.0,57.99999999999999,0.808878898430657
56,A*-GA,193.0,57.99999999999999,0.807845121071408
56,A*-GA,195.0,57.99999999999999,0.8067489142780999
56,A*-GA,197.0,60.0,0.8055944236838872
56,A*-GA,199.0,60.0,0.804385604248276
56,A*-GA,201.0,60.0,0.8031154390035724
56,A*-GA,203.0,60.0,0.8017563638611652
56,A*-GA,205.0,60.0,0.8003141542373793
56,A*-GA,207.0,62.0,0.7987943211711283
56,A*-GA,209.0,62.0,0.7972021223203138
56,A*-GA,211.0,62.0,0.7955425725165083
56,A*-GA,213.0,64.0,0.7938204538954212
56,A*-GA,215.0,66.0,0.79204032561996
56,A*-GA,217.0,66.0,0.7902065332120306
56,A*-GA,219.0,66.0,0.7883232175085911
56,A*-GA,221.0,68.0,0.7863945800848795
56,A*-GA,223.0,68.0,0.7844244522428778
56,A*-GA,225.0,72.0,0.782416311791269
56,A*-GA,227.0,72.0,0.7803732991580773
56,A*-GA,229.0,74.0,0.7782986552180502
56,A*-GA,231.0,76.0,0.7761954627516735
56,A*-GA,233.0,76.0,0.7740666531588243
56,A*-GA,235.0,78.0,0.7719150129005907
56,A*-GA,237.0,80.0,0.769743189680066
56,A*-GA,239.0,80.0,0.7675536983724894
56,A*-GA,241.0,80.0,0.7653489267147052
56,A*-GA,243.0,80.0,0.7631311436835859
56,A*-GA,245.0,80.0,0.7609025062815234
56,A*-GA,247.0,80.0,0.7586650600224087
56,A*-GA,249.0,80.0,0.756420743403781
56,A*-GA,251.0,80.0,0.7541713925475461
56,A*-GA,253.0,80.0,0.7519187456513283
56,A*-GA,255.0,80.0,0.749664447258003
56,A*-GA,257.0,80.0,0.7474100523506618
56,A*-GA,259.0,80.0,0.7451570302799769
56,A*-GA,261.0,80.0,0.742906768530654
56,A*-GA,263.0,80.0,0.7406605763333978
56,A*-GA,265.0,80.0,0.7384196881285645
56,A*-GA,267.0,82.0,0.7361852668874275
56,A*-GA,269.0,84.0,0.7339584072967479
56,A*-GA,271.0,84.0,0.731740138812123
56,A*-GA,273.0,84.0,0.7295314285853589
56,A*-GA,275.0,86.0,0.7273331842709163
56,A*-GA,277.0,88.0,0.7251462567162704
56,A*-GA,279.0,88.0,0.722971442540841
56,A*-GA,281.0,88.0,0.7208094866079592
56,A*-GA,283.0,88.0,0.7186610843941635
56,A*-GA,285.0,88.0,0.7165268842599478
56,A*-GA,287.0,88.0,0.7144074896259179
56,A*-GA,289.0,90.0,0.7123034610581611
56,A*-GA,291.0,92.0,0.7102153182664783
56,A*-GA,293.0,96.0,0.7081435420189842
56,A*-GA,295.0,98.0,0.7060885759764459
56,A*-GA,297.0,98.0,0.7040508284495911
56,A*-GA,299.0,98.0,0.7020306740824924
56,A*-GA,301.0,98.0,0.7000284554650114
56,A*-GA,303.0,98.0,0.6980444846771637
56,A*-GA,305.0,98.0,0.6960790447681592
56,A*-GA,307.0,98.0,0.6941323911727538
56,A*-GA,309.0,98.0,0.6922047530674543
56,A*-GA,311.0,98.0,0.6902963346690073
56,A*-GA,313.0,98.0,0.6884073164775132
56,A*-GA,315.0,98.0,0.6865378564664106
56,A*-GA,317.0,98.0,0.684688091221487
56,A*-GA,319.0,98.0,0.6828581370309869
56,A*-GA,321.0,98.0,0.6810480909288052
56,A*-GA,323.0,98.0,0.6792580316926756
56,A*-GA,325.0,98.0,0.6774880464187857
56,A*-GA,327.0,98.0,0.6757382530541303
56,A*-GA,329.0,100.0,0.6740086734100608
56,A*-GA,331.0,100.0,0.6722993149891007
56,A*-GA,333.0,100.0,0.6706101717686386
56,A*-GA,335.0,100.0,0.6689412249502025
56,A*-GA,337.0,100.0,0.6672924436757259
56,A*-GA,339.0,100.0,0.6656637857121599
56,A*-GA,341.0,100.0,0.6640551981057314
56,A*-GA,343.0,100.0,0.662466617807098
56,A*-GA,345.0,100.0,0.6608979722685958
56,A*-GA,347.0,100.0,0.6593491800147315
56,A*-GA,349.0,100.0,0.6578201511870243
56,A*-GA,351.0,100.0,0.6563107880642568
56,A*-GA,353.0,100.0,0.6548209855591539
56,A*-GA,355.0,100.0,0.653350631692465
56,A*-GA,357.0,100.0,0.6518996080453887
56,A*-GA,359.0,100.0,0.6504677901912406
56,A*-GA,361.0,100.0,0.6490550481072264
56,A*-GA,363.0,100.0,0.6476612465671518
56,A*-GA,365.0,100.0,0.6462862455158637
56,A*-GA,367.0,100.0,0.6449299004261865
56,A*-GA,369.0,100.0,0.6435920626390884
56,A*-GA,371.0,100.0,0.6422725796877803
56,A*-GA,373.0,100.0,0.6409712956064214
56,A*-GA,375.0,100.0,0.6396880512240823
56,A*-GA,377.0,100.0,0.6384226844445854
56,A*-GA,379.0,100.0,0.6371750305128195
56,A*-GA,381.0,100.0,0.6359449222681032
56,A*-GA,383.0,100.0,0.6347321903851444
56,A*-GA,385.0,100.0,0.6335366636031241
56,A*-GA,387.0,100.0,0.632358168943411
56,A*-GA,389.0,100.0,0.6311965319163907
56,A*-GA,391.0,100.0,0.6300515767178773
56,A*-GA,393.0,100.0,0.6289231264155528
56,A*-GA,395.0,100.0,0.6278110031258637
56,A*-GA,397.0,100.0,0.626715028181784
56,A*-GA,399.0,100.0,0.6256350222918434
56,A*-GA,401.0,100.0,0.624570805690794
56,A*-GA,403.0,100.0,0.6235221982822827
56,A*-GA,405.0,100.0,0.6224890197738744
56,A*-GA,407.0,100.0,0.621471089804762
56,A*-GA,409.0,100.0,0.6204682280664825
56,A*-GA,411.0,100.0,0.6194802544169462
56,A*-GA,413.0,100.0,0.6185069889880739
56,A*-GA,415.0,100.0,0.6175482522873249
56,A*-GA,417.0,100.0,0.6166038652933862
56,A*-GA,419.0,100.0,0.6156736495462823
56,A*-GA,421.0,100.0,0.6147574272321559
56,A*-GA,423.0,100.0,0.6138550212629562
56,A*-GA,425.0,100.0,0.6129662553512669
56,A*-GA,427.0,100.0,0.6120909540804885
56,A*-GA,429.0,100.0,0.6112289429705909
56,A*-GA,431.0,100.0,0.6103800485396335
56,A*-GA,433.0,100.0,0.6095440983612481
56,A*-GA,435.0,100.0,0.6087209211182705
56,A*-GA,437.0,100.0,0.6079103466526949
56,A*-GA,439.0,100.0,0.6071122060121266
56,A*-GA,441.0,100.0,0.6063263314928905
56,A*-GA,443.0,100.0,0.6055525566799558
56,A*-GA,445.0,100.0,0.6047907164838238
56,A*-GA,447.0,100.0,0.6040406471745245
56,A*-GA,449.0,100.0,0.603302186412857
56,A*-GA,451.0,100.0,0.6025751732790068
56,A*-GA,453.0,100.0,0.6018594482986661
56,A*-GA,455.0,100.0,0.601154853466777
56,A*-GA,457.0,100.0,0.6004612322690133
56,A*-GA,459.0,100.0,0.599778429701112
57,EHCO,1.0,0.0,0.9880700681660044
57,EHCO,3.0,0.0,0.9874434905578265
57,EHCO,5.0,0.0,0.9867637576116255
57,EHCO,7.0,0.0,0.9859313064221035
57,EHCO,9.0,0.0,0.9849103399395938
57,EHCO,11.0,0.0,0.9837119035926871
57,EHCO,13.0,0.0,0.982346549170724
57,EHCO,15.0,0.0,0.9808243551863153
57,EHCO,17.0,2.0,0.9791549464225652
57,EHCO,19.0,2.0,0.9773475126972504
57,EHCO,21.0,2.0,0.9754108268749444
57,EHCO,23.0,2.0,0.9733532621568511
57,EHCO,25.0,2.0,0.9711828086769441
57,EHCO,27.0,2.0,0.9689070894318783
57,EHCO,29.0,2.0,0.9665333755710628
57,EHCO,31.0,2.0,0.964068601072239
57,EHCO,33.0,2.0,0.9615193768269159
57,EHCO,35.0,2.0,0.9588920041590503
57,EHCO,37.0,2.0,0.9562377759591079
57,EHCO,39.0,4.0,0.9536934866778545
57,EHCO,41.0,6.0,0.9512548427288451
57,EHCO,43.0,8.0,0.9489067618553141
57,EHCO,45.0,12.0,0.9466137780139894
57,EHCO,47.0,12.0,0.944374335967256
57,EHCO,49.0,18.0,0.9421869314694165
57,EHCO,51.0,18.0,0.9400501094319005
57,EHCO,53.0,18.0,0.9379624621577156
57,EHCO,55.0,20.0,0.9359226276424668
57,EHCO,57.0,20.0,0.9339292879393812
57,EHCO,59.0,20.0,0.9319811675858668
57,EHCO,61.0,20.0,0.9300770320892371
57,EHCO,63.0,20.0,0.9282156864693221
57,EHCO,65.0,20.0,0.9263959738557749
57,EHCO,67.0,20.0,0.9246167741379704
57,EHCO,69.0,22.0,0.9228625971963045
57,EHCO,71.0,26.0,0.921011434893252
57,EHCO,73.0,26.0,0.9190698267582446
57,EHCO,75.0,26.0,0.9170440105738507
57,EHCO,77.0,26.0,0.9149399349603728
57,EHCO,79.0,28.000000000000004,0.9127632714544051
57,EHCO,81.0,28.000000000000004,0.9105194261014061
57,EHCO,83.0,28.000000000000004,0.9082135505815546
57,EHCO,85.0,28.000000000000004,0.905850552887392
57,EHCO,87.0,28.000000000000004,0.9034351075710315
57,EHCO,89.0,28.000000000000004,0.9009716655780096
57,EHCO,91.0,28.000000000000004,0.8984644636841839
57,EHCO,93.0,28.000000000000004,0.8959175335514339
57,EHCO,95.0,30.0,0.8933347104173016
57,EHCO,97.0,30.0,0.8908443155336092
57,EHCO,99.0,30.0,0.8884840212182785
57,EHCO,101.0,34.0,0.8862483656139777
57,EHCO,103.0,36.0,0.8841089941252078
57,EHCO,105.0,36.0,0.8820544583946641
57,EHCO,107.0,36.0,0.8800814165218059
57,EHCO,109.0,36.0,0.8781866578607591
57,EHCO,111.0,40.0,0.8763478735710231
57,EHCO,113.0,44.0,0.8744468229389106
57,EHCO,115.0,44.0,0.8724881644795129
57,EHCO,117.0,44.0,0.8704763373310791
57,EHCO,119.0,44.0,0.8684155704664698
57,EHCO,121.0,44.0,0.8663098915332413
57,EHCO,123.0,44.0,0.864163135337096
57,EHCO,125.0,44.0,0.8619789519828496
57,EHCO,127.0,44.0,0.8597608146865139
57,EHCO,129.0,44.0,0.8575120272715531
57,EHCO,131.0,44.0,0.8552357313618567
57,EHCO,133.0,46.0,0.8529349132834815
57,EHCO,135.0,46.0,0.8506124106867353
57,EHCO,137.0,48.0,0.8482709188997213
57,EHCO,139.0,48.0,0.8460313760829957
57,EHCO,141.0,48.0,0.8439287853530324
57,EHCO,143.0,52.0,0.841957231624442
57,EHCO,145.0,54.0,0.8400879268917482
57,EHCO,147.0,54.0,0.8383090084057706
57,EHCO,149.0,54.0,0.8366167381238478
57,EHCO,151.0,56.00000000000001,0.8350075267697813
57,EHCO,153.0,60.0,0.8334779279742913
57,EHCO,155.0,60.0,0.8320246326456004
57,EHCO,157.0,62.0,0.8306444635611139
57,EHCO,159.0,62.0,0.8293343701715212
57,EHCO,161.0,62.0,0.8280914236089828
57,EHCO,163.0,62.0,0.8269128118913915
57,EHCO,165.0,62.0,0.8257958353150169
57,EHCO,167.0,62.0,0.8247379020281355
57,EHCO,169.0,62.0,0.8237365237785486
57,EHCO,171.0,62.0,0.8227718398152205
57,EHCO,173.0,64.0,0.82173130208465
57,EHCO,175.0,64.0,0.8206197599375197
57,EHCO,177.0,66.0,0.8194418415172363
57,EHCO,179.0,66.0,0.8182019629497063
57,EHCO,181.0,68.0,0.8169043371641371
57,EHCO,183.0,68.0,0.8155529823594815
57,EHCO,185.0,68.0,0.8141517301305602
57,EHCO,187.0,68.0,0.8127042332673525
57,EHCO,189.0,68.0,0.8112139732404068
57,EHCO,191.0,68.0,0.8096842673848157
57,EHCO,193.0,70.0,0.8081182757947113
57,EHCO,195.0,70.0,0.8065190079397615
57,EHCO,197.0,70.0,0.8048893290146982
57,EHCO,199.0,70.0,0.8032319660324732
57,EHCO,201.0,70.0,0.8015387244740984
57,EHCO,203.0,70.0,0.799780911081187
57,EHCO,205.0,72.0,0.7979633047261095
57,EHCO,207.0,76.0,0.7960906300550752
57,EHCO,209.0,80.0,0.7941671361423687
57,EHCO,211.0,80.0,0.7921966140198671
57,EHCO,213.0,80.0,0.7901828444014772
57,EHCO,215.0,80.0,0.7881295107633782
57,EHCO,217.0,80.0,0.7860401192394176
57,EHCO,219.0,84.0,0.7839180061210165
57,EHCO,221.0,84.0,0.7817663450538834
57,EHCO,223.0,86.0,0.7795881539435793
57,EHCO,225.0,86.0,0.7773863015815008
57,EHCO,227.0,86.0,0.7751635140023933
57,EHCO,229.0,86.0,0.7729223805840677
57,EHCO,231.0,86.0,0.7706653598995713
57,EHCO,233.0,86.0,0.768394785331662
57,EHCO,235.0,88.0,0.7661128710115622
57,EHCO,237.0,88.0,0.7638217214535891
57,EHCO,239.0,88.0,0.7615233334749265
57,EHCO,241.0,88.0,0.7592195985417896
57,EHCO,243.0,88.0,0.75691230734886
57,EHCO,245.0,88.0,0.7546031542116907
57,EHCO,247.0,88.0,0.7522937412795393
57,EHCO,249.0,88.0,0.7499855825757934
57,EHCO,251.0,88.0,0.7476801078728704
57,EHCO,253.0,90.0,0.7453786664082024
57,EHCO,255.0,94.0,0.7430825304476507
57,EHCO,257.0,96.0,0.7407928987024528
57,EHCO,259.0,96.0,0.7385108996055535
57,EHCO,261.0,96.0,0.7362375944529477
57,EHCO,263.0,96.0,0.7339739804154362
57,EHCO,265.0,96.0,0.7317209934259832
57,EHCO,267.0,96.0,0.7294795109476596
57,EHCO,269.0,96.0,0.7272503546269571
57,EHCO,271.0,96.0,0.7250342928370704
57,EHCO,273.0,98.0,0.7228320431155635
57,EHCO,275.0,98.0,0.7206442745006567
57,EHCO,277.0,98.0,0.7184716097702111
57,EHCO,279.0,98.0,0.7163146275873161
57,EHCO,281.0,98.0,0.7141738645562401
57,EHCO,283.0,98.0,0.7120498171923481
57,EHCO,285.0,98.0,0.7099429438094521
57,EHCO,287.0,98.0,0.7078537969375853
57,EHCO,289.0,98.0,0.705782797388519
57,EHCO,291.0,100.0,0.7037302879243543
57,EHCO,293.0,100.0,0.7016965804284175
57,EHCO,295.0,100.0,0.6996819574047585
57,EHCO,297.0,100.0,0.6976866734140609
57,EHCO,299.0,100.0,0.6957109564485396
57,EHCO,301.0,100.0,0.6937550092482941
57,EHCO,303.0,100.0,0.6918190105614913
57,EHCO,305.0,100.0,0.6899031163506572
57,EHCO,307.0,100.0,0.6880074609472635
57,EHCO,309.0,100.0,0.6861321581567119
57,EHCO,311.0,100.0,0.684277302315731
57,EHCO,313.0,100.0,0.6824429693041245
57,EHCO,315.0,100.0,0.6806292175127299
57,EHCO,317.0,100.0,0.6788360887693723
57,EHCO,319.0,100.0,0.6770636092245299
57,EHCO,321.0,100.0,0.6753117901983542
57,EHCO,323.0,100.0,0.6735806289906289
57,EHCO,325.0,100.0,0.6718701096551816
57,EHCO,327.0,100.0,0.6701802037402071
57,EHCO,329.0,100.0,0.668510870995901
57,EHCO,331.0,100.0,0.666862060050744
57,EHCO,333.0,100.0,0.6652337090577295
57,EHCO,335.0,100.0,0.6636257463117686
57,EHCO,337.0,100.0,0.6620380908394633
57,EHCO,339.0,100.0,0.6604706529623857
57,EHCO,341.0,100.0,0.6589233348349605
57,EHCO,343.0,100.0,0.6573960309579997
57,EHCO,345.0,100.0,0.6558886286689
57,EHCO,347.0,100.0,0.6544010086094691
57,EHCO,349.0,100.0,0.6529330451723133
57,EHCO,351.0,100.0,0.6514846069266748
57,EHCO,353.0,100.0,0.6500555570245785
57,EHCO,355.0,100.0,0.648645753588108
57,EHCO,357.0,100.0,0.6472550500786011
57,EHCO,359.0,100.0,0.6458832956485194
57,EHCO,361.0,100.0,0.6445303354767229
57,EHCO,363.0,100.0,0.6431960110878414
57,EHCO,365.0,100.0,0.6418801606564165
57,EHCO,367.0,100.0,0.6405826192964544
57,EHCO,369.0,100.0,0.6393032193370055
57,EHCO,371.0,100.0,0.6380417905843627
57,EHCO,373.0,100.0,0.6367981605714463
57,EHCO,375.0,100.0,0.6355721547949188
57,EHCO,377.0,100.0,0.6343635969405528
57,EHCO,379.0,100.0,0.6331723090973533
57,EHCO,381.0,100.0,0.6319981119609149
57,EHCO,383.0,100.0,0.6308408250264756
57,EHCO,385.0,100.0,0.6297002667721094
57,EHCO,387.0,100.0,0.6285762548324835
57,EHCO,389.0,100.0,0.627468606163586
57,EHCO,391.0,100.0,0.6263771371988154
57,EHCO,393.0,100.0,0.6253016639968071
57,EHCO,395.0,100.0,0.6242420023813571
57,EHCO,397.0,100.0,0.6231979680737849
57,EHCO,399.0,100.0,0.6221693768180696
57,EHCO,401.0,100.0,0.6211560444990755
57,EHCO,403.0,100.0,0.6201577872541693
57,EHCO,405.0,100.0,0.6191744215785241
57,EHCO,407.0,100.0,0.6182057644243869
57,EHCO,409.0,100.0,0.6172516332945797
57,EHCO,411.0,100.0,0.6163118463304906
57,EHCO,413.0,100.0,0.6153862223948019
57,EHCO,415.0,100.0,0.6144745811491906
57,EHCO,417.0,100.0,0.6135767431272297
57,EHCO,419.0,100.0,0.6126925298027056
57,EHCO,421.0,100.0,0.6118217636535626
57,EHCO,423.0,100.0,0.6109642682216698
57,EHCO,425.0,100.0,0.6101198681686069
57,EHCO,427.0,100.0,0.6092883893276475
57,EHCO,429.0,100.0,0.6084696587521192
57,EHCO,431.0,100.0,0.6076635047603076
57,EHCO,433.0,100.0,0.606869756977064
57,EHCO,435.0,100.0,0.6060882463722748
57,EHCO,437.0,100.0,0.6053188052963367
57,EHCO,439.0,100.0,0.6045612675127842
57,EHCO,441.0,100.0,0.6038154682282001
57,EHCO,443.0,100.0,0.6030812441195433
57,EHCO,445.0,100.0,0.6023584333590177
57,EHCO,447.0,100.0,0.6016468756365997
57,EHCO,449.0,100.0,0.6009464121803408
57,EHCO,451.0,100.0,0.6002568857745544
57,A*-GA,1.0,0.0,0.9880700681660044
57,A*-GA,3.0,0.0,0.9874434905578265
57,A*-GA,5.0,0.0,0.9867522491346965
57,A*-GA,7.0,0.0,0.9860003500821739
57,A*-GA,9.0,0.0,0.9851916181363343
57,A*-GA,11.0,0.0,0.984329704103433
57,A*-GA,13.0,0.0,0.9834180920779406
57,A*-GA,15.0,0.0,0.9824601063708903
57,A*-GA,17.0,0.0,0.9814589181600099
57,A*-GA,19.0,0.0,0.9804175518726582
57,A*-GA,21.0,0.0,0.9793388913121547
57,A*-GA,23.0,0.0,0.9782256855376675
57,A*-GA,25.0,0.0,0.9770805545074334
57,A*-GA,27.0,0.0,0.9759059944946884
57,A*-GA,29.0,0.0,0.9747043832853277
57,A*-GA,31.0,0.0,0.97347798516595
57,A*-GA,33.0,0.0,0.9722289557106063
57,A*-GA,35.0,2.0,0.97097085485117
57,A*-GA,37.0,2.0,0.969602065240431
57,A*-GA,39.0,2.0,0.9680848213545468
57,A*-GA,41.0,2.0,0.966428282654375
57,A*-GA,43.0,2.0,0.9646411941439239
57,A*-GA,45.0,2.0,0.9628687974363674
57,A*-GA,47.0,2.0,0.9611564304838255
57,A*-GA,49.0,6.0,0.9595018953692829
57,A*-GA,51.0,8.0,0.9578686190466076
57,A*-GA,53.0,8.0,0.9562452133966882
57,A*-GA,55.0,10.0,0.9546321814410232
57,A*-GA,57.0,10.0,0.9530299917532127
57,A*-GA,59.0,10.0,0.9514390800535515
57,A*-GA,61.0,10.0,0.9498713592139751
57,A*-GA,63.0,12.0,0.9482236346774646
57,A*-GA,65.0,14.000000000000002,0.9464566307337426
57,A*-GA,67.0,16.0,0.9445780609661749
57,A*-GA,69.0,16.0,0.942595286203684
57,A*-GA,71.0,16.0,0.9405153291881743
57,A*-GA,73.0,18.0,0.9383448886528565
57,A*-GA,75.0,18.0,0.936090352834807
57,A*-GA,77.0,18.0,0.9337578124441807
57,A*-GA,79.0,20.0,0.9313530731116108
57,A*-GA,81.0,20.0,0.9288816673344835
57,A*-GA,83.0,20.0,0.9263488659419556
57,A*-GA,85.0,20.0,0.9237596890978053
57,A*-GA,87.0,20.0,0.9211189168594505
57,A*-GA,89.0,20.0,0.9184310993107491
57,A*-GA,91.0,20.0,0.9157005662854976
57,A*-GA,93.0,20.0,0.9129742692972002
57,A*-GA,95.0,20.0,0.9103801609978402
57,A*-GA,97.0,22.0,0.9079128603358138
57,A*-GA,99.0,24.0,0.9055586176791023
57,A*-GA,101.0,28.000000000000004,0.9032877752100689
57,A*-GA,103.0,30.0,0.901097203549632
57,A*-GA,105.0,30.0,0.8989838937300474
57,A*-GA,107.0,30.0,0.896944952510098
57,A*-GA,109.0,32.0,0.8949775978734233
57,A*-GA,111.0,32.0,0.8930791547028183
57,A*-GA,113.0,34.0,0.8912470506236043
57,A*-GA,115.0,34.0,0.8894871331118713
57,A*-GA,117.0,34.0,0.887693721155966
57,A*-GA,119.0,34.0,0.8858281686915467
57,A*-GA,121.0,34.0,0.8838956553808345
57,A*-GA,123.0,34.0,0.8819011188534338
57,A*-GA,125.0,34.0,0.8798492648431162
57,A*-GA,127.0,38.0,0.877744576916331
57,A*-GA,129.0,38.0,0.8755913258086334
57,A*-GA,131.0,40.0,0.8733935783845865
57,A*-GA,133.0,42.0,0.8711552062360737
57,A*-GA,135.0,46.0,0.8688798939333774
57,A*-GA,137.0,46.0,0.8665711469428086
57,A*-GA,139.0,46.0,0.8642322992241278
57,A*-GA,141.0,46.0,0.8618665205204813
57,A*-GA,143.0,46.0,0.8594768233530683
57,A*-GA,145.0,48.0,0.857066069732278
57,A*-GA,147.0,48.0,0.8546369775965681
57,A*-GA,149.0,48.0,0.8521921269899165
57,A*-GA,151.0,48.0,0.8497339659882451
57,A*-GA,153.0,48.0,0.8473044615139154
57,A*-GA,155.0,48.0,0.845020714269839
57,A*-GA,157.0,52.0,0.842876532334488
57,A*-GA,159.0,54.0,0.8408581192452652
57,A*-GA,161.0,54.0,0.8389371645900316
57,A*-GA,163.0,54.0,0.8371096393753736
57,A*-GA,165.0,54.0,0.8353716749375618
57,A*-GA,167.0,54.0,0.8337195566277337
57,A*-GA,169.0,54.0,0.8321497177450833
57,A*-GA,171.0,54.0,0.8306587337083258
57,A*-GA,173.0,54.0,0.8292433164560837
57,A*-GA,175.0,56.00000000000001,0.8279003090672156
57,A*-GA,177.0,56.00000000000001,0.8266266805924516
57,A*-GA,179.0,56.00000000000001,0.825419521089047
57,A*-GA,181.0,56.00000000000001,0.8242760368504838
57,A*-GA,183.0,56.00000000000001,0.8231935458235671
57,A*-GA,185.0,57.99999999999999,0.8221694732055618
57,A*-GA,187.0,57.99999999999999,0.8212013472143044
57,A*-GA,189.0,57.99999999999999,0.8202694120316443
57,A*-GA,191.0,60.0,0.8192613901309758
57,A*-GA,193.0,62.0,0.8181821226172463
57,A*-GA,195.0,62.0,0.8170362299989439
57,A*-GA,197.0,62.0,0.8158281213491608
57,A*-GA,199.0,62.0,0.8145620030988893
57,A*-GA,201.0,62.0,0.813231098279993
57,A*-GA,203.0,64.0,0.8118080718080887
57,A*-GA,205.0,64.0,0.810298917565862
57,A*-GA,207.0,66.0,0.8087093549598059
57,A*-GA,209.0,70.0,0.8070448403380539
57,A*-GA,211.0,70.0,0.8053105779495489
57,A*-GA,213.0,70.0,0.8035115304627153
57,A*-GA,215.0,70.0,0.8016524290610929
57,A*-GA,217.0,70.0,0.799737783132698
57,A*-GA,219.0,72.0,0.7977719757476571
57,A*-GA,221.0,72.0,0.7957593519658006
57,A*-GA,223.0,74.0,0.7937037968433724
57,A*-GA,225.0,74.0,0.7916087523406107
57,A*-GA,227.0,74.0,0.7894776644488317
57,A*-GA,229.0,76.0,0.7873138956969363
57,A*-GA,231.0,78.0,0.7851206444957544
57,A*-GA,233.0,78.0,0.7829009521086937
57,A*-GA,235.0,78.0,0.7806577093401327
57,A*-GA,237.0,78.0,0.778393662952775
57,A*-GA,239.0,78.0,0.7761114218247439
57,A*-GA,241.0,78.0,0.7738134628567644
57,A*-GA,243.0,78.0,0.7715021366393767
57,A*-GA,245.0,78.0,0.7691796728897319
57,A*-GA,247.0,78.0,0.7668481865571628
57,A*-GA,249.0,80.0,0.764509687593611
57,A*-GA,251.0,82.0,0.7621660810304571
57,A*-GA,253.0,82.0,0.7598191702247729
57,A*-GA,255.0,82.0,0.7574706612932668
57,A*-GA,257.0,82.0,0.7551221673649284
57,A*-GA,259.0,82.0,0.7527752126596031
57,A*-GA,261.0,82.0,0.7504312363994464
57,A*-GA,263.0,82.0,0.7480915965599326
57,A*-GA,265.0,82.0,0.7457575734668258
57,A*-GA,267.0,82.0,0.7434303732452724
57,A*-GA,269.0,84.0,0.7411111311269261
57,A*-GA,271.0,86.0,0.7388009146207856
57,A*-GA,273.0,86.0,0.7365007265531998
57,A*-GA,275.0,86.0,0.7342115079822804
57,A*-GA,277.0,88.0,0.7319341409917511
57,A*-GA,279.0,90.0,0.7296694513690692
57,A*-GA,281.0,96.0,0.7274182111724583
57,A*-GA,283.0,96.0,0.7251811411913108
57,A*-GA,285.0,96.0,0.7229589133042417
57,A*-GA,287.0,98.0,0.7207521527389035
57,A*-GA,289.0,98.0,0.7185614402375128
57,A*-GA,291.0,98.0,0.7163873141318795
57,A*-GA,293.0,98.0,0.714230414215522
57,A*-GA,295.0,98.0,0.7120912364923744
57,A*-GA,297.0,100.0,0.7099701913609014
57,A*-GA,299.0,100.0,0.7078676548451609
57,A*-GA,301.0,100.0,0.7057839702453562
57,A*-GA,303.0,100.0,0.7037194497186459
57,A*-GA,305.0,100.0,0.7016743757930277
57,A*-GA,307.0,100.0,0.6996490028170056
57,A*-GA,309.0,100.0,0.6976435583476368
57,A*-GA,311.0,100.0,0.6956582444794559
57,A*-GA,313.0,100.0,0.6936932391166717
57,A*-GA,315.0,100.0,0.6917486971909399
57,A*-GA,317.0,100.0,0.6898247518269187
57,A*-GA,319.0,100.0,0.6879215154577314
57,A*-GA,321.0,100.0,0.6860390808923726
57,A*-GA,323.0,100.0,0.6841775223370138
57,A*-GA,325.0,100.0,0.6823368963720873
57,A*-GA,327.0,100.0,0.6805172428869524
57,A*-GA,329.0,100.0,0.678718585973874
57,A*-GA,331.0,100.0,0.6769409347829779
57,A*-GA,333.0,100.0,0.6751842843397778
57,A*-GA,335.0,100.0,0.673448616326807
57,A*-GA,337.0,100.0,0.6717338998308264
57,A*-GA,339.0,100.0,0.6700400920570213
57,A*-GA,341.0,100.0,0.668367139011542
57,A*-GA,343.0,100.0,0.666714976153693
57,A*-GA,345.0,100.0,0.6650835290190171
57,A*-GA,347.0,100.0,0.6634727138144769
57,A*-GA,349.0,100.0,0.6618824379868846
57,A*-GA,351.0,100.0,0.6603126007656859
57,A*-GA,353.0,100.0,0.6587630936811588
57,A*-GA,355.0,100.0,0.6572338010590476
57,A*-GA,357.0,100.0,0.6557246004926084
57,A*-GA,359.0,100.0,0.6542353632930061
57,A*-GA,361.0,100.0,0.6527659549189633
57,A*-GA,363.0,100.0,0.6513162353865256
57,A*-GA,365.0,100.0,0.649886059659775
57,A*-GA,367.0,100.0,0.6484752780232858
57,A*-GA,369.0,100.0,0.6470837364370893
57,A*-GA,371.0,100.0,0.6457112768748795
57,A*-GA,373.0,100.0,0.6443577376461675
57,A*-GA,375.0,100.0,0.6430229537030548
57,A*-GA,377.0,100.0,0.6417067569322792
57,A*-GA,379.0,100.0,0.640408976433154
57,A*-GA,381.0,100.0,0.6391294387819956
57,A*-GA,383.0,100.0,0.6378679682836167
57,A*-GA,385.0,100.0,0.6366243872104305
57,A*-GA,387.0,100.0,0.6353985160296973
57,A*-GA,389.0,100.0,0.6341901736194172
57,A*-GA,391.0,100.0,0.6329991774733554
57,A*-GA,393.0,100.0,0.631825343895667
57,A*-GA,395.0,100.0,0.6306684881855662
57,A*-GA,397.0,100.0,0.6295284248124711
57,A*-GA,399.0,100.0,0.6284049675820332
57,A*-GA,401.0,100.0,0.627297929793449
57,A*-GA,403.0,100.0,0.6262071243884287
57,A*-GA,405.0,100.0,0.6251323640921888
57,A*-GA,407.0,100.0,0.624073461546813
57,A*-GA,409.0,100.0,0.62303022943732
57,A*-GA,411.0,100.0,0.6220024806107537
57,A*-GA,413.0,100.0,0.6209900281886062
57,A*-GA,415.0,100.0,0.6199926856728672
57,A*-GA,417.0,100.0,0.6190102670459826
57,A*-GA,419.0,100.0,0.6180425868649919
57,A*-GA,421.0,100.0,0.6170894603501059
57,A*-GA,423.0,100.0,0.6161507034679728
57,A*-GA,425.0,100.0,0.6152261330098716
57,A*-GA,427.0,100.0,0.614315566665061
57,A*-GA,429.0,100.0,0.6134188230895042
57,A*-GA,431.0,100.0,0.6125357219701801
57,A*-GA,433.0,100.0,0.6116660840851801
57,A*-GA,435.0,100.0,0.6108097313597869
57,A*-GA,437.0,100.0,0.6099664869187189
57,A*-GA,439.0,100.0,0.6091361751347171
57,A*-GA,441.0,100.0,0.608318621673645
57,A*-GA,443.0,100.0,0.6075136535362657
57,A*-GA,445.0,100.0,0.6067210990968499
57,A*-GA,447.0,100.0,0.605940788138766
57,A*-GA,449.0,100.0,0.6051725518871953
57,A*-GA,451.0,100.0,0.6044162230391097
57,A*-GA,453.0,100.0,0.6036716357906418
57,A*-GA,455.0,100.0,0.6029386258619761
57,A*-GA,457.0,100.0,0.6022170305198798
57,A*-GA,459.0,100.0,0.6015066885979878
57,A*-GA,461.0,100.0,0.6008074405149555
57,A*-GA,463.0,100.0,0.6001191282905827
58,EHCO,1.0,0.0,0.8295007238047148
58,EHCO,3.0,0.0,0.8350947881595909
58,EHCO,5.0,0.0,0.8403801542262163
58,EHCO,7.0,0.0,0.8453704016111111
58,EHCO,9.0,0.0,0.8500785529080249
58,EHCO,11.0,0.0,0.8545170959508687
58,EHCO,13.0,0.0,0.858698005187036
58,EHCO,15.0,0.0,0.8626327622057272
58,EHCO,17.0,0.0,0.8663323754545333
58,EHCO,19.0,0.0,0.8698073991762322
58,EHCO,21.0,0.0,0.8730679515964891
58,EHCO,23.0,0.0,0.8761237323919546
58,EHCO,25.0,0.0,0.8789840394670888
58,EHCO,27.0,0.0,0.8816577850669278
58,EHCO,29.0,0.0,0.8841416792735419
58,EHCO,31.0,0.0,0.8863202341442215
58,EHCO,33.0,0.0,0.8882088586656252
58,EHCO,35.0,0.0,0.8898223006304664
58,EHCO,37.0,0.0,0.8911746735132243
58,EHCO,39.0,0.0,0.8922794822760358
58,EHCO,41.0,2.0,0.8931496481469936
58,EHCO,43.0,4.0,0.8937975324114136
58,EHCO,45.0,6.0,0.8942349592550404
58,EHCO,47.0,6.0,0.8944732376966279
58,EHCO,49.0,6.0,0.894523182645856
58,EHCO,51.0,6.0,0.8943951351211337
58,EHCO,53.0,8.0,0.8940989816604771
58,EHCO,55.0,8.0,0.8936441729573457
58,EHCO,57.0,8.0,0.893039741752065
58,EHCO,59.0,8.0,0.8924267456068602
58,EHCO,61.0,8.0,0.8918496456343368
58,EHCO,63.0,10.0,0.8913069027143005
58,EHCO,65.0,10.0,0.8907669026040959
58,EHCO,67.0,10.0,0.8902199928261374
58,EHCO,69.0,12.0,0.8896669031530371
58,EHCO,71.0,12.0,0.8891083271468079
58,EHCO,73.0,14.000000000000002,0.8885449237047138
58,EHCO,75.0,14.000000000000002,0.887977318542405
58,EHCO,77.0,16.0,0.887406105616833
58,EHCO,79.0,16.0,0.8868318484913414
58,EHCO,81.0,16.0,0.8862550816452349
58,EHCO,83.0,16.0,0.8856763117300355
58,EHCO,85.0,20.0,0.8850960187745511
58,EHCO,87.0,22.0,0.8845242957527334
58,EHCO,89.0,22.0,0.8838581603091658
58,EHCO,91.0,24.0,0.8830603121289694
58,EHCO,93.0,24.0,0.8821385215837209
58,EHCO,95.0,26.0,0.8811002111860494
58,EHCO,97.0,26.0,0.8799524699472758
58,EHCO,99.0,26.0,0.8787020671600484
58,EHCO,101.0,26.0,0.8773554656287282
58,EHCO,103.0,26.0,0.8759188343693798
58,EHCO,105.0,26.0,0.8743980608003609
58,EHCO,107.0,26.0,0.8727987624436824
58,EHCO,109.0,28.000000000000004,0.87112629815651
58,EHCO,111.0,28.000000000000004,0.8693857789114202
58,EHCO,113.0,28.000000000000004,0.8675820781432879
58,EHCO,115.0,28.000000000000004,0.8657198416799815
58,EHCO,117.0,28.000000000000004,0.8638034972733589
58,EHCO,119.0,30.0,0.8618372637464163
58,EHCO,121.0,32.0,0.8598251597718082
58,EHCO,123.0,34.0,0.8577710122963645
58,EHCO,125.0,34.0,0.8557190721813585
58,EHCO,127.0,34.0,0.8537904651064293
58,EHCO,129.0,34.0,0.8519799629605807
58,EHCO,131.0,36.0,0.8502746943522331
58,EHCO,133.0,36.0,0.8486472367307641
58,EHCO,135.0,36.0,0.8470944132246527
58,EHCO,137.0,36.0,0.8456131729645397
58,EHCO,139.0,36.0,0.8442005861250058
58,EHCO,141.0,36.0,0.8428538391610271
58,EHCO,143.0,36.0,0.8415702302314692
58,EHCO,145.0,38.0,0.8403471648022812
58,EHCO,147.0,40.0,0.8391821514223377
58,EHCO,149.0,40.0,0.8380727976651534
58,EHCO,151.0,42.0,0.8370168062299636
58,EHCO,153.0,44.0,0.8360119711959131
58,EHCO,155.0,44.0,0.8350561744233503
58,EHCO,157.0,44.0,0.8341473820964498
58,EHCO,159.0,44.0,0.8332836414016186
58,EHCO,161.0,46.0,0.8324630773363596
58,EHCO,163.0,46.0,0.8316838896434693
58,EHCO,165.0,46.0,0.8309443498656541
58,EHCO,167.0,46.0,0.8302245880665622
58,EHCO,169.0,46.0,0.8294106395909628
58,EHCO,171.0,46.0,0.828508217191724
58,EHCO,173.0,52.0,0.8275227761598356
58,EHCO,175.0,56.00000000000001,0.8264595249758426
58,EHCO,177.0,56.00000000000001,0.8253234355343105
58,EHCO,179.0,56.00000000000001,0.8241192529582281
58,EHCO,181.0,56.00000000000001,0.8228515050195807
58,EHCO,183.0,56.00000000000001,0.8215245111816877
58,EHCO,185.0,57.99999999999999,0.8201423912782884
58,EHCO,187.0,57.99999999999999,0.818709073843766
58,EHCO,189.0,57.99999999999999,0.8172283041083346
58,EHCO,191.0,57.99999999999999,0.8157036516714672
58,EHCO,193.0,57.99999999999999,0.8141385178663241
58,EHCO,195.0,57.99999999999999,0.8125361428274338
58,EHCO,197.0,57.99999999999999,0.8108996122733967
58,EHCO,199.0,57.99999999999999,0.8093470392104889
58,EHCO,201.0,57.99999999999999,0.8078633417268908
58,EHCO,203.0,60.0,0.8062997577586879
58,EHCO,205.0,60.0,0.8046614468616029
58,EHCO,207.0,62.0,0.8029535008143077
58,EHCO,209.0,62.0,0.8011808590151227
58,EHCO,211.0,62.0,0.7993482306019635
58,EHCO,213.0,64.0,0.7974601040885166
58,EHCO,215.0,64.0,0.7955207566124198
58,EHCO,217.0,64.0,0.7935342628108359
58,EHCO,219.0,66.0,0.7915045033381972
58,EHCO,221.0,66.0,0.7894351730403185
58,EHCO,223.0,66.0,0.7873297887985159
58,EHCO,225.0,68.0,0.7851916970568309
58,EHCO,227.0,72.0,0.7830240810449433
58,EHCO,229.0,72.0,0.7808299677088597
58,EHCO,231.0,74.0,0.7786122343609891
58,EHCO,233.0,74.0,0.7763736150607564
58,EHCO,235.0,74.0,0.7741167067364686
58,EHCO,237.0,74.0,0.771843975058722
58,EHCO,239.0,74.0,0.7695577600752368
58,EHCO,241.0,74.0,0.7672602816166092
58,EHCO,243.0,74.0,0.7649536481888861
58,EHCO,245.0,74.0,0.762639862137242
58,EHCO,247.0,74.0,0.7603210616389343
58,EHCO,249.0,78.0,0.7579991059238324
58,EHCO,251.0,80.0,0.7556755978421056
58,EHCO,253.0,80.0,0.7533519051162996
58,EHCO,255.0,80.0,0.7510295468874221
58,EHCO,257.0,80.0,0.7487099577114323
58,EHCO,259.0,80.0,0.7463944912905343
58,EHCO,261.0,80.0,0.7440844240512645
58,EHCO,263.0,80.0,0.7417809585754999
58,EHCO,265.0,80.0,0.7394852268902621
58,EHCO,267.0,80.0,0.7371982936219721
58,EHCO,269.0,80.0,0.7349211590205762
58,EHCO,271.0,80.0,0.7326547618587546
58,EHCO,273.0,84.0,0.7303999822112185
58,EHCO,275.0,84.0,0.7281576441188999
58,EHCO,277.0,88.0,0.725928518142652
58,EHCO,279.0,88.0,0.7237133238108909
58,EHCO,281.0,88.0,0.72151273196544
58,EHCO,283.0,88.0,0.719327367009662
58,EHCO,285.0,90.0,0.7171578090628091
58,EHCO,287.0,90.0,0.7150045960243615
58,EHCO,289.0,92.0,0.7128682255519747
58,EHCO,291.0,92.0,0.7107491569565173
58,EHCO,293.0,92.0,0.7086478130175368
58,EHCO,295.0,92.0,0.7065645817223628
58,EHCO,297.0,92.0,0.7044998179319285
58,EHCO,299.0,94.0,0.7024538449762674
58,EHCO,301.0,94.0,0.7004269561825284
58,EHCO,303.0,96.0,0.6984194163382357
58,EHCO,305.0,96.0,0.696431463092414
58,EHCO,307.0,98.0,0.6944633082970948
58,EHCO,309.0,98.0,0.6925151392916198
58,EHCO,311.0,98.0,0.6905871201320599
58,EHCO,313.0,98.0,0.6886793927679793
58,EHCO,315.0,98.0,0.6867920781686808
58,EHCO,317.0,98.0,0.6849252774009894
58,EHCO,319.0,98.0,0.683079072660543
58,EHCO,321.0,98.0,0.6812535282584857
58,EHCO,323.0,98.0,0.6794486915653807
58,EHCO,325.0,98.0,0.6776645939140887
58,EHCO,327.0,98.0,0.6759012514632883
58,EHCO,329.0,98.0,0.6741586660232463
58,EHCO,331.0,98.0,0.6724368258453832
58,EHCO,333.0,98.0,0.6707357063771195
58,EHCO,335.0,98.0,0.669055270983422
58,EHCO,337.0,98.0,0.667395471636422
58,EHCO,339.0,98.0,0.6657562495744156
58,EHCO,341.0,98.0,0.6641375359315062
58,EHCO,343.0,98.0,0.6625392522387274
58,EHCO,345.0,98.0,0.6609613092050584
58,EHCO,347.0,98.0,0.6594036078863096
58,EHCO,349.0,98.0,0.6578660416661403
58,EHCO,351.0,98.0,0.6563484967480011
58,EHCO,353.0,98.0,0.6548508526246214
58,EHCO,355.0,98.0,0.6533729825259753
58,EHCO,357.0,98.0,0.6519147710823086
58,EHCO,359.0,98.0,0.6504761306083283
58,EHCO,361.0,100.0,0.6490569153802415
58,EHCO,363.0,100.0,0.6476569751095314
58,EHCO,365.0,100.0,0.6462761552919682
58,EHCO,367.0,100.0,0.6449142975401195
58,EHCO,369.0,100.0,0.6435712399000525
58,EHCO,371.0,100.0,0.6422468171528971
58,EHCO,373.0,100.0,0.6409408611019057
58,EHCO,375.0,100.0,0.6396532008456248
58,EHCO,377.0,100.0,0.6383836630377656
58,EHCO,379.0,100.0,0.6371320721343379
58,EHCO,381.0,100.0,0.6358982506285907
58,EHCO,383.0,100.0,0.6346820192742767
58,EHCO,385.0,100.0,0.633483197297741
58,EHCO,387.0,100.0,0.6323016025993131
58,EHCO,389.0,100.0,0.6311370519444574
58,EHCO,391.0,100.0,0.6299893611451282
58,EHCO,393.0,100.0,0.6288583452317466
58,EHCO,395.0,100.0,0.6277438186162074
58,EHCO,397.0,100.0,0.6266455952463037
58,EHCO,399.0,100.0,0.625563488751941
58,EHCO,401.0,100.0,0.6244973125835012
58,EHCO,403.0,100.0,0.6234468801426969
58,EHCO,405.0,100.0,0.6224120049062456
58,EHCO,407.0,100.0,0.6213925005426808
58,EHCO,409.0,100.0,0.6203881810225995
58,EHCO,411.0,100.0,0.6193988607226402
58,EHCO,413.0,100.0,0.6184243545234651
58,EHCO,415.0,100.0,0.617464477902018
58,EHCO,417.0,100.0,0.6165190470183092
58,EHCO,419.0,100.0,0.615587878796976
58,EHCO,421.0,100.0,0.6146707910038529
58,EHCO,423.0,100.0,0.613767602317775
58,EHCO,425.0,100.0,0.6128781323978342
58,EHCO,427.0,100.0,0.6120022019462915
58,EHCO,429.0,100.0,0.6111396327673477
58,EHCO,431.0,100.0,0.6102902478219591
58,EHCO,433.0,100.0,0.6094538712788832
58,EHCO,435.0,100.0,0.6086303285621278
58,EHCO,437.0,100.0,0.6078194463949714
58,EHCO,439.0,100.0,0.6070210528407147
58,EHCO,441.0,100.0,0.6062349773403182
58,EHCO,443.0,100.0,0.6054610507470718
58,EHCO,445.0,100.0,0.6046991053584382
58,EHCO,447.0,100.0,0.6039489749452044
58,EHCO,449.0,100.0,0.6032104947780723
58,EHCO,451.0,100.0,0.602483501651811
58,EHCO,453.0,100.0,0.6017678339070891
58,EHCO,455.0,100.0,0.6010633314501023
58,EHCO,457.0,100.0,0.6003698357701044
58,EHCO,459.0,100.0,0.5996871899549446
58,A*-GA,1.0,0.0,0.8295007238047148
58,A*-GA,3.0,0.0,0.8350947881595909
58,A*-GA,5.0,0.0,0.8403801542262163
58,A*-GA,7.0,0.0,0.8453704016111111
58,A*-GA,9.0,0.0,0.8500785529080249
58,A*-GA,11.0,0.0,0.8545170959508687
58,A*-GA,13.0,0.0,0.858698005187036
58,A*-GA,15.0,0.0,0.8626327622057272
58,A*-GA,17.0,0.0,0.8663323754545333
58,A*-GA,19.0,0.0,0.8698073991762322
58,A*-GA,21.0,0.0,0.8730679515964891
58,A*-GA,23.0,0.0,0.8761237323919546
58,A*-GA,25.0,0.0,0.8789840394670888
58,A*-GA,27.0,0.0,0.8816577850669278
58,A*-GA,29.0,0.0,0.8841416792735419
58,A*-GA,31.0,0.0,0.8863202341442215
58,A*-GA,33.0,0.0,0.8882088586656252
58,A*-GA,35.0,0.0,0.8898223006304664
58,A*-GA,37.0,0.0,0.8911746735132243
58,A*-GA,39.0,0.0,0.8922794822760358
58,A*-GA,41.0,0.0,0.8931496481469936
58,A*-GA,43.0,2.0,0.8937975324114136
58,A*-GA,45.0,4.0,0.8942349592550404
58,A*-GA,47.0,4.0,0.8944732376966279
58,A*-GA,49.0,4.0,0.894523182645856
58,A*-GA,51.0,4.0,0.8943951351211337
58,A*-GA,53.0,4.0,0.8940989816604771
58,A*-GA,55.0,4.0,0.8936441729573457
58,A*-GA,57.0,4.0,0.893039741752065
58,A*-GA,59.0,8.0,0.8924267456068602
58,A*-GA,61.0,8.0,0.8918496456343368
58,A*-GA,63.0,12.0,0.8913069027143005
58,A*-GA,65.0,12.0,0.8907669026040959
58,A*-GA,67.0,16.0,0.8902199928261374
58,A*-GA,69.0,18.0,0.8896669031530371
58,A*-GA,71.0,18.0,0.8891083271468079
58,A*-GA,73.0,18.0,0.8885449237047138
58,A*-GA,75.0,18.0,0.887977318542405
58,A*-GA,77.0,20.0,0.887406105616833
58,A*-GA,79.0,20.0,0.8868318484913414
58,A*-GA,81.0,20.0,0.8862550816452349
58,A*-GA,83.0,20.0,0.8856763117300355
58,A*-GA,85.0,20.0,0.8850960187745511
58,A*-GA,87.0,20.0,0.8845146573407952
58,A*-GA,89.0,20.0,0.8839326576327166
58,A*-GA,91.0,20.0,0.8833348118154979
58,A*-GA,93.0,20.0,0.88260182352947
58,A*-GA,95.0,20.0,0.8817416101025959
58,A*-GA,97.0,20.0,0.8807617350337251
58,A*-GA,99.0,24.0,0.8796694225878308
58,A*-GA,101.0,24.0,0.8784715718068671
58,A*-GA,103.0,24.0,0.8771747699593682
58,A*-GA,105.0,24.0,0.8757853054509973
58,A*-GA,107.0,26.0,0.8743091802173832
58,A*-GA,109.0,26.0,0.8727521216197388
58,A*-GA,111.0,26.0,0.8711195938629499
58,A*-GA,113.0,26.0,0.8694168089550481
58,A*-GA,115.0,26.0,0.8676487372262345
58,A*-GA,117.0,26.0,0.8659438801764583
58,A*-GA,119.0,28.000000000000004,0.8643407238108316
58,A*-GA,121.0,30.0,0.862834893691012
58,A*-GA,123.0,30.0,0.8613990802763241
58,A*-GA,125.0,30.0,0.8600228395587983
58,A*-GA,127.0,32.0,0.8587037948753837
58,A*-GA,129.0,32.0,0.8574396632370117
58,A*-GA,131.0,32.0,0.8562282516489467
58,A*-GA,133.0,32.0,0.8550674535755406
58,A*-GA,135.0,34.0,0.853955245543728
58,A*-GA,137.0,36.0,0.8528896838798176
58,A*-GA,139.0,36.0,0.8518689015743498
58,A*-GA,141.0,36.0,0.8508987882390007
58,A*-GA,143.0,36.0,0.8498755829843125
58,A*-GA,145.0,36.0,0.8487622395642596
58,A*-GA,147.0,36.0,0.8475644417496577
58,A*-GA,149.0,38.0,0.8462876148403362
58,A*-GA,151.0,38.0,0.8449369363916271
58,A*-GA,153.0,38.0,0.8435173465103601
58,A*-GA,155.0,40.0,0.8420335577374102
58,A*-GA,157.0,40.0,0.8404900645331743
58,A*-GA,159.0,40.0,0.8388911523817119
58,A*-GA,161.0,40.0,0.8372409065286568
58,A*-GA,163.0,42.0,0.8355432203674231
58,A*-GA,165.0,42.0,0.8338018034876453
58,A*-GA,167.0,42.0,0.8320201893992503
58,A*-GA,169.0,42.0,0.8302017429450292
58,A*-GA,171.0,42.0,0.8283496674140678
58,A*-GA,173.0,44.0,0.8264670113679095
58,A*-GA,175.0,44.0,0.8245566751908567
58,A*-GA,177.0,44.0,0.8226214173753655
58,A*-GA,179.0,44.0,0.8206638605530561
58,A*-GA,181.0,44.0,0.8186864972814489
58,A*-GA,183.0,46.0,0.8167303075827668
58,A*-GA,185.0,48.0,0.8149094788304059
58,A*-GA,187.0,48.0,0.8132181366521547
58,A*-GA,189.0,50.0,0.8116427906750615
58,A*-GA,191.0,52.0,0.810155425555497
58,A*-GA,193.0,54.0,0.8087522967688766
58,A*-GA,195.0,54.0,0.8074298099256594
58,A*-GA,197.0,54.0,0.8061845148458023
58,A*-GA,199.0,56.00000000000001,0.8050130998660671
58,A*-GA,201.0,60.0,0.8038702085856586
58,A*-GA,203.0,60.0,0.8026309039478506
58,A*-GA,205.0,62.0,0.8013012972235035
58,A*-GA,207.0,62.0,0.7998872214447051
58,A*-GA,209.0,62.0,0.7983942429562848
58,A*-GA,211.0,62.0,0.7968276725036457
58,A*-GA,213.0,62.0,0.7951925758752829
58,A*-GA,215.0,62.0,0.7934937841176242
58,A*-GA,217.0,62.0,0.7917359033391428
58,A*-GA,219.0,62.0,0.7899233241200174
58,A*-GA,221.0,62.0,0.788060230542978
58,A*-GA,223.0,64.0,0.7861506088603579
58,A*-GA,225.0,64.0,0.7841982558117803
58,A*-GA,227.0,64.0,0.7822067866063401
58,A*-GA,229.0,64.0,0.7801796425825951
58,A*-GA,231.0,64.0,0.7781200985591544
58,A*-GA,233.0,64.0,0.7760312698881515
58,A*-GA,235.0,66.0,0.7739161192233989
58,A*-GA,237.0,66.0,0.7717774630145626
58,A*-GA,239.0,66.0,0.7696179777382443
58,A*-GA,241.0,66.0,0.7674402058764274
58,A*-GA,243.0,66.0,0.7652466478307748
58,A*-GA,245.0,68.0,0.7630398468086397
58,A*-GA,247.0,72.0,0.7608219635443539
58,A*-GA,249.0,76.0,0.7585948042118059
58,A*-GA,251.0,76.0,0.7563602466420166
58,A*-GA,253.0,76.0,0.7541201497203154
58,A*-GA,255.0,76.0,0.751876273480781
58,A*-GA,257.0,78.0,0.7496302834127007
58,A*-GA,259.0,78.0,0.7473837545910037
58,A*-GA,261.0,80.0,0.7451381756376939
58,A*-GA,263.0,80.0,0.7428949525210239
58,A*-GA,265.0,80.0,0.7406554121988913
58,A*-GA,267.0,80.0,0.7384208061126791
58,A*-GA,269.0,80.0,0.7361923135375157
58,A*-GA,271.0,80.0,0.7339710447946967
58,A*-GA,273.0,80.0,0.7317580443317802
58,A*-GA,275.0,80.0,0.7295542936756519
58,A*-GA,277.0,80.0,0.7273607142636457
58,A*-GA,279.0,80.0,0.7251781701576031
58,A*-GA,281.0,80.0,0.7230074706455654
58,A*-GA,283.0,82.0,0.7208493727356015
58,A*-GA,285.0,84.0,0.718704583546101
58,A*-GA,287.0,86.0,0.7165737625966871
58,A*-GA,289.0,86.0,0.7144575240037407
58,A*-GA,291.0,86.0,0.7123564385843695
58,A*-GA,293.0,88.0,0.7102710358725035
58,A*-GA,295.0,88.0,0.7082018060506521
58,A*-GA,297.0,90.0,0.7061492018007179
58,A*-GA,299.0,90.0,0.704113640077128
58,A*-GA,301.0,90.0,0.7020955038054145
58,A*-GA,303.0,90.0,0.7000951825294316
58,A*-GA,305.0,90.0,0.6981131074906979
58,A*-GA,307.0,92.0,0.6961495583404822
58,A*-GA,309.0,94.0,0.694204787306096
58,A*-GA,311.0,94.0,0.6922790205386791
58,A*-GA,313.0,94.0,0.6903724594036156
58,A*-GA,315.0,96.0,0.6884852817159082
58,A*-GA,317.0,98.0,0.6866176429227402
58,A*-GA,319.0,100.0,0.6847696772353711
58,A*-GA,321.0,100.0,0.6829414987124223
58,A*-GA,323.0,100.0,0.6811332022965301
58,A*-GA,325.0,100.0,0.6793448648062653
58,A*-GA,327.0,100.0,0.6775765458851386
58,A*-GA,329.0,100.0,0.6758282889094426
58,A*-GA,331.0,100.0,0.6741001218566126
58,A*-GA,333.0,100.0,0.6723920581357147
58,A*-GA,335.0,100.0,0.6707040973816126
58,A*-GA,337.0,100.0,0.6690362262143008
58,A*-GA,339.0,100.0,0.667388418964828
58,A*-GA,341.0,100.0,0.665760638369184
58,A*-GA,343.0,100.0,0.6641528362314648
58,A*-GA,345.0,100.0,0.66256495405758
58,A*-GA,347.0,100.0,0.6609969236607123
58,A*-GA,349.0,100.0,0.6594486677396968
58,A*-GA,351.0,100.0,0.6579201004314346
58,A*-GA,353.0,100.0,0.656411127838415
58,A*-GA,355.0,100.0,0.6549216485323758
58,A*-GA,357.0,100.0,0.653451554035089
58,A*-GA,359.0,100.0,0.6520007292772234
58,A*-GA,361.0,100.0,0.6505690530361911
58,A*-GA,363.0,100.0,0.6491563983538554
58,A*-GA,365.0,100.0,0.6477626329349382
58,A*-GA,367.0,100.0,0.6463876195269302
58,A*-GA,369.0,100.0,0.6450312162822806
58,A*-GA,371.0,100.0,0.643693277103604
58,A*-GA,373.0,100.0,0.6423736519726209
58,A*-GA,375.0,100.0,0.6410721872635101
58,A*-GA,377.0,100.0,0.6397887260413342
58,A*-GA,379.0,100.0,0.638523108346162
58,A*-GA,381.0,100.0,0.6372751714634958
58,A*-GA,383.0,100.0,0.6360447501815818
58,A*-GA,385.0,100.0,0.6348316770361582
58,A*-GA,387.0,100.0,0.6336357825431768
58,A*-GA,389.0,100.0,0.6324568954200087
58,A*-GA,391.0,100.0,0.6312948427956255
58,A*-GA,393.0,100.0,0.6301494504102276
58,A*-GA,395.0,100.0,0.6290205428047707
58,A*-GA,397.0,100.0,0.6279079435008263
58,A*-GA,399.0,100.0,0.6268114751711903
58,A*-GA,401.0,100.0,0.6257309598016403
58,A*-GA,403.0,100.0,0.6246662188442228
58,A*-GA,405.0,100.0,0.6236170733624403
58,A*-GA,407.0,100.0,0.6225833441686883
58,A*-GA,409.0,100.0,0.6215648519542808
58,A*-GA,411.0,100.0,0.6205614174123888
58,A*-GA,413.0,100.0,0.6195728613542031
58,A*-GA,415.0,100.0,0.6185990048186175
58,A*-GA,417.0,100.0,0.6176396691757216
58,A*-GA,419.0,100.0,0.6166946762243732
58,A*-GA,421.0,100.0,0.6157638482841175
58,A*-GA,423.0,100.0,0.6148470082817011
58,A*-GA,425.0,100.0,0.6139439798324263
58,A*-GA,427.0,100.0,0.6130545873165745
58,A*-GA,429.0,100.0,0.6121786559511218
58,A*-GA,431.0,100.0,0.6113160118569603
58,A*-GA,433.0,100.0,0.610466482121829
58,A*-GA,435.0,100.0,0.6096298948591482
58,A*-GA,437.0,100.0,0.6088060792629485
58,A*-GA,439.0,100.0,0.6079948656590702
58,A*-GA,441.0,100.0,0.607196085552809
58,A*-GA,443.0,100.0,0.606409571673169
58,A*-GA,445.0,100.0,0.6056351580138853
58,A*-GA,447.0,100.0,0.6048726798713654
58,A*-GA,449.0,100.0,0.6041219738796937
58,A*-GA,451.0,100.0,0.6033828780428416
58,A*-GA,453.0,100.0,0.602655231764213
58,A*-GA,455.0,100.0,0.6019388758736536
58,A*-GA,457.0,100.0,0.6012336526520484
58,A*-GA,459.0,100.0,0.6005394058536215
58,A*-GA,461.0,100.0,0.5998559807260522
59,EHCO,1.0,0.0,0.8542502920912814
59,EHCO,3.0,0.0,0.858873436097896
59,EHCO,5.0,0.0,0.8632259708169142
59,EHCO,7.0,0.0,0.8673199816313878
59,EHCO,9.0,0.0,0.8711670555296687
59,EHCO,11.0,0.0,0.8747664690803648
59,EHCO,13.0,0.0,0.8780051968724099
59,EHCO,15.0,0.0,0.8809010106014251
59,EHCO,17.0,0.0,0.8834709249156179
59,EHCO,19.0,2.0,0.8857312281041149
59,EHCO,21.0,2.0,0.8876975115650447
59,EHCO,23.0,2.0,0.8893846981015076
59,EHCO,25.0,2.0,0.8908070690916807
59,EHCO,27.0,4.0,0.8919782905774892
59,EHCO,29.0,6.0,0.8929114383145231
59,EHCO,31.0,6.0,0.8936190218242038
59,EHCO,33.0,6.0,0.8941130074875897
59,EHCO,35.0,8.0,0.8944048407186629
59,EHCO,37.0,8.0,0.8945054672534485
59,EHCO,39.0,10.0,0.8944253535898887
59,EHCO,41.0,10.0,0.8941745066120212
59,EHCO,43.0,10.0,0.8937624924306888
59,EHCO,45.0,10.0,0.8931984544717416
59,EHCO,47.0,12.0,0.8924911308414734
59,EHCO,49.0,12.0,0.8916488709978638
59,EHCO,51.0,12.0,0.8906796517550744
59,EHCO,53.0,12.0,0.889721690690877
59,EHCO,55.0,12.0,0.8888180047795815
59,EHCO,57.0,14.000000000000002,0.8879662803501848
59,EHCO,59.0,16.0,0.8871359272272609
59,EHCO,61.0,18.0,0.886317037058369
59,EHCO,63.0,18.0,0.8855095034575109
59,EHCO,65.0,20.0,0.8847132185378852
59,EHCO,67.0,22.0,0.8839280730645506
59,EHCO,69.0,22.0,0.8831539565995513
59,EHCO,71.0,22.0,0.8823907576398248
59,EHCO,73.0,22.0,0.8816383637481985
59,EHCO,75.0,26.0,0.8808803453873543
59,EHCO,77.0,26.0,0.879997648287821
59,EHCO,79.0,28.000000000000004,0.8789977101950881
59,EHCO,81.0,28.000000000000004,0.8778876349814505
59,EHCO,83.0,28.000000000000004,0.8766742064395031
59,EHCO,85.0,28.000000000000004,0.8753639015230209
59,EHCO,87.0,28.000000000000004,0.8739629030570922
59,EHCO,89.0,28.000000000000004,0.8724771119385143
59,EHCO,91.0,28.000000000000004,0.8709121588466309
59,EHCO,93.0,28.000000000000004,0.8692734154839994
59,EHCO,95.0,28.000000000000004,0.867566005365509
59,EHCO,97.0,30.0,0.8657948141738385
59,EHCO,99.0,30.0,0.863964499698439
59,EHCO,101.0,34.0,0.8620795013745491
59,EHCO,103.0,36.0,0.8601440494380982
59,EHCO,105.0,36.0,0.8581621737117316
59,EHCO,107.0,36.0,0.8561377120365886
59,EHCO,109.0,36.0,0.8541952033958956
59,EHCO,111.0,38.0,0.8523713492326127
59,EHCO,113.0,40.0,0.8506610256976069
59,EHCO,115.0,40.0,0.8490362041703104
59,EHCO,117.0,42.0,0.8474857506935898
59,EHCO,119.0,42.0,0.8460066266329853
59,EHCO,121.0,42.0,0.8445959138981463
59,EHCO,123.0,42.0,0.8432508101991132
59,EHCO,125.0,46.0,0.8419686244888605
59,EHCO,127.0,46.0,0.8407467725847875
59,EHCO,129.0,46.0,0.8395827729621383
59,EHCO,131.0,46.0,0.8384742427126028
59,EHCO,133.0,46.0,0.8374188936616163
59,EHCO,135.0,46.0,0.8364145286381329
59,EHCO,137.0,48.0,0.8354590378908875
59,EHCO,139.0,52.0,0.834550395645397
59,EHCO,141.0,52.0,0.8336866567961809
59,EHCO,143.0,54.0,0.8328659537288922
59,EHCO,145.0,54.0,0.8320864932672625
59,EHCO,147.0,54.0,0.8313542367089649
59,EHCO,149.0,54.0,0.8305677064884422
59,EHCO,151.0,54.0,0.8296904974827675
59,EHCO,153.0,56.00000000000001,0.82872817014403
59,EHCO,155.0,56.00000000000001,0.8276860336799229
59,EHCO,157.0,56.00000000000001,0.8265691564572522
59,EHCO,159.0,56.00000000000001,0.8253823759882721
59,EHCO,161.0,56.00000000000001,0.824130308516365
59,EHCO,163.0,56.00000000000001,0.8228173582169268
59,EHCO,165.0,56.00000000000001,0.8214477260287003
59,EHCO,167.0,62.0,0.8200254181301951
59,EHCO,169.0,62.0,0.8185542540752574
59,EHCO,171.0,62.0,0.8170378746012991
59,EHCO,173.0,62.0,0.8154797491231623
59,EHCO,175.0,62.0,0.8138831829250848
59,EHCO,177.0,62.0,0.8122513240627414
59,EHCO,179.0,62.0,0.8105871699868632
59,EHCO,181.0,62.0,0.808893573899483
59,EHCO,183.0,66.0,0.8071732508534218
59,EHCO,185.0,66.0,0.80542878360521
59,EHCO,187.0,66.0,0.8036626282312372
59,EHCO,189.0,66.0,0.8018771195165378
59,EHCO,191.0,66.0,0.8000744761252461
59,EHCO,193.0,66.0,0.7982946463013323
59,EHCO,195.0,66.0,0.7966493591243302
59,EHCO,197.0,66.0,0.7951327049182291
59,EHCO,199.0,68.0,0.793731160136043
59,EHCO,201.0,70.0,0.7923754174330861
59,EHCO,203.0,72.0,0.7909424449518958
59,EHCO,205.0,72.0,0.7894374223341752
59,EHCO,207.0,74.0,0.7878652904900958
59,EHCO,209.0,74.0,0.7862307615510309
59,EHCO,211.0,76.0,0.7845383284221379
59,EHCO,213.0,76.0,0.7827922739506487
59,EHCO,215.0,78.0,0.7809966797250978
59,EHCO,217.0,78.0,0.7791554345201265
59,EHCO,219.0,78.0,0.7772722424009152
59,EHCO,221.0,78.0,0.7753506305007506
59,EHCO,223.0,78.0,0.7733939564846948
59,EHCO,225.0,78.0,0.7714054157118185
59,EHCO,227.0,78.0,0.7693880481079649
59,EHCO,229.0,78.0,0.7673447447605396
59,EHCO,231.0,78.0,0.7652782542463726
59,EHCO,233.0,78.0,0.7631911887032564
59,EHCO,235.0,78.0,0.7610860309152349
59,EHCO,237.0,78.0,0.7589651443206377
59,EHCO,239.0,78.0,0.7568307731962831
59,EHCO,241.0,80.0,0.7546850468805874
59,EHCO,243.0,80.0,0.7525299847271233
59,EHCO,245.0,82.0,0.7503675008565053
59,EHCO,247.0,82.0,0.7481994087146316
59,EHCO,249.0,82.0,0.7460276415578498
59,EHCO,251.0,82.0,0.7438538811729657
59,EHCO,253.0,84.0,0.7416795784607855
59,EHCO,255.0,86.0,0.7395059728135651
59,EHCO,257.0,86.0,0.7373344374632239
59,EHCO,259.0,88.0,0.7351662686205704
59,EHCO,261.0,90.0,0.733002688879452
59,EHCO,263.0,90.0,0.7308448504810363
59,EHCO,265.0,90.0,0.7286938384438156
59,EHCO,267.0,90.0,0.7265506735647054
59,EHCO,269.0,92.0,0.7244163152963937
59,EHCO,271.0,92.0,0.7222916645058975
59,EHCO,273.0,92.0,0.7201775661190815
59,EHCO,275.0,94.0,0.7180748116557114
59,EHCO,277.0,96.0,0.71598414165943
59,EHCO,279.0,96.0,0.7139062480268696
59,EHCO,281.0,96.0,0.7118417762399528
59,EHCO,283.0,96.0,0.709791327505264
59,EHCO,285.0,96.0,0.7077554608042322
59,EHCO,287.0,96.0,0.7057346948577058
59,EHCO,289.0,96.0,0.7037295100083653
59,EHCO,291.0,96.0,0.7017403500242816
59,EHCO,293.0,98.0,0.6997676238267964
59,EHCO,295.0,98.0,0.6978117451925778
59,EHCO,297.0,98.0,0.6958731669955983
59,EHCO,299.0,100.0,0.6939521928062461
59,EHCO,301.0,100.0,0.6920490980505292
59,EHCO,303.0,100.0,0.6901641313825211
59,EHCO,305.0,100.0,0.6882975159985298
59,EHCO,307.0,100.0,0.6864494508953503
59,EHCO,309.0,100.0,0.6846201120748657
59,EHCO,311.0,100.0,0.6828096536971744
59,EHCO,313.0,100.0,0.681018209184329
59,EHCO,315.0,100.0,0.6792458922766966
59,EHCO,317.0,100.0,0.6774927980438646
59,EHCO,319.0,100.0,0.6757590038519412
59,EHCO,321.0,100.0,0.6740445702890281
59,EHCO,323.0,100.0,0.6723495420505692
59,EHCO,325.0,100.0,0.6706739487862126
59,EHCO,327.0,100.0,0.6690178059097579
59,EHCO,329.0,100.0,0.6673811153736986
59,EHCO,331.0,100.0,0.6657638664098076
59,EHCO,333.0,100.0,0.6641660362371569
59,EHCO,335.0,100.0,0.6625875907389087
59,EHCO,337.0,100.0,0.6610284851091581
59,EHCO,339.0,100.0,0.6594886644710591
59,EHCO,341.0,100.0,0.6579680644674164
59,EHCO,343.0,100.0,0.6564666118248766
59,EHCO,345.0,100.0,0.6549842248928087
59,EHCO,347.0,100.0,0.6535208141579177
59,EHCO,349.0,100.0,0.6520762827355976
59,EHCO,351.0,100.0,0.6506505268389841
59,EHCO,353.0,100.0,0.6492434362266346
59,EHCO,355.0,100.0,0.6478548946297216
59,EHCO,357.0,100.0,0.6464847801595904
59,EHCO,359.0,100.0,0.6451329656965029
59,EHCO,361.0,100.0,0.6437993192603466
59,EHCO,363.0,100.0,0.6424837043640675
59,EHCO,365.0,100.0,0.6411859803505475
59,EHCO,367.0,100.0,0.6399060027136191
59,EHCO,369.0,100.0,0.6386436234038865
59,EHCO,371.0,100.0,0.6373986911199889
59,EHCO,373.0,100.0,0.6361710515859219
59,EHCO,375.0,100.0,0.6349605478150043
59,EHCO,377.0,100.0,0.633767020361055
59,EHCO,379.0,100.0,0.6325903075573227
59,EHCO,381.0,100.0,0.6314302457436874
59,EHCO,383.0,100.0,0.6302866694826352
59,EHCO,385.0,100.0,0.6291594117644805
59,EHCO,387.0,100.0,0.6280483042022998
59,EHCO,389.0,100.0,0.6269531772170157
59,EHCO,391.0,100.0,0.6258738602130525
59,EHCO,393.0,100.0,0.6248101817449717
59,EHCO,395.0,100.0,0.6237619696754755
59,EHCO,397.0,100.0,0.6227290513251507
59,EHCO,399.0,100.0,0.6217112536143113
59,EHCO,401.0,100.0,0.6207084031972857
59,EHCO,403.0,100.0,0.619720326589473
59,EHCO,405.0,100.0,0.6187468502874897
59,EHCO,407.0,100.0,0.6177878008827059
59,EHCO,409.0,100.0,0.6168430051684638
59,EHCO,411.0,100.0,0.6159122902412562
59,EHCO,413.0,100.0,0.6149954835961327
59,EHCO,415.0,100.0,0.6140924132165887
59,EHCO,417.0,100.0,0.6132029076591855
59,EHCO,419.0,100.0,0.612326796133134
59,EHCO,421.0,100.0,0.6114639085750703
59,EHCO,423.0,100.0,0.610614075719238
59,EHCO,425.0,100.0,0.6097771291632863
59,EHCO,427.0,100.0,0.6089529014298816
59,EHCO,429.0,100.0,0.608141226024324
59,EHCO,431.0,100.0,0.6073419374883519
59,EHCO,433.0,100.0,0.6065548714503081
59,EHCO,435.0,100.0,0.6057798646718388
59,EHCO,437.0,100.0,0.6050167550912818
59,EHCO,439.0,100.0,0.6042653818639028
59,EHCO,441.0,100.0,0.603525585399123
59,EHCO,443.0,100.0,0.6027972073948841
59,EHCO,445.0,100.0,0.6020800908692819
59,EHCO,447.0,100.0,0.6013740801896027
59,EHCO,449.0,100.0,0.6006790210988825
59,EHCO,451.0,100.0,0.5999947607401118
59,A*-GA,1.0,0.0,0.8542502920912814
59,A*-GA,3.0,0.0,0.858873436097896
59,A*-GA,5.0,0.0,0.8632259708169142
59,A*-GA,7.0,0.0,0.8673199816313878
59,A*-GA,9.0,0.0,0.8711670555296687
59,A*-GA,11.0,0.0,0.8747783010587681
59,A*-GA,13.0,0.0,0.8781643674883141
59,A*-GA,15.0,0.0,0.8813354632161857
59,A*-GA,17.0,0.0,0.8843013734456805
59,A*-GA,19.0,0.0,0.8870596451844948
59,A*-GA,21.0,0.0,0.8894955928259932
59,A*-GA,23.0,0.0,0.8916253944893422
59,A*-GA,25.0,0.0,0.8934645352273266
59,A*-GA,27.0,2.0,0.8950278351805011
59,A*-GA,29.0,2.0,0.8963294766109043
59,A*-GA,31.0,2.0,0.8973830298595561
59,A*-GA,33.0,2.0,0.8982014782702143
59,A*-GA,35.0,4.0,0.8987972421202014
59,A*-GA,37.0,4.0,0.899182201597504
59,A*-GA,39.0,4.0,0.8993677188618057
59,A*-GA,41.0,4.0,0.899364659225634
59,A*-GA,43.0,4.0,0.8993192247056295
59,A*-GA,45.0,4.0,0.8992784381834875
59,A*-GA,47.0,6.0,0.899242085655343
59,A*-GA,49.0,6.0,0.8991765483567152
59,A*-GA,51.0,8.0,0.8990725460002145
59,A*-GA,53.0,8.0,0.8989322601873919
59,A*-GA,55.0,8.0,0.898757775818509
59,A*-GA,57.0,14.000000000000002,0.8985510850698651
59,A*-GA,59.0,14.000000000000002,0.8983140912120583
59,A*-GA,61.0,14.000000000000002,0.8980486122754696
59,A*-GA,63.0,14.000000000000002,0.8977563845690129
59,A*-GA,65.0,14.000000000000002,0.8974390660579565
59,A*-GA,67.0,16.0,0.8970982396063925
59,A*-GA,69.0,20.0,0.8967354160897089
59,A*-GA,71.0,20.0,0.8963520373822133
59,A*-GA,73.0,20.0,0.8959494792248492
59,A*-GA,75.0,20.0,0.8955395103040542
59,A*-GA,77.0,20.0,0.8950199012192416
59,A*-GA,79.0,20.0,0.8943533007885058
59,A*-GA,81.0,22.0,0.8935482362838866
59,A*-GA,83.0,22.0,0.8926128548217909
59,A*-GA,85.0,22.0,0.8915549390306573
59,A*-GA,87.0,22.0,0.8903819220915167
59,A*-GA,89.0,22.0,0.889100902176252
59,A*-GA,91.0,22.0,0.8877186563073921
59,A*-GA,93.0,24.0,0.8862416536623292
59,A*-GA,95.0,24.0,0.8846760683439536
59,A*-GA,97.0,24.0,0.8830277916388275
59,A*-GA,99.0,26.0,0.8813024437831946
59,A*-GA,101.0,26.0,0.8795053852563173
59,A*-GA,103.0,26.0,0.8776417276198689
59,A*-GA,105.0,26.0,0.8757582710618294
59,A*-GA,107.0,26.0,0.8739811005674907
59,A*-GA,109.0,26.0,0.8723057721043754
59,A*-GA,111.0,28.000000000000004,0.8707201663258454
59,A*-GA,113.0,28.000000000000004,0.869197581963392
59,A*-GA,115.0,28.000000000000004,0.8677355338855267
59,A*-GA,117.0,30.0,0.8663316345935418
59,A*-GA,119.0,30.0,0.8649643551795776
59,A*-GA,121.0,30.0,0.863516183463532
59,A*-GA,123.0,30.0,0.8619925107838764
59,A*-GA,125.0,32.0,0.8603984803185128
59,A*-GA,127.0,32.0,0.858738997425989
59,A*-GA,129.0,32.0,0.857018739571014
59,A*-GA,131.0,32.0,0.8552421658507501
59,A*-GA,133.0,32.0,0.8534135261377009
59,A*-GA,135.0,32.0,0.8515368698544024
59,A*-GA,137.0,34.0,0.8496160543945122
59,A*-GA,139.0,34.0,0.8476547532043295
59,A*-GA,141.0,36.0,0.8457762477484481
59,A*-GA,143.0,36.0,0.8440168049579826
59,A*-GA,145.0,42.0,0.8423712527166423
59,A*-GA,147.0,42.0,0.8408115163866057
59,A*-GA,149.0,42.0,0.8393264181511899
59,A*-GA,151.0,46.0,0.8379128775855486
59,A*-GA,153.0,46.0,0.8365679367930825
59,A*-GA,155.0,48.0,0.8352887555800762
59,A*-GA,157.0,48.0,0.8340726068198393
59,A*-GA,159.0,48.0,0.8329168719989134
59,A*-GA,161.0,48.0,0.8318190369382026
59,A*-GA,163.0,48.0,0.8307766876821615
59,A*-GA,165.0,50.0,0.8297875065494462
59,A*-GA,167.0,50.0,0.8288492683386921
59,A*-GA,169.0,50.0,0.8279598366833301
59,A*-GA,171.0,50.0,0.8271248435185959
59,A*-GA,173.0,50.0,0.8262435723508814
59,A*-GA,175.0,50.0,0.8252795937910171
59,A*-GA,177.0,50.0,0.8242380852505962
59,A*-GA,179.0,50.0,0.8231239890857741
59,A*-GA,181.0,50.0,0.8219420223464755
59,A*-GA,183.0,52.0,0.8206966861344153
59,A*-GA,185.0,54.0,0.8193922745854221
59,A*-GA,187.0,54.0,0.8180328834909459
59,A*-GA,189.0,54.0,0.8166224185730445
59,A*-GA,191.0,54.0,0.8152038540643018
59,A*-GA,193.0,54.0,0.8138945080973334
59,A*-GA,195.0,56.00000000000001,0.8126895876778548
59,A*-GA,197.0,57.99999999999999,0.8115766407718576
59,A*-GA,199.0,57.99999999999999,0.8105286490308982
59,A*-GA,201.0,57.99999999999999,0.8095001858467861
59,A*-GA,203.0,57.99999999999999,0.8083653667431806
59,A*-GA,205.0,57.99999999999999,0.807130783175174
59,A*-GA,207.0,57.99999999999999,0.8058027280316833
59,A*-GA,209.0,64.0,0.8043872080090292
59,A*-GA,211.0,64.0,0.8028899554881773
59,A*-GA,213.0,64.0,0.8013164399352958
59,A*-GA,215.0,64.0,0.7996719650229437
59,A*-GA,217.0,66.0,0.7979617585162395
59,A*-GA,219.0,68.0,0.7961905517957233
59,A*-GA,221.0,72.0,0.7943625982211244
59,A*-GA,223.0,74.0,0.7924821216570291
59,A*-GA,225.0,74.0,0.7905532303226313
59,A*-GA,227.0,76.0,0.788579837426165
59,A*-GA,229.0,76.0,0.7865656693745756
59,A*-GA,231.0,76.0,0.784514273651879
59,A*-GA,233.0,76.0,0.7824290263793623
59,A*-GA,235.0,76.0,0.780313139570255
59,A*-GA,237.0,76.0,0.7781696680910061
59,A*-GA,239.0,76.0,0.7760015163408202
59,A*-GA,241.0,76.0,0.7738114446606512
59,A*-GA,243.0,76.0,0.7716020754824049
59,A*-GA,245.0,76.0,0.7693758992286812
59,A*-GA,247.0,76.0,0.7671352799729785
59,A*-GA,249.0,76.0,0.7648824618011585
59,A*-GA,251.0,76.0,0.7626195788247344
59,A*-GA,253.0,76.0,0.7603486552498768
59,A*-GA,255.0,76.0,0.7580716089425231
59,A*-GA,257.0,76.0,0.755790256045214
59,A*-GA,259.0,78.0,0.7535063154054547
59,A*-GA,261.0,78.0,0.7512214128231166
59,A*-GA,263.0,78.0,0.7489370851240983
59,A*-GA,265.0,78.0,0.7466547840671787
59,A*-GA,267.0,80.0,0.744375880090723
59,A*-GA,269.0,80.0,0.7421016659056365
59,A*-GA,271.0,80.0,0.7398333599407105
59,A*-GA,273.0,82.0,0.7375721096462611
59,A*-GA,275.0,86.0,0.7353189946617273
59,A*-GA,277.0,86.0,0.7330750298526735
59,A*-GA,279.0,86.0,0.7308411682224214
59,A*-GA,281.0,86.0,0.7286183037033361
59,A*-GA,283.0,86.0,0.7264072738325861
59,A*-GA,285.0,86.0,0.724208862317009
59,A*-GA,287.0,86.0,0.7220238014915336
59,A*-GA,289.0,88.0,0.7198527746754263
59,A*-GA,291.0,88.0,0.7176964184304695
59,A*-GA,293.0,90.0,0.7155553247250088
59,A*-GA,295.0,92.0,0.7134300430076549
59,A*-GA,297.0,96.0,0.711321082194274
59,A*-GA,299.0,98.0,0.7092289125717578
59,A*-GA,301.0,98.0,0.707153967621924
59,A*-GA,303.0,98.0,0.7050966457687659
59,A*-GA,305.0,98.0,0.7030573120521446
59,A*-GA,307.0,98.0,0.7010362997308899
59,A*-GA,309.0,98.0,0.6990340266905481
59,A*-GA,311.0,98.0,0.6970507964518429
59,A*-GA,313.0,100.0,0.6950868455164848
59,A*-GA,315.0,100.0,0.6931423848516733
59,A*-GA,317.0,100.0,0.6912176011605087
59,A*-GA,319.0,100.0,0.6893126580981231
59,A*-GA,321.0,100.0,0.6874276974357381
59,A*-GA,323.0,100.0,0.6855628401747574
59,A*-GA,325.0,100.0,0.6837181876129332
59,A*-GA,327.0,100.0,0.6818938223645489
59,A*-GA,329.0,100.0,0.6800898093364958
59,A*-GA,331.0,100.0,0.6783061966620403
59,A*-GA,333.0,100.0,0.6765430165940066
59,A*-GA,335.0,100.0,0.6748002863590337
59,A*-GA,337.0,100.0,0.6730780089744971
59,A*-GA,339.0,100.0,0.6713761740296241
59,A*-GA,341.0,100.0,0.6696947584322681
59,A*-GA,343.0,100.0,0.6680337271227517
59,A*-GA,345.0,100.0,0.6663930337561293
59,A*-GA,347.0,100.0,0.6647726213541685
59,A*-GA,349.0,100.0,0.6631724229282937
59,A*-GA,351.0,100.0,0.6615923620746932
59,A*-GA,353.0,100.0,0.660032353542732
59,A*-GA,355.0,100.0,0.658492303777778
59,A*-GA,357.0,100.0,0.6569721114394956
59,A*-GA,359.0,100.0,0.6554716678966261
59,A*-GA,361.0,100.0,0.6539908576992274
59,A*-GA,363.0,100.0,0.6525295590293103
59,A*-GA,365.0,100.0,0.6510876441307691
59,A*-GA,367.0,100.0,0.6496649797194695
59,A*-GA,369.0,100.0,0.6482614273743204
59,A*-GA,371.0,100.0,0.6468768439101255
59,A*-GA,373.0,100.0,0.6455110817329757
59,A*-GA,375.0,100.0,0.6441639891789136
59,A*-GA,377.0,100.0,0.6428354108365752
59,A*-GA,379.0,100.0,0.6415251878544798
59,A*-GA,381.0,100.0,0.6402331582336143
59,A*-GA,383.0,100.0,0.6389591571059369
59,A*-GA,385.0,100.0,0.6377030169993908
59,A*-GA,387.0,100.0,0.6364645680900022
59,A*-GA,389.0,100.0,0.6352436384416098
59,A*-GA,391.0,100.0,0.6340400542337528
59,A*-GA,393.0,100.0,0.632853639978222
59,A*-GA,395.0,100.0,0.6316842187247572
59,A*-GA,397.0,100.0,0.6305316122563578
59,A*-GA,399.0,100.0,0.6293956412746505
59,A*-GA,401.0,100.0,0.6282761255757429
59,A*-GA,403.0,100.0,0.6271728842169724
59,A*-GA,405.0,100.0,0.6260857356749456
59,A*-GA,407.0,100.0,0.6250144979952442
59,A*-GA,409.0,100.0,0.6239589889341596
59,A*-GA,411.0,100.0,0.6229190260928046
59,A*-GA,413.0,100.0,0.6218944270439353
59,A*-GA,415.0,100.0,0.6208850094518011
59,A*-GA,417.0,100.0,0.619890591185332
59,A*-GA,419.0,100.0,0.6189109904249529
59,A*-GA,421.0,100.0,0.6179460257633131
59,A*-GA,423.0,100.0,0.6169955163001939
59,A*-GA,425.0,100.0,0.6160592817318582
59,A*-GA,427.0,100.0,0.6151371424350902
59,A*-GA,429.0,100.0,0.6142289195461614
59,A*-GA,431.0,100.0,0.6133344350349524
59,A*-GA,433.0,100.0,0.61245351177445
59,A*-GA,435.0,100.0,0.6115859736058273
59,A*-GA,437.0,100.0,0.6107316453993116
59,A*-GA,439.0,100.0,0.6098903531110286
59,A*-GA,441.0,100.0,0.6090619238360109
59,A*-GA,443.0,100.0,0.6082461858575465
59,A*-GA,445.0,100.0,0.6074429686930375
59,A*-GA,447.0,100.0,0.6066521031365302
59,A*-GA,449.0,100.0,0.6058734212980753
59,A*-GA,451.0,100.0,0.6051067566400644
59,A*-GA,453.0,100.0,0.6043519440106873
59,A*-GA,455.0,100.0,0.6036088196746471
59,A*-GA,457.0,100.0,0.6028772213412646
59,A*-GA,459.0,100.0,0.6021569881900961
59,A*-GA,461.0,100.0,0.6014479608941868
59,A*-GA,463.0,100.0,0.6007499816410742
59,A*-GA,465.0,100.0,0.6000628941516517
60,EHCO,1.0,0.0,0.934645206448272
60,EHCO,3.0,0.0,0.9361144749067493
60,EHCO,5.0,0.0,0.9374368599507493
60,EHCO,7.0,0.0,0.9386195932233944
60,EHCO,9.0,0.0,0.9396695983843024
60,EHCO,11.0,0.0,0.9405935035931535
60,EHCO,13.0,0.0,0.9413976534968957
60,EHCO,15.0,0.0,0.9420881207401687
60,EHCO,17.0,0.0,0.9426707170177582
60,EHCO,19.0,0.0,0.9431510036871541
60,EHCO,21.0,0.0,0.9435343019585717
60,EHCO,23.0,0.0,0.9438257026791164
60,EHCO,25.0,0.0,0.9440300757271148
60,EHCO,27.0,2.0,0.9441520790320023
60,EHCO,29.0,2.0,0.9441961672345556
60,EHCO,31.0,2.0,0.944166600001676
60,EHCO,33.0,2.0,0.9440674500093683
60,EHCO,35.0,2.0,0.9438907786286216
60,EHCO,37.0,2.0,0.9435166325597059
60,EHCO,39.0,2.0,0.9429561315770808
60,EHCO,41.0,2.0,0.9422199034799276
60,EHCO,43.0,6.0,0.9413181043136828
60,EHCO,45.0,6.0,0.9402604377830565
60,EHCO,47.0,6.0,0.9390561738885022
60,EHCO,49.0,8.0,0.9377141668168522
60,EHCO,51.0,8.0,0.9362428721156187
60,EHCO,53.0,8.0,0.9346503631793037
60,EHCO,55.0,10.0,0.9329443470749406
60,EHCO,57.0,10.0,0.9311321797330241
60,EHCO,59.0,10.0,0.9292208805289487
60,EHCO,61.0,12.0,0.9272171462790919
60,EHCO,63.0,12.0,0.9251717737038336
60,EHCO,65.0,12.0,0.9232194083500486
60,EHCO,67.0,14.000000000000002,0.921356344023846
60,EHCO,69.0,18.0,0.9195689139759492
60,EHCO,71.0,18.0,0.9178246331950368
60,EHCO,73.0,18.0,0.9161222490986174
60,EHCO,75.0,20.0,0.9144605509676385
60,EHCO,77.0,20.0,0.9128383684244389
60,EHCO,79.0,22.0,0.9112545699684251
60,EHCO,81.0,22.0,0.9097080615672362
60,EHCO,83.0,24.0,0.9081977853012553
60,EHCO,85.0,24.0,0.9067227180594065
60,EHCO,87.0,24.0,0.9052818702842559
60,EHCO,89.0,24.0,0.9038742847645123
60,EHCO,91.0,24.0,0.9024990354731013
60,EHCO,93.0,24.0,0.9011552264490517
60,EHCO,95.0,24.0,0.8998419907215061
60,EHCO,97.0,26.0,0.8985426627731031
60,EHCO,99.0,26.0,0.8971369731156541
60,EHCO,101.0,26.0,0.8956316891588637
60,EHCO,103.0,28.000000000000004,0.8940332699390793
60,EHCO,105.0,30.0,0.8923478789256102
60,EHCO,107.0,30.0,0.8905813963129412
60,EHCO,109.0,30.0,0.8887394308192018
60,EHCO,111.0,30.0,0.8868273310104505
60,EHCO,113.0,30.0,0.8848501961695647
60,EHCO,115.0,30.0,0.8828128867277849
60,EHCO,117.0,30.0,0.8807200342762512
60,EHCO,119.0,30.0,0.8785760511741876
60,EHCO,121.0,30.0,0.876385139769732
60,EHCO,123.0,30.0,0.8741513012487812
60,EHCO,125.0,30.0,0.8718783441266118
60,EHCO,127.0,36.0,0.8696923487611834
60,EHCO,129.0,36.0,0.8676303931454072
60,EHCO,131.0,40.0,0.8656871882070336
60,EHCO,133.0,42.0,0.8638345460753215
60,EHCO,135.0,42.0,0.8620611792872132
60,EHCO,137.0,44.0,0.8603639012267857
60,EHCO,139.0,44.0,0.8587396511354608
60,EHCO,141.0,44.0,0.8571854891652873
60,EHCO,143.0,44.0,0.8556800459109782
60,EHCO,145.0,44.0,0.8541072769110054
60,EHCO,147.0,44.0,0.8524719066422436
60,EHCO,149.0,44.0,0.8507784398073811
60,EHCO,151.0,46.0,0.849031170525758
60,EHCO,153.0,46.0,0.8472341911542425
60,EHCO,155.0,46.0,0.8453914007528148
60,EHCO,157.0,46.0,0.843506513208949
60,EHCO,159.0,48.0,0.8415830650343288
60,EHCO,161.0,48.0,0.8397433905390103
60,EHCO,163.0,50.0,0.8380234205178284
60,EHCO,165.0,52.0,0.8364179337525268
60,EHCO,167.0,54.0,0.8348988086939293
60,EHCO,169.0,54.0,0.8334548227157493
60,EHCO,171.0,54.0,0.8320828525999492
60,EHCO,173.0,54.0,0.8307798995911899
60,EHCO,175.0,56.00000000000001,0.829525630096361
60,EHCO,177.0,56.00000000000001,0.8282070753540818
60,EHCO,179.0,57.99999999999999,0.8268286274441825
60,EHCO,181.0,57.99999999999999,0.82539447523472
60,EHCO,183.0,60.0,0.8239483037677956
60,EHCO,185.0,62.0,0.8226089515312224
60,EHCO,187.0,62.0,0.8213717581335501
60,EHCO,189.0,64.0,0.8202243985164531
60,EHCO,191.0,64.0,0.8191399759054678
60,EHCO,193.0,64.0,0.8181158194449154
60,EHCO,195.0,64.0,0.8171493652865885
60,EHCO,197.0,66.0,0.816238152367226
60,EHCO,199.0,66.0,0.8153798183519089
60,EHCO,201.0,66.0,0.8145289417076317
60,EHCO,203.0,66.0,0.8135586616605922
60,EHCO,205.0,68.0,0.8124761820226976
60,EHCO,207.0,68.0,0.8112883823558197
60,EHCO,209.0,68.0,0.810001831380404
60,EHCO,211.0,68.0,0.8086227998466837
60,EHCO,213.0,68.0,0.8071572728897692
60,EHCO,215.0,68.0,0.8056109618890469
60,EHCO,217.0,68.0,0.8039893158515122
60,EHCO,219.0,68.0,0.8022975323378947
60,EHCO,221.0,68.0,0.8005405679496843
60,EHCO,223.0,72.0,0.7987231483944603
60,EHCO,225.0,74.0,0.7968497781462351
60,EHCO,227.0,74.0,0.7949247497168662
60,EHCO,229.0,76.0,0.7929521525539616
60,EHCO,231.0,76.0,0.7909358815800901
60,EHCO,233.0,78.0,0.7888796453875301
60,EHCO,235.0,78.0,0.7867869741022239
60,EHCO,237.0,82.0,0.7846612269300697
60,EHCO,239.0,82.0,0.7825055993981656
60,EHCO,241.0,82.0,0.7803231303031193
60,EHCO,243.0,82.0,0.7781167083780633
60,EHCO,245.0,82.0,0.7758890786895545
60,EHCO,247.0,84.0,0.773642848775095
60,EHCO,249.0,84.0,0.7713804945315921
60,EHCO,251.0,84.0,0.7691043658646601
60,EHCO,253.0,84.0,0.7668166921535617
60,EHCO,255.0,84.0,0.7645195914673922
60,EHCO,257.0,84.0,0.7622150750487372
60,EHCO,259.0,84.0,0.7599051283604119
60,EHCO,261.0,84.0,0.7575917858352634
60,EHCO,263.0,88.0,0.755276734615228
60,EHCO,265.0,88.0,0.7529615699719154
60,EHCO,267.0,88.0,0.750647799335183
60,EHCO,269.0,90.0,0.7483368461566536
60,EHCO,271.0,90.0,0.7460300536147673
60,EHCO,273.0,90.0,0.7437286881676977
60,EHCO,275.0,90.0,0.7414339429602149
60,EHCO,277.0,90.0,0.7391469410903327
60,EHCO,279.0,90.0,0.7368687387413503
60,EHCO,281.0,90.0,0.7346003281846758
60,EHCO,283.0,90.0,0.7323426406586062
60,EHCO,285.0,90.0,0.7300965491280312
60,EHCO,287.0,92.0,0.7278628709298364
60,EHCO,289.0,94.0,0.7256423703085875
60,EHCO,291.0,94.0,0.7234357608468994
60,EHCO,293.0,94.0,0.7212437077947174
60,EHCO,295.0,94.0,0.7190668303015711
60,EHCO,297.0,94.0,0.7169057035557014
60,EHCO,299.0,94.0,0.714760860833805
60,EHCO,301.0,94.0,0.7126327954649939
60,EHCO,303.0,94.0,0.7105219627124236
60,EHCO,305.0,96.0,0.7084287815759067
60,EHCO,307.0,96.0,0.7063536365186998
60,EHCO,309.0,96.0,0.704296879121519
60,EHCO,311.0,96.0,0.7022588296667258
60,EHCO,313.0,96.0,0.7002397786555025
60,EHCO,315.0,96.0,0.698239988260726
60,EHCO,317.0,96.0,0.696259693718143
60,EHCO,319.0,96.0,0.6942991046583438
60,EHCO,321.0,96.0,0.692358406381933
60,EHCO,323.0,96.0,0.6904377610802032
60,EHCO,325.0,96.0,0.6885373090035191
60,EHCO,327.0,96.0,0.6866571695795426
60,EHCO,329.0,96.0,0.6847974424833301
60,EHCO,331.0,96.0,0.6829582086612682
60,EHCO,333.0,96.0,0.6811395313107216
60,EHCO,335.0,96.0,0.679341456817203
60,EHCO,337.0,96.0,0.6775640156507962
60,EHCO,339.0,96.0,0.6758072232234963
60,EHCO,341.0,96.0,0.6740710807090676
60,EHCO,343.0,96.0,0.6723555758269496
60,EHCO,345.0,98.0,0.6706606835916867
60,EHCO,347.0,98.0,0.668986367029295
60,EHCO,349.0,98.0,0.6673325778619237
60,EHCO,351.0,98.0,0.6656992571621139
60,EHCO,353.0,100.0,0.6640863359779072
60,EHCO,355.0,100.0,0.6624937359300045
60,EHCO,357.0,100.0,0.6609213697821276
60,EHCO,359.0,100.0,0.6593691419856915
60,EHCO,361.0,100.0,0.6578369491998507
60,EHCO,363.0,100.0,0.6563246807879367
60,EHCO,365.0,100.0,0.6548322192912686
60,EHCO,367.0,100.0,0.653359440881275
60,EHCO,369.0,100.0,0.6519062157908303
60,EHCO,371.0,100.0,0.6504724087256704
60,EHCO,373.0,100.0,0.6490578792567192
60,EHCO,375.0,100.0,0.6476624821941235
60,EHCO,377.0,100.0,0.6462860679437616
60,EHCO,379.0,100.0,0.6449284828469612
60,EHCO,381.0,100.0,0.6435895695041303
60,EHCO,383.0,100.0,0.6422691670829782
60,EHCO,385.0,100.0,0.6409671116119777
60,EHCO,387.0,100.0,0.6396832362596884
60,EHCO,389.0,100.0,0.638417371600542
60,EHCO,391.0,100.0,0.6371693458676622
60,EHCO,393.0,100.0,0.635938985193269
60,EHCO,395.0,100.0,0.6347261138371976
60,EHCO,397.0,100.0,0.6335305544040375
60,EHCO,399.0,100.0,0.6323521280493777
60,EHCO,401.0,100.0,0.631190654675626
60,EHCO,403.0,100.0,0.6300459531178491
60,EHCO,405.0,100.0,0.6289178413200629
60,EHCO,407.0,100.0,0.6278061365023858
60,EHCO,409.0,100.0,0.6267106553194487
60,EHCO,411.0,100.0,0.6256312140104423
60,EHCO,413.0,100.0,0.624567628541165
60,EHCO,415.0,100.0,0.6235197147384188
60,EHCO,417.0,100.0,0.62248728841709
60,EHCO,419.0,100.0,0.621470165500233
60,EHCO,421.0,100.0,0.6204681621324671
60,EHCO,423.0,100.0,0.6194810947869802
60,EHCO,425.0,100.0,0.6185087803664217
60,EHCO,427.0,100.0,0.6175510362979575
60,EHCO,429.0,100.0,0.6166076806227467
60,EHCO,431.0,100.0,0.6156785320800883
60,EHCO,433.0,100.0,0.614763410186478
60,EHCO,435.0,100.0,0.6138621353098049
60,EHCO,437.0,100.0,0.6129745287389071
60,EHCO,439.0,100.0,0.6121004127486958
60,EHCO,441.0,100.0,0.6112396106610521
60,EHCO,443.0,100.0,0.6103919469016892
60,EHCO,445.0,100.0,0.6095572470531643
60,EHCO,447.0,100.0,0.6087353379042189
60,EHCO,449.0,100.0,0.6079260474956191
60,EHCO,451.0,100.0,0.607129205162656
60,EHCO,453.0,100.0,0.606344641574466
60,EHCO,455.0,100.0,0.6055721887703188
60,EHCO,457.0,100.0,0.6048116801930169
60,EHCO,459.0,100.0,0.6040629507195444
60,EHCO,461.0,100.0,0.6033258366890976
60,EHCO,463.0,100.0,0.6026001759286218
60,EHCO,465.0,100.0,0.6018858077759763
60,EHCO,467.0,100.0,0.6011825731008431
60,EHCO,469.0,100.0,0.6004903143234905
60,EHCO,471.0,100.0,0.5998088754314971
60,A*-GA,1.0,0.0,0.934645206448272
60,A*-GA,3.0,0.0,0.9361144749067493
60,A*-GA,5.0,0.0,0.9374368599507493
60,A*-GA,7.0,0.0,0.9386195932233944
60,A*-GA,9.0,0.0,0.9396695983843024
60,A*-GA,11.0,0.0,0.9405935035931535
60,A*-GA,13.0,0.0,0.9413976534968957
60,A*-GA,15.0,0.0,0.9420881207401687
60,A*-GA,17.0,0.0,0.9426707170177582
60,A*-GA,19.0,0.0,0.9431510036871541
60,A*-GA,21.0,0.0,0.9435343019585717
60,A*-GA,23.0,0.0,0.9438257026791164
60,A*-GA,25.0,0.0,0.9440300757271148
60,A*-GA,27.0,0.0,0.9441520790320023
60,A*-GA,29.0,0.0,0.9441961672345556
60,A*-GA,31.0,0.0,0.944166600001676
60,A*-GA,33.0,0.0,0.9440674500093683
60,A*-GA,35.0,0.0,0.9439026106070249
60,A*-GA,37.0,0.0,0.9436758031756101
60,A*-GA,39.0,0.0,0.9433787522134381
60,A*-GA,41.0,0.0,0.9428911813940861
60,A*-GA,43.0,0.0,0.9422239007577052
60,A*-GA,45.0,0.0,0.9413872411298461
60,A*-GA,47.0,0.0,0.9403910738323141
60,A*-GA,49.0,0.0,0.9392448296057083
60,A*-GA,51.0,4.0,0.9379575167748186
60,A*-GA,53.0,4.0,0.9365377386868289
60,A*-GA,55.0,4.0,0.9349937104510933
60,A*-GA,57.0,6.0,0.9333332750081239
60,A*-GA,59.0,10.0,0.9315639185543348
60,A*-GA,61.0,10.0,0.9296927853480478
60,A*-GA,63.0,12.0,0.9277266919212559
60,A*-GA,65.0,14.000000000000002,0.9256721407206794
60,A*-GA,67.0,14.000000000000002,0.9235353332007213
60,A*-GA,69.0,14.000000000000002,0.9213221823900373
60,A*-GA,71.0,14.000000000000002,0.9190383249525814
60,A*-GA,73.0,14.000000000000002,0.9166891327631672
60,A*-GA,75.0,16.0,0.9142797240167917
60,A*-GA,77.0,16.0,0.9118149738902158
60,A*-GA,79.0,16.0,0.9092995247735599
60,A*-GA,81.0,16.0,0.9068653062538607
60,A*-GA,83.0,16.0,0.9045514642000421
60,A*-GA,85.0,20.0,0.9023530013258229
60,A*-GA,87.0,20.0,0.9002397367636078
60,A*-GA,89.0,20.0,0.8982000606716424
60,A*-GA,91.0,20.0,0.8962312345029372
60,A*-GA,93.0,20.0,0.8943306246917224
60,A*-GA,95.0,20.0,0.8924956985755752
60,A*-GA,97.0,20.0,0.890724020476851
60,A*-GA,99.0,20.0,0.8890132479371803
60,A*-GA,101.0,20.0,0.8873611280990393
60,A*-GA,103.0,24.0,0.8857654942286317
60,A*-GA,105.0,26.0,0.8842242623745515
60,A*-GA,107.0,26.0,0.88273542815691
60,A*-GA,109.0,26.0,0.8812970636818176
60,A*-GA,111.0,26.0,0.8799073145763153
60,A*-GA,113.0,26.0,0.8785643971390382
60,A*-GA,115.0,26.0,0.8772748799858312
60,A*-GA,117.0,26.0,0.875933813428865
60,A*-GA,119.0,26.0,0.8745032887978913
60,A*-GA,121.0,26.0,0.8729891580478514
60,A*-GA,123.0,28.000000000000004,0.871397004844053
60,A*-GA,125.0,30.0,0.8697321557270803
60,A*-GA,127.0,32.0,0.8679996908291276
60,A*-GA,129.0,34.0,0.8662044541595323
60,A*-GA,131.0,34.0,0.8643510634765759
60,A*-GA,133.0,34.0,0.8624439197619563
60,A*-GA,135.0,34.0,0.8604872163136819
60,A*-GA,137.0,34.0,0.8584849474725214
60,A*-GA,139.0,36.0,0.8564409169965469
60,A*-GA,141.0,38.0,0.8543587460977311
60,A*-GA,143.0,38.0,0.8522418811540143
60,A*-GA,145.0,38.0,0.8500936011097241
60,A*-GA,147.0,38.0,0.8479570984959903
60,A*-GA,149.0,38.0,0.845951467147942
60,A*-GA,151.0,38.0,0.8440711365927583
60,A*-GA,153.0,40.0,0.8423029070231589
60,A*-GA,155.0,40.0,0.8406190408661447
60,A*-GA,157.0,40.0,0.8390160590900954
60,A*-GA,159.0,44.0,0.8374906210176752
60,A*-GA,161.0,46.0,0.8360395188775329
60,A*-GA,163.0,46.0,0.8346596725699637
60,A*-GA,165.0,46.0,0.8333481246381417
60,A*-GA,167.0,48.0,0.8321020354368521
60,A*-GA,169.0,50.0,0.8309186784909743
60,A*-GA,171.0,52.0,0.8297954360362699
60,A*-GA,173.0,52.0,0.8287297947353196
60,A*-GA,175.0,52.0,0.8277193415617391
60,A*-GA,177.0,52.0,0.8267617598460661
60,A*-GA,179.0,52.0,0.825854825476976
60,A*-GA,181.0,52.0,0.8249786875346947
60,A*-GA,183.0,54.0,0.8240203428066499
60,A*-GA,185.0,54.0,0.8229849374630138
60,A*-GA,187.0,54.0,0.8218773840358922
60,A*-GA,189.0,54.0,0.8207023711097574
60,A*-GA,191.0,56.00000000000001,0.8194643726230553
60,A*-GA,193.0,60.0,0.8181676567963778
60,A*-GA,195.0,60.0,0.816816294701996
60,A*-GA,197.0,62.0,0.8154141684889595
60,A*-GA,199.0,62.0,0.8139649792774107
60,A*-GA,201.0,62.0,0.8124614655381048
60,A*-GA,203.0,62.0,0.8108758275459701
60,A*-GA,205.0,64.0,0.8092136136668882
60,A*-GA,207.0,64.0,0.8074801161493953
60,A*-GA,209.0,64.0,0.8056803818077355
60,A*-GA,211.0,64.0,0.8038192222753137
60,A*-GA,213.0,66.0,0.8019012238455762
60,A*-GA,215.0,66.0,0.7999307569166738
60,A*-GA,217.0,66.0,0.7979119850556196
60,A*-GA,219.0,66.0,0.795848873697032
60,A*-GA,221.0,66.0,0.7937451984909644
60,A*-GA,223.0,66.0,0.7916045533137424
60,A*-GA,225.0,66.0,0.7894304441336284
60,A*-GA,227.0,66.0,0.7872263757703756
60,A*-GA,229.0,74.0,0.7849954284153084
60,A*-GA,231.0,74.0,0.7827402731112639
60,A*-GA,233.0,74.0,0.7804636175087033
60,A*-GA,235.0,74.0,0.7781681170556749
60,A*-GA,237.0,74.0,0.7758562930779023
60,A*-GA,239.0,74.0,0.7735305385353989
60,A*-GA,241.0,74.0,0.7711931235450705
60,A*-GA,243.0,74.0,0.7688462006786201
60,A*-GA,245.0,76.0,0.7664918128567518
60,A*-GA,247.0,78.0,0.7641318999599568
60,A*-GA,249.0,78.0,0.7617682989255525
60,A*-GA,251.0,82.0,0.7594027478488107
60,A*-GA,253.0,82.0,0.7570368903031343
60,A*-GA,255.0,82.0,0.7546722794834387
60,A*-GA,257.0,82.0,0.7523103821797944
60,A*-GA,259.0,82.0,0.7499525825881076
60,A*-GA,261.0,82.0,0.7476001859643503
60,A*-GA,263.0,82.0,0.7452544221285907
60,A*-GA,265.0,82.0,0.7429164488248317
60,A*-GA,267.0,84.0,0.7405873549424221
60,A*-GA,269.0,84.0,0.7382681636045839
60,A*-GA,271.0,84.0,0.7359598351293731
60,A*-GA,273.0,88.0,0.7336632698681869
60,A*-GA,275.0,88.0,0.7313793109267231
60,A*-GA,277.0,88.0,0.7291087467731082
60,A*-GA,279.0,88.0,0.7268523137377164
60,A*-GA,281.0,88.0,0.7246106984090332
60,A*-GA,283.0,88.0,0.7223845399297352
60,A*-GA,285.0,88.0,0.7201744321969974
60,A*-GA,287.0,88.0,0.7179809259708799
60,A*-GA,289.0,88.0,0.715804530894492
60,A*-GA,291.0,90.0,0.7136457174294853
60,A*-GA,293.0,92.0,0.7115049187102889
60,A*-GA,295.0,92.0,0.7093825323203599
60,A*-GA,297.0,98.0,0.7072789219935975
60,A*-GA,299.0,98.0,0.7051944192439404
60,A*-GA,301.0,98.0,0.7031293249260484
60,A*-GA,303.0,98.0,0.7010839107298561
60,A*-GA,305.0,98.0,0.6990584206116713
60,A*-GA,307.0,98.0,0.6970530721643896
60,A*-GA,309.0,98.0,0.6950680579292893
60,A*-GA,311.0,98.0,0.6931035466517792
60,A*-GA,313.0,98.0,0.6911596844833706
60,A*-GA,315.0,98.0,0.6892366924783142
60,A*-GA,317.0,98.0,0.687334699258257
60,A*-GA,319.0,100.0,0.6854537808558073
60,A*-GA,321.0,100.0,0.6835939954482707
60,A*-GA,323.0,100.0,0.6817553843039312
60,A*-GA,325.0,100.0,0.6799379726871481
60,A*-GA,327.0,100.0,0.6781417707239479
60,A*-GA,329.0,100.0,0.6763667742297323
60,A*-GA,331.0,100.0,0.6746129655006483
60,A*-GA,333.0,100.0,0.6728803140701127
60,A*-GA,335.0,100.0,0.6711687774319206
60,A*-GA,337.0,100.0,0.6694783017313085
60,A*-GA,339.0,100.0,0.6678088224252935
60,A*-GA,341.0,100.0,0.6661602649135502
60,A*-GA,343.0,100.0,0.6645325451410419
60,A*-GA,345.0,100.0,0.6629255701735715
60,A*-GA,347.0,100.0,0.6613392387473703
60,A*-GA,349.0,100.0,0.6597734417938016
60,A*-GA,351.0,100.0,0.6582280629402064
60,A*-GA,353.0,100.0,0.6567029789878864
60,A*-GA,355.0,100.0,0.6551980603681689
60,A*-GA,357.0,100.0,0.6537131715774696
60,A*-GA,359.0,100.0,0.6522481715922273
60,A*-GA,361.0,100.0,0.650802914264551
60,A*-GA,363.0,100.0,0.6493772486993845
60,A*-GA,365.0,100.0,0.6479710196139654
60,A*-GA,367.0,100.0,0.6465840676803173
60,A*-GA,369.0,100.0,0.6452162298514922
60,A*-GA,371.0,100.0,0.6438673396722436
60,A*-GA,373.0,100.0,0.6425372275747896
60,A*-GA,375.0,100.0,0.6412257211602936
60,A*-GA,377.0,100.0,0.6399326454666694
60,A*-GA,379.0,100.0,0.6386578232232887
60,A*-GA,381.0,100.0,0.6374010750931492
60,A*-GA,383.0,100.0,0.6361622199030366
60,A*-GA,385.0,100.0,0.6349410748621921
60,A*-GA,387.0,100.0,0.6337374557699801
60,A*-GA,389.0,100.0,0.632551177213023
60,A*-GA,391.0,100.0,0.6313820527522601
60,A*-GA,393.0,100.0,0.6302298951003618
60,A*-GA,395.0,100.0,0.6290945162899169
60,A*-GA,397.0,100.0,0.6279757278327923
60,A*-GA,399.0,100.0,0.6268733408710478
60,A*-GA,401.0,100.0,0.6257871663197734
60,A*-GA,403.0,100.0,0.6247170150022026
60,A*-GA,405.0,100.0,0.6236626977774392
60,A*-GA,407.0,100.0,0.6226240256611213
60,A*-GA,409.0,100.0,0.6216008099393343
60,A*-GA,411.0,100.0,0.6205928622760712
60,A*-GA,413.0,100.0,0.6195999948145251
60,A*-GA,415.0,100.0,0.6186220202724887
60,A*-GA,417.0,100.0,0.6176587520321246
60,A*-GA,419.0,100.0,0.6167100042243567
60,A*-GA,421.0,100.0,0.6157755918081262
60,A*-GA,423.0,100.0,0.6148553306447413
60,A*-GA,425.0,100.0,0.6139490375675466
60,A*-GA,427.0,100.0,0.6130565304471206
60,A*-GA,429.0,100.0,0.6121776282522096
60,A*-GA,431.0,100.0,0.6113121511065894
60,A*-GA,433.0,100.0,0.6104599203420469
60,A*-GA,435.0,100.0,0.6096207585476555
60,A*-GA,437.0,100.0,0.6087944896155227
60,A*-GA,439.0,100.0,0.6079809387831702
60,A*-GA,441.0,100.0,0.6071799326727052
60,A*-GA,443.0,100.0,0.6063912993269375
60,A*-GA,445.0,100.0,0.605614868242583
60,A*-GA,447.0,100.0,0.6048504704006956
60,A*-GA,449.0,100.0,0.6040979382944588
60,A*-GA,451.0,100.0,0.6033571059544659
60,A*-GA,453.0,100.0,0.6026278089716102
60,A*-GA,455.0,100.0,0.6019098845177014
60,A*-GA,457.0,100.0,0.6012031713639214
60,A*-GA,459.0,100.0,0.6005075098972251
60,A*-GA,461.0,100.0,0.5998227421347907
