config,arm,seed,f1,f2_full,share_low,gini_delta_h,delta_h_low_mean,delta_h_max,h_end_min_lowgrp
W1,full,1,335.00000000000006,3141.0771933578453,0.48,0.4569156808940038,-0.30170165362032236,0.141020626644065,0.7452476019220486
W1,hard,1,565.3333333333334,5773.666716477826,0.0,0.6426461120290317,0.0,0.18849426985825357,0.35233843751553295
W1,nohealth,1,300.33333333333337,3141.951903000504,0.5,0.4657272976061515,-0.30448729531096136,0.151712306246776,0.7501798980726988
W1,full,2,315.6666666666667,2898.8184113033094,0.5,0.33172269076478944,-0.36640751440316827,0.184929168428269,0.7513166130942707
W1,hard,2,554.6666666666666,5426.585369179175,0.0,0.632015175021583,0.0,0.22851583777842388,0.31682425077358367
W1,nohealth,2,277.66666666666663,2826.372491766084,0.52,0.3456659255581571,-0.35229835847385593,0.15400384210189855,0.7493617835816818
W1,full,3,573.3333333333333,4556.09484220232,0.18,0.3931161940121577,-0.15473362222689585,0.22728118287450683,0.3213078229153842
W1,hard,3,543.3333333333334,5104.9348069349935,0.0,0.6003116728199056,0.0,0.2514654302555809,0.3213078229153842
W1,nohealth,3,310.0,2647.9230144321837,0.44,0.30667143027908295,-0.35483656304094274,0.2280559989731662,0.7541113467126156
W1,full,4,586.3333333333334,4876.274151120469,0.24,0.370760696454008,-0.26033696403189677,0.2558351583109242,0.36807036336773774
W1,hard,4,598.0,5809.10088519726,0.0,0.5857987933527835,0.0,0.2604288339103431,0.32987043548338324
W1,nohealth,4,372.00000000000006,2877.599632954222,0.46,0.30668177574722333,-0.3505763289334439,0.2211927599952127,0.7584948416368981
W1,full,5,561.0,4391.471267939585,0.22,0.5031485324639964,-0.06984450204545087,0.25436580823045796,0.3278889415819196
W1,hard,5,643.6666666666667,5855.63321703626,0.0,0.6578622747869516,0.0,0.28928024890016546,0.3278889415819196
W1,nohealth,5,410.0,3291.2260769031805,0.48,0.35114640166147204,-0.28861776795653976,0.19914235235764888,0.7138863539098453
W1,full,6,332.3333333333333,3142.0106940239825,0.48,0.49591160664319167,-0.3322404365149761,0.07002707412507647,0.7542764289995524
W1,hard,6,643.3333333333334,5714.617376655182,0.0,0.6793801349136352,0.0,0.14366790747874236,0.32863531176746946
W1,nohealth,6,387.33333333333337,2936.6610403023833,0.48,0.47665776263236803,-0.3307538888511661,0.08766893227649686,0.737699703478487
W1,full,7,622.6666666666667,5062.439979657518,0.14,0.29549328409542386,-0.22728964023377712,0.2926028011835272,0.3601785217252042
W1,hard,7,542.6666666666666,5348.768993104783,0.0,0.524102020805546,0.0,0.2973997694427686,0.30940883840000394
W1,nohealth,7,310.6666666666667,2673.7754414858305,0.52,0.17037164345884648,-0.366307039089997,0.2431757026371305,0.7295991266801546
W1,full,8,608.6666666666667,4949.092675802463,0.26,0.4813371352291551,-0.14668510148090377,0.20666492571325445,0.32032786237925137
W1,hard,8,585.3333333333334,5798.28813288665,0.0,0.690952833980625,0.0,0.22790339958080696,0.32032786237925137
W1,nohealth,8,330.0,2989.5887705792975,0.54,0.4727610729096321,-0.28712857163410177,0.16858045641274422,0.7406196701887712
W1,full,9,576.0,4992.414074023696,0.18,0.49395648511527135,-0.15633607804202168,0.19597818198247652,0.37073366093323484
W1,hard,9,563.3333333333334,5720.01596836234,0.0,0.6682358329421492,0.0,0.19611238219002447,0.37073366093323484
W1,nohealth,9,311.33333333333337,2763.074906747333,0.48,0.3679185288837563,-0.287791408586435,0.14231746790342514,0.7404239126935387
W1,full,10,542.3333333333334,4315.335686362512,0.22,0.31213587597712666,-0.22673217825542577,0.23724305483378372,0.3390643909447751
W1,hard,10,517.0,5022.493027132397,0.0,0.5883241794164094,0.0,0.25711000587237764,0.3390643909447751
W1,nohealth,10,340.3333333333333,2699.164375546165,0.52,0.3184005079892529,-0.302065524060972,0.15233421291318583,0.7373187714461974
W1,full,11,683.3333333333334,4861.6394540470155,0.2,0.3187244383907897,-0.27945528331612834,0.24976286112656843,0.718383135437231
W1,hard,11,544.6666666666666,5769.778970458247,0.0,0.7163765674664015,0.0,0.28301735120572014,0.45073443288627635
W1,nohealth,11,349.3333333333333,2878.5237375220513,0.56,0.30587930139886454,-0.24405272415363624,0.19885016368668396,0.7287346697168445
W1,full,12,807.3333333333333,5510.183485057022,0.14,0.48349131436694814,-0.20736846339399082,0.23842862777288476,0.3130542734150614
W1,hard,12,595.0,5764.38893999887,0.0,0.6842159836919193,0.0,0.24486293145194304,0.3130542734150614
W1,nohealth,12,303.0,2987.8840195365283,0.52,0.35858238787620755,-0.325857779314905,0.1993484841193912,0.7435503385786425
W1,full,13,587.0,4655.319203296408,0.22,0.43225078258600713,-0.07496881326686163,0.27777285794697026,0.40337630160904503
W1,hard,13,582.0,5138.460835418654,0.0,0.5890971887039673,0.0,0.2891260086158599,0.40337630160904503
W1,nohealth,13,298.0,2582.6812736857887,0.44,0.21116897015142655,-0.2690579259983742,0.251091874437784,0.7514109877286134
W1,full,14,656.6666666666666,5303.769628947343,0.14,0.4873095779735541,-0.2061236078334983,0.16633180524639113,0.3184417814980253
W1,hard,14,527.3333333333333,5140.854532092843,0.0,0.5757896501739308,0.0,0.1770775735853405,0.30680354550185696
W1,nohealth,14,291.66666666666663,2711.4755791051857,0.52,0.42237442207871734,-0.3820055728857242,0.11909522650285809,0.7395571535276861
W1,full,15,314.66666666666663,2953.9784117249037,0.48,0.3276235048251972,-0.35780005999107994,0.19768523334879495,0.766173727540101
W1,hard,15,563.3333333333331,5329.3990965564435,0.0,0.6906888622890772,0.0,0.24441499669490052,0.35453568606737923
W1,nohealth,15,339.6666666666667,2840.1382469104387,0.56,0.33741077594827606,-0.33720172042807056,0.17643522635346331,0.7286193990084314
W1,full,16,635.0,4543.80145234949,0.28,0.4597539575386551,-0.1705574911089157,0.18294715846147336,0.306164891857608
W1,hard,16,570.0,5691.470888150672,0.0,0.6407092759461623,0.0,0.20268152158660568,0.306164891857608
W1,nohealth,16,390.0,3002.9996019389837,0.54,0.34362940633337735,-0.3321432289003917,0.17646359031089043,0.7297161314371886
W1,full,17,522.0,4036.523035185789,0.24,0.4953603601233507,-0.19103977994283397,0.2371812323838448,0.4148661270249999
W1,hard,17,505.6666666666667,4899.120152274959,0.0,0.673277785027742,0.0,0.25872710587737713,0.4148661270249999
W1,nohealth,17,344.0,2844.1891195630897,0.52,0.3023543461171163,-0.2945720661847372,0.2376871980571843,0.7262567207032761
W1,full,18,637.6666666666666,4511.669689138898,0.24,0.2953938267405294,-0.16608655786118437,0.20814397506591908,0.4558863766453769
W1,hard,18,579.6666666666666,5546.959626740386,0.0,0.596710110681347,0.0,0.2439067781488653,0.42521318803445496
W1,nohealth,18,355.00000000000006,2617.0394965156934,0.58,0.24075109236380654,-0.2385759434057612,0.1695819516895387,0.7453452989471389
W1,full,19,680.6666666666666,5060.778300450047,0.18,0.42518797248118867,-0.21493033161905584,0.24669754614806316,0.3029397554043654
W1,hard,19,569.6666666666666,5486.72395377129,0.0,0.6286572930971905,0.0,0.26454541481074745,0.3029397554043654
W1,nohealth,19,286.0,2843.377278201669,0.42,0.3033226511805258,-0.36703950519283624,0.18118454729737987,0.7668495093831128
W1,full,20,311.6666666666667,2769.3831415142286,0.5,0.3700783948730493,-0.27185185135832934,0.13489743448376568,0.7632382399979406
W1,hard,20,540.6666666666666,5354.441695069648,0.0,0.627494485671668,0.0,0.18494769413101664,0.42345039645223287
W1,nohealth,20,340.3333333333333,2785.7210548594903,0.56,0.3656458163240506,-0.2633243989397807,0.10768020689437452,0.7351197158600167
W1,full,21,672.6666666666667,4577.553974765988,0.2,0.41117268743086544,-0.12415154009623872,0.24706271432490046,0.36783207786804173
W1,hard,21,533.3333333333333,5402.1453397196465,0.0,0.6623606513966149,0.0,0.2417769682430756,0.36783207786804173
W1,nohealth,21,360.00000000000006,2801.759385338518,0.54,0.3305238671378252,-0.2593829918658409,0.14778189045305634,0.7325158588353333
W1,full,22,614.6666666666667,4782.36753021949,0.3,0.4247412116116387,-0.15042480817244558,0.268036771222426,0.3137393541194783
W1,hard,22,541.6666666666666,5227.470827760979,0.0,0.6561959693921946,0.0,0.2797395488261585,0.3137393541194783
W1,nohealth,22,357.3333333333333,2737.4151369490955,0.44,0.35484116906967467,-0.3150730474151627,0.23773934102460492,0.7363462157776988
W1,full,23,376.0,2946.4948173553835,0.5,0.36629372938704274,-0.3015135923569775,0.202341683360569,0.7378972199282421
W1,hard,23,633.6666666666667,5498.603359134793,0.0,0.6383388352986958,0.0,0.2317140919515438,0.3158085206812917
W1,nohealth,23,402.3333333333333,3178.012183081636,0.54,0.39179251657101144,-0.2931095872515551,0.18069097726281969,0.7214910756607681
W1,full,24,596.9999999999999,4741.581785545168,0.16,0.4141928615713262,-0.17807586239280512,0.24965586307215204,0.30667490420366283
W1,hard,24,525.3333333333333,4941.184970842932,0.0,0.6206556261642149,0.0,0.2438206089759407,0.30667490420366283
W1,nohealth,24,269.66666666666663,2520.6960554706925,0.52,0.3601586118874902,-0.3014650164779666,0.1779680311226579,0.7576793154600955
W1,full,25,698.3333333333334,4872.581010851764,0.18,0.45771225685750294,-0.25024932421673196,0.12065836659806428,0.3938311204652987
W1,hard,25,536.0,5461.441863185357,0.0,0.6194054957955635,0.0,0.13330885521183744,0.33441176769914865
W1,nohealth,25,289.33333333333337,2848.216300425218,0.5,0.45182058552316207,-0.3449419949976904,0.07836262598941823,0.7447586096942117
W1,full,26,533.6666666666667,3967.39697277803,0.26,0.33358504681904,-0.23027002474468555,0.22922489595856343,0.3074937805257015
W1,hard,26,563.6666666666666,5119.695250134477,0.0,0.6585402905681887,0.0,0.26961675586440836,0.3074937805257015
W1,nohealth,26,346.0,2574.4308846669487,0.52,0.33328882958323924,-0.31584146724479234,0.18619900380127918,0.7347376361412151
W1,full,27,326.0,3140.043890454752,0.48,0.32142849125967987,-0.31718979433746314,0.18346873753307202,0.7440207890143686
W1,hard,27,543.0,5570.589830010734,0.0,0.6775300154032686,0.0,0.2146278471927946,0.4267015788733378
W1,nohealth,27,346.6666666666667,2978.4364600399094,0.46,0.3246842000294985,-0.30918926540719516,0.14159128588928105,0.7408700769209817
W1,full,28,680.6666666666667,5457.7716241664575,0.12,0.427721391179007,-0.18788984876843634,0.24596699816348688,0.34964960671307627
W1,hard,28,587.6666666666666,5487.594254792041,0.0,0.6558325014978925,0.0,0.263337922755179,0.34964960671307627
W1,nohealth,28,296.3333333333333,2873.562708266794,0.46,0.3269017177675586,-0.315246103140074,0.21291600598235705,0.751217792106275
W1,full,29,670.0000000000001,5190.951618241302,0.2,0.5104809002188528,-0.15318247466374185,0.27709730383376996,0.3368144063294138
W1,hard,29,537.0000000000001,5311.545925050249,0.0,0.6603096484064144,0.0,0.2785319809557256,0.3368144063294138
W1,nohealth,29,346.0,2815.175182342612,0.52,0.34944570913854256,-0.3119505453320546,0.23932459282159846,0.7388720916974195
W1,full,30,600.6666666666667,4533.8432101281915,0.18,0.4660734699173421,-0.1454583139209161,0.27022800520175816,0.34748439816501486
W1,hard,30,520.3333333333333,5170.633542639314,0.0,0.7028762673649347,0.0,0.2720013199069987,0.34748439816501486
W1,nohealth,30,370.0,2568.1025633355844,0.56,0.37092646690078857,-0.29626170879899916,0.2186693987709265,0.7268733954336918
W2,full,1,335.00000000000006,3141.0771933578453,0.48,0.4585274257316707,-0.30351826336053395,0.13954477947873256,0.7474778077928581
W2,hard,1,565.3333333333334,5773.666716477826,0.0,0.6488324769702898,0.0,0.18499579409645206,0.35233843751553295
W2,nohealth,1,300.33333333333337,3141.951903000504,0.5,0.4683680075917658,-0.3061820654943281,0.14967235239940302,0.7522097538353489
W2,full,2,315.6666666666667,2898.8184113033094,0.5,0.33328006408958966,-0.36714510519056237,0.18335771141814305,0.7532739929097036
W2,hard,2,554.6666666666666,5426.585369179175,0.0,0.6363720738650751,0.0,0.22509721836934138,0.31682425077358367
W2,nohealth,2,277.66666666666663,2826.372491766084,0.52,0.34671245948254836,-0.35371146036243706,0.15374148459938475,0.7514393538930729
W2,full,3,573.3333333333333,4556.09484220232,0.18,0.3969661256033812,-0.1542745181778217,0.22462247835918647,0.3213078229153842
W2,hard,3,543.3333333333334,5104.9348069349935,0.0,0.6024178420828656,0.0,0.2476884245761063,0.3213078229153842
W2,nohealth,3,310.0,2647.9230144321837,0.44,0.31005723693472564,-0.35554939401570645,0.22510093442455092,0.7559656330260877
W2,full,4,586.3333333333334,4876.274151120469,0.24,0.37117504557098013,-0.25849058993541724,0.2527137428493802,0.36807036336773774
W2,hard,4,598.0,5809.10088519726,0.0,0.5875668046600846,0.0,0.25724666533630214,0.32987043548338324
W2,nohealth,4,372.00000000000006,2877.599632954222,0.46,0.30895111311359336,-0.35108284609146245,0.2186776930332508,0.7601595739391703
W2,full,5,561.0,4391.471267939585,0.22,0.504874672928193,-0.07053159353684087,0.2513658630625146,0.3278889415819196
W2,hard,5,643.6666666666667,5855.63321703626,0.0,0.6612742764428361,0.0,0.28470874549018,0.3278889415819196
W2,nohealth,5,410.0,3291.2260769031805,0.48,0.35287209975558564,-0.28972819334570826,0.19669884989602626,0.7175393665934146
W2,full,6,332.3333333333333,3142.0106940239825,0.48,0.4972184951144112,-0.33336567720997046,0.0691911059577105,0.7560799639549672
W2,hard,6,643.3333333333334,5714.617376655182,0.0,0.6886205006590587,0.0,0.13957687167053368,0.32863531176746946
W2,nohealth,6,387.33333333333337,2936.6610403023833,0.48,0.4756613254108144,-0.33177883924275,0.08436199487690721,0.7402447204247307
W2,full,7,622.6666666666667,5062.439979657518,0.14,0.29644598979320236,-0.22582172936691808,0.2888074838058312,0.3601785217252042
W2,hard,7,542.6666666666666,5348.768993104783,0.0,0.5242880876550766,0.0,0.2933192763507739,0.30940883840000394
W2,nohealth,7,310.6666666666667,2673.7754414858305,0.52,0.1726834738052283,-0.36776599314069364,0.24137771048560053,0.7325957086558513
W2,full,8,608.6666666666667,4949.092675802463,0.26,0.4827069388981624,-0.1456948537894434,0.20387115984695647,0.32032786237925137
W2,hard,8,585.3333333333334,5798.28813288665,0.0,0.6904588018679814,0.0,0.22417888481804682,0.32032786237925137
W2,nohealth,8,330.0,2989.5887705792975,0.54,0.4697847360532932,-0.28914160198319844,0.16723232742686056,0.7430844316129702
W2,full,9,576.0,4992.414074023696,0.18,0.49993606637608234,-0.15557917378934874,0.19305486834025865,0.37073366093323484
W2,hard,9,563.3333333333334,5720.01596836234,0.0,0.6748937109929112,0.0,0.19327317720564074,0.37073366093323484
W2,nohealth,9,311.33333333333337,2763.074906747333,0.48,0.3715395735246634,-0.28890872007599827,0.14172994664290606,0.7428983552104567
W2,full,10,542.3333333333334,4315.335686362512,0.22,0.31287200659523084,-0.22484106904131748,0.2350305317469621,0.3390643909447751
W2,hard,10,517.0,5022.493027132397,0.0,0.5903876163981412,0.0,0.25388605537449416,0.3390643909447751
W2,nohealth,10,340.3333333333333,2699.164375546165,0.52,0.31955507473399525,-0.3031921044085195,0.1536303059216363,0.7399295856215145
W2,full,11,683.3333333333334,4861.6394540470155,0.2,0.31640298732296435,-0.27601387530310334,0.24655561309800644,0.7151129562548107
W2,hard,11,544.6666666666666,5769.778970458247,0.0,0.715643458815616,0.0,0.27831402719198806,0.45073443288627635
W2,nohealth,11,349.3333333333333,2878.5237375220513,0.56,0.305141009858064,-0.24610844996113293,0.19770243385823394,0.7317913835766771
W2,full,12,807.3333333333333,5510.183485057022,0.14,0.48438967713213876,-0.20569894761891697,0.23566904972417635,0.3130542734150614
W2,hard,12,595.0,5764.38893999887,0.0,0.6904433099230747,0.0,0.2418184941794307,0.3130542734150614
W2,nohealth,12,303.0,2987.8840195365283,0.52,0.361459617081467,-0.327581099639168,0.19810595607788928,0.7458881675440135
W2,full,13,587.0,4655.319203296408,0.22,0.43189991550884144,-0.07541620882860649,0.2744282379216769,0.40337630160904503
W2,hard,13,582.0,5138.460835418654,0.0,0.5903155946383589,0.0,0.28549986240376,0.40337630160904503
W2,nohealth,13,298.0,2582.6812736857887,0.44,0.21145966334931954,-0.27019463798805243,0.2487487453884395,0.7533359785801346
W2,full,14,656.6666666666666,5303.769628947343,0.14,0.49162911093156825,-0.20481885931269517,0.1637583645913211,0.3184417814980253
W2,hard,14,527.3333333333333,5140.854532092843,0.0,0.5785685440650608,0.0,0.17389867309025586,0.30680354550185696
W2,nohealth,14,291.66666666666663,2711.4755791051857,0.52,0.4244839137415397,-0.3836689485836272,0.11835725959049825,0.7420805825273366
W2,full,15,314.66666666666663,2953.9784117249037,0.48,0.3299383448047277,-0.35869305126414136,0.1950069026948189,0.7674263675269193
W2,hard,15,563.3333333333331,5329.3990965564435,0.0,0.6959838165926102,0.0,0.24118201695570052,0.35453568606737923
W2,nohealth,15,339.6666666666667,2840.1382469104387,0.56,0.33864807681171816,-0.3390802628876819,0.17464619172506068,0.7316381554322727
W2,full,16,635.0,4543.80145234949,0.28,0.45898765113754303,-0.17043820949287308,0.1793410282846407,0.306164891857608
W2,hard,16,570.0,5691.470888150672,0.0,0.6439333864633616,0.0,0.1991083192773122,0.306164891857608
W2,nohealth,16,390.0,3002.9996019389837,0.54,0.34576302164819417,-0.33354077879299826,0.17385613387928145,0.7326261485096934
W2,full,17,522.0,4036.523035185789,0.24,0.49974329898622405,-0.19021930790263983,0.23483886119716135,0.4148661270249999
W2,hard,17,505.6666666666667,4899.120152274959,0.0,0.678648767402332,0.0,0.2554152712680161,0.4148661270249999
W2,nohealth,17,344.0,2844.1891195630897,0.52,0.3046243310419319,-0.2957751595313794,0.23509437850937176,0.729397066717137
W2,full,18,637.6666666666666,4511.669689138898,0.24,0.2976443949041321,-0.16505822719820956,0.20561569031430504,0.4558863766453769
W2,hard,18,579.6666666666666,5546.959626740386,0.0,0.5979964058935794,0.0,0.23943818298417407,0.42521318803445496
W2,nohealth,18,355.00000000000006,2617.0394965156934,0.58,0.2447518632078991,-0.24041225656366186,0.16836567271447378,0.7476057053112567
W2,full,19,680.6666666666666,5060.778300450047,0.18,0.42575977563271183,-0.21361936200030493,0.2436449155223358,0.3029397554043654
W2,hard,19,569.6666666666666,5486.72395377129,0.0,0.6310841911174949,0.0,0.260643157320678,0.3029397554043654
W2,nohealth,19,286.0,2843.377278201669,0.42,0.30456918512331277,-0.3675018512766373,0.17883244142711296,0.7680818522472606
W2,full,20,311.6666666666667,2769.3831415142286,0.5,0.37283587937420903,-0.2728555290274778,0.13323633183717387,0.7646507095163879
W2,hard,20,540.6666666666666,5354.441695069648,0.0,0.6319575068655539,0.0,0.18126670205124484,0.42345039645223287
W2,nohealth,20,340.3333333333333,2785.7210548594903,0.56,0.36876188011577704,-0.2647255863282588,0.1071812746590578,0.7378431100461496
W2,full,21,672.6666666666667,4577.553974765988,0.2,0.4085199110906734,-0.12386829387851214,0.2432612556972008,0.36783207786804173
W2,hard,21,533.3333333333333,5402.1453397196465,0.0,0.6669331269061451,0.0,0.23804993424056797,0.36783207786804173
W2,nohealth,21,360.00000000000006,2801.759385338518,0.54,0.331475576270704,-0.26114870635086074,0.1478134402793566,0.7353423664065152
W2,full,22,614.6666666666667,4782.36753021949,0.3,0.42435076014867756,-0.14992382192410367,0.26534081418405286,0.3137393541194783
W2,hard,22,541.6666666666666,5227.470827760979,0.0,0.6596316270069544,0.0,0.2765360666460954,0.3137393541194783
W2,nohealth,22,357.3333333333333,2737.4151369490955,0.44,0.3571421469156426,-0.3159406616696808,0.2357176641248323,0.7390134036261983
W2,full,23,376.0,2946.4948173553835,0.5,0.37051407122895585,-0.3029472063454555,0.19990238881569444,0.7405132137891999
W2,hard,23,633.6666666666667,5498.603359134793,0.0,0.6422621798697499,0.0,0.22810302833162222,0.3158085206812917
W2,nohealth,23,402.3333333333333,3178.012183081636,0.54,0.3949743648262569,-0.29478801296692114,0.1784519716180778,0.7247847395030806
W2,full,24,596.9999999999999,4741.581785545168,0.16,0.4177977667122279,-0.17655920298120223,0.24583881214287406,0.30667490420366283
W2,hard,24,525.3333333333333,4941.184970842932,0.0,0.6237483368922907,0.0,0.24026395988839655,0.30667490420366283
W2,nohealth,24,269.66666666666663,2520.6960554706925,0.52,0.3627164647937846,-0.30296159835005265,0.17719624714260607,0.7592964693092821
W2,full,25,698.3333333333334,4872.581010851764,0.18,0.4624291707092236,-0.24818541467436828,0.11741186518113467,0.3938311204652987
W2,hard,25,536.0,5461.441863185357,0.0,0.6217784226678931,0.0,0.12950558998191863,0.33441176769914865
W2,nohealth,25,289.33333333333337,2848.216300425218,0.5,0.45412948141290177,-0.34660150542238877,0.07685354539422717,0.7470070200517361
W2,full,26,533.6666666666667,3967.39697277803,0.26,0.3316611233369966,-0.2286436202952662,0.22738941465369256,0.3074937805257015
W2,hard,26,563.6666666666666,5119.695250134477,0.0,0.6563958493092552,0.0,0.264463535020077,0.3074937805257015
W2,nohealth,26,346.0,2574.4308846669487,0.52,0.33247232573505303,-0.3171969722837996,0.1851984106463388,0.7375295321412421
W2,full,27,326.0,3140.043890454752,0.48,0.3223809157913753,-0.3181946634790497,0.18088604962323007,0.746321820411939
W2,hard,27,543.0,5570.589830010734,0.0,0.6782097430761551,0.0,0.21042335157196634,0.4267015788733378
W2,nohealth,27,346.6666666666667,2978.4364600399094,0.46,0.32602897078600157,-0.31052229676597054,0.14072281880148518,0.7433412687182188
W2,full,28,680.6666666666667,5457.7716241664575,0.12,0.42888222656225117,-0.18632572162145442,0.24279819734064767,0.34964960671307627
W2,hard,28,587.6666666666666,5487.594254792041,0.0,0.6596010525993472,0.0,0.2594057864329673,0.34964960671307627
W2,nohealth,28,296.3333333333333,2873.562708266794,0.46,0.32923652452831,-0.3168955671959474,0.21103687330904908,0.7531821706075156
W2,full,29,670.0000000000001,5190.951618241302,0.2,0.5133134053984392,-0.151990885041462,0.2741226618578021,0.3368144063294138
W2,hard,29,537.0000000000001,5311.545925050249,0.0,0.6649432045276455,0.0,0.27524034328609415,0.3368144063294138
W2,nohealth,29,346.0,2815.175182342612,0.52,0.3513723483687441,-0.31323762429065416,0.23760241322983966,0.7414043644240313
W2,full,30,600.6666666666667,4533.8432101281915,0.18,0.46548656707470215,-0.14440413394119617,0.2670731946157774,0.34748439816501486
W2,hard,30,520.3333333333333,5170.633542639314,0.0,0.7077937270587995,0.0,0.26886765503788024,0.34748439816501486
W2,nohealth,30,370.0,2568.1025633355844,0.56,0.371235581133289,-0.29747660771179457,0.21755500118836701,0.7299456850122132
W3,full,1,335.00000000000006,3141.0771933578453,0.48,0.2567339604151051,-0.20815666102551972,0.2318349338646707,0.6475508438478339
W3,hard,1,565.3333333333334,5773.666716477826,0.0,0.5641247746598124,0.0,0.2993306636119487,0.35233843751553295
W3,nohealth,1,300.33333333333337,3141.951903000504,0.5,0.24605652123317423,-0.21225204940507786,0.24713394566768576,0.6548479832651725
W3,full,2,315.6666666666667,2898.8184113033094,0.5,0.1935530723353034,-0.28334874148651684,0.2764483949607093,0.6572993208229692
W3,hard,2,554.6666666666666,5426.585369179175,0.0,0.5688081212708609,0.0,0.33840636005234104,0.31682425077358367
W3,nohealth,2,277.66666666666663,2826.372491766084,0.52,0.22271278381394932,-0.26305040280362046,0.23233899758598153,0.6538024906961031
W3,full,3,573.3333333333333,4556.09484220232,0.18,0.3445687599462419,-0.12409352921034622,0.33125732492677795,0.3213078229153842
W3,hard,3,543.3333333333334,5104.9348069349935,0.0,0.561219124348842,0.0,0.3649658184745921,0.3213078229153842
W3,nohealth,3,310.0,2647.9230144321837,0.44,0.18021908724263525,-0.27261520261549366,0.3319384838834124,0.6606346708109373
W3,full,4,586.3333333333334,4876.274151120469,0.24,0.304488185834497,-0.22651125782731524,0.3625851871011796,0.36807036336773774
W3,hard,4,598.0,5809.10088519726,0.0,0.5529019212062567,0.0,0.36890580556592945,0.32987043548338324
W3,nohealth,4,372.00000000000006,2877.599632954222,0.46,0.20356850471371524,-0.2702179370671188,0.3213755901805796,0.6670650287419955
W3,full,5,561.0,4391.471267939585,0.22,0.5143884751648538,-0.032808051440113825,0.360624111585119,0.3278889415819196
W3,hard,5,643.6666666666667,5855.63321703626,0.0,0.5952451878273777,0.0,0.41036207027418403,0.3278889415819196
W3,nohealth,5,410.0,3291.2260769031805,0.48,0.28268222238887386,-0.20664530832958422,0.29831085889293196,0.6027065330440112
W3,full,6,332.3333333333333,3142.0106940239825,0.48,0.27865832837297777,-0.2449637940366715,0.16162577417370005,0.6604649783838428
W3,hard,6,643.3333333333334,5714.617376655182,0.0,0.5698133516984432,0.0,0.2592269840522258,0.32863531176746946
W3,nohealth,6,387.33333333333337,2936.6610403023833,0.48,0.3135506767573937,-0.24574493506019007,0.1955902336787848,0.6367684211368648
W3,full,7,622.6666666666667,5062.439979657518,0.14,0.2539208319917021,-0.20166876811548445,0.406723489532117,0.3601785217252042
W3,hard,7,542.6666666666666,5348.768993104783,0.0,0.5179777392385092,0.0,0.41366361847377875,0.30940883840000394
W3,nohealth,7,310.6666666666667,2673.7754414858305,0.52,0.09990489537682556,-0.27636831457824473,0.33665355405246755,0.6253530010405809
W3,full,8,608.6666666666667,4949.092675802463,0.26,0.4145031946338362,-0.11634096726002599,0.31100120099122375,0.32032786237925137
W3,hard,8,585.3333333333334,5798.28813288665,0.0,0.6099920079319465,0.0,0.3412186332081898,0.32032786237925137
W3,nohealth,8,330.0,2989.5887705792975,0.54,0.31982859515389306,-0.1921159944105063,0.2569606258474667,0.6409639876940189
W3,full,9,576.0,4992.414074023696,0.18,0.3408419269179819,-0.12270134385255091,0.30049268879915014,0.37073366093323484
W3,hard,9,563.3333333333334,5720.01596836234,0.0,0.5781755932939314,0.0,0.30055381930322145,0.37073366093323484
W3,nohealth,9,311.33333333333337,2763.074906747333,0.48,0.1869685822607665,-0.20128960683598857,0.22397886601072836,0.6408742509216349
W3,full,10,542.3333333333334,4315.335686362512,0.22,0.2560698121685958,-0.194939018283959,0.3360088826099341,0.3390643909447751
W3,hard,10,517.0,5022.493027132397,0.0,0.5529444045252387,0.0,0.3644895278704531,0.3390643909447751
W3,nohealth,10,340.3333333333333,2699.164375546165,0.52,0.19857557470825604,-0.21592689114504765,0.22624747177428517,0.6362191054100628
W3,full,11,683.3333333333334,4861.6394540470155,0.2,0.18809713854856058,-0.25666801349282986,0.3575735616693895,0.7138906845821084
W3,hard,11,544.6666666666666,5769.778970458247,0.0,0.6280761744366039,0.0,0.40494608911332974,0.45073443288627635
W3,nohealth,11,349.3333333333333,2878.5237375220513,0.56,0.29489867486819876,-0.1488602542419197,0.28528778512125286,0.6241878291942561
W3,full,12,807.3333333333333,5510.183485057022,0.14,0.39066119838722124,-0.18150277730018133,0.3423596302158287,0.3130542734150614
W3,hard,12,595.0,5764.38893999887,0.0,0.5946506398832674,0.0,0.3515187343542737,0.3130542734150614
W3,nohealth,12,303.0,2987.8840195365283,0.52,0.28233940983989125,-0.23362678161211387,0.28697188652537653,0.6458557794917071
W3,full,13,587.0,4655.319203296408,0.22,0.48475835466722583,-0.03992862778305686,0.38696740927003315,0.40337630160904503
W3,hard,13,582.0,5138.460835418654,0.0,0.5608820581853251,0.0,0.4015291353485466,0.40337630160904503
W3,nohealth,13,298.0,2582.6812736857887,0.44,0.24292809841990137,-0.1829913955462651,0.34925151004121135,0.6579940436310764
W3,full,14,656.6666666666666,5303.769628947343,0.14,0.3297688807496446,-0.18392343198968328,0.26896774958988445,0.3184417814980253
W3,hard,14,527.3333333333333,5140.854532092843,0.0,0.5374380534927576,0.0,0.28446103276483625,0.30680354550185696
W3,nohealth,14,291.66666666666663,2711.4755791051857,0.52,0.22801578521359955,-0.29035888538078025,0.20177300961291444,0.6398548659935211
W3,full,15,314.66666666666663,2953.9784117249037,0.48,0.19960895533528644,-0.273197869857883,0.29904521713901433,0.677867169633364
W3,hard,15,563.3333333333331,5329.3990965564435,0.0,0.6047199817324103,0.0,0.3531923236994574,0.35453568606737923
W3,nohealth,15,339.6666666666667,2840.1382469104387,0.56,0.26119902096492753,-0.24349740340722992,0.26871916700677145,0.6238619616130574
W3,full,16,635.0,4543.80145234949,0.28,0.40070472947500324,-0.12738048540968286,0.29418566805855517,0.306164891857608
W3,hard,16,570.0,5691.470888150672,0.0,0.5755256922458438,0.0,0.3140594484785487,0.306164891857608
W3,nohealth,16,390.0,3002.9996019389837,0.54,0.25039250161407134,-0.24281350188723616,0.2769142900159888,0.6253494406276765
W3,full,17,522.0,4036.523035185789,0.24,0.3743944384555058,-0.15378890091177425,0.33707084242169716,0.4148661270249999
W3,hard,17,505.6666666666667,4899.120152274959,0.0,0.5934507214188667,0.0,0.3677642926708313,0.4148661270249999
W3,nohealth,17,344.0,2844.1891195630897,0.52,0.29748936473015,-0.20793892487150564,0.33811349926663825,0.620410638336634
W3,full,18,637.6666666666666,4511.669689138898,0.24,0.2874597350201209,-0.1291005766070047,0.31146747442068656,0.4558863766453769
W3,hard,18,579.6666666666666,5546.959626740386,0.0,0.56316850614452,0.0,0.36367096893480555,0.42521318803445496
W3,nohealth,18,355.00000000000006,2617.0394965156934,0.58,0.18593222682750765,-0.14484650700321172,0.2570371473081894,0.6479662906682375
W3,full,19,680.6666666666666,5060.778300450047,0.18,0.324480589119855,-0.18360456361292238,0.3534984161120013,0.3029397554043654
W3,hard,19,569.6666666666666,5486.72395377129,0.0,0.5787892461241595,0.0,0.3789948947853644,0.3029397554043654
W3,nohealth,19,286.0,2843.377278201669,0.42,0.19604080676025992,-0.28774276907984636,0.2823910943284984,0.6793013986435673
W3,full,20,311.6666666666667,2769.3831415142286,0.5,0.21044040005035192,-0.18592816114786206,0.22624640756869074,0.6734811134594705
W3,hard,20,540.6666666666666,5354.441695069648,0.0,0.5645350872166635,0.0,0.297543146384866,0.42345039645223287
W3,nohealth,20,340.3333333333333,2785.7210548594903,0.56,0.21353414296332218,-0.1740539246150562,0.18697832913303236,0.6330283480032339
W3,full,21,672.6666666666667,4577.553974765988,0.2,0.4193953332250169,-0.0867645090690303,0.3621439198000238,0.36783207786804173
W3,hard,21,533.3333333333333,5402.1453397196465,0.0,0.590915393326592,0.0,0.354865331752515,0.36783207786804173
W3,nohealth,21,360.00000000000006,2801.759385338518,0.54,0.29189718264974385,-0.1670876725280819,0.22128446607054875,0.6293009499823907
W3,full,22,614.6666666666667,4782.36753021949,0.3,0.44914124717150106,-0.11058361810604747,0.3715162440910492,0.3137393541194783
W3,hard,22,541.6666666666666,5227.470827760979,0.0,0.5944910931455112,0.0,0.38815802286762024,0.3137393541194783
W3,nohealth,22,357.3333333333333,2737.4151369490955,0.44,0.2712611140246364,-0.23167629420075125,0.33376538031495084,0.6351719117700776
W3,full,23,376.0,2946.4948173553835,0.5,0.2640511372620542,-0.21173413761822263,0.30190495234192727,0.6373773111731024
W3,hard,23,633.6666666666667,5498.603359134793,0.0,0.5767049998846256,0.0,0.34354377820572823,0.3158085206812917
W3,nohealth,23,402.3333333333333,3178.012183081636,0.54,0.25393570703051727,-0.2019705861682594,0.27751333532964895,0.6135769305534403
W3,full,24,596.9999999999999,4741.581785545168,0.16,0.31046506407800045,-0.15089688770066922,0.36325286776661825,0.30667490420366283
W3,hard,24,525.3333333333333,4941.184970842932,0.0,0.5677431904067036,0.0,0.3549437397280255,0.30667490420366283
W3,nohealth,24,269.66666666666663,2520.6960554706925,0.52,0.2270507917491078,-0.21145544008821276,0.26128677207501727,0.6667387954843254
W3,full,25,698.3333333333334,4872.581010851764,0.18,0.27002462527980886,-0.22501037271179758,0.22902055271398103,0.3938311204652987
W3,hard,25,536.0,5461.441863185357,0.0,0.5618048331470762,0.0,0.24702381152161434,0.33441176769914865
W3,nohealth,25,289.33333333333337,2848.216300425218,0.5,0.2828468862943385,-0.2535892672245273,0.16817213523026708,0.6482687512265085
W3,full,26,533.6666666666667,3967.39697277803,0.26,0.2924277653505949,-0.19498415107696032,0.33049934956291527,0.3074937805257015
W3,hard,26,563.6666666666666,5119.695250134477,0.0,0.6141851391243589,0.0,0.3957460866488274,0.3074937805257015
W3,nohealth,26,346.0,2574.4308846669487,0.52,0.2815473655250216,-0.22694451794149137,0.27169220106129366,0.6328438842448255
W3,full,27,326.0,3140.043890454752,0.48,0.18172265337340998,-0.23135746801209658,0.2841394311190376,0.645847542844138
W3,hard,27,543.0,5570.589830010734,0.0,0.5981424321779887,0.0,0.3319755900688113,0.4267015788733378
W3,nohealth,27,346.6666666666667,2978.4364600399094,0.46,0.12770576814046009,-0.2213840762977143,0.22884197893365,0.6418559189305586
W3,full,28,680.6666666666667,5457.7716241664575,0.12,0.3571182093500791,-0.16254913463139326,0.35483075909204087,0.34964960671307627
W3,hard,28,587.6666666666666,5487.594254792041,0.0,0.5903322367512507,0.0,0.3784136241774131,0.34964960671307627
W3,nohealth,28,296.3333333333333,2873.562708266794,0.46,0.21178190860546953,-0.2234011701655243,0.30687523285991203,0.656619508514524
W3,full,29,670.0000000000001,5190.951618241302,0.2,0.4008274056106722,-0.12736328479752385,0.3847154722499251,0.3368144063294138
W3,hard,29,537.0000000000001,5311.545925050249,0.0,0.5870729316474368,0.0,0.38714760616125365,0.3368144063294138
W3,nohealth,29,346.0,2815.175182342612,0.52,0.2680387135582907,-0.22406547722719283,0.3315762706375429,0.6385692942737446
W3,full,30,600.6666666666667,4533.8432101281915,0.18,0.4077751980570272,-0.11870404046519045,0.37721095700328944,0.34748439816501486
W3,hard,30,520.3333333333333,5170.633542639314,0.0,0.6137611138551531,0.0,0.3795823117287983,0.34748439816501486
W3,nohealth,30,370.0,2568.1025633355844,0.56,0.35140149192781456,-0.2092348193774835,0.3041087690342097,0.6212517697237586
W4,full,1,335.00000000000006,3141.0771933578453,0.48,0.40662371986535595,-0.364064982016857,0.08047775516366151,0.810248776204319
W4,hard,1,565.3333333333334,5773.666716477826,0.0,0.7241398816803513,0.0,0.11460334068912326,0.35233843751553295
W4,nohealth,1,300.33333333333337,3141.951903000504,0.5,0.4112582486437808,-0.36597745924821723,0.08809787996616958,0.8137132652828619
W4,full,2,315.6666666666667,2898.8184113033094,0.5,0.409261955893109,-0.42178002968093625,0.12391635073997553,0.8139948079418046
W4,hard,2,554.6666666666666,5426.585369179175,0.0,0.6054539776334866,0.0,0.1552554895958126,0.31682425077358367
W4,nohealth,2,277.66666666666663,2826.372491766084,0.52,0.42440577546437863,-0.41179699558734584,0.10178040511250919,0.813067978838734
W4,full,3,573.3333333333333,4556.09484220232,0.18,0.5340719226727475,-0.17516035090459528,0.15849005425283091,0.3213078229153842
W4,hard,3,543.3333333333334,5104.9348069349935,0.0,0.6764385610263939,0.0,0.1757985047762407,0.3213078229153842
W4,nohealth,3,310.0,2647.9230144321837,0.44,0.41180263600817857,-0.40965080332457565,0.1588010090330021,0.8164291306470675
W4,full,4,586.3333333333334,4876.274151120469,0.24,0.45858062420858636,-0.28288743483495116,0.18466847245075368,0.36807036336773774
W4,hard,4,598.0,5809.10088519726,0.0,0.6451209333792403,0.0,0.18811085280661843,0.32987043548338324
W4,nohealth,4,372.00000000000006,2877.599632954222,0.46,0.4200513222445108,-0.4041485901776606,0.15712133162580844,0.8194480502335005
W4,full,5,561.0,4391.471267939585,0.22,0.5428440297515156,-0.09453546911567563,0.18352693932735042,0.3278889415819196
W4,hard,5,643.6666666666667,5855.63321703626,0.0,0.719488158797992,0.0,0.2085590346508186,0.3278889415819196
W4,nohealth,5,410.0,3291.2260769031805,0.48,0.40275456096031403,-0.3432660743745102,0.13303001466745934,0.7407872492643325
W4,full,6,332.3333333333333,3142.0106940239825,0.48,0.484540946086107,-0.3904248648338459,0.013983963967871715,0.8168173960766925
W4,hard,6,643.3333333333334,5714.617376655182,0.0,0.6794045570480309,0.0,0.06662852309642053,0.32863531176746946
W4,nohealth,6,387.33333333333337,2936.6610403023833,0.48,0.45977698238696285,-0.38742652471181627,0.015721398008305076,0.8049872250395685
W4,full,7,622.6666666666667,5062.439979657518,0.14,0.3741271773033137,-0.2443702216459723,0.21652234228446632,0.3601785217252042
W4,hard,7,542.6666666666666,5348.768993104783,0.0,0.5325006138702664,0.0,0.21989053675542836,0.30940883840000394
W4,nohealth,7,310.6666666666667,2673.7754414858305,0.52,0.272507192776382,-0.4262661887644982,0.1808571350269058,0.7990965437732036
W4,full,8,608.6666666666667,4949.092675802463,0.26,0.526354240638297,-0.16691452429482262,0.13710740886127493,0.32032786237925137
W4,hard,8,585.3333333333334,5798.28813288665,0.0,0.6645521504316574,0.0,0.15235991049588493,0.32032786237925137
W4,nohealth,8,330.0,2989.5887705792975,0.54,0.4535130910027567,-0.35047028978316536,0.10966034345626252,0.8070567918519392
W4,full,9,576.0,4992.414074023696,0.18,0.5592844505553822,-0.17875923416833558,0.12630184410469414,0.37073366093323484
W4,hard,9,563.3333333333334,5720.01596836234,0.0,0.6680861326521512,0.0,0.12648475744789223,0.37073366093323484
W4,nohealth,9,311.33333333333337,2763.074906747333,0.48,0.4399154296266561,-0.3454592764200664,0.08787653583188992,0.8067903538748091
W4,full,10,542.3333333333334,4315.335686362512,0.22,0.42447912987608083,-0.24792761823640358,0.17139916964968382,0.3390643909447751
W4,hard,10,517.0,5022.493027132397,0.0,0.6506736260090971,0.0,0.18552365787366065,0.3390643909447751
W4,nohealth,10,340.3333333333333,2699.164375546165,0.52,0.44104077042254386,-0.35949127933825503,0.11036550534491185,0.8047185488036207
W4,full,11,683.3333333333334,4861.6394540470155,0.2,0.31199177954759816,-0.2946467965316608,0.17788906076468725,0.7213781026739794
W4,hard,11,544.6666666666666,5769.778970458247,0.0,0.617963613684563,0.0,0.20173152593398025,0.45073443288627635
W4,nohealth,11,349.3333333333333,2878.5237375220513,0.56,0.3432345477757208,-0.30751437076144733,0.1412250827303042,0.7984325633985704
W4,full,12,807.3333333333333,5510.183485057022,0.14,0.5512058573291747,-0.22461225412319713,0.16914129281092194,0.3130542734150614
W4,hard,12,595.0,5764.38893999887,0.0,0.6544619798744078,0.0,0.17375906285038978,0.3130542734150614
W4,nohealth,12,303.0,2987.8840195365283,0.52,0.39338288146407185,-0.38734511111676584,0.1409328825154007,0.8086800446365999
W4,full,13,587.0,4655.319203296408,0.22,0.44728227512548124,-0.09832893692273152,0.20497649039826127,0.40337630160904503
W4,hard,13,582.0,5138.460835418654,0.0,0.601858054315991,0.0,0.21419059079406777,0.40337630160904503
W4,nohealth,13,298.0,2582.6812736857887,0.44,0.2609059146502939,-0.32643561296644663,0.18565211736883325,0.8136889504603043
W4,full,14,656.6666666666666,5303.769628947343,0.14,0.6407738981967182,-0.22092372506270852,0.09790784235072869,0.3184417814980253
W4,hard,14,527.3333333333333,5140.854532092843,0.0,0.6929565852272916,0.0,0.10548860079901068,0.30680354550185696
W4,nohealth,14,291.66666666666663,2711.4755791051857,0.52,0.46959623449127563,-0.4431033645556871,0.06397670442948777,0.8060253452171297
W4,full,15,314.66666666666663,2953.9784117249037,0.48,0.38888464987794524,-0.4142015200798779,0.13011191082198226,0.8250447661445919
W4,hard,15,563.3333333333331,5329.3990965564435,0.0,0.6631467858288709,0.0,0.17189677869186226,0.35453568606737923
W4,nohealth,15,339.6666666666667,2840.1382469104387,0.56,0.3691856126876978,-0.39967126510863105,0.11514405713614917,0.7984576906053479
W4,full,16,635.0,4543.80145234949,0.28,0.524200618135066,-0.19934216157507084,0.10878815206341808,0.306164891857608
W4,hard,16,570.0,5691.470888150672,0.0,0.6041521431766799,0.0,0.12844351978783608,0.306164891857608
W4,nohealth,16,390.0,3002.9996019389837,0.54,0.42315734487527923,-0.3916963802424954,0.10949645717415757,0.799293925310197
W4,full,17,522.0,4036.523035185789,0.24,0.5691243094263727,-0.21587369929687403,0.17058815902527602,0.4148661270249999
W4,hard,17,505.6666666666667,4899.120152274959,0.0,0.6816482866160554,0.0,0.18603564801507344,0.4148661270249999
W4,nohealth,17,344.0,2844.1891195630897,0.52,0.3446336897169038,-0.3523274937268914,0.17073633058421533,0.7968207756143706
W4,full,18,637.6666666666666,4511.669689138898,0.24,0.3906900557815658,-0.19074387869730428,0.13926164216274084,0.4558863766453769
W4,hard,18,579.6666666666666,5546.959626740386,0.0,0.6281261532537088,0.0,0.16406398429157176,0.42521318803445496
W4,nohealth,18,355.00000000000006,2617.0394965156934,0.58,0.34948143203981386,-0.3010622343407941,0.11127848794377171,0.8102646377997392
W4,full,19,680.6666666666666,5060.778300450047,0.18,0.4748835765991579,-0.23581417695647824,0.17549696617210386,0.3029397554043654
W4,hard,19,569.6666666666666,5486.72395377129,0.0,0.6250928148155097,0.0,0.18824576149433614,0.3029397554043654
W4,nohealth,19,286.0,2843.377278201669,0.42,0.3646233477308951,-0.41990399593482913,0.12684166950261944,0.8251101341518199
W4,full,20,311.6666666666667,2769.3831415142286,0.5,0.43691623034072413,-0.32913431149864053,0.0739981190938156,0.82307632435692
W4,hard,20,540.6666666666666,5354.441695069648,0.0,0.6802424722248497,0.0,0.10988405929511691,0.42345039645223287
W4,nohealth,20,340.3333333333333,2785.7210548594903,0.56,0.44044918628778906,-0.3228380484895972,0.054814792068603624,0.8031806277645387
W4,full,21,672.6666666666667,4577.553974765988,0.2,0.4302219096967519,-0.14907622744771112,0.17034191067481808,0.36783207786804173
W4,hard,21,533.3333333333333,5402.1453397196465,0.0,0.655901807832187,0.0,0.16638472590344855,0.36783207786804173
W4,nohealth,21,360.00000000000006,2801.759385338518,0.54,0.39002477976667493,-0.32091320475768015,0.09901488648855072,0.8013257980706285
W4,full,22,614.6666666666667,4782.36753021949,0.3,0.4684823302152201,-0.17698560155004417,0.19905045597667725,0.3137393541194783
W4,hard,22,541.6666666666666,5227.470827760979,0.0,0.6824353693669467,0.0,0.2074605661318506,0.3137393541194783
W4,nohealth,22,357.3333333333333,2737.4151369490955,0.44,0.38250448054519115,-0.3706708828914369,0.1737219814977079,0.8037957517827796
W4,full,23,376.0,2946.4948173553835,0.5,0.4037807493631993,-0.3613665621828145,0.1359661707063302,0.8049104924316689
W4,hard,23,633.6666666666667,5498.603359134793,0.0,0.7031604595123735,0.0,0.15716096778208732,0.3158085206812917
W4,nohealth,23,402.3333333333333,3178.012183081636,0.54,0.4220369164521163,-0.35386892130708614,0.11614273855160018,0.793433839065653
W4,full,24,596.9999999999999,4741.581785545168,0.16,0.5224687699082156,-0.19619517885422905,0.17392452660917457,0.30667490420366283
W4,hard,24,525.3333333333333,4941.184970842932,0.0,0.676648240389456,0.0,0.1697385218078843,0.30667490420366283
W4,nohealth,24,269.66666666666663,2520.6960554706925,0.52,0.44800238015061056,-0.36147140073780276,0.12242220382108482,0.8183063287772747
W4,full,25,698.3333333333334,4872.581010851764,0.18,0.5908241446200295,-0.26707529188668816,0.048416909187452783,0.3938311204652987
W4,hard,25,536.0,5461.441863185357,0.0,0.7039895642582397,0.0,0.05749888433865313,0.33441176769914865
W4,nohealth,25,289.33333333333337,2848.216300425218,0.5,0.4644895174753969,-0.40584381351313226,0.018489619828852555,0.8090851820060129
W4,full,26,533.6666666666667,3967.39697277803,0.26,0.3735519002082235,-0.25379394052316906,0.16625012315081267,0.3074937805257015
W4,hard,26,563.6666666666666,5119.695250134477,0.0,0.6362155343800877,0.0,0.18631210530358,0.3074937805257015
W4,nohealth,26,346.0,2574.4308846669487,0.52,0.3842865596413416,-0.37510610011365947,0.1292035389612698,0.8026668040721413
W4,full,27,326.0,3140.043890454752,0.48,0.37204175691660346,-0.37441134522104075,0.11635494180909489,0.809469619794522
W4,hard,27,543.0,5570.589830010734,0.0,0.6440975884033788,0.0,0.1381488128731363,0.4267015788733378
W4,nohealth,27,346.6666666666667,2978.4364600399094,0.46,0.35951322887250514,-0.3677260581468492,0.08656350547965297,0.8068795155812634
W4,full,28,680.6666666666667,5457.7716241664575,0.12,0.4949135432554306,-0.20478365819313185,0.17414766374641388,0.34964960671307627
W4,hard,28,587.6666666666666,5487.594254792041,0.0,0.7136160944562671,0.0,0.18662078847368935,0.34964960671307627
W4,nohealth,28,296.3333333333333,2873.562708266794,0.46,0.38414846411979053,-0.3764760584564403,0.15027652139732073,0.8142833145007755
W4,full,29,670.0000000000001,5190.951618241302,0.2,0.5391268273864938,-0.1703952679078871,0.2053518582230014,0.3368144063294138
W4,hard,29,537.0000000000001,5311.545925050249,0.0,0.6571068065528354,0.0,0.2061215641520402,0.3368144063294138
W4,nohealth,29,346.0,2815.175182342612,0.52,0.4396393780732497,-0.370540590735296,0.17782347427763523,0.8057406233132026
W4,full,30,600.6666666666667,4533.8432101281915,0.18,0.48069007681858444,-0.16329449622473302,0.19890603733407008,0.34748439816501486
W4,hard,30,520.3333333333333,5170.633542639314,0.0,0.7227491003537689,0.0,0.20028065869246559,0.34748439816501486
W4,nohealth,30,370.0,2568.1025633355844,0.56,0.38002298456828587,-0.3542796350800093,0.161709818595405,0.797287812573647
D01,full,1,335.00000000000006,3141.0771933578453,0.48,0.3928427659699658,-0.3772559872941937,0.06825305789181935,0.8245389356479665
D01,hard,1,565.3333333333334,5773.666716477826,0.0,0.6570509231790613,0.0,0.09625484592599842,0.35233843751553295
D01,nohealth,1,300.33333333333337,3141.951903000504,0.5,0.3948135480610633,-0.37878902784605123,0.07426468901616967,0.8275136815509054
D01,full,2,315.6666666666667,2898.8184113033094,0.5,0.42840155350918674,-0.43172400192046306,0.11142676429236897,0.82751825332805
D01,hard,2,554.6666666666666,5426.585369179175,0.0,0.6212105086063175,0.0,0.13716458540113063,0.31682425077358367
D01,nohealth,2,277.66666666666663,2826.372491766084,0.52,0.4423370046294923,-0.423735513838023,0.0932772302824596,0.8269911691636092
D01,full,3,573.3333333333333,4556.09484220232,0.18,0.5510246762845872,-0.17735156156443235,0.14261658149301082,0.3213078229153842
D01,hard,3,543.3333333333334,5104.9348069349935,0.0,0.6725280427696643,0.0,0.1566162054885628,0.3213078229153842
D01,nohealth,3,310.0,2647.9230144321837,0.44,0.42471840202383815,-0.41945952416981724,0.14225804294814026,0.829689292458618
D01,full,4,586.3333333333334,4876.274151120469,0.24,0.4752171200652544,-0.28260047851887826,0.16749759548817122,0.36807036336773774
D01,hard,4,598.0,5809.10088519726,0.0,0.6751158888006272,0.0,0.1706414757005167,0.32987043548338324
D01,nohealth,4,372.00000000000006,2877.599632954222,0.46,0.44617660755308775,-0.4133509202603448,0.14474818567270742,0.8321169602397627
D01,full,5,561.0,4391.471267939585,0.22,0.5374832376206651,-0.09969313691498957,0.16665149241843902,0.3278889415819196
D01,hard,5,643.6666666666667,5855.63321703626,0.0,0.678411752274455,0.0,0.18700011836090114,0.3278889415819196
D01,nohealth,5,410.0,3291.2260769031805,0.48,0.3990248530241747,-0.3538526372661008,0.11974603289732344,0.7346177603272137
D01,full,6,332.3333333333333,3142.0106940239825,0.48,0.4676345326829454,-0.40158123175485033,0.0037388779419655904,0.83000911003559
D01,hard,6,643.3333333333334,5714.617376655182,0.0,0.6935509588834388,0.0,0.04660231560409078,0.32863531176746946
D01,nohealth,6,387.33333333333337,2936.6610403023833,0.48,0.45673597162795065,-0.3981494841147131,-0.0019434653717573802,0.8204014763201741
D01,full,7,622.6666666666667,5062.439979657518,0.14,0.39329620372349794,-0.244012681696206,0.1972399157184972,0.3601785217252042
D01,hard,7,542.6666666666666,5348.768993104783,0.0,0.5359450124983172,0.0,0.19981389260754456,0.30940883840000394
D01,nohealth,7,310.6666666666667,2673.7754414858305,0.52,0.29295300789958856,-0.43836764098820147,0.16771057275992662,0.8157603911921852
D01,full,8,608.6666666666667,4949.092675802463,0.26,0.5387014937408741,-0.16800265418198254,0.12084409223912829,0.32032786237925137
D01,hard,8,585.3333333333334,5798.28813288665,0.0,0.6750719833295646,0.0,0.1333024931032527,0.32032786237925137
D01,nohealth,8,330.0,2989.5887705792975,0.54,0.43683636900301903,-0.36420745729289355,0.09794140213434754,0.822179085454595
D01,full,9,576.0,4992.414074023696,0.18,0.5694379666501981,-0.1806536656979246,0.10975868855790194,0.37073366093323484
D01,hard,9,563.3333333333334,5720.01596836234,0.0,0.6694503736773725,0.0,0.11011894609344719,0.37073366093323484
D01,nohealth,9,311.33333333333337,2763.074906747333,0.48,0.43906460452805507,-0.3565207600072953,0.07837794636662754,0.8219214130316412
D01,full,10,542.3333333333334,4315.335686362512,0.22,0.45670798424728454,-0.24734341430821627,0.15687699193307025,0.3390643909447751
D01,hard,10,517.0,5022.493027132397,0.0,0.6821516942951777,0.0,0.1680815793325442,0.3390643909447751
D01,nohealth,10,340.3333333333333,2699.164375546165,0.52,0.44706302645232876,-0.37053452241515367,0.1065761746873477,0.8202828549157803
D01,full,11,683.3333333333334,4861.6394540470155,0.2,0.31436866948595155,-0.2900142049694594,0.16043683603203596,0.7152293064125416
D01,hard,11,544.6666666666666,5769.778970458247,0.0,0.5981112569753175,0.0,0.17982011862137226,0.45073443288627635
D01,nohealth,11,349.3333333333333,2878.5237375220513,0.56,0.3446860993532994,-0.32135609690056854,0.1301086838719978,0.8152484902199386
D01,full,12,807.3333333333333,5510.183485057022,0.14,0.5513238800402662,-0.22387237231502968,0.15298828850453572,0.3130542734150614
D01,hard,12,595.0,5764.38893999887,0.0,0.6313355085898715,0.0,0.15675327924232252,0.3130542734150614
D01,nohealth,12,303.0,2987.8840195365283,0.52,0.4071161593902175,-0.4002139211323149,0.1295042904928223,0.8233463143509644
D01,full,13,587.0,4655.319203296408,0.22,0.4553449860570711,-0.10279921180753149,0.1871059095432419,0.40337630160904503
D01,hard,13,582.0,5138.460835418654,0.0,0.5908264252974789,0.0,0.19542472358719598,0.40337630160904503
D01,nohealth,13,298.0,2582.6812736857887,0.44,0.27637580421183805,-0.3374919840503927,0.17092780411871455,0.8270858620155431
D01,full,14,656.6666666666666,5303.769628947343,0.14,0.6372299353409043,-0.22054761866993,0.08226266699853957,0.3184417814980253
D01,hard,14,527.3333333333333,5140.854532092843,0.0,0.7138918669828151,0.0,0.08813712651442707,0.30680354550185696
D01,nohealth,14,291.66666666666663,2711.4755791051857,0.52,0.47091981009867956,-0.455791608255835,0.05407075068095746,0.821270896119251
D01,full,15,314.66666666666663,2953.9784117249037,0.48,0.3925169901676766,-0.42461650874112633,0.11438471951476736,0.8365633188286161
D01,hard,15,563.3333333333331,5329.3990965564435,0.0,0.6395281010988263,0.0,0.15429418745551238,0.35453568606737923
D01,nohealth,15,339.6666666666667,2840.1382469104387,0.56,0.3729819839315529,-0.41300359648599183,0.10747482636804373,0.8152183752326424
D01,full,16,635.0,4543.80145234949,0.28,0.5523022520889982,-0.20349588859429052,0.09018125728048387,0.306164891857608
D01,hard,16,570.0,5691.470888150672,0.0,0.6021266123802151,0.0,0.1098910816262536,0.306164891857608
D01,nohealth,16,390.0,3002.9996019389837,0.54,0.42940481942888464,-0.40361180501920124,0.0940049877608462,0.8157951754477497
D01,full,17,522.0,4036.523035185789,0.24,0.5628767137543682,-0.21800778044398667,0.15568929468590587,0.4148661270249999
D01,hard,17,505.6666666666667,4899.120152274959,0.0,0.6863550068806517,0.0,0.16824731364191536,0.4148661270249999
D01,nohealth,17,344.0,2844.1891195630897,0.52,0.3594922743564757,-0.363575632399911,0.1552769123250548,0.8139378875633905
D01,full,18,637.6666666666666,4511.669689138898,0.24,0.39875257346857906,-0.1924311049224889,0.1236377043020278,0.4558863766453769
D01,hard,18,579.6666666666666,5546.959626740386,0.0,0.6093161749303209,0.0,0.14284706420261462,0.42521318803445496
D01,nohealth,18,355.00000000000006,2617.0394965156934,0.58,0.36245772089143125,-0.314311815516109,0.09992004195612414,0.8247423892866717
D01,full,19,680.6666666666666,5060.778300450047,0.18,0.4893295527465933,-0.23635433381146517,0.15845986590001582,0.3029397554043654
D01,hard,19,569.6666666666666,5486.72395377129,0.0,0.6046953205443082,0.0,0.16871384102415576,0.3029397554043654
D01,nohealth,19,286.0,2843.377278201669,0.42,0.3806114580524884,-0.4289090379974043,0.11848852496269324,0.8363066562138537
D01,full,20,311.6666666666667,2769.3831415142286,0.5,0.43808025999669287,-0.3399074027625332,0.06134476943419498,0.8350653901174467
D01,hard,20,540.6666666666666,5354.441695069648,0.0,0.6312840820950161,0.0,0.09098782310480313,0.42345039645223287
D01,nohealth,20,340.3333333333333,2785.7210548594903,0.56,0.4488410526661393,-0.33475479041192335,0.04573570165623064,0.8190732938830806
D01,full,21,672.6666666666667,4577.553974765988,0.2,0.4324342809695363,-0.15230941028964173,0.1509493138969894,0.36783207786804173
D01,hard,21,533.3333333333333,5402.1453397196465,0.0,0.6178324758253675,0.0,0.14734531095136494,0.36783207786804173
D01,nohealth,21,360.00000000000006,2801.759385338518,0.54,0.3904303742318065,-0.33387420158278847,0.09163313982482901,0.817541119763938
D01,full,22,614.6666666666667,4782.36753021949,0.3,0.4711902976132143,-0.18002872199142322,0.18307192979273712,0.3137393541194783
D01,hard,22,541.6666666666666,5227.470827760979,0.0,0.6922206534971083,0.0,0.18995408771867306,0.3137393541194783
D01,nohealth,22,357.3333333333333,2737.4151369490955,0.44,0.3831763924436038,-0.38091191470662444,0.159864193950509,0.8194815345854538
D01,full,23,376.0,2946.4948173553835,0.5,0.4057331605723258,-0.3734006142769918,0.12090472858233914,0.82042625251503
D01,hard,23,633.6666666666667,5498.603359134793,0.0,0.6523227796877651,0.0,0.13848393525611702,0.3158085206812917
D01,nohealth,23,402.3333333333333,3178.012183081636,0.54,0.42032004820574964,-0.3665358935131283,0.10176487595778971,0.8110711602952752
D01,full,24,596.9999999999999,4741.581785545168,0.16,0.545248479176417,-0.195897750927724,0.15465149845335524,0.30667490420366283
D01,hard,24,525.3333333333333,4941.184970842932,0.0,0.6737460066595704,0.0,0.1512433268151977,0.30667490420366283
D01,nohealth,24,269.66666666666663,2520.6960554706925,0.52,0.45630139623783017,-0.3736560760114066,0.1123826979703636,0.8308293243796484
D01,full,25,698.3333333333334,4872.581010851764,0.18,0.5710767728739334,-0.26547490880027247,0.030829257262082965,0.3938311204652987
D01,hard,25,536.0,5461.441863185357,0.0,0.57911201252445,0.0,0.03832172981844606,0.33441176769914865
D01,nohealth,25,289.33333333333337,2848.216300425218,0.5,0.46908100289737287,-0.41849432890708266,0.006300059468350883,0.8234482001359071
D01,full,26,533.6666666666667,3967.39697277803,0.26,0.3857580083117491,-0.25409996264025464,0.15292764364496958,0.3074937805257015
D01,hard,26,563.6666666666666,5119.695250134477,0.0,0.6334309886885086,0.0,0.16946901325842667,0.3074937805257015
D01,nohealth,26,346.0,2574.4308846669487,0.52,0.38560697246016784,-0.3868925411366467,0.11848049556589502,0.8186777359693816
D01,full,27,326.0,3140.043890454752,0.48,0.37693556820384955,-0.385177544071747,0.10089111535930806,0.8241102773850756
D01,hard,27,543.0,5570.589830010734,0.0,0.6124606793811549,0.0,0.1190146229803124,0.4267015788733378
D01,nohealth,27,346.6666666666667,2978.4364600399094,0.46,0.36879958978917626,-0.3793559776857046,0.0764077837632463,0.8219495027992932
D01,full,28,680.6666666666667,5457.7716241664575,0.12,0.496235854619161,-0.20420323750958885,0.1567814213370876,0.34964960671307627
D01,hard,28,587.6666666666666,5487.594254792041,0.0,0.6725688357183139,0.0,0.16696477140074983,0.34964960671307627
D01,nohealth,28,296.3333333333333,2873.562708266794,0.46,0.38693970287911394,-0.3891563774323135,0.13691705223855766,0.827880032908802
D01,full,29,670.0000000000001,5190.951618241302,0.2,0.5542730151922091,-0.17061610672132324,0.1883891148167468,0.3368144063294138
D01,hard,29,537.0000000000001,5311.545925050249,0.0,0.7042083212923531,0.0,0.1884169372011032,0.3368144063294138
D01,nohealth,29,346.0,2815.175182342612,0.52,0.4476677897053536,-0.3820858126829046,0.16495486375818913,0.8210651610427054
D01,full,30,600.6666666666667,4533.8432101281915,0.18,0.4854778651666787,-0.16388809032422094,0.18164399165328926,0.34748439816501486
D01,hard,30,520.3333333333333,5170.633542639314,0.0,0.7080920389244174,0.0,0.1830004589071369,0.34748439816501486
D01,nohealth,30,370.0,2568.1025633355844,0.56,0.37553938789658603,-0.36559169891736065,0.15076235885377243,0.8142445986184382
D02,full,1,335.00000000000006,3141.0771933578453,0.48,0.34206475000379366,-0.4626235025466472,-0.014060573247659525,0.9133033384097953
D02,hard,1,565.3333333333334,5773.666716477826,0.0,0.612548710182713,0.0,0.0,0.35233843751553295
D02,nohealth,1,300.33333333333337,3141.951903000504,0.5,0.3428231435172464,-0.46277302460571734,-0.01318041458309227,0.9146380007207111
D02,full,2,315.6666666666667,2898.8184113033094,0.5,0.4191432922461644,-0.5058124666247193,0.028309855329888278,0.9135737761322531
D02,hard,2,554.6666666666666,5426.585369179175,0.0,0.6901942848815907,0.0,0.034371788897460065,0.31682425077358367
D02,nohealth,2,277.66666666666663,2826.372491766084,0.52,0.4199689770655799,-0.5045565888334412,0.02424838899422055,0.9141058756418358
D02,full,3,573.3333333333333,4556.09484220232,0.18,0.6184025806053466,-0.2032545972848523,0.04717136544766953,0.3213078229153842
D02,hard,3,543.3333333333334,5104.9348069349935,0.0,0.6972841419451794,0.0,0.04996612541898071,0.3213078229153842
D02,nohealth,3,310.0,2647.9230144321837,0.44,0.44966991477720675,-0.49276718625180627,0.045625491800491136,0.9092460108986234
D02,full,4,586.3333333333334,4876.274151120469,0.24,0.4804900802130361,-0.30858066824622526,0.0680320604625434,0.36807036336773774
D02,hard,4,598.0,5809.10088519726,0.0,0.5406294023405125,0.0,0.0695468124673182,0.32987043548338324
D02,nohealth,4,372.00000000000006,2877.599632954222,0.46,0.4329612679500321,-0.48462621587973986,0.062376405454735995,0.9115934048210299
D02,full,5,561.0,4391.471267939585,0.22,0.5923855187321081,-0.13342917927384507,0.06785326573061534,0.3278889415819196
D02,hard,5,643.6666666666667,5855.63321703626,0.0,0.6558133788147835,0.0,0.07216731837416102,0.3278889415819196
D02,nohealth,5,410.0,3291.2260769031805,0.48,0.4137526341853992,-0.4277190495010549,0.05631452322263186,0.7413502330545765
D02,full,6,332.3333333333333,3142.0106940239825,0.48,0.34088787016096966,-0.4801159237037746,-0.07142151776378691,0.9155841515350417
D02,hard,6,643.3333333333334,5714.617376655182,0.0,0.5980653991543952,0.0,0.0,0.32863531176746946
D02,nohealth,6,387.33333333333337,2936.6610403023833,0.48,0.3361374316489725,-0.4745048687669818,-0.07283098350147965,0.898671297705883
D02,full,7,622.6666666666667,5062.439979657518,0.14,0.5685589226336119,-0.2635555381111767,0.0900115245217461,0.3601785217252042
D02,hard,7,542.6666666666666,5348.768993104783,0.0,0.5981697031790478,0.0,0.09015405495362872,0.30940883840000394
D02,nohealth,7,310.6666666666667,2673.7754414858305,0.52,0.4323149460589635,-0.519882446309567,0.08243814096805169,0.9127920821595855
D02,full,8,608.6666666666667,4949.092675802463,0.26,0.4778927212565429,-0.19260956849981187,0.024129626215993127,0.32032786237925137
D02,hard,8,585.3333333333334,5798.28813288665,0.0,0.6620756516094823,0.0,0.02691686836630225,0.32032786237925137
D02,nohealth,8,330.0,2989.5887705792975,0.54,0.3811357892962195,-0.4512421929701076,0.018006227655932294,0.9130444030386855
D02,full,9,576.0,4992.414074023696,0.18,0.4977084493046422,-0.20859442160067654,0.01263533988126242,0.37073366093323484
D02,hard,9,563.3333333333334,5720.01596836234,0.0,0.660716573568531,0.0,0.013223762361807334,0.37073366093323484
D02,nohealth,9,311.33333333333337,2763.074906747333,0.48,0.36977923881234664,-0.4343622463606874,0.005804774493144205,0.9138256286487407
D02,full,10,542.3333333333334,4315.335686362512,0.22,0.5070270799134959,-0.2714584585103008,0.06616985980690204,0.3390643909447751
D02,hard,10,517.0,5022.493027132397,0.0,0.6640531040090192,0.0,0.0678652144947226,0.3390643909447751
D02,nohealth,10,340.3333333333333,2699.164375546165,0.52,0.4530252168765361,-0.4480764611017992,0.054044872100414865,0.9094891621444602
D02,full,11,683.3333333333334,4861.6394540470155,0.2,0.3436054799971251,-0.303224629115919,0.059875955208292475,0.7127724053892069
D02,hard,11,544.6666666666666,5769.778970458247,0.0,0.6931518913667574,0.0,0.06398912658606382,0.45073443288627635
D02,nohealth,11,349.3333333333333,2878.5237375220513,0.56,0.34690775479703384,-0.4086315562105229,0.052263930063346176,0.9087939980494211
D02,full,12,807.3333333333333,5510.183485057022,0.14,0.536561332823539,-0.2432356475503466,0.056695062334088275,0.3130542734150614
D02,hard,12,595.0,5764.38893999887,0.0,0.6724672387719024,0.0,0.057520488658827085,0.3130542734150614
D02,nohealth,12,303.0,2987.8840195365283,0.52,0.4000925329079268,-0.4842499571011806,0.050437254266306075,0.9133611595544788
D02,full,13,587.0,4655.319203296408,0.22,0.5724587069782605,-0.13432110758156307,0.08765703987924667,0.40337630160904503
D02,hard,13,582.0,5138.460835418654,0.0,0.5945212612643167,0.0,0.09002898241496038,0.40337630160904503
D02,nohealth,13,298.0,2582.6812736857887,0.44,0.39540796161976544,-0.41499064358153115,0.08049582549213519,0.9082126530084728
D02,full,14,656.6666666666666,5303.769628947343,0.14,0.5890704554496258,-0.23741717102079588,0.0,0.3184417814980253
D02,hard,14,527.3333333333333,5140.854532092843,0.0,0.6532297890561238,0.0,0.0,0.30680354550185696
D02,nohealth,14,291.66666666666663,2711.4755791051857,0.52,0.41593151963333796,-0.5391995079686409,-0.019685212676012864,0.9134042717292022
D02,full,15,314.66666666666663,2953.9784117249037,0.48,0.3964911067886918,-0.5003584141817093,0.04163446708388885,0.9143346739252116
D02,hard,15,563.3333333333331,5329.3990965564435,0.0,0.6804716485031372,0.0,0.05283758794756588,0.35453568606737923
D02,nohealth,15,339.6666666666667,2840.1382469104387,0.56,0.3947841671836172,-0.4986314131903485,0.04141484700701559,0.912740593226513
D02,full,16,635.0,4543.80145234949,0.28,0.6044772102362765,-0.24102806995576467,0.0,0.306164891857608
D02,hard,16,570.0,5691.470888150672,0.0,0.7898402664590374,0.0,0.005513734429989592,0.306164891857608
D02,nohealth,16,390.0,3002.9996019389837,0.54,0.4553446573410973,-0.48447403084645657,0.001052911976703208,0.9110808476549073
D02,full,17,522.0,4036.523035185789,0.24,0.5529115469710069,-0.248987287108198,0.06374565967989998,0.4148661270249999
D02,hard,17,505.6666666666667,4899.120152274959,0.0,0.696900510594407,0.0,0.06640943170684066,0.4148661270249999
D02,nohealth,17,344.0,2844.1891195630897,0.52,0.37949684885467305,-0.4416995174644221,0.06237476093090566,0.8949328607226165
D02,full,18,637.6666666666666,4511.669689138898,0.24,0.5774397056243554,-0.22277299408317192,0.028327523247549835,0.4558863766453769
D02,hard,18,579.6666666666666,5546.959626740386,0.0,0.773137868148495,0.0,0.029802081089888133,0.42521318803445496
D02,nohealth,18,355.00000000000006,2617.0394965156934,0.58,0.46847653877144824,-0.39987913443075235,0.02105139039994064,0.9143076424702482
D02,full,19,680.6666666666666,5060.778300450047,0.18,0.6095992747357539,-0.2611935114902833,0.05908419059863346,0.3029397554043654
D02,hard,19,569.6666666666666,5486.72395377129,0.0,0.7588567793177619,0.0,0.06098902855625332,0.3029397554043654
D02,nohealth,19,286.0,2843.377278201669,0.42,0.4556684212293691,-0.49916948695680247,0.049652979862466196,0.8920280565929621
D02,full,20,311.6666666666667,2769.3831415142286,0.5,0.3938416668162952,-0.41702132613432985,-0.021798292916892836,0.9157369852513119
D02,hard,20,540.6666666666666,5354.441695069648,0.0,0.6975107955159581,0.0,0.0,0.42345039645223287
D02,nohealth,20,340.3333333333333,2785.7210548594903,0.56,0.39130279934185186,-0.41557229397181983,-0.024597407970811114,0.913575135676552
D02,full,21,672.6666666666667,4577.553974765988,0.2,0.5360738398901834,-0.18445713977674888,0.04286880537117055,0.36783207786804173
D02,hard,21,533.3333333333333,5402.1453397196465,0.0,0.733985514172673,0.0,0.04115320026502722,0.36783207786804173
D02,nohealth,21,360.00000000000006,2801.759385338518,0.54,0.42269234157715796,-0.4180492876130845,0.027713060055672645,0.9124107229337401
D02,full,22,614.6666666666667,4782.36753021949,0.3,0.5085712290423925,-0.21389778224030867,0.08729788174046615,0.3137393541194783
D02,hard,22,541.6666666666666,5227.470827760979,0.0,0.6414253606418929,0.0,0.08886896703857694,0.3137393541194783
D02,nohealth,22,357.3333333333333,2737.4151369490955,0.44,0.4103049030371193,-0.4555499165994551,0.07711050913377182,0.9008056595365576
D02,full,23,376.0,2946.4948173553835,0.5,0.43801576109573537,-0.4547266269353628,0.029057251000087048,0.9134555351208677
D02,hard,23,633.6666666666667,5498.603359134793,0.0,0.6937471552019825,0.0,0.033619212981798374,0.3158085206812917
D02,nohealth,23,402.3333333333333,3178.012183081636,0.54,0.4428899573828604,-0.4495291319586473,0.01375489753024317,0.9004304952957454
D02,full,24,596.9999999999999,4741.581785545168,0.16,0.5485762461502008,-0.2167082146477406,0.04783870850997829,0.30667490420366283
D02,hard,24,525.3333333333333,4941.184970842932,0.0,0.6509914419747553,0.0,0.0471028640619805,0.30667490420366283
D02,nohealth,24,269.66666666666663,2520.6960554706925,0.52,0.42240522663556224,-0.45530633504695484,0.038000074956476504,0.9135293032247366
D02,full,25,698.3333333333334,4872.581010851764,0.18,0.4218976911576511,-0.2835198026491359,0.0,0.3938311204652987
D02,hard,25,536.0,5461.441863185357,0.0,0.5708785395537805,0.0,0.0,0.33441176769914865
D02,nohealth,25,289.33333333333337,2848.216300425218,0.5,0.35898790863813335,-0.5016375659124577,-0.07519961766533678,0.9103397388628176
D02,full,26,533.6666666666667,3967.39697277803,0.26,0.44526152810696806,-0.28178687370010236,0.06672106719564519,0.3074937805257015
D02,hard,26,563.6666666666666,5119.695250134477,0.0,0.6590637981861818,0.0,0.0707961873111268,0.3074937805257015
D02,nohealth,26,346.0,2574.4308846669487,0.52,0.4250095362681181,-0.46729412591499075,0.054288555314357834,0.9132521771722977
D02,full,27,326.0,3140.043890454752,0.48,0.4077443429758312,-0.46221388206869995,0.007794990009870162,0.9144719490383932
D02,hard,27,543.0,5570.589830010734,0.0,0.7624478815589117,0.0,0.012592177960639717,0.4267015788733378
D02,nohealth,27,346.6666666666667,2978.4364600399094,0.46,0.40884253035796814,-0.45875875706518593,0.002516021432481197,0.9108686962877608
D02,full,28,680.6666666666667,5457.7716241664575,0.12,0.5246348344010658,-0.22331315280495528,0.056367081837182864,0.34964960671307627
D02,hard,28,587.6666666666666,5487.594254792041,0.0,0.653052158926976,0.0,0.058633879477554385,0.34964960671307627
D02,nohealth,28,296.3333333333333,2873.562708266794,0.46,0.4057927057309194,-0.47271050644223633,0.05106512391259077,0.9144573921361232
D02,full,29,670.0000000000001,5190.951618241302,0.2,0.46802642653411364,-0.19087204500004135,0.08845088498949871,0.3368144063294138
D02,hard,29,537.0000000000001,5311.545925050249,0.0,0.5980129288915281,0.0,0.08698721973650991,0.3368144063294138
D02,nohealth,29,346.0,2815.175182342612,0.52,0.37283375015256004,-0.4614687194637736,0.08090296746909942,0.9091412955080959
D02,full,30,600.6666666666667,4533.8432101281915,0.18,0.4658390616096255,-0.18523025140295044,0.08190951200115237,0.34748439816501486
D02,hard,30,520.3333333333333,5170.633542639314,0.0,0.6221777139544822,0.0,0.08278419362399858,0.34748439816501486
D02,nohealth,30,370.0,2568.1025633355844,0.56,0.37745713796405767,-0.444083033836443,0.07385582745830788,0.9082474369860657
D03,full,1,335.00000000000006,3141.0771933578453,0.48,0.4269821623915797,-0.35141938002844825,0.09392654694409819,0.7985285676934648
D03,hard,1,565.3333333333334,5773.666716477826,0.0,0.7584187877960418,0.0,0.12410204743116005,0.35233843751553295
D03,nohealth,1,300.33333333333337,3141.951903000504,0.5,0.43117492232866694,-0.35311612418489374,0.10023567247124687,0.8015603865753689
D03,full,2,315.6666666666667,2898.8184113033094,0.5,0.390167871608067,-0.4069853647650792,0.13712666137765317,0.8018215374012844
D03,hard,2,554.6666666666666,5426.585369179175,0.0,0.6100726150928062,0.0,0.16487685499965632,0.31682425077358367
D03,nohealth,2,277.66666666666663,2826.372491766084,0.52,0.40266827004674055,-0.39842823346031353,0.11749904698227365,0.8010539494403222
D03,full,3,573.3333333333333,4556.09484220232,0.18,0.5078176505119063,-0.16672348636571482,0.16977092245036662,0.3213078229153842
D03,hard,3,543.3333333333334,5104.9348069349935,0.0,0.6612671515287905,0.0,0.18473328756791962,0.3213078229153842
D03,nohealth,3,310.0,2647.9230144321837,0.44,0.39810470404981757,-0.3949347194170155,0.16902351230361468,0.803951677012484
D03,full,4,586.3333333333334,4876.274151120469,0.24,0.4390335710282114,-0.2681156467357713,0.19482773054768365,0.36807036336773774
D03,hard,4,598.0,5809.10088519726,0.0,0.6336552653627299,0.0,0.19839267279202488,0.32987043548338324
D03,nohealth,4,372.00000000000006,2877.599632954222,0.46,0.39320216977642874,-0.388991152939634,0.17022457442625194,0.8066369381001118
D03,full,5,561.0,4391.471267939585,0.22,0.5451725237273672,-0.08939784487317196,0.19407573166076186,0.3278889415819196
D03,hard,5,643.6666666666667,5855.63321703626,0.0,0.7358728141807811,0.0,0.2158814863418823,0.3278889415819196
D03,nohealth,5,410.0,3291.2260769031805,0.48,0.3982676830226244,-0.33022327226647785,0.144326577062299,0.7214809414341257
D03,full,6,332.3333333333333,3142.0106940239825,0.48,0.4835830092803637,-0.37630571507122274,0.028593371700166625,0.8040614195944813
D03,hard,6,643.3333333333334,5714.617376655182,0.0,0.6440296783908004,0.0,0.07472502158632355,0.32863531176746946
D03,nohealth,6,387.33333333333337,2936.6610403023833,0.48,0.4584979806948044,-0.37338473252941645,0.025375782708169314,0.7937264979393175
D03,full,7,622.6666666666667,5062.439979657518,0.14,0.35339225684426157,-0.23289876074073407,0.225515449833104,0.3601785217252042
D03,hard,7,542.6666666666666,5348.768993104783,0.0,0.5310182894993389,0.0,0.22818102596544365,0.30940883840000394
D03,nohealth,7,310.6666666666667,2673.7754414858305,0.52,0.24927593167994355,-0.412936209772396,0.19356420304148325,0.7889652674242467
D03,full,8,608.6666666666667,4949.092675802463,0.26,0.5126298809565624,-0.15637701673157578,0.14808434973976636,0.32032786237925137
D03,hard,8,585.3333333333334,5798.28813288665,0.0,0.6704954072387386,0.0,0.16146888050395458,0.32032786237925137
D03,nohealth,8,330.0,2989.5887705792975,0.54,0.46618097906460587,-0.3383104652462535,0.12310785779237432,0.7957424420191971
D03,full,9,576.0,4992.414074023696,0.18,0.5479139386199983,-0.1684672603430542,0.13678915704078565,0.37073366093323484
D03,hard,9,563.3333333333334,5720.01596836234,0.0,0.6845796364724679,0.0,0.13729909983758248,0.37073366093323484
D03,nohealth,9,311.33333333333337,2763.074906747333,0.48,0.4276345378583337,-0.3314738721396392,0.102983173668863,0.7955381689838759
D03,full,10,542.3333333333334,4315.335686362512,0.22,0.3923824884108762,-0.23340914723111447,0.18355052838131625,0.3390643909447751
D03,hard,10,517.0,5022.493027132397,0.0,0.6398049113473108,0.0,0.19540005497460455,0.3390643909447751
D03,nohealth,10,340.3333333333333,2699.164375546165,0.52,0.40878390356048144,-0.3456214684173008,0.12913737689402438,0.793689817654136
D03,full,11,683.3333333333334,4861.6394540470155,0.2,0.30112120385750263,-0.2757418593387938,0.18792591319471863,0.7070914755445737
D03,hard,11,544.6666666666666,5769.778970458247,0.0,0.6366808960703052,0.0,0.20869839160550752,0.45073443288627635
D03,nohealth,11,349.3333333333333,2878.5237375220513,0.56,0.32599891826907745,-0.295489950905425,0.15507279773283666,0.7884818411926934
D03,full,12,807.3333333333333,5510.183485057022,0.14,0.5421419545034862,-0.21226691828314598,0.18017067522250885,0.3130542734150614
D03,hard,12,595.0,5764.38893999887,0.0,0.6770858808488864,0.0,0.18421176446539933,0.3130542734150614
D03,nohealth,12,303.0,2987.8840195365283,0.52,0.3894963020086375,-0.3746010099033698,0.15464847409050475,0.7972688044232772
D03,full,13,587.0,4655.319203296408,0.22,0.4392444937479214,-0.09264251479345231,0.21475020590567617,0.40337630160904503
D03,hard,13,582.0,5138.460835418654,0.0,0.608140302548656,0.0,0.22350488065454321,0.40337630160904503
D03,nohealth,13,298.0,2582.6812736857887,0.44,0.24690524295220095,-0.3126225338490219,0.19714143116339278,0.8015123730886206
D03,full,14,656.6666666666666,5303.769628947343,0.14,0.6235916555658283,-0.2108501164119466,0.10941807795221925,0.3184417814980253
D03,hard,14,527.3333333333333,5140.854532092843,0.0,0.6660215919634904,0.0,0.1155493914095077,0.30680354550185696
D03,nohealth,14,291.66666666666663,2711.4755791051857,0.52,0.46484949032547895,-0.4302402479186435,0.07868818903159602,0.7949400403065563
D03,full,15,314.66666666666663,2953.9784117249037,0.48,0.3829815441182669,-0.39970925075816177,0.14092134307236126,0.811223970907628
D03,hard,15,563.3333333333331,5329.3990965564435,0.0,0.6840564566042986,0.0,0.18203594341262552,0.35453568606737923
D03,nohealth,15,339.6666666666667,2840.1382469104387,0.56,0.3639132279335531,-0.3872438551248248,0.13137571217538357,0.7883071844218685
D03,full,16,635.0,4543.80145234949,0.28,0.5047588505922858,-0.1896031372856945,0.11793441163531304,0.306164891857608
D03,hard,16,570.0,5691.470888150672,0.0,0.605626223279973,0.0,0.13774933282765023,0.306164891857608
D03,nohealth,16,390.0,3002.9996019389837,0.54,0.4091409582473846,-0.3782467297754626,0.12039979253368005,0.7887841150561749
D03,full,17,522.0,4036.523035185789,0.24,0.546041734074006,-0.20454777139814334,0.18245130200416848,0.4148661270249999
D03,hard,17,505.6666666666667,4899.120152274959,0.0,0.6787167307511304,0.0,0.19590921904813696,0.4148661270249999
D03,nohealth,17,344.0,2844.1891195630897,0.52,0.33775541208730164,-0.3386634486139924,0.18169407311202934,0.786932367154683
D03,full,18,637.6666666666666,4511.669689138898,0.24,0.3774307178689573,-0.17862782954824674,0.1511032051579395,0.4558863766453769
D03,hard,18,579.6666666666666,5546.959626740386,0.0,0.6329992139428977,0.0,0.17152334659744506,0.42521318803445496
D03,nohealth,18,355.00000000000006,2617.0394965156934,0.58,0.32981049267748297,-0.288457383946349,0.12506498008399114,0.7986055743107299
D03,full,19,680.6666666666666,5060.778300450047,0.18,0.46164947984415816,-0.22375956547199868,0.1859473736789291,0.3029397554043654
D03,hard,19,569.6666666666666,5486.72395377129,0.0,0.629135339707469,0.0,0.1968736184832668,0.3029397554043654
D03,nohealth,19,286.0,2843.377278201669,0.42,0.35004649619788664,-0.40479410766304724,0.1428368257238669,0.8112494145863296
D03,full,20,311.6666666666667,2769.3831415142286,0.5,0.42809211273989467,-0.314809814498748,0.08680669539836483,0.8095958680981383
D03,hard,20,540.6666666666666,5354.441695069648,0.0,0.7129656230860244,0.0,0.1190161037931865,0.42345039645223287
D03,nohealth,20,340.3333333333333,2785.7210548594903,0.56,0.42847552927216137,-0.30941591659641793,0.06977591238382952,0.7923980614625311
D03,full,21,672.6666666666667,4577.553974765988,0.2,0.4271954058875067,-0.13990997086412882,0.17951583976866514,0.36783207786804173
D03,hard,21,533.3333333333333,5402.1453397196465,0.0,0.6687329186087936,0.0,0.17543481233455893,0.36783207786804173
D03,nohealth,21,360.00000000000006,2801.759385338518,0.54,0.37870021162733924,-0.30832804803310826,0.11481991752223508,0.7907225724772997
D03,full,22,614.6666666666667,4782.36753021949,0.3,0.4528315202999398,-0.16640625711128942,0.21024228820033586,0.3137393541194783
D03,hard,22,541.6666666666666,5227.470827760979,0.0,0.6829777498942289,0.0,0.21764301059205104,0.3137393541194783
D03,nohealth,22,357.3333333333333,2737.4151369490955,0.44,0.3801382791098882,-0.3563335491684065,0.18606376643401867,0.7929807117960458
D03,full,23,376.0,2946.4948173553835,0.5,0.4016519605886053,-0.3479674709896936,0.14736447703835454,0.7940271097855927
D03,hard,23,633.6666666666667,5498.603359134793,0.0,0.7130525754854158,0.0,0.1664138185938523,0.3158085206812917
D03,nohealth,23,402.3333333333333,3178.012183081636,0.54,0.41773599088374436,-0.34117592330748003,0.12776970352237316,0.7837269067932631
D03,full,24,596.9999999999999,4741.581785545168,0.16,0.5081449821144532,-0.18419119055707525,0.1827168561427608,0.30667490420366283
D03,hard,24,525.3333333333333,4941.184970842932,0.0,0.6843874285363949,0.0,0.17906165874698543,0.30667490420366283
D03,nohealth,24,269.66666666666663,2520.6960554706925,0.52,0.4268619640981355,-0.34827954700989333,0.13713326582517338,0.8054062227791801
D03,full,25,698.3333333333334,4872.581010851764,0.18,0.5978983405116656,-0.2532573674654402,0.05841201519932382,0.3938311204652987
D03,hard,25,536.0,5461.441863185357,0.0,0.7304178767805019,0.0,0.06637265928761826,0.33441176769914865
D03,nohealth,25,289.33333333333337,2848.216300425218,0.5,0.46587478432382756,-0.3930279452828505,0.031587674008963895,0.7975677913590378
D03,full,26,533.6666666666667,3967.39697277803,0.26,0.3533264447757243,-0.23960546657511447,0.17901538863806565,0.3074937805257015
D03,hard,26,563.6666666666666,5119.695250134477,0.0,0.634429501792722,0.0,0.1968752788321858,0.3074937805257015
D03,nohealth,26,346.0,2574.4308846669487,0.52,0.37097836855833743,-0.3615778901705942,0.14344834677508067,0.7922056885516394
D03,full,27,326.0,3140.043890454752,0.48,0.36607115453267536,-0.3601112823998598,0.12740633863463424,0.7978058683693712
D03,hard,27,543.0,5570.589830010734,0.0,0.6628222965694872,0.0,0.14708272423481328,0.4267015788733378
D03,nohealth,27,346.6666666666667,2978.4364600399094,0.46,0.3530441932598438,-0.3543402515979401,0.1007141163697095,0.7957288469943744
D03,full,28,680.6666666666667,5457.7716241664575,0.12,0.47976341184955573,-0.19298021702847262,0.18432365533441109,0.34964960671307627
D03,hard,28,587.6666666666666,5487.594254792041,0.0,0.7083963382230332,0.0,0.195261110562292,0.34964960671307627
D03,nohealth,28,296.3333333333333,2873.562708266794,0.46,0.37989798700578836,-0.3635137759309136,0.16275615498090767,0.802014050018577
D03,full,29,670.0000000000001,5190.951618241302,0.2,0.5351919468251014,-0.16000713775641962,0.21629517003262133,0.3368144063294138
D03,hard,29,537.0000000000001,5311.545925050249,0.0,0.6515510306733829,0.0,0.21598708214588913,0.3368144063294138
D03,nohealth,29,346.0,2815.175182342612,0.52,0.424537771469345,-0.35695043931278014,0.19057665508368538,0.7945626588975956
D03,full,30,600.6666666666667,4533.8432101281915,0.18,0.4743048399743772,-0.1532658292264829,0.20897914826173392,0.34748439816501486
D03,hard,30,520.3333333333333,5170.633542639314,0.0,0.7349429532125358,0.0,0.21056808749432765,0.34748439816501486
D03,nohealth,30,370.0,2568.1025633355844,0.56,0.3891819400690051,-0.34057930803885333,0.17547941127541744,0.7871702200429478
D04,full,1,335.00000000000006,3141.0771933578453,0.48,0.3896426282629477,-0.3823901271510078,0.06441007663153264,0.8311637144541764
D04,hard,1,565.3333333333334,5773.666716477826,0.0,0.5973822562202851,0.0,0.08483252119984219,0.35233843751553295
D04,nohealth,1,300.33333333333337,3141.951903000504,0.5,0.39023869925963073,-0.3834688966902865,0.06828621631163301,0.8334547928627326
D04,full,2,315.6666666666667,2898.8184113033094,0.5,0.43620152500586773,-0.432810443450808,0.1072201585673902,0.8332002953429907
D04,hard,2,554.6666666666666,5426.585369179175,0.0,0.6468800369844361,0.0,0.126038063908689,0.31682425077358367
D04,nohealth,2,277.66666666666663,2826.372491766084,0.52,0.4465880171654226,-0.4273643018923732,0.09397119152072231,0.8331157983832598
D04,full,3,573.3333333333333,4556.09484220232,0.18,0.5604992747615678,-0.17485206759232574,0.13435579576507617,0.3213078229153842
D04,hard,3,543.3333333333334,5104.9348069349935,0.0,0.6701513110738377,0.0,0.14414808943614532,0.3213078229153842
D04,nohealth,3,310.0,2647.9230144321837,0.44,0.42495892788213663,-0.4204662996549997,0.1328371608669887,0.8349743881000234
D04,full,4,586.3333333333334,4876.274151120469,0.24,0.48465702397371424,-0.27452787846399296,0.15748038408284004,0.36807036336773774
D04,hard,4,598.0,5809.10088519726,0.0,0.7010234472217889,0.0,0.160421528963808,0.32987043548338324
D04,nohealth,4,372.00000000000006,2877.599632954222,0.46,0.4550860731155928,-0.4135806101678262,0.140589312004061,0.8366955196043884
D04,full,5,561.0,4391.471267939585,0.22,0.5353282644845239,-0.10159835807229571,0.1571052009998013,0.3278889415819196
D04,hard,5,643.6666666666667,5855.63321703626,0.0,0.6484323992368537,0.0,0.17154852772590223,0.3278889415819196
D04,nohealth,5,410.0,3291.2260769031805,0.48,0.39651827040792753,-0.35644197089542723,0.12228115168918086,0.71887288077669
D04,full,6,332.3333333333333,3142.0106940239825,0.48,0.4586722473362139,-0.4041118780366301,0.0022844991186004027,0.8350854888934917
D04,hard,6,643.3333333333334,5714.617376655182,0.0,0.6791720857838965,0.0,0.03293419422924593,0.32863531176746946
D04,nohealth,6,387.33333333333337,2936.6610403023833,0.48,0.4499048273370285,-0.4003325458159968,-0.003759758301899674,0.8282612657263723
D04,full,7,622.6666666666667,5062.439979657518,0.14,0.40102086819628613,-0.23762292668757726,0.18471290230656467,0.3601785217252042
D04,hard,7,542.6666666666666,5348.768993104783,0.0,0.5394028552455299,0.0,0.18620319455976708,0.30940883840000394
D04,nohealth,7,310.6666666666667,2673.7754414858305,0.52,0.29900489301142574,-0.4421630044444826,0.16264879230307394,0.8253378987532565
D04,full,8,608.6666666666667,4949.092675802463,0.26,0.5365256295180885,-0.16340294790013773,0.11207304507852522,0.32032786237925137
D04,hard,8,585.3333333333334,5798.28813288665,0.0,0.6978968835658805,0.0,0.1210384808204884,0.32032786237925137
D04,nohealth,8,330.0,2989.5887705792975,0.54,0.43428915910569077,-0.370088196690101,0.09455111160318275,0.8297487895899882
D04,full,9,576.0,4992.414074023696,0.18,0.5626832638679897,-0.1769066448090791,0.10047774053953606,0.37073366093323484
D04,hard,9,563.3333333333334,5720.01596836234,0.0,0.703299942654908,0.0,0.10116999461790599,0.37073366093323484
D04,nohealth,9,311.33333333333337,2763.074906747333,0.48,0.43160889779653444,-0.3590371128155382,0.07785580883228038,0.8295318645824962
D04,full,10,542.3333333333334,4315.335686362512,0.22,0.4546267752772015,-0.23913838088300507,0.15028807954917678,0.3390643909447751
D04,hard,10,517.0,5022.493027132397,0.0,0.6897333271076371,0.0,0.157671604713023,0.3390643909447751
D04,nohealth,10,340.3333333333333,2699.164375546165,0.52,0.4404834666198374,-0.3730956816157391,0.11311107501977236,0.8283998985544166
D04,full,11,683.3333333333334,4861.6394540470155,0.2,0.31511857854451786,-0.2758593761238791,0.15010265896362196,0.7021587584208591
D04,hard,11,544.6666666666666,5769.778970458247,0.0,0.6077702542186656,0.0,0.1638644188796763,0.45073443288627635
D04,nohealth,11,349.3333333333333,2878.5237375220513,0.56,0.348192146738979,-0.32740220318275187,0.12747025644737087,0.8250578503455559
D04,full,12,807.3333333333333,5510.183485057022,0.14,0.5489238366799856,-0.21667753632967765,0.1443438722711674,0.3130542734150614
D04,hard,12,595.0,5764.38893999887,0.0,0.6318486474230625,0.0,0.14703931311624308,0.3130542734150614
D04,nohealth,12,303.0,2987.8840195365283,0.52,0.41499048414214124,-0.4050071273484507,0.12651610575531147,0.8304559702213681
D04,full,13,587.0,4655.319203296408,0.22,0.45696771143809767,-0.10379788982653057,0.17679290635472544,0.40337630160904503
D04,hard,13,582.0,5138.460835418654,0.0,0.5837662104789658,0.0,0.18353069028998814,0.40337630160904503
D04,nohealth,13,298.0,2582.6812736857887,0.44,0.2830384523506111,-0.3400949266972112,0.16380742392330927,0.8326527278052624
D04,full,14,656.6666666666666,5303.769628947343,0.14,0.6358904124442262,-0.21488078767784216,0.07432788252901279,0.3184417814980253
D04,hard,14,527.3333333333333,5140.854532092843,0.0,0.6540711989443815,0.0,0.07790592860177292,0.30680354550185696
D04,nohealth,14,291.66666666666663,2711.4755791051857,0.52,0.4745288978818789,-0.46035998438082615,0.0529743809107861,0.8290722714982462
D04,full,15,314.66666666666663,2953.9784117249037,0.48,0.39175006672837376,-0.4262851655073808,0.11011108256296054,0.8395764850224499
D04,hard,15,563.3333333333331,5329.3990965564435,0.0,0.6289920801709052,0.0,0.14387935055354317,0.35453568606737923
D04,nohealth,15,339.6666666666667,2840.1382469104387,0.56,0.3799066633856625,-0.41837986271171346,0.10918776844721789,0.8248725149947697
D04,full,16,635.0,4543.80145234949,0.28,0.5585602256409519,-0.20206668246761436,0.079252171788747,0.306164891857608
D04,hard,16,570.0,5691.470888150672,0.0,0.6244573021296991,0.0,0.09818388419648016,0.306164891857608
D04,nohealth,16,390.0,3002.9996019389837,0.54,0.43101229779836525,-0.4071770958511888,0.08588689229364055,0.8250266561355974
D04,full,17,522.0,4036.523035185789,0.24,0.556638360524996,-0.21392854659051314,0.14861022778055277,0.4148661270249999
D04,hard,17,505.6666666666667,4899.120152274959,0.0,0.6693643779553411,0.0,0.15752545533186824,0.4148661270249999
D04,nohealth,17,344.0,2844.1891195630897,0.52,0.36818922205311533,-0.36642932816324,0.1472163333695119,0.8240502027617328
D04,full,18,637.6666666666666,4511.669689138898,0.24,0.40020594640968676,-0.1875332715883216,0.11589725410917007,0.4558863766453769
D04,hard,18,579.6666666666666,5546.959626740386,0.0,0.5931131918739219,0.0,0.1277744795088137,0.42521318803445496
D04,nohealth,18,355.00000000000006,2617.0394965156934,0.58,0.3644476901511522,-0.31952002422105485,0.09703224873232796,0.8315519379818823
D04,full,19,680.6666666666666,5060.778300450047,0.18,0.4978335637426796,-0.23046075678124778,0.14871661333254926,0.3029397554043654
D04,hard,19,569.6666666666666,5486.72395377129,0.0,0.6019864818278411,0.0,0.15576993328298894,0.3029397554043654
D04,nohealth,19,286.0,2843.377278201669,0.42,0.3870438459734553,-0.4289870331293842,0.11946327196079509,0.8363624332969284
D04,full,20,311.6666666666667,2769.3831415142286,0.5,0.43212990543340646,-0.341985831595668,0.05677881693736497,0.8386803951981621
D04,hard,20,540.6666666666666,5354.441695069648,0.0,0.6243621005384692,0.0,0.07888050398117141,0.42345039645223287
D04,nohealth,20,340.3333333333333,2785.7210548594903,0.56,0.44444517338264267,-0.3383358213122811,0.04551261931245143,0.8276149233603028
D04,full,21,672.6666666666667,4577.553974765988,0.2,0.43188509987006696,-0.1503580521774826,0.13841921036289473,0.36783207786804173
D04,hard,21,533.3333333333333,5402.1453397196465,0.0,0.5957127557366941,0.0,0.13506628253658548,0.36783207786804173
D04,nohealth,21,360.00000000000006,2801.759385338518,0.54,0.38346130484696084,-0.33883413871385504,0.09337807095716522,0.8264668666368518
D04,full,22,614.6666666666667,4782.36753021949,0.3,0.4675440386853098,-0.17715936133742477,0.17466986611458735,0.3137393541194783
D04,hard,22,541.6666666666666,5227.470827760979,0.0,0.6684053532036915,0.0,0.17964830585695257,0.3137393541194783
D04,nohealth,22,357.3333333333333,2737.4151369490955,0.44,0.38313312890675566,-0.3825066065539432,0.15397159960179208,0.8278205300309928
D04,full,23,376.0,2946.4948173553835,0.5,0.4068478546203249,-0.3770989938638204,0.11343399174737478,0.828576678934225
D04,hard,23,633.6666666666667,5498.603359134793,0.0,0.6156599674592222,0.0,0.12663702878808636,0.3158085206812917
D04,nohealth,23,402.3333333333333,3178.012183081636,0.54,0.41730828513747475,-0.37117520691978384,0.09502788655039529,0.8217458125752773
D04,full,24,596.9999999999999,4741.581785545168,0.16,0.5618727921862421,-0.1892801347862945,0.1420266834855446,0.30667490420366283
D04,hard,24,525.3333333333333,4941.184970842932,0.0,0.6968093105945554,0.0,0.1395966085736131,0.30667490420366283
D04,nohealth,24,269.66666666666663,2520.6960554706925,0.52,0.4582669055173494,-0.3775991202354632,0.11116638667278234,0.8352299997285
D04,full,25,698.3333333333334,4872.581010851764,0.18,0.5707951948896566,-0.256729599354387,0.02035159445204071,0.3938311204652987
D04,hard,25,536.0,5461.441863185357,0.0,0.5646562086878841,0.0,0.02593451053457707,0.33441176769914865
D04,nohealth,25,289.33333333333337,2848.216300425218,0.5,0.4713113914271405,-0.42305388276113043,0.002303009286740987,0.8302298556833163
D04,full,26,533.6666666666667,3967.39697277803,0.26,0.3863861573080236,-0.2468675329404008,0.14773895932243242,0.3074937805257015
D04,hard,26,563.6666666666666,5119.695250134477,0.0,0.6217101610477824,0.0,0.15995933390072548,0.3074937805257015
D04,nohealth,26,346.0,2574.4308846669487,0.52,0.38141239156979645,-0.3903006453839662,0.11640476885719098,0.8274954517564902
D04,full,27,326.0,3140.043890454752,0.48,0.37857832356196197,-0.3872627219386319,0.0928761348914583,0.831063377087867
D04,hard,27,543.0,5570.589830010734,0.0,0.5982627333725403,0.0,0.10658917180040206,0.4267015788733378
D04,nohealth,27,346.6666666666667,2978.4364600399094,0.46,0.3732902003909384,-0.38269911584928507,0.07479077487300001,0.8295589182572397
D04,full,28,680.6666666666667,5457.7716241664575,0.12,0.49068417420357857,-0.19743804703345508,0.14659793491190443,0.34964960671307627
D04,hard,28,587.6666666666666,5487.594254792041,0.0,0.6501065621819764,0.0,0.15391621671724076,0.34964960671307627
D04,nohealth,28,296.3333333333333,2873.562708266794,0.46,0.38789095039385546,-0.39366518363585584,0.13154408947910856,0.8335769699734341
D04,full,29,670.0000000000001,5190.951618241302,0.2,0.5669995615871943,-0.165317980488075,0.1789732995995006,0.3368144063294138
D04,hard,29,537.0000000000001,5311.545925050249,0.0,0.7444204251374464,0.0,0.1777658547226032,0.3368144063294138
D04,nohealth,29,346.0,2815.175182342612,0.52,0.4536891237822809,-0.38524491320840226,0.16016664014916904,0.8288883175689513
D04,full,30,600.6666666666667,4533.8432101281915,0.18,0.48423756390847084,-0.15911428965262123,0.17149947713045777,0.34748439816501486
D04,hard,30,520.3333333333333,5170.633542639314,0.0,0.702889341058514,0.0,0.17295306080219752,0.34748439816501486
D04,nohealth,30,370.0,2568.1025633355844,0.56,0.3761218734123102,-0.3684835022539159,0.14823403829083115,0.8240919401458546
D05,full,1,335.00000000000006,3141.0771933578453,0.48,0.30948264994235286,-0.4940222529471141,-0.04508970443401372,0.9450761631821608
D05,hard,1,565.3333333333334,5773.666716477826,0.0,0.586463504203828,0.0,0.0,0.35233843751553295
D05,nohealth,1,300.33333333333337,3141.951903000504,0.5,0.30969318246430766,-0.49391540685720886,-0.04485379452419058,0.9453656767412657
D05,full,2,315.6666666666667,2898.8184113033094,0.5,0.40142932570513135,-0.5353554657728814,-0.002800163930668065,0.9448141928924905
D05,hard,2,554.6666666666666,5426.585369179175,0.0,0.7057018117597433,0.0,0.0,0.31682425077358367
D05,nohealth,2,277.66666666666663,2826.372491766084,0.52,0.4004075778206606,-0.5351214180791298,-0.004438099824370156,0.944507780709272
D05,full,3,573.3333333333333,4556.09484220232,0.18,0.6069757070113462,-0.21554282583341786,0.013781141279923581,0.3213078229153842
D05,hard,3,543.3333333333334,5104.9348069349935,0.0,0.7157200921263815,0.0,0.014859097768224139,0.3213078229153842
D05,nohealth,3,310.0,2647.9230144321837,0.44,0.4367034334677333,-0.5220452573797593,0.012539381492714607,0.9358092913309091
D05,full,4,586.3333333333334,4876.274151120469,0.24,0.48981937408789955,-0.32469278484900754,0.03419380671147454,0.36807036336773774
D05,hard,4,598.0,5809.10088519726,0.0,0.6420626872921926,0.0,0.035180638678609544,0.32987043548338324
D05,nohealth,4,372.00000000000006,2877.599632954222,0.46,0.43870528495277594,-0.5136023810719869,0.03153846341779898,0.9383906165219091
D05,full,5,561.0,4391.471267939585,0.22,0.6135371376740166,-0.14592171156555453,0.03396731323965463,0.3278889415819196
D05,hard,5,643.6666666666667,5855.63321703626,0.0,0.7144577320384109,0.0,0.03574593114268221,0.3278889415819196
D05,nohealth,5,410.0,3291.2260769031805,0.48,0.41235293640554094,-0.4561486100706619,0.02866298100645226,0.7548159854792759
D05,full,6,332.3333333333333,3142.0106940239825,0.48,0.30915053003591675,-0.5104934927525799,-0.10115227725361575,0.9465908652156867
D05,hard,6,643.3333333333334,5714.617376655182,0.0,0.5769500810004176,0.0,0.0,0.32863531176746946
D05,nohealth,6,387.33333333333337,2936.6610403023833,0.48,0.30531271487062517,-0.5042282083393876,-0.10130356623639292,0.925977008414396
D05,full,7,622.6666666666667,5062.439979657518,0.14,0.615442930696003,-0.27589138139718294,0.0547082009697496,0.3601785217252042
D05,hard,7,542.6666666666666,5348.768993104783,0.0,0.572503257060264,0.0,0.054594341506778,0.30940883840000394
D05,nohealth,7,310.6666666666667,2673.7754414858305,0.52,0.4595729467317844,-0.5506174748376272,0.05102901550209715,0.9459223904750618
D05,full,8,608.6666666666667,4949.092675802463,0.26,0.4585121449236851,-0.20579717080814622,0.0,0.32032786237925137
D05,hard,8,585.3333333333334,5798.28813288665,0.0,0.6644082010469039,0.0,0.0,0.32032786237925137
D05,nohealth,8,330.0,2989.5887705792975,0.54,0.3596345096983862,-0.4828143475448104,-0.012358797404824373,0.9450323892777321
D05,full,9,576.0,4992.414074023696,0.18,0.4648414117298423,-0.22256444011395518,0.0,0.37073366093323484
D05,hard,9,563.3333333333334,5720.01596836234,0.0,0.641205337256219,0.0,0.0,0.37073366093323484
D05,nohealth,9,311.33333333333337,2763.074906747333,0.48,0.33727543657579395,-0.46446620673572625,-0.023502870738955073,0.9424722421060934
D05,full,10,542.3333333333334,4315.335686362512,0.22,0.5061205315155062,-0.28689834870382225,0.03357857405874631,0.3390643909447751
D05,hard,10,517.0,5022.493027132397,0.0,0.6995955802800886,0.0,0.03398733798314857,0.3390643909447751
D05,nohealth,10,340.3333333333333,2699.164375546165,0.52,0.44953661241822895,-0.4780274973131811,0.028126841974138284,0.9365999048240858
D05,full,11,683.3333333333334,4861.6394540470155,0.2,0.3256214730710407,-0.3182561368908844,0.025805685889427443,0.7206623580873769
D05,hard,11,544.6666666666666,5769.778970458247,0.0,0.6867977395872482,0.0,0.02750277980459126,0.45073443288627635
D05,nohealth,11,349.3333333333333,2878.5237375220513,0.56,0.3353029953516109,-0.44018957429684386,0.02224170275653725,0.9376837832236431
D05,full,12,807.3333333333333,5510.183485057022,0.14,0.5184334092022327,-0.25604592686596295,0.02321928017520536,0.3130542734150614
D05,hard,12,595.0,5764.38893999887,0.0,0.6790658685380886,0.0,0.02357101443488696,0.3130542734150614
D05,nohealth,12,303.0,2987.8840195365283,0.52,0.3859791973536102,-0.5153364863058978,0.020153442247539788,0.9450203841678119
D05,full,13,587.0,4655.319203296408,0.22,0.6550239816439627,-0.14652552714420838,0.05386103867470893,0.40337630160904503
D05,hard,13,582.0,5138.460835418654,0.0,0.7092812069367522,0.0,0.055043994380912675,0.40337630160904503
D05,nohealth,13,298.0,2582.6812736857887,0.44,0.44507608240324115,-0.4448955576947268,0.050019406604196126,0.9365878789473577
D05,full,14,656.6666666666666,5303.769628947343,0.14,0.5286287195393522,-0.24816841968569142,0.0,0.3184417814980253
D05,hard,14,527.3333333333333,5140.854532092843,0.0,0.6042099150362592,0.0,0.0,0.30680354550185696
D05,nohealth,14,291.66666666666663,2711.4755791051857,0.52,0.37980952822451686,-0.5701822890486661,-0.04908555212070187,0.9448649719666053
D05,full,15,314.66666666666663,2953.9784117249037,0.48,0.3941424367288746,-0.5301810445258294,0.01332311828847721,0.9426480919971556
D05,hard,15,563.3333333333331,5329.3990965564435,0.0,0.7279446919043953,0.0,0.018456097033576868,0.35453568606737923
D05,nohealth,15,339.6666666666667,2840.1382469104387,0.56,0.39378239805056414,-0.5299717963559842,0.01324843598808001,0.9429507731975554
D05,full,16,635.0,4543.80145234949,0.28,0.5424532093340215,-0.25734119455082305,0.0,0.306164891857608
D05,hard,16,570.0,5691.470888150672,0.0,0.7037186478829818,0.0,0.0,0.306164891857608
D05,nohealth,16,390.0,3002.9996019389837,0.54,0.4105653981045423,-0.5150988879334195,-0.031415384055608175,0.9413727512544507
D05,full,17,522.0,4036.523035185789,0.24,0.530556303434333,-0.26442540120194274,0.030982513492706754,0.4148661270249999
D05,hard,17,505.6666666666667,4899.120152274959,0.0,0.6884653924245423,0.0,0.03208101865937851,0.4148661270249999
D05,nohealth,17,344.0,2844.1891195630897,0.52,0.36509946443553476,-0.47168935005801604,0.029887732092364616,0.920831886216425
D05,full,18,637.6666666666666,4511.669689138898,0.24,0.5632487067165142,-0.2385075292908255,0.0,0.4558863766453769
D05,hard,18,579.6666666666666,5546.959626740386,0.0,0.7833516028224601,0.0,0.0,0.42521318803445496
D05,nohealth,18,355.00000000000006,2617.0394965156934,0.58,0.44764285445020624,-0.4313091489829522,-0.009219649338612412,0.9462671739299747
D05,full,19,680.6666666666666,5060.778300450047,0.18,0.5798897857460796,-0.2753564923343525,0.025096243536860796,0.3029397554043654
D05,hard,19,569.6666666666666,5486.72395377129,0.0,0.720750439218284,0.0,0.025766487637007507,0.3029397554043654
D05,nohealth,19,286.0,2843.377278201669,0.42,0.43103462526718817,-0.5278340766080657,0.020854429939274555,0.9166944837760518
D05,full,20,311.6666666666667,2769.3831415142286,0.5,0.35063724615185343,-0.4471259043523803,-0.052674475822965916,0.945715802086557
D05,hard,20,540.6666666666666,5354.441695069648,0.0,0.638560573275359,0.0,0.0,0.42345039645223287
D05,nohealth,20,340.3333333333333,2785.7210548594903,0.56,0.3500263946955293,-0.44616816095200695,-0.05319296828150466,0.9447692113695237
D05,full,21,672.6666666666667,4577.553974765988,0.2,0.5540746302951194,-0.19892477968310734,0.007219297316494733,0.36783207786804173
D05,hard,21,533.3333333333333,5402.1453397196465,0.0,0.7803329186176975,0.0,0.006104689970453658,0.36783207786804173
D05,nohealth,21,360.00000000000006,2801.759385338518,0.54,0.42298813273470137,-0.44907919494477566,0.0003995258338035379,0.9418337964595529
D05,full,22,614.6666666666667,4782.36753021949,0.3,0.5128608493189191,-0.22969366105858136,0.053869389497969045,0.3137393541194783
D05,hard,22,541.6666666666666,5227.470827760979,0.0,0.6625731947395341,0.0,0.05456510214780075,0.3137393541194783
D05,nohealth,22,357.3333333333333,2737.4151369490955,0.44,0.4101143199617441,-0.48497167790914303,0.04863813570218578,0.9263332979305482
D05,full,23,376.0,2946.4948173553835,0.5,0.4235181346269421,-0.4854504849266842,-0.003400071480225919,0.945262023139795
D05,hard,23,633.6666666666667,5498.603359134793,0.0,0.7356172373722336,0.0,0.0,0.3158085206812917
D05,nohealth,23,402.3333333333333,3178.012183081636,0.54,0.42123559681591405,-0.48029415692682154,-0.008056692862966064,0.9244741724960202
D05,full,24,596.9999999999999,4741.581785545168,0.16,0.5289390553756388,-0.22971722258707744,0.012771805707069372,0.30667490420366283
D05,hard,24,525.3333333333333,4941.184970842932,0.0,0.6671523025770649,0.0,0.012462656521054272,0.30667490420366283
D05,nohealth,24,269.66666666666663,2520.6960554706925,0.52,0.4055761897785366,-0.48599623488772303,0.008425216998310003,0.9443368506877216
D05,full,25,698.3333333333334,4872.581010851764,0.18,0.37412805453993414,-0.2968462744726586,0.0,0.3938311204652987
D05,hard,25,536.0,5461.441863185357,0.0,0.5511976655529514,0.0,0.0,0.33441176769914865
D05,nohealth,25,289.33333333333337,2848.216300425218,0.5,0.32726593668238557,-0.5325181743141378,-0.10579122028946997,0.9407080434734388
D05,full,26,533.6666666666667,3967.39697277803,0.26,0.48743498086478554,-0.298024867255458,0.035016482079482936,0.3074937805257015
D05,hard,26,563.6666666666666,5119.695250134477,0.0,0.7751643236024655,0.0,0.03693657651225268,0.3074937805257015
D05,nohealth,26,346.0,2574.4308846669487,0.52,0.4469254462815937,-0.4978376658203557,0.029615700725322602,0.9446238046014644
D05,full,27,326.0,3140.043890454752,0.48,0.37007906548095293,-0.4922821561542641,-0.024802350684115515,0.9452974093241581
D05,hard,27,543.0,5570.589830010734,0.0,0.7117246167399129,0.0,0.0,0.4267015788733378
D05,nohealth,27,346.6666666666667,2978.4364600399094,0.46,0.3698055104387905,-0.48893826139529944,-0.026585542049343602,0.940216603278898
D05,full,28,680.6666666666667,5457.7716241664575,0.12,0.5412125307798865,-0.2357275133954868,0.022254167545632697,0.34964960671307627
D05,hard,28,587.6666666666666,5487.594254792041,0.0,0.7201737232899335,0.0,0.02323482425815715,0.34964960671307627
D05,nohealth,28,296.3333333333333,2873.562708266794,0.46,0.4134123176966569,-0.5037935918237016,0.019630891330698064,0.9459676751935022
D05,full,29,670.0000000000001,5190.951618241302,0.2,0.4581973245868203,-0.20275652255155618,0.05401019159171139,0.3368144063294138
D05,hard,29,537.0000000000001,5311.545925050249,0.0,0.6157610588274356,0.0,0.052777475291713616,0.3368144063294138
D05,nohealth,29,346.0,2815.175182342612,0.52,0.36162940321464765,-0.4917653340298508,0.04980656511717829,0.938004547860554
D05,full,30,600.6666666666667,4533.8432101281915,0.18,0.4917389219566388,-0.19720191268301576,0.04804795853030719,0.34748439816501486
D05,hard,30,520.3333333333333,5170.633542639314,0.0,0.6884645180661586,0.0,0.04865963397824746,0.34748439816501486
D05,nohealth,30,370.0,2568.1025633355844,0.56,0.3868705593077333,-0.4741971235784801,0.04414215643063912,0.9363253195130845
D06,full,1,335.00000000000006,3141.0771933578453,0.48,0.3899435237197799,-0.3789449397445111,0.06555482191013406,0.8250526419341891
D06,hard,1,565.3333333333334,5773.666716477826,0.0,0.6819829741517309,0.0,0.09920596616951083,0.35233843751553295
D06,nohealth,1,300.33333333333337,3141.951903000504,0.5,0.39212459579993686,-0.38080901058083133,0.07322946899130733,0.8285751706441983
D06,full,2,315.6666666666667,2898.8184113033094,0.5,0.4316395688989876,-0.4364441925224198,0.10901719072622373,0.8287315770676564
D06,hard,2,554.6666666666666,5426.585369179175,0.0,0.6148446039004467,0.0,0.13990656648543198,0.31682425077358367
D06,nohealth,2,277.66666666666663,2826.372491766084,0.52,0.4483613372969082,-0.42652440307337064,0.0872314008481434,0.8279003164941543
D06,full,3,573.3333333333333,4556.09484220232,0.18,0.5529366127336919,-0.18178293883948501,0.14316279684913558,0.3213078229153842
D06,hard,3,543.3333333333334,5104.9348069349935,0.0,0.6718858708367033,0.0,0.16035362120664587,0.3213078229153842
D06,nohealth,3,310.0,2647.9230144321837,0.44,0.4247579530229111,-0.4241958582673126,0.14383230723568585,0.8312335165858149
D06,full,4,586.3333333333334,4876.274151120469,0.24,0.4745684282661138,-0.29242080389195063,0.16942722546305755,0.36807036336773774
D06,hard,4,598.0,5809.10088519726,0.0,0.6692187379966383,0.0,0.17264005661737114,0.32987043548338324
D06,nohealth,4,372.00000000000006,2877.599632954222,0.46,0.4504995683399451,-0.41867955573977433,0.14235053487870963,0.8341753669257083
D06,full,5,561.0,4391.471267939585,0.22,0.5387147332988727,-0.10048008440439482,0.16817823712881597,0.3278889415819196
D06,hard,5,643.6666666666667,5855.63321703626,0.0,0.6878363386432573,0.0,0.19298198552797874,0.3278889415819196
D06,nohealth,5,410.0,3291.2260769031805,0.48,0.40361861937981547,-0.35710392555425996,0.1181143596362697,0.7503496751488927
D06,full,6,332.3333333333333,3142.0106940239825,0.48,0.46886757365567777,-0.4052527421731463,-0.0007094056597111154,0.8317700134421642
D06,hard,6,643.3333333333334,5714.617376655182,0.0,0.6810553462891906,0.0,0.05131080913520214,0.32863531176746946
D06,nohealth,6,387.33333333333337,2936.6610403023833,0.48,0.4507371456368552,-0.40198700754695393,0.0005638789692957724,0.8200716620625211
D06,full,7,622.6666666666667,5062.439979657518,0.14,0.3968170258478063,-0.25170628379823584,0.2009891837282629,0.3601785217252042
D06,hard,7,542.6666666666666,5348.768993104783,0.0,0.5352846314621456,0.0,0.2044205213129907,0.30940883840000394
D06,nohealth,7,310.6666666666667,2673.7754414858305,0.52,0.29794020857150083,-0.4410496622414216,0.16595913449018418,0.8140659284094486
D06,full,8,608.6666666666667,4949.092675802463,0.26,0.5430278992720521,-0.1743616459651009,0.12178431632633546,0.32032786237925137
D06,hard,8,585.3333333333334,5798.28813288665,0.0,0.6683950193991521,0.0,0.13686336368570506,0.32032786237925137
D06,nohealth,8,330.0,2989.5887705792975,0.54,0.43165775010640606,-0.36530511879041444,0.0949911419812004,0.8220303679825224
D06,full,9,576.0,4992.414074023696,0.18,0.5738666514237831,-0.18644868690243627,0.11115957329563697,0.37073366093323484
D06,hard,9,563.3333333333334,5720.01596836234,0.0,0.6615369769099391,0.0,0.111216930821329,0.37073366093323484
D06,nohealth,9,311.33333333333337,2763.074906747333,0.48,0.4368994728007769,-0.3601520935264736,0.07323070884345051,0.8217275894187496
D06,full,10,542.3333333333334,4315.335686362512,0.22,0.4612758710172622,-0.2571464079174052,0.15617735507936004,0.3390643909447751
D06,hard,10,517.0,5022.493027132397,0.0,0.6749681840687727,0.0,0.17033210052924697,0.3390643909447751
D06,nohealth,10,340.3333333333333,2699.164375546165,0.52,0.4529481098084438,-0.3740992514755869,0.09617343975238957,0.8197260399505287
D06,full,11,683.3333333333334,4861.6394540470155,0.2,0.3209961236110812,-0.3047147885893594,0.16258731723564002,0.7276625308623871
D06,hard,11,544.6666666666666,5769.778970458247,0.0,0.5986395085949772,0.0,0.18621116047214148,0.45073443288627635
D06,nohealth,11,349.3333333333333,2878.5237375220513,0.56,0.3407427401065819,-0.32231278028107513,0.12659500507321397,0.8133597135473813
D06,full,12,807.3333333333333,5510.183485057022,0.14,0.5571104189763163,-0.2323295996195725,0.15383900618766988,0.3130542734150614
D06,hard,12,595.0,5764.38893999887,0.0,0.628994788446088,0.0,0.15840813603993886,0.3130542734150614
D06,nohealth,12,303.0,2987.8840195365283,0.52,0.40618972161224565,-0.40212848630625053,0.12623325059717594,0.8234890654888832
D06,full,13,587.0,4655.319203296408,0.22,0.4584748748865304,-0.10428934493750457,0.18963793325386724,0.40337630160904503
D06,hard,13,582.0,5138.460835418654,0.0,0.5918987111191945,0.0,0.1987053257868192,0.40337630160904503
D06,nohealth,13,298.0,2582.6812736857887,0.44,0.27752582190976893,-0.3410129850867052,0.17076292754705846,0.8283646147003892
D06,full,14,656.6666666666666,5303.769628947343,0.14,0.6384117111018299,-0.22733478375324898,0.0825444849189435,0.3184417814980253
D06,hard,14,527.3333333333333,5140.854532092843,0.0,0.712948152786123,0.0,0.09022155420030442,0.30680354550185696
D06,nohealth,14,291.66666666666663,2711.4755791051857,0.52,0.4663608529704968,-0.4578744163952795,0.049386042735054314,0.8209105089974492
D06,full,15,314.66666666666663,2953.9784117249037,0.48,0.3973610328628976,-0.4289031104729625,0.11516663222218748,0.8398582993214379
D06,hard,15,563.3333333333331,5329.3990965564435,0.0,0.6413069857022193,0.0,0.15645282306670594,0.35453568606737923
D06,nohealth,15,339.6666666666667,2840.1382469104387,0.56,0.3664508078040112,-0.414478955134594,0.10067598285986845,0.8134880943737943
D06,full,16,635.0,4543.80145234949,0.28,0.5543221522920754,-0.20779910588333655,0.09349245363169456,0.306164891857608
D06,hard,16,570.0,5691.470888150672,0.0,0.6009399128637585,0.0,0.11307052954517127,0.306164891857608
D06,nohealth,16,390.0,3002.9996019389837,0.54,0.4311276212000048,-0.4064652293934829,0.09460753239990827,0.8144299797866218
D06,full,17,522.0,4036.523035185789,0.24,0.571252357411975,-0.22436031828312694,0.15536679588822289,0.4148661270249999
D06,hard,17,505.6666666666667,4899.120152274959,0.0,0.6917646423205979,0.0,0.1706728024719537,0.4148661270249999
D06,nohealth,17,344.0,2844.1891195630897,0.52,0.3577284702773076,-0.3669031253248529,0.15582779084735543,0.8118577072900753
D06,full,18,637.6666666666666,4511.669689138898,0.24,0.4030505403123863,-0.19952465609610606,0.12369185478815004,0.4558863766453769
D06,hard,18,579.6666666666666,5546.959626740386,0.0,0.6151950048527384,0.0,0.1485682559071576,0.42521318803445496
D06,nohealth,18,355.00000000000006,2617.0394965156934,0.58,0.36919222238459803,-0.3159447860032274,0.09656748511472879,0.8251417398690453
D06,full,19,680.6666666666666,5060.778300450047,0.18,0.49217602313316156,-0.2439811339745844,0.16013188282763824,0.3029397554043654
D06,hard,19,569.6666666666666,5486.72395377129,0.0,0.6117723311162244,0.0,0.17282711976033405,0.3029397554043654
D06,nohealth,19,286.0,2843.377278201669,0.42,0.3834689525138062,-0.4343051619981056,0.11218654351294233,0.8397887952625148
D06,full,20,311.6666666666667,2769.3831415142286,0.5,0.43970007021945645,-0.34390505916262215,0.05928024429396339,0.8379021770485683
D06,hard,20,540.6666666666666,5354.441695069648,0.0,0.6306688581188233,0.0,0.09445299261447004,0.42345039645223287
D06,nohealth,20,340.3333333333333,2785.7210548594903,0.56,0.4541374650556329,-0.3375895291035238,0.04047405580983521,0.81819104969432
D06,full,21,672.6666666666667,4577.553974765988,0.2,0.4349621887231878,-0.15669765415852022,0.15463520885619808,0.36783207786804173
D06,hard,21,533.3333333333333,5402.1453397196465,0.0,0.6241373349655919,0.0,0.15093575498434386,0.36783207786804173
D06,nohealth,21,360.00000000000006,2801.759385338518,0.54,0.3995522080399987,-0.33563855343208593,0.08497004120413776,0.8163800742291718
D06,full,22,614.6666666666667,4782.36753021949,0.3,0.4754318451226234,-0.18543769099986024,0.18372899495099082,0.3137393541194783
D06,hard,22,541.6666666666666,5227.470827760979,0.0,0.686809872986663,0.0,0.19203631799910315,0.3137393541194783
D06,nohealth,22,357.3333333333333,2737.4151369490955,0.44,0.3847050957817324,-0.38518399220126415,0.15870763791230447,0.8187239983159043
D06,full,23,376.0,2946.4948173553835,0.5,0.4073851180249384,-0.3761616080751667,0.12096802325770795,0.8197984925242098
D06,hard,23,633.6666666666667,5498.603359134793,0.0,0.6647538007808846,0.0,0.14176037122670715,0.3158085206812917
D06,nohealth,23,402.3333333333333,3178.012183081636,0.54,0.42770502629685403,-0.3685178935969352,0.10133661171063857,0.8086120095169821
D06,full,24,596.9999999999999,4741.581785545168,0.16,0.5444229043209388,-0.20391015262586096,0.1585275953270332,0.30667490420366283
D06,hard,24,525.3333333333333,4941.184970842932,0.0,0.6694754611274771,0.0,0.1543828063490562,0.30667490420366283
D06,nohealth,24,269.66666666666663,2520.6960554706925,0.52,0.4568743600887806,-0.37620600399375614,0.10776503843642038,0.8330189824019035
D06,full,25,698.3333333333334,4872.581010851764,0.18,0.5731793665077023,-0.27532703655362345,0.03307479519862855,0.3938311204652987
D06,hard,25,536.0,5461.441863185357,0.0,0.5908422865266243,0.0,0.04205652090698553,0.33441176769914865
D06,nohealth,25,289.33333333333337,2848.216300425218,0.5,0.4650771026119629,-0.4205650479557697,0.003814021050579597,0.8238121050275977
D06,full,26,533.6666666666667,3967.39697277803,0.26,0.39246957848734265,-0.2632416951729418,0.15122603348807862,0.3074937805257015
D06,hard,26,563.6666666666666,5119.695250134477,0.0,0.6361593024494927,0.0,0.17097016063886694,0.3074937805257015
D06,nohealth,26,346.0,2574.4308846669487,0.52,0.39218488353529457,-0.38986191662193426,0.11451002053225579,0.8175257835308624
D06,full,27,326.0,3140.043890454752,0.48,0.38020660856796407,-0.38916263985092947,0.1013828457960465,0.824431251401204
D06,hard,27,543.0,5570.589830010734,0.0,0.6147464591367457,0.0,0.12272855647989767,0.4267015788733378
D06,nohealth,27,346.6666666666667,2978.4364600399094,0.46,0.3705694385626739,-0.3823103215646778,0.0722153744190166,0.8217197107495426
D06,full,28,680.6666666666667,5457.7716241664575,0.12,0.5012524421523779,-0.21222574959044455,0.1587977655335543,0.34964960671307627
D06,hard,28,587.6666666666666,5487.594254792041,0.0,0.6801811358646679,0.0,0.17113192850902104,0.34964960671307627
D06,nohealth,28,296.3333333333333,2873.562708266794,0.46,0.38831226531941665,-0.3913081102914444,0.1354210503907094,0.8291196073063053
D06,full,29,670.0000000000001,5190.951618241302,0.2,0.5521024438755673,-0.17731085924312404,0.18970105891952105,0.3368144063294138
D06,hard,29,537.0000000000001,5311.545925050249,0.0,0.6929358194437396,0.0,0.19080585059622213,0.3368144063294138
D06,nohealth,29,346.0,2815.175182342612,0.52,0.4409236673999366,-0.3852163668855719,0.16303425088874635,0.8207259835101353
D06,full,30,600.6666666666667,4533.8432101281915,0.18,0.4882951007273253,-0.17016099683714586,0.18367563711478663,0.34748439816501486
D06,hard,30,520.3333333333333,5170.633542639314,0.0,0.7073318295295781,0.0,0.18490078322628922,0.34748439816501486
D06,nohealth,30,370.0,2568.1025633355844,0.56,0.37258503113397934,-0.3689109993475928,0.14721539334741185,0.8123947122091058
D07,full,1,335.00000000000006,3141.0771933578453,0.48,0.2189366938708266,-0.17764849448658823,0.26131266604783543,0.6155267916028649
D07,hard,1,565.3333333333334,5773.666716477826,0.0,0.5545938047922476,0.0,0.33613245761562927,0.35233843751553295
D07,nohealth,1,300.33333333333337,3141.951903000504,0.5,0.21052970499602952,-0.1822178972136386,0.278345001236306,0.6236500338271612
D07,full,2,315.6666666666667,2898.8184113033094,0.5,0.16247477570919266,-0.2566860022229084,0.3061958462545543,0.6265731521837111
D07,hard,2,554.6666666666666,5426.585369179175,0.0,0.5586687704026001,0.0,0.37486978458733045,0.31682425077358367
D07,nohealth,2,277.66666666666663,2826.372491766084,0.52,0.1826913909060528,-0.23409922467082236,0.25727478761765943,0.6225295559290259
D07,full,3,573.3333333333333,4556.09484220232,0.18,0.35849820369728325,-0.11461316973273168,0.36869468527252547,0.3213078229153842
D07,hard,3,543.3333333333334,5104.9348069349935,0.0,0.5542782703511095,0.0,0.40274667521487195,0.3213078229153842
D07,nohealth,3,310.0,2647.9230144321837,0.44,0.17645411946970824,-0.24622970234405478,0.36627386816971863,0.6301298253296681
D07,full,4,586.3333333333334,4876.274151120469,0.24,0.3015917919841431,-0.2166963802234013,0.3979095672440668,0.36807036336773774
D07,hard,4,598.0,5809.10088519726,0.0,0.5468473964297433,0.0,0.40480662965302516,0.32987043548338324
D07,nohealth,4,372.00000000000006,2877.599632954222,0.46,0.19603549354535366,-0.244522715653586,0.35432543580868325,0.6373005534850037
D07,full,5,561.0,4391.471267939585,0.22,0.5415890983870519,-0.020744844469594036,0.39573371914885624,0.3278889415819196
D07,hard,5,643.6666666666667,5855.63321703626,0.0,0.5845845446085867,0.0,0.45093012185105896,0.3278889415819196
D07,nohealth,5,410.0,3291.2260769031805,0.48,0.2721407670977152,-0.18014536450607893,0.33090468730637157,0.5657208580804712
D07,full,6,332.3333333333333,3142.0106940239825,0.48,0.23484503979459825,-0.21677684665789537,0.19368720308115872,0.6298787818332102
D07,hard,6,643.3333333333334,5714.617376655182,0.0,0.55814550263994,0.0,0.29781246332428035,0.32863531176746946
D07,nohealth,6,387.33333333333337,2936.6610403023833,0.48,0.25670029107579606,-0.21832490133723081,0.23137573001083178,0.6035669867848065
D07,full,7,622.6666666666667,5062.439979657518,0.14,0.2693918157037518,-0.1942683414055149,0.444709692722536,0.3601785217252042
D07,hard,7,542.6666666666666,5348.768993104783,0.0,0.5167058134271967,0.0,0.45246717005583936,0.30940883840000394
D07,nohealth,7,310.6666666666667,2673.7754414858305,0.52,0.1298083581215299,-0.24717608569179988,0.3671314074672217,0.5908822725459526
D07,full,8,608.6666666666667,4949.092675802463,0.26,0.40948515032215727,-0.10721252268984334,0.3454018913003488,0.32032786237925137
D07,hard,8,585.3333333333334,5798.28813288665,0.0,0.5944364963958382,0.0,0.3789153370309152,0.32032786237925137
D07,nohealth,8,330.0,2989.5887705792975,0.54,0.3223800166241362,-0.16104757370358963,0.2856053984050072,0.6082055397794469
D07,full,9,576.0,4992.414074023696,0.18,0.349304358677448,-0.11241735940727589,0.33501279653799354,0.37073366093323484
D07,hard,9,563.3333333333334,5720.01596836234,0.0,0.565896529583912,0.0,0.3350099014704556,0.37073366093323484
D07,nohealth,9,311.33333333333337,2763.074906747333,0.48,0.1630144197982344,-0.1733519010748626,0.25012611717890687,0.6081446731776323
D07,full,10,542.3333333333334,4315.335686362512,0.22,0.2610563357740048,-0.1857895810437124,0.3683629070933443,0.3390643909447751
D07,hard,10,517.0,5022.493027132397,0.0,0.5463194312766495,0.0,0.40006310644856313,0.3390643909447751
D07,nohealth,10,340.3333333333333,2699.164375546165,0.52,0.2126421415807267,-0.18809969315637196,0.2543365153450773,0.6029323612399428
D07,full,11,683.3333333333334,4861.6394540470155,0.2,0.17644345701915598,-0.251124279381767,0.3932755728287455,0.7135379799151461
D07,hard,11,544.6666666666666,5769.778970458247,0.0,0.6125813560585498,0.0,0.44584643133329616,0.45073443288627635
D07,nohealth,11,349.3333333333333,2878.5237375220513,0.56,0.308446511187505,-0.11771410855892701,0.31321995159401383,0.5895926363119393
D07,full,12,807.3333333333333,5510.183485057022,0.14,0.3767739757416715,-0.17412281877725033,0.37661535457719286,0.3130542734150614
D07,hard,12,595.0,5764.38893999887,0.0,0.5809279468080926,0.0,0.3867758549823077,0.3130542734150614
D07,nohealth,12,303.0,2987.8840195365283,0.52,0.26657885261519265,-0.2035800967024509,0.315325663491446,0.6137801085396932
D07,full,13,587.0,4655.319203296408,0.22,0.5071187961899637,-0.028614140765455497,0.4231744533349212,0.40337630160904503
D07,hard,13,582.0,5138.460835418654,0.0,0.5552467025182408,0.0,0.438889164039863,0.40337630160904503
D07,nohealth,13,298.0,2582.6812736857887,0.44,0.2863975638653842,-0.15518210701523455,0.38147704419679185,0.6274737456778725
D07,full,14,656.6666666666666,5303.769628947343,0.14,0.306204857586704,-0.1775270061328286,0.3027228564936365,0.3184417814980253
D07,hard,14,527.3333333333333,5140.854532092843,0.0,0.5315010649190002,0.0,0.320013959615812,0.30680354550185696
D07,nohealth,14,291.66666666666663,2711.4755791051857,0.52,0.17186053123026612,-0.26052638671566875,0.2283152745940562,0.6070531405009572
D07,full,15,314.66666666666663,2953.9784117249037,0.48,0.1701144552628142,-0.2459708004162094,0.33244722179486963,0.6492921261737016
D07,hard,15,563.3333333333331,5329.3990965564435,0.0,0.5910212394238343,0.0,0.3892129675515492,0.35453568606737923
D07,nohealth,15,339.6666666666667,2840.1382469104387,0.56,0.2425950714318279,-0.21290867458567425,0.29881456205548085,0.5892185249463833
D07,full,16,635.0,4543.80145234949,0.28,0.40745699825939075,-0.11376457704238732,0.33116714000002834,0.306164891857608
D07,hard,16,570.0,5691.470888150672,0.0,0.565440863579421,0.0,0.35319906577343185,0.306164891857608
D07,nohealth,16,390.0,3002.9996019389837,0.54,0.23399665833519,-0.2138439870327405,0.30999387837877224,0.5908826087080252
D07,full,17,522.0,4036.523035185789,0.24,0.3646913087823973,-0.14239060578443846,0.36984388038629523,0.4148661270249999
D07,hard,17,505.6666666666667,4899.120152274959,0.0,0.5805668980347554,0.0,0.4039055635161356,0.4148661270249999
D07,nohealth,17,344.0,2844.1891195630897,0.52,0.30759846792989354,-0.17991792649996208,0.37117824585195747,0.5853633303766104
D07,full,18,637.6666666666666,4511.669689138898,0.24,0.31266290920459894,-0.11788721212903182,0.3454183756576974,0.4558863766453769
D07,hard,18,579.6666666666666,5546.959626740386,0.0,0.5573609156656469,0.0,0.4037717118093357,0.42521318803445496
D07,nohealth,18,355.00000000000006,2617.0394965156934,0.58,0.2530086495453314,-0.11427035050659184,0.28532489466944744,0.6160281874911082
D07,full,19,680.6666666666666,5060.778300450047,0.18,0.3214351147595085,-0.17432114321243797,0.3888054613340882,0.3029397554043654
D07,hard,19,569.6666666666666,5486.72395377129,0.0,0.5701227757864475,0.0,0.4171372073681012,0.3029397554043654
D07,nohealth,19,286.0,2843.377278201669,0.42,0.19164116012705046,-0.2624052388414031,0.3157562920152218,0.6509764170524434
D07,full,20,311.6666666666667,2769.3831415142286,0.5,0.21071763360390783,-0.15822877663567447,0.25598351699823707,0.6443689914544898
D07,hard,20,540.6666666666666,5354.441695069648,0.0,0.5554493145939172,0.0,0.3349907437140639,0.42345039645223287
D07,nohealth,20,340.3333333333333,2785.7210548594903,0.56,0.21284110225549213,-0.1451014065497444,0.21887592159242486,0.5993728133527358
D07,full,21,672.6666666666667,4577.553974765988,0.2,0.4425833383187989,-0.07506195233821977,0.4004372980577956,0.36783207786804173
D07,hard,21,533.3333333333333,5402.1453397196465,0.0,0.5794233085249776,0.0,0.392491411803536,0.36783207786804173
D07,nohealth,21,360.00000000000006,2801.759385338518,0.54,0.3068915048650829,-0.13700000973947718,0.24493603703799882,0.5952394738852452
D07,full,22,614.6666666666667,4782.36753021949,0.3,0.4559923311271481,-0.09820968685839304,0.4055980459359517,0.3137393541194783
D07,hard,22,541.6666666666666,5227.470827760979,0.0,0.583425317074606,0.0,0.42405068157226067,0.3137393541194783
D07,nohealth,22,357.3333333333333,2737.4151369490955,0.44,0.2788454972798793,-0.20484331483214718,0.3651589612399324,0.6018341272215727
D07,full,23,376.0,2946.4948173553835,0.5,0.2762028877647038,-0.1826046661764774,0.3346217541304424,0.6042716547254185
D07,hard,23,633.6666666666667,5498.603359134793,0.0,0.5665486869917011,0.0,0.38071487026279405,0.3158085206812917
D07,nohealth,23,402.3333333333333,3178.012183081636,0.54,0.26568222769079397,-0.17229155290535064,0.30926474803222037,0.5778001527935298
D07,full,24,596.9999999999999,4741.581785545168,0.16,0.3163977349037306,-0.1430267159962209,0.4010837881667848,0.30667490420366283
D07,hard,24,525.3333333333333,4941.184970842932,0.0,0.5590797857169911,0.0,0.39186461936317596,0.30667490420366283
D07,nohealth,24,269.66666666666663,2520.6960554706925,0.52,0.23070504281254212,-0.18222248213184383,0.2880484627680143,0.6371524039450247
D07,full,25,698.3333333333334,4872.581010851764,0.18,0.24582004165329785,-0.21802061023143993,0.26491629684251927,0.3938311204652987
D07,hard,25,536.0,5461.441863185357,0.0,0.554831536587767,0.0,0.28488538530096674,0.33441176769914865
D07,nohealth,25,289.33333333333337,2848.216300425218,0.5,0.22660824075189545,-0.22385174268049668,0.19734780873238789,0.6166180675008217
D07,full,26,533.6666666666667,3967.39697277803,0.26,0.30230026431277524,-0.18459992119170487,0.3657419297500363,0.3074937805257015
D07,hard,26,563.6666666666666,5119.695250134477,0.0,0.6031308368681183,0.0,0.43819542352011187,0.3074937805257015
D07,nohealth,26,346.0,2574.4308846669487,0.52,0.27520343280582615,-0.19813249892911725,0.29925375175007807,0.5992176349163231
D07,full,27,326.0,3140.043890454752,0.48,0.17966626667473973,-0.2036864387076846,0.31727665031368424,0.6136381617895325
D07,hard,27,543.0,5570.589830010734,0.0,0.5859456619525429,0.0,0.37118268121086284,0.4267015788733378
D07,nohealth,27,346.6666666666667,2978.4364600399094,0.46,0.1331625808829937,-0.19292873534277571,0.26178402546173773,0.6092975120823546
D07,full,28,680.6666666666667,5457.7716241664575,0.12,0.35793687782144135,-0.1552842025315903,0.39174247257694217,0.34964960671307627
D07,hard,28,587.6666666666666,5487.594254792041,0.0,0.5792238669224419,0.0,0.41676878118798744,0.34964960671307627
D07,nohealth,28,296.3333333333333,2873.562708266794,0.46,0.2173801962705908,-0.19351265077440322,0.3375449769566393,0.6257059414873926
D07,full,29,670.0000000000001,5190.951618241302,0.2,0.40101030047411745,-0.11976573354232001,0.4202434408969854,0.3368144063294138
D07,hard,29,537.0000000000001,5311.545925050249,0.0,0.575536746693545,0.0,0.4231455534156734,0.3368144063294138
D07,nohealth,29,346.0,2815.175182342612,0.52,0.26363721743966995,-0.19560717634803468,0.3616289503060742,0.6055730921168296
D07,full,30,600.6666666666667,4533.8432101281915,0.18,0.4098977569523936,-0.1107435597984644,0.412625335646163,0.34748439816501486
D07,hard,30,520.3333333333333,5170.633542639314,0.0,0.5994389593757523,0.0,0.41517580710702406,0.34748439816501486
D07,nohealth,30,370.0,2568.1025633355844,0.56,0.3472453976736527,-0.18108338478179115,0.33170859287758836,0.5863086277323133
D08,full,1,335.00000000000006,3141.0771933578453,0.48,0.44001779115483974,-0.28998443083890635,0.15202922203057267,0.732586116639009
D08,hard,1,565.3333333333334,5773.666716477826,0.0,0.6211977940409785,0.0,0.2040923425714668,0.35233843751553295
D08,nohealth,1,300.33333333333337,3141.951903000504,0.5,0.44979265337231555,-0.2930569531503221,0.1639027144451214,0.7380145769748779
D08,full,2,315.6666666666667,2898.8184113033094,0.5,0.32000599748480063,-0.3571190524873456,0.19613043156526233,0.7393725679676675
D08,hard,2,554.6666666666666,5426.585369179175,0.0,0.616812266002394,0.0,0.24391709400707318,0.31682425077358367
D08,nohealth,2,277.66666666666663,2826.372491766084,0.52,0.3347674711278006,-0.3415271472776903,0.16221203220391467,0.7371096136035643
D08,full,3,573.3333333333333,4556.09484220232,0.18,0.3781356167037091,-0.15223872762803742,0.24104042463270525,0.3213078229153842
D08,hard,3,543.3333333333334,5104.9348069349935,0.0,0.5919722740859368,0.0,0.26768613909000216,0.3213078229153842
D08,nohealth,3,310.0,2647.9230144321837,0.44,0.28553913493965655,-0.345663819777305,0.24226275764536676,0.7423529888547441
D08,full,4,586.3333333333334,4876.274151120469,0.24,0.36168297112300407,-0.25928932163152146,0.2705420909428279,0.36807036336773774
D08,hard,4,598.0,5809.10088519726,0.0,0.5788624923456465,0.0,0.27538675459582007,0.32987043548338324
D08,nohealth,4,372.00000000000006,2877.599632954222,0.46,0.2888320815607275,-0.3418536986909697,0.2344670636229953,0.7471837282255716
D08,full,5,561.0,4391.471267939585,0.22,0.4952938539050169,-0.06524635633883269,0.26886855488500094,0.3278889415819196
D08,hard,5,643.6666666666667,5855.63321703626,0.0,0.6442688718649385,0.0,0.30727524579052656,0.3278889415819196
D08,nohealth,5,410.0,3291.2260769031805,0.48,0.33577675578605026,-0.2789634863881597,0.21222352323479665,0.6980568728918103
D08,full,6,332.3333333333333,3142.0106940239825,0.48,0.480313690855914,-0.32203412447550245,0.07954198236826315,0.7425490809209979
D08,hard,6,643.3333333333334,5714.617376655182,0.0,0.6469676377828084,0.0,0.16049563870700467,0.32863531176746946
D08,nohealth,6,387.33333333333337,2936.6610403023833,0.48,0.47620583686836215,-0.3209032909656376,0.10272996147660263,0.7243120105713384
D08,full,7,622.6666666666667,5062.439979657518,0.14,0.28414977820779597,-0.22658453187307778,0.3089091901684291,0.3601785217252042
D08,hard,7,542.6666666666666,5348.768993104783,0.0,0.5230568918948248,0.0,0.31428490955187327,0.30940883840000394
D08,nohealth,7,310.6666666666667,2673.7754414858305,0.52,0.1520828964323273,-0.35540797647225486,0.2548624568435228,0.7153029208658681
D08,full,8,608.6666666666667,4949.092675802463,0.26,0.4725541678299132,-0.14489666121068553,0.2207117943027338,0.32032786237925137
D08,hard,8,585.3333333333334,5798.28813288665,0.0,0.6950171687060716,0.0,0.24403862115678643,0.32032786237925137
D08,nohealth,8,330.0,2989.5887705792975,0.54,0.4624857729885119,-0.2750135827045487,0.17918166225765042,0.7274624452890316
D08,full,9,576.0,4992.414074023696,0.18,0.4604774247657022,-0.1539195878240977,0.21020801656265198,0.37073366093323484
D08,hard,9,563.3333333333334,5720.01596836234,0.0,0.6447632221575754,0.0,0.21022771311702682,0.37073366093323484
D08,nohealth,9,311.33333333333337,2763.074906747333,0.48,0.34760113639891177,-0.27767308263445195,0.1512742746650232,0.7272650103311712
D08,full,10,542.3333333333334,4315.335686362512,0.22,0.2999519051334949,-0.22594583412848893,0.24998946984785597,0.3390643909447751
D08,hard,10,517.0,5022.493027132397,0.0,0.5807050633836077,0.0,0.2720108477972617,0.3390643909447751
D08,nohealth,10,340.3333333333333,2699.164375546165,0.52,0.29779714996456286,-0.29197189334203666,0.1570107069306007,0.7238303240610606
D08,full,11,683.3333333333334,4861.6394540470155,0.2,0.2960175607540092,-0.281549339361097,0.26468576352181883,0.7220979577625126
D08,hard,11,544.6666666666666,5769.778970458247,0.0,0.7077730766468735,0.0,0.30126542329886363,0.45073443288627635
D08,nohealth,11,349.3333333333333,2878.5237375220513,0.56,0.3061527286634078,-0.23186525681495507,0.20900079310354625,0.7143316259857593
D08,full,12,807.3333333333333,5510.183485057022,0.14,0.47459244025934577,-0.20689560288970843,0.25239120284891414,0.3130542734150614
D08,hard,12,595.0,5764.38893999887,0.0,0.662292780464997,0.0,0.2594623184999373,0.3130542734150614
D08,nohealth,12,303.0,2987.8840195365283,0.52,0.3417258203454847,-0.3143914897415924,0.209739081489711,0.730751956681107
D08,full,13,587.0,4655.319203296408,0.22,0.43749177814786067,-0.0708767096304989,0.29300987877515183,0.40337630160904503
D08,hard,13,582.0,5138.460835418654,0.0,0.5837146444847046,0.0,0.305044222044379,0.40337630160904503
D08,nohealth,13,298.0,2582.6812736857887,0.44,0.21449817092831314,-0.2589586344664979,0.2639437565362943,0.739568552461182
D08,full,14,656.6666666666666,5303.769628947343,0.14,0.46151627499628645,-0.20555445634250455,0.17992705721481927,0.3184417814980253
D08,hard,14,527.3333333333333,5140.854532092843,0.0,0.5662798928278792,0.0,0.1919214151177614,0.30680354550185696
D08,nohealth,14,291.66666666666663,2711.4755791051857,0.52,0.4003728191058977,-0.3706743885046892,0.12834587207052217,0.7263204984115874
D08,full,15,314.66666666666663,2953.9784117249037,0.48,0.31470144086967267,-0.3481584713999209,0.21128586646813474,0.755701578981084
D08,hard,15,563.3333333333331,5329.3990965564435,0.0,0.6707283879588146,0.0,0.2594678440577918,0.35453568606737923
D08,nohealth,15,339.6666666666667,2840.1382469104387,0.56,0.3322726787822996,-0.3253895773641274,0.18799056111804824,0.714243546760933
D08,full,16,635.0,4543.80145234949,0.28,0.4608431927782426,-0.1663694846690316,0.1987228077817944,0.306164891857608
D08,hard,16,570.0,5691.470888150672,0.0,0.6252394785196551,0.0,0.21842712946782528,0.306164891857608
D08,nohealth,16,390.0,3002.9996019389837,0.54,0.33157912091929687,-0.32138361246479935,0.189882528282582,0.7155180952726738
D08,full,17,522.0,4036.523035185789,0.24,0.4708061979958966,-0.18834079829879752,0.2502060389452123,0.4148661270249999
D08,hard,17,505.6666666666667,4899.120152274959,0.0,0.6543119703327864,0.0,0.2739065386661531,0.4148661270249999
D08,nohealth,17,344.0,2844.1891195630897,0.52,0.2971627784021882,-0.28433124778300967,0.25108503540874083,0.7116165305550995
D08,full,18,637.6666666666666,4511.669689138898,0.24,0.2805815402071892,-0.16367902580459764,0.22175080621319765,0.4558863766453769
D08,hard,18,579.6666666666666,5546.959626740386,0.0,0.5901309165177482,0.0,0.2616382214764612,0.42521318803445496
D08,nohealth,18,355.00000000000006,2617.0394965156934,0.58,0.21112269394624783,-0.22681507785946825,0.179922198863686,0.7326772755229775
D08,full,19,680.6666666666666,5060.778300450047,0.18,0.417663043853328,-0.21345183859306055,0.26132195352480636,0.3029397554043654
D08,hard,19,569.6666666666666,5486.72395377129,0.0,0.618220609524121,0.0,0.28102110008926473,0.3029397554043654
D08,nohealth,19,286.0,2843.377278201669,0.42,0.29281692486610167,-0.3584798646246381,0.19480064732061342,0.7564794564932894
D08,full,20,311.6666666666667,2769.3831415142286,0.5,0.353065864111088,-0.2619364104739099,0.14619579782712866,0.7524166546828566
D08,hard,20,540.6666666666666,5354.441695069648,0.0,0.6115020457198281,0.0,0.20095511594574622,0.42345039645223287
D08,nohealth,20,340.3333333333333,2785.7210548594903,0.56,0.3473547092305007,-0.25256610397773194,0.11628659952763898,0.7213881535984911
D08,full,21,672.6666666666667,4577.553974765988,0.2,0.4208287794774028,-0.12075441822893633,0.2634734748846026,0.36783207786804173
D08,hard,21,533.3333333333333,5402.1453397196465,0.0,0.6458796329116601,0.0,0.2578925954017929,0.36783207786804173
D08,nohealth,21,360.00000000000006,2801.759385338518,0.54,0.3196741616144696,-0.24785622448691616,0.1550944867446944,0.7185399907512885
D08,full,22,614.6666666666667,4782.36753021949,0.3,0.42429768012933455,-0.14705841676652082,0.2818729037642994,0.3137393541194783
D08,hard,22,541.6666666666666,5227.470827760979,0.0,0.6429219723939501,0.0,0.29471874425618916,0.3137393541194783
D08,nohealth,22,357.3333333333333,2737.4151369490955,0.44,0.33821502400549375,-0.30558495615428616,0.24996721522849452,0.7227784429751015
D08,full,23,376.0,2946.4948173553835,0.5,0.3421076769439708,-0.2906628235023622,0.21545717304566314,0.7244604481961542
D08,hard,23,633.6666666666667,5498.603359134793,0.0,0.6240595154229702,0.0,0.24755544942772922,0.3158085206812917
D08,nohealth,23,402.3333333333333,3178.012183081636,0.54,0.36706007946676045,-0.2818102589158003,0.19327578278816893,0.7064476770128654
D08,full,24,596.9999999999999,4741.581785545168,0.16,0.39128997877083416,-0.17727624815887472,0.2659373032190091,0.30667490420366283
D08,hard,24,525.3333333333333,4941.184970842932,0.0,0.6086833783830667,0.0,0.259521619296221,0.30667490420366283
D08,nohealth,24,269.66666666666663,2520.6960554706925,0.52,0.344706592682829,-0.29051089223538357,0.18732618795035383,0.7464780013150686
D08,full,25,698.3333333333334,4872.581010851764,0.18,0.4278863758634637,-0.25034193954090184,0.1356867130301489,0.3938311204652987
D08,hard,25,536.0,5461.441863185357,0.0,0.6058897242033416,0.0,0.14958458765000537,0.33441176769914865
D08,nohealth,25,289.33333333333337,2848.216300425218,0.5,0.44320701675692087,-0.33364528282515227,0.08931256434254886,0.7321952435682629
D08,full,26,533.6666666666667,3967.39697277803,0.26,0.33492626777523604,-0.22879535899033748,0.24105835200710635,0.3074937805257015
D08,hard,26,563.6666666666666,5119.695250134477,0.0,0.665098444132844,0.0,0.2888602474479822,0.3074937805257015
D08,nohealth,26,346.0,2574.4308846669487,0.52,0.3279297148132576,-0.30517891929038143,0.19606724344046544,0.7209386624166594
D08,full,27,326.0,3140.043890454752,0.48,0.3098980998352523,-0.30728201898022395,0.19687823196095477,0.7312211735238098
D08,hard,27,543.0,5570.589830010734,0.0,0.6592814348944651,0.0,0.23177992185326812,0.4267015788733378
D08,nohealth,27,346.6666666666667,2978.4364600399094,0.46,0.3121071555767785,-0.29866508944909353,0.15099451426745514,0.7277691428218818
D08,full,28,680.6666666666667,5457.7716241664575,0.12,0.4186552746967558,-0.18733548550168824,0.2608327046934694,0.34964960671307627
D08,hard,28,587.6666666666666,5487.594254792041,0.0,0.641296433733141,0.0,0.2799146205257861,0.34964960671307627
D08,nohealth,28,296.3333333333333,2873.562708266794,0.46,0.31306284162102616,-0.3039127161125953,0.2247545235164895,0.7392064313815722
D08,full,29,670.0000000000001,5190.951618241302,0.2,0.4885487997793643,-0.1521053839844962,0.29170450097844414,0.3368144063294138
D08,hard,29,537.0000000000001,5311.545925050249,0.0,0.643111808975811,0.0,0.293643308087286,0.3368144063294138
D08,nohealth,29,346.0,2815.175182342612,0.52,0.3368716009857593,-0.30147688610606815,0.2507915077211408,0.7255638083734436
D08,full,30,600.6666666666667,4533.8432101281915,0.18,0.4608907242546574,-0.14411216510568348,0.2850008975071451,0.34748439816501486
D08,hard,30,520.3333333333333,5170.633542639314,0.0,0.6828937842172125,0.0,0.28680738398434213,0.34748439816501486
D08,nohealth,30,370.0,2568.1025633355844,0.56,0.3719588138542693,-0.28596627150247367,0.2286772209391701,0.7123424743415421
D09,full,1,335.00000000000006,3141.0771933578453,0.48,0.2130582296898076,-0.1659330594111632,0.2719952181733435,0.6024918788548046
D09,hard,1,565.3333333333334,5773.666716477826,0.0,0.5512722089547317,0.0,0.353245586051252,0.35233843751553295
D09,nohealth,1,300.33333333333337,3141.951903000504,0.5,0.20357220526656206,-0.17089797657549388,0.2907442432380729,0.6112891410905011
D09,full,2,315.6666666666667,2898.8184113033094,0.5,0.15718169480304844,-0.24838577837649645,0.3171633862237666,0.6144825780386569
D09,hard,2,554.6666666666666,5426.585369179175,0.0,0.5542831658168275,0.0,0.39171681096366906,0.31682425077358367
D09,nohealth,2,277.66666666666663,2826.372491766084,0.52,0.17603325336371056,-0.2236904632527573,0.2640625802431005,0.6100291698223248
D09,full,3,573.3333333333333,4556.09484220232,0.18,0.3630747191902792,-0.11330697478140235,0.3862651038200001,0.3213078229153842
D09,hard,3,543.3333333333334,5104.9348069349935,0.0,0.5516049341393405,0.0,0.42073801323155113,0.3213078229153842
D09,nohealth,3,310.0,2647.9230144321837,0.44,0.18174045465790956,-0.23805475884616567,0.38153553849887634,0.618329292874566
D09,full,4,586.3333333333334,4876.274151120469,0.24,0.29984175186846507,-0.21847083250030588,0.41379608761793096,0.36807036336773774
D09,hard,4,598.0,5809.10088519726,0.0,0.544382728577097,0.0,0.42097478110238395,0.32987043548338324
D09,nohealth,4,372.00000000000006,2877.599632954222,0.46,0.19914917783841357,-0.2369896113128802,0.36823977407552244,0.6261160728416605
D09,full,5,561.0,4391.471267939585,0.22,0.5458996119571853,-0.016183635179711643,0.41128991537890247,0.3278889415819196
D09,hard,5,643.6666666666667,5855.63321703626,0.0,0.5806824384804445,0.0,0.4714251470409395,0.3278889415819196
D09,nohealth,5,410.0,3291.2260769031805,0.48,0.26766630683926196,-0.17103529698965064,0.34456745267999933,0.5482096646165598
D09,full,6,332.3333333333333,3142.0106940239825,0.48,0.22974455668230132,-0.2072142499423804,0.20680398849282133,0.6181737955406698
D09,hard,6,643.3333333333334,5714.617376655182,0.0,0.5540820414457939,0.0,0.31671967042786464,0.32863531176746946
D09,nohealth,6,387.33333333333337,2936.6610403023833,0.48,0.24947467222305164,-0.20918137837233922,0.24779979145348452,0.5895218987719091
D09,full,7,622.6666666666667,5062.439979657518,0.14,0.27491016205078367,-0.19577901279830195,0.4627937611687426,0.3601785217252042
D09,hard,7,542.6666666666666,5348.768993104783,0.0,0.5163221062682917,0.0,0.47140446364277566,0.30940883840000394
D09,nohealth,7,310.6666666666667,2673.7754414858305,0.52,0.14667599721951952,-0.23660292518801404,0.37879686075547836,0.5754923266785101
D09,full,8,608.6666666666667,4949.092675802463,0.26,0.4110023563046914,-0.1072049562255912,0.3603119287710749,0.32032786237925137
D09,hard,8,585.3333333333334,5798.28813288665,0.0,0.5890026449633023,0.0,0.39676608092274257,0.32032786237925137
D09,nohealth,8,330.0,2989.5887705792975,0.54,0.33950513066062227,-0.14874513533375316,0.29578993356712246,0.5944534318333524
D09,full,9,576.0,4992.414074023696,0.18,0.3565144929891648,-0.11159082687659735,0.3502479101559136,0.37073366093323484
D09,hard,9,563.3333333333334,5720.01596836234,0.0,0.5610180265506177,0.0,0.35003731240292313,0.37073366093323484
D09,nohealth,9,311.33333333333337,2763.074906747333,0.48,0.1642938650380057,-0.1638692529542404,0.25795615343411515,0.5943776534872657
D09,full,10,542.3333333333334,4315.335686362512,0.22,0.26308887427114924,-0.18783122564709798,0.38143939879624533,0.3390643909447751
D09,hard,10,517.0,5022.493027132397,0.0,0.5434062774059374,0.0,0.4162453140417741,0.3390643909447751
D09,nohealth,10,340.3333333333333,2699.164375546165,0.52,0.2271460834197565,-0.1786233372277543,0.2640029090463043,0.5887160467897334
D09,full,11,683.3333333333334,4861.6394540470155,0.2,0.17132506986465734,-0.25759638903557047,0.4094515694450257,0.7215566667947029
D09,hard,11,544.6666666666666,5769.778970458247,0.0,0.607395694028025,0.0,0.46672455459931617,0.45073443288627635
D09,nohealth,11,349.3333333333333,2878.5237375220513,0.56,0.33043520574489205,-0.10529501020778191,0.3227705940312867,0.5740346650454341
D09,full,12,807.3333333333333,5510.183485057022,0.14,0.3732094809686677,-0.1760983323020071,0.3914114434636049,0.3130542734150614
D09,hard,12,595.0,5764.38893999887,0.0,0.5752524731796231,0.0,0.40247013104169016,0.3130542734150614
D09,nohealth,12,303.0,2987.8840195365283,0.52,0.26702545871560135,-0.19219195641061032,0.325197144846584,0.6004869478412341
D09,full,13,587.0,4655.319203296408,0.22,0.5143130340503161,-0.024785404871243366,0.4397890855701011,0.40337630160904503
D09,hard,13,582.0,5138.460835418654,0.0,0.5531416114474752,0.0,0.4564320092222235,0.40337630160904503
D09,nohealth,13,298.0,2582.6812736857887,0.44,0.30372556979579035,-0.14568709122677442,0.39481949035697406,0.6155081354019206
D09,full,14,656.6666666666666,5303.769628947343,0.14,0.30154470150670676,-0.17891479447959208,0.316970195877887,0.3184417814980253
D09,hard,14,527.3333333333333,5140.854532092843,0.0,0.5288883858180655,0.0,0.33608830421505864,0.30680354550185696
D09,nohealth,14,291.66666666666663,2711.4755791051857,0.52,0.15823451600554472,-0.24932811526041174,0.23658645244459375,0.593156498460779
D09,full,15,314.66666666666663,2953.9784117249037,0.48,0.16592726436919158,-0.2371761082551515,0.34684611770623097,0.6393426623664721
D09,hard,15,563.3333333333331,5329.3990965564435,0.0,0.5856479183805088,0.0,0.40552673555307517,0.35453568606737923
D09,nohealth,15,339.6666666666667,2840.1382469104387,0.56,0.24367093458127886,-0.2010320045361949,0.31036465501513577,0.5737351409896778
D09,full,16,635.0,4543.80145234949,0.28,0.40629219028867913,-0.11065690126662883,0.34857037427673154,0.306164891857608
D09,hard,16,570.0,5691.470888150672,0.0,0.5614481345688291,0.0,0.37250648913706197,0.306164891857608
D09,nohealth,16,390.0,3002.9996019389837,0.54,0.2360962551207808,-0.20346614058002696,0.3241511158975663,0.5756910419803368
D09,full,17,522.0,4036.523035185789,0.24,0.363095298261908,-0.14143244936127383,0.3833204979279181,0.4148661270249999
D09,hard,17,505.6666666666667,4899.120152274959,0.0,0.5751560380281018,0.0,0.4204291023278022,0.4148661270249999
D09,nohealth,17,344.0,2844.1891195630897,0.52,0.3199915582686268,-0.17021897754535345,0.38529841986203084,0.5695024127247545
D09,full,18,637.6666666666666,4511.669689138898,0.24,0.31934123423344807,-0.11744898184425916,0.3596325230645392,0.4558863766453769
D09,hard,18,579.6666666666666,5546.959626740386,0.0,0.555723666438594,0.0,0.4239160600215346,0.42521318803445496
D09,nohealth,18,355.00000000000006,2617.0394965156934,0.58,0.2801043495222739,-0.10249310537591841,0.29512012515847164,0.6029457362904127
D09,full,19,680.6666666666666,5060.778300450047,0.18,0.3228804974691928,-0.17500651801252345,0.4045308145275688,0.3029397554043654
D09,hard,19,569.6666666666666,5486.72395377129,0.0,0.5669958310074681,0.0,0.43550390257146976,0.3029397554043654
D09,nohealth,19,286.0,2843.377278201669,0.42,0.19702640528442905,-0.2550616519749759,0.33020134327098816,0.6411353105729778
D09,full,20,311.6666666666667,2769.3831415142286,0.5,0.2203749402064077,-0.1490644266976017,0.2671529275225889,0.6339217231739406
D09,hard,20,540.6666666666666,5354.441695069648,0.0,0.5519935254869697,0.0,0.352680401344975,0.42345039645223287
D09,nohealth,20,340.3333333333333,2785.7210548594903,0.56,0.2121788251452943,-0.13471948364919253,0.2328742143468594,0.5848082192740902
D09,full,21,672.6666666666667,4577.553974765988,0.2,0.450953171491425,-0.07280312532331187,0.4186116177132142,0.36783207786804173
D09,hard,21,533.3333333333333,5402.1453397196465,0.0,0.5749802046379842,0.0,0.4103303708284294,0.36783207786804173
D09,nohealth,21,360.00000000000006,2801.759385338518,0.54,0.320424997426638,-0.12550501782817633,0.25079547966592564,0.5803389673954985
D09,full,22,614.6666666666667,4782.36753021949,0.3,0.44748323241130983,-0.09628077120433536,0.4202058761005487,0.3137393541194783
D09,hard,22,541.6666666666666,5227.470827760979,0.0,0.5789510411903718,0.0,0.44026541208229975,0.3137393541194783
D09,nohealth,22,357.3333333333333,2737.4151369490955,0.44,0.28613135398480205,-0.19620431497455743,0.37756182839509966,0.5874765830813058
D09,full,23,376.0,2946.4948173553835,0.5,0.2864392227088979,-0.17210487134211305,0.34830544738558267,0.590088476992717
D09,hard,23,633.6666666666667,5498.603359134793,0.0,0.5623606109001598,0.0,0.39817642221088534,0.3158085206812917
D09,nohealth,23,402.3333333333333,3178.012183081636,0.54,0.2820308810588166,-0.16109705247163747,0.3222520549945498,0.5614085258997363
D09,full,24,596.9999999999999,4741.581785545168,0.16,0.3184249157206198,-0.14453196018749717,0.4191788763372766,0.30667490420366283
D09,hard,24,525.3333333333333,4941.184970842932,0.0,0.5557079202301813,0.0,0.40913997159186555,0.30667490420366283
D09,nohealth,24,269.66666666666663,2520.6960554706925,0.52,0.23775940996879474,-0.1715534014416958,0.2964512258759415,0.6261206297256714
D09,full,25,698.3333333333334,4872.581010851764,0.18,0.24576122840155112,-0.2209923950996057,0.28122989891563444,0.3938311204652987
D09,hard,25,536.0,5461.441863185357,0.0,0.5534898013982246,0.0,0.30295664376188824,0.33441176769914865
D09,nohealth,25,289.33333333333337,2848.216300425218,0.5,0.21308438510408712,-0.2126858601922959,0.20803117388996284,0.6036343156503265
D09,full,26,533.6666666666667,3967.39697277803,0.26,0.3062091511832723,-0.1857314081016165,0.38141536904572715,0.3074937805257015
D09,hard,26,563.6666666666666,5119.695250134477,0.0,0.5997221998002606,0.0,0.4604840266906997,0.3074937805257015
D09,nohealth,26,346.0,2574.4308846669487,0.52,0.2800881836344613,-0.18788962922468883,0.3083768547460852,0.5845040910227395
D09,full,27,326.0,3140.043890454752,0.48,0.18641168509319983,-0.19452640984884031,0.33139170796926887,0.6003957291285347
D09,hard,27,543.0,5570.589830010734,0.0,0.5816410105214422,0.0,0.3905029288771078,0.4267015788733378
D09,nohealth,27,346.6666666666667,2978.4364600399094,0.46,0.13716767730125579,-0.18282565056171146,0.2756574954323817,0.5955803931914031
D09,full,28,680.6666666666667,5457.7716241664575,0.12,0.3578463891069932,-0.15704792796043335,0.4086098996025179,0.34964960671307627
D09,hard,28,587.6666666666666,5487.594254792041,0.0,0.5748585687185117,0.0,0.43525644688567633,0.34964960671307627
D09,nohealth,28,296.3333333333333,2873.562708266794,0.46,0.22621681921483883,-0.18233219963801062,0.34944310235282205,0.6135528913389983
D09,full,29,670.0000000000001,5190.951618241302,0.2,0.40420581116196397,-0.12059732251716467,0.4358457772856571,0.3368144063294138
D09,hard,29,537.0000000000001,5311.545925050249,0.0,0.5710249888390049,0.0,0.4395874576109806,0.3368144063294138
D09,nohealth,29,346.0,2815.175182342612,0.52,0.2681512387424061,-0.18560815167457737,0.3730159771488546,0.5916080094946353
D09,full,30,600.6666666666667,4533.8432101281915,0.18,0.41244934207640904,-0.11117169979026346,0.42861035301237216,0.34748439816501486
D09,hard,30,520.3333333333333,5170.633542639314,0.0,0.5941233829627375,0.0,0.4311570612984129,0.34748439816501486
D09,nohealth,30,370.0,2568.1025633355844,0.56,0.35197220382270933,-0.17132513666650398,0.3411007278112176,0.5706287690705202
D10,full,1,335.00000000000006,3141.0771933578453,0.48,0.20975934900164184,-0.1528650585789324,0.285180529930253,0.5894210845743514
D10,hard,1,565.3333333333334,5773.666716477826,0.0,0.5487746553148747,0.0,0.3663957597979174,0.35233843751553295
D10,nohealth,1,300.33333333333337,3141.951903000504,0.5,0.20416912559618972,-0.15784582826619142,0.3037504187960449,0.5982593673031297
D10,full,2,315.6666666666667,2898.8184113033094,0.5,0.15413994032974365,-0.2352652208957408,0.33030516569406343,0.601576721080399
D10,hard,2,554.6666666666666,5426.585369179175,0.0,0.5520604309038397,0.0,0.4048414368944029,0.31682425077358367
D10,nohealth,2,277.66666666666663,2826.372491766084,0.52,0.17708846898391895,-0.2106679281204304,0.27718805424813875,0.5970643379383133
D10,full,3,573.3333333333333,4556.09484220232,0.18,0.3706262321248106,-0.1071993275817201,0.39950055958918074,0.3213078229153842
D10,hard,3,543.3333333333334,5104.9348069349935,0.0,0.5496770790354113,0.0,0.4338671935741357,0.3213078229153842
D10,nohealth,3,310.0,2647.9230144321837,0.44,0.1912079020935784,-0.22503645542001918,0.3944221682240584,0.6053384471198131
D10,full,4,586.3333333333334,4876.274151120469,0.24,0.29080996496275824,-0.20940611777880988,0.4268914716524207,0.36807036336773774
D10,hard,4,598.0,5809.10088519726,0.0,0.5427849083532141,0.0,0.43426423542119796,0.32987043548338324
D10,nohealth,4,372.00000000000006,2877.599632954222,0.46,0.20476592597291066,-0.2239366330180453,0.3812477551748449,0.6131514851590378
D10,full,5,561.0,4391.471267939585,0.22,0.5424674133222473,-0.010954016800450096,0.42451061981284743,0.3278889415819196
D10,hard,5,643.6666666666667,5855.63321703626,0.0,0.577607344194158,0.0,0.48449140598482876,0.3278889415819196
D10,nohealth,5,410.0,3291.2260769031805,0.48,0.2644716242007177,-0.15874936562400538,0.35752364525409086,0.5352678407950798
D10,full,6,332.3333333333333,3142.0106940239825,0.48,0.22705963156217313,-0.19403446185552664,0.21983159088454274,0.6050369363722451
D10,hard,6,643.3333333333334,5714.617376655182,0.0,0.5511606367228383,0.0,0.3296613819156369,0.32863531176746946
D10,nohealth,6,387.33333333333337,2936.6610403023833,0.48,0.2392284406395897,-0.19622086787145576,0.2607766298015257,0.5764360829399413
D10,full,7,622.6666666666667,5062.439979657518,0.14,0.28497912423072735,-0.18879275563619882,0.47599873442002116,0.3601785217252042
D10,hard,7,542.6666666666666,5348.768993104783,0.0,0.515835352748667,0.0,0.4844866308302336,0.30940883840000394
D10,nohealth,7,310.6666666666667,2673.7754414858305,0.52,0.16600207091973873,-0.22354012148650285,0.3918854951573447,0.5626146254803552
D10,full,8,608.6666666666667,4949.092675802463,0.26,0.40452652594933314,-0.10022788935714286,0.3735568362736572,0.32032786237925137
D10,hard,8,585.3333333333334,5798.28813288665,0.0,0.5847708901358912,0.0,0.40995415467425933,0.32032786237925137
D10,nohealth,8,330.0,2989.5887705792975,0.54,0.3526061867472092,-0.1357632038606378,0.30877465764690915,0.5814496339247676
D10,full,9,576.0,4992.414074023696,0.18,0.3650895452985685,-0.1044477945151964,0.3632991474622129,0.37073366093323484
D10,hard,9,563.3333333333334,5720.01596836234,0.0,0.5581848322443104,0.0,0.36322168302614755,0.37073366093323484
D10,nohealth,9,311.33333333333337,2763.074906747333,0.48,0.17933770826859652,-0.15081004695205466,0.27109460320393886,0.5814090174338431
D10,full,10,542.3333333333334,4315.335686362512,0.22,0.2698822652224684,-0.17904132782369558,0.39472618090520706,0.3390643909447751
D10,hard,10,517.0,5022.493027132397,0.0,0.541837488004101,0.0,0.4292720851523547,0.3390643909447751
D10,nohealth,10,340.3333333333333,2699.164375546165,0.52,0.2439062844522879,-0.16564315794938814,0.2770167856630731,0.5757150980265735
D10,full,11,683.3333333333334,4861.6394540470155,0.2,0.17059328488950376,-0.24768034841641637,0.422582043538853,0.7137657057659488
D10,hard,11,544.6666666666666,5769.778970458247,0.0,0.6027654910016838,0.0,0.4797091273839625,0.45073443288627635
D10,nohealth,11,349.3333333333333,2878.5237375220513,0.56,0.3555690062720287,-0.0923559041121331,0.33576594405395577,0.5612090690730406
D10,full,12,807.3333333333333,5510.183485057022,0.14,0.3706999356906795,-0.1687201556559555,0.40464535636853805,0.3130542734150614
D10,hard,12,595.0,5764.38893999887,0.0,0.5720945176317895,0.0,0.4156826202024768,0.3130542734150614
D10,nohealth,12,303.0,2987.8840195365283,0.52,0.27058831424626817,-0.1791900357004282,0.3382337322187936,0.587603097366609
D10,full,13,587.0,4655.319203296408,0.22,0.5232725512361862,-0.019486352799241668,0.45292133376176535,0.40337630160904503
D10,hard,13,582.0,5138.460835418654,0.0,0.5513992520912332,0.0,0.46963247916509987,0.40337630160904503
D10,nohealth,13,298.0,2582.6812736857887,0.44,0.32747301598259093,-0.132736974717001,0.40777477939565543,0.6026502097878303
D10,full,14,656.6666666666666,5303.769628947343,0.14,0.29799991061161824,-0.172804391679301,0.3303022617662753,0.3184417814980253
D10,hard,14,527.3333333333333,5140.854532092843,0.0,0.5276561930973027,0.0,0.3491938512024363,0.30680354550185696
D10,nohealth,14,291.66666666666663,2711.4755791051857,0.52,0.14281689865627722,-0.23632357831721054,0.24964030912240343,0.5802463201790513
D10,full,15,314.66666666666663,2953.9784117249037,0.48,0.1661269465623083,-0.22405736611231442,0.35977515690033135,0.6262051712960017
D10,hard,15,563.3333333333331,5329.3990965564435,0.0,0.5821516849923756,0.0,0.41878017960595815,0.35453568606737923
D10,nohealth,15,339.6666666666667,2840.1382469104387,0.56,0.23915406642676307,-0.1880437422431712,0.3232618394753317,0.56080723722656
D10,full,16,635.0,4543.80145234949,0.28,0.39601288725185,-0.10296491729344907,0.3616036423725473,0.306164891857608
D10,hard,16,570.0,5691.470888150672,0.0,0.5589168539882601,0.0,0.3855212290220259,0.306164891857608
D10,nohealth,16,390.0,3002.9996019389837,0.54,0.24322112829625953,-0.19040247039168307,0.33704537975323434,0.5626423808633657
D10,full,17,522.0,4036.523035185789,0.24,0.3629347223988537,-0.13355232473949114,0.39657701091224806,0.4148661270249999
D10,hard,17,505.6666666666667,4899.120152274959,0.0,0.5721754503781518,0.0,0.43359090253232313,0.4148661270249999
D10,nohealth,17,344.0,2844.1891195630897,0.52,0.3224840335008643,-0.1572857035944622,0.3982138267281984,0.5565965535545483
D10,full,18,637.6666666666666,4511.669689138898,0.24,0.3347761976360386,-0.10925446121399181,0.37314087416377983,0.4558863766453769
D10,hard,18,579.6666666666666,5546.959626740386,0.0,0.5535619038988391,0.0,0.4369322826129286,0.42521318803445496
D10,nohealth,18,355.00000000000006,2617.0394965156934,0.58,0.3160083961347233,-0.08942728466903818,0.30817305428071706,0.5899823794325498
D10,full,19,680.6666666666666,5060.778300450047,0.18,0.32503550133603887,-0.16730330870887733,0.4177542496462827,0.3029397554043654
D10,hard,19,569.6666666666666,5486.72395377129,0.0,0.5644195779429213,0.0,0.4485804968377757,0.3029397554043654
D10,nohealth,19,286.0,2843.377278201669,0.42,0.20213571423494492,-0.2421161537321225,0.3430617538471309,0.6280941200328362
D10,full,20,311.6666666666667,2769.3831415142286,0.5,0.24004029581544528,-0.1359084606599476,0.28010979266897684,0.6208098214375732
D10,hard,20,540.6666666666666,5354.441695069648,0.0,0.5496773825412,0.0,0.3658191387761939,0.42345039645223287
D10,nohealth,20,340.3333333333333,2785.7210548594903,0.56,0.2162939105588304,-0.12167239109973496,0.24579490066649423,0.5718305033372277
D10,full,21,672.6666666666667,4577.553974765988,0.2,0.4629317237869359,-0.06583066799023791,0.43197246149353874,0.36783207786804173
D10,hard,21,533.3333333333333,5402.1453397196465,0.0,0.5720444832113565,0.0,0.42347474708119204,0.36783207786804173
D10,nohealth,21,360.00000000000006,2801.759385338518,0.54,0.3378730816318902,-0.11256543572223703,0.26375245140017967,0.5673452182897789
D10,full,22,614.6666666666667,4782.36753021949,0.3,0.4436144604600081,-0.08850541005307044,0.4334717971700882,0.3137393541194783
D10,hard,22,541.6666666666666,5227.470827760979,0.0,0.5760520499149557,0.0,0.4535077784620254,0.3137393541194783
D10,nohealth,22,357.3333333333333,2737.4151369490955,0.44,0.2971546183564324,-0.18325055807721913,0.39070446609726917,0.5745604176901846
D10,full,23,376.0,2946.4948173553835,0.5,0.3002016833031349,-0.15902575230178845,0.3613373707401857,0.5771970144540014
D10,hard,23,633.6666666666667,5498.603359134793,0.0,0.5599083924403969,0.0,0.4113036252900474,0.3158085206812917
D10,nohealth,23,402.3333333333333,3178.012183081636,0.54,0.2798714636048356,-0.14820661750461225,0.33515600812042246,0.5484099187155596
D10,full,24,596.9999999999999,4741.581785545168,0.16,0.3255052381680956,-0.13719108403357977,0.4322553885359164,0.30667490420366283
D10,hard,24,525.3333333333333,4941.184970842932,0.0,0.5534378316416619,0.0,0.4222390120155618,0.30667490420366283
D10,nohealth,24,269.66666666666663,2520.6960554706925,0.52,0.24878638892857574,-0.15854354189593767,0.3095575784424477,0.6131583900398112
D10,full,25,698.3333333333334,4872.581010851764,0.18,0.24274799690384152,-0.21303919573459704,0.2943879341320782,0.3938311204652987
D10,hard,25,536.0,5461.441863185357,0.0,0.550668767429243,0.0,0.316077501425407,0.33441176769914865
D10,nohealth,25,289.33333333333337,2848.216300425218,0.5,0.19706403507068804,-0.19972558404280547,0.22098468328358634,0.5908043078987638
D10,full,26,533.6666666666667,3967.39697277803,0.26,0.3154708625312179,-0.1767948703966428,0.3946350039675419,0.3074937805257015
D10,hard,26,563.6666666666666,5119.695250134477,0.0,0.5958995518021573,0.0,0.4734169311201456,0.3074937805257015
D10,nohealth,26,346.0,2574.4308846669487,0.52,0.27621074151095293,-0.17482810188584857,0.3214635370153778,0.5716793805898772
D10,full,27,326.0,3140.043890454752,0.48,0.197441947883235,-0.1813883481461384,0.34436704595905143,0.5873651050690307
D10,hard,27,543.0,5570.589830010734,0.0,0.5781515618326252,0.0,0.40355804502782977,0.4267015788733378
D10,nohealth,27,346.6666666666667,2978.4364600399094,0.46,0.14382272765313786,-0.16991443423233893,0.2886953436098214,0.5826989575815057
D10,full,28,680.6666666666667,5457.7716241664575,0.12,0.3607669333546517,-0.14994345019225475,0.4220596007323215,0.34964960671307627
D10,hard,28,587.6666666666666,5487.594254792041,0.0,0.5719301703382036,0.0,0.44838980918005356,0.34964960671307627
D10,nohealth,28,296.3333333333333,2873.562708266794,0.46,0.241413694211273,-0.16926917908285655,0.36247453296509835,0.6005584451971372
D10,full,29,670.0000000000001,5190.951618241302,0.2,0.4049446310281395,-0.11405568240056371,0.4493460919727399,0.3368144063294138
D10,hard,29,537.0000000000001,5311.545925050249,0.0,0.5680895757257594,0.0,0.4527111864617338,0.3368144063294138
D10,nohealth,29,346.0,2815.175182342612,0.52,0.27405434684986796,-0.1726034298262056,0.38602346042351143,0.5786090566131867
D10,full,30,600.6666666666667,4533.8432101281915,0.18,0.4181352869582402,-0.10470614959092017,0.4416882270145348,0.34748439816501486
D10,hard,30,520.3333333333333,5170.633542639314,0.0,0.5901680077130138,0.0,0.44437526785150805,0.34748439816501486
D10,nohealth,30,370.0,2568.1025633355844,0.56,0.3381075360494956,-0.1583440668497545,0.3539808007648706,0.5576438474086975
D11,full,1,335.00000000000006,3141.0771933578453,0.48,0.23454261508634433,-0.12867026184189484,0.3087553695864925,0.5642523482173587
D11,hard,1,565.3333333333334,5773.666716477826,0.0,0.5443734446332162,0.0,0.3946590574585752,0.35233843751553295
D11,nohealth,1,300.33333333333337,3141.951903000504,0.5,0.2358192875713745,-0.1339608685965493,0.32837452998541716,0.5736353370803272
D11,full,2,315.6666666666667,2898.8184113033094,0.5,0.17033949730144715,-0.21352001202845122,0.35403775288218853,0.5772992450521941
D11,hard,2,554.6666666666666,5426.585369179175,0.0,0.5471422354293534,0.0,0.4328785367616652,0.31682425077358367
D11,nohealth,2,277.66666666666663,2826.372491766084,0.52,0.195042695338008,-0.18748851717445011,0.2978265767572843,0.5724151061612994
D11,full,3,573.3333333333333,4556.09484220232,0.18,0.386702987483186,-0.09895824447268467,0.4282018957527074,0.3213078229153842
D11,hard,3,543.3333333333334,5104.9348069349935,0.0,0.5460354511419354,0.0,0.4627514796990781,0.3213078229153842
D11,nohealth,3,310.0,2647.9230144321837,0.44,0.21429088193417622,-0.20350528861250217,0.42100938898243334,0.5811730205658105
D11,full,4,586.3333333333334,4876.274151120469,0.24,0.2762584914367834,-0.19990637373673908,0.45418716578715435,0.36807036336773774
D11,hard,4,598.0,5809.10088519726,0.0,0.5395954697487024,0.0,0.4619984273297827,0.32987043548338324
D11,nohealth,4,372.00000000000006,2877.599632954222,0.46,0.22098181610304457,-0.20283627207144622,0.4069885257566428,0.589470526606773
D11,full,5,561.0,4391.471267939585,0.22,0.5351354684550693,-0.0013651400831896643,0.45171270743570135,0.3278889415819196
D11,hard,5,643.6666666666667,5855.63321703626,0.0,0.5720573294079021,0.0,0.5151424067817709,0.3278889415819196
D11,nohealth,5,410.0,3291.2260769031805,0.48,0.27427463254478357,-0.13740329904139142,0.38301762710140996,0.506960076544514
D11,full,6,332.3333333333333,3142.0106940239825,0.48,0.233669956224698,-0.17129004731985692,0.2450090686760681,0.5807677474449248
D11,hard,6,643.3333333333334,5714.617376655182,0.0,0.5459782604077321,0.0,0.3589959221064511,0.32863531176746946
D11,nohealth,6,387.33333333333337,2936.6610403023833,0.48,0.23606722346714948,-0.17404610096756581,0.28832643492447807,0.5505063545471116
D11,full,7,622.6666666666667,5062.439979657518,0.14,0.30162090332839453,-0.1815764710634152,0.5050415774563692,0.3601785217252042
D11,hard,7,542.6666666666666,5348.768993104783,0.0,0.5150721544468935,0.0,0.5140107242372709,0.30940883840000394
D11,nohealth,7,310.6666666666667,2673.7754414858305,0.52,0.20514826121324803,-0.20019177864956372,0.41606812018642036,0.5359436877329931
D11,full,8,608.6666666666667,4949.092675802463,0.26,0.3895512600279676,-0.09190574133865329,0.4003124582662302,0.32032786237925137
D11,hard,8,585.3333333333334,5798.28813288665,0.0,0.5773488796561674,0.0,0.438805219793385,0.32032786237925137
D11,nohealth,8,330.0,2989.5887705792975,0.54,0.3709832756009148,-0.111239200241611,0.33174405707201393,0.5558331865378672
D11,full,9,576.0,4992.414074023696,0.18,0.38216811608360635,-0.09532538483654605,0.39006304337353437,0.37073366093323484
D11,hard,9,563.3333333333334,5720.01596836234,0.0,0.5524707440136285,0.0,0.3899914858705097,0.37073366093323484
D11,nohealth,9,311.33333333333337,2763.074906747333,0.48,0.21816415581770232,-0.12826817516400688,0.292515268735012,0.555823513464441
D11,full,10,542.3333333333334,4315.335686362512,0.22,0.2657919613250306,-0.1700657094082096,0.4201829577728845,0.3390643909447751
D11,hard,10,517.0,5022.493027132397,0.0,0.5383919574971545,0.0,0.4567035014702592,0.3390643909447751
D11,nohealth,10,340.3333333333333,2699.164375546165,0.52,0.27832940805383655,-0.14320011363835988,0.29963978889342935,0.5497605757492738
D11,full,11,683.3333333333334,4861.6394540470155,0.2,0.1747659697866557,-0.24062143805433936,0.45013250379560443,0.7103113509232116
D11,hard,11,544.6666666666666,5769.778970458247,0.0,0.5949795138178429,0.0,0.5105445667849087,0.45073443288627635
D11,nohealth,11,349.3333333333333,2878.5237375220513,0.56,0.4206241426025559,-0.06779713257552189,0.3582817169880109,0.5344766403962211
D11,full,12,807.3333333333333,5510.183485057022,0.14,0.3690220183373223,-0.1613786462488042,0.43130405217049084,0.3130542734150614
D11,hard,12,595.0,5764.38893999887,0.0,0.5654849751219915,0.0,0.4429764870565891,0.3130542734150614
D11,nohealth,12,303.0,2987.8840195365283,0.52,0.2954025012447521,-0.1553147642564352,0.3610346692065498,0.562467228239336
D11,full,13,587.0,4655.319203296408,0.22,0.5213023818185918,-0.010353520520250048,0.48079656977722274,0.40337630160904503
D11,hard,13,582.0,5138.460835418654,0.0,0.5482328920381945,0.0,0.4982718296218298,0.40337630160904503
D11,nohealth,13,298.0,2582.6812736857887,0.44,0.37040241320876355,-0.11031603865216821,0.43303205691943325,0.5785217909810553
D11,full,14,656.6666666666666,5303.769628947343,0.14,0.2978855484988996,-0.1665417223003544,0.3566742937752081,0.3184417814980253
D11,hard,14,527.3333333333333,5140.854532092843,0.0,0.5248347844937808,0.0,0.37663982325534195,0.30680354550185696
D11,nohealth,14,291.66666666666663,2711.4755791051857,0.52,0.12837276888631566,-0.2125848561704647,0.2737432158034001,0.5546351467844067
D11,full,15,314.66666666666663,2953.9784117249037,0.48,0.1806344514209175,-0.20195058943249017,0.38577827102376316,0.6032265942648507
D11,hard,15,563.3333333333331,5329.3990965564435,0.0,0.5753419382031517,0.0,0.44657856346468927,0.35453568606737923
D11,nohealth,15,339.6666666666667,2840.1382469104387,0.56,0.24169894601072084,-0.16382538821052556,0.3471313991726783,0.5340077254026389
D11,full,16,635.0,4543.80145234949,0.28,0.3834829258944106,-0.0915101511351389,0.3899409921799317,0.306164891857608
D11,hard,16,570.0,5691.470888150672,0.0,0.5539269525617021,0.0,0.4152372179219878,0.306164891857608
D11,nohealth,16,390.0,3002.9996019389837,0.54,0.2624593608652004,-0.16719676803737044,0.362829277784245,0.5359135889009062
D11,full,17,522.0,4036.523035185789,0.24,0.367165839046653,-0.12345448696279297,0.4222920405369811,0.4148661270249999
D11,hard,17,505.6666666666667,4899.120152274959,0.0,0.5658577027496949,0.0,0.46143435573514235,0.4148661270249999
D11,nohealth,17,344.0,2844.1891195630897,0.52,0.3404946369382935,-0.13473483010337897,0.42399566300485414,0.5295456042444763
D11,full,18,637.6666666666666,4511.669689138898,0.24,0.3596541500548276,-0.09916432556132022,0.3997082894567642,0.4558863766453769
D11,hard,18,579.6666666666666,5546.959626740386,0.0,0.550314119736651,0.0,0.46726568212356445,0.42521318803445496
D11,nohealth,18,355.00000000000006,2617.0394965156934,0.58,0.3844433301812429,-0.06518961904154903,0.33093738018572993,0.5649067378659546
D11,full,19,680.6666666666666,5060.778300450047,0.18,0.3329903051175227,-0.15862533608906684,0.44508402434322036,0.3029397554043654
D11,hard,19,569.6666666666666,5486.72395377129,0.0,0.5598428543364247,0.0,0.47767821431479174,0.3029397554043654
D11,nohealth,19,286.0,2843.377278201669,0.42,0.2181138875650821,-0.2212833171043272,0.36901701540484355,0.6053100399293097
D11,full,20,311.6666666666667,2769.3831415142286,0.5,0.286718375561027,-0.11348539268753532,0.3037704604449998,0.5974955608357249
D11,hard,20,540.6666666666666,5354.441695069648,0.0,0.5452810083724335,0.0,0.3944929002702374,0.42345039645223287
D11,nohealth,20,340.3333333333333,2785.7210548594903,0.56,0.23033587096312158,-0.098483450455635,0.27149337394557715,0.5456474792718082
D11,full,21,672.6666666666667,4577.553974765988,0.2,0.483376721283973,-0.05585798366326544,0.4612674893099168,0.36783207786804173
D11,hard,21,533.3333333333333,5402.1453397196465,0.0,0.5663307689557495,0.0,0.45226505632606273,0.36783207786804173
D11,nohealth,21,360.00000000000006,2801.759385338518,0.54,0.3400637264717248,-0.08868587094526789,0.2835072254469879,0.5408959851738281
D11,full,22,614.6666666666667,4782.36753021949,0.3,0.4342103317674948,-0.07781835708289116,0.4600301629164988,0.3137393541194783
D11,hard,22,541.6666666666666,5227.470827760979,0.0,0.5702888729627495,0.0,0.4812201057285632,0.3137393541194783
D11,nohealth,22,357.3333333333333,2737.4151369490955,0.44,0.32372805020243334,-0.16145496938525697,0.41549390523527174,0.5486030674175565
D11,full,23,376.0,2946.4948173553835,0.5,0.333684121255168,-0.13571192967421153,0.386937017374989,0.551397373897671
D11,hard,23,633.6666666666667,5498.603359134793,0.0,0.5548542389670799,0.0,0.4397958430703641,0.3158085206812917
D11,nohealth,23,402.3333333333333,3178.012183081636,0.54,0.27135878352230836,-0.12460667754853713,0.36009085288098464,0.5208580242999302
D11,full,24,596.9999999999999,4741.581785545168,0.16,0.34321424852304805,-0.12954810551155418,0.46115321362638634,0.30667490420366283
D11,hard,24,525.3333333333333,4941.184970842932,0.0,0.5490694723960301,0.0,0.4505606914318948,0.30667490420366283
D11,nohealth,24,269.66666666666663,2520.6960554706925,0.52,0.284154888160308,-0.13518774883275556,0.3313612832609725,0.5895925613591745
D11,full,25,698.3333333333334,4872.581010851764,0.18,0.23985858040178898,-0.20574512474643614,0.32207246971630954,0.3938311204652987
D11,hard,25,536.0,5461.441863185357,0.0,0.5471049343109953,0.0,0.34501065661938485,0.33441176769914865
D11,nohealth,25,289.33333333333337,2848.216300425218,0.5,0.19231346288374884,-0.17606344561994405,0.24428381530122423,0.5659602203055268
D11,full,26,533.6666666666667,3967.39697277803,0.26,0.32841902471145645,-0.1669749455187152,0.42192206092891615,0.3074937805257015
D11,hard,26,563.6666666666666,5119.695250134477,0.0,0.5898563154320344,0.0,0.5052283336939615,0.3074937805257015
D11,nohealth,26,346.0,2574.4308846669487,0.52,0.2644288458396067,-0.1517242428925481,0.3437736782303241,0.5455691695765489
D11,full,27,326.0,3140.043890454752,0.48,0.22997668920573955,-0.15898980052432382,0.37021655583575164,0.5620915991695614
D11,hard,27,543.0,5570.589830010734,0.0,0.572024174610114,0.0,0.4333315955416847,0.4267015788733378
D11,nohealth,27,346.6666666666667,2978.4364600399094,0.46,0.17955984571151107,-0.14709257021519848,0.3144416526161581,0.5572541026279886
D11,full,28,680.6666666666667,5457.7716241664575,0.12,0.3686355360435294,-0.14277239498858446,0.45049919318519094,0.34964960671307627
D11,hard,28,587.6666666666666,5487.594254792041,0.0,0.5662546461395408,0.0,0.477644179569569,0.34964960671307627
D11,nohealth,28,296.3333333333333,2873.562708266794,0.46,0.2767590587550577,-0.14547385380932012,0.38676012571643026,0.5761294144512211
D11,full,29,670.0000000000001,5190.951618241302,0.2,0.4138861781815093,-0.10686984204614258,0.47691541252113556,0.3368144063294138
D11,hard,29,537.0000000000001,5311.545925050249,0.0,0.5623810106419218,0.0,0.4804492085032055,0.3368144063294138
D11,nohealth,29,346.0,2815.175182342612,0.52,0.2929440412735629,-0.14974665510359336,0.4099045433244185,0.5528417199334815
D11,full,30,600.6666666666667,4533.8432101281915,0.18,0.4261082393230724,-0.09731422981819342,0.46903550393881444,0.34748439816501486
D11,hard,30,520.3333333333333,5170.633542639314,0.0,0.5829158269839123,0.0,0.47188705133806286,0.34748439816501486
D11,nohealth,30,370.0,2568.1025633355844,0.56,0.3212996176355192,-0.1356926006891467,0.3762425664104284,0.5306318438125764
D12,full,1,335.00000000000006,3141.0771933578453,0.48,0.2197630086926876,-0.17728276939749868,0.2612795263437633,0.6146956158535564
D12,hard,1,565.3333333333334,5773.666716477826,0.0,0.5542030079215872,0.0,0.33838180747925584,0.35233843751553295
D12,nohealth,1,300.33333333333337,3141.951903000504,0.5,0.2110281516636625,-0.18198735485704545,0.2789702152961634,0.6230451863428813
D12,full,2,315.6666666666667,2898.8184113033094,0.5,0.16223490235618865,-0.25754227236334215,0.30627598365496334,0.626028038093381
D12,hard,2,554.6666666666666,5426.585369179175,0.0,0.55779986221024,0.0,0.3770324815895483,0.31682425077358367
D12,nohealth,2,277.66666666666663,2826.372491766084,0.52,0.1830220897519479,-0.23418210179816992,0.255882657081021,0.6218566608162578
D12,full,3,573.3333333333333,4556.09484220232,0.18,0.35828815498531763,-0.11591552378029421,0.37108099566632935,0.3213078229153842
D12,hard,3,543.3333333333334,5104.9348069349935,0.0,0.5539253836386673,0.0,0.40531241673184926,0.3213078229153842
D12,nohealth,3,310.0,2647.9230144321837,0.44,0.17715136158410183,-0.2471007107316055,0.3679450900457858,0.6297117470359198
D12,full,4,586.3333333333334,4876.274151120469,0.24,0.3028978718414739,-0.21994134292048512,0.39974130010168285,0.36807036336773774
D12,hard,4,598.0,5809.10088519726,0.0,0.5464664238392607,0.0,0.40668183268763036,0.32987043548338324
D12,nohealth,4,372.00000000000006,2877.599632954222,0.46,0.19669349017700832,-0.24563054189758837,0.3554855106336354,0.6370925829729173
D12,full,5,561.0,4391.471267939585,0.22,0.5418616066553368,-0.02064341096114719,0.39741253383420416,0.3278889415819196
D12,hard,5,643.6666666666667,5855.63321703626,0.0,0.584151899338961,0.0,0.45439875115536377,0.3278889415819196
D12,nohealth,5,410.0,3291.2260769031805,0.48,0.2717825191934329,-0.18047442009226167,0.3319908218135764,0.5632706734515514
D12,full,6,332.3333333333333,3142.0106940239825,0.48,0.235512014500195,-0.21720414430739554,0.19455978380097716,0.6295366355977218
D12,hard,6,643.3333333333334,5714.617376655182,0.0,0.5576337747027458,0.0,0.30075598296040984,0.32863531176746946
D12,nohealth,6,387.33333333333337,2936.6610403023833,0.48,0.25820468205146185,-0.2188369566251211,0.23343164771019986,0.6023831886009169
D12,full,7,622.6666666666667,5062.439979657518,0.14,0.2690760538637973,-0.19681982461531766,0.4472863125856388,0.3601785217252042
D12,hard,7,542.6666666666666,5348.768993104783,0.0,0.5167186860567408,0.0,0.4553807569265419,0.30940883840000394
D12,nohealth,7,310.6666666666667,2673.7754414858305,0.52,0.13035749450070666,-0.24721249966809605,0.36747351166083253,0.5891631439640229
D12,full,8,608.6666666666667,4949.092675802463,0.26,0.4098644167575516,-0.10922485935553317,0.3468453860385039,0.32032786237925137
D12,hard,8,585.3333333333334,5798.28813288665,0.0,0.5938425068727797,0.0,0.3814143887852329,0.32032786237925137
D12,nohealth,8,330.0,2989.5887705792975,0.54,0.3253195789986367,-0.16044956486529843,0.28545420754721906,0.6071015833700397
D12,full,9,576.0,4992.414074023696,0.18,0.34929800832684577,-0.11418823363942639,0.3366270947386142,0.37073366093323484
D12,hard,9,563.3333333333334,5720.01596836234,0.0,0.5650520464084623,0.0,0.33651235524038725,0.37073366093323484
D12,nohealth,9,311.33333333333337,2763.074906747333,0.48,0.16115374926247106,-0.17377262508667748,0.24909853175235375,0.6070252925650295
D12,full,10,542.3333333333334,4315.335686362512,0.22,0.2603134179560922,-0.18904959175760916,0.3691463970748621,0.3390643909447751
D12,hard,10,517.0,5022.493027132397,0.0,0.5457689600459936,0.0,0.4020191406055039,0.3390643909447751
D12,nohealth,10,340.3333333333333,2699.164375546165,0.52,0.21387949706236542,-0.18849981731249638,0.2539938119613415,0.6016635475841998
D12,full,11,683.3333333333334,4861.6394540470155,0.2,0.1748937489001492,-0.2562750974716379,0.3951994623237396,0.7185695918604903
D12,hard,11,544.6666666666666,5769.778970458247,0.0,0.6121911488816636,0.0,0.4494740255002617,0.45073443288627635
D12,nohealth,11,349.3333333333333,2878.5237375220513,0.56,0.31163056269525136,-0.11706250797471089,0.31284169631717407,0.5877990851709844
D12,full,12,807.3333333333333,5510.183485057022,0.14,0.3763813272868488,-0.17695174922280327,0.3780217591496844,0.3130542734150614
D12,hard,12,595.0,5764.38893999887,0.0,0.5798932745885845,0.0,0.3885058348771252,0.3130542734150614
D12,nohealth,12,303.0,2987.8840195365283,0.52,0.26708294181020564,-0.20331094192627724,0.3150488719614909,0.6128036866973287
D12,full,13,587.0,4655.319203296408,0.22,0.5069764381928457,-0.02879159060962022,0.4252528290018054,0.40337630160904503
D12,hard,13,582.0,5138.460835418654,0.0,0.5550355095444774,0.0,0.4412758350419691,0.40337630160904503
D12,nohealth,13,298.0,2582.6812736857887,0.44,0.28667812928823255,-0.15556695515542385,0.3824502500034819,0.6269589466613005
D12,full,14,656.6666666666666,5303.769628947343,0.14,0.3063617403618786,-0.17978211581463546,0.30390700506514856,0.3184417814980253
D12,hard,14,527.3333333333333,5140.854532092843,0.0,0.5309553327963357,0.0,0.32190912789883996,0.30680354550185696
D12,nohealth,14,291.66666666666663,2711.4755791051857,0.52,0.1726505420820994,-0.2603250805494538,0.22746800412297563,0.6058710729827167
D12,full,15,314.66666666666663,2953.9784117249037,0.48,0.16981211888977676,-0.24665181840975628,0.3338013212040276,0.649570502895262
D12,hard,15,563.3333333333331,5329.3990965564435,0.0,0.5902021695451722,0.0,0.39115002633807794,0.35453568606737923
D12,nohealth,15,339.6666666666667,2840.1382469104387,0.56,0.2449841496348586,-0.2124629458035697,0.2991711935914523,0.5874808773419797
D12,full,16,635.0,4543.80145234949,0.28,0.4083699315869722,-0.11488791461648037,0.3335527660696981,0.306164891857608
D12,hard,16,570.0,5691.470888150672,0.0,0.5648088886173122,0.0,0.35626291693550916,0.306164891857608
D12,nohealth,16,390.0,3002.9996019389837,0.54,0.23415378253460206,-0.2139496684329182,0.3112726274191754,0.589282954444824
D12,full,17,522.0,4036.523035185789,0.24,0.36431474378517414,-0.14432784450216993,0.37077750276198285,0.4148661270249999
D12,hard,17,505.6666666666667,4899.120152274959,0.0,0.5795678128612645,0.0,0.40594321517893306,0.4148661270249999
D12,nohealth,17,344.0,2844.1891195630897,0.52,0.3113692171610618,-0.18022584755513807,0.3724377917372753,0.583485908938392
D12,full,18,637.6666666666666,4511.669689138898,0.24,0.3105419628579471,-0.12009897369882491,0.346526277700284,0.4558863766453769
D12,hard,18,579.6666666666666,5546.959626740386,0.0,0.5574532639095728,0.0,0.4071308748306436,0.42521318803445496
D12,nohealth,18,355.00000000000006,2617.0394965156934,0.58,0.252782061883011,-0.11388215426759433,0.28501643916517083,0.6151491848663331
D12,full,19,680.6666666666666,5060.778300450047,0.18,0.3213082271647054,-0.17678805458932836,0.390543261559785,0.3029397554043654
D12,hard,19,569.6666666666666,5486.72395377129,0.0,0.5698146701964624,0.0,0.4198507741436087,0.3029397554043654
D12,nohealth,19,286.0,2843.377278201669,0.42,0.1925375550663071,-0.2635489932007762,0.31714652138860544,0.6512652714217851
D12,full,20,311.6666666666667,2769.3831415142286,0.5,0.21060896573601795,-0.15878992089402505,0.2561883925610352,0.6444640711027882
D12,hard,20,540.6666666666666,5354.441695069648,0.0,0.5549481233943319,0.0,0.33744712176418645,0.42345039645223287
D12,nohealth,20,340.3333333333333,2785.7210548594903,0.56,0.21351563262774076,-0.14520085977367664,0.22009087415845907,0.5979742200632536
D12,full,21,672.6666666666667,4577.553974765988,0.2,0.44196114316229074,-0.07627744073304202,0.4030007933959697,0.36783207786804173
D12,hard,21,533.3333333333333,5402.1453397196465,0.0,0.5787558583615451,0.0,0.3949989192439388,0.36783207786804173
D12,nohealth,21,360.00000000000006,2801.759385338518,0.54,0.3079321309289087,-0.13667509363707736,0.24326452423256661,0.5937268113134078
D12,full,22,614.6666666666667,4782.36753021949,0.3,0.45412990578352597,-0.09977363690502394,0.4069286823260486,0.3137393541194783
D12,hard,22,541.6666666666666,5227.470827760979,0.0,0.5827333147823117,0.0,0.42595594324623665,0.3137393541194783
D12,nohealth,22,357.3333333333333,2737.4151369490955,0.44,0.2790167003891846,-0.20553170052879502,0.3657460453806084,0.6004909220710023
D12,full,23,376.0,2946.4948173553835,0.5,0.27692817325467733,-0.1826717169714548,0.3356934124087705,0.602982930283743
D12,hard,23,633.6666666666667,5498.603359134793,0.0,0.5658215223525926,0.0,0.38309397489104413,0.3158085206812917
D12,nohealth,23,402.3333333333333,3178.012183081636,0.54,0.2681944967484118,-0.17205862608848957,0.31012728608208184,0.5757619832776114
D12,full,24,596.9999999999999,4741.581785545168,0.16,0.3157011127105098,-0.14567869708860853,0.40370140218478834,0.30667490420366283
D12,hard,24,525.3333333333333,4941.184970842932,0.0,0.5585896552868128,0.0,0.39418606101028375,0.30667490420366283
D12,nohealth,24,269.66666666666663,2520.6960554706925,0.52,0.23147800252186945,-0.18220971073117712,0.2872325288761731,0.6369977164481343
D12,full,25,698.3333333333334,4872.581010851764,0.18,0.24683936700109577,-0.22136765756692417,0.2668808515255058,0.3938311204652987
D12,hard,25,536.0,5461.441863185357,0.0,0.5552609334694005,0.0,0.28748177154710564,0.33441176769914865
D12,nohealth,25,289.33333333333337,2848.216300425218,0.5,0.229169300248113,-0.2236490989167749,0.1973819019603109,0.6157354299246544
D12,full,26,533.6666666666667,3967.39697277803,0.26,0.3014050962393726,-0.18758066420008596,0.3674624829287201,0.3074937805257015
D12,hard,26,563.6666666666666,5119.695250134477,0.0,0.603112423643215,0.0,0.44233635419450035,0.3074937805257015
D12,nohealth,26,346.0,2574.4308846669487,0.52,0.27713100921921785,-0.19828525754254608,0.2986980417447448,0.5977222192298829
D12,full,27,326.0,3140.043890454752,0.48,0.18008980715401868,-0.2042439390269844,0.3185170798615734,0.612722054383164
D12,hard,27,543.0,5570.589830010734,0.0,0.5855091928250384,0.0,0.37423940317522353,0.4267015788733378
D12,nohealth,27,346.6666666666667,2978.4364600399094,0.46,0.13265633005285649,-0.19308747853537925,0.26292103309973136,0.6081705807665484
D12,full,28,680.6666666666667,5457.7716241664575,0.12,0.35736953771918545,-0.15795924889629406,0.3938184951802369,0.34964960671307627
D12,hard,28,587.6666666666666,5487.594254792041,0.0,0.5785828203538101,0.0,0.4195086998410744,0.34964960671307627
D12,nohealth,28,296.3333333333333,2873.562708266794,0.46,0.21735179597918775,-0.19333453203554007,0.3379858200927415,0.6251643355362833
D12,full,29,670.0000000000001,5190.951618241302,0.2,0.401933138183715,-0.12194884515763134,0.42185780712346754,0.3368144063294138
D12,hard,29,537.0000000000001,5311.545925050249,0.0,0.5748477932506655,0.0,0.4251653534399288,0.3368144063294138
D12,nohealth,29,346.0,2815.175182342612,0.52,0.26408482832615565,-0.1958296955984022,0.3618961051328461,0.6043924786126553
D12,full,30,600.6666666666667,4533.8432101281915,0.18,0.40921688712362125,-0.11276213147144702,0.4144969308892932,0.34748439816501486
D12,hard,30,520.3333333333333,5170.633542639314,0.0,0.5987890774041922,0.0,0.41700554386124866,0.34748439816501486
D12,nohealth,30,370.0,2568.1025633355844,0.56,0.35051302186445255,-0.18138415525575396,0.33130761914413565,0.5845180198576478
D13,full,1,335.00000000000006,3141.0771933578453,0.48,0.38371705306187187,-0.3878476670408637,0.057100332295185297,0.8344603324942528
D13,hard,1,565.3333333333334,5773.666716477826,0.0,0.6169159173118706,0.0,0.08777643724573969,0.35233843751553295
D13,nohealth,1,300.33333333333337,3141.951903000504,0.5,0.38442741240487677,-0.38952397987382986,0.06402579108661821,0.837762212162409
D13,full,2,315.6666666666667,2898.8184113033094,0.5,0.4453623707135732,-0.4437758970825956,0.10044198652579173,0.8377654004935983
D13,hard,2,554.6666666666666,5426.585369179175,0.0,0.639336886991537,0.0,0.12860730799538955,0.31682425077358367
D13,nohealth,2,277.66666666666663,2826.372491766084,0.52,0.46083872734711595,-0.4348086599954503,0.08060029471408925,0.8371399696078704
D13,full,3,573.3333333333333,4556.09484220232,0.18,0.5661582329651764,-0.1840089201677743,0.13291378006398047,0.3213078229153842
D13,hard,3,543.3333333333334,5104.9348069349935,0.0,0.6651488569120061,0.0,0.1485220926896894,0.3213078229153842
D13,nohealth,3,310.0,2647.9230144321837,0.44,0.4251171727284755,-0.43144230313293086,0.13333191292583013,0.8401552745506803
D13,full,4,586.3333333333334,4876.274151120469,0.24,0.48545299850073076,-0.29400132656041655,0.1585814821644994,0.36807036336773774
D13,hard,4,598.0,5809.10088519726,0.0,0.6931862067243373,0.0,0.16161214270091429,0.32987043548338324
D13,nohealth,4,372.00000000000006,2877.599632954222,0.46,0.46182073751855657,-0.42563732628854056,0.13385337994194269,0.8428042583468502
D13,full,5,561.0,4391.471267939585,0.22,0.5365073033049135,-0.10398382187503483,0.15745255770080557,0.3278889415819196
D13,hard,5,643.6666666666667,5855.63321703626,0.0,0.6614048838737188,0.0,0.18000521114393075,0.3278889415819196
D13,nohealth,5,410.0,3291.2260769031805,0.48,0.4048024920708535,-0.36459012074692265,0.10833755058099459,0.7491596300270117
D13,full,6,332.3333333333333,3142.0106940239825,0.48,0.4511477688772696,-0.4131860081597232,-0.008188454131065503,0.84068615329031
D13,hard,6,643.3333333333334,5714.617376655182,0.0,0.6734317968314938,0.0,0.03910395413076451,0.32863531176746946
D13,nohealth,6,387.33333333333337,2936.6610403023833,0.48,0.43543485622710065,-0.4096676321621401,-0.010499891946084916,0.8300602797540948
D13,full,7,622.6666666666667,5062.439979657518,0.14,0.4109407666709075,-0.25285800266451314,0.1890945192499086,0.3601785217252042
D13,hard,7,542.6666666666666,5348.768993104783,0.0,0.5377216729569494,0.0,0.1921624536717873,0.30940883840000394
D13,nohealth,7,310.6666666666667,2673.7754414858305,0.52,0.31217174920494006,-0.449420894437979,0.15707413101162593,0.8246234860461249
D13,full,8,608.6666666666667,4949.092675802463,0.26,0.5545975763688209,-0.17621552461834744,0.1113520930888866,0.32032786237925137
D13,hard,8,585.3333333333334,5798.28813288665,0.0,0.6888316248977351,0.0,0.12508146437542889,0.32032786237925137
D13,nohealth,8,330.0,2989.5887705792975,0.54,0.42195638746760933,-0.37445744151644694,0.08682097369988984,0.8318612651901544
D13,full,9,576.0,4992.414074023696,0.18,0.5654391419033677,-0.1887266537126427,0.10062784857008755,0.37073366093323484
D13,hard,9,563.3333333333334,5720.01596836234,0.0,0.684361390316381,0.0,0.1007462906857417,0.37073366093323484
D13,nohealth,9,311.33333333333337,2763.074906747333,0.48,0.424742034153633,-0.3680162770532999,0.06611246789651792,0.8315560818282451
D13,full,10,542.3333333333334,4315.335686362512,0.22,0.4719779737174705,-0.2585300462598742,0.14658495437543273,0.3390643909447751
D13,hard,10,517.0,5022.493027132397,0.0,0.694295344666717,0.0,0.15936732874646453,0.3390643909447751
D13,nohealth,10,340.3333333333333,2699.164375546165,0.52,0.44998639396679385,-0.3819395564245961,0.09183090703534913,0.8297716145635017
D13,full,11,683.3333333333334,4861.6394540470155,0.2,0.32754982126460397,-0.3043409589007064,0.15159792513781656,0.7258922370252949
D13,hard,11,544.6666666666666,5769.778970458247,0.0,0.6051280305931546,0.0,0.1730782583219762,0.45073443288627635
D13,nohealth,11,349.3333333333333,2878.5237375220513,0.56,0.34206149758116533,-0.33150788600171166,0.11871620120291104,0.8239814312105033
D13,full,12,807.3333333333333,5510.183485057022,0.14,0.5593248230154482,-0.23336953027947738,0.14346258105141452,0.3130542734150614
D13,hard,12,595.0,5764.38893999887,0.0,0.6236736456604406,0.0,0.14762055406394003,0.3130542734150614
D13,nohealth,12,303.0,2987.8840195365283,0.52,0.4152660013465821,-0.4108617948613248,0.11819461255805241,0.8330751595375592
D13,full,13,587.0,4655.319203296408,0.22,0.46447152966162464,-0.10747156404465479,0.178444504794407,0.40337630160904503
D13,hard,13,582.0,5138.460835418654,0.0,0.584154522626507,0.0,0.18706303124837143,0.40337630160904503
D13,nohealth,13,298.0,2582.6812736857887,0.44,0.2876453261943268,-0.34885397700944437,0.1611350146608036,0.8373277320707
D13,full,14,656.6666666666666,5303.769628947343,0.14,0.6375023607470287,-0.2283112485304244,0.07239669739548216,0.3184417814980253
D13,hard,14,527.3333333333333,5140.854532092843,0.0,0.6760131101632458,0.0,0.07928594850426984,0.30680354550185696
D13,nohealth,14,291.66666666666663,2711.4755791051857,0.52,0.466451104105966,-0.4665203028016772,0.042085507616417495,0.8307836542702588
D13,full,15,314.66666666666663,2953.9784117249037,0.48,0.4013619813677214,-0.4364638107774761,0.10505539452898427,0.8479598885092451
D13,hard,15,563.3333333333331,5329.3990965564435,0.0,0.6263192804850286,0.0,0.14536688032126577,0.35453568606737923
D13,nohealth,15,339.6666666666667,2840.1382469104387,0.56,0.3685470648578719,-0.4234353625486724,0.09445295766041328,0.8241023296498837
D13,full,16,635.0,4543.80145234949,0.28,0.5755458539516929,-0.21128131144635648,0.08195929404899782,0.306164891857608
D13,hard,16,570.0,5691.470888150672,0.0,0.6153232207180896,0.0,0.10154915457531022,0.306164891857608
D13,nohealth,16,390.0,3002.9996019389837,0.54,0.43532624816532994,-0.41474604833356976,0.08461766831335593,0.8249408116665786
D13,full,17,522.0,4036.523035185789,0.24,0.5722488035223328,-0.2268948523067554,0.14559672886628938,0.4148661270249999
D13,hard,17,505.6666666666667,4899.120152274959,0.0,0.674112469017361,0.0,0.15951381204464277,0.4148661270249999
D13,nohealth,17,344.0,2844.1891195630897,0.52,0.3667786799123003,-0.374834293571923,0.14584952024353537,0.8226413053279629
D13,full,18,637.6666666666666,4511.669689138898,0.24,0.4102878589166685,-0.2019012782751438,0.11351693291040355,0.4558863766453769
D13,hard,18,579.6666666666666,5546.959626740386,0.0,0.6023859703291172,0.0,0.13576749675736266,0.42521318803445496
D13,nohealth,18,355.00000000000006,2617.0394965156934,0.58,0.38017795131683974,-0.3248756204666319,0.08855990029825633,0.8346511316604718
D13,full,19,680.6666666666666,5060.778300450047,0.18,0.5063433157408987,-0.24570600445336271,0.14932697535822637,0.3029397554043654
D13,hard,19,569.6666666666666,5486.72395377129,0.0,0.6094703739714205,0.0,0.1608353383906016,0.3029397554043654
D13,nohealth,19,286.0,2843.377278201669,0.42,0.3961677679256419,-0.4411464751533627,0.10560713130370702,0.847714151593405
D13,full,20,311.6666666666667,2769.3831415142286,0.5,0.4353118720639233,-0.351647185523153,0.05066039481644169,0.8462280052236563
D13,hard,20,540.6666666666666,5354.441695069648,0.0,0.6207400378178745,0.0,0.08275893596522121,0.42345039645223287
D13,nohealth,20,340.3333333333333,2785.7210548594903,0.56,0.4551480159463803,-0.3458678433709358,0.033608678244773205,0.8283920954578404
D13,full,21,672.6666666666667,4577.553974765988,0.2,0.4374090278783822,-0.15959509503753408,0.14265732184731272,0.36783207786804173
D13,hard,21,533.3333333333333,5402.1453397196465,0.0,0.5992527084338048,0.0,0.1391709137819075,0.36783207786804173
D13,nohealth,21,360.00000000000006,2801.759385338518,0.54,0.40220319825646,-0.3444049179865149,0.07895884926193186,0.8267412652744703
D13,full,22,614.6666666666667,4782.36753021949,0.3,0.47612095152279066,-0.18839495945843293,0.17343144978054026,0.3137393541194783
D13,hard,22,541.6666666666666,5227.470827760979,0.0,0.6767743061929128,0.0,0.1809992753165537,0.3137393541194783
D13,nohealth,22,357.3333333333333,2737.4151369490955,0.44,0.38651705487275834,-0.39262868221243713,0.14946608689549845,0.8288126308941495
D13,full,23,376.0,2946.4948173553835,0.5,0.41098212871832573,-0.38450311903197293,0.11116141747300445,0.8297996522434152
D13,hard,23,633.6666666666667,5498.603359134793,0.0,0.6320561141870329,0.0,0.13017523485107296,0.3158085206812917
D13,nohealth,23,402.3333333333333,3178.012183081636,0.54,0.43093257060717405,-0.37713176926907394,0.09188712957736589,0.8196665011712058
D13,full,24,596.9999999999999,4741.581785545168,0.16,0.5622848858110474,-0.20515843764289884,0.14666188549205517,0.30667490420366283
D13,hard,24,525.3333333333333,4941.184970842932,0.0,0.685174052116803,0.0,0.1428915521034979,0.30667490420366283
D13,nohealth,24,269.66666666666663,2520.6960554706925,0.52,0.4610705768600718,-0.3846077105082163,0.10038951380103156,0.8415763817835673
D13,full,25,698.3333333333334,4872.581010851764,0.18,0.5733767436395358,-0.2760571089499513,0.022014232552298063,0.3938311204652987
D13,hard,25,536.0,5461.441863185357,0.0,0.5698158835458256,0.0,0.030231374335476957,0.33441176769914865
D13,nohealth,25,289.33333333333337,2848.216300425218,0.5,0.4544535053923884,-0.4291841647333675,-0.0045793702684251425,0.833240326440766
D13,full,26,533.6666666666667,3967.39697277803,0.26,0.4000575838238505,-0.26508661739317935,0.14223532470941558,0.3074937805257015
D13,hard,26,563.6666666666666,5119.695250134477,0.0,0.6205066572583535,0.0,0.16026096484082442,0.3074937805257015
D13,nohealth,26,346.0,2574.4308846669487,0.52,0.3946348958197001,-0.39807952607216784,0.10680541095576801,0.8277553770941958
D13,full,27,326.0,3140.043890454752,0.48,0.38633164957845634,-0.396898012491785,0.09139105547985915,0.8340327285237992
D13,hard,27,543.0,5570.589830010734,0.0,0.5970871035052312,0.0,0.11092416209324585,0.4267015788733378
D13,nohealth,27,346.6666666666667,2978.4364600399094,0.46,0.37842490856792455,-0.39042319486827537,0.06484063453384525,0.8315019185890052
D13,full,28,680.6666666666667,5457.7716241664575,0.12,0.5006600725549111,-0.2132913818592356,0.14784027856620463,0.34964960671307627
D13,hard,28,587.6666666666666,5487.594254792041,0.0,0.6547936395755498,0.0,0.15906895081334727,0.34964960671307627
D13,nohealth,28,296.3333333333333,2873.562708266794,0.46,0.39178398471937226,-0.3999612367529346,0.12644323724999185,0.838205919616642
D13,full,29,670.0000000000001,5190.951618241302,0.2,0.565056988550882,-0.17865981705995096,0.17887981175953427,0.3368144063294138
D13,hard,29,537.0000000000001,5311.545925050249,0.0,0.7275643149075455,0.0,0.1796948426668532,0.3368144063294138
D13,nohealth,29,346.0,2815.175182342612,0.52,0.4407871291830454,-0.39330574538379415,0.1542999838416893,0.8306544349348902
D13,full,30,600.6666666666667,4533.8432101281915,0.18,0.4918141310880493,-0.17167701120983045,0.17278882625321335,0.34748439816501486
D13,hard,30,520.3333333333333,5170.633542639314,0.0,0.7032018056454028,0.0,0.17397850163359396,0.34748439816501486
D13,nohealth,30,370.0,2568.1025633355844,0.56,0.370209825076699,-0.3768823634676918,0.13944072331562862,0.8231152507337826
D14,full,1,335.00000000000006,3141.0771933578453,0.48,0.4584107884511808,-0.3043654699118128,0.13847179204358628,0.7480727189399056
D14,hard,1,565.3333333333334,5773.666716477826,0.0,0.6482908574167139,0.0,0.1851639273121647,0.35233843751553295
D14,nohealth,1,300.33333333333337,3141.951903000504,0.5,0.4697515988296448,-0.3071013437222592,0.14897087215064586,0.7529168689146734
D14,full,2,315.6666666666667,2898.8184113033094,0.5,0.3344193255917589,-0.36865948075278043,0.18234966290528543,0.7540109025629597
D14,hard,2,554.6666666666666,5426.585369179175,0.0,0.6356446670708009,0.0,0.22522038436620373,0.31682425077358367
D14,nohealth,2,277.66666666666663,2826.372491766084,0.52,0.3482349935124478,-0.3547984072316066,0.15193599764059862,0.7521116578790752
D14,full,3,573.3333333333333,4556.09484220232,0.18,0.3977525216687978,-0.15546977535457834,0.2242580928853114,0.3213078229153842
D14,hard,3,543.3333333333334,5104.9348069349935,0.0,0.6022938940001943,0.0,0.24802988814140026,0.3213078229153842
D14,nohealth,3,310.0,2647.9230144321837,0.44,0.31196048241081153,-0.3570635837086086,0.22497650556837867,0.7567782631422028
D14,full,4,586.3333333333334,4876.274151120469,0.24,0.3740787599605493,-0.2609763686425577,0.2526596920690676,0.36807036336773774
D14,hard,4,598.0,5809.10088519726,0.0,0.5874264812162024,0.0,0.2572006699202395,0.32987043548338324
D14,nohealth,4,372.00000000000006,2877.599632954222,0.46,0.3108763695272676,-0.35272829001600386,0.21826624399682326,0.7610840919038119
D14,full,5,561.0,4391.471267939585,0.22,0.5049519535098608,-0.07089500545096376,0.2512188228777299,0.3278889415819196
D14,hard,5,643.6666666666667,5855.63321703626,0.0,0.6611378160252646,0.0,0.2855450834201487,0.3278889415819196
D14,nohealth,5,410.0,3291.2260769031805,0.48,0.35494670016219687,-0.2908897597970965,0.19625143014332647,0.7172456044760979
D14,full,6,332.3333333333333,3142.0106940239825,0.48,0.4986525161185953,-0.3346520634676682,0.06773626433186974,0.7569454722634097
D14,hard,6,643.3333333333334,5714.617376655182,0.0,0.6882923333666116,0.0,0.14013828966833808,0.32863531176746946
D14,nohealth,6,387.33333333333337,2936.6610403023833,0.48,0.47409888914592035,-0.33309366343659563,0.08443905542553609,0.74064952679157
D14,full,7,622.6666666666667,5062.439979657518,0.14,0.29834421792220667,-0.22776497216115335,0.28914878466618277,0.3601785217252042
D14,hard,7,542.6666666666666,5348.768993104783,0.0,0.5243549478603626,0.0,0.29385321664659825,0.30940883840000394
D14,nohealth,7,310.6666666666667,2673.7754414858305,0.52,0.17463637945305388,-0.3688309546044527,0.24051603802030175,0.7326934324892764
D14,full,8,608.6666666666667,4949.092675802463,0.26,0.4842813251195466,-0.1473448604066212,0.20359451597434275,0.32032786237925137
D14,hard,8,585.3333333333334,5798.28813288665,0.0,0.6898788417213138,0.0,0.22447945518525303,0.32032786237925137
D14,nohealth,8,330.0,2989.5887705792975,0.54,0.4719738587743514,-0.2898559018983642,0.1661113440171309,0.7435259916154717
D14,full,9,576.0,4992.414074023696,0.18,0.5019310211446424,-0.15711146039175605,0.19288638603490982,0.37073366093323484
D14,hard,9,563.3333333333334,5720.01596836234,0.0,0.6741463152053806,0.0,0.19303336391185522,0.37073366093323484
D14,nohealth,9,311.33333333333337,2763.074906747333,0.48,0.3724370771149441,-0.29018189172308967,0.14012119651291455,0.743328733749819
D14,full,10,542.3333333333334,4315.335686362512,0.22,0.3152608669234016,-0.22731302251000302,0.2343924678182463,0.3390643909447751
D14,hard,10,517.0,5022.493027132397,0.0,0.5900826849413867,0.0,0.2539049312246272,0.3390643909447751
D14,nohealth,10,340.3333333333333,2699.164375546165,0.52,0.3235496752931022,-0.304447776868794,0.15086735588600164,0.7402814783691143
D14,full,11,683.3333333333334,4861.6394540470155,0.2,0.31798836348286685,-0.2796017473439335,0.2465487519639764,0.7180767406640033
D14,hard,11,544.6666666666666,5769.778970458247,0.0,0.7156215460396107,0.0,0.279243143665029,0.45073443288627635
D14,nohealth,11,349.3333333333333,2878.5237375220513,0.56,0.3067057965657629,-0.24679024835412794,0.19645741195525657,0.7318445621207417
D14,full,12,807.3333333333333,5510.183485057022,0.14,0.4856836126696349,-0.2078240716620135,0.23537316320627244,0.3130542734150614
D14,hard,12,595.0,5764.38893999887,0.0,0.689536885819906,0.0,0.24169986976893099,0.3130542734150614
D14,nohealth,12,303.0,2987.8840195365283,0.52,0.3623144911774867,-0.3284754107329246,0.19691268129806783,0.7463893208568539
D14,full,13,587.0,4655.319203296408,0.22,0.431561738862678,-0.07593647777402172,0.27450504754495986,0.40337630160904503
D14,hard,13,582.0,5138.460835418654,0.0,0.5903620474318265,0.0,0.28573847146336895,0.40337630160904503
D14,nohealth,13,298.0,2582.6812736857887,0.44,0.2109025066764365,-0.2714396173784109,0.2482401312152246,0.7540854997642193
D14,full,14,656.6666666666666,5303.769628947343,0.14,0.4934593443996005,-0.2065312313393494,0.16333404488987857,0.3184417814980253
D14,hard,14,527.3333333333333,5140.854532092843,0.0,0.5780752561837004,0.0,0.17387822447737677,0.30680354550185696
D14,nohealth,14,291.66666666666663,2711.4755791051857,0.52,0.4276089302411821,-0.3846002786231826,0.11685310357146639,0.7424722743782302
D14,full,15,314.66666666666663,2953.9784117249037,0.48,0.33097786879787505,-0.3601122027903243,0.1947070334209705,0.7686285760128675
D14,hard,15,563.3333333333331,5329.3990965564435,0.0,0.6955324817747957,0.0,0.2411724611932865,0.35453568606737923
D14,nohealth,15,339.6666666666667,2840.1382469104387,0.56,0.33865464078531193,-0.3398776851919455,0.17380771937316541,0.7317298491244293
D14,full,16,635.0,4543.80145234949,0.28,0.46044125893483834,-0.17166311461588224,0.17959244891448678,0.306164891857608
D14,hard,16,570.0,5691.470888150672,0.0,0.6442441738377298,0.0,0.19932799508739396,0.306164891857608
D14,nohealth,16,390.0,3002.9996019389837,0.54,0.3470464272555793,-0.3346433889414652,0.1735181676087999,0.7328023693956425
D14,full,17,522.0,4036.523035185789,0.24,0.5011125204902838,-0.1919008291354926,0.2342846698930906,0.4148661270249999
D14,hard,17,505.6666666666667,4899.120152274959,0.0,0.6778123593101206,0.0,0.255467622502798,0.4148661270249999
D14,nohealth,17,344.0,2844.1891195630897,0.52,0.303385196529274,-0.29697705636651756,0.23474430229996646,0.7294111656461787
D14,full,18,637.6666666666666,4511.669689138898,0.24,0.2996441680298536,-0.16691384017070005,0.2051342043963199,0.4558863766453769
D14,hard,18,579.6666666666666,5546.959626740386,0.0,0.5983368706557208,0.0,0.24021913625252878,0.42521318803445496
D14,nohealth,18,355.00000000000006,2617.0394965156934,0.58,0.24776250867746374,-0.2412470974995326,0.16715391184935735,0.7481660726640822
D14,full,19,680.6666666666666,5060.778300450047,0.18,0.4270651847751359,-0.21557408854775112,0.24352965801302984,0.3029397554043654
D14,hard,19,569.6666666666666,5486.72395377129,0.0,0.6311832992303876,0.0,0.26106902749684124,0.3029397554043654
D14,nohealth,19,286.0,2843.377278201669,0.42,0.30578394384866336,-0.3691581872263098,0.17820719480765812,0.7692820397442294
D14,full,20,311.6666666666667,2769.3831415142286,0.5,0.3738797762526489,-0.2742126244075611,0.1323107526934666,0.7657514271371458
D14,hard,20,540.6666666666666,5354.441695069648,0.0,0.6314303453179935,0.0,0.18154806843131988,0.42345039645223287
D14,nohealth,20,340.3333333333333,2785.7210548594903,0.56,0.36967920332707394,-0.26582349108976056,0.10555675600801939,0.7381227350652662
D14,full,21,672.6666666666667,4577.553974765988,0.2,0.4098257986487672,-0.12508562104786658,0.24358296435635618,0.36783207786804173
D14,hard,21,533.3333333333333,5402.1453397196465,0.0,0.6662749005253801,0.0,0.23835858844186775,0.36783207786804173
D14,nohealth,21,360.00000000000006,2801.759385338518,0.54,0.33406501388143606,-0.26200777754000487,0.14588668146846073,0.7355613887912898
D14,full,22,614.6666666666667,4782.36753021949,0.3,0.4250697740843066,-0.15139444194598556,0.2650012603859666,0.3137393541194783
D14,hard,22,541.6666666666666,5227.470827760979,0.0,0.6593255060772822,0.0,0.2765101465026316,0.3137393541194783
D14,nohealth,22,357.3333333333333,2737.4151369490955,0.44,0.3588068438057286,-0.3173506092498003,0.2349845785479534,0.7393181532314352
D14,full,23,376.0,2946.4948173553835,0.5,0.37255916543440804,-0.3040300945229698,0.19944105582205285,0.7408455440043755
D14,hard,23,633.6666666666667,5498.603359134793,0.0,0.6417496323685314,0.0,0.22834339480733568,0.3158085206812917
D14,nohealth,23,402.3333333333333,3178.012183081636,0.54,0.39766352459803467,-0.29569305824783865,0.1778874249357829,0.7247190496087069
D14,full,24,596.9999999999999,4741.581785545168,0.16,0.41971850968170843,-0.17858534290454048,0.24621263205408495,0.30667490420366283
D14,hard,24,525.3333333333333,4941.184970842932,0.0,0.6235500433293051,0.0,0.24047529612222962,0.30667490420366283
D14,nohealth,24,269.66666666666663,2520.6960554706925,0.52,0.3635867365081116,-0.30399563921682254,0.17570489162028446,0.7602497068036362
D14,full,25,698.3333333333334,4872.581010851764,0.18,0.46487611287391917,-0.2506376402303612,0.11742486068131075,0.3938311204652987
D14,hard,25,536.0,5461.441863185357,0.0,0.6231669453066606,0.0,0.12986434502867927,0.33441176769914865
D14,nohealth,25,289.33333333333337,2848.216300425218,0.5,0.4530837091951603,-0.3475285683020076,0.07583558096128673,0.7475547455673582
D14,full,26,533.6666666666667,3967.39697277803,0.26,0.33361417838643503,-0.2309757971020233,0.22653482495388189,0.3074937805257015
D14,hard,26,563.6666666666666,5119.695250134477,0.0,0.6569717479952744,0.0,0.26567528389903694,0.3074937805257015
D14,nohealth,26,346.0,2574.4308846669487,0.52,0.3352750836330993,-0.3183249515699191,0.18384980715280175,0.7377443859591287
D14,full,27,326.0,3140.043890454752,0.48,0.32419113551010725,-0.3195483493329803,0.1805208069872678,0.746867439780806
D14,hard,27,543.0,5570.589830010734,0.0,0.6788229467753901,0.0,0.21103711078569054,0.4267015788733378
D14,nohealth,27,346.6666666666667,2978.4364600399094,0.46,0.32809494242509274,-0.31164149586877093,0.13933581521884708,0.7437605735593735
D14,full,28,680.6666666666667,5457.7716241664575,0.12,0.4299125439022484,-0.18834545988827578,0.24275998385671416,0.34964960671307627
D14,hard,28,587.6666666666666,5487.594254792041,0.0,0.6593120680944231,0.0,0.2598414109468066,0.34964960671307627
D14,nohealth,28,296.3333333333333,2873.562708266794,0.46,0.3301090619763114,-0.3178441565116781,0.21023334635070445,0.7539280718828716
D14,full,29,670.0000000000001,5190.951618241302,0.2,0.5159001573283648,-0.15369870125286605,0.2739182840228819,0.3368144063294138
D14,hard,29,537.0000000000001,5311.545925050249,0.0,0.6644892364311148,0.0,0.27528605578691123,0.3368144063294138
D14,nohealth,29,346.0,2815.175182342612,0.52,0.35253666101351944,-0.3143989052820412,0.23670657202973622,0.7418039483173228
D14,full,30,600.6666666666667,4533.8432101281915,0.18,0.46628241937517645,-0.14601659476302403,0.2670421712478973,0.34748439816501486
D14,hard,30,520.3333333333333,5170.633542639314,0.0,0.7077689167454015,0.0,0.26880269381082955,0.34748439816501486
D14,nohealth,30,370.0,2568.1025633355844,0.56,0.37095458993775066,-0.29867844950717826,0.21630687770866475,0.7300132086244576
D15,full,1,335.00000000000006,3141.0771933578453,0.48,0.33327801528626666,-0.4703842395182015,-0.021798318152216223,0.9210771280957547
D15,hard,1,565.3333333333334,5773.666716477826,0.0,0.6049807036577894,0.0,0.0,0.35233843751553295
D15,nohealth,1,300.33333333333337,3141.951903000504,0.5,0.3339846729867648,-0.4704933016211397,-0.02096462334603799,0.922286691205554
D15,full,2,315.6666666666667,2898.8184113033094,0.5,0.4151157996580801,-0.5133225137257161,0.02057158191635533,0.921280599216867
D15,hard,2,554.6666666666666,5426.585369179175,0.0,0.6934086106804414,0.0,0.02616374417071221,0.31682425077358367
D15,nohealth,2,277.66666666666663,2826.372491766084,0.52,0.41587487225265996,-0.5121872545690804,0.01685892272902101,0.9218388480024028
D15,full,3,573.3333333333333,4556.09484220232,0.18,0.6202200595462772,-0.20654230282303096,0.03907399590080041,0.3213078229153842
D15,hard,3,543.3333333333334,5104.9348069349935,0.0,0.7106541056091886,0.0,0.04166253882962123,0.3213078229153842
D15,nohealth,3,310.0,2647.9230144321837,0.44,0.4499937221736945,-0.5002137708968184,0.037670493980167086,0.916299749105513
D15,full,4,586.3333333333334,4876.274151120469,0.24,0.4815231303347054,-0.3131578276539674,0.059917451424859935,0.36807036336773774
D15,hard,4,598.0,5809.10088519726,0.0,0.5544590719490636,0.0,0.06130818563692286,0.32987043548338324
D15,nohealth,4,372.00000000000006,2877.599632954222,0.46,0.4344375791454991,-0.4920386036162882,0.05470520039136084,0.9187097400850035
D15,full,5,561.0,4391.471267939585,0.22,0.5975791620580644,-0.1365245589793327,0.05970027462312677,0.3278889415819196
D15,hard,5,643.6666666666667,5855.63321703626,0.0,0.6684331177220462,0.0,0.06369265676503533,0.3278889415819196
D15,nohealth,5,410.0,3291.2260769031805,0.48,0.4142972125499895,-0.43486029323778597,0.049087987232131036,0.7456754507351128
D15,full,6,332.3333333333333,3142.0106940239825,0.48,0.332487433598885,-0.4877596049558058,-0.0789592398344856,0.9233799047470213
D15,hard,6,643.3333333333334,5714.617376655182,0.0,0.5920808950949108,0.0,0.0,0.32863531176746946
D15,nohealth,6,387.33333333333337,2936.6610403023833,0.48,0.3278685658621181,-0.4820002116826266,-0.08017635074259766,0.9057474834944084
D15,full,7,622.6666666666667,5062.439979657518,0.14,0.5872718932711716,-0.26707154608393735,0.08166090878230181,0.3601785217252042
D15,hard,7,542.6666666666666,5348.768993104783,0.0,0.6119034031809718,0.0,0.08179793715135175,0.30940883840000394
D15,nohealth,7,310.6666666666667,2673.7754414858305,0.52,0.4408067182270039,-0.5275474724962679,0.07467072587269152,0.9207528734437062
D15,full,8,608.6666666666667,4949.092675802463,0.26,0.4757337485662374,-0.19624440395923834,0.01601663827628441,0.32032786237925137
D15,hard,8,585.3333333333334,5798.28813288665,0.0,0.6666654793289413,0.0,0.018594052474739664,0.32032786237925137
D15,nohealth,8,330.0,2989.5887705792975,0.54,0.3780153094025882,-0.4590058917307781,0.010413513411097641,0.9208273092027605
D15,full,9,576.0,4992.414074023696,0.18,0.4953737421124915,-0.21238238528552592,0.004596763391171321,0.37073366093323484
D15,hard,9,563.3333333333334,5720.01596836234,0.0,0.6654078663449767,0.0,0.005132750396687036,0.37073366093323484
D15,nohealth,9,311.33333333333337,2763.074906747333,0.48,0.36494474078108863,-0.44193660933944373,-0.001676309803799736,0.9216699129873682
D15,full,10,542.3333333333334,4315.335686362512,0.22,0.5059245645226724,-0.2758707163726968,0.058184347014962,0.3390643909447751
D15,hard,10,517.0,5022.493027132397,0.0,0.6668405829394115,0.0,0.05976226982731181,0.3390643909447751
D15,nohealth,10,340.3333333333333,2699.164375546165,0.52,0.45165972941712385,-0.4556091482775342,0.0470403639184257,0.9166224541948274
D15,full,11,683.3333333333334,4861.6394540470155,0.2,0.33805036997477567,-0.30786274569693906,0.05171949935561693,0.7155202663625992
D15,hard,11,544.6666666666666,5769.778970458247,0.0,0.6841947381307141,0.0,0.0555258219737198,0.45073443288627635
D15,nohealth,11,349.3333333333333,2878.5237375220513,0.56,0.34306664654040264,-0.41638244648452627,0.04471729235156319,0.9161244979075982
D15,full,12,807.3333333333333,5510.183485057022,0.14,0.5309866666262766,-0.2469179514880538,0.0485970789322091,0.3130542734150614
D15,hard,12,595.0,5764.38893999887,0.0,0.6696668760791968,0.0,0.04936053430453602,0.3130542734150614
D15,nohealth,12,303.0,2987.8840195365283,0.52,0.39591964621691145,-0.4919496259566878,0.04284301419385983,0.9211544341724877
D15,full,13,587.0,4655.319203296408,0.22,0.592028784415837,-0.1373930161625921,0.07953578871538802,0.40337630160904503
D15,hard,13,582.0,5138.460835418654,0.0,0.6164586789761126,0.0,0.08172477861988914,0.40337630160904503
D15,nohealth,13,298.0,2582.6812736857887,0.44,0.40781024878775973,-0.42250919092259503,0.07266132709610684,0.9154831843578906
D15,full,14,656.6666666666666,5303.769628947343,0.14,0.5731872670428315,-0.24048696847561796,0.0,0.3184417814980253
D15,hard,14,527.3333333333333,5140.854532092843,0.0,0.6375780925756469,0.0,0.0,0.30680354550185696
D15,nohealth,14,291.66666666666663,2711.4755791051857,0.52,0.40609299845165925,-0.5468850804979001,-0.027158151699331112,0.9212603952880887
D15,full,15,314.66666666666663,2953.9784117249037,0.48,0.39852079435628096,-0.507907775190372,0.034313694221793756,0.9216488971377891
D15,hard,15,563.3333333333331,5329.3990965564435,0.0,0.6983561993028613,0.0,0.044605862107342076,0.35453568606737923
D15,nohealth,15,339.6666666666667,2840.1382469104387,0.56,0.3971648859681194,-0.5063637436064694,0.034102047119723755,0.920735141762308
D15,full,16,635.0,4543.80145234949,0.28,0.587954720395554,-0.24528770202685385,0.0,0.306164891857608
D15,hard,16,570.0,5691.470888150672,0.0,0.7778456097120785,0.0,0.0,0.306164891857608
D15,nohealth,16,390.0,3002.9996019389837,0.54,0.44407641879778237,-0.4921236059499562,-0.006816139681352418,0.9186334232494027
D15,full,17,522.0,4036.523035185789,0.24,0.5472981996014359,-0.25316990470096823,0.05574333534829001,0.4148661270249999
D15,hard,17,505.6666666666667,4899.120152274959,0.0,0.6980052331701967,0.0,0.05820836189248435,0.4148661270249999
D15,nohealth,17,344.0,2844.1891195630897,0.52,0.37527174997439583,-0.4492258960273829,0.054497713988248875,0.9017750164454121
D15,full,18,637.6666666666666,4511.669689138898,0.24,0.5760007997613432,-0.2270770422340124,0.020124660974774722,0.4558863766453769
D15,hard,18,579.6666666666666,5546.959626740386,0.0,0.7551220160995578,0.0,0.021503930004528438,0.42521318803445496
D15,nohealth,18,355.00000000000006,2617.0394965156934,0.58,0.46723266727746315,-0.4076437683758032,0.013454846551244959,0.9221233454727751
D15,full,19,680.6666666666666,5060.778300450047,0.18,0.6060577018707285,-0.2651501614236004,0.05091600441402211,0.3029397554043654
D15,hard,19,569.6666666666666,5486.72395377129,0.0,0.7634798936320859,0.0,0.0526822715536166,0.3029397554043654
D15,nohealth,19,286.0,2843.377278201669,0.42,0.45154770836724767,-0.506510459946108,0.04221920047849803,0.8987401168194352
D15,full,20,311.6666666666667,2769.3831415142286,0.5,0.38218860812571354,-0.4246201737914624,-0.02945668427824577,0.9232882061802622
D15,hard,20,540.6666666666666,5354.441695069648,0.0,0.6792051180529297,0.0,0.0,0.42345039645223287
D15,nohealth,20,340.3333333333333,2785.7210548594903,0.56,0.3799937718523878,-0.4232135660066764,-0.03191263269251721,0.9212612808435593
D15,full,21,672.6666666666667,4577.553974765988,0.2,0.5377848198110591,-0.18827287126926412,0.034429651453029564,0.36783207786804173
D15,hard,21,533.3333333333333,5402.1453397196465,0.0,0.7370956171827723,0.0,0.03285410507754993,0.36783207786804173
D15,nohealth,21,360.00000000000006,2801.759385338518,0.54,0.42314935004760423,-0.4257251853246292,0.020617033011968156,0.9199097697925931
D15,full,22,614.6666666666667,4782.36753021949,0.3,0.5097960810795221,-0.21810486952953348,0.0791985538801212,0.3137393541194783
D15,hard,22,541.6666666666666,5227.470827760979,0.0,0.6459768073428818,0.0,0.08065107495129353,0.3137393541194783
D15,nohealth,22,357.3333333333333,2737.4151369490955,0.44,0.4100189848386451,-0.463000663552684,0.06982575872582275,0.9076846950145474
D15,full,23,376.0,2946.4948173553835,0.5,0.43953598959754747,-0.4623941780531856,0.021155051018652782,0.9213252396725178
D15,hard,23,633.6666666666667,5498.603359134793,0.0,0.7153677803746938,0.0,0.025359791355285655,0.3158085206812917
D15,nohealth,23,402.3333333333333,3178.012183081636,0.54,0.44375489030512605,-0.4571549639363063,0.0075832831121911415,0.907043137277164
D15,full,24,596.9999999999999,4741.581785545168,0.16,0.5422831049668018,-0.22040937868674476,0.039554108429085244,0.30667490420366283
D15,hard,24,525.3333333333333,4941.184970842932,0.0,0.649888127467362,0.0,0.0388732721517957,0.30667490420366283
D15,nohealth,24,269.66666666666663,2520.6960554706925,0.52,0.4176120961736991,-0.4629515934420462,0.03048907820088642,0.9211792877676046
D15,full,25,698.3333333333334,4872.581010851764,0.18,0.40975015283779803,-0.2874205086622802,0.0,0.3938311204652987
D15,hard,25,536.0,5461.441863185357,0.0,0.5653397500127861,0.0,0.0,0.33441176769914865
D15,nohealth,25,289.33333333333337,2848.216300425218,0.5,0.35037176756224353,-0.5092974467476689,-0.08281668739197934,0.9178965906131853
D15,full,26,533.6666666666667,3967.39697277803,0.26,0.45577374000373183,-0.2863496182488027,0.058884989935683585,0.3074937805257015
D15,hard,26,563.6666666666666,5119.695250134477,0.0,0.6845114696805403,0.0,0.06264791249317281,0.3074937805257015
D15,nohealth,26,346.0,2574.4308846669487,0.52,0.4314677499097417,-0.4749315950776718,0.04746097543791805,0.9211302941165134
D15,full,27,326.0,3140.043890454752,0.48,0.4030644127256877,-0.4698030518823487,-0.00011285732550947447,0.9223375449187932
D15,hard,27,543.0,5570.589830010734,0.0,0.7713403850468847,0.0,0.004302623762372115,0.4267015788733378
D15,nohealth,27,346.6666666666667,2978.4364600399094,0.46,0.4000098505934504,-0.4663065508733812,-0.004851435082110611,0.9183600988579809
D15,full,28,680.6666666666667,5457.7716241664575,0.12,0.5264102137905817,-0.22687013601441483,0.048191327448775634,0.34964960671307627
D15,hard,28,587.6666666666666,5487.594254792041,0.0,0.661718232580552,0.0,0.050287703719002486,0.34964960671307627
D15,nohealth,28,296.3333333333333,2873.562708266794,0.46,0.4074047580279452,-0.480425091029856,0.043308561063808315,0.9222154463957715
D15,full,29,670.0000000000001,5190.951618241302,0.2,0.46329911576622185,-0.1942117512542724,0.08014849358084741,0.3368144063294138
D15,hard,29,537.0000000000001,5311.545925050249,0.0,0.5930602675624566,0.0,0.07881262722447113,0.3368144063294138
D15,nohealth,29,346.0,2815.175182342612,0.52,0.3695717106269285,-0.46905674594414626,0.07320049183790867,0.9164917295764429
D15,full,30,600.6666666666667,4533.8432101281915,0.18,0.4726012249050704,-0.1885631726003531,0.0737960040015666,0.34748439816501486
D15,hard,30,520.3333333333333,5170.633542639314,0.0,0.6388297793283162,0.0,0.07459789550526874,0.34748439816501486
D15,nohealth,30,370.0,2568.1025633355844,0.56,0.37993629044384325,-0.451639136465265,0.06638214098559692,0.9154483389715926
D16,full,1,335.00000000000006,3141.0771933578453,0.48,0.311088354894824,-0.23206731376467982,0.20857797375753262,0.6724714630585064
D16,hard,1,565.3333333333334,5773.666716477826,0.0,0.5742663993040533,0.0,0.2712074081847179,0.35233843751553295
D16,nohealth,1,300.33333333333337,3141.951903000504,0.5,0.29591979510080546,-0.23584276134262422,0.22277237777521086,0.6792073265314479
D16,full,2,315.6666666666667,2898.8184113033094,0.5,0.23587046114408894,-0.30471378917156133,0.25302386216158945,0.6813104411434592
D16,hard,2,554.6666666666666,5426.585369179175,0.0,0.5786933267497116,0.0,0.3105154110240703,0.31682425077358367
D16,nohealth,2,277.66666666666663,2826.372491766084,0.52,0.25888049590147544,-0.28591196987475753,0.21212230745028682,0.6781938653129321
D16,full,3,573.3333333333333,4556.09484220232,0.18,0.3417649513607752,-0.13208756398736993,0.3041935400879916,0.3213078229153842
D16,hard,3,543.3333333333334,5104.9348069349935,0.0,0.5678937476713748,0.0,0.33619653777059144,0.3213078229153842
D16,nohealth,3,310.0,2647.9230144321837,0.44,0.20072808790830599,-0.2937675106281925,0.30552983432821823,0.6845218581920995
D16,full,4,586.3333333333334,4876.274151120469,0.24,0.3154311767981621,-0.23554259832073207,0.335460609338218,0.36807036336773774
D16,hard,4,598.0,5809.10088519726,0.0,0.5586356477243553,0.0,0.34134400004826126,0.32987043548338324
D16,nohealth,4,372.00000000000006,2877.599632954222,0.46,0.21738434538087592,-0.2909202458301089,0.2958559299709965,0.6904520831141766
D16,full,5,561.0,4391.471267939585,0.22,0.4970869178969588,-0.04227973430720542,0.3336079953418801,0.3278889415819196
D16,hard,5,643.6666666666667,5855.63321703626,0.0,0.6056638972866502,0.0,0.37975455523401147,0.3278889415819196
D16,nohealth,5,410.0,3291.2260769031805,0.48,0.2840740347948334,-0.22767205590796066,0.2730424827088046,0.6308948113341418
D16,full,6,332.3333333333333,3142.0106940239825,0.48,0.33372448115715647,-0.2673598958981488,0.13669216987672217,0.684446548218581
D16,hard,6,643.3333333333334,5714.617376655182,0.0,0.5825642384411418,0.0,0.22997367117369605,0.32863531176746946
D16,nohealth,6,387.33333333333337,2936.6610403023833,0.48,0.36798586186243987,-0.26757006044791903,0.16819132551124416,0.6624770174825524
D16,full,7,622.6666666666667,5062.439979657518,0.14,0.24979919345110746,-0.20852012905593878,0.3777966208383505,0.3601785217252042
D16,hard,7,542.6666666666666,5348.768993104783,0.0,0.5191714415989208,0.0,0.3842264323501987,0.30940883840000394
D16,nohealth,7,310.6666666666667,2673.7754414858305,0.52,0.09565931413235074,-0.2994014535826692,0.3127573981430939,0.6518492960534736
D16,full,8,608.6666666666667,4949.092675802463,0.26,0.42746617584510793,-0.12434021986539809,0.28445037719119515,0.32032786237925137
D16,hard,8,585.3333333333334,5798.28813288665,0.0,0.6262125657501407,0.0,0.3124891533678833,0.32032786237925137
D16,nohealth,8,330.0,2989.5887705792975,0.54,0.35364082097576244,-0.2163759248532516,0.23431346352428084,0.6663550730077994
D16,full,9,576.0,4992.414074023696,0.18,0.3556250745723448,-0.13151561361816116,0.2739157146497101,0.37073366093323484
D16,hard,9,563.3333333333334,5720.01596836234,0.0,0.5907452308254233,0.0,0.2739827949762602,0.37073366093323484
D16,nohealth,9,311.33333333333337,2763.074906747333,0.48,0.2395092044052476,-0.22348655927146294,0.20295207428048578,0.666236429747473
D16,full,10,542.3333333333334,4315.335686362512,0.22,0.2605114216748259,-0.20345163813459238,0.3108090857804281,0.3390643909447751
D16,hard,10,517.0,5022.493027132397,0.0,0.5591338624620701,0.0,0.33721794811529626,0.3390643909447751
D16,nohealth,10,340.3333333333333,2699.164375546165,0.52,0.20558308726224994,-0.2380285033538745,0.20396225374591914,0.6619611177028616
D16,full,11,683.3333333333334,4861.6394540470155,0.2,0.2065343851655399,-0.26309037123594664,0.3301879105756401,0.7155557408211649
D16,hard,11,544.6666666666666,5769.778970458247,0.0,0.6438713660119237,0.0,0.37413985502357283,0.45073443288627635
D16,nohealth,11,349.3333333333333,2878.5237375220513,0.56,0.3106194580442403,-0.17316013252025783,0.26311211124268163,0.650752632308222
D16,full,12,807.3333333333333,5510.183485057022,0.14,0.41231415836356233,-0.18844847601256237,0.31590834586416305,0.3130542734150614
D16,hard,12,595.0,5764.38893999887,0.0,0.6082519115931551,0.0,0.3244066747849753,0.3130542734150614
D16,nohealth,12,303.0,2987.8840195365283,0.52,0.29101239129646705,-0.25721200067566435,0.2645041666634015,0.670759265188692
D16,full,13,587.0,4655.319203296408,0.22,0.46852613890084593,-0.04892097961630959,0.3592450451191008,0.40337630160904503
D16,hard,13,582.0,5138.460835418654,0.0,0.5661401488940332,0.0,0.3730203812430255,0.40337630160904503
D16,nohealth,13,298.0,2582.6812736857887,0.44,0.21942106661891914,-0.20507280300910677,0.3242285736981996,0.6818549021456122
D16,full,14,656.6666666666666,5303.769628947343,0.14,0.3584653817762955,-0.18986510512745974,0.24282271120930554,0.3184417814980253
D16,hard,14,527.3333333333333,5140.854532092843,0.0,0.5432657230045916,0.0,0.25718150097912906,0.30680354550185696
D16,nohealth,14,291.66666666666663,2711.4755791051857,0.52,0.27851244116162754,-0.31380223122170825,0.18050654183704484,0.6652489732808047
D16,full,15,314.66666666666663,2953.9784117249037,0.48,0.23761352804635294,-0.29493811880076615,0.27324627984017513,0.7005099936323969
D16,hard,15,563.3333333333331,5329.3990965564435,0.0,0.6182501619351803,0.0,0.3255606684508797,0.35453568606737923
D16,nohealth,15,339.6666666666667,2840.1382469104387,0.56,0.29670256227097225,-0.26743972422104917,0.24513037161934192,0.650487066241781
D16,full,16,635.0,4543.80145234949,0.28,0.4052668182237076,-0.1385641978079761,0.2659749972159533,0.306164891857608
D16,hard,16,570.0,5691.470888150672,0.0,0.5857267524979066,0.0,0.2857921436210019,0.306164891857608
D16,nohealth,16,390.0,3002.9996019389837,0.54,0.27701473731039306,-0.2656986083037954,0.2513395802922088,0.651890236861503
D16,full,17,522.0,4036.523035185789,0.24,0.38923197784949215,-0.16354807133072172,0.311600426880685,0.4148661270249999
D16,hard,17,505.6666666666667,4899.120152274959,0.0,0.6060328926231631,0.0,0.3400775759983321,0.4148661270249999
D16,nohealth,17,344.0,2844.1891195630897,0.52,0.30301688916650127,-0.23015663788603763,0.312542846025306,0.6472985464660657
D16,full,18,637.6666666666666,4511.669689138898,0.24,0.2682987581280172,-0.1388232384864343,0.28513768763126635,0.4558863766453769
D16,hard,18,579.6666666666666,5546.959626740386,0.0,0.5689182555919898,0.0,0.3333883472553516,0.42521318803445496
D16,nohealth,18,355.00000000000006,2617.0394965156934,0.58,0.1644819219088205,-0.16880182330663196,0.23460888472287555,0.6728000930798059
D16,full,19,680.6666666666666,5060.778300450047,0.18,0.34151909113675005,-0.19190702578939034,0.32635010402603803,0.3029397554043654
D16,hard,19,569.6666666666666,5486.72395377129,0.0,0.5872318120438589,0.0,0.3499994620019784,0.3029397554043654
D16,nohealth,19,286.0,2843.377278201669,0.42,0.21662500349099445,-0.30817733770327765,0.2566355667106158,0.7017512161223094
D16,full,20,311.6666666666667,2769.3831415142286,0.5,0.2351040425796982,-0.20799310690331474,0.20287969929798177,0.6964744468476217
D16,hard,20,540.6666666666666,5354.441695069648,0.0,0.5737294842486722,0.0,0.2689930995134556,0.42345039645223287
D16,nohealth,20,340.3333333333333,2785.7210548594903,0.56,0.2557060956159114,-0.19692314872193523,0.16654903324188386,0.659009481507481
D16,full,21,672.6666666666667,4577.553974765988,0.2,0.41192290124701025,-0.09647620029560951,0.3329696115179589,0.36783207786804173
D16,hard,21,533.3333333333333,5402.1453397196465,0.0,0.6024903098818013,0.0,0.32619490711588994,0.36783207786804173
D16,nohealth,21,360.00000000000006,2801.759385338518,0.54,0.29599248082227136,-0.1906829997176645,0.20201119324317773,0.6555567546961976
D16,full,22,614.6666666666667,4782.36753021949,0.3,0.4449642020779465,-0.120963455897659,0.34517193071844443,0.3137393541194783
D16,hard,22,541.6666666666666,5227.470827760979,0.0,0.605051514871525,0.0,0.36061462502932795,0.3137393541194783
D16,nohealth,22,357.3333333333333,2737.4151369490955,0.44,0.28338572776871107,-0.25310872923195255,0.3092447045975443,0.6609245482766151
D16,full,23,376.0,2946.4948173553835,0.5,0.2770325105898024,-0.2347299905023626,0.2765338449421091,0.662968603960612
D16,hard,23,633.6666666666667,5498.603359134793,0.0,0.5865938978949572,0.0,0.31518099143319067,0.3158085206812917
D16,nohealth,23,402.3333333333333,3178.012183081636,0.54,0.2735036710828451,-0.22528033046249002,0.2528201859159739,0.6409760311464101
D16,full,24,596.9999999999999,4741.581785545168,0.16,0.3202731689591203,-0.1581586691657746,0.33446476612191356,0.30667490420366283
D16,hard,24,525.3333333333333,4941.184970842932,0.0,0.5762495679839417,0.0,0.3267552893567063,0.30667490420366283
D16,nohealth,24,269.66666666666663,2520.6960554706925,0.52,0.246501275043703,-0.23450110951986006,0.23985976084772953,0.6900066442705154
D16,full,25,698.3333333333334,4872.581010851764,0.18,0.30465649651233884,-0.23185470439118436,0.20149833197479772,0.3938311204652987
D16,hard,25,536.0,5461.441863185357,0.0,0.5695691531683549,0.0,0.21820308635837338,0.33441176769914865
D16,nohealth,25,289.33333333333337,2848.216300425218,0.5,0.33746657349791986,-0.27695719150612774,0.14518012588900941,0.672874470410971
D16,full,26,533.6666666666667,3967.39697277803,0.26,0.29274524481875486,-0.20435922666986822,0.30339500176841594,0.3074937805257015
D16,hard,26,563.6666666666666,5119.695250134477,0.0,0.6250953355680107,0.0,0.36392284681390163,0.3074937805257015
D16,nohealth,26,346.0,2574.4308846669487,0.52,0.3030823464876813,-0.24972418160951215,0.24973810382897987,0.6587633717775007
D16,full,27,326.0,3140.043890454752,0.48,0.2075552076515439,-0.2533986041474704,0.2585040198410804,0.6708804782930382
D16,hard,27,543.0,5570.589830010734,0.0,0.6104313194498212,0.0,0.3022772004502856,0.4267015788733378
D16,nohealth,27,346.6666666666667,2978.4364600399094,0.46,0.17595742933112946,-0.24388487540552495,0.20331928329112703,0.6670801195504069
D16,full,28,680.6666666666667,5457.7716241664575,0.12,0.36585503697312727,-0.16934285732988155,0.32655181245067655,0.34964960671307627
D16,hard,28,587.6666666666666,5487.594254792041,0.0,0.6011263564192366,0.0,0.3492608525433396,0.34964960671307627
D16,nohealth,28,296.3333333333333,2873.562708266794,0.46,0.2266054603918608,-0.24689792249006176,0.2828670845024148,0.6807797930159735
D16,full,29,670.0000000000001,5190.951618241302,0.2,0.41517160556691257,-0.13422339956066842,0.357343807294183,0.3368144063294138
D16,hard,29,537.0000000000001,5311.545925050249,0.0,0.5985008696104948,0.0,0.35956679453894014,0.3368144063294138
D16,nohealth,29,346.0,2815.175182342612,0.52,0.29643328783951683,-0.24659400542367438,0.30798552822591474,0.6641173291637279
D16,full,30,600.6666666666667,4533.8432101281915,0.18,0.414148663880884,-0.1257848135882454,0.350031286568141,0.34748439816501486
D16,hard,30,520.3333333333333,5170.633542639314,0.0,0.6279653520080104,0.0,0.3522447365450513,0.34748439816501486
D16,nohealth,30,370.0,2568.1025633355844,0.56,0.3720204052856404,-0.23155253658125305,0.2821861074583063,0.6480921094514586
