config,arm,seed,f1,f2_full,share_low,gini_delta_h,delta_h_low_mean,delta_h_max,h_end_min_lowgrp
W1,full,1,350.6666666666667,3231.142681930565,0.52,0.45743208258650037,-0.35039357845099117,0.09930446790010417,0.7512830540647374
W1,hard,1,603.3333333333333,5897.104106559135,0.0,0.6135197519912658,0.0,0.14327999954921355,0.33736652892105395
W1,nohealth,1,323.3333333333333,2936.3829830735453,0.48,0.43687445930896773,-0.3504839812159542,0.09652344963629889,0.7435589787818236
W1,full,2,512.3333333333334,4642.461567993487,0.66,0.2706669455518025,-0.2951925267828908,0.20448634504218566,0.344479135840777
W1,hard,2,1406.0,16030.407078375105,0.0,0.8477225707229128,0.0,0.2259245713435648,0.3332705929508417
W1,nohealth,2,333.66666666666663,3098.793885478136,0.74,0.18543367270219901,-0.3618634094293599,0.20551982097266686,0.7404912070227877
W1,full,3,706.0000000000001,4740.411821878076,0.1,0.6579278533241986,-0.061905059746030916,0.12893963345752535,0.3304679274121517
W1,hard,3,557.0,4246.28071044317,0.0,0.7071183738862803,0.0,0.13825580100563706,0.3304679274121517
W1,nohealth,3,317.66666666666663,2735.5845121267075,0.4,0.43027388668131517,-0.3139501149268211,0.09353943756819727,0.7375452089271468
W1,full,4,635.3333333333334,4919.254977413422,0.02,0.45904205502740614,-0.10013253401278999,0.2290089249895313,0.31291517997697577
W1,hard,4,424.0,3807.243789210059,0.0,0.5141981061549208,0.0,0.2426892828708731,0.31291517997697577
W1,nohealth,4,388.0,2929.79880039294,0.26,0.3793157924722257,-0.3707850205803645,0.22656105014226646,0.7614071213306093
W1,full,5,711.3333333333335,5755.951337620234,0.16,0.34399015386317755,-0.24291088119904955,0.21025971530858623,0.3974786887810742
W1,hard,5,591.3333333333334,5693.935759587056,0.0,0.6179728653017655,0.0,0.22699832950410903,0.3974786887810742
W1,nohealth,5,410.0,3293.77089786066,0.58,0.38958552072035135,-0.28513334227874954,0.15695536988799663,0.7138723658025168
W1,full,6,763.3333333333334,5717.876213953846,0.36,0.38665856802337406,-0.18429856809129427,0.23983490575769295,0.3686223122449249
W1,hard,6,962.6666666666669,10144.016833512,0.0,0.782673138756091,0.0,0.24788645332026826,0.3686223122449249
W1,nohealth,6,412.0,3162.080899707155,0.68,0.18231537236286055,-0.2849830779766152,0.1954883516917526,0.7355939199767562
W1,full,7,336.66666666666663,3104.2853521440247,0.66,0.22040293982042636,-0.330400258552877,0.24700607643300032,0.7480650381241019
W1,hard,7,954.6666666666666,10136.806078288591,0.0,0.7276192498073948,0.0,0.29070785337545757,0.305368315519731
W1,nohealth,7,354.3333333333333,2805.976364064776,0.72,0.2353793791709271,-0.32553353073693775,0.21335175744120505,0.7354522722434119
W1,full,8,527.3333333333334,4683.8980579448,0.02,0.4363121329804944,-0.06702468823805567,0.22888591953592563,0.35376950294304554
W1,hard,8,445.0,3945.3964714189024,0.0,0.4670958893700592,0.0,0.21318274082381916,0.35376950294304554
W1,nohealth,8,299.66666666666663,2665.001345327475,0.32,0.3672565292906962,-0.28270302321695495,0.19872737313861144,0.7472413158996212
W1,full,9,627.6666666666666,4726.508875820385,0.02,0.6291573376114641,-0.07313910860246275,0.09181186487862225,0.3774380405289428
W1,hard,9,479.66666666666663,3841.6459983103555,0.0,0.63123121033133,0.0,0.1691531901805139,0.3774380405289428
W1,nohealth,9,307.0,2927.599904920984,0.28,0.4729508429275433,-0.3047159716081366,0.1279147370994218,0.7645244667220117
W1,full,10,639.6666666666667,4921.276238375812,0.3,0.48335822886627167,-0.19155908885113268,0.25389642301525805,0.38577932552373867
W1,hard,10,610.0,6279.470106713014,0.0,0.7566586426597683,0.0,0.2580343558350052,0.3691009917952615
W1,nohealth,10,337.0,2854.4872346888433,0.6,0.3906209200009987,-0.2930633909281755,0.12396138127077794,0.7400950825408193
W1,full,11,326.6666666666667,2953.8086748614023,0.6,0.3232623434853439,-0.29278855153284866,0.18746012530756928,0.7389551229860855
W1,hard,11,742.6666666666667,7356.438878034201,0.0,0.7017836255206653,0.0,0.2372227867412281,0.38321828583424916
W1,nohealth,11,371.3333333333333,3018.1203642155606,0.6,0.3530841290186568,-0.27792685909313847,0.1732607936719145,0.7159180383089309
W1,full,12,722.6666666666666,6217.618736539185,0.16,0.5911848795937404,-0.1879018513832783,0.10264461335876551,0.3556335536421309
W1,hard,12,690.0,7407.829632706784,0.0,0.7051668880186073,0.0,0.10845717933142884,0.3556335536421309
W1,nohealth,12,293.6666666666667,3113.533784604438,0.62,0.3274277777518064,-0.35400443036471557,0.0540137615290035,0.7333494552427748
W1,full,13,722.3333333333334,4990.799233300368,0.08,0.4837662788602557,-0.15294240109743723,0.24488686824364125,0.3326532858142075
W1,hard,13,494.33333333333337,4801.58650497956,0.0,0.5816784666384431,0.0,0.2539512752257347,0.3326532858142075
W1,nohealth,13,329.6666666666667,2998.161414489088,0.42,0.39892344820171033,-0.3461878822196884,0.14739131197556488,0.7427157714076864
W1,full,14,469.33333333333337,3633.161411466514,0.0,0.26385698623982723,0.0,0.1373319941733221,0.44340316020107184
W1,hard,14,365.6666666666667,2929.4457849515115,0.0,0.34357957331537703,0.0,0.1704828845614902,0.44340316020107184
W1,nohealth,14,343.66666666666663,2523.4341957818187,0.2,0.3334813164373862,-0.30804346153686907,0.1500059181595187,0.762582281958047
W1,full,15,594.0000000000001,4344.231535071725,0.02,0.5310814266921855,-0.09032648609020222,0.22332670256315046,0.3770446367191773
W1,hard,15,418.33333333333337,3560.042193176468,0.0,0.5000086225652909,0.0,0.22471467432710113,0.3770446367191773
W1,nohealth,15,291.6666666666667,2571.632646934674,0.32,0.4858686081063537,-0.28644278361014847,0.17636137472211522,0.7403086819431366
W1,full,16,470.0,3280.767058265539,0.02,0.3250699809169637,-0.3655361138887272,0.23923626256683905,0.7399985154196864
W1,hard,16,337.0,2788.902228370499,0.0,0.40534873466790344,0.0,0.22311122454934484,0.3744624015309592
W1,nohealth,16,295.66666666666663,2726.285645053661,0.1,0.33653865808426575,-0.377258995457867,0.23491058187578184,0.7517213969888262
W1,full,17,472.3333333333333,4201.461541922202,0.12,0.5732744890663781,-0.04361394996468282,0.221420563275607,0.48587064865182744
W1,hard,17,437.6666666666667,4111.194533436098,0.0,0.6474187645529121,0.0,0.21647808442808192,0.48587064865182744
W1,nohealth,17,349.0,2704.700415023701,0.4,0.3567885717630883,-0.2321017107117793,0.19031033317546597,0.7459978958879538
W1,full,18,488.0,4210.658676670744,0.26,0.4713490543171881,-0.17014069557892877,0.26983622221005177,0.30815374471785045
W1,hard,18,579.3333333333334,5652.754742783203,0.0,0.7221541752898606,0.0,0.27883905454196367,0.30815374471785045
W1,nohealth,18,388.99999999999994,3137.91375499388,0.5,0.29935159260134725,-0.32444385584886687,0.256798174691503,0.7149742088721879
W1,full,19,753.6666666666666,5111.990081679688,0.06,0.4516894137408909,-0.15135524889557592,0.20311544898437606,0.32891379403208776
W1,hard,19,475.3333333333333,4575.617350264151,0.0,0.5762266975700641,0.0,0.22363944210191877,0.32891379403208776
W1,nohealth,19,318.33333333333337,2777.529110759294,0.42,0.36105399850691056,-0.3594912329700783,0.17083557967428376,0.7523527323771483
W1,full,20,698.6666666666667,4799.1700152914145,0.1,0.46500451588218006,-0.201880083822512,0.2251983214586194,0.48607668014171
W1,hard,20,470.6666666666667,4380.851913831055,0.0,0.655423965781943,0.0,0.23373108955814603,0.35424746355668935
W1,nohealth,20,352.6666666666667,3114.883266373545,0.46,0.41075669635150325,-0.28341401678267614,0.1684583655767028,0.7244592860549696
W1,full,21,690.3333333333334,5800.442223568022,0.22,0.3171933594672489,-0.28955175885058154,0.22866422474233283,0.38830149859873647
W1,hard,21,706.3333333333333,6900.149167691258,0.0,0.71792268902326,0.0,0.22854374821429635,0.31815856488737027
W1,nohealth,21,318.66666666666663,2897.747582330049,0.6,0.28013304236217706,-0.3313110290053492,0.1964867366592089,0.7407697484289604
W1,full,22,482.6666666666667,3959.393598160485,0.02,0.4608824085228762,-0.07123438136831267,0.22640815262410907,0.35313950136892125
W1,hard,22,416.66666666666674,3596.537765780843,0.0,0.508333459136689,0.0,0.24009794893737402,0.35313950136892125
W1,nohealth,22,342.6666666666667,2630.9217715860123,0.32,0.35841880970641404,-0.3563880635895152,0.19325578801816579,0.757317614947533
W1,full,23,727.0000000000001,5572.134928501801,0.1,0.5665339467799528,-0.10783847177586717,0.2406937405218783,0.34825945167242234
W1,hard,23,588.0,5798.295083783453,0.0,0.7648547086495543,0.0,0.22156107098699873,0.34825945167242234
W1,nohealth,23,300.0,3123.147442173091,0.52,0.32451516744276643,-0.3072700725890566,0.1871827298047093,0.7289213329108472
W1,full,24,418.00000000000006,3607.533840235915,0.5,0.510626943985627,-0.27152036591772005,0.0409079887446383,0.3114411477067004
W1,hard,24,747.3333333333333,6870.744358611576,0.0,0.7491899954474024,0.0,0.07922929878720364,0.3114411477067004
W1,nohealth,24,330.66666666666663,2946.2589235420637,0.58,0.3982258206123219,-0.33921429504955786,0.014594925918180901,0.7503326666397726
W1,full,25,542.3333333333334,4215.240533384095,0.28,0.4658600380813267,-0.12157744062145244,0.23867453306027997,0.33933236306137127
W1,hard,25,558.3333333333334,5392.056940633772,0.0,0.7329043688285957,0.0,0.2728019476149537,0.33933236306137127
W1,nohealth,25,419.66666666666674,3071.9634112206636,0.42,0.2749945045748463,-0.31207436659049864,0.22518758893516255,0.759476580047501
W1,full,26,489.66666666666663,4000.7391893772055,0.12,0.48932608970123814,-0.17596019343825323,0.27273619380734704,0.31756870651411206
W1,hard,26,494.0,4181.800756656788,0.0,0.6200588395844133,0.0,0.2584493108420831,0.31756870651411206
W1,nohealth,26,325.33333333333337,2819.29836113958,0.42,0.3645505189693643,-0.3880577944917142,0.19965365216072828,0.7401777673787991
W1,full,27,561.6666666666666,4546.866612301496,0.0,0.4581593725605495,0.0,0.20631881267022245,0.34685187903458786
W1,hard,27,424.6666666666667,3820.1266716396062,0.0,0.4721178826325092,0.0,0.23730623388396832,0.34685187903458786
W1,nohealth,27,353.66666666666674,3083.9761817151657,0.26,0.37522226658312285,-0.40883333807156036,0.1995219581106663,0.7734498377497334
W1,full,28,505.6666666666667,4392.134323146904,0.18,0.5166471863059159,-0.114397058436009,0.12214680611995088,0.35235442692026164
W1,hard,28,489.0000000000001,5027.377920214177,0.0,0.7061127042404614,0.0,0.1363382042197009,0.35235442692026164
W1,nohealth,28,387.0,2953.6378706361825,0.4,0.4095302728584622,-0.2803868067911288,0.10010134934917059,0.7327893958607702
W1,full,29,577.6666666666667,4168.095063471828,0.14,0.2621218217311492,-0.16876831446027174,0.19739554028576145,0.3289583632499094
W1,hard,29,515.0,4361.845994078242,0.0,0.4954405558221229,0.0,0.2160753553418976,0.3289583632499094
W1,nohealth,29,283.0,2540.576486778587,0.42,0.32408746103161445,-0.25778517828980285,0.1617082391242407,0.7491037533047309
W1,full,30,336.3333333333333,2676.1902549548863,0.08,0.5081481924526878,-0.1552345235222688,0.24262204668380416,0.39508143289360464
W1,hard,30,370.0,2863.0941555978798,0.0,0.5416540660700606,0.0,0.20984936041000524,0.39508143289360464
W1,nohealth,30,281.6666666666667,2378.464739469935,0.22,0.46195560311659434,-0.3372844191565811,0.19429188284972354,0.7832587627642682
W2,full,1,350.6666666666667,3231.142681930565,0.52,0.45866162028462587,-0.35179756841100024,0.09781135822623366,0.7532389679007725
W2,hard,1,603.3333333333333,5897.104106559135,0.0,0.6192297000329554,0.0,0.13998361130817993,0.33736652892105395
W2,nohealth,1,323.3333333333333,2936.3829830735453,0.48,0.43938724062438794,-0.3518853515533219,0.09514063677914053,0.7458772974035509
W2,full,2,512.3333333333334,4642.461567993487,0.66,0.26994412317477967,-0.29515283228506867,0.20120441288994517,0.344479135840777
W2,hard,2,1406.0,16030.407078375105,0.0,0.8485684393457278,0.0,0.22273266519547108,0.3332705929508417
W2,nohealth,2,333.66666666666663,3098.793885478136,0.74,0.18661478118458885,-0.36250158708013247,0.20196740587747342,0.7429770535013716
W2,full,3,706.0000000000001,4740.411821878076,0.1,0.6454715686564423,-0.06185911354314799,0.12582154852755312,0.3304679274121517
W2,hard,3,557.0,4246.28071044317,0.0,0.7007238152250095,0.0,0.134938838673883,0.3304679274121517
W2,nohealth,3,317.66666666666663,2735.5845121267075,0.4,0.4270880202161318,-0.3155243054114056,0.09196069774816751,0.7401551803365312
W2,full,4,635.3333333333334,4919.254977413422,0.02,0.4586921301635576,-0.09868353593766392,0.22733643956314875,0.31291517997697577
W2,hard,4,424.0,3807.243789210059,0.0,0.5121295847638441,0.0,0.24040004481007715,0.31291517997697577
W2,nohealth,4,388.0,2929.79880039294,0.26,0.379667865523154,-0.3715101183919342,0.22380086018833345,0.762878051551664
W2,full,5,711.3333333333335,5755.951337620234,0.16,0.34698190097905535,-0.24066947121360474,0.20689211456627576,0.3974786887810742
W2,hard,5,591.3333333333334,5693.935759587056,0.0,0.6207530554567993,0.0,0.22282854688930354,0.3974786887810742
W2,nohealth,5,410.0,3293.77089786066,0.58,0.3904492258635448,-0.28737536839588784,0.155311149234869,0.717525378486086
W2,full,6,763.3333333333334,5717.876213953846,0.36,0.3812726387660845,-0.18356192048543388,0.23561992747295013,0.3686223122449249
W2,hard,6,962.6666666666669,10144.016833512,0.0,0.7784446765719464,0.0,0.2437811039272395,0.3686223122449249
W2,nohealth,6,412.0,3162.080899707155,0.68,0.18253551831565762,-0.2861116152390761,0.1931103378386172,0.7382704427496068
W2,full,7,336.66666666666663,3104.2853521440247,0.66,0.22105430243317037,-0.33171245355168794,0.2444098287471499,0.7501729879047601
W2,hard,7,954.6666666666666,10136.806078288591,0.0,0.7280919530325782,0.0,0.2867849305863964,0.305368315519731
W2,nohealth,7,354.3333333333333,2805.976364064776,0.72,0.23582458463841482,-0.32704891102621575,0.21226288680775707,0.7381908354951766
W2,full,8,527.3333333333334,4683.8980579448,0.02,0.43485681476991433,-0.06575085086521593,0.22547239808396446,0.35376950294304554
W2,hard,8,445.0,3945.3964714189024,0.0,0.4666125503816769,0.0,0.2103832842438521,0.35376950294304554
W2,nohealth,8,299.66666666666663,2665.001345327475,0.32,0.36870158707250966,-0.2841548008488521,0.19647825654642526,0.7493917658316943
W2,full,9,627.6666666666666,4726.508875820385,0.02,0.6273067594269646,-0.07183572044853818,0.088291097445104,0.3774380405289428
W2,hard,9,479.66666666666663,3841.6459983103555,0.0,0.6280290889808453,0.0,0.16576498202838075,0.3774380405289428
W2,nohealth,9,307.0,2927.599904920984,0.28,0.4743189210163081,-0.30555942180471024,0.12636902988800425,0.7658451960565851
W2,full,10,639.6666666666667,4921.276238375812,0.3,0.48313933834033884,-0.1904067315340731,0.2505499644481677,0.38577932552373867
W2,hard,10,610.0,6279.470106713014,0.0,0.7572905565396748,0.0,0.2545242462500771,0.3691009917952615
W2,nohealth,10,337.0,2854.4872346888433,0.6,0.3874038891790179,-0.29405824034533207,0.12568892563086298,0.7425761795225054
W2,full,11,326.6666666666667,2953.8086748614023,0.6,0.32537484979107734,-0.2936340171626069,0.1861446637088543,0.741519218604334
W2,hard,11,742.6666666666667,7356.438878034201,0.0,0.7044907345406417,0.0,0.2339519275504225,0.38321828583424916
W2,nohealth,11,371.3333333333333,3018.1203642155606,0.6,0.351727165941355,-0.27951997537083756,0.1701973795199685,0.7195403107188588
W2,full,12,722.6666666666666,6217.618736539185,0.16,0.59027158154797,-0.18685191223401412,0.09920507023068836,0.3556335536421309
W2,hard,12,690.0,7407.829632706784,0.0,0.712734690342921,0.0,0.10468949127240068,0.3556335536421309
W2,nohealth,12,293.6666666666667,3113.533784604438,0.62,0.3281771613574953,-0.3555751467162526,0.052301002615999015,0.7361658347517992
W2,full,13,722.3333333333334,4990.799233300368,0.08,0.48444040550788214,-0.15155059734864346,0.24134505169342835,0.3326532858142075
W2,hard,13,494.33333333333337,4801.58650497956,0.0,0.5830168371449578,0.0,0.25006524619036097,0.3326532858142075
W2,nohealth,13,329.6666666666667,2998.161414489088,0.42,0.40018887944970216,-0.34796254870102705,0.14804330579357972,0.7450929383635282
W2,full,14,469.33333333333337,3633.161411466514,0.0,0.2623522809539549,0.0,0.13568454740367664,0.44340316020107184
W2,hard,14,365.6666666666667,2929.4457849515115,0.0,0.3423678481507755,0.0,0.16738255764312582,0.44340316020107184
W2,nohealth,14,343.66666666666663,2523.4341957818187,0.2,0.33177056862366183,-0.3082001599409246,0.14772340228442116,0.7640345531292534
W2,full,15,594.0000000000001,4344.231535071725,0.02,0.5346836726016468,-0.08898616128969099,0.22008434949793343,0.3770446367191773
W2,hard,15,418.33333333333337,3560.042193176468,0.0,0.5050476632005965,0.0,0.22106762455038487,0.3770446367191773
W2,nohealth,15,291.6666666666667,2571.632646934674,0.32,0.4886864117380465,-0.28789276655474966,0.17490056389597153,0.742813330011303
W2,full,16,470.0,3280.767058265539,0.02,0.3223595124798313,-0.3612082289501638,0.2368202766358487,0.735670630481123
W2,hard,16,337.0,2788.902228370499,0.0,0.399313489296266,0.0,0.2214723444773562,0.3744624015309592
W2,nohealth,16,295.66666666666663,2726.285645053661,0.1,0.336694570803165,-0.37919514337078697,0.2326706109045017,0.7536575449017462
W2,full,17,472.3333333333333,4201.461541922202,0.12,0.5754195098887198,-0.04384909344464111,0.2180724884177916,0.48587064865182744
W2,hard,17,437.6666666666667,4111.194533436098,0.0,0.6426520310668054,0.0,0.2133928649756346,0.48587064865182744
W2,nohealth,17,349.0,2704.700415023701,0.4,0.3600076376757235,-0.2329306245394763,0.18829067129285804,0.748187911864935
W2,full,18,488.0,4210.658676670744,0.26,0.46681765235969697,-0.17035359499769753,0.2665955973134856,0.30815374471785045
W2,hard,18,579.3333333333334,5652.754742783203,0.0,0.7213409961672816,0.0,0.27523409743065697,0.30815374471785045
W2,nohealth,18,388.99999999999994,3137.91375499388,0.5,0.2984798215197886,-0.325836975184126,0.25399191415839895,0.7186329642078729
W2,full,19,753.6666666666666,5111.990081679688,0.06,0.4489320962489456,-0.14962438378598447,0.20074011899778177,0.32891379403208776
W2,hard,19,475.3333333333333,4575.617350264151,0.0,0.5768473791495516,0.0,0.22026602390651173,0.32891379403208776
W2,nohealth,19,318.33333333333337,2777.529110759294,0.42,0.3607017369068095,-0.3605532935100467,0.16979515294967962,0.7542562245890102
W2,full,20,698.6666666666667,4799.1700152914145,0.1,0.4635525485988974,-0.19967689499470406,0.2220855334305426,0.48607668014171
W2,hard,20,470.6666666666667,4380.851913831055,0.0,0.6521621241352633,0.0,0.2301334927760449,0.35424746355668935
W2,nohealth,20,352.6666666666667,3114.883266373545,0.46,0.40768948115069037,-0.2857828356073653,0.166555493655985,0.7276717903405346
W2,full,21,690.3333333333334,5800.442223568022,0.22,0.31740180859221945,-0.2873280162926708,0.22546717939835037,0.38830149859873647
W2,hard,21,706.3333333333333,6900.149167691258,0.0,0.7154085916484647,0.0,0.22530313296088145,0.31815856488737027
W2,nohealth,21,318.66666666666663,2897.747582330049,0.6,0.28104675700843074,-0.332683821463481,0.19433579757603459,0.7432309167697544
W2,full,22,482.6666666666667,3959.393598160485,0.02,0.4527027249064719,-0.07014690212192055,0.22397851497649923,0.35313950136892125
W2,hard,22,416.66666666666674,3596.537765780843,0.0,0.5006006768191671,0.0,0.23693339915519196,0.35313950136892125
W2,nohealth,22,342.6666666666667,2630.9217715860123,0.32,0.35822468492226234,-0.3578886008591686,0.19223390302949717,0.7589968031625063
W2,full,23,727.0000000000001,5572.134928501801,0.1,0.5617673264597021,-0.10740988330999404,0.2365533688961915,0.34825945167242234
W2,hard,23,588.0,5798.295083783453,0.0,0.7488491209872843,0.0,0.218036646696519,0.34825945167242234
W2,nohealth,23,300.0,3123.147442173091,0.52,0.32499332389348456,-0.30950085383171166,0.18501470847883728,0.7319617094671967
W2,full,24,418.00000000000006,3607.533840235915,0.5,0.5067344107628564,-0.27153678207425364,0.03752300849225465,0.3114411477067004
W2,hard,24,747.3333333333333,6870.744358611576,0.0,0.7576257329836664,0.0,0.07421283523393374,0.3114411477067004
W2,nohealth,24,330.66666666666663,2946.2589235420637,0.58,0.39748778241142935,-0.34004395288207356,0.012319544361738988,0.7523189286288066
W2,full,25,542.3333333333334,4215.240533384095,0.28,0.4625453336845067,-0.12123637615923225,0.2362004014197644,0.33933236306137127
W2,hard,25,558.3333333333334,5392.056940633772,0.0,0.7271659518271463,0.0,0.26869246274431013,0.33933236306137127
W2,nohealth,25,419.66666666666674,3071.9634112206636,0.42,0.276698160140477,-0.31196759364277243,0.22306766955263113,0.7610407925082037
W2,full,26,489.66666666666663,4000.7391893772055,0.12,0.49360161321083096,-0.17435204863954032,0.26950575373901176,0.31756870651411206
W2,hard,26,494.0,4181.800756656788,0.0,0.6247122011770079,0.0,0.25571043392534354,0.31756870651411206
W2,nohealth,26,325.33333333333337,2819.29836113958,0.42,0.36566434074890863,-0.38922733196773995,0.1978466764326785,0.7426526377045548
W2,full,27,561.6666666666666,4546.866612301496,0.0,0.4603390976978339,0.0,0.20392623929939202,0.34685187903458786
W2,hard,27,424.6666666666667,3820.1266716396062,0.0,0.47390310936551683,0.0,0.23347727500304605,0.34685187903458786
W2,nohealth,27,353.66666666666674,3083.9761817151657,0.26,0.3773787593127824,-0.40844291317030706,0.19637784872231423,0.7742719695225977
W2,full,28,505.6666666666667,4392.134323146904,0.18,0.5157199091465734,-0.11434633389431856,0.11909084408169457,0.35235442692026164
W2,hard,28,489.0000000000001,5027.377920214177,0.0,0.695510441940641,0.0,0.1332969481115539,0.35235442692026164
W2,nohealth,28,387.0,2953.6378706361825,0.4,0.4058346549913503,-0.2817481814647267,0.0978797435088754,0.7355612819167011
W2,full,29,577.6666666666667,4168.095063471828,0.14,0.26487458324996505,-0.16683041045669017,0.19500759760805064,0.3289583632499094
W2,hard,29,515.0,4361.845994078242,0.0,0.4976008915600698,0.0,0.2128764473170599,0.3289583632499094
W2,nohealth,29,283.0,2540.576486778587,0.42,0.3278609174786795,-0.2593976796315606,0.16087786921274427,0.7512082440137461
W2,full,30,336.3333333333333,2676.1902549548863,0.08,0.5089820871502972,-0.15477528560509946,0.23991385762728656,0.39508143289360464
W2,hard,30,370.0,2863.0941555978798,0.0,0.5406400967930243,0.0,0.20855910534349864,0.39508143289360464
W2,nohealth,30,281.6666666666667,2378.464739469935,0.22,0.4620557656648534,-0.3377196156793024,0.19370345725910143,0.7836925531275661
W3,full,1,350.6666666666667,3231.142681930565,0.52,0.22885517665230393,-0.26049642343416773,0.1897481857159964,0.656478853263792
W3,hard,1,603.3333333333333,5897.104106559135,0.0,0.5472894880340047,0.0,0.25227817304525524,0.33736652892105395
W3,nohealth,1,323.3333333333333,2936.3829830735453,0.48,0.2318590153462703,-0.2609917235370629,0.1857586491295582,0.6452680794817985
W3,full,2,512.3333333333334,4642.461567993487,0.66,0.26421956017146253,-0.23279274385729104,0.31323991315935984,0.344479135840777
W3,hard,2,1406.0,16030.407078375105,0.0,0.8278574526556128,0.0,0.34215705376111205,0.3332705929508417
W3,nohealth,2,333.66666666666663,3098.793885478136,0.74,0.1402623610297129,-0.2804538473750633,0.3150208969559424,0.6409241917528695
W3,full,3,706.0000000000001,4740.411821878076,0.1,0.4906634558851506,-0.04318531270931156,0.23489102181426258,0.3304679274121517
W3,hard,3,557.0,4246.28071044317,0.0,0.5508783449704227,0.0,0.24785959906099964,0.3304679274121517
W3,nohealth,3,317.66666666666663,2735.5845121267075,0.4,0.45585369193350944,-0.22320953328105608,0.18428325290094605,0.636640086453475
W3,full,4,635.3333333333334,4919.254977413422,0.02,0.3525525009616708,-0.09461366649363974,0.32658737165848417,0.31291517997697577
W3,hard,4,424.0,3807.243789210059,0.0,0.5193404681686822,0.0,0.34101372711244105,0.31291517997697577
W3,nohealth,4,388.0,2929.79880039294,0.26,0.2609632475054027,-0.2883090138939475,0.32957233506623806,0.6716271338180992
W3,full,5,711.3333333333335,5755.951337620234,0.16,0.23065245184381222,-0.21624769474791367,0.32055916344008095,0.3974786887810742
W3,hard,5,591.3333333333334,5693.935759587056,0.0,0.5690851815554585,0.0,0.3444793810737935,0.3974786887810742
W3,nohealth,5,410.0,3293.77089786066,0.58,0.2574136945607888,-0.18788118562541434,0.2485905146204721,0.6026925449366832
W3,full,6,763.3333333333334,5717.876213953846,0.36,0.5496896527724477,-0.14173429210703062,0.35728515064148536,0.3686223122449249
W3,hard,6,962.6666666666669,10144.016833512,0.0,0.855568485477229,0.0,0.36802884754619447,0.3686223122449249
W3,nohealth,6,412.0,3162.080899707155,0.68,0.26499840678284126,-0.19873457916155773,0.2943186091892013,0.6337691066952991
W3,full,7,336.66666666666663,3104.2853521440247,0.66,0.22932386881417544,-0.24170692526586926,0.34721887914438687,0.6515472347721515
W3,hard,7,954.6666666666666,10136.806078288591,0.0,0.7183485896513415,0.0,0.40851816293038157,0.305368315519731
W3,nohealth,7,354.3333333333333,2805.976364064776,0.72,0.23413844058687872,-0.23551543302915817,0.2992462083077405,0.6339447766965253
W3,full,8,527.3333333333334,4683.8980579448,0.02,0.4291839174229688,-0.06490472240138119,0.3381486145614607,0.35376950294304554
W3,hard,8,445.0,3945.3964714189024,0.0,0.52619123930267,0.0,0.31589635439417085,0.35376950294304554
W3,nohealth,8,299.66666666666663,2665.001345327475,0.32,0.3228870724626536,-0.19306669593902967,0.29534071039852783,0.6509824416169728
W3,full,9,627.6666666666666,4726.508875820385,0.02,0.34097609900619363,-0.06977461708016856,0.2017646578516621,0.3774380405289428
W3,hard,9,479.66666666666663,3841.6459983103555,0.0,0.4544497336457207,0.0,0.2776135977020885,0.3774380405289428
W3,nohealth,9,307.0,2927.599904920984,0.28,0.3394819091180732,-0.22107283306331485,0.21877262149031784,0.6764635403671584
W3,full,10,639.6666666666667,4921.276238375812,0.3,0.5138233281136486,-0.15740344107035903,0.3638745182114188,0.38577932552373867
W3,hard,10,610.0,6279.470106713014,0.0,0.718640924727546,0.0,0.3697345256183878,0.3691009917952615
W3,nohealth,10,337.0,2854.4872346888433,0.6,0.3325081556756686,-0.20821918010160964,0.17894547130989258,0.6401945019637054
W3,full,11,326.6666666666667,2953.8086748614023,0.6,0.2890151535259964,-0.20888040451129686,0.2899920931569675,0.6387580248516097
W3,hard,11,742.6666666666667,7356.438878034201,0.0,0.6571230006576028,0.0,0.3471026652415993,0.38321828583424916
W3,nohealth,11,371.3333333333333,3018.1203642155606,0.6,0.29943344152987494,-0.18702612928968573,0.2784510644381655,0.6056663547051644
W3,full,12,722.6666666666666,6217.618736539185,0.16,0.5658384415535807,-0.16211888724812784,0.21487293948335418,0.3556335536421309
W3,hard,12,690.0,7407.829632706784,0.0,0.7297156959433106,0.0,0.22325563667679316,0.3556335536421309
W3,nohealth,12,293.6666666666667,3113.533784604438,0.62,0.28713222626560264,-0.26340143125230103,0.14587850487739762,0.6311602446200528
W3,full,13,722.3333333333334,4990.799233300368,0.08,0.4948625094844703,-0.13746799291148207,0.3552295661846717,0.3326532858142075
W3,hard,13,494.33333333333337,4801.58650497956,0.0,0.6368308965629916,0.0,0.3680469344669879,0.3326532858142075
W3,nohealth,13,329.6666666666667,2998.161414489088,0.42,0.3437426339632774,-0.25365266364034655,0.2162609880812646,0.6441781520521862
W3,full,14,469.33333333333337,3633.161411466514,0.0,0.547119545259495,0.0,0.2293184061868071,0.44340316020107184
W3,hard,14,365.6666666666667,2929.4457849515115,0.0,0.5681692446219306,0.0,0.2762450299268422,0.44340316020107184
W3,nohealth,14,343.66666666666663,2523.4341957818187,0.2,0.3997942436592099,-0.23083938431266848,0.24703243067842318,0.6732320980433
W3,full,15,594.0000000000001,4344.231535071725,0.02,0.37063237462802867,-0.0839641426760784,0.33259371330226317,0.3770446367191773
W3,hard,15,418.33333333333337,3560.042193176468,0.0,0.4048005511813848,0.0,0.33506914070159144,0.3770446367191773
W3,nohealth,15,291.6666666666667,2571.632646934674,0.32,0.23594046691573167,-0.19701577035551113,0.26606636178085774,0.6408224826470451
W3,full,16,470.0,3280.767058265539,0.02,0.4031134122950981,-0.35578448771158855,0.3383099572420323,0.7302468892425478
W3,hard,16,337.0,2788.902228370499,0.0,0.39467274166960475,0.0,0.31526346939616723,0.3744624015309592
W3,nohealth,16,295.66666666666663,2726.285645053661,0.1,0.3298370190315303,-0.28270851917217543,0.33216814457707244,0.6571709207031347
W3,full,17,472.3333333333333,4201.461541922202,0.12,0.5492146897977583,-0.02218264072954143,0.3296206609196982,0.48587064865182744
W3,hard,17,437.6666666666667,4111.194533436098,0.0,0.565368427270458,0.0,0.3225217213508227,0.48587064865182744
W3,nohealth,17,349.0,2704.700415023701,0.4,0.4095112221517383,-0.14867287817889885,0.28533524808091215,0.6486043750261364
W3,full,18,488.0,4210.658676670744,0.26,0.487754492791761,-0.12237202359445573,0.37807980505816075,0.30815374471785045
W3,hard,18,579.3333333333334,5652.754742783203,0.0,0.6979635695398356,0.0,0.39084216645028125,0.30815374471785045
W3,nohealth,18,388.99999999999994,3137.91375499388,0.5,0.34975375780451157,-0.23562556469166213,0.3597345353479623,0.6043445969933302
W3,full,19,753.6666666666666,5111.990081679688,0.06,0.39508606877750085,-0.14040603376703933,0.3029062443365731,0.32891379403208776
W3,hard,19,475.3333333333333,4575.617350264151,0.0,0.5502779969689329,0.0,0.33225549214420036,0.32891379403208776
W3,nohealth,19,318.33333333333337,2777.529110759294,0.42,0.2522496552652689,-0.2732361349252225,0.25702368041864876,0.6578016888349626
W3,full,20,698.6666666666667,4799.1700152914145,0.1,0.3272698774045011,-0.18590575234586343,0.33224873294658763,0.48607668014171
W3,hard,20,470.6666666666667,4380.851913831055,0.0,0.5756186426169128,0.0,0.3445565136158135,0.35424746355668935
W3,nohealth,20,352.6666666666667,3114.883266373545,0.46,0.2734563348891652,-0.1850927957535684,0.263043038115093,0.6178612241593798
W3,full,21,690.3333333333334,5800.442223568022,0.22,0.2459609967528249,-0.2566013849522395,0.33845535861494636,0.38830149859873647
W3,hard,21,706.3333333333333,6900.149167691258,0.0,0.7078515775066565,0.0,0.33835914654875754,0.31815856488737027
W3,nohealth,21,318.66666666666663,2897.747582330049,0.6,0.24435342449365738,-0.2424849805100632,0.2931943973284509,0.6412350447866766
W3,full,22,482.6666666666667,3959.393598160485,0.02,0.48563239226845867,-0.06971309001102798,0.32646869673977885,0.35313950136892125
W3,hard,22,416.66666666666674,3596.537765780843,0.0,0.6445868253253448,0.0,0.34614171382755043,0.35313950136892125
W3,nohealth,22,342.6666666666667,2630.9217715860123,0.32,0.38261086232780084,-0.26595603341812957,0.2793203301761008,0.6649679970951616
W3,full,23,727.0000000000001,5572.134928501801,0.1,0.606042246821108,-0.08602757500593519,0.3593253488647914,0.34825945167242234
W3,hard,23,588.0,5798.295083783453,0.0,0.6569469062148037,0.0,0.33244613907094767,0.34825945167242234
W3,nohealth,23,300.0,3123.147442173091,0.52,0.34455328735009205,-0.21024153257058825,0.2836898987931322,0.624785111856996
W3,full,24,418.00000000000006,3607.533840235915,0.5,0.4680340275667443,-0.20887180460467128,0.14987028872360209,0.3114411477067004
W3,hard,24,747.3333333333333,6870.744358611576,0.0,0.690641814750522,0.0,0.20433561333394834,0.3114411477067004
W3,nohealth,24,330.66666666666663,2946.2589235420637,0.58,0.43990992675541096,-0.2562426901897586,0.11235313212266018,0.654928793759106
W3,full,25,542.3333333333334,4215.240533384095,0.28,0.4411578374077587,-0.08925905372538906,0.34024402617678473,0.33933236306137127
W3,hard,25,558.3333333333334,5392.056940633772,0.0,0.6353062947082166,0.0,0.38901316611461356,0.33933236306137127
W3,nohealth,25,419.66666666666674,3071.9634112206636,0.42,0.2696186900179516,-0.23987406910860704,0.32138998319677625,0.6685520943714385
W3,full,26,489.66666666666663,4000.7391893772055,0.12,0.3422402887580469,-0.16069756506525704,0.3806674247062666,0.31756870651411206
W3,hard,26,494.0,4181.800756656788,0.0,0.5268195329544789,0.0,0.36054140592099704,0.31756870651411206
W3,nohealth,26,325.33333333333337,2819.29836113958,0.42,0.2971287380614711,-0.30114066801455813,0.296775923959248,0.6404397129565593
W3,full,27,561.6666666666666,4546.866612301496,0.0,0.47245538083717187,0.0,0.3060133456822409,0.34685187903458786
W3,hard,27,424.6666666666667,3820.1266716396062,0.0,0.4856694210639152,0.0,0.35022540090053167,0.34685187903458786
W3,nohealth,27,353.66666666666674,3083.9761817151657,0.26,0.25914723722352595,-0.33738532098795987,0.3054648409748385,0.6901663743356469
W3,full,28,505.6666666666667,4392.134323146904,0.18,0.5090303111931878,-0.07733529657248142,0.22897875922027422,0.35235442692026164
W3,hard,28,489.0000000000001,5027.377920214177,0.0,0.5525113098308907,0.0,0.2421516241233963,0.35235442692026164
W3,nohealth,28,387.0,2953.6378706361825,0.4,0.40891113702296455,-0.19168305518436685,0.19775516242970337,0.6297346511324297
W3,full,29,577.6666666666667,4168.095063471828,0.14,0.20482709438466284,-0.14484966461591695,0.296761410188796,0.3289583632499094
W3,hard,29,515.0,4361.845994078242,0.0,0.4561237746737441,0.0,0.32333864694997605,0.3289583632499094
W3,nohealth,29,283.0,2540.576486778587,0.42,0.23506910455505658,-0.16665114053582225,0.24591291523907877,0.6533464752374843
W3,full,30,336.3333333333333,2676.1902549548863,0.08,0.3942877837024692,-0.12226550084051463,0.34453522340976117,0.39508143289360464
W3,hard,30,370.0,2863.0941555978798,0.0,0.4612270875340916,0.0,0.2978778379830094,0.39508143289360464
W3,nohealth,30,281.6666666666667,2378.464739469935,0.22,0.3535009331993104,-0.2569771160034097,0.2756916020273358,0.7030566378659308
W4,full,1,350.6666666666667,3231.142681930565,0.52,0.4533641554835701,-0.41032501512887354,0.03900865602284309,0.8144858545987009
W4,hard,1,603.3333333333333,5897.104106559135,0.0,0.7586594811925902,0.0,0.07061455055185206,0.33736652892105395
W4,nohealth,1,323.3333333333333,2936.3829830735453,0.48,0.45277476362091473,-0.4101454863352153,0.03703331664079301,0.8090862449818409
W4,full,2,512.3333333333334,4642.461567993487,0.66,0.28867336737375826,-0.3367923820666237,0.1319839662974034,0.344479135840777
W4,hard,2,1406.0,16030.407078375105,0.0,0.8940548786376277,0.0,0.14843624973186642,0.3332705929508417
W4,nohealth,2,333.66666666666663,3098.793885478136,0.74,0.20769403751916915,-0.41613645079889094,0.13251910365048247,0.8068692172027336
W4,full,3,706.0000000000001,4740.411821878076,0.1,0.5242467398372805,-0.07438489110384372,0.05830537455303342,0.3304679274121517
W4,hard,3,557.0,4246.28071044317,0.0,0.48572687285335503,0.0,0.06518660230206186,0.3304679274121517
W4,nohealth,3,317.66666666666663,2735.5845121267075,0.4,0.4225389751888069,-0.37444383602399745,0.03304356067969805,0.8048152905762611
W4,full,4,635.3333333333334,4919.254977413422,0.02,0.5310420170424757,-0.10381177902555687,0.16733658639678206,0.31291517997697577
W4,hard,4,424.0,3807.243789210059,0.0,0.5363110934421307,0.0,0.1771396533764945,0.31291517997697577
W4,nohealth,4,388.0,2929.79880039294,0.26,0.4744874852033061,-0.42576902503797537,0.1578868601929525,0.8212604463389493
W4,full,5,711.3333333333335,5755.951337620234,0.16,0.4585542145981476,-0.26068633883314046,0.1367267498875896,0.3974786887810742
W4,hard,5,591.3333333333334,5693.935759587056,0.0,0.6772935757752372,0.0,0.1486776284576523,0.3974786887810742
W4,nohealth,5,410.0,3293.77089786066,0.58,0.4570487336045068,-0.3499681133809734,0.09586527339967943,0.7879922463797404
W4,full,6,763.3333333333334,5717.876213953846,0.36,0.33793080886042226,-0.21267475208080328,0.1615347425018322,0.3686223122449249
W4,hard,6,962.6666666666669,10144.016833512,0.0,0.7050364702447367,0.0,0.16779152383631712,0.3686223122449249
W4,nohealth,6,412.0,3162.080899707155,0.68,0.18781426948967472,-0.3424820771866535,0.12960151336012038,0.8034771288310607
W4,full,7,336.66666666666663,3104.2853521440247,0.66,0.2717406759233567,-0.38952914741088224,0.18019754129207577,0.8124102403587351
W4,hard,7,954.6666666666666,10136.806078288591,0.0,0.7406989543947204,0.0,0.21216764700550816,0.305368315519731
W4,nohealth,7,354.3333333333333,2805.976364064776,0.72,0.2881511391816689,-0.3855455958754577,0.15608879019684863,0.803123935941336
W4,full,8,527.3333333333334,4683.8980579448,0.02,0.49917621013092806,-0.06843799879583852,0.15604412285223623,0.35376950294304554
W4,hard,8,445.0,3945.3964714189024,0.0,0.5151020761436285,0.0,0.14470699844358414,0.35376950294304554
W4,nohealth,8,299.66666666666663,2665.001345327475,0.32,0.4463080048027601,-0.3424605747355714,0.1343184816320001,0.8114138987547195
W4,full,9,627.6666666666666,4726.508875820385,0.02,0.5482550782347271,-0.07538210295065846,0.025585876875037994,0.3774380405289428
W4,hard,9,479.66666666666663,3841.6459983103555,0.0,0.5598743863570255,0.0,0.0968462518327976,0.3774380405289428
W4,nohealth,9,307.0,2927.599904920984,0.28,0.5142483069852775,-0.36047806397135157,0.06734281417215748,0.8232317509585814
W4,full,10,639.6666666666667,4921.276238375812,0.3,0.47260258983995773,-0.2143295207049818,0.18057769288448333,0.38577932552373867
W4,hard,10,610.0,6279.470106713014,0.0,0.7306760928671057,0.0,0.1835675759794172,0.3691009917952615
W4,nohealth,10,337.0,2854.4872346888433,0.6,0.3378457779328119,-0.34962619814588597,0.08730532124470236,0.8066954695922275
W4,full,11,326.6666666666667,2953.8086748614023,0.6,0.36422786895913783,-0.3487273162138833,0.12802520416567253,0.8057531884090694
W4,hard,11,742.6666666666667,7356.438878034201,0.0,0.736262658102032,0.0,0.16396953440764706,0.38321828583424916
W4,nohealth,11,371.3333333333333,3018.1203642155606,0.6,0.38491111607884854,-0.33852734562877423,0.10313394649441343,0.7894191607114427
W4,full,12,722.6666666666666,6217.618736539185,0.16,0.6168272166570539,-0.20509049414004524,0.02782572927570648,0.3556335536421309
W4,hard,12,690.0,7407.829632706784,0.0,0.7706664519516444,0.0,0.0319248744345193,0.3556335536421309
W4,nohealth,12,293.6666666666667,3113.533784604438,0.62,0.3326631785513694,-0.4144064297729919,-0.00722940070325917,0.8014755956579233
W4,full,13,722.3333333333334,4990.799233300368,0.08,0.5394385689661714,-0.16325867322140725,0.17132506961628768,0.3326532858142075
W4,hard,13,494.33333333333337,4801.58650497956,0.0,0.6399523551308115,0.0,0.17788750239823248,0.3326532858142075
W4,nohealth,13,329.6666666666667,2998.161414489088,0.42,0.416601207036418,-0.40787802793924977,0.10147819457176488,0.8084075176446859
W4,full,14,469.33333333333337,3633.161411466514,0.0,0.46674061496629937,0.0,0.07624921951210062,0.44340316020107184
W4,hard,14,365.6666666666667,2929.4457849515115,0.0,0.4556951909435638,0.0,0.09997478765125545,0.44340316020107184
W4,nohealth,14,343.66666666666663,2523.4341957818187,0.2,0.38578718049240757,-0.3595128463530024,0.08532157648024952,0.8221490712345447
W4,full,15,594.0000000000001,4344.231535071725,0.02,0.6247359460353343,-0.094568048366285,0.1504820287370765,0.3770446367191773
W4,hard,15,418.33333333333337,3560.042193176468,0.0,0.6359349894323867,0.0,0.15114503007744107,0.3770446367191773
W4,nohealth,15,291.6666666666667,2571.632646934674,0.32,0.536523849355484,-0.3460607924465731,0.11655805001628683,0.8066328148071971
W4,full,16,470.0,3280.767058265539,0.02,0.2419834218856507,-0.3720371980068199,0.1731871327833776,0.7464995995377791
W4,hard,16,337.0,2788.902228370499,0.0,0.2875326077101781,0.0,0.1616763946514641,0.3744624015309592
W4,nohealth,16,295.66666666666663,2726.285645053661,0.1,0.3621336734552363,-0.44029264631499454,0.17007220674158774,0.8147550478459538
W4,full,17,472.3333333333333,4201.461541922202,0.12,0.5547539038880924,-0.05790148945477716,0.14928716484621252,0.48587064865182744
W4,hard,17,437.6666666666667,4111.194533436098,0.0,0.6265309510497095,0.0,0.14578232647958844,0.48587064865182744
W4,nohealth,17,349.0,2704.700415023701,0.4,0.35105573845106175,-0.28772093240036645,0.12696038990516834,0.8109269097958322
W4,full,18,488.0,4210.658676670744,0.26,0.41711439373674963,-0.2019864769019108,0.19767383364464652,0.30815374471785045
W4,hard,18,579.3333333333334,5652.754742783203,0.0,0.6135255898746985,0.0,0.2041703132697532,0.30815374471785045
W4,nohealth,18,388.99999999999994,3137.91375499388,0.5,0.2844838780920831,-0.38365604995367014,0.18817393425386342,0.7887272834580928
W4,full,19,753.6666666666666,5111.990081679688,0.06,0.45582689956370515,-0.1586547256479336,0.1365882520829108,0.32891379403208776
W4,hard,19,475.3333333333333,4575.617350264151,0.0,0.5041053193181584,0.0,0.15122874207373072,0.32891379403208776
W4,nohealth,19,318.33333333333337,2777.529110759294,0.42,0.41691848300425494,-0.41699463166664874,0.11337684584470753,0.8153867614052721
W4,full,20,698.6666666666667,4799.1700152914145,0.1,0.41677994412662733,-0.21252963814027787,0.15383138046664036,0.48607668014171
W4,hard,20,470.6666666666667,4380.851913831055,0.0,0.5253457030167465,0.0,0.15984747351970163,0.35424746355668935
W4,nohealth,20,352.6666666666667,3114.883266373545,0.46,0.39871963273148303,-0.34896149746874794,0.10540191721777581,0.7955246606520294
W4,full,21,690.3333333333334,5800.442223568022,0.22,0.36651066547862565,-0.31151867478280976,0.1554701354939244,0.38830149859873647
W4,hard,21,706.3333333333333,6900.149167691258,0.0,0.7112665220991146,0.0,0.15533348265798863,0.31815856488737027
W4,nohealth,21,318.66666666666663,2897.747582330049,0.6,0.31544826731772835,-0.3905283946688731,0.13201496287971393,0.807126217523816
W4,full,22,482.6666666666667,3959.393598160485,0.02,0.4293097866453621,-0.07224857560650239,0.15970112321366392,0.35313950136892125
W4,hard,22,416.66666666666674,3596.537765780843,0.0,0.4742103129692412,0.0,0.16940210567725678,0.35313950136892125
W4,nohealth,22,342.6666666666667,2630.9217715860123,0.32,0.39811626632923613,-0.41667608370377235,0.1358794265795431,0.8188840268491144
W4,full,23,727.0000000000001,5572.134928501801,0.1,0.5378465290666676,-0.12237906962248835,0.1616060016266031,0.34825945167242234
W4,hard,23,588.0,5798.295083783453,0.0,0.6532167217825271,0.0,0.14763769226436574,0.34825945167242234
W4,nohealth,23,300.0,3123.147442173091,0.52,0.3146166761592375,-0.371955765934702,0.12284461714576111,0.7983454802800817
W4,full,24,418.00000000000006,3607.533840235915,0.5,0.4289119552451941,-0.31328607345975246,0.0,0.3114411477067004
W4,hard,24,747.3333333333333,6870.744358611576,0.0,0.7516855801291049,0.0,0.0,0.3114411477067004
W4,nohealth,24,330.66666666666663,2946.2589235420637,0.58,0.3225809362478296,-0.3945286982894243,-0.05057721155147188,0.813935248560217
W4,full,25,542.3333333333334,4215.240533384095,0.28,0.4313066275523234,-0.14312303188549488,0.17096153764927757,0.33933236306137127
W4,hard,25,558.3333333333334,5392.056940633772,0.0,0.6048526157432652,0.0,0.19532780194851385,0.33933236306137127
W4,nohealth,25,419.66666666666674,3071.9634112206636,0.42,0.3134213658061522,-0.36020789824509264,0.16105265942741975,0.8200929038315424
W4,full,26,489.66666666666663,4000.7391893772055,0.12,0.547505170037432,-0.18613527902025065,0.20078203987473386,0.31756870651411206
W4,hard,26,494.0,4181.800756656788,0.0,0.5956876200798118,0.0,0.19038791412280753,0.31756870651411206
W4,nohealth,26,325.33333333333337,2819.29836113958,0.42,0.4033261245288806,-0.44600254547648477,0.13749016520265767,0.8066698036602925
W4,full,27,561.6666666666666,4546.866612301496,0.0,0.5417598852395682,0.0,0.13985579066221032,0.34685187903458786
W4,hard,27,424.6666666666667,3820.1266716396062,0.0,0.5543063560841381,0.0,0.16202678920625946,0.34685187903458786
W4,nohealth,27,353.66666666666674,3083.9761817151657,0.26,0.495826611578837,-0.4564653494606272,0.12889336953455166,0.8289721466924579
W4,full,28,505.6666666666667,4392.134323146904,0.18,0.47637709416373486,-0.1391048996783609,0.053113981747032524,0.35235442692026164
W4,hard,28,489.0000000000001,5027.377920214177,0.0,0.4911214144203684,0.0,0.0657959242839039,0.35235442692026164
W4,nohealth,28,387.0,2953.6378706361825,0.4,0.4017231745923866,-0.33952264119563713,0.034998807295482215,0.8014925590129974
W4,full,29,577.6666666666667,4168.095063471828,0.14,0.4486430622705966,-0.18471408102317494,0.13115162701707217,0.3289583632499094
W4,hard,29,515.0,4361.845994078242,0.0,0.580987561447722,0.0,0.1445664942698459,0.3289583632499094
W4,nohealth,29,283.0,2540.576486778587,0.42,0.4748768215749577,-0.3185412034591233,0.10557178838101433,0.8129419386828955
W4,full,30,336.3333333333333,2676.1902549548863,0.08,0.5116244177209197,-0.1772138719767713,0.17467992886649852,0.39508143289360464
W4,hard,30,370.0,2863.0941555978798,0.0,0.48335779392129496,0.0,0.151163708694669,0.39508143289360464
W4,nohealth,30,281.6666666666667,2378.464739469935,0.22,0.4697226849322602,-0.39082262125869494,0.14002540339798242,0.8367268460298262
D01,full,1,350.6666666666667,3231.142681930565,0.52,0.43973342267767523,-0.4223112039532445,0.026786806667498553,0.8280864325108575
D01,hard,1,603.3333333333333,5897.104106559135,0.0,0.6966472036165945,0.0,0.052861390102077244,0.33736652892105395
D01,nohealth,1,323.3333333333333,2936.3829830735453,0.48,0.43908620113050345,-0.42208517161218423,0.025157283277990827,0.8237737993879393
D01,full,2,512.3333333333334,4642.461567993487,0.66,0.283727725097771,-0.34306343461399125,0.1142849051035616,0.344479135840777
D01,hard,2,1406.0,16030.407078375105,0.0,0.8822009790706948,0.0,0.13015782248306018,0.3332705929508417
D01,nohealth,2,333.66666666666663,3098.793885478136,0.74,0.20596105301680878,-0.42571173802161677,0.11419755934568598,0.8220250796635424
D01,full,3,706.0000000000001,4740.411821878076,0.1,0.5474981251151703,-0.07619742827087206,0.041222513601965494,0.3304679274121517
D01,hard,3,557.0,4246.28071044317,0.0,0.5367036424724516,0.0,0.047330238064814734,0.3304679274121517
D01,nohealth,3,317.66666666666663,2735.5845121267075,0.4,0.42577063568465,-0.38685969149656657,0.02061818601223253,0.820358092993448
D01,full,4,635.3333333333334,4919.254977413422,0.02,0.5589330701233939,-0.10144640166217196,0.15454222154884067,0.31291517997697577
D01,hard,4,424.0,3807.243789210059,0.0,0.5780912282866739,0.0,0.16250742997275325,0.31291517997697577
D01,nohealth,4,388.0,2929.79880039294,0.26,0.49550332014257426,-0.4356284446476799,0.14503654944964905,0.8333699347545731
D01,full,5,711.3333333333335,5755.951337620234,0.16,0.4764325545167891,-0.2588723520817999,0.1186972862048008,0.3974786887810742
D01,hard,5,591.3333333333334,5693.935759587056,0.0,0.6782703634195801,0.0,0.1282967210052658,0.3974786887810742
D01,nohealth,5,410.0,3293.77089786066,0.58,0.4581473372050384,-0.36439582379870367,0.08321689944448751,0.8066878744608147
D01,full,6,763.3333333333334,5717.876213953846,0.36,0.3342721959553647,-0.2155189796468037,0.14106567139196013,0.3686223122449249
D01,hard,6,962.6666666666669,10144.016833512,0.0,0.7109933904174839,0.0,0.1472698976792568,0.3686223122449249
D01,nohealth,6,412.0,3162.080899707155,0.68,0.19230533134989036,-0.35354045588901517,0.1147384717892922,0.8192479798121476
D01,full,7,336.66666666666663,3104.2853521440247,0.66,0.284243809795669,-0.4012073736626152,0.1647529284144541,0.8264923600006988
D01,hard,7,954.6666666666666,10136.806078288591,0.0,0.746113616073085,0.0,0.19225190538507242,0.305368315519731
D01,nohealth,7,354.3333333333333,2805.976364064776,0.72,0.29752249078277626,-0.3977691129419341,0.1451465776703298,0.8189878166231025
D01,full,8,527.3333333333334,4683.8980579448,0.02,0.5247397809154648,-0.06608051105107023,0.13802741914171512,0.35376950294304554
D01,hard,8,445.0,3945.3964714189024,0.0,0.5458902054351598,0.0,0.12859734550041546,0.35376950294304554
D01,nohealth,8,299.66666666666663,2665.001345327475,0.32,0.4721055716709053,-0.35451675105125563,0.1199414688,0.82555551788078
D01,full,9,627.6666666666666,4726.508875820385,0.02,0.5888852680843677,-0.07309159160601209,0.021241864791102683,0.3774380405289428
D01,hard,9,479.66666666666663,3841.6459983103555,0.0,0.5474707260471328,0.0,0.07896234248210043,0.3774380405289428
D01,nohealth,9,307.0,2927.599904920984,0.28,0.4920685560283111,-0.37069536009514764,0.05497255800477929,0.8348628490308133
D01,full,10,639.6666666666667,4921.276238375812,0.3,0.4721035559374973,-0.2154781221909945,0.16262364654306305,0.38577932552373867
D01,hard,10,610.0,6279.470106713014,0.0,0.7213509841245538,0.0,0.16510766212228034,0.3691009917952615
D01,nohealth,10,337.0,2854.4872346888433,0.6,0.3306006533906247,-0.36027158287701827,0.08519866656447461,0.8218756889362513
D01,full,11,326.6666666666667,2953.8086748614023,0.6,0.3731450649148247,-0.35897565705678836,0.11629365575339867,0.8211312528036877
D01,hard,11,742.6666666666667,7356.438878034201,0.0,0.7236387378472695,0.0,0.14617820229341583,0.38321828583424916
D01,nohealth,11,371.3333333333333,3018.1203642155606,0.6,0.3871393080235317,-0.35099773324395594,0.08623899421018422,0.8079582220953935
D01,full,12,722.6666666666666,6217.618736539185,0.16,0.615319012315523,-0.20559379228732055,0.009454608557524669,0.3556335536421309
D01,hard,12,690.0,7407.829632706784,0.0,0.8197472256568232,0.0,0.012629276156994385,0.3556335536421309
D01,nohealth,12,293.6666666666667,3113.533784604438,0.62,0.31787389240503505,-0.4268012636221202,-0.020039597255095964,0.8175660590955931
D01,full,13,722.3333333333334,4990.799233300368,0.08,0.529541830362295,-0.16202213855133923,0.152939272478266,0.3326532858142075
D01,hard,13,494.33333333333337,4801.58650497956,0.0,0.6130101808753405,0.0,0.1584243777897013,0.3326532858142075
D01,nohealth,13,329.6666666666667,2998.161414489088,0.42,0.41170643470305834,-0.4208815262612005,0.09578551554108294,0.8232390628113475
D01,full,14,469.33333333333337,3633.161411466514,0.0,0.483495026269267,0.0,0.0635954463724887,0.44340316020107184
D01,hard,14,365.6666666666667,2929.4457849515115,0.0,0.4762728994143641,0.0,0.08294706118106876,0.44340316020107184
D01,nohealth,14,343.66666666666663,2523.4341957818187,0.2,0.3877209223439755,-0.367687455876243,0.07083503990971185,0.834177120004953
D01,full,15,594.0000000000001,4344.231535071725,0.02,0.657177431931357,-0.09250805217244899,0.1328106610581592,0.3770446367191773
D01,hard,15,418.33333333333337,3560.042193176468,0.0,0.6801821373285748,0.0,0.13254545467678014,0.3770446367191773
D01,nohealth,15,291.6666666666667,2571.632646934674,0.32,0.5422197536367499,-0.35809203871959006,0.10447663744784619,0.8218184324491749
D01,full,16,470.0,3280.767058265539,0.02,0.26251627307627956,-0.3642870372563033,0.1582226064794442,0.7387494387872625
D01,hard,16,337.0,2788.902228370499,0.0,0.297132537359859,0.0,0.14898617712686868,0.3744624015309592
D01,nohealth,16,295.66666666666663,2726.285645053661,0.1,0.37814064879748144,-0.4538274704623796,0.15564809765653265,0.8282898719933388
D01,full,17,472.3333333333333,4201.461541922202,0.12,0.5514196828579547,-0.060557843686645435,0.13151082343174403,0.48587064865182744
D01,hard,17,437.6666666666667,4111.194533436098,0.0,0.6086876099859824,0.0,0.12875646736480706,0.48587064865182744
D01,nohealth,17,349.0,2704.700415023701,0.4,0.33828677831713705,-0.29788705105671065,0.11320857034389642,0.8252639436024072
D01,full,18,488.0,4210.658676670744,0.26,0.40823490832921094,-0.20727859273081567,0.18011012461067888,0.30815374471785045
D01,hard,18,579.3333333333334,5652.754742783203,0.0,0.5793342863184923,0.0,0.18548796464343453,0.30815374471785045
D01,nohealth,18,388.99999999999994,3137.91375499388,0.5,0.2845620691506945,-0.395510469121387,0.17202786484963317,0.807378510267381
D01,full,19,753.6666666666666,5111.990081679688,0.06,0.473908664610764,-0.15627266914695234,0.12163286570731968,0.32891379403208776
D01,hard,19,475.3333333333333,4575.617350264151,0.0,0.5101624720663864,0.0,0.13335886797797425,0.32891379403208776
D01,nohealth,19,318.33333333333337,2777.529110759294,0.42,0.43195374916821905,-0.42791939319273187,0.10250260572952574,0.8288556758819755
D01,full,20,698.6666666666667,4799.1700152914145,0.1,0.4111880274973443,-0.2097049174703507,0.13664735782262283,0.48607668014171
D01,hard,20,470.6666666666667,4380.851913831055,0.0,0.5120385575127491,0.0,0.14129986204740197,0.35424746355668935
D01,nohealth,20,352.6666666666667,3114.883266373545,0.46,0.39882644700866,-0.3637541529940177,0.09193083292299664,0.8128640774540292
D01,full,21,690.3333333333334,5800.442223568022,0.22,0.36602632406628355,-0.3103803067850895,0.13783694658348133,0.38830149859873647
D01,hard,21,706.3333333333333,6900.149167691258,0.0,0.6952588849038628,0.0,0.13760980896198627,0.31815856488737027
D01,nohealth,21,318.66666666666663,2897.747582330049,0.6,0.31471757621093377,-0.4023425413102399,0.11782667678707903,0.822228939185718
D01,full,22,482.6666666666667,3959.393598160485,0.02,0.44094565770280747,-0.07020661287676572,0.14460857470757815,0.35313950136892125
D01,hard,22,416.66666666666674,3596.537765780843,0.0,0.49899352048629386,0.0,0.1522159792468799,0.35313950136892125
D01,nohealth,22,342.6666666666667,2630.9217715860123,0.32,0.4039861132827285,-0.4289117478564375,0.12505521858005186,0.8316757596142319
D01,full,23,727.0000000000001,5572.134928501801,0.1,0.5266723395347315,-0.12373326212026284,0.14116739982252813,0.34825945167242234
D01,hard,23,588.0,5798.295083783453,0.0,0.633957041550361,0.0,0.1292318249548018,0.34825945167242234
D01,nohealth,23,300.0,3123.147442173091,0.52,0.31021540097501754,-0.38633800033170596,0.10864223006092977,0.8150866102082521
D01,full,24,418.00000000000006,3607.533840235915,0.5,0.40397464164031804,-0.31969579591541347,0.0,0.3114411477067004
D01,hard,24,747.3333333333333,6870.744358611576,0.0,0.7141455873316007,0.0,0.0,0.3114411477067004
D01,nohealth,24,330.66666666666663,2946.2589235420637,0.58,0.30784702361117433,-0.40464978188363426,-0.06512381016658997,0.8276581688697238
D01,full,25,542.3333333333334,4215.240533384095,0.28,0.4358534997759711,-0.14572351479855014,0.15562552193691925,0.33933236306137127
D01,hard,25,558.3333333333334,5392.056940633772,0.0,0.5933254247323971,0.0,0.17519794873549321,0.33933236306137127
D01,nohealth,25,419.66666666666674,3071.9634112206636,0.42,0.32924247550419916,-0.3673409724463711,0.1469784634225313,0.8325073211216726
D01,full,26,489.66666666666663,4000.7391893772055,0.12,0.5432197536129932,-0.18444016068161498,0.18327069722331535,0.31756870651411206
D01,hard,26,494.0,4181.800756656788,0.0,0.5783581480638877,0.0,0.1744638974985887,0.31756870651411206
D01,nohealth,26,325.33333333333337,2819.29836113958,0.42,0.40513585665942076,-0.4572118031898465,0.12434913218351906,0.8218209022035519
D01,full,27,561.6666666666666,4546.866612301496,0.0,0.57463295542505,0.0,0.12487536899619112,0.34685187903458786
D01,hard,27,424.6666666666667,3820.1266716396062,0.0,0.583216983439734,0.0,0.14279869830606395,0.34685187903458786
D01,nohealth,27,353.66666666666674,3083.9761817151657,0.26,0.516510120894002,-0.4629488522207032,0.1117588025879186,0.8391097688881857
D01,full,28,505.6666666666667,4392.134323146904,0.18,0.48739888068895265,-0.14277469001454754,0.03850873265850696,0.35235442692026164
D01,hard,28,489.0000000000001,5027.377920214177,0.0,0.5394456144374102,0.0,0.048882307203165554,0.35235442692026164
D01,nohealth,28,387.0,2953.6378706361825,0.4,0.3963491560898629,-0.35130127515339615,0.02057146583718028,0.8175812384189975
D01,full,29,577.6666666666667,4168.095063471828,0.14,0.47463307923709075,-0.1832338559798578,0.11621401208812354,0.3289583632499094
D01,hard,29,515.0,4361.845994078242,0.0,0.5951788957538295,0.0,0.1271868340229827,0.3289583632499094
D01,nohealth,29,283.0,2540.576486778587,0.42,0.49496378637921024,-0.33107449741024814,0.09532376059625147,0.8269396621263346
D01,full,30,336.3333333333333,2676.1902549548863,0.08,0.5030377714082968,-0.1796418577280781,0.1588361152893094,0.39508143289360464
D01,hard,30,370.0,2863.0941555978798,0.0,0.46936079927050245,0.0,0.13959747407771728,0.39508143289360464
D01,nohealth,30,281.6666666666667,2378.464739469935,0.22,0.48990658094245276,-0.3998756773787111,0.1305516215800614,0.8457663562218766
D02,full,1,350.6666666666667,3231.142681930565,0.52,0.34423502360521496,-0.5036823120233891,-0.05523639696471705,0.9148273684654035
D02,hard,1,603.3333333333333,5897.104106559135,0.0,0.594266663982002,0.0,0.0,0.33736652892105395
D02,nohealth,1,323.3333333333333,2936.3829830735453,0.48,0.3436641666348399,-0.5030970170869229,-0.055593483646471986,0.914272137156079
D02,full,2,512.3333333333334,4642.461567993487,0.66,0.29060740396792184,-0.39756440036822344,0.012753488423773995,0.344479135840777
D02,hard,2,1406.0,16030.407078375105,0.0,0.8680768827662448,0.0,0.022260721571480624,0.3332705929508417
D02,nohealth,2,333.66666666666663,3098.793885478136,0.74,0.2079332603916959,-0.4981635651540619,0.011484108629805978,0.9037074976222196
D02,full,3,706.0000000000001,4740.411821878076,0.1,0.49479353095145817,-0.09248108193352539,0.0,0.3304679274121517
D02,hard,3,557.0,4246.28071044317,0.0,0.538747225165467,0.0,0.0,0.3304679274121517
D02,nohealth,3,317.66666666666663,2735.5845121267075,0.4,0.32906699899391056,-0.4693008904350193,-0.06183472559317271,0.9137125448403235
D02,full,4,635.3333333333334,4919.254977413422,0.02,0.5135523885894633,-0.10344380850165691,0.07036273335026577,0.31291517997697577
D02,hard,4,424.0,3807.243789210059,0.0,0.5707109715017742,0.0,0.07203654262563342,0.31291517997697577
D02,nohealth,4,388.0,2929.79880039294,0.26,0.4596755526658227,-0.5091827908126029,0.06773891646958108,0.9120585899594338
D02,full,5,711.3333333333335,5755.951337620234,0.16,0.49147763193740546,-0.27781632809416196,0.015646452549992862,0.3974786887810742
D02,hard,5,591.3333333333334,5693.935759587056,0.0,0.7225254458183001,0.0,0.01739787559942385,0.3974786887810742
D02,nohealth,5,410.0,3293.77089786066,0.58,0.4352821597488128,-0.453836626817552,-0.00014349682645387052,0.9110661080120938
D02,full,6,763.3333333333334,5717.876213953846,0.36,0.3403552375605565,-0.2513095916069899,0.030105509689345,0.3686223122449249
D02,hard,6,962.6666666666669,10144.016833512,0.0,0.7834179278671045,0.0,0.03416911719741633,0.3686223122449249
D02,nohealth,6,412.0,3162.080899707155,0.68,0.2089847604091446,-0.4311823113051389,0.023651802440480707,0.9055196243830581
D02,full,7,336.66666666666663,3104.2853521440247,0.66,0.33035146865801,-0.48134628480065506,0.07315176282528091,0.913685384616153
D02,hard,7,954.6666666666666,10136.806078288591,0.0,0.7567185166154669,0.0,0.08280186207217355,0.305368315519731
D02,nohealth,7,354.3333333333333,2805.976364064776,0.72,0.33295221669468233,-0.4794635362292507,0.06789185728681402,0.9090707646922502
D02,full,8,527.3333333333334,4683.8980579448,0.02,0.4904736488715007,-0.06544710796888287,0.03579371260064668,0.35376950294304554
D02,hard,8,445.0,3945.3964714189024,0.0,0.5771461093087213,0.0,0.03329104064104438,0.35376950294304554
D02,nohealth,8,299.66666666666663,2665.001345327475,0.32,0.4177859539590292,-0.43575304747193416,0.03104556759593613,0.913948701195691
D02,full,9,627.6666666666666,4726.508875820385,0.02,0.3883558661221702,-0.0734890141055647,0.0,0.3774380405289428
D02,hard,9,479.66666666666663,3841.6459983103555,0.0,0.4786989958086558,0.0,0.0,0.3774380405289428
D02,nohealth,9,307.0,2927.599904920984,0.28,0.37011193101056095,-0.4455016754960117,-0.027515616395640596,0.9137402886983244
D02,full,10,639.6666666666667,4921.276238375812,0.3,0.4350284883214328,-0.24310222796597677,0.05989517496447827,0.38577932552373867
D02,hard,10,610.0,6279.470106713014,0.0,0.7169384260291842,0.0,0.06055337338538924,0.3691009917952615
D02,nohealth,10,337.0,2854.4872346888433,0.6,0.30207553976071333,-0.43642409021478673,0.04048006214076705,0.9102352958714781
D02,full,11,326.6666666666667,2953.8086748614023,0.6,0.37649417359967674,-0.43401770019989566,0.03574685485725548,0.9089115313369308
D02,hard,11,742.6666666666667,7356.438878034201,0.0,0.7715542288912287,0.0,0.043683273097203545,0.38321828583424916
D02,nohealth,11,371.3333333333333,3018.1203642155606,0.6,0.378822351662363,-0.43361596684836634,0.02858166622834335,0.9114646207468058
D02,full,12,722.6666666666666,6217.618736539185,0.16,0.5024665345279811,-0.22609467148951876,0.0,0.3556335536421309
D02,hard,12,690.0,7407.829632706784,0.0,0.7019126021446844,0.0,0.0,0.3556335536421309
D02,nohealth,12,293.6666666666667,3113.533784604438,0.62,0.24828058403180253,-0.5091153403070736,-0.10373466069016846,0.912446739007886
D02,full,13,722.3333333333334,4990.799233300368,0.08,0.48305886326336545,-0.1728389345876319,0.04951038784552064,0.3326532858142075
D02,hard,13,494.33333333333337,4801.58650497956,0.0,0.6098978525097212,0.0,0.05104072972957274,0.3326532858142075
D02,nohealth,13,329.6666666666667,2998.161414489088,0.42,0.3732743800161453,-0.5052839242941753,0.036821350131894914,0.9123696198583267
D02,full,14,469.33333333333337,3633.161411466514,0.0,0.49098188237163876,0.0,0.0,0.44340316020107184
D02,hard,14,365.6666666666667,2929.4457849515115,0.0,0.4940951802711573,0.0,0.0,0.44340316020107184
D02,nohealth,14,343.66666666666663,2523.4341957818187,0.2,0.3640513316386662,-0.43552065094246184,-0.01848747315543653,0.9151641025973927
D02,full,15,594.0000000000001,4344.231535071725,0.02,0.5099313983479568,-0.09545543777345626,0.030907450677351123,0.3770446367191773
D02,hard,15,418.33333333333337,3560.042193176468,0.0,0.5119784717445293,0.0,0.028900769059703846,0.3770446367191773
D02,nohealth,15,291.6666666666667,2571.632646934674,0.32,0.47716180092116667,-0.4391417521003382,0.0231626464600847,0.9137261278380184
D02,full,16,470.0,3280.767058265539,0.02,0.5155879232225486,-0.3643645472177307,0.06684885797128304,0.7388269487486899
D02,hard,16,337.0,2788.902228370499,0.0,0.5734089518406151,0.0,0.06518392448255761,0.3744624015309592
D02,nohealth,16,295.66666666666663,2726.285645053661,0.1,0.570063624686189,-0.5403078837476452,0.06620657964192711,0.9147702852786044
D02,full,17,472.3333333333333,4201.461541922202,0.12,0.5067093471694295,-0.07976212135563232,0.030334335643035115,0.48587064865182744
D02,hard,17,437.6666666666667,4111.194533436098,0.0,0.5623732730771676,0.0,0.029979470187112556,0.48587064865182744
D02,nohealth,17,349.0,2704.700415023701,0.4,0.3016515479881128,-0.37247753418712815,0.026150092837328942,0.9133971838428653
D02,full,18,488.0,4210.658676670744,0.26,0.44476585186171147,-0.24947562179328245,0.07910543876900977,0.30815374471785045
D02,hard,18,579.3333333333334,5652.754742783203,0.0,0.636607686288466,0.0,0.08048347945668033,0.30815374471785045
D02,nohealth,18,388.99999999999994,3137.91375499388,0.5,0.317938903900415,-0.4759167110265648,0.07651344512743297,0.9112867136925233
D02,full,19,753.6666666666666,5111.990081679688,0.06,0.6089562935698709,-0.16246932240308734,0.029711295273116667,0.32891379403208776
D02,hard,19,475.3333333333333,4575.617350264151,0.0,0.738241263697248,0.0,0.03176907155689901,0.32891379403208776
D02,nohealth,19,318.33333333333337,2777.529110759294,0.42,0.478724454551096,-0.5054371997670412,0.025085647092854546,0.9136663645116225
D02,full,20,698.6666666666667,4799.1700152914145,0.1,0.4529228865454482,-0.2193744396608682,0.03693593891844027,0.48607668014171
D02,hard,20,470.6666666666667,4380.851913831055,0.0,0.6512083302983096,0.0,0.03733982506551525,0.35424746355668935
D02,nohealth,20,352.6666666666667,3114.883266373545,0.46,0.4157561962083405,-0.454377632635273,0.018398770549933108,0.912374578721252
D02,full,21,690.3333333333334,5800.442223568022,0.22,0.4019480623063132,-0.3348579254253306,0.0355637880265296,0.38830149859873647
D02,hard,21,706.3333333333333,6900.149167691258,0.0,0.7862245593819421,0.0,0.03523034058667818,0.31815856488737027
D02,nohealth,21,318.66666666666663,2897.747582330049,0.6,0.3320554960385802,-0.4827158723289293,0.029040003509219203,0.9131190308359028
D02,full,22,482.6666666666667,3959.393598160485,0.02,0.44078841538740576,-0.06941350886807963,0.052345010071827236,0.35313950136892125
D02,hard,22,416.66666666666674,3596.537765780843,0.0,0.5298778154930508,0.0,0.05328394770523981,0.35313950136892125
D02,nohealth,22,342.6666666666667,2630.9217715860123,0.32,0.3677228637175809,-0.5109392339806608,0.04778254122264891,0.9153025374890471
D02,full,23,727.0000000000001,5572.134928501801,0.1,0.4961948295534042,-0.1419733618022459,0.029319646521770437,0.34825945167242234
D02,hard,23,588.0,5798.295083783453,0.0,0.6496240716686752,0.0,0.025362516765022214,0.34825945167242234
D02,nohealth,23,300.0,3123.147442173091,0.52,0.29364893850316265,-0.4755612553532334,0.019997558951819094,0.9121076976865438
D02,full,24,418.00000000000006,3607.533840235915,0.5,0.3039148680525736,-0.37452393498461234,0.0,0.3114411477067004
D02,hard,24,747.3333333333333,6870.744358611576,0.0,0.6463000778098755,0.0,0.0,0.3114411477067004
D02,nohealth,24,330.66666666666663,2946.2589235420637,0.58,0.23674202412423684,-0.4788418000130909,-0.15507237269015295,0.8852135715178547
D02,full,25,542.3333333333334,4215.240533384095,0.28,0.529618324682751,-0.1733250009716582,0.06195525129621238,0.33933236306137127
D02,hard,25,558.3333333333334,5392.056940633772,0.0,0.7066001178485404,0.0,0.06552752740987366,0.33933236306137127
D02,nohealth,25,419.66666666666674,3071.9634112206636,0.42,0.3924077562780881,-0.43028304299240244,0.0586943032543894,0.8766782730628883
D02,full,26,489.66666666666663,4000.7391893772055,0.12,0.5769473146278183,-0.19464923413590868,0.08255910231199648,0.31756870651411206
D02,hard,26,494.0,4181.800756656788,0.0,0.6029254881540755,0.0,0.07981951358520256,0.31756870651411206
D02,nohealth,26,325.33333333333337,2819.29836113958,0.42,0.4626887750690747,-0.535518547704526,0.06676308018690535,0.9114582038308218
D02,full,27,561.6666666666666,4546.866612301496,0.0,0.660038755388155,0.0,0.033004320989462155,0.34685187903458786
D02,hard,27,424.6666666666667,3820.1266716396062,0.0,0.6526798592935341,0.0,0.03655552989859412,0.34685187903458786
D02,nohealth,27,353.66666666666674,3083.9761817151657,0.26,0.5265264755970105,-0.5246789969282462,0.017288364626391828,0.9068799513991997
D02,full,28,505.6666666666667,4392.134323146904,0.18,0.41944106717790297,-0.17509200655621154,0.0,0.35235442692026164
D02,hard,28,489.0000000000001,5027.377920214177,0.0,0.55169297462732,0.0,0.0,0.35235442692026164
D02,nohealth,28,387.0,2953.6378706361825,0.4,0.30714338214427217,-0.4315453406534981,-0.05938945146441521,0.9131320745932664
D02,full,29,577.6666666666667,4168.095063471828,0.14,0.5609763723435457,-0.20037001051675063,0.02463947515514564,0.3289583632499094
D02,hard,29,515.0,4361.845994078242,0.0,0.6375316593463805,0.0,0.027121035941930827,0.3289583632499094
D02,nohealth,29,283.0,2540.576486778587,0.42,0.5284298408214647,-0.41393465239620747,0.02005183593093529,0.9130662531373143
D02,full,30,336.3333333333333,2676.1902549548863,0.08,0.45453713513382654,-0.20758164954050556,0.06440815342702033,0.39508143289360464
D02,hard,30,370.0,2863.0941555978798,0.0,0.47032895795130103,0.0,0.060082930473492,0.39508143289360464
D02,nohealth,30,281.6666666666667,2378.464739469935,0.22,0.4315717895739768,-0.47096700735213015,0.05820556329229898,0.9167629451106711
D03,full,1,350.6666666666667,3231.142681930565,0.52,0.4705924057847246,-0.39678000139027153,0.05230769520300749,0.8021379730626121
D03,hard,1,603.3333333333333,5897.104106559135,0.0,0.7199341480346422,0.0,0.08054269486301935,0.33736652892105395
D03,nohealth,1,323.3333333333333,2936.3829830735453,0.48,0.46634068566491216,-0.39667657066042195,0.05052275336106493,0.7974677142635651
D03,full,2,512.3333333333334,4642.461567993487,0.66,0.2866626565912618,-0.32325809553353424,0.14191858981798644,0.344479135840777
D03,hard,2,1406.0,16030.407078375105,0.0,0.8806349669560627,0.0,0.16034043656890107,0.3332705929508417
D03,nohealth,2,333.66666666666663,3098.793885478136,0.74,0.20798422834855557,-0.4012901747449777,0.1415118776748786,0.7956597771791005
D03,full,3,706.0000000000001,4740.411821878076,0.1,0.5025759148024045,-0.07018596306291938,0.06830705014781258,0.3304679274121517
D03,hard,3,557.0,4246.28071044317,0.0,0.465705263957495,0.0,0.07516070853611667,0.3304679274121517
D03,nohealth,3,317.66666666666663,2735.5845121267075,0.4,0.4173902760933712,-0.36141152967188184,0.04605802441300566,0.7938248172676617
D03,full,4,635.3333333333334,4919.254977413422,0.02,0.4941228029863256,-0.09672532649397965,0.18034727878030987,0.31291517997697577
D03,hard,4,424.0,3807.243789210059,0.0,0.5125550993117274,0.0,0.18888385748896663,0.31291517997697577
D03,nohealth,4,388.0,2929.79880039294,0.26,0.4439920797729122,-0.411048348740989,0.16998532567317348,0.8080132805898025
D03,full,5,711.3333333333335,5755.951337620234,0.16,0.4414508032809328,-0.24583999437853699,0.14664361817694171,0.3974786887810742
D03,hard,5,591.3333333333334,5693.935759587056,0.0,0.6826907365256136,0.0,0.15686517239056186,0.3974786887810742
D03,nohealth,5,410.0,3293.77089786066,0.58,0.4419225939020224,-0.3382613471003187,0.1088039608416499,0.7790495800969046
D03,full,6,763.3333333333334,5717.876213953846,0.36,0.3332282451891664,-0.200551669667244,0.16953154116849212,0.3686223122449249
D03,hard,6,962.6666666666669,10144.016833512,0.0,0.713537373672922,0.0,0.1768119294832513,0.3686223122449249
D03,nohealth,6,412.0,3162.080899707155,0.68,0.18835249715269242,-0.3285966946725192,0.14109241136064332,0.7925607155571222
D03,full,7,336.66666666666663,3104.2853521440247,0.66,0.2587471941253128,-0.375868112778858,0.19109556266653438,0.8003145745879964
D03,hard,7,954.6666666666666,10136.806078288591,0.0,0.7386154657452453,0.0,0.22143154725747816,0.305368315519731
D03,nohealth,7,354.3333333333333,2805.976364064776,0.72,0.27321519489099666,-0.3724285074361231,0.17005991459875347,0.7925283003034257
D03,full,8,527.3333333333334,4683.8980579448,0.02,0.476618256059381,-0.06279361341453271,0.16555171291671222,0.35376950294304554
D03,hard,8,445.0,3945.3964714189024,0.0,0.5076184137573905,0.0,0.15531300955111782,0.35376950294304554
D03,nohealth,8,299.66666666666663,2665.001345327475,0.32,0.42425267555750157,-0.3291661615590043,0.14585945689371071,0.7995468834112032
D03,full,9,627.6666666666666,4726.508875820385,0.02,0.4941637184362757,-0.06935060965487805,0.04436471752326854,0.3774380405289428
D03,hard,9,479.66666666666663,3841.6459983103555,0.0,0.5398546048694812,0.0,0.10628504343728629,0.3774380405289428
D03,nohealth,9,307.0,2927.599904920984,0.28,0.5092010893308891,-0.3459894757756097,0.08051631003331727,0.8097410159286241
D03,full,10,639.6666666666667,4921.276238375812,0.3,0.46852258661040125,-0.20231469612520747,0.1905118345301925,0.38577932552373867
D03,hard,10,610.0,6279.470106713014,0.0,0.7421169984805385,0.0,0.19320399351123407,0.3691009917952615
D03,nohealth,10,337.0,2854.4872346888433,0.6,0.34814533844963846,-0.33549706904056115,0.10612729247803798,0.7953951938659523
D03,full,11,326.6666666666667,2953.8086748614023,0.6,0.3528969307066012,-0.33419014708991907,0.1417713056699389,0.7947275336240561
D03,hard,11,742.6666666666667,7356.438878034201,0.0,0.7439929513830557,0.0,0.1741906465490528,0.38321828583424916
D03,nohealth,11,371.3333333333333,3018.1203642155606,0.6,0.3703446605093115,-0.3255378292193964,0.11319525934909225,0.7805501516397377
D03,full,12,722.6666666666666,6217.618736539185,0.16,0.6071193568939945,-0.19528726179607436,0.037862845985177196,0.3556335536421309
D03,hard,12,690.0,7407.829632706784,0.0,0.7481122265814175,0.0,0.0411758026418535,0.3556335536421309
D03,nohealth,12,293.6666666666667,3113.533784604438,0.62,0.3429599562649357,-0.40138945312774993,0.005479241488182018,0.7910509165240792
D03,full,13,722.3333333333334,4990.799233300368,0.08,0.5307942405851049,-0.1542717331411869,0.1805413892967872,0.3326532858142075
D03,hard,13,494.33333333333337,4801.58650497956,0.0,0.6565825606729225,0.0,0.18650565449968382,0.3326532858142075
D03,nohealth,13,329.6666666666667,2998.161414489088,0.42,0.4179675929412312,-0.39527793333795286,0.11889373408126025,0.7969758827665209
D03,full,14,469.33333333333337,3633.161411466514,0.0,0.42844276083153243,0.0,0.08917240895533629,0.44340316020107184
D03,hard,14,365.6666666666667,2929.4457849515115,0.0,0.44025247839023596,0.0,0.11000826007600539,0.44340316020107184
D03,nohealth,14,343.66666666666663,2523.4341957818187,0.2,0.3913934467253719,-0.3436061069014694,0.09681501650530244,0.8089179907357833
D03,full,15,594.0000000000001,4344.231535071725,0.02,0.5900586288431475,-0.08774360873709675,0.16068794463915048,0.3770446367191773
D03,hard,15,418.33333333333337,3560.042193176468,0.0,0.6564278800717211,0.0,0.15993511414843353,0.3770446367191773
D03,nohealth,15,291.6666666666667,2571.632646934674,0.32,0.5317307945457486,-0.3328039240211504,0.12983037284578325,0.7955172983851648
D03,full,16,470.0,3280.767058265539,0.02,0.24357390785193012,-0.35231403581020415,0.18457548871020557,0.7267764373411634
D03,hard,16,337.0,2788.902228370499,0.0,0.3025955606210138,0.0,0.1747476584268809,0.3744624015309592
D03,nohealth,16,295.66666666666663,2726.285645053661,0.1,0.3486570439849126,-0.42791860568599516,0.1817885049589455,0.8023810072169544
D03,full,17,472.3333333333333,4201.461541922202,0.12,0.5691378704868697,-0.05426672077769118,0.15883368819365473,0.48587064865182744
D03,hard,17,437.6666666666667,4111.194533436098,0.0,0.6458887870822088,0.0,0.1559376770200358,0.48587064865182744
D03,nohealth,17,349.0,2704.700415023701,0.4,0.36714928665455515,-0.27321904461355295,0.13909583923435076,0.7989779406911833
D03,full,18,488.0,4210.658676670744,0.26,0.4195935943650797,-0.1926168614892613,0.20766746547390058,0.30815374471785045
D03,hard,18,579.3333333333334,5652.754742783203,0.0,0.6309775125889325,0.0,0.21348521007783194,0.30815374471785045
D03,nohealth,18,388.99999999999994,3137.91375499388,0.5,0.28488465166331634,-0.37029795084608363,0.19879995934610561,0.779925927070888
D03,full,19,753.6666666666666,5111.990081679688,0.06,0.4363600617813199,-0.14925609827807326,0.14829593273822195,0.32891379403208776
D03,hard,19,475.3333333333333,4575.617350264151,0.0,0.5061335892184662,0.0,0.16076114812801456,0.32891379403208776
D03,nohealth,19,318.33333333333337,2777.529110759294,0.42,0.39548374624914606,-0.40283698506782123,0.12760827848520084,0.8028795482558385
D03,full,20,698.6666666666667,4799.1700152914145,0.1,0.40792456819264267,-0.20012969048159143,0.16409016317674208,0.48607668014171
D03,hard,20,470.6666666666667,4380.851913831055,0.0,0.5413530057035925,0.0,0.1689399750723889,0.35424746355668935
D03,nohealth,20,352.6666666666667,3114.883266373545,0.46,0.401696895989188,-0.33754222447612003,0.1179188645009076,0.7857690980568822
D03,full,21,690.3333333333334,5800.442223568022,0.22,0.3566803532152223,-0.29539694088161556,0.16597297315539083,0.38830149859873647
D03,hard,21,706.3333333333333,6900.149167691258,0.0,0.7117095041088632,0.0,0.165664000977635,0.31815856488737027
D03,nohealth,21,318.66666666666663,2897.747582330049,0.6,0.31095658974456186,-0.3770858141926809,0.1439761622093062,0.7958231545075777
D03,full,22,482.6666666666667,3959.393598160485,0.02,0.40952590580894577,-0.06749177825557445,0.17124534350476694,0.35313950136892125
D03,hard,22,416.66666666666674,3596.537765780843,0.0,0.4612909775194376,0.0,0.17923426362887973,0.35313950136892125
D03,nohealth,22,342.6666666666667,2630.9217715860123,0.32,0.38337869199413643,-0.4034098119091131,0.15015992568843872,0.8059346948700062
D03,full,23,727.0000000000001,5572.134928501801,0.1,0.5325713248855342,-0.11595867331000113,0.17015994594683426,0.34825945167242234
D03,hard,23,588.0,5798.295083783453,0.0,0.6533408206133124,0.0,0.1570411065904499,0.34825945167242234
D03,nohealth,23,300.0,3123.147442173091,0.52,0.3238931161579883,-0.3602511060920335,0.1346932510574288,0.7884161917000362
D03,full,24,418.00000000000006,3607.533840235915,0.5,0.4413538500334142,-0.2999270873746507,0.0,0.3114411477067004
D03,hard,24,747.3333333333333,6870.744358611576,0.0,0.763810855586829,0.0,0.0021970818800682856,0.3114411477067004
D03,nohealth,24,330.66666666666663,2946.2589235420637,0.58,0.3376944094617529,-0.38012782781107957,-0.038897898490189764,0.8015825037549255
D03,full,25,542.3333333333334,4215.240533384095,0.28,0.42362921416402366,-0.13480743665306333,0.18264784819625002,0.33933236306137127
D03,hard,25,558.3333333333334,5392.056940633772,0.0,0.6190053636925996,0.0,0.20348888936634357,0.33933236306137127
D03,nohealth,25,419.66666666666674,3071.9634112206636,0.42,0.3084420858112029,-0.3443000154193941,0.1730319631765418,0.8069805319876461
D03,full,26,489.66666666666663,4000.7391893772055,0.12,0.5406758756073056,-0.1763122738399274,0.2107502298790338,0.31756870651411206
D03,hard,26,494.0,4181.800756656788,0.0,0.6101420606278669,0.0,0.2011075541139381,0.31756870651411206
D03,nohealth,26,325.33333333333337,2819.29836113958,0.42,0.3969664217957767,-0.43214092248646285,0.15011077919482685,0.7953789884139223
D03,full,27,561.6666666666666,4546.866612301496,0.0,0.5314590402514092,0.0,0.15147258617288495,0.34685187903458786
D03,hard,27,424.6666666666667,3820.1266716396062,0.0,0.5432002127250635,0.0,0.17062533781008915,0.34685187903458786
D03,nohealth,27,353.66666666666674,3083.9761817151657,0.26,0.4730074787357066,-0.4395629846755169,0.13878718945288948,0.814473779661857
D03,full,28,505.6666666666667,4392.134323146904,0.18,0.46061725299805545,-0.1309557258635381,0.06491211237661698,0.35235442692026164
D03,hard,28,489.0000000000001,5027.377920214177,0.0,0.47509455933893263,0.0,0.07608106059111452,0.35235442692026164
D03,nohealth,28,387.0,2953.6378706361825,0.4,0.3965986936805965,-0.3260597493782891,0.046874849853044576,0.790701109815499
D03,full,29,577.6666666666667,4168.095063471828,0.14,0.4016325007941506,-0.17169249468249606,0.14271685562286585,0.3289583632499094
D03,hard,29,515.0,4361.845994078242,0.0,0.5615137636557446,0.0,0.15452001462288167,0.3289583632499094
D03,nohealth,29,283.0,2540.576486778587,0.42,0.4467855150405977,-0.3055806697498268,0.12023401036881787,0.8009951634467023
D03,full,30,336.3333333333333,2676.1902549548863,0.08,0.5089894076501993,-0.16827736180213182,0.18548625911209682,0.39508143289360464
D03,hard,30,370.0,2863.0941555978798,0.0,0.509448308864417,0.0,0.1647716528232107,0.39508143289360464
D03,nohealth,30,281.6666666666667,2378.464739469935,0.22,0.4564111381443212,-0.37538554689859244,0.1550722776884329,0.8213065826534219
D04,full,1,350.6666666666667,3231.142681930565,0.52,0.43561902755011084,-0.4258894744271416,0.022867148117098002,0.8337452350518562
D04,hard,1,603.3333333333333,5897.104106559135,0.0,0.6410184480868557,0.0,0.042199935481371575,0.33736652892105395
D04,nohealth,1,323.3333333333333,2936.3829830735453,0.48,0.434396484602916,-0.4256620171705697,0.02164835332203019,0.8307928631399677
D04,full,2,512.3333333333334,4642.461567993487,0.66,0.28038845040784244,-0.341524253786065,0.10367537378116598,0.344479135840777
D04,hard,2,1406.0,16030.407078375105,0.0,0.869625488233934,0.0,0.12007098412668693,0.3332705929508417
D04,nohealth,2,333.66666666666663,3098.793885478136,0.74,0.20531818578079197,-0.4264403791212428,0.1025317175533943,0.8296803804336493
D04,full,3,706.0000000000001,4740.411821878076,0.1,0.5580163020422846,-0.07560066802654644,0.031200828161411898,0.3304679274121517
D04,hard,3,557.0,4246.28071044317,0.0,0.5640738427019487,0.0,0.03660058740582606,0.3304679274121517
D04,nohealth,3,317.66666666666663,2735.5845121267075,0.4,0.42619374414228717,-0.3910943811938717,0.01636552311261974,0.8284761016515454
D04,full,4,635.3333333333334,4919.254977413422,0.02,0.5639506125618063,-0.09557678732891924,0.1499567954519503,0.31291517997697577
D04,hard,4,424.0,3807.243789210059,0.0,0.6007095798035,0.0,0.15560445621314523,0.31291517997697577
D04,nohealth,4,388.0,2929.79880039294,0.26,0.49393529203012054,-0.43667823748916385,0.14264964501274424,0.8372163162944637
D04,full,5,711.3333333333335,5755.951337620234,0.16,0.474101545772192,-0.24939145510961086,0.10778218371512549,0.3974786887810742
D04,hard,5,591.3333333333334,5693.935759587056,0.0,0.6763346930179288,0.0,0.1143588114796138,0.3974786887810742
D04,nohealth,5,410.0,3293.77089786066,0.58,0.4475289547306598,-0.3711352766860171,0.07872424565262326,0.8187155607981546
D04,full,6,763.3333333333334,5717.876213953846,0.36,0.32853849371370347,-0.211654577115326,0.12694781239691832,0.3686223122449249
D04,hard,6,962.6666666666669,10144.016833512,0.0,0.7207540493708535,0.0,0.13364649141813123,0.3686223122449249
D04,nohealth,6,412.0,3162.080899707155,0.68,0.1965607872607904,-0.3561069443479914,0.10749457178071942,0.8276095975764057
D04,full,7,336.66666666666663,3104.2853521440247,0.66,0.2887755943529755,-0.40444819861564846,0.1566740242993525,0.8327162639677166
D04,hard,7,954.6666666666666,10136.806078288591,0.0,0.750418754656986,0.0,0.17930044901384745,0.305368315519731
D04,nohealth,7,354.3333333333333,2805.976364064776,0.72,0.29821785060439443,-0.4017865318509985,0.14272958596991048,0.82760254258597
D04,full,8,527.3333333333334,4683.8980579448,0.02,0.5420772248428685,-0.06098092926210915,0.12690721641446556,0.35376950294304554
D04,hard,8,445.0,3945.3964714189024,0.0,0.5852112402677034,0.0,0.11976779529194614,0.35376950294304554
D04,nohealth,8,299.66666666666663,2665.001345327475,0.32,0.47814104425435366,-0.35829034550764743,0.11315974621466107,0.8319537309915251
D04,full,9,627.6666666666666,4726.508875820385,0.02,0.5477983436689178,-0.06784723966528579,0.027283228230564394,0.3774380405289428
D04,hard,9,479.66666666666663,3841.6459983103555,0.0,0.5298559596345913,0.0,0.0679247789721159,0.3774380405289428
D04,nohealth,9,307.0,2927.599904920984,0.28,0.48160191456827595,-0.3721887501389032,0.05085344384503332,0.8381515287206631
D04,full,10,639.6666666666667,4921.276238375812,0.3,0.4701101907852421,-0.21015101351428053,0.15178528807887037,0.38577932552373867
D04,hard,10,610.0,6279.470106713014,0.0,0.7253348427967585,0.0,0.1536583189806109,0.3691009917952615
D04,nohealth,10,337.0,2854.4872346888433,0.6,0.32920952339126064,-0.36233889788336987,0.09326844723152261,0.8295047647464232
D04,full,11,326.6666666666667,2953.8086748614023,0.6,0.37541144082355826,-0.36047117310965887,0.11305003874924469,0.8290829744287673
D04,hard,11,742.6666666666667,7356.438878034201,0.0,0.7246645315597238,0.0,0.13563753171840565,0.38321828583424916
D04,nohealth,11,371.3333333333333,3018.1203642155606,0.6,0.3821277339684179,-0.35530394534871307,0.08912623377412543,0.8198845300039752
D04,full,12,722.6666666666666,6217.618736539185,0.16,0.60592062934437,-0.20085832068773643,0.0,0.3556335536421309
D04,hard,12,690.0,7407.829632706784,0.0,0.818561052760272,0.0,0.00022686163916074698,0.3556335536421309
D04,nohealth,12,293.6666666666667,3113.533784604438,0.62,0.3129226605736095,-0.4310252197957218,-0.024799022001219084,0.8264743455932038
D04,full,13,722.3333333333334,4990.799233300368,0.08,0.5181894442536896,-0.1561589358605241,0.14133410574839822,0.3326532858142075
D04,hard,13,494.33333333333337,4801.58650497956,0.0,0.6059776475351573,0.0,0.14553700500212663,0.3326532858142075
D04,nohealth,13,329.6666666666667,2998.161414489088,0.42,0.40779548053322,-0.4258716590771353,0.09989662823889034,0.8304860835848861
D04,full,14,469.33333333333337,3633.161411466514,0.0,0.4905096928040955,0.0,0.05908975308982645,0.44340316020107184
D04,hard,14,365.6666666666667,2929.4457849515115,0.0,0.48790830665133544,0.0,0.0729916219225436,0.44340316020107184
D04,nohealth,14,343.66666666666663,2523.4341957818187,0.2,0.3951964576853877,-0.3665994466436356,0.06392998908230751,0.8379590082135963
D04,full,15,594.0000000000001,4344.231535071725,0.02,0.6410074203113865,-0.08705080992551772,0.12236948831886285,0.3770446367191773
D04,hard,15,418.33333333333337,3560.042193176468,0.0,0.6507594249842201,0.0,0.12052314400819342,0.3770446367191773
D04,nohealth,15,291.6666666666667,2571.632646934674,0.32,0.5377818194763819,-0.3618631494930152,0.10066873343982419,0.8295500987051365
D04,full,16,470.0,3280.767058265539,0.02,0.2779565130735362,-0.34690467495404387,0.15083348181863032,0.7213670764850031
D04,hard,16,337.0,2788.902228370499,0.0,0.30821084136285304,0.0,0.14452615686980386,0.3744624015309592
D04,nohealth,16,295.66666666666663,2726.285645053661,0.1,0.38037821957756646,-0.459413490329058,0.1489169161528997,0.8338758918600172
D04,full,17,472.3333333333333,4201.461541922202,0.12,0.552039849837527,-0.06101597469858849,0.1206266833598536,0.48587064865182744
D04,hard,17,437.6666666666667,4111.194533436098,0.0,0.5929406508493371,0.0,0.11886718456699097,0.48587064865182744
D04,nohealth,17,349.0,2704.700415023701,0.4,0.3368243378573379,-0.2993275284471978,0.10730180035835812,0.8317939695201017
D04,full,18,488.0,4210.658676670744,0.26,0.4024625594963731,-0.20706529861322737,0.1696531445862547,0.30815374471785045
D04,hard,18,579.3333333333334,5652.754742783203,0.0,0.5664825025595626,0.0,0.17366911967104925,0.30815374471785045
D04,nohealth,18,388.99999999999994,3137.91375499388,0.5,0.2852918823683048,-0.3990695111266973,0.16317625930265212,0.8194411580802685
D04,full,19,753.6666666666666,5111.990081679688,0.06,0.480111055528462,-0.1491647919012296,0.11442088060349198,0.32891379403208776
D04,hard,19,475.3333333333333,4575.617350264151,0.0,0.5242520109579485,0.0,0.12238341483153037,0.32891379403208776
D04,nohealth,19,318.33333333333337,2777.529110759294,0.42,0.432673806767518,-0.4302220575384216,0.1002842677450897,0.8343121552999719
D04,full,20,698.6666666666667,4799.1700152914145,0.1,0.4026748933597881,-0.2006123095550293,0.12667101832906702,0.48607668014171
D04,hard,20,470.6666666666667,4380.851913831055,0.0,0.5177434979521944,0.0,0.12948413377453183,0.35424746355668935
D04,nohealth,20,352.6666666666667,3114.883266373545,0.46,0.4021789971921246,-0.37097285290974075,0.08647755852691397,0.8232459550690057
D04,full,21,690.3333333333334,5800.442223568022,0.22,0.3656554856181562,-0.30083026841029176,0.12758709138934632,0.38830149859873647
D04,hard,21,706.3333333333333,6900.149167691258,0.0,0.6970202172291817,0.0,0.1271876722841765,0.31815856488737027
D04,nohealth,21,318.66666666666663,2897.747582330049,0.6,0.3118467049359577,-0.4058207855764051,0.11143646106018912,0.829787070324885
D04,full,22,482.6666666666667,3959.393598160485,0.02,0.44655035020323863,-0.0658594717686828,0.1371871529602824,0.35313950136892125
D04,hard,22,416.66666666666674,3596.537765780843,0.0,0.5177874982228106,0.0,0.14201203783875127,0.35313950136892125
D04,nohealth,22,342.6666666666667,2630.9217715860123,0.32,0.40557327605975524,-0.43286112655171477,0.1229076898633289,0.8362912904681843
D04,full,23,727.0000000000001,5572.134928501801,0.1,0.5119427370568699,-0.12155031438719548,0.12737162519111167,0.34825945167242234
D04,hard,23,588.0,5798.295083783453,0.0,0.6222808093747518,0.0,0.11770765395257365,0.34825945167242234
D04,nohealth,23,300.0,3123.147442173091,0.52,0.3103833951671895,-0.393037802349878,0.10217981857891534,0.8248402613431131
D04,full,24,418.00000000000006,3607.533840235915,0.5,0.3880053959345382,-0.3183736676037611,0.0,0.3114411477067004
D04,hard,24,747.3333333333333,6870.744358611576,0.0,0.6962726400466357,0.0,0.0,0.3114411477067004
D04,nohealth,24,330.66666666666663,2946.2589235420637,0.58,0.3024676226152405,-0.40610333485252603,-0.071984360853253,0.8324006192193788
D04,full,25,542.3333333333334,4215.240533384095,0.28,0.44115228007562823,-0.14365505853746519,0.1480610290910538,0.33933236306137127
D04,hard,25,558.3333333333334,5392.056940633772,0.0,0.5945409890108768,0.0,0.16147109023071515,0.33933236306137127
D04,nohealth,25,419.66666666666674,3071.9634112206636,0.42,0.3397756751922565,-0.36531871169232233,0.14070009819691986,0.8366983610454448
D04,full,26,489.66666666666663,4000.7391893772055,0.12,0.5346921881106097,-0.17772353700559462,0.1728471985375135,0.31756870651411206
D04,hard,26,494.0,4181.800756656788,0.0,0.5679643460870551,0.0,0.1658608723241093,0.31756870651411206
D04,nohealth,26,325.33333333333337,2819.29836113958,0.42,0.4132287371321215,-0.459926112215634,0.12529336018230852,0.8294288790208703
D04,full,27,561.6666666666666,4546.866612301496,0.0,0.5994439118091928,0.0,0.11759285694997146,0.34685187903458786
D04,hard,27,424.6666666666667,3820.1266716396062,0.0,0.6012436969379833,0.0,0.13011164126804275,0.34685187903458786
D04,nohealth,27,353.66666666666674,3083.9761817151657,0.26,0.5164237932262232,-0.45981815217896305,0.1016337035514423,0.8405265643997663
D04,full,28,505.6666666666667,4392.134323146904,0.18,0.48826784492337016,-0.14175282487786298,0.03165847016226764,0.35235442692026164
D04,hard,28,489.0000000000001,5027.377920214177,0.0,0.565535900509299,0.0,0.039162305978798884,0.35235442692026164
D04,nohealth,28,387.0,2953.6378706361825,0.4,0.4012055446289089,-0.3547369391596429,0.013921903360784027,0.8262938771951105
D04,full,29,577.6666666666667,4168.095063471828,0.14,0.4821297654338943,-0.17501757960083367,0.10894258988323602,0.3289583632499094
D04,hard,29,515.0,4361.845994078242,0.0,0.5890533263765387,0.0,0.11687361592577195,0.3289583632499094
D04,nohealth,29,283.0,2540.576486778587,0.42,0.5010003296674217,-0.3354524336119842,0.09389468738722007,0.8331666862849969
D04,full,30,336.3333333333333,2676.1902549548863,0.08,0.5051487573394549,-0.17709026270905276,0.15035085078606636,0.39508143289360464
D04,hard,30,370.0,2863.0941555978798,0.0,0.4782779455472652,0.0,0.13642895116381437,0.39508143289360464
D04,nohealth,30,281.6666666666667,2378.464739469935,0.22,0.4914765239089889,-0.3998236073320763,0.13002010262571118,0.8457110376728112
D05,full,1,350.6666666666667,3231.142681930565,0.52,0.31283784085424804,-0.5345063330396569,-0.08609464437297609,0.9464304600394896
D05,hard,1,603.3333333333333,5897.104106559135,0.0,0.5733190421381695,0.0,0.0,0.33736652892105395
D05,nohealth,1,323.3333333333333,2936.3829830735453,0.48,0.31267163130326536,-0.5337751657578403,-0.08621113606212194,0.9441908966224992
D05,full,2,512.3333333333334,4642.461567993487,0.66,0.2854445518086606,-0.420888037677798,0.0,0.344479135840777
D05,hard,2,1406.0,16030.407078375105,0.0,0.8822669634008482,0.0,0.0,0.3332705929508417
D05,nohealth,2,333.66666666666663,3098.793885478136,0.74,0.19860062944822388,-0.5272810926906228,-0.02255982097152942,0.9290782516528445
D05,full,3,706.0000000000001,4740.411821878076,0.1,0.46401087429473775,-0.09954280490935843,0.0,0.3304679274121517
D05,hard,3,557.0,4246.28071044317,0.0,0.5141607970066362,0.0,0.0,0.3304679274121517
D05,nohealth,3,317.66666666666663,2735.5845121267075,0.4,0.29736512648245594,-0.5001156152717406,-0.09264200747299167,0.94467833412768
D05,full,4,635.3333333333334,4919.254977413422,0.02,0.5338484939032913,-0.10825433060366822,0.0390761817600056,0.31291517997697577
D05,hard,4,424.0,3807.243789210059,0.0,0.6055402737529325,0.0,0.03975552811938787,0.31291517997697577
D05,nohealth,4,388.0,2929.79880039294,0.26,0.4652436722763733,-0.538532417327262,0.037769159907705574,0.9413464110569789
D05,full,5,711.3333333333335,5755.951337620234,0.16,0.4527905390274394,-0.292010831230642,0.0,0.3974786887810742
D05,hard,5,591.3333333333334,5693.935759587056,0.0,0.6921383563994168,0.0,0.0,0.3974786887810742
D05,nohealth,5,410.0,3293.77089786066,0.58,0.39527686338476875,-0.485807885016046,-0.020340853854914465,0.9416288123284253
D05,full,6,763.3333333333334,5717.876213953846,0.36,0.34383589945979676,-0.26856796921020887,0.0,0.3686223122449249
D05,hard,6,962.6666666666669,10144.016833512,0.0,0.7993966261828025,0.0,0.0,0.3686223122449249
D05,nohealth,6,412.0,3162.080899707155,0.68,0.20731114472189205,-0.46117056021697433,-0.008648910220921846,0.9307051912564602
D05,full,7,336.66666666666663,3104.2853521440247,0.66,0.33674555049784094,-0.5118962908779136,0.041684130246995466,0.941916737838187
D05,hard,7,954.6666666666666,10136.806078288591,0.0,0.7255769602950433,0.0,0.047436680970544876,0.305368315519731
D05,nohealth,7,354.3333333333333,2805.976364064776,0.72,0.33769063265720534,-0.5101208773678881,0.037960114052794536,0.9349678588263293
D05,full,8,527.3333333333334,4683.8980579448,0.02,0.48198326573822214,-0.0686583480273899,0.0015745764888995817,0.35376950294304554
D05,hard,8,445.0,3945.3964714189024,0.0,0.5690369793466883,0.0,0.000344623197613636,0.35376950294304554
D05,nohealth,8,299.66666666666663,2665.001345327475,0.32,0.39764317289809425,-0.46638905385548446,-0.000674208607936766,0.9457239688862693
D05,full,9,627.6666666666666,4726.508875820385,0.02,0.351549855959584,-0.07722009741581674,0.0,0.3774380405289428
D05,hard,9,479.66666666666663,3841.6459983103555,0.0,0.44429680838125196,0.0,0.0,0.3774380405289428
D05,nohealth,9,307.0,2927.599904920984,0.28,0.3254730427844357,-0.4750611650744103,-0.058428187713823077,0.9422925951844321
D05,full,10,639.6666666666667,4921.276238375812,0.3,0.43039183204457143,-0.25801802994714157,0.025282025122527196,0.38577932552373867
D05,hard,10,610.0,6279.470106713014,0.0,0.7376942375017586,0.0,0.02560971351442265,0.3691009917952615
D05,nohealth,10,337.0,2854.4872346888433,0.6,0.29599113073747874,-0.4661432700202919,0.016710882483593537,0.9387473309812874
D05,full,11,326.6666666666667,2953.8086748614023,0.6,0.3597978430826738,-0.4636720924538748,0.005032031278299098,0.933118948150584
D05,hard,11,742.6666666666667,7356.438878034201,0.0,0.7747669714783236,0.0,0.008963010584185471,0.38321828583424916
D05,nohealth,11,371.3333333333333,3018.1203642155606,0.6,0.3622246267603835,-0.4644543822155585,0.0022294781985883194,0.9393881118372056
D05,full,12,722.6666666666666,6217.618736539185,0.16,0.47713975436791856,-0.23769639238116733,0.0,0.3556335536421309
D05,hard,12,690.0,7407.829632706784,0.0,0.6848611187897726,0.0,0.0,0.3556335536421309
D05,nohealth,12,293.6666666666667,3113.533784604438,0.62,0.2296973929579571,-0.5398854101479699,-0.1347048110632424,0.9427421695862706
D05,full,13,722.3333333333334,4990.799233300368,0.08,0.4781281575082925,-0.18124985648807537,0.01513275002792025,0.3326532858142075
D05,hard,13,494.33333333333337,4801.58650497956,0.0,0.6144197260863109,0.0,0.01591916291707063,0.3326532858142075
D05,nohealth,13,329.6666666666667,2998.161414489088,0.42,0.3608227393813894,-0.5363861938436005,0.009923329940154657,0.9429325824083112
D05,full,14,469.33333333333337,3633.161411466514,0.0,0.44595242376311184,0.0,0.0,0.44340316020107184
D05,hard,14,365.6666666666667,2929.4457849515115,0.0,0.44679236085137,0.0,0.0,0.44340316020107184
D05,nohealth,14,343.66666666666663,2523.4341957818187,0.2,0.32030941318913064,-0.4639865807522537,-0.050297697453366874,0.9431588676848028
D05,full,15,594.0000000000001,4344.231535071725,0.02,0.47792588935459435,-0.1003736377737074,0.0,0.3770446367191773
D05,hard,15,418.33333333333337,3560.042193176468,0.0,0.5022633159726753,0.0,0.0,0.3770446367191773
D05,nohealth,15,291.6666666666667,2571.632646934674,0.32,0.43836848633000325,-0.4697031861871124,-0.007481769393897886,0.9436977926477729
D05,full,16,470.0,3280.767058265539,0.02,0.46738707588580364,-0.376224470433251,0.034529628569282655,0.7506868719642102
D05,hard,16,337.0,2788.902228370499,0.0,0.5170868890252651,0.0,0.033966225580288945,0.3744624015309592
D05,nohealth,16,295.66666666666663,2726.285645053661,0.1,0.5136358666904413,-0.5718540181875699,0.03422940074206182,0.9463164197185291
D05,full,17,472.3333333333333,4201.461541922202,0.12,0.5052699532360885,-0.0872997696727468,0.0,0.48587064865182744
D05,hard,17,437.6666666666667,4111.194533436098,0.0,0.5693325931253708,0.0,0.0,0.48587064865182744
D05,nohealth,17,349.0,2704.700415023701,0.4,0.2907551967690556,-0.4019848119789478,-0.005414052638619049,0.9404551957044451
D05,full,18,488.0,4210.658676670744,0.26,0.46455504061233155,-0.26686802060443504,0.04493733652676768,0.30815374471785045
D05,hard,18,579.3333333333334,5652.754742783203,0.0,0.6798585023083092,0.0,0.04560724640760616,0.30815374471785045
D05,nohealth,18,388.99999999999994,3137.91375499388,0.5,0.32966549905181,-0.5063594452541593,0.0434969726507245,0.9426098191019716
D05,full,19,753.6666666666666,5111.990081679688,0.06,0.5709262590893385,-0.16983881455909516,0.0,0.32891379403208776
D05,hard,19,475.3333333333333,4575.617350264151,0.0,0.700481616246315,0.0,0.0,0.32891379403208776
D05,nohealth,19,318.33333333333337,2777.529110759294,0.42,0.4504873855466114,-0.5355542714033013,-0.005047586689005623,0.9423008381887357
D05,full,20,698.6666666666667,4799.1700152914145,0.1,0.44232270762621484,-0.22951396023035783,0.002969372398886505,0.48607668014171
D05,hard,20,470.6666666666667,4380.851913831055,0.0,0.6554138360093873,0.0,0.0028883701338896506,0.35424746355668935
D05,nohealth,20,352.6666666666667,3114.883266373545,0.46,0.39771539699194136,-0.4865061730457828,-0.003707799512104759,0.9453059157861253
D05,full,21,690.3333333333334,5800.442223568022,0.22,0.40521391669122075,-0.35136125189030915,0.0007362779214237225,0.38830149859873647
D05,hard,21,706.3333333333333,6900.149167691258,0.0,0.818058932779923,0.0,0.0004766113421128537,0.31815856488737027
D05,nohealth,21,318.66666666666663,2897.747582330049,0.6,0.325087602753823,-0.5132001355844363,-0.0029015379602549407,0.9427880871352945
D05,full,22,482.6666666666667,3959.393598160485,0.02,0.44448985117194395,-0.07204745793369184,0.01968406205274098,0.35313950136892125
D05,hard,22,416.66666666666674,3596.537765780843,0.0,0.5302371463259994,0.0,0.019790818546387645,0.35313950136892125
D05,nohealth,22,342.6666666666667,2630.9217715860123,0.32,0.3560781393233541,-0.541779007998117,0.01766009590116302,0.9458023536868723
D05,full,23,727.0000000000001,5572.134928501801,0.1,0.49205211692265527,-0.1509141050794653,0.0,0.34825945167242234
D05,hard,23,588.0,5798.295083783453,0.0,0.6523075645803684,0.0,0.0,0.34825945167242234
D05,nohealth,23,300.0,3123.147442173091,0.52,0.2817933021275987,-0.5074705761965346,-0.011836814427758857,0.945126174428397
D05,full,24,418.00000000000006,3607.533840235915,0.5,0.28232793053411953,-0.3978335998008758,0.0,0.3114411477067004
D05,hard,24,747.3333333333333,6870.744358611576,0.0,0.6386259911766026,0.0,0.0,0.3114411477067004
D05,nohealth,24,330.66666666666663,2946.2589235420637,0.58,0.21788940673683,-0.508177314992504,-0.18716876434399476,0.9089932599936831
D05,full,25,542.3333333333334,4215.240533384095,0.28,0.5260265970438964,-0.18601412995562158,0.028816694266248555,0.33933236306137127
D05,hard,25,558.3333333333334,5392.056940633772,0.0,0.7115943142644083,0.0,0.030042532232034902,0.33933236306137127
D05,nohealth,25,419.66666666666674,3071.9634112206636,0.42,0.38217862719463436,-0.4573855495200473,0.026882043417249757,0.8952358025884143
D05,full,26,489.66666666666663,4000.7391893772055,0.12,0.5952113747798891,-0.20339249127047349,0.04848801241021683,0.31756870651411206
D05,hard,26,494.0,4181.800756656788,0.0,0.6703260266436284,0.0,0.046989499771438514,0.31756870651411206
D05,nohealth,26,325.33333333333337,2819.29836113958,0.42,0.4747356252656709,-0.5656779697529765,0.04118407192757345,0.9383279853045835
D05,full,27,561.6666666666666,4546.866612301496,0.0,0.6691944418354534,0.0,0.00040928249194838173,0.34685187903458786
D05,hard,27,424.6666666666667,3820.1266716396062,0.0,0.6679993814239784,0.0,0.0017638034969817973,0.34685187903458786
D05,nohealth,27,353.66666666666674,3083.9761817151657,0.26,0.5053411407586939,-0.5520404150251418,-0.005006677306817253,0.9319934813282005
D05,full,28,505.6666666666667,4392.134323146904,0.18,0.3872500290627807,-0.18899646641072432,0.0,0.35235442692026164
D05,hard,28,489.0000000000001,5027.377920214177,0.0,0.5263936904217099,0.0,0.0,0.35235442692026164
D05,nohealth,28,387.0,2953.6378706361825,0.4,0.2782445313866335,-0.46200574376327913,-0.08489895348305776,0.9416645030789723
D05,full,29,577.6666666666667,4168.095063471828,0.14,0.5048016667600708,-0.2129650587476149,0.0,0.3289583632499094
D05,hard,29,515.0,4361.845994078242,0.0,0.6222678230365544,0.0,0.0,0.3289583632499094
D05,nohealth,29,283.0,2540.576486778587,0.42,0.48075464321705796,-0.44482314229827175,-0.009741728773146607,0.9431284061282814
D05,full,30,336.3333333333333,2676.1902549548863,0.08,0.4318388697562001,-0.22073781799345366,0.03158646508340501,0.39508143289360464
D05,hard,30,370.0,2863.0941555978798,0.0,0.45696043355425364,0.0,0.02973892347114182,0.39508143289360464
D05,nohealth,30,281.6666666666667,2378.464739469935,0.22,0.40441387726608724,-0.5000597102497308,0.028997130362331536,0.9458191348572885
D06,full,1,350.6666666666667,3231.142681930565,0.52,0.4387883954888381,-0.42519172024239127,0.02418524831657043,0.8293755785644229
D06,hard,1,603.3333333333333,5897.104106559135,0.0,0.7125948094906784,0.0,0.05523354271852332,0.33736652892105395
D06,nohealth,1,323.3333333333333,2936.3829830735453,0.48,0.43833334864251117,-0.4249390870029819,0.022258100924599677,0.8240417029173489
D06,full,2,512.3333333333334,4642.461567993487,0.66,0.28689460057998173,-0.348794300078748,0.11662576543840919,0.344479135840777
D06,hard,2,1406.0,16030.407078375105,0.0,0.8828089885167845,0.0,0.13149810435865916,0.3332705929508417
D06,nohealth,2,333.66666666666663,3098.793885478136,0.74,0.2065806557378016,-0.4306500687290704,0.1174666369393198,0.8217908534775299
D06,full,3,706.0000000000001,4740.411821878076,0.1,0.5487884461999484,-0.07804189800098263,0.04321136931014802,0.3304679274121517
D06,hard,3,557.0,4246.28071044317,0.0,0.5301498226812529,0.0,0.04972387989849136,0.3304679274121517
D06,nohealth,3,317.66666666666663,2735.5845121267075,0.4,0.4272482264127617,-0.38918951917563677,0.018304806139968655,0.8197869668095222
D06,full,4,635.3333333333334,4919.254977413422,0.02,0.5707173018660174,-0.10727127816450328,0.1524157949667828,0.31291517997697577
D06,hard,4,424.0,3807.243789210059,0.0,0.5779230250153446,0.0,0.16212953536152486,0.31291517997697577
D06,nohealth,4,388.0,2929.79880039294,0.26,0.491973961995666,-0.44034243949357976,0.14276151574070528,0.8359936880194151
D06,full,5,711.3333333333335,5755.951337620234,0.16,0.47894337874182535,-0.26950498261322803,0.12121496798498221,0.3974786887810742
D06,hard,5,591.3333333333334,5693.935759587056,0.0,0.677204562354619,0.0,0.13312290962322726,0.3974786887810742
D06,nohealth,5,410.0,3293.77089786066,0.58,0.44814431201197724,-0.3648514428791222,0.08106465205953006,0.8031989424236466
D06,full,6,763.3333333333334,5717.876213953846,0.36,0.3404985404996572,-0.22203867637752522,0.14606089427802382,0.3686223122449249
D06,hard,6,962.6666666666669,10144.016833512,0.0,0.708337856728553,0.0,0.15162084120186503,0.3686223122449249
D06,nohealth,6,412.0,3162.080899707155,0.68,0.1897088191227605,-0.3571078184458168,0.11464191692719505,0.8185143209754729
D06,full,7,336.66666666666663,3104.2853521440247,0.66,0.2861488016132563,-0.4043178650852365,0.16533552749783464,0.8273755272081091
D06,hard,7,954.6666666666666,10136.806078288591,0.0,0.7449412418632562,0.0,0.19614041597686072,0.305368315519731
D06,nohealth,7,354.3333333333333,2805.976364064776,0.72,0.3022651091612165,-0.40025064330638116,0.14146496723247903,0.8179975077004673
D06,full,8,527.3333333333334,4683.8980579448,0.02,0.5317970771697988,-0.07095675863659172,0.1408068356070723,0.35376950294304554
D06,hard,8,445.0,3945.3964714189024,0.0,0.5391495173185252,0.0,0.12970373544034852,0.35376950294304554
D06,nohealth,8,299.66666666666663,2665.001345327475,0.32,0.46983800923671093,-0.3571981099150677,0.11956911073488796,0.8262591506377059
D06,full,9,627.6666666666666,4726.508875820385,0.02,0.602444867187353,-0.07818794392317985,0.01111188657645723,0.3774380405289428
D06,hard,9,479.66666666666663,3841.6459983103555,0.0,0.5486408275963732,0.0,0.08172043543308627,0.3774380405289428
D06,nohealth,9,307.0,2927.599904920984,0.28,0.4900449759108847,-0.37507838999517595,0.052527440307934437,0.8378853413251225
D06,full,10,639.6666666666667,4921.276238375812,0.3,0.47625426533254767,-0.22277465642449198,0.16509230657166085,0.38577932552373867
D06,hard,10,610.0,6279.470106713014,0.0,0.7183628829311226,0.0,0.16802427515721652,0.3691009917952615
D06,nohealth,10,337.0,2854.4872346888433,0.6,0.32835649398308964,-0.36420510462479033,0.073921830251099,0.8216887907239123
D06,full,11,326.6666666666667,2953.8086748614023,0.6,0.3756904222047217,-0.36337499053900585,0.11315409712985147,0.8206655371541735
D06,hard,11,742.6666666666667,7356.438878034201,0.0,0.7237341840507976,0.0,0.14837751904355434,0.38321828583424916
D06,nohealth,11,371.3333333333333,3018.1203642155606,0.6,0.39080876106183116,-0.3532722653991401,0.08809483408949037,0.8044993160226572
D06,full,12,722.6666666666666,6217.618736539185,0.16,0.6198002014682753,-0.2117641636661408,0.012064333809175598,0.3556335536421309
D06,hard,12,690.0,7407.829632706784,0.0,0.8098606557444847,0.0,0.01621623373774017,0.3556335536421309
D06,nohealth,12,293.6666666666667,3113.533784604438,0.62,0.31621354326064655,-0.4291315590638087,-0.021960238329608472,0.8163504744264128
D06,full,13,722.3333333333334,4990.799233300368,0.08,0.5367923613574495,-0.16852762274840544,0.15609403171633573,0.3326532858142075
D06,hard,13,494.33333333333337,4801.58650497956,0.0,0.6160057128877643,0.0,0.16250961848111356,0.3326532858142075
D06,nohealth,13,329.6666666666667,2998.161414489088,0.42,0.4145505447446771,-0.4226344144473916,0.08722291108111813,0.8233125421156148
D06,full,14,469.33333333333337,3633.161411466514,0.0,0.48622879782304684,0.0,0.061456050989131206,0.44340316020107184
D06,hard,14,365.6666666666667,2929.4457849515115,0.0,0.4765703454728134,0.0,0.08488752169926905,0.44340316020107184
D06,nohealth,14,343.66666666666663,2523.4341957818187,0.2,0.380306414136826,-0.37402077786803745,0.07054857991872499,0.8368310530676958
D06,full,15,594.0000000000001,4344.231535071725,0.02,0.6563628850226317,-0.09800860619011258,0.13495995452476262,0.3770446367191773
D06,hard,15,418.33333333333337,3560.042193176468,0.0,0.6815912737777612,0.0,0.13608631874006027,0.3770446367191773
D06,nohealth,15,291.6666666666667,2571.632646934674,0.32,0.5301733863987994,-0.3607612665619187,0.10182236703873704,0.8215078012190792
D06,full,16,470.0,3280.767058265539,0.02,0.2626825848467491,-0.3810823122734489,0.15824396491023007,0.7555447138044081
D06,hard,16,337.0,2788.902228370499,0.0,0.2970079047899057,0.0,0.14676800063758977,0.3744624015309592
D06,nohealth,16,295.66666666666663,2726.285645053661,0.1,0.3851278070840922,-0.45516662776419703,0.15518443375015956,0.8296290292951563
D06,full,17,472.3333333333333,4201.461541922202,0.12,0.5521391949329344,-0.061610857790725365,0.1341445619897007,0.48587064865182744
D06,hard,17,437.6666666666667,4111.194533436098,0.0,0.6130535338859604,0.0,0.13061615308218844,0.48587064865182744
D06,nohealth,17,349.0,2704.700415023701,0.4,0.33349761621390783,-0.30230438040875596,0.11213420234576732,0.8259235626964911
D06,full,18,488.0,4210.658676670744,0.26,0.41274519888108263,-0.21077065757869703,0.18234465762742214,0.30815374471785045
D06,hard,18,579.3333333333334,5652.754742783203,0.0,0.5849815707103065,0.0,0.18872641274825386,0.30815374471785045
D06,nohealth,18,388.99999999999994,3137.91375499388,0.5,0.28541223493768286,-0.398334419835848,0.1731393508291612,0.8038192066184026
D06,full,19,753.6666666666666,5111.990081679688,0.06,0.48149131017112,-0.16362056823975418,0.12144046791064222,0.32891379403208776
D06,hard,19,475.3333333333333,4575.617350264151,0.0,0.5090970024199273,0.0,0.1360486178431648,0.32891379403208776
D06,nohealth,19,318.33333333333337,2777.529110759294,0.42,0.44019179557713506,-0.4317319174494597,0.09861648593285743,0.8303150258507292
D06,full,20,698.6666666666667,4799.1700152914145,0.1,0.4225924179246563,-0.2192402699638639,0.13851836257691508,0.48607668014171
D06,hard,20,470.6666666666667,4380.851913831055,0.0,0.5134706181473014,0.0,0.14461663509479838,0.35424746355668935
D06,nohealth,20,352.6666666666667,3114.883266373545,0.46,0.39577013211106316,-0.3638389776619437,0.09046619105279752,0.8105857261569324
D06,full,21,690.3333333333334,5800.442223568022,0.22,0.36801110165088247,-0.32151064600404883,0.13977264134683964,0.38830149859873647
D06,hard,21,706.3333333333333,6900.149167691258,0.0,0.6938920955560965,0.0,0.13970362783310375,0.31815856488737027
D06,nohealth,21,318.66666666666663,2897.747582330049,0.6,0.3178541953842804,-0.4052419698722863,0.11708467692153435,0.82208261314228
D06,full,22,482.6666666666667,3959.393598160485,0.02,0.4473314548190621,-0.07434365812306222,0.14459183469432269,0.35313950136892125
D06,hard,22,416.66666666666674,3596.537765780843,0.0,0.49690247113514574,0.0,0.15436751361511103,0.35313950136892125
D06,nohealth,22,342.6666666666667,2630.9217715860123,0.32,0.40172876917288525,-0.43148493367175983,0.12111194143021686,0.8337633055364536
D06,full,23,727.0000000000001,5572.134928501801,0.1,0.5330411149757954,-0.12726215139146432,0.14578240829854228,0.34825945167242234
D06,hard,23,588.0,5798.295083783453,0.0,0.6362526909392334,0.0,0.13227405469597042,0.34825945167242234
D06,nohealth,23,300.0,3123.147442173091,0.52,0.30779041418659925,-0.38681497598997916,0.10798102074523452,0.813221188510864
D06,full,24,418.00000000000006,3607.533840235915,0.5,0.4093401257724145,-0.32524249343298384,0.0,0.3114411477067004
D06,hard,24,747.3333333333333,6870.744358611576,0.0,0.7223576689127806,0.0,0.0,0.3114411477067004
D06,nohealth,24,330.66666666666663,2946.2589235420637,0.58,0.30635273698773413,-0.4090234517855484,-0.06550200479461743,0.8288893337087685
D06,full,25,542.3333333333334,4215.240533384095,0.28,0.43825897529397917,-0.14987082731246326,0.1556374253963395,0.33933236306137127
D06,hard,25,558.3333333333334,5392.056940633772,0.0,0.596225476797597,0.0,0.17991595006310968,0.33933236306137127
D06,nohealth,25,419.66666666666674,3071.9634112206636,0.42,0.32639778421594556,-0.3741957761817569,0.146167562307693,0.8348903179801975
D06,full,26,489.66666666666663,4000.7391893772055,0.12,0.5525415578532542,-0.19172261956887016,0.1854957155007818,0.31756870651411206
D06,hard,26,494.0,4181.800756656788,0.0,0.5817758858602251,0.0,0.17540303831204807,0.31756870651411206
D06,nohealth,26,325.33333333333337,2819.29836113958,0.42,0.4006622421944166,-0.460688166664725,0.12265156467696448,0.8216423659452109
D06,full,27,561.6666666666666,4546.866612301496,0.0,0.5713522534849174,0.0,0.12475502599247712,0.34685187903458786
D06,hard,27,424.6666666666667,3820.1266716396062,0.0,0.5800520594830241,0.0,0.14677927208928154,0.34685187903458786
D06,nohealth,27,353.66666666666674,3083.9761817151657,0.26,0.5231730278254871,-0.4707798954938438,0.11384416477992865,0.8435390391011711
D06,full,28,505.6666666666667,4392.134323146904,0.18,0.49270102983204,-0.14627836360315302,0.03808202504970026,0.35235442692026164
D06,hard,28,489.0000000000001,5027.377920214177,0.0,0.5321800301117825,0.0,0.05060085425569527,0.35235442692026164
D06,nohealth,28,387.0,2953.6378706361825,0.4,0.38915535981315896,-0.35423176463119355,0.02000477102244247,0.8166068132600898
D06,full,29,577.6666666666667,4168.095063471828,0.14,0.48148185020549583,-0.1925042352955167,0.11610604813678815,0.3289583632499094
D06,hard,29,515.0,4361.845994078242,0.0,0.5963480013852251,0.0,0.12935562546249235,0.3289583632499094
D06,nohealth,29,283.0,2540.576486778587,0.42,0.49393525703343144,-0.33329859221809577,0.0908423496626305,0.8277674878400448
D06,full,30,336.3333333333333,2676.1902549548863,0.08,0.500372282250692,-0.1842821684666503,0.15967836731406537,0.39508143289360464
D06,hard,30,370.0,2863.0941555978798,0.0,0.45721334336079456,0.0,0.13646576967377622,0.39508143289360464
D06,nohealth,30,281.6666666666667,2378.464739469935,0.22,0.48830778785208206,-0.40546213243230755,0.12543113159187513,0.8513485710708191
D07,full,1,350.6666666666667,3231.142681930565,0.52,0.16397308331421523,-0.23134407715227648,0.2191169457563914,0.6255041881667084
D07,hard,1,603.3333333333333,5897.104106559135,0.0,0.5397437789080985,0.0,0.28839958020890466,0.33736652892105395
D07,nohealth,1,323.3333333333333,2936.3829830735453,0.48,0.16195465866742254,-0.2319688791246647,0.21469106409511085,0.613013035165127
D07,full,2,512.3333333333334,4642.461567993487,0.66,0.28717306027888645,-0.21305041389583795,0.34927682827136053,0.344479135840777
D07,hard,2,1406.0,16030.407078375105,0.0,0.8246004859330267,0.0,0.38051873352714405,0.3332705929508417
D07,nohealth,2,333.66666666666663,3098.793885478136,0.74,0.15009188698474918,-0.2543617272787452,0.3514260237538883,0.6081835748477968
D07,full,3,706.0000000000001,4740.411821878076,0.1,0.4518009796991769,-0.03727921885978008,0.269960858515058,0.3304679274121517
D07,hard,3,557.0,4246.28071044317,0.0,0.5201115146751447,0.0,0.2841828047515006,0.3304679274121517
D07,nohealth,3,317.66666666666663,2735.5845121267075,0.4,0.39169934379848215,-0.19370734527665043,0.213788676405961,0.6034153626910604
D07,full,4,635.3333333333334,4919.254977413422,0.02,0.3465669807255025,-0.09357022687555465,0.360008408772581,0.31291517997697577
D07,hard,4,424.0,3807.243789210059,0.0,0.5004528238076709,0.0,0.3732652589718981,0.31291517997697577
D07,nohealth,4,388.0,2929.79880039294,0.26,0.24857286873336237,-0.26183690587136416,0.3635370880226426,0.6424793543937406
D07,full,5,711.3333333333335,5755.951337620234,0.16,0.22909894482148419,-0.2088931680539817,0.35712729231534635,0.3974786887810742
D07,hard,5,591.3333333333334,5693.935759587056,0.0,0.5610223927164311,0.0,0.3837118164150689,0.3974786887810742
D07,nohealth,5,410.0,3293.77089786066,0.58,0.27966923838337077,-0.15599219013065063,0.27841004657795865,0.5657068699731427
D07,full,6,763.3333333333334,5717.876213953846,0.36,0.5346137452146156,-0.1286125303416396,0.3965297991121832,0.3686223122449249
D07,hard,6,962.6666666666669,10144.016833512,0.0,0.8240836784598768,0.0,0.4080727929395235,0.3686223122449249
D07,nohealth,6,412.0,3162.080899707155,0.68,0.2971745620557906,-0.17087163607446715,0.32677348250015004,0.6002207722178058
D07,full,7,336.66666666666663,3104.2853521440247,0.66,0.261381898927054,-0.21298044300637087,0.380217678478767,0.6199559783428488
D07,hard,7,954.6666666666666,10136.806078288591,0.0,0.7164337412089019,0.0,0.4477348747638896,0.305368315519731
D07,nohealth,7,354.3333333333333,2805.976364064776,0.72,0.2676735267962025,-0.20627063859619651,0.3269777448256521,0.6004667771790039
D07,full,8,527.3333333333334,4683.8980579448,0.02,0.4324525072733494,-0.06485254907576388,0.37441073199575303,0.35376950294304554
D07,hard,8,445.0,3945.3964714189024,0.0,0.5148005896848631,0.0,0.34978592400825137,0.35376950294304554
D07,nohealth,8,299.66666666666663,2665.001345327475,0.32,0.3289843757797608,-0.1639737228116782,0.32703084239149904,0.6194525272857291
D07,full,9,627.6666666666666,4726.508875820385,0.02,0.3038466740368073,-0.06934267467251816,0.23829745683710835,0.3774380405289428
D07,hard,9,479.66666666666663,3841.6459983103555,0.0,0.4255812207258225,0.0,0.3136093309627147,0.3774380405289428
D07,nohealth,9,307.0,2927.599904920984,0.28,0.27439883114580055,-0.19417357102681435,0.24829811295478044,0.6479331889682927
D07,full,10,639.6666666666667,4921.276238375812,0.3,0.497360419792626,-0.14714671450736638,0.4003305994814286,0.38577932552373867
D07,hard,10,610.0,6279.470106713014,0.0,0.7008871628924376,0.0,0.40681552729806425,0.3691009917952615
D07,nohealth,10,337.0,2854.4872346888433,0.6,0.2886725665073395,-0.1808659514076929,0.19551884081220727,0.6073505556986374
D07,full,11,326.6666666666667,2953.8086748614023,0.6,0.31570736155485024,-0.1818962362362088,0.3260794562340348,0.6057798280381868
D07,hard,11,742.6666666666667,7356.438878034201,0.0,0.6495978063821317,0.0,0.38349089336739783,0.38321828583424916
D07,nohealth,11,371.3333333333333,3018.1203642155606,0.6,0.3216124758965835,-0.15746402360957004,0.3132532846812627,0.5689895577833372
D07,full,12,722.6666666666666,6217.618736539185,0.16,0.5478362741074707,-0.15446395278622407,0.25208690296523273,0.3556335536421309
D07,hard,12,690.0,7407.829632706784,0.0,0.7107962127179934,0.0,0.2614430546259553,0.3556335536421309
D07,nohealth,12,293.6666666666667,3113.533784604438,0.62,0.2651686710481924,-0.23394450354598625,0.17580406544292682,0.5974285240144702
D07,full,13,722.3333333333334,4990.799233300368,0.08,0.4442308660783696,-0.13324389323328822,0.39189607754475264,0.3326532858142075
D07,hard,13,494.33333333333337,4801.58650497956,0.0,0.5953466144724857,0.0,0.4060693056315854,0.3326532858142075
D07,nohealth,13,329.6666666666667,2998.161414489088,0.42,0.3316639981144138,-0.22348467471979477,0.23775465718832622,0.6118163671037431
D07,full,14,469.33333333333337,3633.161411466514,0.0,0.5751383685455658,0.0,0.26418931669692647,0.44340316020107184
D07,hard,14,365.6666666666667,2929.4457849515115,0.0,0.5669817230833636,0.0,0.3112463024515124,0.44340316020107184
D07,nohealth,14,343.66666666666663,2523.4341957818187,0.2,0.45488324409639413,-0.20631316019252477,0.2788696479647065,0.6442295048418571
D07,full,15,594.0000000000001,4344.231535071725,0.02,0.3489834496170028,-0.08260075385871073,0.3687739932967109,0.3770446367191773
D07,hard,15,418.33333333333337,3560.042193176468,0.0,0.39091196926811844,0.0,0.37179053246012284,0.3770446367191773
D07,nohealth,15,291.6666666666667,2571.632646934674,0.32,0.21788855638112614,-0.16798995807423245,0.2951854700320793,0.6080983202910334
D07,full,16,470.0,3280.767058265539,0.02,0.3600311617282397,-0.3547999738449411,0.3708603836613701,0.7292623753759003
D07,hard,16,337.0,2788.902228370499,0.0,0.34778763222232545,0.0,0.34524416772838185,0.3744624015309592
D07,nohealth,16,295.66666666666663,2726.285645053661,0.1,0.31406751387385756,-0.2518238151879283,0.36405785313642613,0.6262862167188875
D07,full,17,472.3333333333333,4201.461541922202,0.12,0.5314215328130687,-0.015281175445978679,0.36551444703448,0.48587064865182744
D07,hard,17,437.6666666666667,4111.194533436098,0.0,0.5347548053640201,0.0,0.3576047968378595,0.48587064865182744
D07,nohealth,17,349.0,2704.700415023701,0.4,0.35946730675173866,-0.12184855159575249,0.3164107996146174,0.6166958922612277
D07,full,18,488.0,4210.658676670744,0.26,0.45944627614243094,-0.10714049117672567,0.41393513171470675,0.30815374471785045
D07,hard,18,579.3333333333334,5652.754742783203,0.0,0.6678074996227363,0.0,0.428065212992327,0.30815374471785045
D07,nohealth,18,388.99999999999994,3137.91375499388,0.5,0.3423219891271043,-0.20682017208371944,0.39369795495810467,0.5675303783347535
D07,full,19,753.6666666666666,5111.990081679688,0.06,0.3682224196029138,-0.13777985097538303,0.33566400942905184,0.32891379403208776
D07,hard,19,475.3333333333333,4575.617350264151,0.0,0.529306130459217,0.0,0.3682933270955294,0.32891379403208776
D07,nohealth,19,318.33333333333337,2777.529110759294,0.42,0.2426865362459012,-0.24540341594517356,0.2848246656655822,0.6269326789966887
D07,full,20,698.6666666666667,4799.1700152914145,0.1,0.2898215963331785,-0.18191774077048883,0.36766404867439384,0.48607668014171
D07,hard,20,470.6666666666667,4380.851913831055,0.0,0.5478912477698406,0.0,0.3814030158764403,0.35424746355668935
D07,nohealth,20,352.6666666666667,3114.883266373545,0.46,0.25252753233378944,-0.1528036008063951,0.29392239652765795,0.5825406931154932
D07,full,21,690.3333333333334,5800.442223568022,0.22,0.2406809995904775,-0.2472471568240361,0.37477960127990717,0.38830149859873647
D07,hard,21,706.3333333333333,6900.149167691258,0.0,0.6923917715770105,0.0,0.37471225275996234,0.31815856488737027
D07,nohealth,21,318.66666666666663,2897.747582330049,0.6,0.26838400010566144,-0.21368701200666415,0.3248666773065837,0.6085166567084074
D07,full,22,482.6666666666667,3959.393598160485,0.02,0.47001437764158305,-0.0697599253246936,0.3593382883121933,0.35313950136892125
D07,hard,22,416.66666666666674,3596.537765780843,0.0,0.617472908065231,0.0,0.38126339196530656,0.35313950136892125
D07,nohealth,22,342.6666666666667,2630.9217715860123,0.32,0.3845922434063016,-0.23658736426082908,0.3070731721267247,0.6349051983419857
D07,full,23,727.0000000000001,5572.134928501801,0.1,0.5685415438899517,-0.07932853387640446,0.3989078618670454,0.34825945167242234
D07,hard,23,588.0,5798.295083783453,0.0,0.6233155538287445,0.0,0.36927596139956254,0.34825945167242234
D07,nohealth,23,300.0,3123.147442173091,0.52,0.37630739868552654,-0.1784288211649264,0.3153069878990913,0.590327901111902
D07,full,24,418.00000000000006,3607.533840235915,0.5,0.4295649229158047,-0.18902341292452782,0.18602339915319033,0.3114411477067004
D07,hard,24,747.3333333333333,6870.744358611576,0.0,0.6719358102182931,0.0,0.24639449017313175,0.3114411477067004
D07,nohealth,24,330.66666666666663,2946.2589235420637,0.58,0.39366036707210794,-0.2295628031250522,0.1444186043124086,0.6237494641199746
D07,full,25,542.3333333333334,4215.240533384095,0.28,0.4508508424484363,-0.07918981043334107,0.3736131208984189,0.33933236306137127
D07,hard,25,558.3333333333334,5392.056940633772,0.0,0.6174370703887182,0.0,0.42781414270897267,0.33933236306137127
D07,nohealth,25,419.66666666666674,3071.9634112206636,0.42,0.26970235411585386,-0.2170605833470553,0.352887169888917,0.6389965153716695
D07,full,26,489.66666666666663,4000.7391893772055,0.12,0.3158359704419995,-0.15664569717631907,0.4164188806323518,0.31756870651411206
D07,hard,26,494.0,4181.800756656788,0.0,0.511198086073013,0.0,0.39420469696546767,0.31756870651411206
D07,nohealth,26,325.33333333333337,2819.29836113958,0.42,0.2777772427458416,-0.273046044659231,0.3304021732877499,0.6076502644694931
D07,full,27,561.6666666666666,4546.866612301496,0.0,0.46514062499868114,0.0,0.33936021010055395,0.34685187903458786
D07,hard,27,424.6666666666667,3820.1266716396062,0.0,0.47653499744492267,0.0,0.38784744270373295,0.34685187903458786
D07,nohealth,27,353.66666666666674,3083.9761817151657,0.26,0.21873619299086444,-0.3149479597418722,0.3405446344134576,0.6633913819802625
D07,full,28,505.6666666666667,4392.134323146904,0.18,0.4795277307194117,-0.06562272281027118,0.26429726766436346,0.35235442692026164
D07,hard,28,489.0000000000001,5027.377920214177,0.0,0.5196661243502474,0.0,0.2771404209162748,0.35235442692026164
D07,nohealth,28,387.0,2953.6378706361825,0.4,0.30653313047887565,-0.16292936748392567,0.22976143382381475,0.5957504493010831
D07,full,29,577.6666666666667,4168.095063471828,0.14,0.22574016270634,-0.138216782766848,0.3293907349935321,0.3289583632499094
D07,hard,29,515.0,4361.845994078242,0.0,0.4494409850347332,0.0,0.3588632430465515,0.3289583632499094
D07,nohealth,29,283.0,2540.576486778587,0.42,0.26635071322411363,-0.13700572467654476,0.27298365448162265,0.621997753901167
D07,full,30,336.3333333333333,2676.1902549548863,0.08,0.38445048789976344,-0.11204764881608525,0.3781269348847168,0.39508143289360464
D07,hard,30,370.0,2863.0941555978798,0.0,0.4158692327473179,0.0,0.3263830996457545,0.39508143289360464
D07,nohealth,30,281.6666666666667,2378.464739469935,0.22,0.30903081290243395,-0.23133274271632676,0.3017564206879657,0.6774462574094876
D08,full,1,350.6666666666667,3231.142681930565,0.52,0.43623226386697067,-0.33956872145703326,0.11029780651139076,0.7392617798181091
D08,hard,1,603.3333333333333,5897.104106559135,0.0,0.5943178048478814,0.0,0.15843583137008732,0.33736652892105395
D08,nohealth,1,323.3333333333333,2936.3829830735453,0.48,0.42253092263356695,-0.33970316040294335,0.10725478876775019,0.730725512416066
D08,full,2,512.3333333333334,4642.461567993487,0.66,0.2672684273222743,-0.2889709263636142,0.21959917228184234,0.344479135840777
D08,hard,2,1406.0,16030.407078375105,0.0,0.8435878778900703,0.0,0.24167445074468308,0.3332705929508417
D08,nohealth,2,333.66666666666663,3098.793885478136,0.74,0.1776878164287885,-0.35286737722439876,0.2210523945841446,0.7273160310926842
D08,full,3,706.0000000000001,4740.411821878076,0.1,0.6672874984936839,-0.06008196456903281,0.14356204671136408,0.3304679274121517
D08,hard,3,557.0,4246.28071044317,0.0,0.7379181671418493,0.0,0.1534987202586312,0.3304679274121517
D08,nohealth,3,317.66666666666663,2735.5845121267075,0.4,0.44991276178988415,-0.3028236354246306,0.1046720382071018,0.7240773900021034
D08,full,4,635.3333333333334,4919.254977413422,0.02,0.4382427553528927,-0.10142390178789214,0.2404383423509604,0.31291517997697577
D08,hard,4,424.0,3807.243789210059,0.0,0.5250105166757177,0.0,0.2554890708295735,0.31291517997697577
D08,nohealth,4,388.0,2929.79880039294,0.26,0.37015333920860183,-0.36157105269225087,0.24043195854003374,0.7505087560236151
D08,full,5,711.3333333333335,5755.951337620234,0.16,0.32187714548715873,-0.24308648336897293,0.22563707456466264,0.3974786887810742
D08,hard,5,591.3333333333334,5693.935759587056,0.0,0.6070862507436543,0.0,0.24411957756576586,0.3974786887810742
D08,nohealth,5,410.0,3293.77089786066,0.58,0.3683857800013919,-0.2725014868955534,0.1682609894724616,0.6980428847844816
D08,full,6,763.3333333333334,5717.876213953846,0.36,0.40598878242613123,-0.18095870844700104,0.25701063898591014,0.3686223122449249
D08,hard,6,962.6666666666669,10144.016833512,0.0,0.8025209691683348,0.0,0.26519311735079953,0.3686223122449249
D08,nohealth,6,412.0,3162.080899707155,0.68,0.18451997664658726,-0.2748759107671145,0.20845208711416874,0.7219488674186885
D08,full,7,336.66666666666663,3104.2853521440247,0.66,0.2162073465022174,-0.31981335659089793,0.2603868214139661,0.7356778174692503
D08,hard,7,954.6666666666666,10136.806078288591,0.0,0.7257824996160551,0.0,0.30754768433597257,0.305368315519731
D08,nohealth,7,354.3333333333333,2805.976364064776,0.72,0.2294914499289702,-0.3145545997649873,0.22337279975299773,0.7217600722501634
D08,full,8,527.3333333333334,4683.8980579448,0.02,0.4395620534324618,-0.06843453562350647,0.2442175740399909,0.35376950294304554
D08,hard,8,445.0,3945.3964714189024,0.0,0.47787886259288004,0.0,0.22707375631012972,0.35376950294304554
D08,nohealth,8,299.66666666666663,2665.001345327475,0.32,0.34789515934707405,-0.27184349948994097,0.21130405063364666,0.7348259742524189
D08,full,9,627.6666666666666,4726.508875820385,0.02,0.6323990572384792,-0.07446151060296584,0.10734952241774853,0.3774380405289428
D08,hard,9,479.66666666666663,3841.6459983103555,0.0,0.65702846585392,0.0,0.18437195148114816,0.3774380405289428
D08,nohealth,9,307.0,2927.599904920984,0.28,0.4691799104179186,-0.2952339010098628,0.13901671816655536,0.7539902585368665
D08,full,10,639.6666666666667,4921.276238375812,0.3,0.4819274570025085,-0.189594067118288,0.26921454490068886,0.38577932552373867
D08,hard,10,610.0,6279.470106713014,0.0,0.7648936824180457,0.0,0.27373407393537785,0.3691009917952615
D08,nohealth,10,337.0,2854.4872346888433,0.6,0.3859656147475832,-0.28326770260864637,0.12728717420405145,0.7268924290936465
D08,full,11,326.6666666666667,2953.8086748614023,0.6,0.3106516068884184,-0.2832772755852467,0.19809733078250202,0.7256169200399816
D08,hard,11,742.6666666666667,7356.438878034201,0.0,0.6916675753395516,0.0,0.2524347185849819,0.38321828583424916
D08,nohealth,11,371.3333333333333,3018.1203642155606,0.6,0.3411092885618998,-0.266760169662176,0.18773704893896292,0.7002210146604964
D08,full,12,722.6666666666666,6217.618736539185,0.16,0.5930354573082539,-0.18664793159800727,0.11830751410907536,0.3556335536421309
D08,hard,12,690.0,7407.829632706784,0.0,0.6898807799352564,0.0,0.12479649366233525,0.3556335536421309
D08,nohealth,12,293.6666666666667,3113.533784604438,0.62,0.3230122555467765,-0.3428962063348891,0.06542978088894169,0.7194895898884602
D08,full,13,722.3333333333334,4990.799233300368,0.08,0.47805759140296944,-0.15316020959350224,0.26049053516438825,0.3326532858142075
D08,hard,13,494.33333333333337,4801.58650497956,0.0,0.5905152492886738,0.0,0.27037071994800876,0.3326532858142075
D08,nohealth,13,329.6666666666667,2998.161414489088,0.42,0.39485183504352017,-0.3346255958131311,0.1534831373677501,0.7297825297786259
D08,full,14,469.33333333333337,3633.161411466514,0.0,0.2798991108328359,0.0,0.1486406200642586,0.44340316020107184
D08,hard,14,365.6666666666667,2929.4457849515115,0.0,0.35395523943347085,0.0,0.18506365120860357,0.44340316020107184
D08,nohealth,14,343.66666666666663,2523.4341957818187,0.2,0.3310765230984498,-0.3000835782492573,0.16266667885178165,0.7517508914067551
D08,full,15,594.0000000000001,4344.231535071725,0.02,0.49975982388775075,-0.09139461545178633,0.23844071307571313,0.3770446367191773
D08,hard,15,418.33333333333337,3560.042193176468,0.0,0.47799363008876683,0.0,0.24045359698962365,0.3770446367191773
D08,nohealth,15,291.6666666666667,2571.632646934674,0.32,0.44556183994845555,-0.27560658580944547,0.18723930863052174,0.7271176750644813
D08,full,16,470.0,3280.767058265539,0.02,0.3466456365686099,-0.37006987960271864,0.25227284579054365,0.7445322811336779
D08,hard,16,337.0,2788.902228370499,0.0,0.43663223832791864,0.0,0.23446201675275924,0.3744624015309592
D08,nohealth,16,295.66666666666663,2726.285645053661,0.1,0.3404432737799834,-0.3652884074274291,0.2475403622859529,0.7397508089583883
D08,full,17,472.3333333333333,4201.461541922202,0.12,0.5744885000869351,-0.041160176071296684,0.23656202729278253,0.48587064865182744
D08,hard,17,437.6666666666667,4111.194533436098,0.0,0.6773586573413344,0.0,0.23106789773674097,0.48587064865182744
D08,nohealth,17,349.0,2704.700415023701,0.4,0.3440497065081882,-0.22265970140629332,0.20243501117144924,0.7334180948809925
D08,full,18,488.0,4210.658676670744,0.26,0.4754744678070426,-0.16506793682952775,0.28484516011717365,0.30815374471785045
D08,hard,18,579.3333333333334,5652.754742783203,0.0,0.7345740044565201,0.0,0.2946900640397421,0.30815374471785045
D08,nohealth,18,388.99999999999994,3137.91375499388,0.5,0.3062344623431126,-0.3137412916432322,0.2707202484169928,0.6991927161826446
D08,full,19,753.6666666666666,5111.990081679688,0.06,0.4584751338806283,-0.15245989398934146,0.21617231438895235,0.32891379403208776
D08,hard,19,475.3333333333333,4575.617350264151,0.0,0.5739940480275327,0.0,0.2388550047527217,0.32891379403208776
D08,nohealth,19,318.33333333333337,2777.529110759294,0.42,0.3570443974458637,-0.3494680973753779,0.18082441832004037,0.7404236924590901
D08,full,20,698.6666666666667,4799.1700152914145,0.1,0.4632157019061005,-0.20308139056342114,0.23992445552503971,0.48607668014171
D08,hard,20,470.6666666666667,4380.851913831055,0.0,0.6760395851747594,0.0,0.24945434518694665,0.35424746355668935
D08,nohealth,20,352.6666666666667,3114.883266373545,0.46,0.4177623155091308,-0.27051316260756386,0.18038999546071355,0.7096515764274322
D08,full,21,690.3333333333334,5800.442223568022,0.22,0.31169228916588154,-0.28907288915278634,0.24377319349949123,0.38830149859873647
D08,hard,21,706.3333333333333,6900.149167691258,0.0,0.7280237650482768,0.0,0.24371066635977334,0.31815856488737027
D08,nohealth,21,318.66666666666663,2897.747582330049,0.6,0.27095079840752767,-0.32063358260521396,0.20894781170064847,0.7276292616160477
D08,full,22,482.6666666666667,3959.393598160485,0.02,0.4966293829008459,-0.07246697474671354,0.23956132298110877,0.35313950136892125
D08,hard,22,416.66666666666674,3596.537765780843,0.0,0.5475394318048035,0.0,0.2547888462427971,0.35313950136892125
D08,nohealth,22,342.6666666666667,2630.9217715860123,0.32,0.3590739887801675,-0.34538643661384,0.20320858388024043,0.7458956288533661
D08,full,23,727.0000000000001,5572.134928501801,0.1,0.587627574303599,-0.10619217370625325,0.2578931666966692,0.34825945167242234
D08,hard,23,588.0,5798.295083783453,0.0,0.7755718669293858,0.0,0.23719709607672979,0.34825945167242234
D08,nohealth,23,300.0,3123.147442173091,0.52,0.3260250869801722,-0.2946750208227252,0.19964541593652096,0.7145803775940025
D08,full,24,418.00000000000006,3607.533840235915,0.5,0.5169987998545922,-0.2652022712921472,0.05617308572260371,0.3114411477067004
D08,hard,24,747.3333333333333,6870.744358611576,0.0,0.7141229950233334,0.0,0.09819572473238614,0.3114411477067004
D08,nohealth,24,330.66666666666663,2946.2589235420637,0.58,0.40476963957631473,-0.3298172965148369,0.027320143987028533,0.7382124505957722
D08,full,25,542.3333333333334,4215.240533384095,0.28,0.481870301181885,-0.11876346189889064,0.252036064612411,0.33933236306137127
D08,hard,25,558.3333333333334,5392.056940633772,0.0,0.7275522804648276,0.0,0.2897187346115243,0.33933236306137127
D08,nohealth,25,419.66666666666674,3071.9634112206636,0.42,0.26871430856507117,-0.3049531197321421,0.23755835586684215,0.7483443277998034
D08,full,26,489.66666666666663,4000.7391893772055,0.12,0.4636541825412186,-0.17647491939055235,0.287700759339634,0.31756870651411206
D08,hard,26,494.0,4181.800756656788,0.0,0.6000249698676523,0.0,0.2722006720378577,0.31756870651411206
D08,nohealth,26,325.33333333333337,2819.29836113958,0.42,0.35790016687849335,-0.3778311830473594,0.21132846981162545,0.7269993834989026
D08,full,27,561.6666666666666,4546.866612301496,0.0,0.45279212830641713,0.0,0.21938797117923348,0.34685187903458786
D08,hard,27,424.6666666666667,3820.1266716396062,0.0,0.46737712120846475,0.0,0.25353471190873533,0.34685187903458786
D08,nohealth,27,353.66666666666674,3083.9761817151657,0.26,0.35530124945154307,-0.4021490953328956,0.2141766729954564,0.7640310810640344
D08,full,28,505.6666666666667,4392.134323146904,0.18,0.519672173288044,-0.11073638610619155,0.1367785822475075,0.35235442692026164
D08,hard,28,489.0000000000001,5027.377920214177,0.0,0.6857762491887256,0.0,0.15084886536611886,0.35235442692026164
D08,nohealth,28,387.0,2953.6378706361825,0.4,0.4250643709569528,-0.26973620005423227,0.11274756107107353,0.718899217592532
D08,full,29,577.6666666666667,4168.095063471828,0.14,0.23969398940861608,-0.16883310328126064,0.21042576315700334,0.3289583632499094
D08,hard,29,515.0,4361.845994078242,0.0,0.4868900492207242,0.0,0.23093260879277,0.3289583632499094
D08,nohealth,29,283.0,2540.576486778587,0.42,0.2917771765832766,-0.24657034006806702,0.1712300882127178,0.7367973846146246
D08,full,30,336.3333333333333,2676.1902549548863,0.08,0.5094884552318735,-0.1525057049046542,0.2563163257366877,0.39508143289360464
D08,hard,30,370.0,2863.0941555978798,0.0,0.5429928058190059,0.0,0.22034148110807128,0.39508143289360464
D08,nohealth,30,281.6666666666667,2378.464739469935,0.22,0.46722089172617,-0.32865779049430144,0.2032235388710386,0.7746444977172364
D09,full,1,350.6666666666667,3231.142681930565,0.52,0.14780857991349317,-0.22090616222663023,0.22981181644221194,0.6133552761810728
D09,hard,1,603.3333333333333,5897.104106559135,0.0,0.5370146095687527,0.0,0.30488296295455275,0.33736652892105395
D09,nohealth,1,323.3333333333333,2936.3829830735453,0.48,0.14353447877214975,-0.22156908282050689,0.22502609380324212,0.599719844460247
D09,full,2,512.3333333333334,4642.461567993487,0.66,0.3067978479034872,-0.2082405577494103,0.3657062714382108,0.344479135840777
D09,hard,2,1406.0,16030.407078375105,0.0,0.823523750069072,0.0,0.3973199175363886,0.3332705929508417
D09,nohealth,2,333.66666666666663,3098.793885478136,0.74,0.15830097736824578,-0.24642985318954208,0.3685637017639398,0.5943878082267252
D09,full,3,706.0000000000001,4740.411821878076,0.1,0.44328716645627875,-0.03591800728507685,0.2857766016036346,0.3304679274121517
D09,hard,3,557.0,4246.28071044317,0.0,0.5096442196631488,0.0,0.30076319667611784,0.3304679274121517
D09,nohealth,3,317.66666666666663,2735.5845121267075,0.4,0.38207222921076345,-0.18279445008854056,0.2247127494953136,0.5892163646879751
D09,full,4,635.3333333333334,4919.254977413422,0.02,0.3444878175335371,-0.09661567906897935,0.37379650413682664,0.31291517997697577
D09,hard,4,424.0,3807.243789210059,0.0,0.4883653383895634,0.0,0.386491259377156,0.31291517997697577
D09,nohealth,4,388.0,2929.79880039294,0.26,0.24883884129200085,-0.25361249024873694,0.37826234834627215,0.6318899152463372
D09,full,5,711.3333333333335,5755.951337620234,0.16,0.23021156595163528,-0.2121792034426476,0.373883959605792,0.3974786887810742
D09,hard,5,591.3333333333334,5693.935759587056,0.0,0.558059852529623,0.0,0.40295919165580596,0.3974786887810742
D09,nohealth,5,410.0,3293.77089786066,0.58,0.3096922924695298,-0.14296384458429873,0.289561416246776,0.5481956765092316
D09,full,6,763.3333333333334,5717.876213953846,0.36,0.5159141371397635,-0.12703541810486005,0.4158832749394572,0.3686223122449249
D09,hard,6,962.6666666666669,10144.016833512,0.0,0.8140774496113756,0.0,0.42737465821217213,0.3686223122449249
D09,nohealth,6,412.0,3162.080899707155,0.68,0.30100420214586654,-0.1613819448487726,0.3402524095824375,0.5857896776602314
D09,full,7,336.66666666666663,3104.2853521440247,0.66,0.2798333499995411,-0.20285757385683137,0.39432930116306564,0.607307298803741
D09,hard,7,954.6666666666666,10136.806078288591,0.0,0.715615430367806,0.0,0.4664153813860721,0.305368315519731
D09,nohealth,7,354.3333333333333,2805.976364064776,0.72,0.28690235393993957,-0.19555574995405559,0.3363443586611907,0.5859116571453512
D09,full,8,527.3333333333334,4683.8980579448,0.02,0.4325838985757644,-0.06774459494416041,0.3911961646180515,0.35376950294304554
D09,hard,8,445.0,3945.3964714189024,0.0,0.5011702017816764,0.0,0.36458207040657,0.35376950294304554
D09,nohealth,8,299.66666666666663,2665.001345327475,0.32,0.33599896712192834,-0.1534415651434531,0.3400259965419621,0.6067221519611957
D09,full,9,627.6666666666666,4726.508875820385,0.02,0.2951834478319786,-0.07220784622930469,0.2553946524986983,0.3774380405289428
D09,hard,9,479.66666666666663,3841.6459983103555,0.0,0.41638403948068636,0.0,0.3302709153538722,0.3774380405289428
D09,nohealth,9,307.0,2927.599904920984,0.28,0.2608710394409235,-0.1855732250160842,0.2591518361263314,0.6378395401912106
D09,full,10,639.6666666666667,4921.276238375812,0.3,0.48237039525233616,-0.14722878167374923,0.4170112397664356,0.38577932552373867
D09,hard,10,610.0,6279.470106713014,0.0,0.6942986870255414,0.0,0.42402449082026683,0.3691009917952615
D09,nohealth,10,337.0,2854.4872346888433,0.6,0.2817838136911752,-0.17180765608884033,0.19569295253175722,0.5935399722502018
D09,full,11,326.6666666666667,2953.8086748614023,0.6,0.3344894113595511,-0.17327021885165708,0.3429126284341759,0.591746642291171
D09,hard,11,742.6666666666667,7356.438878034201,0.0,0.6465063048261337,0.0,0.39998228638242683,0.38321828583424916
D09,nohealth,11,371.3333333333333,3018.1203642155606,0.6,0.32323060411660776,-0.14649309542191766,0.3288779237045625,0.5516251365029304
D09,full,12,722.6666666666666,6217.618736539185,0.16,0.5387540887096263,-0.1549582632597214,0.26916794249153375,0.3556335536421309
D09,hard,12,690.0,7407.829632706784,0.0,0.7010568563839221,0.0,0.27951405909498395,0.3556335536421309
D09,nohealth,12,293.6666666666667,3113.533784604438,0.62,0.25902172850906924,-0.22305076551614564,0.18713805524503657,0.582632965533168
D09,full,13,722.3333333333334,4990.799233300368,0.08,0.42664181121488176,-0.13536941976367237,0.40907446555277494,0.3326532858142075
D09,hard,13,494.33333333333337,4801.58650497956,0.0,0.5808391118992529,0.0,0.4243692202302115,0.3326532858142075
D09,nohealth,13,329.6666666666667,2998.161414489088,0.42,0.3267079123434775,-0.21194932940760322,0.2416028718665324,0.5983624774813269
D09,full,14,469.33333333333337,3633.161411466514,0.0,0.5589009050269633,0.0,0.27982352804648414,0.44340316020107184
D09,hard,14,365.6666666666667,2929.4457849515115,0.0,0.5426487726349678,0.0,0.3270045294680265,0.44340316020107184
D09,nohealth,14,343.66666666666663,2523.4341957818187,0.2,0.47464623036865716,-0.19986798515108273,0.2919774784972988,0.6337186554775532
D09,full,15,594.0000000000001,4344.231535071725,0.02,0.34436428620171955,-0.08531895899733843,0.3851487616290271,0.3770446367191773
D09,hard,15,418.33333333333337,3560.042193176468,0.0,0.38618836201634443,0.0,0.38922252791249956,0.3770446367191773
D09,nohealth,15,291.6666666666667,2571.632646934674,0.32,0.22401232479352906,-0.15747856366093105,0.3057447151501729,0.5942637607937334
D09,full,16,470.0,3280.767058265539,0.02,0.3494596874607738,-0.3644253765884562,0.3844496242619768,0.7388877781194154
D09,hard,16,337.0,2788.902228370499,0.0,0.33146127552277926,0.0,0.3564233623762658,0.3744624015309592
D09,nohealth,16,295.66666666666663,2726.285645053661,0.1,0.3117581018256621,-0.23974230941347685,0.37708168890112537,0.6142047109444361
D09,full,17,472.3333333333333,4201.461541922202,0.12,0.5295555890356032,-0.013031868631407706,0.38205920212804256,0.48587064865182744
D09,hard,17,437.6666666666667,4111.194533436098,0.0,0.5237072472880935,0.0,0.373348876036258,0.48587064865182744
D09,nohealth,17,349.0,2704.700415023701,0.4,0.36637124108871455,-0.11329995613406703,0.32873013124055017,0.6037813191798375
D09,full,18,488.0,4210.658676670744,0.26,0.44920674435214747,-0.10287424875423481,0.4302253000375804,0.30815374471785045
D09,hard,18,579.3333333333334,5652.754742783203,0.0,0.6568178462040455,0.0,0.44552573498012116,0.30815374471785045
D09,nohealth,18,388.99999999999994,3137.91375499388,0.5,0.3302432824923336,-0.1964931674657199,0.4085279486415945,0.5500486470583669
D09,full,19,753.6666666666666,5111.990081679688,0.06,0.36117794584938934,-0.14107523957297347,0.34921199878881926,0.32891379403208776
D09,hard,19,475.3333333333333,4575.617350264151,0.0,0.5216449890617321,0.0,0.3849316332245669,0.32891379403208776
D09,nohealth,19,318.33333333333337,2777.529110759294,0.42,0.23535975764966754,-0.23607282754296796,0.2940980411327643,0.61492954035801
D09,full,20,698.6666666666667,4799.1700152914145,0.1,0.27701853279595157,-0.18595223842370517,0.3835534658663935,0.48607668014171
D09,hard,20,470.6666666666667,4380.851913831055,0.0,0.5377008903519931,0.0,0.39875328792465825,0.35424746355668935
D09,nohealth,20,352.6666666666667,3114.883266373545,0.46,0.25054295236957813,-0.13938676722729565,0.30592668927842914,0.5664473993718784
D09,full,21,690.3333333333334,5800.442223568022,0.22,0.23822631904034086,-0.2499965418322716,0.39108677896331023,0.38830149859873647
D09,hard,21,706.3333333333333,6900.149167691258,0.0,0.6865457148631238,0.0,0.3911259563849483,0.31815856488737027
D09,nohealth,21,318.66666666666663,2897.747582330049,0.6,0.27499263792564044,-0.20340820578031638,0.33763350570229655,0.5947826863453519
D09,full,22,482.6666666666667,3959.393598160485,0.02,0.4632033343706057,-0.07225155563347528,0.3730378839421228,0.35313950136892125
D09,hard,22,416.66666666666674,3596.537765780843,0.0,0.5922256444121403,0.0,0.39719796643588123,0.35313950136892125
D09,nohealth,22,342.6666666666667,2630.9217715860123,0.32,0.3867325372689052,-0.225875577443001,0.3162923130396357,0.6236137019450905
D09,full,23,727.0000000000001,5572.134928501801,0.1,0.560201807594414,-0.07864311808994676,0.4181750603038529,0.34825945167242234
D09,hard,23,588.0,5798.295083783453,0.0,0.6101452577439983,0.0,0.38645522276303135,0.34825945167242234
D09,nohealth,23,300.0,3123.147442173091,0.52,0.3851345698479254,-0.16544505464288425,0.32809907317722276,0.5748414366918566
D09,full,24,418.00000000000006,3607.533840235915,0.5,0.4224495528385064,-0.1840592696785275,0.20271668596510095,0.3114411477067004
D09,hard,24,747.3333333333333,6870.744358611576,0.0,0.6666943088943,0.0,0.26827429848836326,0.3114411477067004
D09,nohealth,24,330.66666666666663,2946.2589235420637,0.58,0.3792402166608486,-0.22104836328269947,0.1575668216975361,0.6114805417359243
D09,full,25,542.3333333333334,4215.240533384095,0.28,0.4527696693851879,-0.07746825436430774,0.38753817054855,0.33933236306137127
D09,hard,25,558.3333333333334,5392.056940633772,0.0,0.6111071747692558,0.0,0.4468169131201889,0.33933236306137127
D09,nohealth,25,419.66666666666674,3071.9634112206636,0.42,0.2725770243068264,-0.21164138739026112,0.3655397965017564,0.6280931225987981
D09,full,26,489.66666666666663,4000.7391893772055,0.12,0.3079966874098705,-0.15930734201546867,0.43266003990440105,0.31756870651411206
D09,hard,26,494.0,4181.800756656788,0.0,0.5054925112038025,0.0,0.40880652480129176,0.31756870651411206
D09,nohealth,26,325.33333333333337,2819.29836113958,0.42,0.2806501264151724,-0.26340534516748304,0.3451157171813334,0.593867408228001
D09,full,27,561.6666666666666,4546.866612301496,0.0,0.4555681867241279,0.0,0.3547830252326214,0.34685187903458786
D09,hard,27,424.6666666666667,3820.1266716396062,0.0,0.4673427046027405,0.0,0.405917839855899,0.34685187903458786
D09,nohealth,27,353.66666666666674,3083.9761817151657,0.26,0.20832972169242758,-0.31026899475863257,0.3564221979149984,0.6548704986367073
D09,full,28,505.6666666666667,4392.134323146904,0.18,0.47612597618569574,-0.06283114188405128,0.28003306353569946,0.35235442692026164
D09,hard,28,489.0000000000001,5027.377920214177,0.0,0.507794165509865,0.0,0.2932029005483937,0.35235442692026164
D09,nohealth,28,387.0,2953.6378706361825,0.4,0.27426761313000103,-0.1526875908484382,0.24277232062698517,0.5809936883853922
D09,full,29,577.6666666666667,4168.095063471828,0.14,0.22903358723385114,-0.1409897948113641,0.34293560664591616,0.3289583632499094
D09,hard,29,515.0,4361.845994078242,0.0,0.44699489751369326,0.0,0.3749761828033271,0.3289583632499094
D09,nohealth,29,283.0,2540.576486778587,0.42,0.2794110836844723,-0.12596990970386496,0.2815967343380764,0.6094171641089134
D09,full,30,336.3333333333333,2676.1902549548863,0.08,0.3834319849422898,-0.11055870104499094,0.3926410115552289,0.39508143289360464
D09,hard,30,370.0,2863.0941555978798,0.0,0.40183822129229885,0.0,0.33640102391802207,0.39508143289360464
D09,nohealth,30,281.6666666666667,2378.464739469935,0.22,0.29321027683421064,-0.22397490701041528,0.3095680581343707,0.6701000660559574
D10,full,1,350.6666666666667,3231.142681930565,0.52,0.1367222971284927,-0.2077552858513058,0.24290295819620566,0.6003104586770399
D10,hard,1,603.3333333333333,5897.104106559135,0.0,0.5351394762717974,0.0,0.31806477575805436,0.33736652892105395
D10,nohealth,1,323.3333333333333,2936.3829830735453,0.48,0.1278216961350671,-0.2084838588116625,0.23809892297095125,0.5866987910034287
D10,full,2,512.3333333333334,4642.461567993487,0.66,0.3214293012487053,-0.1973540554575715,0.3788707385483845,0.344479135840777
D10,hard,2,1406.0,16030.407078375105,0.0,0.8224908405565352,0.0,0.4119369955376768,0.3332705929508417
D10,nohealth,2,333.66666666666663,3098.793885478136,0.74,0.16626992334505886,-0.2334228738741546,0.3813888805955291,0.5814359323030651
D10,full,3,706.0000000000001,4740.411821878076,0.1,0.43765929373656465,-0.03259308519024634,0.29873930589755415,0.3304679274121517
D10,hard,3,557.0,4246.28071044317,0.0,0.502791210581482,0.0,0.3140143364015079,0.3304679274121517
D10,nohealth,3,317.66666666666663,2735.5845121267075,0.4,0.36817945129420404,-0.16979239574867255,0.23770747824414007,0.5762476812846916
D10,full,4,635.3333333333334,4919.254977413422,0.02,0.3477496229062893,-0.09314711173669243,0.38727566064297525,0.31291517997697577
D10,hard,4,424.0,3807.243789210059,0.0,0.4787895614059081,0.0,0.39956853881982357,0.31291517997697577
D10,nohealth,4,388.0,2929.79880039294,0.26,0.2522699085878919,-0.2405713054046074,0.391335757319331,0.6188753908230774
D10,full,5,711.3333333333335,5755.951337620234,0.16,0.2338192986093246,-0.2036714035534552,0.38716791724576016,0.3974786887810742
D10,hard,5,591.3333333333334,5693.935759587056,0.0,0.555782802238689,0.0,0.4160975926788115,0.3974786887810742
D10,nohealth,5,410.0,3293.77089786066,0.58,0.3270318813624651,-0.12999061705047335,0.30259715702840584,0.5352538526877517
D10,full,6,763.3333333333334,5717.876213953846,0.36,0.5015406269780316,-0.11837946540686187,0.42893798944862094,0.3686223122449249
D10,hard,6,962.6666666666669,10144.016833512,0.0,0.8066892003262112,0.0,0.44108612618854937,0.3686223122449249
D10,nohealth,6,412.0,3162.080899707155,0.68,0.317708048319876,-0.1483861113762329,0.35326348620110837,0.5727769212043543
D10,full,7,336.66666666666663,3104.2853521440247,0.66,0.30392969035542605,-0.1897562684760375,0.4072017530908054,0.5942289607594167
D10,hard,7,954.6666666666666,10136.806078288591,0.0,0.7151066904697505,0.0,0.4800387897348607,0.305368315519731
D10,nohealth,7,354.3333333333333,2805.976364064776,0.72,0.30991856252273453,-0.1825769998421463,0.34934757535218164,0.5730614572188943
D10,full,8,527.3333333333334,4683.8980579448,0.02,0.42755680177501487,-0.06516890256234605,0.4042207869619565,0.35376950294304554
D10,hard,8,445.0,3945.3964714189024,0.0,0.49023015517424784,0.0,0.37753580680840504,0.35376950294304554
D10,nohealth,8,299.66666666666663,2665.001345327475,0.32,0.34921512944052746,-0.1404187451620671,0.3528761864637239,0.5937623753392793
D10,full,9,627.6666666666666,4726.508875820385,0.02,0.2856059223169185,-0.069365175836124,0.2683530020868098,0.3774380405289428
D10,hard,9,479.66666666666663,3841.6459983103555,0.0,0.40914058013275745,0.0,0.3432003324077868,0.3774380405289428
D10,nohealth,9,307.0,2927.599904920984,0.28,0.2506838011425736,-0.17253486656144754,0.2722236014068521,0.6248626636564666
D10,full,10,639.6666666666667,4921.276238375812,0.3,0.46900932526004957,-0.1393099328147361,0.43027613687881316,0.38577932552373867
D10,hard,10,610.0,6279.470106713014,0.0,0.6898647277392982,0.0,0.43730424268567336,0.3691009917952615
D10,nohealth,10,337.0,2854.4872346888433,0.6,0.2722623980937675,-0.15882352613667483,0.20821971805699524,0.5805220359281286
D10,full,11,326.6666666666667,2953.8086748614023,0.6,0.34995252857200265,-0.16018941196114742,0.35576169666884494,0.578821177928018
D10,hard,11,742.6666666666667,7356.438878034201,0.0,0.6446520111328335,0.0,0.41336120662474574,0.38321828583424916
D10,nohealth,11,371.3333333333333,3018.1203642155606,0.6,0.3262428017522545,-0.13349608512968933,0.34180345059838824,0.53879092786329
D10,full,12,722.6666666666666,6217.618736539185,0.16,0.5272542107784297,-0.14866845167461892,0.28266158171167355,0.3556335536421309
D10,hard,12,690.0,7407.829632706784,0.0,0.6946278681892706,0.0,0.29288442599762043,0.3556335536421309
D10,nohealth,12,293.6666666666667,3113.533784604438,0.62,0.2558829949515684,-0.21006654028682106,0.20009478971689054,0.5697994757588247
D10,full,13,722.3333333333334,4990.799233300368,0.08,0.4121024299092111,-0.13027409460551545,0.4220639212368439,0.3326532858142075
D10,hard,13,494.33333333333337,4801.58650497956,0.0,0.5708244727223817,0.0,0.4374126074759265,0.3326532858142075
D10,nohealth,13,329.6666666666667,2998.161414489088,0.42,0.3084948427032821,-0.1989836762296963,0.2546724109344385,0.5854006648413711
D10,full,14,469.33333333333337,3633.161411466514,0.0,0.5435627784912875,0.0,0.2927932131942703,0.44340316020107184
D10,hard,14,365.6666666666667,2929.4457849515115,0.0,0.5248838256347597,0.0,0.3399652095712915,0.44340316020107184
D10,nohealth,14,343.66666666666663,2523.4341957818187,0.2,0.4900274058755991,-0.18675543803717953,0.304841399899184,0.6207462971544888
D10,full,15,594.0000000000001,4344.231535071725,0.02,0.3356194871462146,-0.08189254884235049,0.39847084929182586,0.3770446367191773
D10,hard,15,418.33333333333337,3560.042193176468,0.0,0.3821314338987287,0.0,0.4020316039884493,0.3770446367191773
D10,nohealth,15,291.6666666666667,2571.632646934674,0.32,0.22750838427666387,-0.14448891952462273,0.3187637791936919,0.5813584874109912
D10,full,16,470.0,3280.767058265539,0.02,0.3294143787954329,-0.3552325181087682,0.39743707953370433,0.7296949196397274
D10,hard,16,337.0,2788.902228370499,0.0,0.31874897660803914,0.0,0.36955800597867405,0.3744624015309592
D10,nohealth,16,295.66666666666663,2726.285645053661,0.1,0.2978012858399841,-0.22670721400915483,0.39005941618941486,0.601169615540114
D10,full,17,472.3333333333333,4201.461541922202,0.12,0.5300240348209078,-0.009724130852153207,0.3950130618873804,0.48587064865182744
D10,hard,17,437.6666666666667,4111.194533436098,0.0,0.5167297415828549,0.0,0.38638454431961866,0.48587064865182744
D10,nohealth,17,349.0,2704.700415023701,0.4,0.3701286559524788,-0.10027355147833288,0.34170270595010666,0.5906934260081548
D10,full,18,488.0,4210.658676670744,0.26,0.44862829455309394,-0.09496207814222232,0.443372960901821,0.30815374471785045
D10,hard,18,579.3333333333334,5652.754742783203,0.0,0.6491983688043583,0.0,0.45869358883137346,0.30815374471785045
D10,nohealth,18,388.99999999999994,3137.91375499388,0.5,0.3225261112575526,-0.18351048005361886,0.4215085061915007,0.5372121628293755
D10,full,19,753.6666666666666,5111.990081679688,0.06,0.3583833305527069,-0.1361766502700714,0.3623942477016493,0.32891379403208776
D10,hard,19,475.3333333333333,4575.617350264151,0.0,0.516009694479798,0.0,0.3979136707397881,0.32891379403208776
D10,nohealth,19,318.33333333333337,2777.529110759294,0.42,0.2285351851379036,-0.22296061388711863,0.3072361418728343,0.6018377385769383
D10,full,20,698.6666666666667,4799.1700152914145,0.1,0.26946571194033697,-0.17936372543385165,0.39671588005614855,0.48607668014171
D10,hard,20,470.6666666666667,4380.851913831055,0.0,0.5307822272391978,0.0,0.4117297355501055,0.35424746355668935
D10,nohealth,20,352.6666666666667,3114.883266373545,0.46,0.2682010186526842,-0.12644799830446996,0.3190253962808939,0.5535362612232493
D10,full,21,690.3333333333334,5800.442223568022,0.22,0.2402804448493967,-0.2404294145999306,0.40457826924198903,0.38830149859873647
D10,hard,21,706.3333333333333,6900.149167691258,0.0,0.6825787580795206,0.0,0.4045461255673516,0.31815856488737027
D10,nohealth,21,318.66666666666663,2897.747582330049,0.6,0.2824714422191572,-0.19038893729303474,0.3506702364746641,0.5817936329173788
D10,full,22,482.6666666666667,3959.393598160485,0.02,0.463825384957228,-0.07010269836220505,0.38617275548980434,0.35313950136892125
D10,hard,22,416.66666666666674,3596.537765780843,0.0,0.5720713632029142,0.0,0.4100961392863556,0.35313950136892125
D10,nohealth,22,342.6666666666667,2630.9217715860123,0.32,0.39669110776406225,-0.21279933746746152,0.329441135278461,0.6105147149478974
D10,full,23,727.0000000000001,5572.134928501801,0.1,0.5531364447661169,-0.07411900791093073,0.4315639064610661,0.34825945167242234
D10,hard,23,588.0,5798.295083783453,0.0,0.6039495545677871,0.0,0.39956885346244786,0.34825945167242234
D10,nohealth,23,300.0,3123.147442173091,0.52,0.3885464536127827,-0.15249110075035466,0.34107143475613333,0.5620587057418344
D10,full,24,418.00000000000006,3607.533840235915,0.5,0.39460769218948366,-0.1732269056531507,0.2157387071312361,0.3114411477067004
D10,hard,24,747.3333333333333,6870.744358611576,0.0,0.6621144774779053,0.0,0.2812669178988867,0.3114411477067004
D10,nohealth,24,330.66666666666663,2946.2589235420637,0.58,0.35739495571603586,-0.20810251382013475,0.17056995749946402,0.598384372389211
D10,full,25,542.3333333333334,4215.240533384095,0.28,0.45895605275222784,-0.07127427573365618,0.4008575056072089,0.33933236306137127
D10,hard,25,558.3333333333334,5392.056940633772,0.0,0.6060843803133322,0.0,0.4598396995260753,0.33933236306137127
D10,nohealth,25,419.66666666666674,3071.9634112206636,0.42,0.27628712723767346,-0.19893957827019823,0.3785427058140801,0.6150418897463544
D10,full,26,489.66666666666663,4000.7391893772055,0.12,0.3004054619124725,-0.15387370813611284,0.44577120630900746,0.31756870651411206
D10,hard,26,494.0,4181.800756656788,0.0,0.5010180309452701,0.0,0.42175752779118314,0.31756870651411206
D10,nohealth,26,325.33333333333337,2819.29836113958,0.42,0.27292310978666934,-0.25036467078362445,0.35794042761419587,0.5808668538231316
D10,full,27,561.6666666666666,4546.866612301496,0.0,0.44775293620830414,0.0,0.3679282563525462,0.34685187903458786
D10,hard,27,424.6666666666667,3820.1266716396062,0.0,0.45964119069566967,0.0,0.4188561991872056,0.34685187903458786
D10,nohealth,27,353.66666666666674,3083.9761817151657,0.26,0.1949115834237538,-0.29720589650192364,0.3693383147841678,0.6418575387627512
D10,full,28,505.6666666666667,4392.134323146904,0.18,0.45710252127830153,-0.05631814546066202,0.29325611231970306,0.35235442692026164
D10,hard,28,489.0000000000001,5027.377920214177,0.0,0.5012631967236181,0.0,0.306286175692405,0.35235442692026164
D10,nohealth,28,387.0,2953.6378706361825,0.4,0.25487840906358006,-0.13966973136734268,0.2558505779070219,0.5679330201448055
D10,full,29,577.6666666666667,4168.095063471828,0.14,0.2424443515389909,-0.1334839125487776,0.3560223261715064,0.3289583632499094
D10,hard,29,515.0,4361.845994078242,0.0,0.4450542139387279,0.0,0.3880262147406931,0.3289583632499094
D10,nohealth,29,283.0,2540.576486778587,0.42,0.2920537347892256,-0.11296605653734108,0.29475511596753845,0.5964646753007145
D10,full,30,336.3333333333333,2676.1902549548863,0.08,0.36635141802423354,-0.10404707606748753,0.4056141938913511,0.39508143289360464
D10,hard,30,370.0,2863.0941555978798,0.0,0.3893769594639993,0.0,0.3494251016614529,0.39508143289360464
D10,nohealth,30,281.6666666666667,2378.464739469935,0.22,0.2743588023435628,-0.21080715254462573,0.3226595753280168,0.6569481078535124
D11,full,1,350.6666666666667,3231.142681930565,0.52,0.1384060101181599,-0.18440144827825627,0.2663746098626645,0.5758244298955391
D11,hard,1,603.3333333333333,5897.104106559135,0.0,0.5317061026846892,0.0,0.34590254487916794,0.33736652892105395
D11,nohealth,1,323.3333333333333,2936.3829830735453,0.48,0.12713136971734107,-0.18523631820994085,0.26128404665654414,0.5613993554531018
D11,full,2,512.3333333333334,4642.461567993487,0.66,0.36111357449679815,-0.18083933424886592,0.4066481537664446,0.344479135840777
D11,hard,2,1406.0,16030.407078375105,0.0,0.8207803742192754,0.0,0.4417193591021683,0.3332705929508417
D11,nohealth,2,333.66666666666663,3098.793885478136,0.74,0.19364543529354838,-0.21208400751560474,0.4092828468237649,0.5558492599246593
D11,full,3,706.0000000000001,4740.411821878076,0.1,0.44370918766496326,-0.027628507549083664,0.3258247834501523,0.3304679274121517
D11,hard,3,557.0,4246.28071044317,0.0,0.49056319769264656,0.0,0.3420061025082247,0.3304679274121517
D11,nohealth,3,317.66666666666663,2735.5845121267075,0.4,0.3658473005808729,-0.14626655606941621,0.26123280838637175,0.5503443569449303
D11,full,4,635.3333333333334,4919.254977413422,0.02,0.35078682879420797,-0.09125285948793882,0.41348520232089025,0.31291517997697577
D11,hard,4,424.0,3807.243789210059,0.0,0.46208753832114424,0.0,0.4248855697971179,0.31291517997697577
D11,nohealth,4,388.0,2929.79880039294,0.26,0.2659915081130231,-0.2189764724412541,0.41775103270869285,0.595572621725237
D11,full,5,711.3333333333335,5755.951337620234,0.16,0.24264913107985664,-0.19594741840589214,0.41532847036070253,0.3974786887810742
D11,hard,5,591.3333333333334,5693.935759587056,0.0,0.5516491129064813,0.0,0.4459168127150429,0.3974786887810742
D11,nohealth,5,410.0,3293.77089786066,0.58,0.34392137349222196,-0.10494300995844848,0.32633857275738665,0.5069460884371857
D11,full,6,763.3333333333334,5717.876213953846,0.36,0.4771251820638982,-0.10690154476087979,0.45873550389822815,0.3686223122449249
D11,hard,6,962.6666666666669,10144.016833512,0.0,0.7943195425547693,0.0,0.4716285182852282,0.3686223122449249
D11,nohealth,6,412.0,3162.080899707155,0.68,0.35194761908558103,-0.12591459798319912,0.37868765744994237,0.5466503317088308
D11,full,7,336.66666666666663,3104.2853521440247,0.66,0.32752058389645256,-0.16669326711982424,0.43292609721442055,0.5693353460833234
D11,hard,7,954.6666666666666,10136.806078288591,0.0,0.714048127890551,0.0,0.5100191433794752,0.305368315519731
D11,nohealth,7,354.3333333333333,2805.976364064776,0.72,0.33962574791978484,-0.1592245924583922,0.3717373535324603,0.5470373998691476
D11,full,8,527.3333333333334,4683.8980579448,0.02,0.41233938562056704,-0.06422610087777043,0.4320933752603249,0.35376950294304554
D11,hard,8,445.0,3945.3964714189024,0.0,0.47173259864233974,0.0,0.40386057780097706,0.35376950294304554
D11,nohealth,8,299.66666666666663,2665.001345327475,0.32,0.3520120894680112,-0.1171482242026081,0.37775271851770753,0.5689499889432698
D11,full,9,627.6666666666666,4726.508875820385,0.02,0.2726065239907278,-0.06808437069800137,0.29637592741994545,0.3774380405289428
D11,hard,9,479.66666666666663,3841.6459983103555,0.0,0.3972715351327363,0.0,0.3708683341591896,0.3774380405289428
D11,nohealth,9,307.0,2927.599904920984,0.28,0.2447159128509533,-0.1506668676334086,0.29578900868320457,0.6019694745818217
D11,full,10,639.6666666666667,4921.276238375812,0.3,0.45307559536591513,-0.12993112631737883,0.4583580444823522,0.38577932552373867
D11,hard,10,610.0,6279.470106713014,0.0,0.6815805471469807,0.0,0.46579249238976983,0.3691009917952615
D11,nohealth,10,337.0,2854.4872346888433,0.6,0.2779811688185021,-0.1366832987142569,0.22327955292778834,0.5548457210457062
D11,full,11,326.6666666666667,2953.8086748614023,0.6,0.36044653408319505,-0.13825193109077757,0.38346014383092875,0.553091341936422
D11,hard,11,742.6666666666667,7356.438878034201,0.0,0.6408632489755828,0.0,0.4414398178747241,0.38321828583424916
D11,nohealth,11,371.3333333333333,3018.1203642155606,0.6,0.34246261042114257,-0.10993356873000797,0.3687040366722476,0.5107194055012559
D11,full,12,722.6666666666666,6217.618736539185,0.16,0.5102184405419026,-0.14153468538589645,0.3113106815476948,0.3556335536421309
D11,hard,12,690.0,7407.829632706784,0.0,0.6833613765050663,0.0,0.3221148064499571,0.3556335536421309
D11,nohealth,12,293.6666666666667,3113.533784604438,0.62,0.25067251234376275,-0.18657604473474784,0.22387636650734888,0.5436184698127116
D11,full,13,722.3333333333334,4990.799233300368,0.08,0.397415832648923,-0.12576406727977102,0.450183649891014,0.3326532858142075
D11,hard,13,494.33333333333337,4801.58650497956,0.0,0.5528766451692002,0.0,0.4664216186542883,0.3326532858142075
D11,nohealth,13,329.6666666666667,2998.161414489088,0.42,0.2875707134000456,-0.1750433510143222,0.27308190146660793,0.5600536332741287
D11,full,14,469.33333333333337,3633.161411466514,0.0,0.4965824888266559,0.0,0.31975347680878263,0.44340316020107184
D11,hard,14,365.6666666666667,2929.4457849515115,0.0,0.5088186216525814,0.0,0.36700596539874797,0.44340316020107184
D11,nohealth,14,343.66666666666663,2523.4341957818187,0.2,0.44718813170511296,-0.16638435426763254,0.3298171846417509,0.5975516003236931
D11,full,15,594.0000000000001,4344.231535071725,0.02,0.32921075129967803,-0.07980782400498969,0.42639592747062116,0.3770446367191773
D11,hard,15,418.33333333333337,3560.042193176468,0.0,0.3752287038755897,0.0,0.4301228762962197,0.3770446367191773
D11,nohealth,15,291.6666666666667,2571.632646934674,0.32,0.25108296241627337,-0.12127321726768152,0.34204974869009086,0.5557988286152842
D11,full,16,470.0,3280.767058265539,0.02,0.30468532980982643,-0.3513551997826052,0.4229142412117196,0.7258176013135644
D11,hard,16,337.0,2788.902228370499,0.0,0.29658579761906956,0.0,0.39343778081202285,0.3744624015309592
D11,nohealth,16,295.66666666666663,2726.285645053661,0.1,0.2784496983242528,-0.20228235797234606,0.41510906953362425,0.5767447595033053
D11,full,17,472.3333333333333,4201.461541922202,0.12,0.529505256590864,-0.004126752451500237,0.42262425924176605,0.48587064865182744
D11,hard,17,437.6666666666667,4111.194533436098,0.0,0.5037372976350418,0.0,0.4135042780234397,0.48587064865182744
D11,nohealth,17,349.0,2704.700415023701,0.4,0.38436881445896764,-0.07845786912449991,0.3662279831222881,0.5655928300218588
D11,full,18,488.0,4210.658676670744,0.26,0.45243346981093246,-0.08239260862809111,0.4710278924758158,0.30815374471785045
D11,hard,18,579.3333333333334,5652.754742783203,0.0,0.6352075461151399,0.0,0.48723350421621703,0.30815374471785045
D11,nohealth,18,388.99999999999994,3137.91375499388,0.5,0.31111645962959256,-0.16043870755555906,0.44789014579540964,0.5090516345729131
D11,full,19,753.6666666666666,5111.990081679688,0.06,0.3517041177690976,-0.13276168216952366,0.3880732566439,0.32891379403208776
D11,hard,19,475.3333333333333,4575.617350264151,0.0,0.505765681383721,0.0,0.4256272719392862,0.32891379403208776
D11,nohealth,19,318.33333333333337,2777.529110759294,0.42,0.2288497063007342,-0.20046741296509377,0.32971811397105133,0.577402936191174
D11,full,20,698.6666666666667,4799.1700152914145,0.1,0.2584739519491088,-0.17447807785089126,0.42409360425609066,0.48607668014171
D11,hard,20,470.6666666666667,4380.851913831055,0.0,0.5179688116415309,0.0,0.43996039692226907,0.35424746355668935
D11,nohealth,20,352.6666666666667,3114.883266373545,0.46,0.32181993918157015,-0.10115569306262313,0.3434692785764881,0.5263080832121008
D11,full,21,690.3333333333334,5800.442223568022,0.22,0.24533401749931683,-0.2310479627790106,0.43265555356965824,0.38830149859873647
D11,hard,21,706.3333333333333,6900.149167691258,0.0,0.6750992392194355,0.0,0.43261675663337573,0.31815856488737027
D11,nohealth,21,318.66666666666663,2897.747582330049,0.6,0.3058002737493035,-0.1673090153942586,0.3756011662548865,0.5562081028137049
D11,full,22,482.6666666666667,3959.393598160485,0.02,0.4345279689149246,-0.06937413281908165,0.4119068129788922,0.35313950136892125
D11,hard,22,416.66666666666674,3596.537765780843,0.0,0.5395696505077316,0.0,0.4371921086655093,0.35313950136892125
D11,nohealth,22,342.6666666666667,2630.9217715860123,0.32,0.3826764414931423,-0.18933300501320294,0.3518959922539381,0.5865948330268413
D11,full,23,727.0000000000001,5572.134928501801,0.1,0.5474089641287649,-0.06822212854745753,0.4616962361428716,0.34825945167242234
D11,hard,23,588.0,5798.295083783453,0.0,0.590709041185077,0.0,0.4278372397244229,0.34825945167242234
D11,nohealth,23,300.0,3123.147442173091,0.52,0.41724052476739537,-0.1274992600141339,0.36594421621314954,0.5354299722197293
D11,full,24,418.00000000000006,3607.533840235915,0.5,0.3553337320948733,-0.15666322279055625,0.24354041225229928,0.3114411477067004
D11,hard,24,747.3333333333333,6870.744358611576,0.0,0.6551412186250498,0.0,0.3128487898898378,0.3114411477067004
D11,nohealth,24,330.66666666666663,2946.2589235420637,0.58,0.33870618045135537,-0.18640797724211292,0.19574139281145642,0.5737488529729234
D11,full,25,542.3333333333334,4215.240533384095,0.28,0.4460119217248346,-0.06262474627353921,0.4269772857779617,0.33933236306137127
D11,hard,25,558.3333333333334,5392.056940633772,0.0,0.5972282776906654,0.0,0.4893411765913662,0.33933236306137127
D11,nohealth,25,419.66666666666674,3071.9634112206636,0.42,0.2869974975557894,-0.1798128012229635,0.40334931379739203,0.5914644198468889
D11,full,26,489.66666666666663,4000.7391893772055,0.12,0.29417250350611046,-0.14935479024661125,0.47334658577861566,0.31756870651411206
D11,hard,26,494.0,4181.800756656788,0.0,0.49308517123383333,0.0,0.447936099546858,0.31756870651411206
D11,nohealth,26,325.33333333333337,2819.29836113958,0.42,0.27131125844976767,-0.22772862562939827,0.3840506386275242,0.5552316541600169
D11,full,27,561.6666666666666,4546.866612301496,0.0,0.43423976106337037,0.0,0.39494226532111987,0.34685187903458786
D11,hard,27,424.6666666666667,3820.1266716396062,0.0,0.44641148579991685,0.0,0.44757118492329107,0.34685187903458786
D11,nohealth,27,353.66666666666674,3083.9761817151657,0.26,0.17719099673591776,-0.27819298210341964,0.396413735864797,0.6200782675094859
D11,full,28,505.6666666666667,4392.134323146904,0.18,0.4205062820353471,-0.04650123854542029,0.3205931081605258,0.35235442692026164
D11,hard,28,489.0000000000001,5027.377920214177,0.0,0.4886752322563168,0.0,0.33436491675364455,0.35235442692026164
D11,nohealth,28,387.0,2953.6378706361825,0.4,0.24395459235983763,-0.11661872801305118,0.28101053654919306,0.5415097596742298
D11,full,29,577.6666666666667,4168.095063471828,0.14,0.26122078796887904,-0.12657682071227733,0.3815851718108335,0.3289583632499094
D11,hard,29,515.0,4361.845994078242,0.0,0.4415601955959414,0.0,0.415434404162098,0.3289583632499094
D11,nohealth,29,283.0,2540.576486778587,0.42,0.3244824282878731,-0.08934765268985685,0.31677554815343323,0.571771158367815
D11,full,30,336.3333333333333,2676.1902549548863,0.08,0.3460519887184266,-0.09519002290833123,0.43175465327240614,0.39508143289360464
D11,hard,30,370.0,2863.0941555978798,0.0,0.369268968116395,0.0,0.3723188509593903,0.39508143289360464
D11,nohealth,30,281.6666666666667,2378.464739469935,0.22,0.25184295605472373,-0.18969890762936126,0.34401076358428173,0.6358672575034524
D12,full,1,350.6666666666667,3231.142681930565,0.52,0.16412082439519193,-0.23145371801294998,0.21911535575090002,0.6249785919891875
D12,hard,1,603.3333333333333,5897.104106559135,0.0,0.53936852839261,0.0,0.2904172623829253,0.33736652892105395
D12,nohealth,1,323.3333333333333,2936.3829830735453,0.48,0.1616350614348463,-0.2320730290591492,0.2145676075925097,0.6120762275991523
D12,full,2,512.3333333333334,4642.461567993487,0.66,0.29086027853232044,-0.21449485247243527,0.35128045959766663,0.344479135840777
D12,hard,2,1406.0,16030.407078375105,0.0,0.8245434404856347,0.0,0.3822342041152109,0.3332705929508417
D12,nohealth,2,333.66666666666663,3098.793885478136,0.74,0.15104573893672568,-0.2553153574660502,0.3537779086724194,0.6070491956659091
D12,full,3,706.0000000000001,4740.411821878076,0.1,0.45116280530806385,-0.03775846758720913,0.27180589969259783,0.3304679274121517
D12,hard,3,557.0,4246.28071044317,0.0,0.518616725703754,0.0,0.2862147446405866,0.3304679274121517
D12,nohealth,3,317.66666666666663,2735.5845121267075,0.4,0.3948218357617683,-0.19360616414920967,0.21389592307995897,0.6021433496734433
D12,full,4,635.3333333333334,4919.254977413422,0.02,0.34537947434442096,-0.09564812242608527,0.3609877960373432,0.31291517997697577
D12,hard,4,424.0,3807.243789210059,0.0,0.4992172022413184,0.0,0.37416208549327556,0.31291517997697577
D12,nohealth,4,388.0,2929.79880039294,0.26,0.24844802901632113,-0.26269704079760275,0.36496481855533813,0.6424960727775226
D12,full,5,711.3333333333335,5755.951337620234,0.16,0.22940544771678573,-0.2125114318633549,0.3592120438037485,0.3974786887810742
D12,hard,5,591.3333333333334,5693.935759587056,0.0,0.5606773303279919,0.0,0.3867187347333425,0.3974786887810742
D12,nohealth,5,410.0,3293.77089786066,0.58,0.28622506220240207,-0.15513515725694607,0.2785857674692569,0.563256685344223
D12,full,6,763.3333333333334,5717.876213953846,0.36,0.5321140496004084,-0.13055511451859295,0.3995983787465527,0.3686223122449249
D12,hard,6,962.6666666666669,10144.016833512,0.0,0.8229388679011094,0.0,0.4109334616499779,0.3686223122449249
D12,nohealth,6,412.0,3162.080899707155,0.68,0.2945272594487496,-0.1712715690077752,0.32777880418712046,0.5988794728762127
D12,full,7,336.66666666666663,3104.2853521440247,0.66,0.26223545951108584,-0.21318709372288006,0.3814866082159303,0.6192634626233186
D12,hard,7,954.6666666666666,10136.806078288591,0.0,0.716298963696822,0.0,0.45040140902660974,0.305368315519731
D12,nohealth,7,354.3333333333333,2805.976364064776,0.72,0.26907231725966474,-0.20623269570807873,0.3265321883233886,0.5990347044511414
D12,full,8,527.3333333333334,4683.8980579448,0.02,0.43129382560790286,-0.06661836960765606,0.376580545427768,0.35376950294304554
D12,hard,8,445.0,3945.3964714189024,0.0,0.5134662002380541,0.0,0.35127326522194247,0.35376950294304554
D12,nohealth,8,299.66666666666663,2665.001345327475,0.32,0.3286763830410284,-0.16401307827075043,0.32791168043547236,0.6186969020152928
D12,full,9,627.6666666666666,4726.508875820385,0.02,0.3037518280941398,-0.07117610329009627,0.24059657635114184,0.3774380405289428
D12,hard,9,479.66666666666663,3841.6459983103555,0.0,0.42453429530273623,0.0,0.3157628764909366,0.3774380405289428
D12,nohealth,9,307.0,2927.599904920984,0.28,0.2749668631563129,-0.19490004898143268,0.24835825189974203,0.6481142294982042
D12,full,10,639.6666666666667,4921.276238375812,0.3,0.49682947608796435,-0.14946271573203415,0.4023939904477225,0.38577932552373867
D12,hard,10,610.0,6279.470106713014,0.0,0.6999428048880325,0.0,0.40906131915866617,0.3691009917952615
D12,nohealth,10,337.0,2854.4872346888433,0.6,0.28966099154525504,-0.1814149445861021,0.19196257583328746,0.6062300193264196
D12,full,11,326.6666666666667,2953.8086748614023,0.6,0.31792316699138756,-0.18262590213401345,0.3283168400381101,0.6045539254266019
D12,hard,11,742.6666666666667,7356.438878034201,0.0,0.6490756319424276,0.0,0.3854544805173006,0.38321828583424916
D12,nohealth,11,371.3333333333333,3018.1203642155606,0.6,0.32229031160982324,-0.15734087889756587,0.3150415333542641,0.5665601575476884
D12,full,12,722.6666666666666,6217.618736539185,0.16,0.5480120789729215,-0.15645515264612614,0.25422571924987913,0.3556335536421309
D12,hard,12,690.0,7407.829632706784,0.0,0.7094169097779817,0.0,0.263967291654707,0.3556335536421309
D12,nohealth,12,293.6666666666667,3113.533784604438,0.62,0.2652598231402903,-0.23384494275791298,0.17606713532579943,0.5959066627471499
D12,full,13,722.3333333333334,4990.799233300368,0.08,0.4436283300635224,-0.13546653458283098,0.3942149040144284,0.3326532858142075
D12,hard,13,494.33333333333337,4801.58650497956,0.0,0.5934002889896433,0.0,0.40876886481578356,0.3326532858142075
D12,nohealth,13,329.6666666666667,2998.161414489088,0.42,0.33259366796658885,-0.22315302858265013,0.23533993653712115,0.6108056651090145
D12,full,14,469.33333333333337,3633.161411466514,0.0,0.5733202523264016,0.0,0.2659681947807676,0.44340316020107184
D12,hard,14,365.6666666666667,2929.4457849515115,0.0,0.5644356437944444,0.0,0.31307160404977896,0.44340316020107184
D12,nohealth,14,343.66666666666663,2523.4341957818187,0.2,0.4562652747576448,-0.20782262649383515,0.27978633619764126,0.644261816343813
D12,full,15,594.0000000000001,4344.231535071725,0.02,0.35023083381852516,-0.0845508365105967,0.37071278287015974,0.3770446367191773
D12,hard,15,418.33333333333337,3560.042193176468,0.0,0.3905189125840438,0.0,0.3742510694579594,0.3770446367191773
D12,nohealth,15,291.6666666666667,2571.632646934674,0.32,0.21984686522221786,-0.16802706920067875,0.2951567710665842,0.6069367740213074
D12,full,16,470.0,3280.767058265539,0.02,0.36277004693934867,-0.36085619733831,0.37191150825927577,0.7353185988692692
D12,hard,16,337.0,2788.902228370499,0.0,0.3460925975739406,0.0,0.34540115738827437,0.3744624015309592
D12,nohealth,16,295.66666666666663,2726.285645053661,0.1,0.31430924833313645,-0.25131923022707003,0.3649119928597945,0.6257816317580293
D12,full,17,472.3333333333333,4201.461541922202,0.12,0.530632975130461,-0.015441639355817327,0.3676196499901965,0.48587064865182744
D12,hard,17,437.6666666666667,4111.194533436098,0.0,0.5330658630357632,0.0,0.3594034421440654,0.48587064865182744
D12,nohealth,17,349.0,2704.700415023701,0.4,0.3636489378456642,-0.12258986407624763,0.3170174802190423,0.6159121785977301
D12,full,18,488.0,4210.658676670744,0.26,0.4576165933767047,-0.10791802263547719,0.4158944018897963,0.30815374471785045
D12,hard,18,579.3333333333334,5652.754742783203,0.0,0.6663111328250639,0.0,0.43043221353046757,0.30815374471785045
D12,nohealth,18,388.99999999999994,3137.91375499388,0.5,0.3416475899954097,-0.20692043100191587,0.39518951054642704,0.56506018203628
D12,full,19,753.6666666666666,5111.990081679688,0.06,0.3670928209045399,-0.14035906254700503,0.336644299937933,0.32891379403208776
D12,hard,19,475.3333333333333,4575.617350264151,0.0,0.5283626210079946,0.0,0.37042344985552056,0.32891379403208776
D12,nohealth,19,318.33333333333337,2777.529110759294,0.42,0.24238060255446348,-0.24589318142643735,0.2843072068129959,0.6264721633239713
D12,full,20,698.6666666666667,4799.1700152914145,0.1,0.2884490174117005,-0.18524618579178181,0.3694774465360967,0.48607668014171
D12,hard,20,470.6666666666667,4380.851913831055,0.0,0.5464672227495806,0.0,0.38378633696495745,0.35424746355668935
D12,nohealth,20,352.6666666666667,3114.883266373545,0.46,0.2511841531750316,-0.15179933798977158,0.29438132576229215,0.5805826826598001
D12,full,21,690.3333333333334,5800.442223568022,0.22,0.23945803426683154,-0.2509817259127455,0.3766455823854521,0.38830149859873647
D12,hard,21,706.3333333333333,6900.149167691258,0.0,0.6915640785408739,0.0,0.37663647429532265,0.31815856488737027
D12,nohealth,21,318.66666666666663,2897.747582330049,0.6,0.2695912903178006,-0.2138148673466448,0.3256129590939598,0.6074148512119422
D12,full,22,482.6666666666667,3959.393598160485,0.02,0.46737188629185544,-0.07126098092553225,0.3603858340033743,0.35313950136892125
D12,hard,22,416.66666666666674,3596.537765780843,0.0,0.6151657940446067,0.0,0.38316906100210424,0.35313950136892125
D12,nohealth,22,342.6666666666667,2630.9217715860123,0.32,0.38423938386706924,-0.23657867298972804,0.3065334522526211,0.6346982273593884
D12,full,23,727.0000000000001,5572.134928501801,0.1,0.5677428350497957,-0.08039291655465312,0.40184945525541127,0.34825945167242234
D12,hard,23,588.0,5798.295083783453,0.0,0.620589919101475,0.0,0.3715592341423386,0.34825945167242234
D12,nohealth,23,300.0,3123.147442173091,0.52,0.377089596461045,-0.17758197464460126,0.3160807847203717,0.5885472383740971
D12,full,24,418.00000000000006,3607.533840235915,0.5,0.4310276032132494,-0.19039769642640603,0.18816140270001325,0.3114411477067004
D12,hard,24,747.3333333333333,6870.744358611576,0.0,0.6715813184093637,0.0,0.25037372102038014,0.3114411477067004
D12,nohealth,24,330.66666666666663,2946.2589235420637,0.58,0.3951854210080099,-0.23029292028466228,0.14530935806467682,0.623196291108976
D12,full,25,542.3333333333334,4215.240533384095,0.28,0.44995643380217043,-0.0803703232700952,0.37468706023543985,0.33933236306137127
D12,hard,25,558.3333333333334,5392.056940633772,0.0,0.6167715479537805,0.0,0.43076801626194927,0.33933236306137127
D12,nohealth,25,419.66666666666674,3071.9634112206636,0.42,0.26964575038336225,-0.21881397179469983,0.35360286454647594,0.6389128950569948
D12,full,26,489.66666666666663,4000.7391893772055,0.12,0.3162366908001837,-0.15915548923275924,0.4183713724920599,0.31756870651411206
D12,hard,26,494.0,4181.800756656788,0.0,0.5105378792111022,0.0,0.3956241621942851,0.31756870651411206
D12,nohealth,26,325.33333333333337,2819.29836113958,0.42,0.28238630168107437,-0.27340556680479333,0.3318975889741901,0.606534505944733
D12,full,27,561.6666666666666,4546.866612301496,0.0,0.464232269919467,0.0,0.341013689609877,0.34685187903458786
D12,hard,27,424.6666666666667,3820.1266716396062,0.0,0.47570293107756356,0.0,0.39049623098742126,0.34685187903458786
D12,nohealth,27,353.66666666666674,3083.9761817151657,0.26,0.2197085299858701,-0.31706726205241864,0.34242497544211203,0.6641386040399574
D12,full,28,505.6666666666667,4392.134323146904,0.18,0.47944568685931555,-0.06651726002562314,0.2660388695437723,0.35235442692026164
D12,hard,28,489.0000000000001,5027.377920214177,0.0,0.5175132621175438,0.0,0.2788848856641012,0.35235442692026164
D12,nohealth,28,387.0,2953.6378706361825,0.4,0.3048769530871014,-0.16306990086296844,0.2305819642914908,0.594307907972376
D12,full,29,577.6666666666667,4168.095063471828,0.14,0.22298637450749692,-0.14136440338873552,0.33039751315871,0.3289583632499094
D12,hard,29,515.0,4361.845994078242,0.0,0.44917830162609285,0.0,0.3607880825259123,0.3289583632499094
D12,nohealth,29,283.0,2540.576486778587,0.42,0.2672180431332367,-0.13686162749115666,0.2722270129554576,0.6212929528617596
D12,full,30,336.3333333333333,2676.1902549548863,0.08,0.3845705860573052,-0.11340209510735233,0.37950898640850617,0.39508143289360464
D12,hard,30,370.0,2863.0941555978798,0.0,0.41495002947153004,0.0,0.3261616687795247,0.39508143289360464
D12,nohealth,30,281.6666666666667,2378.464739469935,0.22,0.3099101823163626,-0.23253565069610493,0.3007358881168408,0.6786487180609033
D13,full,1,350.6666666666667,3231.142681930565,0.52,0.432346110612432,-0.433523543978664,0.01575001634254658,0.8384733292390255
D13,hard,1,603.3333333333333,5897.104106559135,0.0,0.649518866184204,0.0,0.04408788078808701,0.33736652892105395
D13,nohealth,1,323.3333333333333,2936.3829830735453,0.48,0.43181188291255745,-0.43323580884690205,0.013994723728551373,0.8336641980862946
D13,full,2,512.3333333333334,4642.461567993487,0.66,0.2842882891363234,-0.35391367710862376,0.1055097364596721,0.344479135840777
D13,hard,2,1406.0,16030.407078375105,0.0,0.8671421812636344,0.0,0.1198243120232162,0.3332705929508417
D13,nohealth,2,333.66666666666663,3098.793885478136,0.74,0.20554719779332564,-0.43778070458163054,0.10611190576843565,0.8316282421101763
D13,full,3,706.0000000000001,4740.411821878076,0.1,0.5628497683156872,-0.07955541368113572,0.032433660553002674,0.3304679274121517
D13,hard,3,557.0,4246.28071044317,0.0,0.5592398393256235,0.0,0.03851481111227417,0.3304679274121517
D13,nohealth,3,317.66666666666663,2735.5845121267075,0.4,0.42689412427321316,-0.3977023072615644,0.009788773313966326,0.8298159480540218
D13,full,4,635.3333333333334,4919.254977413422,0.02,0.586668439997476,-0.10677780646722641,0.1436928811344721,0.31291517997697577
D13,hard,4,424.0,3807.243789210059,0.0,0.5986631806921756,0.0,0.15252331092870874,0.31291517997697577
D13,nohealth,4,388.0,2929.79880039294,0.26,0.4902774345450329,-0.4476179121287662,0.133526404315509,0.8443596709477088
D13,full,5,711.3333333333335,5755.951337620234,0.16,0.4833304488042678,-0.27023629883130196,0.10991538824216995,0.3974786887810742
D13,hard,5,591.3333333333334,5693.935759587056,0.0,0.6817968679547446,0.0,0.12070602296506505,0.3974786887810742
D13,nohealth,5,410.0,3293.77089786066,0.58,0.448000820419979,-0.3743383426173659,0.0724322567676896,0.8147579529872808
D13,full,6,763.3333333333334,5717.876213953846,0.36,0.33927296138191143,-0.22506621588974549,0.1336169617820211,0.3686223122449249
D13,hard,6,962.6666666666669,10144.016833512,0.0,0.7176365643384879,0.0,0.13902668495120707,0.3686223122449249
D13,nohealth,6,412.0,3162.080899707155,0.68,0.19206243375330811,-0.3649584637585027,0.10493586952159173,0.8286627041041966
D13,full,7,336.66666666666663,3104.2853521440247,0.66,0.2944004530993951,-0.4124903330434477,0.15537261741954778,0.836714104267311
D13,hard,7,954.6666666666666,10136.806078288591,0.0,0.7488277375166992,0.0,0.1838579793207158,0.305368315519731
D13,nohealth,7,354.3333333333333,2805.976364064776,0.72,0.3089810747017363,-0.4086653583358891,0.1336694826712077,0.8281603385245735
D13,full,8,527.3333333333334,4683.8980579448,0.02,0.557274898257968,-0.07029768438110577,0.12956268373935909,0.35376950294304554
D13,hard,8,445.0,3945.3964714189024,0.0,0.5726667619796271,0.0,0.1194015883901196,0.35376950294304554
D13,nohealth,8,299.66666666666663,2665.001345327475,0.32,0.4752242414385044,-0.36553970919327056,0.11013024518921821,0.8356041984702534
D13,full,9,627.6666666666666,4726.508875820385,0.02,0.5801478445612471,-0.07761214617745844,0.006456871503769501,0.3774380405289428
D13,hard,9,479.66666666666663,3841.6459983103555,0.0,0.5216230488606592,0.0,0.07055900924846781,0.3774380405289428
D13,nohealth,9,307.0,2927.599904920984,0.28,0.4742695116817697,-0.3825275781179298,0.04402362545839289,0.8460112490330557
D13,full,10,639.6666666666667,4921.276238375812,0.3,0.4785650847952705,-0.22483670431688219,0.15383306509297934,0.38577932552373867
D13,hard,10,610.0,6279.470106713014,0.0,0.7198199161881391,0.0,0.15651590522011383,0.3691009917952615
D13,nohealth,10,337.0,2854.4872346888433,0.6,0.32451098230621067,-0.37185244009219426,0.0705188407512849,0.8315505753612136
D13,full,11,326.6666666666667,2953.8086748614023,0.6,0.3818076401709074,-0.370847350081047,0.10494163856255156,0.8306061048021082
D13,hard,11,742.6666666666667,7356.438878034201,0.0,0.7252116018549606,0.0,0.13717586535986137,0.38321828583424916
D13,nohealth,11,371.3333333333333,3018.1203642155606,0.6,0.3881086227898882,-0.3618106482307304,0.07741567428778984,0.8159616709641883
D13,full,12,722.6666666666666,6217.618736539185,0.16,0.6145689977770346,-0.21320286194740165,0.0005586075312341565,0.3556335536421309
D13,hard,12,690.0,7407.829632706784,0.0,0.8208192924822517,0.0,0.004283768546186062,0.3556335536421309
D13,nohealth,12,293.6666666666667,3113.533784604438,0.62,0.3070433187197519,-0.4376307281226468,-0.03065643254349737,0.8266204583807107
D13,full,13,722.3333333333334,4990.799233300368,0.08,0.5311597548294771,-0.16889250580930176,0.14467684011796156,0.3326532858142075
D13,hard,13,494.33333333333337,4801.58650497956,0.0,0.6056450691490989,0.0,0.150557635974234,0.3326532858142075
D13,nohealth,13,329.6666666666667,2998.161414489088,0.42,0.4128802258208699,-0.43142642079283006,0.08197086435608558,0.8329939047644318
D13,full,14,469.33333333333337,3633.161411466514,0.0,0.4970214203098302,0.0,0.05282244942424086,0.44340316020107184
D13,hard,14,365.6666666666667,2929.4457849515115,0.0,0.492173568753967,0.0,0.07413704233399965,0.44340316020107184
D13,nohealth,14,343.66666666666663,2523.4341957818187,0.2,0.38212328137770735,-0.38048945073164137,0.06105378084613333,0.8451493806154103
D13,full,15,594.0000000000001,4344.231535071725,0.02,0.6299497930170244,-0.09765582579164622,0.12382749744420929,0.3770446367191773
D13,hard,15,418.33333333333337,3560.042193176468,0.0,0.6453696153660193,0.0,0.12459926871759464,0.3770446367191773
D13,nohealth,15,291.6666666666667,2571.632646934674,0.32,0.5132501298730618,-0.3690844313798365,0.09346919288074407,0.8313508338681712
D13,full,16,470.0,3280.767058265539,0.02,0.28191614916463226,-0.37905328173632236,0.14849298678834233,0.7535156832672816
D13,hard,16,337.0,2788.902228370499,0.0,0.3148846201046216,0.0,0.13809646236305684,0.3744624015309592
D13,nohealth,16,295.66666666666663,2726.285645053661,0.1,0.398418909367674,-0.4642305176050133,0.14569843358437862,0.8386929191359725
D13,full,17,472.3333333333333,4201.461541922202,0.12,0.5531235172850748,-0.06353197108418493,0.12303087259122147,0.48587064865182744
D13,hard,17,437.6666666666667,4111.194533436098,0.0,0.5974376239286217,0.0,0.1198523521681204,0.48587064865182744
D13,nohealth,17,349.0,2704.700415023701,0.4,0.32704186175633976,-0.309726381452179,0.10297652112895916,0.8353880720456792
D13,full,18,488.0,4210.658676670744,0.26,0.4100136327811197,-0.21484893593805926,0.17129772167215152,0.30815374471785045
D13,hard,18,579.3333333333334,5652.754742783203,0.0,0.5705463899921297,0.0,0.17713097349531204,0.30815374471785045
D13,nohealth,18,388.99999999999994,3137.91375499388,0.5,0.287916291694035,-0.4065701664510388,0.16281438247761826,0.815336607312238
D13,full,19,753.6666666666666,5111.990081679688,0.06,0.49911089132241493,-0.16339035573920915,0.11165697338387015,0.32891379403208776
D13,hard,19,475.3333333333333,4575.617350264151,0.0,0.5231370677130738,0.0,0.124884039522282,0.32891379403208776
D13,nohealth,19,318.33333333333337,2777.529110759294,0.42,0.4523876466636618,-0.43953958977291835,0.09082850005263066,0.8393575853144788
D13,full,20,698.6666666666667,4799.1700152914145,0.1,0.42562604276232663,-0.21911522489387314,0.12765349802961912,0.48607668014171
D13,hard,20,470.6666666666667,4380.851913831055,0.0,0.5188840021114545,0.0,0.1331231238746624,0.35424746355668935
D13,nohealth,20,352.6666666666667,3114.883266373545,0.46,0.3972815670606429,-0.37349703166209125,0.0814212646653859,0.8214785673481764
D13,full,21,690.3333333333334,5800.442223568022,0.22,0.37001131803862686,-0.32277195668163344,0.12862662556275284,0.38830149859873647
D13,hard,21,706.3333333333333,6900.149167691258,0.0,0.6945206165238942,0.0,0.128527089413086,0.31815856488737027
D13,nohealth,21,318.66666666666663,2897.747582330049,0.6,0.317900120483424,-0.41346504971397885,0.10770230284730875,0.8319011825617472
D13,full,22,482.6666666666667,3959.393598160485,0.02,0.4624725950751294,-0.07375721255674318,0.13475054621235605,0.35313950136892125
D13,hard,22,416.66666666666674,3596.537765780843,0.0,0.5176359362052259,0.0,0.14355177074188408,0.35313950136892125
D13,nohealth,22,342.6666666666667,2630.9217715860123,0.32,0.4024228253267965,-0.43992406417611224,0.11334628177999828,0.8424775054077446
D13,full,23,727.0000000000001,5572.134928501801,0.1,0.5205388516630862,-0.12878007094871766,0.13328990210920422,0.34825945167242234
D13,hard,23,588.0,5798.295083783453,0.0,0.620350311377539,0.0,0.12082352569684474,0.34825945167242234
D13,nohealth,23,300.0,3123.147442173091,0.52,0.3051230564900831,-0.3962760755992618,0.09860399639813444,0.8237983525455855
D13,full,24,418.00000000000006,3607.533840235915,0.5,0.39522544939201243,-0.33041911552231995,0.0,0.3114411477067004
D13,hard,24,747.3333333333333,6870.744358611576,0.0,0.70539022849228,0.0,0.0,0.3114411477067004
D13,nohealth,24,330.66666666666663,2946.2589235420637,0.58,0.29722419689386115,-0.41640823778703734,-0.07505246758810535,0.8380563987291879
D13,full,25,542.3333333333334,4215.240533384095,0.28,0.44875236652410533,-0.15231246876679733,0.14564258521991613,0.33933236306137127
D13,hard,25,558.3333333333334,5392.056940633772,0.0,0.5979747657528203,0.0,0.16764324356440108,0.33933236306137127
D13,nohealth,25,419.66666666666674,3071.9634112206636,0.42,0.3372981200924472,-0.3800793730878506,0.1368471576855146,0.8434117385890425
D13,full,26,489.66666666666663,4000.7391893772055,0.12,0.5534303405373819,-0.19192841800036178,0.17448120268195078,0.31756870651411206
D13,hard,26,494.0,4181.800756656788,0.0,0.5724897006962122,0.0,0.16519179724167632,0.31756870651411206
D13,nohealth,26,325.33333333333337,2819.29836113958,0.42,0.4044422828822596,-0.4686207853403078,0.11377986181138444,0.8314866728910145
D13,full,27,561.6666666666666,4546.866612301496,0.0,0.600005622032096,0.0,0.11496818116194696,0.34685187903458786
D13,hard,27,424.6666666666667,3820.1266716396062,0.0,0.5958558252728261,0.0,0.13496166018910627,0.34685187903458786
D13,nohealth,27,353.66666666666674,3083.9761817151657,0.26,0.5313435773691271,-0.47641577594557627,0.1030501211765612,0.8509446136116156
D13,full,28,505.6666666666667,4392.134323146904,0.18,0.5001113853244461,-0.14930119732115363,0.028484598233971647,0.35235442692026164
D13,hard,28,489.0000000000001,5027.377920214177,0.0,0.5595408766221102,0.0,0.03988481596687743,0.35235442692026164
D13,nohealth,28,387.0,2953.6378706361825,0.4,0.3858507340182349,-0.3624372857778143,0.010498119064139888,0.8269190410254614
D13,full,29,577.6666666666667,4168.095063471828,0.14,0.49974942620304086,-0.1932079242865344,0.10634933556747483,0.3289583632499094
D13,hard,29,515.0,4361.845994078242,0.0,0.5901034920406836,0.0,0.1184168311690531,0.3289583632499094
D13,nohealth,29,283.0,2540.576486778587,0.42,0.5015752111243987,-0.34186890305531725,0.08335542091622605,0.8370410891119566
D13,full,30,336.3333333333333,2676.1902549548863,0.08,0.5005778116169022,-0.1867001010679259,0.14950196845437003,0.39508143289360464
D13,hard,30,370.0,2863.0941555978798,0.0,0.4567842790421901,0.0,0.12836248676493445,0.39508143289360464
D13,nohealth,30,281.6666666666667,2378.464739469935,0.22,0.4894239327509795,-0.4123690022252551,0.11833387617408819,0.8582458475707668
D14,full,1,350.6666666666667,3231.142681930565,0.52,0.4602130210893669,-0.35290930437597084,0.09676302222137578,0.7539975852982856
D14,hard,1,603.3333333333333,5897.104106559135,0.0,0.6185331288352216,0.0,0.14002352729699896,0.33736652892105395
D14,nohealth,1,323.3333333333333,2936.3829830735453,0.48,0.44052751724447514,-0.35298885544774644,0.09402765033607985,0.746410920623704
D14,full,2,512.3333333333334,4642.461567993487,0.66,0.2716793541370972,-0.29680754882463223,0.2012380938302426,0.344479135840777
D14,hard,2,1406.0,16030.407078375105,0.0,0.8487550724530242,0.0,0.2224937824744978,0.3332705929508417
D14,nohealth,2,333.66666666666663,3098.793885478136,0.74,0.18716479044925882,-0.3640596951317762,0.20221717110241955,0.7433979538888343
D14,full,3,706.0000000000001,4740.411821878076,0.1,0.6457071227578168,-0.06238515827142119,0.12578533407636372,0.3304679274121517
D14,hard,3,557.0,4246.28071044317,0.0,0.7009784367350178,0.0,0.1349809427209292,0.3304679274121517
D14,nohealth,3,317.66666666666663,2735.5845121267075,0.4,0.4260767329606123,-0.31650975720925834,0.09097912281401643,0.7405027556707973
D14,full,4,635.3333333333334,4919.254977413422,0.02,0.460594748860236,-0.1000883811788383,0.22639066436862965,0.31291517997697577
D14,hard,4,424.0,3807.243789210059,0.0,0.5122349382541573,0.0,0.23984023198722904,0.31291517997697577
D14,nohealth,4,388.0,2929.79880039294,0.26,0.3816203418458006,-0.3730202397848699,0.2235293860972335,0.763928464637788
D14,full,5,711.3333333333335,5755.951337620234,0.16,0.34937886354787206,-0.24331321441583692,0.20696024437068972,0.3974786887810742
D14,hard,5,591.3333333333334,5693.935759587056,0.0,0.6206114182952327,0.0,0.22340862239994375,0.3974786887810742
D14,nohealth,5,410.0,3293.77089786066,0.58,0.3949744881727517,-0.2879484446933884,0.1543634417865799,0.7172316163687694
D14,full,6,763.3333333333334,5717.876213953846,0.36,0.38286118671955127,-0.18530841880177484,0.23624015191363545,0.3686223122449249
D14,hard,6,962.6666666666669,10144.016833512,0.0,0.7786032657718585,0.0,0.24423598194993634,0.3686223122449249
D14,nohealth,6,412.0,3162.080899707155,0.68,0.18176991267607923,-0.2873684365092905,0.19261468357183342,0.7385839549334642
D14,full,7,336.66666666666663,3104.2853521440247,0.66,0.22180525794119488,-0.33287285348221957,0.2440682805104124,0.7508437292796993
D14,hard,7,954.6666666666666,10136.806078288591,0.0,0.7280374823693478,0.0,0.2871415316876851,0.305368315519731
D14,nohealth,7,354.3333333333333,2805.976364064776,0.72,0.23721987545253853,-0.32806680652824294,0.21098072282129166,0.7384420940063696
D14,full,8,527.3333333333334,4683.8980579448,0.02,0.43691385879622247,-0.06691494499371316,0.2256074266040805,0.35376950294304554
D14,hard,8,445.0,3945.3964714189024,0.0,0.4662033694814407,0.0,0.21015372594568527,0.35376950294304554
D14,nohealth,8,299.66666666666663,2665.001345327475,0.32,0.36889355535289603,-0.28521815888882157,0.1959279398841718,0.7500187820944075
D14,full,9,627.6666666666666,4726.508875820385,0.02,0.6337305244362188,-0.07305785565073848,0.08850158057262425,0.3774380405289428
D14,hard,9,479.66666666666663,3841.6459983103555,0.0,0.6289508006953839,0.0,0.16589880254065037,0.3774380405289428
D14,nohealth,9,307.0,2927.599904920984,0.28,0.4738056612436854,-0.30699680471265084,0.12535573380903808,0.7669817457661584
D14,full,10,639.6666666666667,4921.276238375812,0.3,0.48464153964464196,-0.19229683961719912,0.25060803072884374,0.38577932552373867
D14,hard,10,610.0,6279.470106713014,0.0,0.757393493460258,0.0,0.254680081106493,0.3691009917952615
D14,nohealth,10,337.0,2854.4872346888433,0.6,0.3886764604882853,-0.2953949941765548,0.12275724524528309,0.7430098757397022
D14,full,11,326.6666666666667,2953.8086748614023,0.6,0.32701390491422777,-0.29507652607663537,0.1849751890039738,0.7418883518920881
D14,hard,11,742.6666666666667,7356.438878034201,0.0,0.7041939732326503,0.0,0.23394672426538687,0.38321828583424916
D14,nohealth,11,371.3333333333333,3018.1203642155606,0.6,0.3537172940227524,-0.28049310776688896,0.17013332838770867,0.7192492139568284
D14,full,12,722.6666666666666,6217.618736539185,0.16,0.591271348031819,-0.18843546161237223,0.09928575413122187,0.3556335536421309
D14,hard,12,690.0,7407.829632706784,0.0,0.7133134569606552,0.0,0.10498913930976073,0.3556335536421309
D14,nohealth,12,293.6666666666667,3113.533784604438,0.62,0.32868934427099505,-0.3565600510129882,0.05140700583901692,0.7363670436333062
D14,full,13,722.3333333333334,4990.799233300368,0.08,0.48637026415749274,-0.15316413414537491,0.24156373742950066,0.3326532858142075
D14,hard,13,494.33333333333337,4801.58650497956,0.0,0.5832446787661953,0.0,0.2504861739124602,0.3326532858142075
D14,nohealth,13,329.6666666666667,2998.161414489088,0.42,0.4000452950369091,-0.3488200547220426,0.145687513047695,0.7455817318720193
D14,full,14,469.33333333333337,3633.161411466514,0.0,0.2629733637976739,0.0,0.13473993389199812,0.44340316020107184
D14,hard,14,365.6666666666667,2929.4457849515115,0.0,0.34395120445930916,0.0,0.167335795927391,0.44340316020107184
D14,nohealth,14,343.66666666666663,2523.4341957818187,0.2,0.33560683819758097,-0.3100682702298881,0.14719143655964273,0.765090052007469
D14,full,15,594.0000000000001,4344.231535071725,0.02,0.5394385262850776,-0.09031829159536264,0.22007024028845268,0.3770446367191773
D14,hard,15,418.33333333333337,3560.042193176468,0.0,0.5056023411650845,0.0,0.2213776247589465,0.3770446367191773
D14,nohealth,15,291.6666666666667,2571.632646934674,0.32,0.492009955705508,-0.2889522524577674,0.17384328780429592,0.7432157627056262
D14,full,16,470.0,3280.767058265539,0.02,0.32011164290032434,-0.3652294420123715,0.23635136165902726,0.7396918435433307
D14,hard,16,337.0,2788.902228370499,0.0,0.39977586024634215,0.0,0.22050656125468926,0.3744624015309592
D14,nohealth,16,295.66666666666663,2726.285645053661,0.1,0.3364268697058408,-0.3799643819889672,0.23209560495582193,0.7544267835199264
D14,full,17,472.3333333333333,4201.461541922202,0.12,0.5755819556457582,-0.04420081425041378,0.21817812608847054,0.48587064865182744
D14,hard,17,437.6666666666667,4111.194533436098,0.0,0.6425525723195713,0.0,0.21332564144070143,0.48587064865182744
D14,nohealth,17,349.0,2704.700415023701,0.4,0.35962848774642797,-0.234375099087972,0.18758182470439433,0.7488099405597034
D14,full,18,488.0,4210.658676670744,0.26,0.467097164945838,-0.17140850942849664,0.26660655592505733,0.30815374471785045
D14,hard,18,579.3333333333334,5652.754742783203,0.0,0.7210966102320147,0.0,0.2754646445000364,0.30815374471785045
D14,nohealth,18,388.99999999999994,3137.91375499388,0.5,0.2978123020104,-0.32693016374881917,0.2537624962017191,0.7183199166144
D14,full,19,753.6666666666666,5111.990081679688,0.06,0.45043662415311814,-0.1514156274676536,0.20021718851113834,0.32891379403208776
D14,hard,19,475.3333333333333,4575.617350264151,0.0,0.576732097704719,0.0,0.2203829265977284,0.32891379403208776
D14,nohealth,19,318.33333333333337,2777.529110759294,0.42,0.3621612492663502,-0.36186816327419513,0.1684631874947109,0.7550539092247956
D14,full,20,698.6666666666667,4799.1700152914145,0.1,0.46545631245755414,-0.202009834430841,0.22201617210023028,0.48607668014171
D14,hard,20,470.6666666666667,4380.851913831055,0.0,0.6520208694236262,0.0,0.23038820932228377,0.35424746355668935
D14,nohealth,20,352.6666666666667,3114.883266373545,0.46,0.40964917749207164,-0.2862732787172847,0.1657563958231213,0.7276425900526987
D14,full,21,690.3333333333334,5800.442223568022,0.22,0.3186783679987846,-0.29011961900990074,0.22540001516298303,0.38830149859873647
D14,hard,21,706.3333333333333,6900.149167691258,0.0,0.7156500440481017,0.0,0.22527327233167138,0.31815856488737027
D14,nohealth,21,318.66666666666663,2897.747582330049,0.6,0.28227285480859954,-0.3337949087893716,0.19369755483199957,0.7436724639341978
D14,full,22,482.6666666666667,3959.393598160485,0.02,0.4534611545494076,-0.07113320174140764,0.2234958629989533,0.35313950136892125
D14,hard,22,416.66666666666674,3596.537765780843,0.0,0.5003216910814117,0.0,0.2369352402852105,0.35313950136892125
D14,nohealth,22,342.6666666666667,2630.9217715860123,0.32,0.3584966272859942,-0.35893016665832705,0.19088900253051122,0.7599326172116528
D14,full,23,727.0000000000001,5572.134928501801,0.1,0.5622510738970485,-0.10834932993412465,0.23707796486376542,0.34825945167242234
D14,hard,23,588.0,5798.295083783453,0.0,0.7511015571082211,0.0,0.21822610789601882,0.34825945167242234
D14,nohealth,23,300.0,3123.147442173091,0.52,0.32460429888429276,-0.31007791432781034,0.1843965437768713,0.7320184505026008
D14,full,24,418.00000000000006,3607.533840235915,0.5,0.5068070316331363,-0.2731491058725976,0.0376409874643322,0.3114411477067004
D14,hard,24,747.3333333333333,6870.744358611576,0.0,0.7589145548940492,0.0,0.07533207978124257,0.3114411477067004
D14,nohealth,24,330.66666666666663,2946.2589235420637,0.58,0.39675055337443577,-0.34147590814624595,0.011762369428226838,0.7530666937485067
D14,full,25,542.3333333333334,4215.240533384095,0.28,0.4624151453952028,-0.12237243906969986,0.2357173090258774,0.33933236306137127
D14,hard,25,558.3333333333334,5392.056940633772,0.0,0.7275777030631165,0.0,0.26925301088663445,0.33933236306137127
D14,nohealth,25,419.66666666666674,3071.9634112206636,0.42,0.2762634038377283,-0.3139351731998888,0.2224155386934349,0.762039706462186
D14,full,26,489.66666666666663,4000.7391893772055,0.12,0.49560391531490944,-0.17614844146052827,0.26951595500493386,0.31756870651411206
D14,hard,26,494.0,4181.800756656788,0.0,0.6249447254606064,0.0,0.2554442698757735,0.31756870651411206
D14,nohealth,26,325.33333333333337,2819.29836113958,0.42,0.36603077246610316,-0.39046581724579416,0.1969988652138953,0.7430875352314281
D14,full,27,561.6666666666666,4546.866612301496,0.0,0.46067432053843493,0.0,0.20342082092503488,0.34685187903458786
D14,hard,27,424.6666666666667,3820.1266716396062,0.0,0.47448022869475803,0.0,0.23387906190335128,0.34685187903458786
D14,nohealth,27,353.66666666666674,3083.9761817151657,0.26,0.38056585304288526,-0.41063791853637416,0.19636451298739188,0.7757185743998457
D14,full,28,505.6666666666667,4392.134323146904,0.18,0.516165380324787,-0.11535277355646048,0.11897767997916397,0.35235442692026164
D14,hard,28,489.0000000000001,5027.377920214177,0.0,0.6970101513666562,0.0,0.13319742581322058,0.35235442692026164
D14,nohealth,28,387.0,2953.6378706361825,0.4,0.4070023112826353,-0.28286603421182877,0.09727845987981287,0.7358237013353938
D14,full,29,577.6666666666667,4168.095063471828,0.14,0.2677465798017915,-0.16913865031796796,0.19450668103359825,0.3289583632499094
D14,hard,29,515.0,4361.845994078242,0.0,0.49753977337243427,0.0,0.21287653806505713,0.3289583632499094
D14,nohealth,29,283.0,2540.576486778587,0.42,0.3319715664719638,-0.26035999229860785,0.15941451827070818,0.75186225059866
D14,full,30,336.3333333333333,2676.1902549548863,0.08,0.5084709463065555,-0.1560311279998432,0.23962562102719742,0.39508143289360464
D14,hard,30,370.0,2863.0941555978798,0.0,0.5429657749077708,0.0,0.20739686608764818,0.39508143289360464
D14,nohealth,30,281.6666666666667,2378.464739469935,0.22,0.4594883072566809,-0.3394258275734839,0.19210228874277957,0.7853972584139096
D15,full,1,350.6666666666667,3231.142681930565,0.52,0.3358884300913154,-0.5113822019051871,-0.062926093507233,0.9226113232667622
D15,hard,1,603.3333333333333,5897.104106559135,0.0,0.5880618269419822,0.0,0.0,0.33736652892105395
D15,nohealth,1,323.3333333333333,2936.3829830735453,0.48,0.3354072637273542,-0.5107596063105225,-0.06324434335720053,0.9221368806011434
D15,full,2,512.3333333333334,4642.461567993487,0.66,0.2919517396235809,-0.4036265864281663,0.004558690712796576,0.344479135840777
D15,hard,2,1406.0,16030.407078375105,0.0,0.8809492412916595,0.0,0.013279019855104157,0.3332705929508417
D15,nohealth,2,333.66666666666663,3098.793885478136,0.74,0.20836144977146676,-0.5055844606401455,0.0034083753337256217,0.9105497280712492
D15,full,3,706.0000000000001,4740.411821878076,0.1,0.48662874384458843,-0.09432379914013025,0.0,0.3304679274121517
D15,hard,3,557.0,4246.28071044317,0.0,0.5319360048142432,0.0,0.0,0.3304679274121517
D15,nohealth,3,317.66666666666663,2735.5845121267075,0.4,0.32051840168502865,-0.47696193456237224,-0.06949286406343891,0.9214041025594273
D15,full,4,635.3333333333334,4919.254977413422,0.02,0.5160629818823925,-0.10500255831570642,0.06260026669390506,0.31291517997697577
D15,hard,4,424.0,3807.243789210059,0.0,0.5758207510172058,0.0,0.06414798276709821,0.31291517997697577
D15,nohealth,4,388.0,2929.79880039294,0.26,0.45989781542701524,-0.5166453219539714,0.06019175247664754,0.9194964422239741
D15,full,5,711.3333333333335,5755.951337620234,0.16,0.49348908549486614,-0.2819803286146386,0.007362772026083042,0.3974786887810742
D15,hard,5,591.3333333333334,5693.935759587056,0.0,0.7463050848537789,0.0,0.008987219910169153,0.3974786887810742
D15,nohealth,5,410.0,3293.77089786066,0.58,0.42401387451424766,-0.46165489503865764,-0.007841504101277041,0.9192330109624426
D15,full,6,763.3333333333334,5717.876213953846,0.36,0.3420108337243406,-0.25594671828495386,0.021729806006827057,0.3686223122449249
D15,hard,6,962.6666666666669,10144.016833512,0.0,0.7880011215047869,0.0,0.02545552543417584,0.3686223122449249
D15,nohealth,6,412.0,3162.080899707155,0.68,0.20963380539060927,-0.4387242382047602,0.015777133129996845,0.9123202241734379
D15,full,7,336.66666666666663,3104.2853521440247,0.66,0.3311772020385264,-0.488994703163145,0.06540021008799035,0.9209887058566452
D15,hard,7,954.6666666666666,10136.806078288591,0.0,0.7405473332177175,0.0,0.07427161458602405,0.305368315519731
D15,nohealth,7,354.3333333333333,2805.976364064776,0.72,0.3334891330745222,-0.48709631999258335,0.06035610554051074,0.9160573157067151
D15,full,8,527.3333333333334,4683.8980579448,0.02,0.48805249793107874,-0.06655326676651212,0.027642772758644574,0.35376950294304554
D15,hard,8,445.0,3945.3964714189024,0.0,0.5752088995447382,0.0,0.025338991086624296,0.35376950294304554
D15,nohealth,8,299.66666666666663,2665.001345327475,0.32,0.4125733722213365,-0.4433939084706813,0.02329408972587277,0.9217357024382307
D15,full,9,627.6666666666666,4726.508875820385,0.02,0.3775269949868454,-0.07473642469327942,0.0,0.3774380405289428
D15,hard,9,479.66666666666663,3841.6459983103555,0.0,0.4688888567457412,0.0,0.0,0.3774380405289428
D15,nohealth,9,307.0,2927.599904920984,0.28,0.35804698226538156,-0.4529933425805224,-0.03520815383554898,0.9210897071139993
D15,full,10,639.6666666666667,4921.276238375812,0.3,0.434099244654619,-0.2472203215308424,0.05162761280041328,0.38577932552373867
D15,hard,10,610.0,6279.470106713014,0.0,0.7224141275287623,0.0,0.0522350577261691,0.3691009917952615
D15,nohealth,10,337.0,2854.4872346888433,0.6,0.30051736701619336,-0.4439247968336268,0.0339409357479179,0.9175416305659992
D15,full,11,326.6666666666667,2953.8086748614023,0.6,0.37183320963707267,-0.4415335680115529,0.028056357080684213,0.9156680595227673
D15,hard,11,742.6666666666667,7356.438878034201,0.0,0.7672368759203037,0.0,0.03537172695033075,0.38321828583424916
D15,nohealth,11,371.3333333333333,3018.1203642155606,0.6,0.37412522491960387,-0.44127910866050274,0.02150067594123417,0.9195635188738838
D15,full,12,722.6666666666666,6217.618736539185,0.16,0.4962937652230879,-0.22933066625291113,0.0,0.3556335536421309
D15,hard,12,690.0,7407.829632706784,0.0,0.6973427298700625,0.0,0.0,0.3556335536421309
D15,nohealth,12,293.6666666666667,3113.533784604438,0.62,0.24337370785355095,-0.5167655378241715,-0.1114063839878564,0.9200596976149857
D15,full,13,722.3333333333334,4990.799233300368,0.08,0.48123348321216874,-0.17531993124863907,0.04134577131178818,0.3326532858142075
D15,hard,13,494.33333333333337,4801.58650497956,0.0,0.6093665802990142,0.0,0.042756706882255746,0.3326532858142075
D15,nohealth,13,329.6666666666667,2998.161414489088,0.42,0.3700607408880676,-0.5129766874871081,0.029700358970540908,0.9199543611430331
D15,full,14,469.33333333333337,3633.161411466514,0.0,0.478407213625315,0.0,0.0,0.44340316020107184
D15,hard,14,365.6666666666667,2929.4457849515115,0.0,0.48117209533296124,0.0,0.0,0.44340316020107184
D15,nohealth,14,343.66666666666663,2523.4341957818187,0.2,0.352152801713727,-0.44287548800473053,-0.02625527757018642,0.9227769441761815
D15,full,15,594.0000000000001,4344.231535071725,0.02,0.501075650826404,-0.0970188730983927,0.02263500307514066,0.3770446367191773
D15,hard,15,418.33333333333337,3560.042193176468,0.0,0.5087114461209872,0.0,0.020809460128142887,0.3770446367191773
D15,nohealth,15,291.6666666666667,2571.632646934674,0.32,0.46800252648913654,-0.44676364190319373,0.015521536403688363,0.9215746417851762
D15,full,16,470.0,3280.767058265539,0.02,0.5223695924856595,-0.36836923188064863,0.05897751086618286,0.7428316334116079
D15,hard,16,337.0,2788.902228370499,0.0,0.5737593819722255,0.0,0.05743213513568268,0.3744624015309592
D15,nohealth,16,295.66666666666663,2726.285645053661,0.1,0.5682920081123575,-0.5480812862987456,0.05838633477086952,0.9225436878297049
D15,full,17,472.3333333333333,4201.461541922202,0.12,0.5076062380276058,-0.08166819606854481,0.022239850566924457,0.48587064865182744
D15,hard,17,437.6666666666667,4111.194533436098,0.0,0.5655217041256015,0.0,0.02190756345465983,0.48587064865182744
D15,nohealth,17,349.0,2704.700415023701,0.4,0.29995853188456634,-0.3799587612523241,0.01838989238957467,0.9205149716810902
D15,full,18,488.0,4210.658676670744,0.26,0.44996693221525774,-0.25394427502894246,0.07093073482872925,0.30815374471785045
D15,hard,18,579.3333333333334,5652.754742783203,0.0,0.6472411033274952,0.0,0.07220296748708066,0.30815374471785045
D15,nohealth,18,388.99999999999994,3137.91375499388,0.5,0.32098222030418144,-0.4835199642367355,0.06854466911772483,0.9193963484796459
D15,full,19,753.6666666666666,5111.990081679688,0.06,0.5975517437505138,-0.1647525932896292,0.021741842587311155,0.32891379403208776
D15,hard,19,475.3333333333333,4575.617350264151,0.0,0.7214837659012889,0.0,0.023652292330798352,0.32891379403208776
D15,nohealth,19,318.33333333333337,2777.529110759294,0.42,0.4713281103041944,-0.5130267927460805,0.017487228293895374,0.9210151260221436
D15,full,20,698.6666666666667,4799.1700152914145,0.1,0.4545148457088659,-0.22247778109445615,0.02878617930909344,0.48607668014171
D15,hard,20,470.6666666666667,4380.851913831055,0.0,0.6627764887634446,0.0,0.029167989424282448,0.35424746355668935
D15,nohealth,20,352.6666666666667,3114.883266373545,0.46,0.41552761246054915,-0.4622095826263522,0.01216723413301568,0.9204100530691243
D15,full,21,690.3333333333334,5800.442223568022,0.22,0.4064056932336495,-0.33961740303752636,0.02720860508611811,0.38830149859873647
D15,hard,21,706.3333333333333,6900.149167691258,0.0,0.8018383198047061,0.0,0.026903634113479846,0.31815856488737027
D15,nohealth,21,318.66666666666663,2897.747582330049,0.6,0.33320573164478784,-0.49033425561418914,0.021209950336130712,0.9206630331065775
D15,full,22,482.6666666666667,3959.393598160485,0.02,0.44104847348938137,-0.07032993923027565,0.044387891597380325,0.35313950136892125
D15,hard,22,416.66666666666674,3596.537765780843,0.0,0.5294132005909884,0.0,0.04526814961291681,0.35313950136892125
D15,nohealth,22,342.6666666666667,2630.9217715860123,0.32,0.36462674239341153,-0.5186225457816306,0.04018295356539214,0.9229305411243562
D15,full,23,727.0000000000001,5572.134928501801,0.1,0.4968694804661493,-0.144385689806689,0.02077692479888238,0.34825945167242234
D15,hard,23,588.0,5798.295083783453,0.0,0.652947487403581,0.0,0.017133148755325234,0.34825945167242234
D15,nohealth,23,300.0,3123.147442173091,0.52,0.29249934774105224,-0.48336585469415994,0.01219897803976333,0.9200268793179104
D15,full,24,418.00000000000006,3607.533840235915,0.5,0.2986488743632514,-0.38057048348269484,0.0,0.3114411477067004
D15,hard,24,747.3333333333333,6870.744358611576,0.0,0.644310532915392,0.0,0.0,0.3114411477067004
D15,nohealth,24,330.66666666666663,2946.2589235420637,0.58,0.2318324035987851,-0.4862782864920598,-0.16291597948463554,0.8917554863477293
D15,full,25,542.3333333333334,4215.240533384095,0.28,0.5353701654657255,-0.17669149347975258,0.05388369293307227,0.33933236306137127
D15,hard,25,558.3333333333334,5392.056940633772,0.0,0.715832088715642,0.0,0.05719700880395706,0.33933236306137127
D15,nohealth,25,419.66666666666674,3071.9634112206636,0.42,0.3943536309576443,-0.43734039961392385,0.050891165306310104,0.8822637153863223
D15,full,26,489.66666666666663,4000.7391893772055,0.12,0.5870240711234649,-0.19726279866294955,0.07440739793523354,0.31756870651411206
D15,hard,26,494.0,4181.800756656788,0.0,0.6247556713640312,0.0,0.07188470917931866,0.31756870651411206
D15,nohealth,26,325.33333333333337,2819.29836113958,0.42,0.46952620576873527,-0.5430961264228622,0.05986997121779525,0.9185739961430384
D15,full,27,561.6666666666666,4546.866612301496,0.0,0.6843715149415528,0.0,0.02505637550804818,0.34685187903458786
D15,hard,27,424.6666666666667,3820.1266716396062,0.0,0.6773522326057786,0.0,0.028344901314787063,0.34685187903458786
D15,nohealth,27,353.66666666666674,3083.9761817151657,0.26,0.533088227611813,-0.5318642726701295,0.010979909970503798,0.9137168177403961
D15,full,28,505.6666666666667,4392.134323146904,0.18,0.41108509222339373,-0.17871179041887258,0.0,0.35235442692026164
D15,hard,28,489.0000000000001,5027.377920214177,0.0,0.5446837541634355,0.0,0.0,0.35235442692026164
D15,nohealth,28,387.0,2953.6378706361825,0.4,0.29916878179075357,-0.43915997507494564,-0.06625880992502164,0.9210986211440733
D15,full,29,577.6666666666667,4168.095063471828,0.14,0.5570185828254643,-0.20405390172106858,0.016720035725343196,0.3289583632499094
D15,hard,29,515.0,4361.845994078242,0.0,0.6553386151777714,0.0,0.019011614928335363,0.3289583632499094
D15,nohealth,29,283.0,2540.576486778587,0.42,0.517751159811908,-0.4216066415946578,0.01249661430596627,0.9206102183159474
D15,full,30,336.3333333333333,2676.1902549548863,0.08,0.4467393996426412,-0.2110946589893255,0.05646894090513921,0.39508143289360464
D15,hard,30,370.0,2863.0941555978798,0.0,0.4648128950346344,0.0,0.052483283080718035,0.39508143289360464
D15,nohealth,30,281.6666666666667,2378.464739469935,0.22,0.42354119458717165,-0.478424909452865,0.05075042329423496,0.924211671162711
D16,full,1,350.6666666666667,3231.142681930565,0.52,0.28910024796919487,-0.2835272726073085,0.16658971510409737,0.6806936897471333
D16,hard,1,603.3333333333333,5897.104106559135,0.0,0.5553260923537557,0.0,0.2245991675760316,0.33736652892105395
D16,nohealth,1,323.3333333333333,2936.3829830735453,0.48,0.29200363802084817,-0.2839182715276706,0.16289571878796794,0.6703287786565764
D16,full,2,512.3333333333334,4642.461567993487,0.66,0.25535636677574125,-0.24893511855230807,0.2856219363748178,0.344479135840777
D16,hard,2,1406.0,16030.407078375105,0.0,0.8311095320612625,0.0,0.31259121154344816,0.3332705929508417
D16,nohealth,2,333.66666666666663,3098.793885478136,0.74,0.1445029946059755,-0.3014077187827992,0.2872512499843384,0.6662891028577155
D16,full,3,706.0000000000001,4740.411821878076,0.1,0.5330362297597693,-0.04803321549774131,0.20797245576698153,0.3304679274121517
D16,hard,3,557.0,4246.28071044317,0.0,0.5874277972864701,0.0,0.2200271488468737,0.3304679274121517
D16,nohealth,3,317.66666666666663,2735.5845121267075,0.4,0.47931762425462776,-0.24643229176599366,0.16106035841449973,0.6623319204896225
D16,full,4,635.3333333333334,4919.254977413422,0.02,0.3620809200156423,-0.09626384076339116,0.30062421943068784,0.31291517997697577
D16,hard,4,424.0,3807.243789210059,0.0,0.5162474637552161,0.0,0.3159398774368801,0.31291517997697577
D16,nohealth,4,388.0,2929.79880039294,0.26,0.2842304701590439,-0.30952528407204905,0.3033589791483208,0.6946173809266905
D16,full,5,711.3333333333335,5755.951337620234,0.16,0.24387212085658594,-0.2234876463853789,0.2925546157083493,0.3974786887810742
D16,hard,5,591.3333333333334,5693.935759587056,0.0,0.5770283646493441,0.0,0.3147411756369959,0.3974786887810742
D16,nohealth,5,410.0,3293.77089786066,0.58,0.2715405006074789,-0.2126850138602892,0.22514720542246092,0.6308808232268132
D16,full,6,763.3333333333334,5717.876213953846,0.36,0.5133302556665833,-0.15285457795140878,0.3275618679722675,0.3686223122449249
D16,hard,6,962.6666666666669,10144.016833512,0.0,0.8939883636680162,0.0,0.33759251521979705,0.3686223122449249
D16,nohealth,6,412.0,3162.080899707155,0.68,0.22649766414575145,-0.22086430093103232,0.2691276227637144,0.6596885247869896
D16,full,7,336.66666666666663,3104.2853521440247,0.66,0.2132763864814884,-0.26444060096051275,0.32170396316771643,0.6761817994265843
D16,hard,7,954.6666666666666,10136.806078288591,0.0,0.7200926046428793,0.0,0.3786568174970173,0.305368315519731
D16,nohealth,7,354.3333333333333,2805.976364064776,0.72,0.2211274964085268,-0.25856041266156565,0.2772019362184386,0.659772589049207
D16,full,8,527.3333333333334,4683.8980579448,0.02,0.4360612374785926,-0.06564899810511993,0.31041923379753533,0.35376950294304554
D16,hard,8,445.0,3945.3964714189024,0.0,0.5316494277033079,0.0,0.2897660185116282,0.35376950294304554
D16,nohealth,8,299.66666666666663,2665.001345327475,0.32,0.31598503463280725,-0.21602274112596564,0.2707031689296806,0.6755435071030323
D16,full,9,627.6666666666666,4726.508875820385,0.02,0.38900657432266716,-0.0708452690929962,0.17387332810713918,0.3774380405289428
D16,hard,9,479.66666666666663,3841.6459983103555,0.0,0.4875451803607307,0.0,0.2500877882779622,0.3774380405289428
D16,nohealth,9,307.0,2927.599904920984,0.28,0.415510505004286,-0.24257270130634798,0.1955151450963356,0.6990323652928964
D16,full,10,639.6666666666667,4921.276238375812,0.3,0.4950273763133515,-0.16641328280188725,0.3359498165977971,0.38577932552373867
D16,hard,10,610.0,6279.470106713014,0.0,0.7371189678562555,0.0,0.3413896927486638,0.3691009917952615
D16,nohealth,10,337.0,2854.4872346888433,0.6,0.34401982310865,-0.2300063368080926,0.16446097058773923,0.6656464023743554
D16,full,11,326.6666666666667,2953.8086748614023,0.6,0.28126189747239483,-0.2304484923861265,0.2624274155940003,0.6642738284077935
D16,hard,11,742.6666666666667,7356.438878034201,0.0,0.6644132460296437,0.0,0.31919172604487656,0.38321828583424916
D16,nohealth,11,371.3333333333333,3018.1203642155606,0.6,0.2946252276354382,-0.21028738829639967,0.25172090482924037,0.6336193528465628
D16,full,12,722.6666666666666,6217.618736539185,0.16,0.5639612807952499,-0.16894783201310784,0.18638066680750964,0.3556335536421309
D16,hard,12,690.0,7407.829632706784,0.0,0.7122269347444037,0.0,0.1941492478013207,0.3556335536421309
D16,nohealth,12,293.6666666666667,3113.533784604438,0.62,0.31228342860392266,-0.2865891463200225,0.12238637175355527,0.6571523678774756
D16,full,13,722.3333333333334,4990.799233300368,0.08,0.495243463383491,-0.14168381604406066,0.32724064879343917,0.3326532858142075
D16,hard,13,494.33333333333337,4801.58650497956,0.0,0.6539806226641132,0.0,0.3391405001063722,0.3326532858142075
D16,nohealth,13,329.6666666666667,2998.161414489088,0.42,0.34945318819582116,-0.27730864969692076,0.1983512896803128,0.6692935940997634
D16,full,14,469.33333333333337,3633.161411466514,0.0,0.46344917160442245,0.0,0.2055161835972369,0.44340316020107184
D16,hard,14,365.6666666666667,2929.4457849515115,0.0,0.48892223101504606,0.0,0.24937266791642299,0.44340316020107184
D16,nohealth,14,343.66666666666663,2523.4341957818187,0.2,0.341247896530124,-0.25077984596576497,0.22229318486700467,0.6961140720549134
D16,full,15,594.0000000000001,4344.231535071725,0.02,0.39287084374153247,-0.08581570899752729,0.3048368710420253,0.3770446367191773
D16,hard,15,418.33333333333337,3560.042193176468,0.0,0.4190403671537022,0.0,0.307093377082561,0.3770446367191773
D16,nohealth,15,291.6666666666667,2571.632646934674,0.32,0.2756195864344342,-0.2199179642355723,0.24309395187432936,0.6661636012970777
D16,full,16,470.0,3280.767058265539,0.02,0.4339583118357133,-0.358972337175939,0.31306186369888267,0.7334347387068982
D16,hard,16,337.0,2788.902228370499,0.0,0.41919322897192957,0.0,0.29168561875176036,0.3744624015309592
D16,nohealth,16,295.66666666666663,2726.285645053661,0.1,0.36270219168971707,-0.30686078607477163,0.30736260204692634,0.6813231876057309
D16,full,17,472.3333333333333,4201.461541922202,0.12,0.5755066584594919,-0.027688475579882382,0.30215598916239195,0.48587064865182744
D16,hard,17,437.6666666666667,4111.194533436098,0.0,0.5995394896124864,0.0,0.29557424178787606,0.48587064865182744
D16,nohealth,17,349.0,2704.700415023701,0.4,0.4016863902219632,-0.17011956535510536,0.2610731478727345,0.6734527644920179
D16,full,18,488.0,4210.658676670744,0.26,0.4873229872343887,-0.13469198961391587,0.35058735003033736,0.30815374471785045
D16,hard,18,579.3333333333334,5652.754742783203,0.0,0.7296249444207512,0.0,0.3624335928029544,0.30815374471785045
D16,nohealth,18,388.99999999999994,3137.91375499388,0.5,0.33816809848482765,-0.25837909834017575,0.33354764544098436,0.6323897101667681
D16,full,19,753.6666666666666,5111.990081679688,0.06,0.4255662636343429,-0.1435038519046823,0.2774664546399911,0.32891379403208776
D16,hard,19,475.3333333333333,4575.617350264151,0.0,0.5716241848691324,0.0,0.30468715795513046,0.32891379403208776
D16,nohealth,19,318.33333333333337,2777.529110759294,0.42,0.2731321371605093,-0.29537779502250927,0.2348960157006198,0.6819591286470822
D16,full,20,698.6666666666667,4799.1700152914145,0.1,0.3657337578582607,-0.19037573786085168,0.30504514985641606,0.48607668014171
D16,hard,20,470.6666666666667,4380.851913831055,0.0,0.604772572742647,0.0,0.3164513511613891,0.35424746355668935
D16,nohealth,20,352.6666666666667,3114.883266373545,0.46,0.3173842737977679,-0.2101535632065344,0.23887680654390164,0.6449324840740872
D16,full,21,690.3333333333334,5800.442223568022,0.22,0.2591102580739215,-0.2654644518537546,0.3105560072274526,0.38830149859873647
D16,hard,21,706.3333333333333,6900.149167691258,0.0,0.7235352020084445,0.0,0.3104602265815605,0.31815856488737027
D16,nohealth,21,318.66666666666663,2897.747582330049,0.6,0.24033999740679457,-0.26524364878886375,0.26851735326340154,0.6665953986186055
D16,full,22,482.6666666666667,3959.393598160485,0.02,0.5306935536319286,-0.0702738681408991,0.3009675101839948,0.35313950136892125
D16,hard,22,416.66666666666674,3596.537765780843,0.0,0.6458724564003595,0.0,0.3192064113434886,0.35313950136892125
D16,nohealth,22,342.6666666666667,2630.9217715860123,0.32,0.3782011274516415,-0.28911033844244355,0.25722176321600776,0.688590683340894
D16,full,23,727.0000000000001,5572.134928501801,0.1,0.6005078999832245,-0.09173372791508894,0.3292850885157652,0.34825945167242234
D16,hard,23,588.0,5798.295083783453,0.0,0.6953677847181661,0.0,0.3043142905923937,0.34825945167242234
D16,nohealth,23,300.0,3123.147442173091,0.52,0.3343126116195594,-0.23498926544697119,0.2590673300751549,0.6512462454388998
D16,full,24,418.00000000000006,3607.533840235915,0.5,0.4857630681083549,-0.2250698758180826,0.12221419564997926,0.3114411477067004
D16,hard,24,747.3333333333333,6870.744358611576,0.0,0.7151683634720871,0.0,0.17275587119957858,0.3114411477067004
D16,nohealth,24,330.66666666666663,2946.2589235420637,0.58,0.44774726250630925,-0.27757102611155243,0.08742357597949846,0.6792940313264512
D16,full,25,542.3333333333334,4215.240533384095,0.28,0.4469370474301311,-0.09766891859922532,0.31435948143484405,0.33933236306137127
D16,hard,25,558.3333333333334,5392.056940633772,0.0,0.6534673410032368,0.0,0.35959405226286856,0.33933236306137127
D16,nohealth,25,419.66666666666674,3071.9634112206636,0.42,0.27801373939360774,-0.2585611312177951,0.2968388240295815,0.691823945272078
D16,full,26,489.66666666666663,4000.7391893772055,0.12,0.36707092531947993,-0.16489192126979554,0.35325417469350606,0.31756870651411206
D16,hard,26,494.0,4181.800756656788,0.0,0.5421608166155489,0.0,0.33456246739367723,0.31756870651411206
D16,nohealth,26,325.33333333333337,2819.29836113958,0.42,0.316092049374763,-0.323436982911716,0.2708564364265722,0.66585054331294
D16,full,27,561.6666666666666,4546.866612301496,0.0,0.46541730543751636,0.0,0.2806011029598836,0.34685187903458786
D16,hard,27,424.6666666666667,3820.1266716396062,0.0,0.47931992815704794,0.0,0.3216144174354135,0.34685187903458786
D16,nohealth,27,353.66666666666674,3083.9761817151657,0.26,0.28263731280939175,-0.3559215056730271,0.27855247997307186,0.7115765136639899
D16,full,28,505.6666666666667,4392.134323146904,0.18,0.5742378814857583,-0.08692708615543884,0.20182292195019236,0.35235442692026164
D16,hard,28,489.0000000000001,5027.377920214177,0.0,0.5915010777652914,0.0,0.21525691086359322,0.35235442692026164
D16,nohealth,28,387.0,2953.6378706361825,0.4,0.4625853557156927,-0.2144118554870317,0.1728443248966638,0.6559574453218776
D16,full,29,577.6666666666667,4168.095063471828,0.14,0.1951376674453431,-0.15133317881999106,0.27143344533180835,0.3289583632499094
D16,hard,29,515.0,4361.845994078242,0.0,0.46265318938514954,0.0,0.2960932693541245,0.3289583632499094
D16,nohealth,29,283.0,2540.576486778587,0.42,0.22469316417477736,-0.18996974812406844,0.22426582298990472,0.6777849043433243
D16,full,30,336.3333333333333,2676.1902549548863,0.08,0.41494867029743454,-0.13086180553598997,0.3185978289159065,0.39508143289360464
D16,hard,30,370.0,2863.0941555978798,0.0,0.48617882870711204,0.0,0.2753127136830398,0.39508143289360464
D16,nohealth,30,281.6666666666667,2378.464739469935,0.22,0.3871991277431508,-0.2776771908403229,0.25473261832198024,0.7237297305732358
